x0,y0,z0,xd0,yd0,zd0,Tp,JC,stabilityIndex1,stabilityIndex2,alpha,beta,impactFlag,error
1.0035228977868627,0.0,-0.0000389665073537,0.0000000000000000,0.0021247347005545,0.0000000000000000,8.6537870381909947,3.0001396637506215,540.732455,2.002574,-542.7350294665832,1084.8569472304371,0,9.5e-11
1.0035228618908287,0.0,-0.0000432952206365,0.0000000000000000,0.0021247667840500,0.0000000000000000,8.6538370381909946,3.0001396620579368,540.880402,2.003178,-542.8835799160199,1085.4796372864803,0,4.4e-11
1.0035228259951632,0.0,-0.0000472286899408,0.0000000000000000,0.0021247988641728,0.0000000000000000,8.6538870381909945,3.0001396603653401,541.028348,2.003781,-543.0321288031625,1086.1024418231391,0,1.4e-10
1.0035227900998667,0.0,-0.0000508587039542,0.0000000000000000,0.0021248309409221,0.0000000000000000,8.6539370381909944,3.0001396586728299,541.176292,2.004384,-543.1806768218224,1086.7253598648531,0,3.6e-10
1.0035227542049383,0.0,-0.0000542462162600,0.0000000000000000,0.0021248630143019,0.0000000000000000,8.6539870381909942,3.0001396569804082,541.324236,2.004988,-543.3292240852383,1087.3483911936055,0,7.6e-11
1.0035227183103785,0.0,-0.0000574341516807,0.0000000000000000,0.0021248950843156,0.0000000000000000,8.6540370381909941,3.0001396552880744,541.472178,2.005591,-543.4777689848231,1087.9715381079295,0,9.1e-11
1.0035226824161900,0.0,-0.0000604540915227,0.0000000000000000,0.0021249271509532,0.0000000000000000,8.6540870381909940,3.0001396535958271,541.620120,2.006194,-543.6263133370221,1088.5947983171791,0,1.5e-10
1.0035226465223706,0.0,-0.0000633300732878,0.0000000000000000,0.0021249592142259,0.0000000000000000,8.6541370381909939,3.0001396519036678,541.768060,2.006796,-543.7748563507558,1089.2181730290467,0,3.9e-11
1.0035226106289221,0.0,-0.0000660808958039,0.0000000000000000,0.0021249912741267,0.0000000000000000,8.6541870381909956,3.0001396502115960,541.916000,2.007399,-543.9233986231560,1089.8416608092957,0,1.0e-10
1.0035225747358427,0.0,-0.0000687215904986,0.0000000000000000,0.0021250233306667,0.0000000000000000,8.6542370381909954,3.0001396485196112,542.063937,2.008002,-544.0719388664409,1090.4652636244136,0,9.6e-11
1.0035225388431364,0.0,-0.0000712644007777,0.0000000000000000,0.0021250553838340,0.0000000000000000,8.6542870381909953,3.0001396468277144,542.211874,2.008604,-544.2204784376220,1091.0889798161224,0,2.8e-10
1.0035225029508001,0.0,-0.0000737194563803,0.0000000000000000,0.0021250874336389,0.0000000000000000,8.6543370381909952,3.0001396451359046,542.359810,2.009206,-544.3690165830443,1091.7128094607906,0,2.7e-10
1.0035224670588354,0.0,-0.0000760952514277,0.0000000000000000,0.0021251194800797,0.0000000000000000,8.6543870381909951,3.0001396434441827,542.507745,2.009809,-544.5175540275916,1092.3367528274539,0,6.3e-11
1.0035224311672442,0.0,-0.0000783989919081,0.0000000000000000,0.0021251515231586,0.0000000000000000,8.6544370381909950,3.0001396417525479,542.655679,2.010411,-544.6660894936570,1092.9608115168521,0,3.1e-10
1.0035223952760224,0.0,-0.0000806368539139,0.0000000000000000,0.0021251835628730,0.0000000000000000,8.6544870381909949,3.0001396400610001,542.803611,2.011013,-544.8146242326291,1093.5849827030615,0,7.7e-11
1.0035223593851754,0.0,-0.0000828141781231,0.0000000000000000,0.0021252155992227,0.0000000000000000,8.6545370381909947,3.0001396383695398,542.951543,2.011615,-544.9631576429656,1094.2092681018403,0,2.1e-10
1.0035223234947006,0.0,-0.0000849356203974,0.0000000000000000,0.0021252476322124,0.0000000000000000,8.6545870381909946,3.0001396366781665,543.099473,2.012216,-545.1116897805819,1094.8336676279432,0,2.6e-10
1.0035222876045993,0.0,-0.0000870052684814,0.0000000000000000,0.0021252796618433,0.0000000000000000,8.6546370381909945,3.0001396349868812,543.247403,2.012818,-545.2602208785619,1095.4581802779867,0,1.8e-10
1.0035222517148710,0.0,-0.0000890267347610,0.0000000000000000,0.0021253116881150,0.0000000000000000,8.6546870381909944,3.0001396332956829,543.395331,2.013420,-545.4087508201296,1096.0828068467963,0,6.2e-11
1.0035222158255175,0.0,-0.0000910032301089,0.0000000000000000,0.0021253437110259,0.0000000000000000,8.6547370381909943,3.0001396316045721,543.543258,2.014021,-545.5572792369416,1096.7075474909216,0,2.5e-10
1.0035221799365375,0.0,-0.0000929376237429,0.0000000000000000,0.0021253757305820,0.0000000000000000,8.6547870381909942,3.0001396299135479,543.691184,2.014622,-545.7058066732176,1097.3324014801474,0,2.2e-11
1.0035221440479334,0.0,-0.0000948324921084,0.0000000000000000,0.0021254077467751,0.0000000000000000,8.6548370381909940,3.0001396282226112,543.839109,2.015224,-545.8543327019507,1097.9573695228028,0,2.6e-10
1.0035221081597037,0.0,-0.0000966901589693,0.0000000000000000,0.0021254397596155,0.0000000000000000,8.6548870381909939,3.0001396265317615,543.987033,2.015825,-546.0028578221737,1098.5824508195219,0,1.6e-10
1.0035220722718488,0.0,-0.0000985127289565,0.0000000000000000,0.0021254717690993,0.0000000000000000,8.6549370381909956,3.0001396248409993,544.134956,2.016426,-546.1513815179558,1099.2076455518254,0,1.9e-10
1.0035220363843700,0.0,-0.0001003021152774,0.0000000000000000,0.0021255037752271,0.0000000000000000,8.6549870381909955,3.0001396231503246,544.282878,2.017026,-546.2999040728117,1099.8329543733562,0,3.4e-10
1.0035220004972667,0.0,-0.0001020600633562,0.0000000000000000,0.0021255357780047,0.0000000000000000,8.6550370381909953,3.0001396214597369,544.430798,2.017627,-546.4484254056936,1100.4583765511925,0,1.5e-10
1.0035219646105402,0.0,-0.0001037881707166,0.0000000000000000,0.0021255677774254,0.0000000000000000,8.6550870381909952,3.0001396197692349,544.578718,2.018228,-546.5969453628779,1101.0839126516948,0,3.7e-10
1.0035219287241892,0.0,-0.0001054879039280,0.0000000000000000,0.0021255997734981,0.0000000000000000,8.6551370381909951,3.0001396180788218,544.726636,2.018828,-546.7454643586359,1101.7095614729915,0,1.3e-10
1.0035218928382166,0.0,-0.0001071606131792,0.0000000000000000,0.0021256317662151,0.0000000000000000,8.6551870381909950,3.0001396163884944,544.874553,2.019429,-546.8939819127976,1102.3353249224892,0,2.2e-10
1.0035218569526207,0.0,-0.0001088075448270,0.0000000000000000,0.0021256637555819,0.0000000000000000,8.6552370381909949,3.0001396146982557,545.022470,2.020029,-547.0424985480762,1102.9612007234537,0,2.2e-10
1.0035218210674026,0.0,-0.0001104298522009,0.0000000000000000,0.0021256957415995,0.0000000000000000,8.6552870381909948,3.0001396130081028,545.170385,2.020629,-547.1910137979177,1103.5871906086686,0,1.6e-10
1.0035217851825624,0.0,-0.0001120286050966,0.0000000000000000,0.0021257277242666,0.0000000000000000,8.6553370381909946,3.0001396113180370,545.318299,2.021229,-547.3395277920902,1104.2132935080444,0,3.0e-10
1.0035217492981003,0.0,-0.0001136047979590,0.0000000000000000,0.0021257597035871,0.0000000000000000,8.6553870381909945,3.0001396096280586,545.466212,2.021829,-547.4880409044222,1104.8395097281900,0,4.8e-11
1.0035211145640750,0.0,-0.0001385459926400,0.0000000000000000,0.0021263248657875,0.0000000000000000,8.6562715392769238,3.0001395797466608,548.082611,2.032424,-550.1150343778452,1115.9360232159088,0,2.8e-10
1.0035205088653447,0.0,-0.0001587236270542,0.0000000000000000,0.0021268633020537,0.0000000000000000,8.6571157360101569,3.0001395512521660,550.579464,2.042502,-552.6219663458855,1126.5598835302517,0,2.2e-10
1.0035199208823293,0.0,-0.0001761054012755,0.0000000000000000,0.0021273851788206,0.0000000000000000,8.6579353894992455,3.0001395236096315,553.003422,2.052258,-555.0556800573672,1136.9055995497329,0,8.1e-11
1.0035193438627550,0.0,-0.0001916293855358,0.0000000000000000,0.0021278965520675,0.0000000000000000,8.6587399037197681,3.0001394965001387,555.382314,2.061804,-557.4441186301469,1147.0895694216597,0,1.4e-10
1.0035187734104176,0.0,-0.0002058226246266,0.0000000000000000,0.0021284013567509,0.0000000000000000,8.6595354034554344,3.0001394697162191,557.734264,2.071216,-559.8054793536432,1157.1879224656732,0,2.5e-10
1.0035182064602886,0.0,-0.0002190134800248,0.0000000000000000,0.0021289023287012,0.0000000000000000,8.6603261609424624,3.0001394431133916,560.071906,2.080544,-562.1524495332009,1167.2540685908752,0,1.1e-10
1.0035176407588948,0.0,-0.0002314216960242,0.0000000000000000,0.0021294014720433,0.0000000000000000,8.6611153191812225,3.0001394165855890,562.404534,2.089826,-564.4943596689982,1177.3275977422891,0,1.9e-10
1.0035170745776922,0.0,-0.0002432022726037,0.0000000000000000,0.0021299003170702,0.0000000000000000,8.6619052909178986,3.0001393900516011,564.739277,2.099091,-566.8383680579863,1187.4391846969374,0,8.2e-11
1.0035165065437868,0.0,-0.0002544690504889,0.0000000000000000,0.0021304000725545,0.0000000000000000,8.6626979942848390,3.0001393634470723,567.081801,2.108362,-569.1901629673348,1197.6134822893946,0,8.5e-11
1.0035159355343064,0.0,-0.0002653083657732,0.0000000000000000,0.0021309017208052,0.0000000000000000,8.6634949998363471,3.0001393367195024,569.436741,2.117656,-571.5543966363269,1207.8709375349572,0,1.1e-10
1.0035153606074776,0.0,-0.0002757874270500,0.0000000000000000,0.0021314060796805,0.0000000000000000,8.6642976265046343,3.0001393098249878,571.807986,2.126988,-573.9349740734652,1218.2289613849134,0,7.2e-11
1.0035147809559373,0.0,-0.0002859597003049,0.0000000000000000,0.0021319138445982,0.0000000000000000,8.6651070065925833,3.0001392827260127,574.198870,2.136373,-576.3352429008374,1228.7027396603953,0,7.1e-11
1.0035141958741169,0.0,-0.0002958685057222,0.0000000000000000,0.0021324256178784,0.0000000000000000,8.6659241311952897,3.0001392553899096,576.612312,2.145819,-578.7581308799405,1239.3057794036868,0,8.6e-11
1.0035136047348299,0.0,-0.0003055494988262,0.0000000000000000,0.0021329419297923,0.0000000000000000,8.6667498828039005,3.0001392277877477,579.050904,2.155338,-581.2062420620294,1250.0503217806981,0,7.9e-11
1.0035130069720795,0.0,-0.0003150324294410,0.0000000000000000,0.0021334632540106,0.0000000000000000,8.6675850592570640,3.0001391998935221,581.516990,2.164937,-583.6819270729993,1260.9476300769020,0,9.3e-11
1.0035124020681703,0.0,-0.0003243424185068,0.0000000000000000,0.0021339900191775,0.0000000000000000,8.6684303916959742,3.0001391716835464,584.012713,2.174624,-586.1873373624619,1272.0082175054122,0,5.4e-11
1.0035117895438859,0.0,-0.0003335009039802,0.0000000000000000,0.0021345226177144,0.0000000000000000,8.6692865582684195,3.0001391431359838,586.540058,2.184407,-588.7244648373031,1283.2420143094787,0,2.2e-10
1.0035111689508660,0.0,-0.0003425263545049,0.0000000000000000,0.0021350614126471,0.0000000000000000,8.6701541947566465,3.0001391142304934,589.100885,2.194291,-591.2951755238769,1294.6584995107842,0,1.7e-10
1.0035105398656168,0.0,-0.0003514348164739,0.0000000000000000,0.0021356067429572,0.0000000000000000,8.6710339029397847,3.0001390849479423,591.696950,2.204282,-593.9012319591891,1306.2668084770557,0,1.0e-10
1.0035099018847455,0.0,-0.0003602403392989,0.0000000000000000,0.0021361589278229,0.0000000000000000,8.6719262572614682,3.0001390552701834,594.329929,2.214386,-596.5443144510014,1318.0758154549694,0,3.1e-10
1.0035092546211086,0.0,-0.0003689553104677,0.0000000000000000,0.0021367182700458,0.0000000000000000,8.6728318102100044,3.0001390251798754,597.001428,2.224608,-599.2260357224753,1330.0942029612488,0,2.3e-10
1.0035085977006855,0.0,-0.0003775907223443,0.0000000000000000,0.0021372850588112,0.0000000000000000,8.6737510967095659,3.0001389946603312,599.713003,2.234953,-601.9479558943278,1342.3305172060791,0,2.1e-10
1.0035079307599957,0.0,-0.0003861563871012,0.0000000000000000,0.0021378595719614,0.0000000000000000,8.6746846377410218,3.0001389636954006,602.466164,2.245426,-604.7115903086452,1354.7932167121035,0,2.3e-10
1.0035072534439600,0.0,-0.0003946611112790,0.0000000000000000,0.0021384420778678,0.0000000000000000,8.6756329433580923,3.0001389322693703,605.262391,2.256031,-607.5184217822057,1367.4907100915152,0,1.8e-10
1.0035065654041007,0.0,-0.0004031128390504,0.0000000000000000,0.0021390328369927,0.0000000000000000,8.6765965152225260,3.0001389003668768,608.103132,2.266772,-610.3699039081630,1380.4313945910544,0,3.3e-10
1.0035058662970258,0.0,-0.0004115187705332,0.0000000000000000,0.0021396321031931,0.0000000000000000,8.6775758487548806,3.0001388679728369,610.989818,2.277654,-613.2674725711493,1393.6236788427341,0,3.2e-10
1.0035051557831369,0.0,-0.0004198854603220,0.0000000000000000,0.0021402401248227,0.0000000000000000,8.6785714349747032,3.0001388350723897,613.923865,2.288681,-616.2125461084144,1407.0760149623966,0,3.3e-10
1.0035044335255128,0.0,-0.0004282189001616,0.0000000000000000,0.0021408571456719,0.0000000000000000,8.6795837620879066,3.0001388016508415,616.906676,2.299857,-619.2065325419192,1420.7969199730142,0,3.0e-10
1.0035036991889521,0.0,-0.0004365245886248,0.0000000000000000,0.0021414834057622,0.0000000000000000,8.6806133168676478,3.0001387676936240,619.939650,2.311185,-622.2508341944433,1434.7949939204264,0,5.0e-11
1.0035029524391379,0.0,-0.0004448075902491,0.0000000000000000,0.0021421191420301,0.0000000000000000,8.6816605858650053,3.0001387331862568,623.024180,2.322669,-625.3468491193147,1449.0789401925867,0,3.4e-10
1.0035021929418972,0.0,-0.0004530725860814,0.0000000000000000,0.0021427645889200,0.0000000000000000,8.6827260564783391,3.0001386981143097,626.161662,2.334313,-628.4959752110968,1463.6575852185197,0,2.5e-10
1.0035014203625574,0.0,-0.0004613239169419,0.0000000000000000,0.0021434199788903,0.0000000000000000,8.6838102179056396,3.0001386624633786,629.353492,2.346122,-631.6996135946141,1478.5398879354761,0,2.7e-10
1.0035006343653672,0.0,-0.0004695656207656,0.0000000000000000,0.0021440855428578,0.0000000000000000,8.6849135619986164,3.0001386262190546,632.601071,2.358097,-634.9591688561012,1493.7349607677606,0,3.1e-10
1.0034998346129833,0.0,-0.0004778014648858,0.0000000000000000,0.0021447615105807,0.0000000000000000,8.6860365840346425,3.0001385893669039,635.905809,2.370244,-638.2760534421404,1509.2520802621148,0,3.9e-10
1.0034990207660017,0.0,-0.0004860349741814,0.0000000000000000,0.0021454481110021,0.0000000000000000,8.6871797834190936,3.0001385518924484,639.269122,2.382566,-641.6516880405861,1525.1007014533097,0,3.0e-10
1.0034981924825430,0.0,-0.0004942694555626,0.0000000000000000,0.0021461455725321,0.0000000000000000,8.6883436643294125,3.0001385137811409,642.692439,2.395065,-645.0875043455479,1541.2904682486260,0,4.3e-10
1.0034973494178652,0.0,-0.0005025080194691,0.0000000000000000,0.0021468541233163,0.0000000000000000,8.6895287363095104,3.0001384750183573,646.177198,2.407747,-648.5849449607963,1557.8312315257790,0,3.4e-10
1.0034964912240150,0.0,-0.0005107535987718,0.0000000000000000,0.0021475739914573,0.0000000000000000,8.6907355148220926,3.0001384355893750,649.724852,2.420614,-652.1454660732713,1574.7330538048700,0,3.8e-10
1.0034956175495064,0.0,-0.0005190089654116,0.0000000000000000,0.0021483054052144,0.0000000000000000,8.6919645217654615,3.0001383954793601,653.336870,2.433670,-655.7705397742527,1592.0062254460645,0,3.4e-10
1.0034947280390185,0.0,-0.0005272767452002,0.0000000000000000,0.0021490485931789,0.0000000000000000,8.6932162859597124,3.0001383546733584,657.014734,2.446918,-659.4616520199277,1609.6612748406478,0,5.9e-11
1.0034938223331182,0.0,-0.0005355594308778,0.0000000000000000,0.0021498037844273,0.0000000000000000,8.6944913436074707,3.0001383131562798,660.759944,2.460362,-663.2203062271523,1627.7089816149964,0,2.7e-10
1.0034929000680026,0.0,-0.0005438593937832,0.0000000000000000,0.0021505712086543,0.0000000000000000,8.6957902387325845,3.0001382709128870,664.574018,2.474006,-667.0480241480634,1646.1603847294755,0,3.8e-10
1.0034919608752508,0.0,-0.0005521788942565,0.0000000000000000,0.0021513510962926,0.0000000000000000,8.6971135236004180,3.0001382279277919,668.458492,2.487853,-670.9463457711239,1665.0267957335745,0,3.8e-10
1.0034910043815939,0.0,-0.0005605200909568,0.0000000000000000,0.0021521436786144,0.0000000000000000,8.6984617591224609,3.0001381841854391,672.414922,2.501907,-674.9168297942643,1684.3198129182274,0,2.8e-10
1.0034900302087004,0.0,-0.0005688850491849,0.0000000000000000,0.0021529491878145,0.0000000000000000,8.6998355152479441,3.0001381396701006,676.444885,2.516171,-678.9610562322607,1704.0513275882404,0,3.5e-10
1.0034890379729604,0.0,-0.0005772757484407,0.0000000000000000,0.0021537678570988,0.0000000000000000,8.7012353713443371,3.0001380943658673,680.549976,2.530650,-683.0806256680529,1724.2335397476272,0,3.4e-10
1.0034880272852928,0.0,-0.0005856940891529,0.0000000000000000,0.0021545999207351,0.0000000000000000,8.7026619165689851,3.0001380482566424,684.731814,2.545345,-687.2771593708080,1744.8789686614182,0,2.7e-10
1.0034869977509513,0.0,-0.0005941418987980,0.0000000000000000,0.0021554456141152,0.0000000000000000,8.7041157502333188,3.0001380013261327,688.992039,2.560262,-691.5523016381202,1766.0004655468219,0,3.2e-10
1.0034859489693424,0.0,-0.0006026209374272,0.0000000000000000,0.0021563051737982,0.0000000000000000,8.7055974821611777,3.0001379535578403,693.332314,2.575405,-695.9077186494179,1787.6112251666491,0,3.4e-10
1.0034848805338461,0.0,-0.0006111329026756,0.0000000000000000,0.0021571788375466,0.0000000000000000,8.7071077330425393,3.0001379049350616,697.754325,2.590775,-700.3451003543296,1809.7247983694833,0,4.1e-10
1.0034837920316457,0.0,-0.0006196794343154,0.0000000000000000,0.0021580668443523,0.0000000000000000,8.7086471347838135,3.0001378554408746,702.259781,2.606379,-704.8661596951473,1832.3551060214522,0,3.0e-10
1.0034826830435646,0.0,-0.0006282621183633,0.0000000000000000,0.0021589694344528,0.0000000000000000,8.7102163308558236,3.0001378050581367,706.850415,2.622219,-709.4726335031444,1855.5164499454841,0,3.9e-10
1.0034815531438974,0.0,-0.0006368824908948,0.0000000000000000,0.0021598868493497,0.0000000000000000,8.7118159766401444,3.0001377537694798,711.527984,2.638299,-714.1662825803935,1879.2235314725258,0,3.7e-10
1.0034804019002570,0.0,-0.0006455420414476,0.0000000000000000,0.0021608193318097,0.0000000000000000,8.7134467397749820,3.0001377015573012,716.294269,2.654623,-718.9488921888117,1903.4914595544396,0,3.5e-10
1.0034792288734189,0.0,-0.0006542422161707,0.0000000000000000,0.0021617671258633,0.0000000000000000,8.7151093005010942,3.0001376484037614,721.151077,2.671196,-723.8222724053313,1928.3357683265349,0,3.2e-10
1.0034780336171711,0.0,-0.0006629844206949,0.0000000000000000,0.0021627304767946,0.0000000000000000,8.7168043520085465,3.0001375942907784,726.100237,2.688021,-728.7882577401366,1953.7724318498513,0,3.4e-10
1.0034768156781648,0.0,-0.0006717700227651,0.0000000000000000,0.0021637096311287,0.0000000000000000,8.7185326007849078,3.0001375392000234,731.143606,2.705102,-733.8487076925881,1979.8178782716859,0,2.8e-10
1.0034755745957700,0.0,-0.0006806003546502,0.0000000000000000,0.0021647048366100,0.0000000000000000,8.7202947669654804,3.0001374831129133,736.283063,2.722443,-739.0055060129063,2006.4890063435887,0,2.6e-10
1.0034743099019319,0.0,-0.0006894767153583,0.0000000000000000,0.0021657163421749,0.0000000000000000,8.7220915846860905,3.0001374260106104,741.520512,2.740050,-744.2605620824762,2033.8032026004512,0,2.7e-10
1.0034730211210314,0.0,-0.0006984003726704,0.0000000000000000,0.0021667443979193,0.0000000000000000,8.7239238024389341,3.0001373678740149,746.857884,2.757925,-749.6158096954848,2061.7783538976801,0,2.7e-10
1.0034717077697448,0.0,-0.0007073725650165,0.0000000000000000,0.0021677892550603,0.0000000000000000,8.7257921834319330,3.0001373086837617,752.297132,2.776074,-755.0732067464132,2090.4328724661609,0,3.4e-10
1.0034703693569098,0.0,-0.0007163945031742,0.0000000000000000,0.0021688511658906,0.0000000000000000,8.7276975059521344,3.0001372484202169,757.840234,2.794502,-760.6347351507067,2119.7857077841181,0,2.4e-10
1.0034690053833875,0.0,-0.0007254673718918,0.0000000000000000,0.0021699303837312,0.0000000000000000,8.7296405637333176,3.0001371870634719,763.489190,2.813211,-766.3024015918171,2149.8563665245892,0,2.9e-10
1.0034676153419302,0.0,-0.0007345923313249,0.0000000000000000,0.0021710271628747,0.0000000000000000,8.7316221663285258,3.0001371245933424,769.246027,2.832208,-772.0782354800407,2180.6649330502260,0,1.7e-10
1.0034661987170512,0.0,-0.0007437705183902,0.0000000000000000,0.0021721417585214,0.0000000000000000,8.7336431394876310,3.0001370609893616,775.112792,2.851497,-777.9642888972729,2212.2320902259671,0,2.9e-10
1.0034647549848916,0.0,-0.0007530030480120,0.0000000000000000,0.0021732744267216,0.0000000000000000,8.7357043255404321,3.0001369962307791,781.091553,2.871084,-783.9626369112954,2244.5791387614445,0,2.8e-10
1.0034632836130943,0.0,-0.0007622910142695,0.0000000000000000,0.0021744254242924,0.0000000000000000,8.7378065837855452,3.0001369302965557,787.184403,2.890972,-790.0753750619142,2277.7280200236128,0,3.9e-10
1.0034617840606748,0.0,-0.0007716354914576,0.0000000000000000,0.0021755950087497,0.0000000000000000,8.7399507908854766,3.0001368631653622,793.393453,2.911168,-796.3046206541464,2311.7013381848228,0,2.9e-10
1.0034602557778942,0.0,-0.0007810375350675,0.0000000000000000,0.0021767834382219,0.0000000000000000,8.7421378412681623,3.0001367948155702,799.720834,2.931676,-802.6525095130258,2346.5223822809057,0,2.8e-10
1.0034586982061366,0.0,-0.0007904981826920,0.0000000000000000,0.0021779909713561,0.0000000000000000,8.7443686475352820,3.0001367252252584,806.168694,2.952503,-809.1211967125099,2382.2151559494087,0,3.9e-10
1.0034571107777825,0.0,-0.0008000184548613,0.0000000000000000,0.0021792178672372,0.0000000000000000,8.7466441408777023,3.0001366543722026,812.739201,2.973653,-815.7128542734820,2418.8043971788720,0,3.2e-10
1.0034554929160877,0.0,-0.0008095993558165,0.0000000000000000,0.0021804643852747,0.0000000000000000,8.7489652714982604,3.0001365822338713,819.434537,2.995133,-822.4296698186324,2456.3156074327999,0,2.7e-10
1.0034538440350607,0.0,-0.0008192418742228,0.0000000000000000,0.0021817307851077,0.0000000000000000,8.7513330090422841,3.0001365087874312,826.256896,3.016949,-829.2738451443000,2494.7750814592000,0,3.2e-10
1.0034521635393425,0.0,-0.0008289469838341,0.0000000000000000,0.0021830173264895,0.0000000000000000,8.7537483430360350,3.0001364340097347,833.208488,3.039107,-836.2475948185081,2534.2099314178922,0,3.1e-10
1.0034504508240900,0.0,-0.0008387156440801,0.0000000000000000,0.0021843242691726,0.0000000000000000,8.7562122833335003,3.0001363578773237,840.291530,3.061614,-843.3531436106909,2574.6481229934143,0,4.2e-10
1.0034487052748522,0.0,-0.0008485488006610,0.0000000000000000,0.0021856518727892,0.0000000000000000,8.7587258605716141,3.0001362803664251,847.508248,3.084476,-850.5927237754656,2616.1185045305174,0,3.2e-10
1.0034469262674572,0.0,-0.0008584473860414,0.0000000000000000,0.0021870003967228,0.0000000000000000,8.7612901266344245,3.0001362014529476,854.860875,3.107700,-857.9685742376030,2658.6508379066945,0,3.6e-10
1.0034451131678950,0.0,-0.0008684123199339,0.0000000000000000,0.0021883700999768,0.0000000000000000,8.7639061551263282,3.0001361211124808,862.351644,3.131293,-865.4829370823524,2702.2758370785741,0,4.1e-10
1.0034432653322021,0.0,-0.0008784445097374,0.0000000000000000,0.0021897612410367,0.0000000000000000,8.7665750418547272,3.0001360393202905,869.982790,3.155264,-873.1380538932935,2747.0252045907546,0,3.3e-10
1.0034413821063484,0.0,-0.0008885448509403,0.0000000000000000,0.0021911740777280,0.0000000000000000,8.7692979053223663,3.0001359560513210,877.756545,3.179619,-880.9361639445835,2792.9316650460241,0,3.9e-10
1.0034394628261230,0.0,-0.0008987142274912,0.0000000000000000,0.0021926088670669,0.0000000000000000,8.7720758872296543,3.0001358712801873,885.675132,3.204368,-888.8794995238808,2840.0290111441282,0,2.9e-10
1.0034375068170234,0.0,-0.0009089535121373,0.0000000000000000,0.0021940658651090,0.0000000000000000,8.7749101529872533,3.0001357849811798,893.740764,3.229518,-896.9702820774237,2888.3521433659480,0,3.6e-10
1.0034355133941444,0.0,-0.0009192635667356,0.0000000000000000,0.0021955453267906,0.0000000000000000,8.7778018922392089,3.0001356971282549,901.955641,3.255079,-905.2107202023481,2937.9371093045338,0,4.5e-10
1.0034334818620674,0.0,-0.0009296452425359,0.0000000000000000,0.0021970475057676,0.0000000000000000,8.7807523193969406,3.0001356076950412,910.321942,3.281060,-913.6030024363770,2988.8211596084293,0,2.3e-10
1.0034314115147522,0.0,-0.0009400993804380,0.0000000000000000,0.0021985726542465,0.0000000000000000,8.7837626741843522,3.0001355166548316,918.841821,3.307471,-922.1492925423350,3041.0427903414820,0,4.6e-10
1.0034293016354285,0.0,-0.0009506268112265,0.0000000000000000,0.0022001210228173,0.0000000000000000,8.7868342221943898,3.0001354239805869,927.517405,3.334322,-930.8517270041150,3094.6417929791496,0,2.9e-10
1.0034271514964888,0.0,-0.0009612283557827,0.0000000000000000,0.0022016928602727,0.0000000000000000,8.7899682554573193,3.0001353296449311,936.350781,3.361624,-939.7124055296315,3149.6593132980051,0,4.0e-10
1.0034249603593810,0.0,-0.0009719048252745,0.0000000000000000,0.0022032884134390,0.0000000000000000,8.7931660930210409,3.0001352336201510,945.343999,3.389388,-948.7333874124945,3206.1379056375008,0,2.8e-10
1.0034227274745049,0.0,-0.0009826570213290,0.0000000000000000,0.0022049079269834,0.0000000000000000,8.7964290815437209,3.0001351358781974,954.499056,3.417627,-957.9166830958518,3264.1215918297530,0,2.0e-10
1.0034204520811039,0.0,-0.0009934857361837,0.0000000000000000,0.0022065516432429,0.0000000000000000,8.7997585958990836,3.0001350363906796,963.817896,3.446352,-967.2642483226197,3323.6559257598128,0,2.7e-10
1.0034181334071628,0.0,-0.0010043917528235,0.0000000000000000,0.0022082198020301,0.0000000000000000,8.8031560397946222,3.0001349351288709,973.302397,3.475578,-976.7779745918247,3384.7880614546011,0,3.8e-10
1.0034157706693019,0.0,-0.0010153758450992,0.0000000000000000,0.0022099126404523,0.0000000000000000,8.8066228464030747,3.0001348320637029,982.954365,3.505317,-986.4596825358350,3447.5668177012703,0,3.7e-10
1.0034133630726729,0.0,-0.0010264387778350,0.0000000000000000,0.0022116303927221,0.0000000000000000,8.8101604790074468,3.0001347271657672,992.775525,3.535586,-996.3111100410489,3512.0427616474335,0,4.7e-10
1.0034109098108575,0.0,-0.0010375813069029,0.0000000000000000,0.0022133732899742,0.0000000000000000,8.8137704316599574,3.0001346204053161,1002.767507,3.566398,-1006.3339050600536,3578.2682780933683,0,2.7e-10
1.0034084100657596,0.0,-0.0010488041793230,0.0000000000000000,0.0022151415600738,0.0000000000000000,8.8174542298550804,3.0001345117522589,1012.931842,3.597772,-1016.5296137752039,3646.2976564046694,0,2.6e-10
1.0034058630075022,0.0,-0.0010601081333109,0.0000000000000000,0.0022169354274474,0.0000000000000000,8.8212134312171884,3.0001344011761648,1023.269945,3.629724,-1026.8996686601181,3716.1871785499970,0,2.9e-10
1.0034032677943223,0.0,-0.0010714938983323,0.0000000000000000,0.0022187551128975,0.0000000000000000,8.8250496262029507,3.0001342886462652,1033.783104,3.662272,-1037.4453762164824,3787.9952144082636,0,3.1e-10
1.0034006235724653,0.0,-0.0010829621951450,0.0000000000000000,0.0022206008334303,0.0000000000000000,8.8289644388188862,3.0001341741314485,1044.472468,3.695437,-1048.1679047407208,3861.7823125091381,0,3.9e-10
1.0033979294760760,0.0,-0.0010945137358281,0.0000000000000000,0.0022224728020991,0.0000000000000000,8.8329595273543600,3.0001340576002642,1055.339030,3.729239,-1059.0682686692921,3937.6113141842652,0,2.6e-10
1.0033951846270925,0.0,-0.0011061492238024,0.0000000000000000,0.0022243712278403,0.0000000000000000,8.8370365851303330,3.0001339390209218,1066.383615,3.763699,-1070.1473146398596,4015.5474561075680,0,1.8e-10
1.0033923881351328,0.0,-0.0011178693538424,0.0000000000000000,0.0022262963153334,0.0000000000000000,8.8411973412641878,3.0001338183612924,1077.606862,3.798842,-1081.4057043696655,4095.6584892603569,0,1.9e-10
1.0033895390973826,0.0,-0.0011296748120775,0.0000000000000000,0.0022282482648727,0.0000000000000000,8.8454435614509261,3.0001336955889117,1089.009205,3.834692,-1092.8438968153507,4178.0148072791053,0,2.0e-10
1.0033866365984783,0.0,-0.0011415662759884,0.0000000000000000,0.0022302272722525,0.0000000000000000,8.8497770487610516,3.0001335706709744,1100.590856,3.871275,-1104.4621306722941,4262.6895725290524,0,3.1e-10
1.0033836797103874,0.0,-0.0011535444143924,0.0000000000000000,0.0022322335286710,0.0000000000000000,8.8541996444554254,3.0001334435743434,1112.351785,3.908619,-1116.2604036474195,4349.7588582005119,0,2.3e-10
1.0033806674922852,0.0,-0.0011656098874250,0.0000000000000000,0.0022342672206561,0.0000000000000000,8.8587132288173986,3.0001333142655451,1124.291697,3.946753,-1128.2384503679616,4439.3018017464783,0,9.9e-11
1.0033775989904239,0.0,-0.0011777633465126,0.0000000000000000,0.0022363285300233,0.0000000000000000,8.8633197220025117,3.0001331827107731,1136.410011,3.985710,-1140.3957206551763,4531.4007505344925,0,2.2e-10
1.0033744732379994,0.0,-0.0011900054343410,0.0000000000000000,0.0022384176338533,0.0000000000000000,8.8680210849060082,3.0001330488758891,1148.705833,4.025523,-1152.7313554539285,4626.1414415241452,0,3.0e-10
1.0033712892550095,0.0,-0.0012023367848161,0.0000000000000000,0.0022405347045129,0.0000000000000000,8.8728193200484817,3.0001329127264245,1161.177932,4.066227,-1165.2441594804079,4723.6131758525735,0,1.6e-10
1.0033680460481047,0.0,-0.0012147580230222,0.0000000000000000,0.0022426799097071,0.0000000000000000,8.8777164724798716,3.0001327742275814,1173.824713,4.107861,-1177.9325742010008,4823.9090035512345,0,2.3e-10
1.0033647426104306,0.0,-0.0012272697651721,0.0000000000000000,0.0022448534125802,0.0000000000000000,8.8827146307020737,3.0001326333442346,1186.644184,4.150466,-1190.7946500675725,4927.1259263395332,0,2.9e-10
1.0033613779214612,0.0,-0.0012398726185557,0.0000000000000000,0.0022470553718644,0.0000000000000000,8.8878159276104007,3.0001324900409347,1199.633929,4.194084,-1203.8280123932539,5033.3651184042683,0,3.4e-10
1.0033579509468193,0.0,-0.0012525671814819,0.0000000000000000,0.0022492859420860,0.0000000000000000,8.8930225414541084,3.0001323442819068,1212.791068,4.238762,-1217.0298298975551,5142.7321477856021,0,2.2e-10
1.0033544606380866,0.0,-0.0012653540432185,0.0000000000000000,0.0022515452738308,0.0000000000000000,8.8983366968161821,3.0001321960310530,1226.112232,4.284548,-1230.3967808805201,5255.3372108091135,0,2.5e-10
1.0033509059325980,0.0,-0.0012782337839270,0.0000000000000000,0.0022538335140843,0.0000000000000000,8.9037606656125892,3.0001320452519575,1239.593516,4.331497,-1243.9250127198020,5371.2954056723975,0,2.6e-10
1.0033472857532200,0.0,-0.0012912069745940,0.0000000000000000,0.0022561508066516,0.0000000000000000,8.9092967681111563,3.0001318919078819,1253.230442,4.379663,-1257.6101049623956,5490.7269940985134,0,2.5e-10
1.0033435990081128,0.0,-0.0013042741769601,0.0000000000000000,0.0022584972926581,0.0000000000000000,8.9149473739702163,3.0001317359617725,1267.017919,4.429107,-1271.4470261722504,5613.7576947527705,0,1.9e-10
1.0033398445904718,0.0,-0.0013174359434447,0.0000000000000000,0.0022608731111544,0.0000000000000000,8.9207149032971618,3.0001315773762576,1280.950198,4.479892,-1285.4300907773418,5740.5189923139988,0,1.9e-10
1.0033360213782454,0.0,-0.0013306928170687,0.0000000000000000,0.0022632783998339,0.0000000000000000,8.9266018277270121,3.0001314161136516,1295.020824,4.532088,-1299.5529117845756,5871.1484670316568,0,1.2e-10
1.0033321282338328,0.0,-0.0013440453313724,0.0000000000000000,0.0022657132958536,0.0000000000000000,8.9326106715210774,3.0001312521359536,1309.222584,4.585767,-1313.8083515829360,6005.7901462960290,0,1.9e-10
1.0033281640037492,0.0,-0.0013574940103326,0.0000000000000000,0.0022681779368099,0.0000000000000000,8.9387440126857900,3.0001310854048500,1323.547463,4.641008,-1328.1884710943045,6144.5948686493794,0,3.1e-10
1.0033241275182638,0.0,-0.0013710393682750,0.0000000000000000,0.0022706724618496,0.0000000000000000,8.9450044841117400,3.0001309158817140,1337.986580,4.697895,-1342.6844746891957,6287.7206878605066,0,2.1e-10
1.0033200175910055,0.0,-0.0013846819097842,0.0000000000000000,0.0022731970129373,0.0000000000000000,8.9513947747329290,3.0001307435276057,1352.530136,4.756518,-1357.2866534772238,6435.3332802875666,0,3.4e-10
1.0033158330185283,0.0,-0.0013984221296104,0.0000000000000000,0.0022757517363216,0.0000000000000000,8.9579176307062625,3.0001305683032724,1367.167354,4.816972,-1371.9843252933210,6587.6064049075358,0,2.4e-10
1.0033115725798412,0.0,-0.0014122605125723,0.0000000000000000,0.0022783367841708,0.0000000000000000,8.9645758566112317,3.0001303901691476,1381.886411,4.879361,-1386.7657719505487,6744.7223646743223,0,2.3e-10
1.0033072350358880,0.0,-0.0014261975334565,0.0000000000000000,0.0022809523164482,0.0000000000000000,8.9713723166697665,3.0001302090853481,1396.674379,4.943795,-1401.6181746899811,6906.8725069845095,0,2.3e-10
1.0033028191289826,0.0,-0.0014402336569134,0.0000000000000000,0.0022835985030075,0.0000000000000000,8.9783099359861858,3.0001300250116758,1411.517151,5.010394,-1416.5275457833375,7074.2577645635465,0,2.1e-10
1.0032983235821888,0.0,-0.0014543693373473,0.0000000000000000,0.0022862755259499,0.0000000000000000,8.9853917018071812,3.0001298379076102,1426.399371,5.079285,-1431.4786563847254,7247.0892082162900,0,3.0e-10
1.0032937470986418,0.0,-0.0014686050188027,0.0000000000000000,0.0022889835822688,0.0000000000000000,8.9926206648017608,3.0001296477323103,1441.304361,5.150604,-1446.4549651194679,7425.5886525673559,0,9.6e-11
1.0032890883608050,0.0,-0.0014829411348447,0.0000000000000000,0.0022917228867895,0.0000000000000000,8.9999999403610378,3.0001294544446053,1456.214041,5.224499,-1461.4385407681295,7609.9892757094931,0,1.8e-10
1.0032843460296570,0.0,-0.0014973781084320,0.0000000000000000,0.0022944936754577,0.0000000000000000,9.0075327099178111,3.0001292580029917,1471.108856,5.301128,-1476.4099835979366,7800.5362985166721,0,2.4e-10
1.0032795187438026,0.0,-0.0015119163517850,0.0000000000000000,0.0022972962089761,0.0000000000000000,9.0152222222858125,3.0001290583656273,1485.967684,5.380661,-1491.3483450145559,7997.4876835907344,0,2.2e-10
1.0032746051185004,0.0,-0.0015265562662425,0.0000000000000000,0.0023001307768505,0.0000000000000000,9.0230717950185859,3.0001288554903223,1500.767764,5.463280,-1506.2310443098313,8201.1148767836858,0,2.4e-10
1.0032696037445985,0.0,-0.0015412982421124,0.0000000000000000,0.0023029977018516,0.0000000000000000,9.0310848157879082,3.0001286493345307,1515.484600,5.549184,-1521.0337845982369,8411.7035937679466,0,1.4e-10
1.0032645131873748,0.0,-0.0015561426585089,0.0000000000000000,0.0023058973449486,0.0000000000000000,9.0392647437817448,3.0001284398553385,1530.091880,5.638586,-1535.7304655043845,8629.5546405084897,0,2.6e-10
1.0032593319852676,0.0,-0.0015710898831787,0.0000000000000000,0.0023088301107381,0.0000000000000000,9.0476151111217469,3.0001282270094545,1544.561383,5.731714,-1550.2930974691189,8854.9847888911609,0,3.1e-10
1.0032540586484919,0.0,-0.0015861402723167,0.0000000000000000,0.0023117964534176,0.0000000000000000,9.0561395243003275,3.0001280107531922,1558.862894,5.828818,-1564.6917120767316,9088.3276748103090,0,1.4e-10
1.0032486916575367,0.0,-0.0016012941703512,0.0000000000000000,0.0023147968833319,0.0000000000000000,9.0648416656374735,3.0001277910424573,1572.964112,5.930164,-1578.8942757702503,9329.9347531951498,0,3.4e-10
1.0032432294615161,0.0,-0.0016165519097346,0.0000000000000000,0.0023178319741619,0.0000000000000000,9.0737252947574252,3.0001275678327262,1586.830560,6.036042,-1592.8666026866579,9580.1762983170338,0,2.2e-10
1.0032376704763872,0.0,-0.0016319138106929,0.0000000000000000,0.0023209023707670,0.0000000000000000,9.0827942500855361,3.0001273410790268,1600.425501,6.146767,-1606.5722676903936,9839.4424308589660,0,2.5e-10
1.0032320130830068,0.0,-0.0016473801809604,0.0000000000000000,0.0023240087977600,0.0000000000000000,9.0920524503656637,3.0001271107359164,1613.709847,6.262677,-1619.9725246619951,10108.1442037846427,0,2.2e-10
1.0032262556250220,0.0,-0.0016629513154824,0.0000000000000000,0.0023271520688530,0.0000000000000000,9.1015038961985795,3.0001268767574536,1626.642082,6.384142,-1633.0262246368191,10386.7147110791411,0,3.5e-10
1.0032203964065831,0.0,-0.0016786274960938,0.0000000000000000,0.0023303330970189,0.0000000000000000,9.1111526716019853,3.0001266390971697,1639.178181,6.511562,-1645.6897427298945,10675.6102538951673,0,3.4e-10
1.0032144336898654,0.0,-0.0016944089911500,0.0000000000000000,0.0023335529055391,0.0000000000000000,9.1210029455929220,3.0001263977080384,1651.271536,6.645371,-1657.9169068395279,10975.3115184833296,0,1.9e-10
1.0032083656923818,0.0,-0.0017102960551400,0.0000000000000000,0.0023368126399829,0.0000000000000000,9.1310589737934187,3.0001261525424381,1662.872895,6.786042,-1669.6589364315939,11286.3247899406124,0,4.2e-10
1.0032023138950104,0.0,-0.0017259712606386,0.0000000000000000,0.0023400478178152,0.0000000000000000,9.1411197763501271,3.0001259085192422,1673.717001,6.931084,-1680.6480843506301,11602.6725202642847,0,4.5e-10
1.0031962778784500,0.0,-0.0017414412425586,0.0000000000000000,0.0023432599659110,0.0000000000000000,9.1511854178345882,3.0001256656179223,1683.793520,7.080704,-1690.8742234984493,11924.4432166509796,0,3.9e-10
1.0031902572232891,0.0,-0.0017567123007720,0.0000000000000000,0.0023464506162082,0.0000000000000000,9.1612559571689047,3.0001254238183512,1693.092780,7.235117,-1700.3278974382945,12251.7246140446514,0,4.1e-10
1.0031842515099412,0.0,-0.0017717904230757,0.0000000000000000,0.0023496213057915,0.0000000000000000,9.1713314480575256,3.0001251831007814,1701.605797,7.394547,-1709.0003441341837,12584.6034772198182,0,6.9e-11
1.0031783799741163,0.0,-0.0017863853589501,0.0000000000000000,0.0023527107170506,0.0000000000000000,9.1812103286432674,3.0001249482274890,1709.177795,7.555878,-1716.7336728984119,12916.3395352209918,0,3.2e-10
1.0031725219219596,0.0,-0.0018008057443083,0.0000000000000000,0.0023557839309401,0.0000000000000000,9.1910941685876590,3.0001247143540968,1715.979684,7.722479,-1723.7021625615068,13253.6168498562183,0,2.9e-10
1.0031666769584271,0.0,-0.0018150564463704,0.0000000000000000,0.0023588424077595,0.0000000000000000,9.2009830060282063,3.0001244814630135,1722.005013,7.894584,-1729.8995966270591,13596.5133854171727,0,3.5e-10
1.0031608446882381,0.0,-0.0018291421123087,0.0000000000000000,0.0023618876122690,0.0000000000000000,9.2108768756053863,3.0001242495369316,1727.248035,8.072440,-1735.3204742615776,13945.1054389185738,0,3.2e-10
1.0031550247159000,0.0,-0.0018430671826533,0.0000000000000000,0.0023649210134599,0.0000000000000000,9.2207758087317053,3.0001240185588176,1731.703724,8.256301,-1739.9600255376877,14299.4674468822777,0,3.8e-10
1.0031492166457472,0.0,-0.0018568359036444,0.0000000000000000,0.0023679440842695,0.0000000000000000,9.2306798338427196,3.0001237885118996,1735.367795,8.446435,-1743.8142301027790,14659.6717826130334,0,1.2e-10
1.0031434200819904,0.0,-0.0018704523386399,0.0000000000000000,0.0023709583012578,0.0000000000000000,9.2405889766313791,3.0001235593796554,1738.236710,8.643120,-1746.8798301339564,15025.7885499903932,0,2.5e-10
1.0031376346287773,0.0,-0.0018839203786547,0.0000000000000000,0.0023739651442477,0.0000000000000000,9.2505032602669637,3.0001233311458040,1740.307701,8.846646,-1749.1543470180220,15397.8853928642347,0,3.1e-10
1.0031318598902585,0.0,-0.0018972437521281,0.0000000000000000,0.0023769660959293,0.0000000000000000,9.2604227055996891,3.0001231037942984,1741.578780,9.057315,-1750.6360943634422,15776.0272751287557,0,2.9e-10
1.0031260954706669,0.0,-0.0019104260339703,0.0000000000000000,0.0023799626414316,0.0000000000000000,9.2703473313519993,3.0001228773093174,1742.048747,9.275444,-1751.3241915292588,16160.2762810657732,0,3.2e-10
1.0031203409744036,0.0,-0.0019234706539537,0.0000000000000000,0.0023829562678664,0.0000000000000000,9.2802771542974440,3.0001226516752570,1741.717210,9.501365,-1751.2185755915179,16550.6914034178481,0,3.1e-10
1.0031200432635941,0.0,-0.0019241424308581,0.0000000000000000,0.0023831112291172,0.0000000000000000,9.2807914724403648,3.0001226400145802,1741.678221,9.513282,-1751.1915037177180,16571.0764596730005,0,8.8e-11
1.0031197393363596,0.0,-0.0019248279231139,0.0000000000000000,0.0023832694360216,0.0000000000000000,9.2813165897862859,3.0001226281116984,1741.636199,9.525472,-1751.1616704827979,16591.9061898807995,0,1.1e-10
1.0031194290635983,0.0,-0.0019255274026349,0.0000000000000000,0.0023834309566046,0.0000000000000000,9.2818527330573062,3.0001226159616357,1741.590985,9.537940,-1751.1289254845499,16613.1906440062448,0,2.1e-10
1.0031191123135554,0.0,-0.0019262411463944,0.0000000000000000,0.0023835958603269,0.0000000000000000,9.2824001337342246,3.0001226035593174,1741.542416,9.550695,-1751.0931109882365,16634.9401123647112,0,2.0e-10
1.0031187889517676,0.0,-0.0019269694365052,0.0000000000000000,0.0023837642181198,0.0000000000000000,9.2829590281563341,3.0001225908995663,1741.490320,9.563743,-1751.0540621548294,16657.1651328210719,0,3.0e-10
1.0031184588410103,0.0,-0.0019277125603016,0.0000000000000000,0.0023839361024150,0.0000000000000000,9.2835296576233421,3.0001225779771006,1741.434515,9.577091,-1751.0116056061970,16679.8765013865195,0,2.3e-10
1.0031181218412406,0.0,-0.0019284708104206,0.0000000000000000,0.0023841115871784,0.0000000000000000,9.2841122684994275,3.0001225647865319,1741.374814,9.590747,-1750.9655612991005,16703.0852694935165,0,1.9e-10
1.0031177778095413,0.0,-0.0019292444848857,0.0000000000000000,0.0023842907479447,0.0000000000000000,9.2847071123194809,3.0001225513223684,1741.311020,9.604719,-1750.9157393281880,16726.8027597160544,0,3.2e-10
1.0031174266000624,0.0,-0.0019300338871893,0.0000000000000000,0.0023844736618502,0.0000000000000000,9.2853144458975745,3.0001225375790046,1741.242928,9.619014,-1750.8619422818313,16751.0405716511887,0,1.5e-10
1.0031170680639632,0.0,-0.0019308393263776,0.0000000000000000,0.0023846604076712,0.0000000000000000,9.2859345314376949,3.0001225235507212,1741.170321,9.633641,-1750.8039627328767,16775.8105817725882,0,4.0e-10
1.0031167020493503,0.0,-0.0019316611171343,0.0000000000000000,0.0023848510658595,0.0000000000000000,9.2865676366468097,3.0001225092316903,1741.092975,9.648609,-1750.7415840104791,16801.1249700200278,0,2.7e-10
1.0031163284012186,0.0,-0.0019324995798670,0.0000000000000000,0.0023850457185771,0.0000000000000000,9.2872140348502885,3.0001224946159639,1741.010655,9.663925,-1750.6745798802845,16826.9961983414833,0,3.7e-10
1.0031159469613864,0.0,-0.0019333550407918,0.0000000000000000,0.0023852444497398,0.0000000000000000,9.2878740051097584,3.0001224796974775,1740.923114,9.679599,-1750.6027129926672,16853.4370485905092,0,3.5e-10
1.0031155575684334,0.0,-0.0019342278320208,0.0000000000000000,0.0023854473450528,0.0000000000000000,9.2885478323434114,3.0001224644700426,1740.830097,9.695639,-1750.5257358032954,16880.4606095636263,0,3.8e-10
1.0031151600576347,0.0,-0.0019351182916478,0.0000000000000000,0.0023856544920529,0.0000000000000000,9.2892358074488506,3.0001224489273532,1740.731333,9.712056,-1750.4433891284145,16908.0802982207388,0,2.5e-10
1.0031147542608954,0.0,-0.0019360267638366,0.0000000000000000,0.0023858659801489,0.0000000000000000,9.2899382274284950,3.0001224330629728,1740.626543,9.728859,-1750.3554020629306,16936.3098606886342,0,1.8e-10
1.0031143400066815,0.0,-0.0019369535989082,0.0000000000000000,0.0023860819006667,0.0000000000000000,9.2906553955176197,3.0001224168703406,1740.515434,9.746057,-1750.2614911915498,16965.1633854082320,0,2.9e-10
1.0031139171199532,0.0,-0.0019378991534289,0.0000000000000000,0.0023863023468905,0.0000000000000000,9.2913876213150726,3.0001224003427645,1740.397698,9.763662,-1750.1613604015633,16994.6553149472456,0,4.1e-10
1.0031134854220929,0.0,-0.0019388637902994,0.0000000000000000,0.0023865274141096,0.0000000000000000,9.2921352209167374,3.0001223834734216,1740.273017,9.781684,-1750.0547008427352,17024.8004511345644,0,1.9e-10
1.0031130447308341,0.0,-0.0019398478788425,0.0000000000000000,0.0023867571996646,0.0000000000000000,9.2928985170517873,3.0001223662553502,1740.141055,9.800133,-1749.9411885134159,17055.6139622258488,0,2.5e-10
1.0031125948601887,0.0,-0.0019408517948933,0.0000000000000000,0.0023869918029948,0.0000000000000000,9.2936778392217860,3.0001223486814568,1740.001464,9.819021,-1749.8204857647661,17087.1114047977608,0,1.8e-10
1.0031121356203725,0.0,-0.0019418759208876,0.0000000000000000,0.0023872313256874,0.0000000000000000,9.2944735238427185,3.0001223307445035,1739.853879,9.838360,-1749.6922389910976,17119.3087227342185,0,3.1e-10
1.0031116668177296,0.0,-0.0019429206459520,0.0000000000000000,0.0023874758715273,0.0000000000000000,9.2952859143899786,3.0001223124371119,1739.697919,9.858161,-1749.5560796060793,17152.2222690598574,0,6.3e-12
1.0031111882546537,0.0,-0.0019439863659933,0.0000000000000000,0.0023877255465511,0.0000000000000000,9.2961153615464021,3.0001222937517582,1739.533185,9.878437,-1749.4116217351047,17185.8687988775782,0,2.6e-10
1.0031106997295112,0.0,-0.0019450734837875,0.0000000000000000,0.0023879804590989,0.0000000000000000,9.2969622233534039,3.0001222746807716,1739.359263,9.899200,-1749.2584628189859,17220.2655076675583,0,2.2e-10
1.0031102010365600,0.0,-0.0019461824090707,0.0000000000000000,0.0023882407198686,0.0000000000000000,9.2978268653652663,3.0001222552163296,1739.175718,9.920464,-1749.0961819972863,17255.4300217542332,0,2.8e-10
1.0031096919658666,0.0,-0.0019473135586275,0.0000000000000000,0.0023885064419748,0.0000000000000000,9.2987096608066704,3.0001222353504566,1738.982098,9.942242,-1748.9243397453524,17291.3804200119339,0,3.5e-10
1.0031091723032242,0.0,-0.0019484673563813,0.0000000000000000,0.0023887777410071,0.0000000000000000,9.2996109907335196,3.0001222150750220,1738.777930,9.964547,-1748.7424773812966,17328.1352466281969,0,2.1e-10
1.0031086418300661,0.0,-0.0019496442334833,0.0000000000000000,0.0023890547350874,0.0000000000000000,9.3005312441971348,3.0001221943817358,1738.562720,9.987396,-1748.5501152167287,17365.7135216218885,0,5.3e-11
1.0031081003233797,0.0,-0.0019508446284014,0.0000000000000000,0.0023893375449360,0.0000000000000000,9.3014708184118753,3.0001221732621461,1738.335952,10.010801,-1748.3467528281865,17404.1347514076624,0,3.0e-10
1.0031075475556179,0.0,-0.0019520689870095,0.0000000000000000,0.0023896262939344,0.0000000000000000,9.3024301189262832,3.0001221517076369,1738.097089,10.034778,-1748.1318676495771,17443.4189610183239,0,1.5e-10
1.0031069832946085,0.0,-0.0019533177626756,0.0000000000000000,0.0023899211081874,0.0000000000000000,9.3034095597977995,3.0001221297094238,1737.845570,10.059344,-1747.9049138358778,17483.5866811964661,0,2.4e-10
1.0031064073034617,0.0,-0.0019545914163494,0.0000000000000000,0.0023902221166004,0.0000000000000000,9.3044095637711433,3.0001221072585529,1737.580807,10.084515,-1747.6653216772686,17524.6589889137540,0,2.5e-10
1.0031058193404772,0.0,-0.0019558904166503,0.0000000000000000,0.0023905294509412,0.0000000000000000,9.3054305624604190,3.0001220843458967,1737.302190,10.110306,-1747.4124968221472,17566.6575066614896,0,1.4e-10
1.0031052191590479,0.0,-0.0019572152399539,0.0000000000000000,0.0023908432459163,0.0000000000000000,9.3064729965350335,3.0001220609621488,1737.009081,10.136737,-1747.1458180455204,17609.6044229099061,0,2.5e-10
1.0031046065075626,0.0,-0.0019585663704782,0.0000000000000000,0.0023911636392474,0.0000000000000000,9.3075373159095118,3.0001220370978259,1736.700813,10.163825,-1746.8646378151579,17653.5225181118585,0,6.9e-11
1.0031039811293057,0.0,-0.0019599443003685,0.0000000000000000,0.0023914907717496,0.0000000000000000,9.3086239799372734,3.0001220127432608,1736.376692,10.191588,-1746.5682795081898,17698.4351645205170,0,2.4e-10
1.0031033427623566,0.0,-0.0019613495297823,0.0000000000000000,0.0023918247874063,0.0000000000000000,9.3097334576084716,3.0001219878885972,1736.035993,10.220045,-1746.2560378009466,17744.3663627000060,0,2.3e-10
1.0031026911394854,0.0,-0.0019627825669724,0.0000000000000000,0.0023921658334619,0.0000000000000000,9.3108662277519638,3.0001219625237936,1735.677959,10.249217,-1745.9271764174334,17791.3407455352135,0,2.1e-10
1.0031020259880481,0.0,-0.0019642439283694,0.0000000000000000,0.0023925140604998,0.0000000000000000,9.3120227792415111,3.0001219366386129,1735.301802,10.279125,-1745.5809266233177,17839.3836052718107,0,3.5e-10
1.0031013470298777,0.0,-0.0019657341386631,0.0000000000000000,0.0023928696225373,0.0000000000000000,9.3132036112062888,3.0001219102226213,1734.906699,10.309788,-1745.2164876151182,17888.5209134956822,0,1.2e-10
1.0031006539811760,0.0,-0.0019672537308817,0.0000000000000000,0.0023932326771148,0.0000000000000000,9.3144092332457973,3.0001218832651877,1734.491792,10.341230,-1744.8330224902170,17938.7793317886535,0,3.8e-10
1.0030999465523998,0.0,-0.0019688032464708,0.0000000000000000,0.0023936033853948,0.0000000000000000,9.3156401656492722,3.0001218557554754,1734.056186,10.373474,-1744.4296594282450,17990.1862522822339,0,2.2e-10
1.0030992244481474,0.0,-0.0019703832353710,0.0000000000000000,0.0023939819122584,0.0000000000000000,9.3168969396196779,3.0001218276824426,1733.598947,10.406542,-1744.0054887616529,18042.7697955647018,0,2.3e-10
1.0030984873670421,0.0,-0.0019719942560915,0.0000000000000000,0.0023943684264135,0.0000000000000000,9.3181800975023812,3.0001217990348361,1733.119102,10.440459,-1743.5595613543369,18096.5588558048476,0,1.1e-10
1.0030977350016128,0.0,-0.0019736368757857,0.0000000000000000,0.0023947631004958,0.0000000000000000,9.3194901930186091,3.0001217698011899,1732.615637,10.475251,-1743.0908876400135,18151.5831052511930,0,1.2e-10
1.0030969670381724,0.0,-0.0019753116703220,0.0000000000000000,0.0023951661111863,0.0000000000000000,9.3208277915037865,3.0001217399698197,1732.087493,10.510943,-1742.5984361733742,18207.8730320988689,0,2.2e-10
1.0030961831566949,0.0,-0.0019770192243533,0.0000000000000000,0.0023955776393228,0.0000000000000000,9.3221934701508520,3.0001217095288193,1731.533568,10.547563,-1742.0811310966019,18265.4599599060602,0,3.3e-10
1.0030953830306868,0.0,-0.0019787601313856,0.0000000000000000,0.0023959978700250,0.0000000000000000,9.3235878182586589,3.0001216784660598,1730.952711,10.585140,-1741.5378505576432,18324.3760767488275,0,2.6e-10
1.0030945663270601,0.0,-0.0019805349938425,0.0000000000000000,0.0023964269928144,0.0000000000000000,9.3250114374855642,3.0001216467691800,1730.343725,10.623701,-1740.9674258018349,18384.6544544179924,0,1.0e-12
1.0030937327059999,0.0,-0.0019823444231287,0.0000000000000000,0.0023968652017461,0.0000000000000000,9.3264649421083217,3.0001216144255887,1729.705360,10.663278,-1740.3686376461656,18446.3290780507959,0,3.4e-10
1.0030928818208291,0.0,-0.0019841890396906,0.0000000000000000,0.0023973126955492,0.0000000000000000,9.3279489592863705,3.0001215814224569,1729.036315,10.703902,-1739.7402163850447,18509.4348918965552,0,8.6e-11
1.0030920133178718,0.0,-0.0019860694730736,0.0000000000000000,0.0023977696777634,0.0000000000000000,9.3294641293316563,3.0001215477467156,1728.335233,10.745605,-1739.0808376729765,18574.0077996833716,0,5.3e-11
1.0030911268363123,0.0,-0.0019879863619775,0.0000000000000000,0.0023982363568853,0.0000000000000000,9.3310111059840750,3.0001215133850505,1727.600701,10.788422,-1738.3891224399431,18640.0847142860293,0,3.8e-10
1.0030902220080524,0.0,-0.0019899403543082,0.0000000000000000,0.0023987129465278,0.0000000000000000,9.3325905566926775,3.0001214783238987,1726.831247,10.832387,-1737.6636336186582,18707.7035956082400,0,3.7e-10
1.0030892984575648,0.0,-0.0019919321072269,0.0000000000000000,0.0023991996655735,0.0000000000000000,9.3342031629027318,3.0001214425494447,1726.025337,10.877536,-1736.9028735447735,18776.9034628921654,0,2.6e-10
1.0030883558017440,0.0,-0.0019939622871951,0.0000000000000000,0.0023996967383457,0.0000000000000000,9.3358496203487924,3.0001214060476156,1725.181374,10.923909,-1736.1052825756281,18847.7244408251718,0,2.3e-10
1.0030873936497520,0.0,-0.0019960315700173,0.0000000000000000,0.0024002043947824,0.0000000000000000,9.3375306393538686,3.0001213688040771,1724.297692,10.971544,-1735.2692361707502,18920.2077968297526,0,5.0e-13
1.0030864116028642,0.0,-0.0019981406408793,0.0000000000000000,0.0024007228706173,0.0000000000000000,9.3392469451348443,3.0001213308042294,1723.372560,11.020482,-1734.3930420896229,18994.3959646362346,0,2.2e-10
1.0030854092543093,0.0,-0.0020002901943797,0.0000000000000000,0.0024012524075692,0.0000000000000000,9.3409992781142712,3.0001212920332043,1722.404173,11.070765,-1733.4749389373503,19070.3326021532994,0,2.5e-10
1.0030843861891030,0.0,-0.0020024809345694,0.0000000000000000,0.0024017932535456,0.0000000000000000,9.3427883942386494,3.0001212524758567,1721.390653,11.122439,-1732.5130918415712,19148.0626132774632,0,3.2e-10
1.0030833419838867,0.0,-0.0020047135749658,0.0000000000000000,0.0024023456628453,0.0000000000000000,9.3446150653033673,3.0001212121167642,1720.330042,11.175549,-1731.5055911934862,19227.6321949572302,0,2.4e-10
1.0030822762067526,0.0,-0.0020069888385840,0.0000000000000000,0.0024029098963782,0.0000000000000000,9.3464800792843974,3.0001211709402202,1719.220307,11.230142,-1730.4504489881308,19309.0888736238703,0,3.1e-10
1.0030811884170705,0.0,-0.0020093074579508,0.0000000000000000,0.0024034862218933,0.0000000000000000,9.3483842406769089,3.0001211289302305,1718.059326,11.286270,-1729.3455962840242,19392.4815573913511,0,1.7e-10
1.0030800781653091,0.0,-0.0020116701751181,0.0000000000000000,0.0024040749142167,0.0000000000000000,9.3503283708409448,3.0001210860705099,1716.844896,11.343984,-1728.1888801209604,19477.8605695543811,0,1.2e-10
1.0030789449928537,0.0,-0.0020140777416702,0.0000000000000000,0.0024046762555005,0.0000000000000000,9.3523133083542955,3.0001210423444742,1715.574723,11.403338,-1726.9780600875526,19565.2777030956931,0,1.9e-10
1.0030777884318183,0.0,-0.0020165309187273,0.0000000000000000,0.0024052905354868,0.0000000000000000,9.3543399093727189,3.0001209977352383,1714.246418,11.464388,-1725.7108058271765,19654.7862655338831,0,1.3e-10
1.0030766080048539,0.0,-0.0020190304769420,0.0000000000000000,0.0024059180517793,0.0000000000000000,9.3564090479976709,3.0001209522256085,1712.857499,11.527194,-1724.3846932065410,19746.4411253947765,0,5.2e-12
1.0030754032249538,0.0,-0.0020215771964915,0.0000000000000000,0.0024065591101336,0.0000000000000000,9.3585216166516858,3.0001209057980813,1711.405384,11.591817,-1722.9972013773461,19840.2987587831449,0,3.8e-10
1.0030741735952502,0.0,-0.0020241718670636,0.0000000000000000,0.0024072140247576,0.0000000000000000,9.3606785264615695,3.0001208584348364,1709.887387,11.658322,-1721.5457092181630,19936.4173247602303,0,1.5e-10
1.0030729186088099,0.0,-0.0020268152878365,0.0000000000000000,0.0024078831186281,0.0000000000000000,9.3628807076495750,3.0001208101177324,1708.300717,11.726774,-1720.0274911925003,20034.8566843455192,0,6.2e-11
1.0030716377484230,0.0,-0.0020295082674526,0.0000000000000000,0.0024085667238239,0.0000000000000000,9.3651291099327025,3.0001207608282989,1706.642471,11.797244,-1718.4397152433205,20135.6784818151500,0,4.4e-11
1.0030703304863855,0.0,-0.0020322516239859,0.0000000000000000,0.0024092651818753,0.0000000000000000,9.3674247029303235,3.0001207105477361,1704.909632,11.869806,-1716.7794374859691,20238.9461882370524,0,2.8e-10
1.0030689962842776,0.0,-0.0020350461849028,0.0000000000000000,0.0024099788441307,0.0000000000000000,9.3697684765802638,3.0001206592569063,1703.099065,11.944534,-1715.0435996963595,20344.7251850322355,0,4.2e-11
1.0030676345927365,0.0,-0.0020378927870157,0.0000000000000000,0.0024107080721403,0.0000000000000000,9.3721614415635450,3.0001206069363304,1701.207515,12.021510,-1713.2290248668864,20453.0827801092528,0,2.2e-10
1.0030662448512202,0.0,-0.0020407922764296,0.0000000000000000,0.0024114532380676,0.0000000000000000,9.3746046297379539,3.0001205535661799,1699.231598,12.100816,-1711.3324133642666,20564.0883236767258,0,2.9e-10
1.0030648264877706,0.0,-0.0020437455084815,0.0000000000000000,0.0024122147251083,0.0000000000000000,9.3770990945806201,3.0001204991262767,1697.167800,12.182539,-1709.3503394483446,20677.8132336921990,0,3.0e-10
1.0030633789187642,0.0,-0.0020467533476723,0.0000000000000000,0.0024129929279430,0.0000000000000000,9.3796459116397841,3.0001204435960793,1695.012475,12.266772,-1707.2792466918636,20794.3310820595361,0,2.4e-10
1.0030619015486593,0.0,-0.0020498166675901,0.0000000000000000,0.0024137882532084,0.0000000000000000,9.3822461789959490,3.0001203869546869,1692.761835,12.353609,-1705.1154441434194,20913.7176577050705,0,2.7e-10
1.0030603937697360,0.0,-0.0020529363508260,0.0000000000000000,0.0024146011199918,0.0000000000000000,9.3849010177326075,3.0001203291808265,1690.411952,12.443151,-1702.8551027308117,21036.0510398258921,0,2.9e-10
1.0030588549618278,0.0,-0.0020561132888818,0.0000000000000000,0.0024154319603578,0.0000000000000000,9.3876115724167395,3.0001202702528511,1687.958747,12.535503,-1700.4942501217665,21161.4116724787746,0,2.3e-10
1.0030572844920451,0.0,-0.0020593483820683,0.0000000000000000,0.0024162812198973,0.0000000000000000,9.3903790115892747,3.0001202101487312,1685.397993,12.630775,-1698.0287676647431,21289.8824358109850,0,1.9e-10
1.0030556817144933,0.0,-0.0020626425393967,0.0000000000000000,0.0024171493583029,0.0000000000000000,9.3932045282657324,3.0001201488460514,1682.725303,12.729082,-1695.4543856691473,21421.5487251419108,0,7.5e-11
1.0030540459699806,0.0,-0.0020659966784532,0.0000000000000000,0.0024180368499864,0.0000000000000000,9.3960893404472543,3.0001200863220023,1679.936133,12.830546,-1692.7666792619730,21556.4985350144561,0,5.5e-11
1.0030523765857147,0.0,-0.0020694117252790,0.0000000000000000,0.0024189441847176,0.0000000000000000,9.3990346916422087,3.0001200225533764,1677.025770,12.935295,-1689.9610644464406,21694.8225278325845,0,2.2e-10
1.0030506728749957,0.0,-0.0020728886142261,0.0000000000000000,0.0024198718683058,0.0000000000000000,9.4020418513986268,3.0001199575165605,1673.989333,13.043461,-1687.0327942072227,21836.6141436845064,0,3.4e-12
1.0030489341368956,0.0,-0.0020764282878098,0.0000000000000000,0.0024208204233118,0.0000000000000000,9.4051121158476647,3.0001198911875298,1670.821769,13.155185,-1683.9769542135834,21981.9696472554933,0,2.5e-10
1.0030471596559276,0.0,-0.0020800316965502,0.0000000000000000,0.0024217903898043,0.0000000000000000,9.4082468082583244,3.0001198235418416,1667.517843,13.270616,-1680.7884589342466,22130.9882550495677,0,2.6e-10
1.0030453487017088,0.0,-0.0020836997988026,0.0000000000000000,0.0024227823261528,0.0000000000000000,9.4114472796036655,3.0001197545546283,1664.072140,13.389908,-1677.4620478823479,22283.7722030295990,0,2.2e-11
1.0030435005286067,0.0,-0.0020874335605773,0.0000000000000000,0.0024237968098661,0.0000000000000000,9.4147149091387341,3.0001196842005928,1660.479057,13.513225,-1673.9922818769182,22440.4268305713776,0,9.4e-11
1.0030416143753778,0.0,-0.0020912339553477,0.0000000000000000,0.0024248344384781,0.0000000000000000,9.4180511049904716,3.0001196124539984,1656.732800,13.640740,-1670.3735399246364,22601.0606992782559,0,2.1e-11
1.0030396894647937,0.0,-0.0020951019638476,0.0000000000000000,0.0024258958304773,0.0000000000000000,9.4214573047598140,3.0001195392886655,1652.827382,13.772633,-1666.6000149787203,22765.7856682268903,0,2.5e-11
1.0030377250032536,0.0,-0.0020990385738562,0.0000000000000000,0.0024269816262937,0.0000000000000000,9.4249349761362673,3.0001194646779625,1648.756614,13.909098,-1662.6657118532767,22934.7169964548666,0,9.8e-11
1.0030357201803832,0.0,-0.0021030447799709,0.0000000000000000,0.0024280924893360,0.0000000000000000,9.4284856175251885,3.0001193885947983,1644.514109,14.050335,-1658.5644438075906,23107.9734382317401,0,4.2e-11
1.0030336741686230,0.0,-0.0021071215833674,0.0000000000000000,0.0024292291070845,0.0000000000000000,9.4321107586880490,3.0001193110116171,1640.093274,14.196557,-1654.2898306852990,23285.6773480896372,0,4.9e-11
1.0030315861227979,0.0,-0.0021112699915481,0.0000000000000000,0.0024303921922497,0.0000000000000000,9.4358119613959381,3.0001192319003880,1635.487306,14.347990,-1649.8352956691472,23467.9547752933577,0,2.0e-10
1.0030294551796737,0.0,-0.0021154910180753,0.0000000000000000,0.0024315824839906,0.0000000000000000,9.4395908200965817,3.0001191512326022,1630.689195,14.504870,-1645.1940649889502,23654.9355648644269,0,2.2e-10
1.0030272804574984,0.0,-0.0021197856822927,0.0000000000000000,0.0024328007492034,0.0000000000000000,9.4434489625951628,3.0001190689792590,1625.691715,14.667451,-1640.3591655889063,23846.7534614591859,0,1.3e-10
1.0030250610555254,0.0,-0.0021241550090312,0.0000000000000000,0.0024340477838764,0.0000000000000000,9.4473880507492094,3.0001189851108627,1620.487428,14.835997,-1635.3234250654705,24043.5462043636944,0,2.0e-10
1.0030227960535192,0.0,-0.0021286000283019,0.0000000000000000,0.0024353244145279,0.0000000000000000,9.4514097811778637,3.0001188995974140,1615.068682,15.010789,-1630.0794716134117,24245.4556384577882,0,1.1e-10
1.0030204845112440,0.0,-0.0021331217749733,0.0000000000000000,0.0024366314997147,0.0000000000000000,9.4555158859858093,3.0001188124083984,1609.427608,15.192126,-1624.6197343048773,24452.6278032865375,0,1.2e-10
1.0030181254679320,0.0,-0.0021377212884330,0.0000000000000000,0.0024379699316301,0.0000000000000000,9.4597081335021809,3.0001187235127813,1603.556121,15.380324,-1618.9364453105363,24665.2130372577813,0,1.5e-10
1.0030157179417305,0.0,-0.0021423996122345,0.0000000000000000,0.0024393406377922,0.0000000000000000,9.4639883290347484,3.0001186328789973,1597.445924,15.575717,-1613.0216411839158,24883.3660796489567,0,1.5e-11
1.0030132609291302,0.0,-0.0021471577937273,0.0000000000000000,0.0024407445828169,0.0000000000000000,9.4683583156397066,3.0001185404749435,1591.088506,15.778661,-1606.8671673086985,25107.2461487038527,0,9.2e-11
1.0030107534043702,0.0,-0.0021519968836704,0.0000000000000000,0.0024421827702959,0.0000000000000000,9.4728199749073951,3.0001184462679653,1584.475149,15.989533,-1600.4646814717928,25337.0170525962021,0,8.6e-11
1.0030081943188176,0.0,-0.0021569179358284,0.0000000000000000,0.0024436562447748,0.0000000000000000,9.4773752277642753,3.0001183502248536,1577.596927,16.208733,-1593.8056599123377,25572.8472619985696,0,8.3e-11
1.0030055826003261,0.0,-0.0021619220065503,0.0000000000000000,0.0024451660938439,0.0000000000000000,9.4820260352915202,3.0001182523118284,1570.444716,16.436688,-1586.8814045486008,25814.9099963638000,0,1.5e-11
1.0030029171525665,0.0,-0.0021670101543290,0.0000000000000000,0.0024467134503379,0.0000000000000000,9.4867743995605505,3.0001181524945366,1563.009199,16.673852,-1579.6830503135461,26063.3833013847470,0,1.8e-10
1.0030001968543307,0.0,-0.0021721834393435,0.0000000000000000,0.0024482994946620,0.0000000000000000,9.4916223644858864,3.0001180507380321,1555.280871,16.920706,-1572.2015767388639,26318.4501193622127,0,1.5e-10
1.0029974205588079,0.0,-0.0021774429229789,0.0000000000000000,0.0024499254572384,0.0000000000000000,9.4965720166956888,3.0001179470067738,1547.250054,17.177765,-1564.4278188878532,26580.2983423948754,0,1.3e-10
1.0029945870928316,0.0,-0.0021827896673293,0.0000000000000000,0.0024515926210925,0.0000000000000000,9.5016254864203518,3.0001178412646095,1538.906903,17.445578,-1556.3524815595613,26849.1208665943705,0,1.6e-10
1.0029916952560940,0.0,-0.0021882247346763,0.0000000000000000,0.0024533023245768,0.0000000000000000,9.5067849483995435,3.0001177334747657,1530.241426,17.724730,-1547.9661552586758,27125.1156335670967,0,1.2e-10
1.0029887438203293,0.0,-0.0021937491869501,0.0000000000000000,0.0024550559642398,0.0000000000000000,9.5120526228080937,3.0001176235998370,1521.243490,18.015844,-1539.2593346382969,27408.4856514367275,0,3.0e-11
1.0029857315284652,0.0,-0.0021993640851593,0.0000000000000000,0.0024568549978494,0.0000000000000000,9.5174307762011452,3.0001175116017738,1511.902851,18.319589,-1530.2224396562658,27699.4389990104828,0,2.5e-10
1.0029826570937310,0.0,-0.0022050704888103,0.0000000000000000,0.0024587009475878,0.0000000000000000,9.5229217224789515,3.0001173974418673,1502.209161,18.636678,-1520.8458392778275,27998.1888382560574,0,1.6e-10
1.0029795191987392,0.0,-0.0022108694552914,0.0000000000000000,0.0024605954033999,0.0000000000000000,9.5285278238717979,3.0001172810807391,1492.152003,18.967875,-1511.1198785349818,28304.9533605636097,0,1.5e-10
1.0029763164945202,0.0,-0.0022167620392352,0.0000000000000000,0.0024625400265332,0.0000000000000000,9.5342514919454633,3.0001171624783289,1481.720910,19.313999,-1501.0349088842288,28619.9557526619174,0,5.7e-11
1.0029730475995204,0.0,-0.0022227492918553,0.0000000000000000,0.0024645365532583,0.0000000000000000,9.5400951886276779,3.0001170415938758,1470.905397,19.675925,-1490.5813221456833,28943.4241117923521,0,8.2e-12
1.0029697110985552,0.0,-0.0022288322602544,0.0000000000000000,0.0024665867987873,0.0000000000000000,9.5460614272560509,3.0001169183859084,1459.694994,20.054595,-1479.7495884897696,29275.5913442235906,0,5.8e-11
1.0029663055417211,0.0,-0.0022350119867042,0.0000000000000000,0.0024686926613917,0.0000000000000000,9.5521527736479435,3.0001167928122285,1448.079281,20.451018,-1468.5302986047229,29616.6950272289105,0,1.4e-10
1.0029628294432589,0.0,-0.0022412895078946,0.0000000000000000,0.0024708561267376,0.0000000000000000,9.5583718471927881,3.0001166648298945,1436.047932,20.866279,-1456.9142110370422,29966.9772287382511,0,1.2e-11
1.0029592812803700,0.0,-0.0022476658541526,0.0000000000000000,0.0024730792724411,0.0000000000000000,9.5647213219673617,3.0001165343952048,1423.590757,21.301546,-1444.8923033289377,30326.6842909771949,0,7.0e-11
1.0029556594919824,0.0,-0.0022541420486272,0.0000000000000000,0.0024753642728566,0.0000000000000000,9.5712039278745280,3.0001164014636865,1410.697756,21.758074,-1432.4558301744080,30696.0665705996798,0,4.7e-11
1.0029519624774657,0.0,-0.0022607191064410,0.0000000000000000,0.0024777134041051,0.0000000000000000,9.5778224518060053,3.0001162659900698,1397.359170,22.237216,-1419.5963859674450,31075.3781235297211,0,2.7e-11
1.0029481885952896,0.0,-0.0022673980338058,0.0000000000000000,0.0024801290493560,0.0000000000000000,9.5845797388297012,3.0001161279282762,1383.565544,22.740431,-1406.3059745263020,31464.8763236601371,0,1.6e-11
1.0029443361616297,0.0,-0.0022741798270995,0.0000000000000000,0.0024826137043664,0.0000000000000000,9.5914786934021947,3.0001159872313958,1369.307794,23.269291,-1392.5770851600039,31864.8214368342888,0,1.8e-11
1.0029404034489118,0.0,-0.0022810654719055,0.0000000000000000,0.0024851699832971,0.0000000000000000,9.5985222806069519,3.0001158438516708,1354.577279,23.825496,-1378.4027756203227,32275.4761071458925,0,5.6e-11
1.0029363886842986,0.0,-0.0022880559420086,0.0000000000000000,0.0024878006248037,0.0000000000000000,9.6057135274188887,3.0001156977404744,1339.365879,24.410884,-1363.7767632170685,32697.1047719342168,0,6.9e-12
1.0029322900481130,0.0,-0.0022951521983497,0.0000000000000000,0.0024905084984214,0.0000000000000000,9.6130555239958984,3.0001155488482882,1323.666084,25.027440,-1348.6935238535825,33129.9729836984770,0,6.0e-11
1.0029281056721946,0.0,-0.0023023551879346,0.0000000000000000,0.0024932966112546,0.0000000000000000,9.6205514249979949,3.0001153971246817,1307.471085,25.677315,-1333.1483994418045,33574.3466435265727,0,2.4e-11
1.0029238336381974,0.0,-0.0023096658426899,0.0000000000000000,0.0024961681149691,0.0000000000000000,9.6282044509347422,3.0001152425182909,1290.774875,26.362840,-1317.1377146654834,34030.4911201182986,0,4.9e-11
1.0029194719758070,0.0,-0.0023170850782803,0.0000000000000000,0.0024991263131139,0.0000000000000000,9.6360178895416428,3.0001150849767919,1273.572363,27.086541,-1300.6589037915169,34498.6702544506406,0,5.8e-11
1.0029150186608997,0.0,-0.0023246137928629,0.0000000000000000,0.0025021746687621,0.0000000000000000,9.6439950971862043,3.0001149244468754,1255.859485,27.851161,-1283.7106465905781,34979.1452367386082,0,4.0e-11
1.0029104716136212,0.0,-0.0023322528657899,0.0000000000000000,0.0025053168125007,0.0000000000000000,9.6521395003044024,3.0001147608742280,1237.633338,28.659678,-1266.2930160500018,35472.1733337790938,0,1.2e-10
1.0029058286963948,0.0,-0.0023400031562556,0.0000000000000000,0.0025085565507585,0.0000000000000000,9.6604545968682984,3.0001145942034970,1218.892309,29.515328,-1248.4076367315397,35978.0064671110595,0,1.1e-10
1.0029010877118525,0.0,-0.0023478655018798,0.0000000000000000,0.0025118978744928,0.0000000000000000,9.6689439578855811,3.0001144243782685,1199.636224,30.421630,-1230.0578542048697,36496.8896191020031,0,1.7e-11
1.0028962464006899,0.0,-0.0023558407172307,0.0000000000000000,0.0025153449682361,0.0000000000000000,9.6776112289318270,3.0001142513410377,1179.866504,31.382414,-1211.2489176268757,37029.0590417931089,0,1.2e-11
1.0028913024394419,0.0,-0.0023639295922803,0.0000000000000000,0.0025189022195056,0.0000000000000000,9.6864601317162968,3.0001140750331756,1159.586325,32.401848,-1191.9881734638523,37574.7402743599378,0,3.4e-11
1.0028862534381786,0.0,-0.0023721328907911,0.0000000000000000,0.0025225742285930,0.0000000000000000,9.6954944656821240,3.0001138953949051,1138.800798,33.484474,-1172.2852726213343,38134.1459235956427,0,1.1e-10
1.0028810969381194,0.0,-0.0023804513486311,0.0000000000000000,0.0025263658187217,0.0000000000000000,9.7047181096417461,3.0001137123652635,1117.517152,34.635239,-1152.1523901325866,38707.4732068933081,0,7.8e-12
1.0028758304091683,0.0,-0.0023888856720141,0.0000000000000000,0.0025302820465837,0.0000000000000000,9.7141350234484900,3.0001135258820693,1095.744925,35.859533,-1131.6044576610605,39294.9012227491476,0,4.8e-11
1.0028704512473634,0.0,-0.0023974365356623,0.0000000000000000,0.0025343282132568,0.0000000000000000,9.7237492497052180,3.0001133358818906,1073.496176,37.163232,-1110.6594089261089,39896.5879388462054,0,9.4e-11
1.0028649567722463,0.0,-0.0024061045808878,0.0000000000000000,0.0025385098754970,0.0000000000000000,9.7335649155109909,3.0001131423000085,1050.785699,38.552739,-1089.3384377015864,40512.6668597490061,0,1.1e-10
1.0028593442241491,0.0,-0.0024148904135943,0.0000000000000000,0.0025428328574001,0.0000000000000000,9.7435862342467043,3.0001129450703776,1027.631242,40.035026,-1067.6662680805532,41143.2433556061005,0,5.8e-11
1.0028536107613990,0.0,-0.0024237946021883,0.0000000000000000,0.0025473032624357,0.0000000000000000,9.7538175074007238,3.0001127441255906,1004.053753,41.617683,-1045.6714360459328,41788.3906223316444,0,3.6e-11
1.0028478706423887,0.0,-0.0024326378779582,0.0000000000000000,0.0025518343995655,0.0000000000000000,9.7640542134769088,3.0001125434872646,980.555998,43.274368,-1023.8303666935403,42434.9415035347920,0,2.4e-11
1.0028421236147560,0.0,-0.0024414209334457,0.0000000000000000,0.0025564272169521,0.0000000000000000,9.7742963585585247,3.0001123431475802,957.167680,45.008386,-1002.1760662183334,43082.5726439145510,0,1.6e-11
1.0028363694312925,0.0,-0.0024501444422541,0.0000000000000000,0.0025610826408984,0.0000000000000000,9.7845439489168218,3.0001121430988529,933.918395,46.823096,-980.7414911927759,43730.9507707958110,0,8.7e-11
1.0028306078499645,0.0,-0.0024588090597179,0.0000000000000000,0.0025658015756291,0.0000000000000000,9.7947969910065122,3.0001119433335308,910.837603,48.721894,-959.5594964661530,44379.7328005340532,0,8.8e-11
1.0028294666417235,0.0,-0.0024605170028720,0.0000000000000000,0.0025667431353096,0.0000000000000000,9.7968268815617918,3.0001119038296746,906.292060,49.107961,-955.4000204680952,44508.1547180244816,0,3.8e-11
1.0028283138488530,0.0,-0.0024622395158991,0.0000000000000000,0.0025676965677642,0.0000000000000000,9.7988770518142942,3.0001118639462900,901.709684,49.501348,-951.2110325920612,44637.8451427807449,0,7.1e-12
1.0028271493502294,0.0,-0.0024639766999789,0.0000000000000000,0.0025686620472288,0.0000000000000000,9.8009477042089053,3.0001118236798301,897.090514,49.902226,-946.9927401402706,44768.8135245299782,0,5.7e-11
1.0028259730233675,0.0,-0.0024657286565553,0.0000000000000000,0.0025696397509404,0.0000000000000000,9.8030390432091821,3.0001117830267141,892.434603,50.310767,-942.7453698435569,44901.0692407197785,0,4.3e-11
1.0028247847444021,0.0,-0.0024674954873273,0.0000000000000000,0.0025706298591925,0.0000000000000000,9.8051512753174546,3.0001117419833303,887.742020,50.727149,-938.4691686118856,45034.6215935514192,0,5.7e-11
1.0028235843880704,0.0,-0.0024692772942403,0.0000000000000000,0.0025716325553995,0.0000000000000000,9.8072846090951487,3.0001117005460318,883.012850,51.151554,-934.1644042053712,45169.4797909924528,0,5.9e-11
1.0028223718276945,0.0,-0.0024710741794763,0.0000000000000000,0.0025726480261507,0.0000000000000000,9.8094392551833032,3.0001116587111420,878.247196,51.584170,-929.8313662513606,45305.6529476475553,0,9.6e-12
1.0028211469351620,0.0,-0.0024728862454441,0.0000000000000000,0.0025736764612781,0.0000000000000000,9.8116154263233017,3.0001116164749488,873.445178,52.025189,-925.4703666619860,45443.1500735145528,0,9.6e-11
1.0028199095809076,0.0,-0.0024747135947696,0.0000000000000000,0.0025747180539130,0.0000000000000000,9.8138133373778071,3.0001115738337059,868.606935,52.474806,-921.0817408096442,45581.9800561455777,0,3.0e-11
1.0028186596338946,0.0,-0.0024765563302853,0.0000000000000000,0.0025757730005546,0.0000000000000000,9.8160332053519053,3.0001115307836344,863.732625,52.933223,-916.6658480651539,45722.1516711819568,0,4.5e-11
1.0028173969615957,0.0,-0.0024784145550189,0.0000000000000000,0.0025768415011312,0.0000000000000000,9.8182752494144676,3.0001114873209205,858.822425,53.400647,-912.2230728248868,45863.6735510074650,0,7.8e-11
1.0028161214299705,0.0,-0.0024802883721864,0.0000000000000000,0.0025779237590719,0.0000000000000000,9.8205396909197127,3.0001114434417149,853.876535,53.877291,-907.7538252344200,46006.5541858940269,0,7.5e-11
1.0028148329034505,0.0,-0.0024821778851749,0.0000000000000000,0.0025790199813672,0.0000000000000000,9.8228267534290090,3.0001113991421358,848.895173,54.363369,-903.2585423651985,46150.8019097658689,0,2.6e-11
1.0028135312449158,0.0,-0.0024840831975359,0.0000000000000000,0.0025801303786428,0.0000000000000000,9.8251366627328700,3.0001113544182618,843.878582,54.859106,-898.7376887946929,46296.4248952800990,0,3.5e-12
1.0028122163156747,0.0,-0.0024860044129712,0.0000000000000000,0.0025812551652301,0.0000000000000000,9.8274696468731886,3.0001113092661398,838.827029,55.364729,-894.1917577992159,46443.4311298929388,0,1.1e-11
1.0028108879754440,0.0,-0.0024879416353225,0.0000000000000000,0.0025823945592346,0.0000000000000000,9.8298259361656832,3.0001112636817795,833.740802,55.880471,-889.6212721947197,46591.8284150319523,0,1.5e-11
1.0028095460823270,0.0,-0.0024898949685580,0.0000000000000000,0.0025835487826119,0.0000000000000000,9.8322057632225821,3.0001112176611531,828.620215,56.406570,-885.0267854065455,46741.6243469393230,0,3.1e-11
1.0028081904927924,0.0,-0.0024918645167605,0.0000000000000000,0.0025847180612398,0.0000000000000000,9.8346093629755185,3.0001111712001980,823.465610,56.943272,-880.4088824382263,46892.8263060277095,0,4.3e-11
1.0028068210616523,0.0,-0.0024938503841141,0.0000000000000000,0.0025859026249972,0.0000000000000000,9.8370369726986748,3.0001111242948126,818.277354,57.490827,-875.7681809748083,47045.4414429684402,0,5.9e-11
1.0028054376420401,0.0,-0.0024958526748910,0.0000000000000000,0.0025871027078380,0.0000000000000000,9.8394888320321474,3.0001110769408594,813.055843,58.049490,-871.1053323857711,47199.4766639870941,0,4.4e-11
1.0028040400853884,0.0,-0.0024978714934384,0.0000000000000000,0.0025883185478726,0.0000000000000000,9.8419651830055450,3.0001110291341631,807.801500,58.619523,-866.4210228682235,47354.9386116303504,0,2.6e-11
1.0028026282414058,0.0,-0.0024999069441640,0.0000000000000000,0.0025895503874465,0.0000000000000000,9.8444662700618366,3.0001109808705082,802.514780,59.201195,-861.7159745398861,47511.8336595783476,0,4.1e-11
1.0028012019580532,0.0,-0.0025019591315225,0.0000000000000000,0.0025907984732227,0.0000000000000000,9.8469923400814281,3.0001109321456432,797.196169,59.794778,-856.9909466943723,47670.1678862550762,0,2.0e-11
1.0027997610815222,0.0,-0.0025040281600004,0.0000000000000000,0.0025920630562643,0.0000000000000000,9.8495436424064877,3.0001108829552772,791.846184,60.400553,-852.2467367510353,47829.9470624270616,0,1.2e-11
1.0027983054562086,0.0,-0.0025061141341017,0.0000000000000000,0.0025933443921212,0.0000000000000000,9.8521204288655131,3.0001108332950794,786.465378,61.018804,-847.4841816564719,47991.1766354565625,0,5.8e-11
1.0027968349246899,0.0,-0.0025082171583323,0.0000000000000000,0.0025946427409147,0.0000000000000000,9.8547229537981504,3.0001107831606779,781.054336,61.649823,-842.7041590762874,48153.8617024289561,0,5.3e-12
1.0027953493277004,0.0,-0.0025103373371846,0.0000000000000000,0.0025959583674266,0.0000000000000000,9.8573514740802572,3.0001107325476650,775.613681,62.293908,-837.9075886348919,48318.0070049880887,0,1.7e-11
1.0027938485041061,0.0,-0.0025124747751217,0.0000000000000000,0.0025972915411869,0.0000000000000000,9.8600062491492260,3.0001106814515897,770.144073,62.951360,-833.0954330747309,48483.6169001081144,0,8.6e-12
1.0027923322908789,0.0,-0.0025146295765608,0.0000000000000000,0.0025986425365678,0.0000000000000000,9.8626875410295600,3.0001106298679576,764.646211,63.622489,-828.2686997996744,48650.6953372085700,0,3.1e-11
1.0027908005230715,0.0,-0.0025168018458569,0.0000000000000000,0.0026000116328757,0.0000000000000000,9.8653956143587056,3.0001105777922388,759.120833,64.307609,-823.4284420569488,48819.2458474141895,0,3.5e-12
1.0027892530337905,0.0,-0.0025189916872854,0.0000000000000000,0.0026013991144452,0.0000000000000000,9.8681307364131481,3.0001105252198581,753.568721,65.007039,-818.5757602605800,48989.2715114738094,0,5.6e-12
1.0027876896541710,0.0,-0.0025211992050253,0.0000000000000000,0.0026028052707350,0.0000000000000000,9.8708931771347732,3.0001104721461997,747.990699,65.721105,-813.7118034711864,49160.7749429030810,0,4.5e-12
1.0027861102133477,0.0,-0.0025234245031407,0.0000000000000000,0.0026042303964282,0.0000000000000000,9.8736832091574893,3.0001104185666030,742.387636,66.450134,-808.8377707908307,49333.7582621629699,0,6.4e-11
1.0027845145384302,0.0,-0.0025256676855632,0.0000000000000000,0.0026056747915291,0.0000000000000000,9.8765011078341285,3.0001103644763676,736.760449,67.194463,-803.9549128477355,49508.2230676600593,0,1.2e-10
1.0027829024544723,0.0,-0.0025279288560730,0.0000000000000000,0.0026071387614683,0.0000000000000000,9.8793471512636089,3.0001103098707480,731.110103,67.954430,-799.0645329940196,49684.1704164895928,0,3.1e-11
1.0027812737844464,0.0,-0.0025302081182803,0.0000000000000000,0.0026086226172013,0.0000000000000000,9.8822216203183846,3.0001102547449543,725.437612,68.730377,-794.1679892466658,49861.6007961094729,0,5.0e-11
1.0027796283492130,0.0,-0.0025325055756057,0.0000000000000000,0.0026101266753184,0.0000000000000000,9.8851247986721642,3.0001101990941543,719.744044,69.522651,-789.2666953238131,50040.5140997899871,0,6.3e-11
1.0027779659674929,0.0,-0.0025348213312603,0.0000000000000000,0.0026116512581490,0.0000000000000000,9.8880569728279131,3.0001101429134698,714.030522,70.331601,-784.3621225406607,50220.9095895004575,0,2.5e-11
1.0027762864558365,0.0,-0.0025371554882261,0.0000000000000000,0.0026131966938708,0.0000000000000000,9.8910184321461454,3.0001100861979779,708.298223,71.157578,-779.4558011571866,50402.7858643260552,0,1.9e-11
1.0027745896285949,0.0,-0.0025395081492349,0.0000000000000000,0.0026147633166217,0.0000000000000000,9.8940094688734970,3.0001100289427098,702.548387,72.000935,-774.5493220316780,50586.1408484252170,0,3.0e-11
1.0027728752978893,0.0,-0.0025418794167474,0.0000000000000000,0.0026163514666090,0.0000000000000000,9.8970303781715909,3.0001099711426495,696.782311,72.862027,-769.6443382245991,50770.9717342774384,0,2.0e-12
1.0027711432735797,0.0,-0.0025442693929323,0.0000000000000000,0.0026179614902281,0.0000000000000000,9.9000814581461984,3.0001099127927371,691.001358,73.741208,-764.7425664991868,50957.2749692983052,0,4.3e-11
1.0027693933632345,0.0,-0.0025466781796436,0.0000000000000000,0.0026195937401755,0.0000000000000000,9.9031630098766943,3.0001098538878632,685.206958,74.638831,-759.8457891573543,51145.0462125217891,0,2.7e-11
1.0027676253720970,0.0,-0.0025491058783992,0.0000000000000000,0.0026212485755684,0.0000000000000000,9.9062753374458161,3.0001097944228730,679.400609,75.555246,-754.9558555630509,51334.2802937930683,0,3.4e-11
1.0027658391030556,0.0,-0.0025515525903576,0.0000000000000000,0.0026229263620639,0.0000000000000000,9.9094187479697204,3.0001097343925611,673.583882,76.490802,-750.0746837454006,51524.9711889704922,0,2.8e-11
1.0027640343566098,0.0,-0.0025540184162950,0.0000000000000000,0.0026246274719822,0.0000000000000000,9.9125935516283530,3.0001096737916755,667.758422,77.445840,-745.2042622403543,51717.1119726070610,0,4.6e-11
1.0027622109308363,0.0,-0.0025565034565819,0.0000000000000000,0.0026263522844294,0.0000000000000000,9.9158000616961246,3.0001096126149149,661.925955,78.420697,-740.3466516645206,51910.6947720606113,0,5.6e-11
1.0027603686213569,0.0,-0.0025590078111589,0.0000000000000000,0.0026281011854238,0.0000000000000000,9.9190385945728998,3.0001095508569264,656.088286,79.415700,-735.5039864226636,52105.7107530998474,0,2.2e-11
1.0027585072213034,0.0,-0.0025615315795123,0.0000000000000000,0.0026298745680244,0.0000000000000000,9.9223094698153051,3.0001094885123094,650.247309,80.431167,-730.6784764698697,52302.1500395728217,0,1.1e-11
1.0027566265212835,0.0,-0.0025640748606492,0.0000000000000000,0.0026316728324595,0.0000000000000000,9.9256130101683571,3.0001094255756118,644.405007,81.467402,-725.8724089915853,52500.0016967279953,0,4.3e-12
1.0027547263093453,0.0,-0.0025666377530722,0.0000000000000000,0.0026334963862586,0.0000000000000000,9.9289495415974134,3.0001093620413295,638.563456,82.524694,-721.0881500786702,52699.2536751264124,0,3.3e-11
1.0027528063709419,0.0,-0.0025692203547537,0.0000000000000000,0.0026353456443875,0.0000000000000000,9.9323193933204514,3.0001092979039079,632.724833,83.603314,-716.3281465054573,52899.8927661509952,0,4.1e-11
1.0027508664888953,0.0,-0.0025718227631096,0.0000000000000000,0.0026372210293817,0.0000000000000000,9.9357228978406802,3.0001092331577386,626.891415,84.703512,-711.5949273994354,53101.9045484490343,0,5.4e-11
1.0027489064433595,0.0,-0.0025744450749726,0.0000000000000000,0.0026391229714859,0.0000000000000000,9.9391603909794792,3.0001091677971612,621.065593,85.825513,-706.8911059515717,53305.2733438559517,0,3.2e-11
1.0027469260117836,0.0,-0.0025770873865653,0.0000000000000000,0.0026410519087931,0.0000000000000000,9.9426322119096877,3.0001091018164603,615.249867,86.969514,-702.2193810758916,53509.9821474331839,0,3.2e-11
1.0027449249688740,0.0,-0.0025797497934722,0.0000000000000000,0.0026430082873862,0.0000000000000000,9.9461387031892290,3.0001090352098689,609.446861,88.135679,-697.5825391804104,53716.0126018190349,0,4.3e-11
1.0027429030865571,0.0,-0.0025824323906123,0.0000000000000000,0.0026449925614789,0.0000000000000000,9.9496802107950817,3.0001089679715625,603.659324,89.324132,-692.9834556547672,53923.3449244076037,0,7.3e-11
1.0027408601339387,0.0,-0.0025851352722104,0.0000000000000000,0.0026470051935672,0.0000000000000000,9.9532570841575989,3.0001089000956638,597.890140,90.534956,-688.4250967316044,54131.9578229357721,0,6.1e-11
1.0027387958772671,0.0,-0.0025878585317680,0.0000000000000000,0.0026490466545685,0.0000000000000000,9.9568696761951863,3.0001088315762363,592.142334,91.768187,-683.9105208481021,54341.8285048544931,0,5.8e-11
1.0027367100798905,0.0,-0.0025906022620343,0.0000000000000000,0.0026511174239789,0.0000000000000000,9.9605183433493352,3.0001087624072897,586.419078,93.023803,-679.4428803925039,54552.9325321546639,0,8.8e-11
1.0027346025022201,0.0,-0.0025933665549765,0.0000000000000000,0.0026532179900180,0.0000000000000000,9.9642034456200186,3.0001086925827751,580.723704,94.301719,-675.0254231999324,54765.2438099747815,0,2.6e-11
1.0027324729016860,0.0,-0.0025961515017494,0.0000000000000000,0.0026553488497855,0.0000000000000000,9.9679253466014526,3.0001086220965849,575.059709,95.601785,-670.6614939231250,54978.7345153320057,0,2.2e-11
1.0027303210326981,0.0,-0.0025989571926652,0.0000000000000000,0.0026575105094140,0.0000000000000000,9.9716844135182257,3.0001085509425542,569.430769,96.923767,-666.3545356480541,55193.3750051517563,0,1.6e-11
1.0027281466466031,0.0,-0.0026017837171622,0.0000000000000000,0.0026597034842270,0.0000000000000000,9.9754810172618082,3.0001084791144570,563.840745,98.267346,-662.1080911659454,55409.1337673686212,0,1.1e-11
1.0027259494916421,0.0,-0.0026046311637737,0.0000000000000000,0.0026619282988952,0.0000000000000000,9.9793155324274370,3.0001084066060093,558.293697,99.632107,-657.9258042784853,55625.9773291818274,0,8.5e-12
1.0027237293129074,0.0,-0.0026074996200961,0.0000000000000000,0.0026641854876000,0.0000000000000000,9.9831883373513808,3.0001083334108642,552.793898,101.017523,-653.8114210701964,55843.8702021310455,0,6.6e-11
1.0027214858522999,0.0,-0.0026103891727570,0.0000000000000000,0.0026664755941902,0.0000000000000000,9.9870998141485998,3.0001082595226150,547.345843,102.422948,-649.7687911140262,56062.7747693607234,0,5.1e-12
1.0027192188484833,0.0,-0.0026132999073826,0.0000000000000000,0.0026687991723508,0.0000000000000000,9.9910503487507913,3.0001081849347906,541.954266,103.847603,-645.8018683753583,56282.6512550743064,0,3.4e-11
1.0027169280368400,0.0,-0.0026162319085649,0.0000000000000000,0.0026711567857640,0.0000000000000000,9.9950403309448372,3.0001081096408586,536.624152,105.290560,-641.9147123835327,56503.4575864654325,0,9.5e-12
1.0027146131494267,0.0,-0.0026191852598286,0.0000000000000000,0.0026735490082773,0.0000000000000000,9.9990701544116440,3.0001080336342225,531.360758,106.750731,-638.1114889616762,56725.1493496530165,0,3.5e-11
1.0027122739149275,0.0,-0.0026221600435979,0.0000000000000000,0.0026759764240709,0.0000000000000000,10.0031402167654022,3.0001079569082201,526.169623,108.226848,-634.3964710167245,56947.6796768868808,0,2.5e-11
1.0027099100586070,0.0,-0.0026251563411624,0.0000000000000000,0.0026784396278277,0.0000000000000000,10.0072509195932433,3.0001078794561238,521.056592,109.717447,-630.7740391186234,57170.9991623402457,0,2.5e-11
1.0027075213022647,0.0,-0.0026281742326435,0.0000000000000000,0.0026809392249035,0.0000000000000000,10.0114026684953217,3.0001078012711404,516.027828,111.220854,-627.2486820196945,57395.0557581359462,0,3.9e-11
1.0027051073641862,0.0,-0.0026312137969601,0.0000000000000000,0.0026834758314991,0.0000000000000000,10.0155958731253136,3.0001077223464083,511.089837,112.735160,-623.8249969035527,57619.7946902737312,0,1.8e-11
1.0027026679590947,0.0,-0.0026342751117942,0.0000000000000000,0.0026860500748342,0.0000000000000000,10.0198309472313412,3.0001076426750002,506.249482,114.258207,-620.5076895645193,57845.1583570000948,0,4.3e-11
1.0027002027981036,0.0,-0.0026373582535564,0.0000000000000000,0.0026886625933194,0.0000000000000000,10.0241083086973273,3.0001075622499163,501.514009,115.787566,-617.3015744091567,58071.0862012909492,0,8.0e-12
1.0026977115886655,0.0,-0.0026404632973512,0.0000000000000000,0.0026913140367343,0.0000000000000000,10.0284283795847937,3.0001074810640889,496.891060,117.320514,-614.2115741314010,58297.5146482899145,0,9.2e-11
1.0026951940345232,0.0,-0.0026435903169424,0.0000000000000000,0.0026940050664017,0.0000000000000000,10.0327915861750867,3.0001073991103802,492.388698,118.854022,-611.2427193579347,58524.3769280422712,0,2.5e-11
1.0026926498356585,0.0,-0.0026467393847178,0.0000000000000000,0.0026967363553647,0.0000000000000000,10.0371983590120628,3.0001073163815786,488.015421,120.384727,-608.4001479207948,58751.6030393439578,0,2.7e-11
1.0026900786882413,0.0,-0.0026499105716550,0.0000000000000000,0.0026995085885651,0.0000000000000000,10.0416491329452224,3.0001072328704002,483.780184,121.908920,-605.6891039721237,58979.1195696233481,0,1.5e-11
1.0026874802845773,0.0,-0.0026531039472864,0.0000000000000000,0.0027023224630202,0.0000000000000000,10.0461443471732981,3.0001071485694886,479.692409,123.422528,-603.1149367853893,59206.8496019730665,0,3.6e-11
1.0026848543130562,0.0,-0.0026563195796642,0.0000000000000000,0.0027051786880013,0.0000000000000000,10.0506844452883133,3.0001070634714098,475.761998,124.921101,-600.6830992809329,59434.7125999132404,0,5.8e-12
1.0026822004580973,0.0,-0.0026595575353264,0.0000000000000000,0.0027080779852153,0.0000000000000000,10.0552698753201071,3.0001069775686560,471.999343,126.399804,-598.3991462840231,59662.6242473108723,0,5.3e-11
1.0026795184000976,0.0,-0.0026628178792621,0.0000000000000000,0.0027110210889784,0.0000000000000000,10.0599010897813343,3.0001068908536426,468.415322,127.853410,-596.2687324341250,59890.4963342585543,0,2.9e-11
1.0026768078153763,0.0,-0.0026661006748767,0.0000000000000000,0.0027140087463978,0.0000000000000000,10.0645785457129531,3.0001068033187046,465.021303,129.276307,-594.2976097168536,60118.2366333446989,0,9.4e-12
1.0026740683761179,0.0,-0.0026694059839625,0.0000000000000000,0.0027170417175516,0.0000000000000000,10.0693027047301911,3.0001067149560985,461.829122,130.662502,-592.4916246715037,60345.7487505321478,0,5.4e-11
1.0026712997503207,0.0,-0.0026727338666590,0.0000000000000000,0.0027201207756630,0.0000000000000000,10.0740740330690208,3.0001066257580016,458.851069,132.005646,-590.8567152087147,60572.9319526582258,0,2.1e-11
1.0026685016017367,0.0,-0.0026760843814247,0.0000000000000000,0.0027232467072790,0.0000000000000000,10.0788930016331229,3.0001065357165064,456.099846,133.299061,-589.3989069557244,60799.6810865807929,0,7.6e-12
1.0026656735898167,0.0,-0.0026794575850040,0.0000000000000000,0.0027264203124478,0.0000000000000000,10.0837600860413676,3.0001064448236243,453.588530,134.535779,-588.1243092106280,61025.8863495466940,0,2.8e-12
1.0026628153696509,0.0,-0.0026828535323959,0.0000000000000000,0.0027296424048936,0.0000000000000000,10.0886757666758076,3.0001063530712826,451.330506,135.708605,-587.0391103864920,61251.4331907886226,0,1.1e-11
1.0026599265919116,0.0,-0.0026862722768239,0.0000000000000000,0.0027329138121893,0.0000000000000000,10.0936405287301927,3.0001062604513207,449.339397,136.810176,-586.1495729573779,61476.2021193135297,0,6.8e-12
1.0026570069027940,0.0,-0.0026897138697059,0.0000000000000000,0.0027362353759296,0.0000000000000000,10.0986548622590213,3.0001061669554918,447.628974,137.833054,-585.4620278796102,61700.0685617786075,0,3.2e-11
1.0026540559439550,0.0,-0.0026931783606269,0.0000000000000000,0.0027396079519015,0.0000000000000000,10.1037192622271217,3.0001060725754614,446.213054,138.769814,-584.9828684296388,61922.9026682152762,0,6.1e-11
1.0026510733524532,0.0,-0.0026966657973112,0.0000000000000000,0.0027430324102533,0.0000000000000000,10.1088342285597861,3.0001059773028023,445.105383,139.613160,-584.7185434396118,62144.5691513476922,0,4.2e-11
1.0026480587606879,0.0,-0.0027001762255973,0.0000000000000000,0.0027465096356587,0.0000000000000000,10.1140002661934520,3.0001058811289969,444.319509,140.356041,-584.6755499131893,62364.9271169410058,0,1.6e-11
1.0026450117963359,0.0,-0.0027037096894133,0.0000000000000000,0.0027500405274812,0.0000000000000000,10.1192178851269556,3.0001057840454335,443.868646,140.991778,-584.8604249395623,62583.8298677182465,0,3.1e-12
1.0026419320822888,0.0,-0.0027072662307553,0.0000000000000000,0.0027536259999309,0.0000000000000000,10.1244876004733495,3.0001056860434070,443.765538,141.514199,-585.2797369149538,62801.1247201448132,0,6.4e-12
1.0026388192365880,0.0,-0.0027108458896669,0.0000000000000000,0.0027572669822256,0.0000000000000000,10.1298099325123019,3.0001055871141116,444.022315,141.917761,-585.9400759942182,63016.6528096411494,0,7.5e-11
1.0026356728723607,0.0,-0.0027144487042207,0.0000000000000000,0.0027609644187405,0.0000000000000000,10.1351854067430889,3.0001054872486463,444.650368,142.197676,-586.8480437216194,63230.2488612502930,0,2.5e-11
1.0026324925977534,0.0,-0.0027180747105033,0.0000000000000000,0.0027647192691535,0.0000000000000000,10.1406145539381853,3.0001053864380074,445.660223,142.350019,-588.0102419538916,63441.7410873143526,0,5.5e-11
1.0026292780158645,0.0,-0.0027217239426014,0.0000000000000000,0.0027685325085941,0.0000000000000000,10.1460979101974651,3.0001052846730887,447.061441,142.371820,-589.4332606465384,63650.9508368066308,0,7.9e-11
1.0026260287246769,0.0,-0.0027253964325925,0.0000000000000000,0.0027724051277789,0.0000000000000000,10.1516360170030246,3.0001051819446793,448.862532,142.261133,-591.1236649694173,63857.6924821139837,0,3.9e-11
1.0026227443169875,0.0,-0.0027290922105377,0.0000000000000000,0.0027763381331413,0.0000000000000000,10.1572294212746339,3.0001050782434620,451.070898,142.017083,-593.0879812976978,64061.7731845672970,0,4.7e-11
1.0026194243803386,0.0,-0.0027328113044778,0.0000000000000000,0.0027803325469623,0.0000000000000000,10.1628786754258424,3.0001049735600085,453.692807,141.639875,-595.3326821826092,64262.9926361573453,0,4.7e-11
1.0026160684969434,0.0,-0.0027365537404350,0.0000000000000000,0.0027843894074881,0.0000000000000000,10.1685843374207288,3.0001048678847813,456.733380,141.130790,-597.8641702467393,64461.1428500063193,0,7.7e-12
1.0026126762436154,0.0,-0.0027403195424165,0.0000000000000000,0.0027885097690411,0.0000000000000000,10.1743469708313263,3.0001047612081271,460.196622,140.492139,-600.6887609989758,64656.0079397676454,0,2.2e-11
1.0026092471916923,0.0,-0.0027441087324244,0.0000000000000000,0.0027926947021267,0.0000000000000000,10.1801671448957372,3.0001046535202760,464.085460,139.727204,-603.8126643220551,64847.3638394700829,0,3.1e-11
1.0026057809069595,0.0,-0.0027479213304705,0.0000000000000000,0.0027969452935277,0.0000000000000000,10.1860454345769327,3.0001045448113386,468.401815,138.840150,-607.2419648063694,65034.9780741886643,0,1.8e-11
1.0026022769495730,0.0,-0.0027517573545956,0.0000000000000000,0.0028012626463909,0.0000000000000000,10.1919824206222795,3.0001044350713029,473.146676,137.835924,-610.9826008189307,65218.6095372389536,0,3.2e-11
1.0025987348739789,0.0,-0.0027556168208965,0.0000000000000000,0.0028056478803056,0.0000000000000000,10.1979786896237865,3.0001043242900329,478.320193,136.720149,-615.0403419526729,65398.0081526718423,0,1.9e-11
1.0025951542288307,0.0,-0.0027594997435580,0.0000000000000000,0.0028101021313676,0.0000000000000000,10.2040348340791027,3.0001042124572623,483.921767,135.498998,-619.4207653411427,65572.9146834949788,0,1.0e-11
1.0025915345569074,0.0,-0.0027634061348933,0.0000000000000000,0.0028146265522348,0.0000000000000000,10.2101514524532835,3.0001040995625932,489.950150,134.179080,-624.1292302545694,65743.0604238927917,0,6.1e-11
1.0025878753950239,0.0,-0.0027673360053919,0.0000000000000000,0.0028192223121725,0.0000000000000000,10.2163291492413375,3.0001039855954925,496.403530,132.767321,-629.1708511163279,65908.1668948318693,0,5.8e-11
1.0025841762739440,0.0,-0.0027712893637756,0.0000000000000000,0.0028238905970782,0.0000000000000000,10.2225685350315860,3.0001038705452876,503.279613,131.270856,-634.5504690428563,66067.9456009044079,0,4.5e-11
1.0025804367182880,0.0,-0.0027752662170649,0.0000000000000000,0.0028286326095009,0.0000000000000000,10.2288702265698497,3.0001037544011635,510.575697,129.696925,-640.2726214664991,66222.0977087480132,0,5.0e-11
1.0025766562464360,0.0,-0.0027792665706546,0.0000000000000000,0.0028334495686420,0.0000000000000000,10.2352348468244916,3.0001036371521557,518.288727,128.052783,-646.3415100125241,66370.3137285281846,0,1.2e-11
1.0025728343704310,0.0,-0.0027832904284012,0.0000000000000000,0.0028383427103358,0.0000000000000000,10.2416630250523397,3.0001035187871494,526.415347,126.345620,-652.7609666234324,66512.2732425784925,0,3.8e-11
1.0025689705958745,0.0,-0.0027873377927223,0.0000000000000000,0.0028433132870234,0.0000000000000000,10.2481553968655206,3.0001033992948734,534.951924,124.582493,-659.5344174921389,66647.6445271222619,0,4.6e-11
1.0025650644218209,0.0,-0.0027914086647087,0.0000000000000000,0.0028483625676968,0.0000000000000000,10.2547126042992414,3.0001032786638908,543.894574,122.770271,-666.6648451523728,66776.0842614810972,0,5.3e-11
1.0025611153406655,0.0,-0.0027955030442522,0.0000000000000000,0.0028534918378324,0.0000000000000000,10.2613352958805333,3.0001031568826044,553.239163,120.915585,-674.1547483849156,66897.2371693164168,0,3.7e-11
1.0025571228380274,0.0,-0.0027996209301872,0.0000000000000000,0.0028587023993000,0.0000000000000000,10.2680241266980268,3.0001030339392383,562.981302,119.024798,-682.0060999160240,67010.7356769412581,0,1.3e-11
1.0025530863926280,0.0,-0.0028037623204519,0.0000000000000000,0.0028639955702484,0.0000000000000000,10.2747797584727678,3.0001029098218401,573.116328,117.103974,-690.2203018173340,67116.1995486922387,0,3.9e-11
1.0025490054761601,0.0,-0.0028079272122661,0.0000000000000000,0.0028693726849730,0.0000000000000000,10.2816028596301337,3.0001027845182717,583.639275,115.158863,-698.7981384351634,67213.2354831363482,0,1.0e-11
1.0025448795531535,0.0,-0.0028121156023304,0.0000000000000000,0.0028748350937546,0.0000000000000000,10.2884941053729033,3.0001026580162011,594.544838,113.194889,-707.7397271294910,67301.4367852471478,0,5.8e-11
1.0025407080808311,0.0,-0.0028163274870485,0.0000000000000000,0.0028803841626702,0.0000000000000000,10.2954541777555235,3.0001025303030988,605.827325,111.217141,-717.0444659042365,67380.3828828235564,0,4.3e-11
1.0025364905089542,0.0,-0.0028205628627723,0.0000000000000000,0.0028860212733821,0.0000000000000000,10.3024837657596429,3.0001024013662239,617.480602,109.230377,-726.7109790223793,67449.6389885803219,0,2.7e-11
1.0025322262796625,0.0,-0.0028248217260755,0.0000000000000000,0.0028917478228893,0.0000000000000000,10.3095835653709678,3.0001022711926222,629.498034,107.239025,-736.7370593807063,67508.7556261897262,0,4.0e-11
1.0025279148272981,0.0,-0.0028291040740553,0.0000000000000000,0.0028975652232554,0.0000000000000000,10.3167542796575216,3.0001021397691110,641.872418,105.247190,-747.1196080994634,67557.2681753783545,0,4.5e-11
1.0025235555782201,0.0,-0.0028334099046670,0.0000000000000000,0.0029034749012985,0.0000000000000000,10.3239966188493906,3.0001020070822730,654.595912,103.258660,-757.8545712438773,67594.6964144058293,0,2.8e-11
1.0025191479506059,0.0,-0.0028377392170938,0.0000000000000000,0.0029094782982430,0.0000000000000000,10.3313113004200403,3.0001018731184419,667.659953,101.276921,-768.9368734885189,67620.5440366956755,0,3.2e-11
1.0025146913542344,0.0,-0.0028420920121545,0.0000000000000000,0.0029155768693422,0.0000000000000000,10.3386990491693158,3.0001017378636958,681.055182,99.305166,-780.3603482740119,67634.2981077863078,0,2.2e-11
1.0025101851902538,0.0,-0.0028464682927557,0.0000000000000000,0.0029217720834522,0.0000000000000000,10.3461605973082271,3.0001016013038400,694.771354,97.346311,-792.1176650940391,67635.4285549729830,0,3.8e-11
1.0025056288509300,0.0,-0.0028508680643885,0.0000000000000000,0.0029280654225690,0.0000000000000000,10.3536966845456622,3.0001014634243952,708.797248,95.403005,-804.2002529325140,67623.3875680501806,0,5.2e-11
1.0025010217193706,0.0,-0.0028552913356787,0.0000000000000000,0.0029344583813198,0.0000000000000000,10.3613080581771655,3.0001013242105801,723.120575,93.477646,-816.5982204070854,67597.6090109003126,0,3.6e-11
1.0024963631692283,0.0,-0.0028597381189939,0.0000000000000000,0.0029409524664041,0.0000000000000000,10.3689954731759535,3.0001011836473004,737.727878,91.572394,-829.3002721912152,67557.5077927157399,0,4.0e-11
1.0024916525643712,0.0,-0.0028642084311123,0.0000000000000000,0.0029475491959892,0.0000000000000000,10.3767596922863419,3.0001010417191281,752.604435,89.689186,-842.2936214096827,67502.4791655828012,0,3.7e-11
1.0024868892585259,0.0,-0.0028687022939632,0.0000000000000000,0.0029542500990489,0.0000000000000000,10.3846014861198181,3.0001008984102788,767.734149,87.829750,-855.5638982511396,67431.8980124865193,0,1.6e-11
1.0024820725948829,0.0,-0.0028732197354426,0.0000000000000000,0.0029610567146464,0.0000000000000000,10.3925216332539865,3.0001007537045981,783.099439,85.995615,-869.0950544107252,67345.1180747424951,0,9.0e-12
1.0024772019056576,0.0,-0.0028777607903195,0.0000000000000000,0.0029679705911637,0.0000000000000000,10.4005209203346638,3.0001006075855314,798.681133,84.188130,-882.8692632795453,67241.4711270816624,0,5.3e-11
1.0024722765116141,0.0,-0.0028823255012308,0.0000000000000000,0.0029749932854559,0.0000000000000000,10.4086001421814647,3.0001004600361036,814.458345,82.408470,-896.8668150114839,67120.2660176658537,0,1.2e-11
1.0024672957215273,0.0,-0.0028869139197889,0.0000000000000000,0.0029821263619509,0.0000000000000000,10.4167601018972125,3.0001003110388882,830.408357,80.657651,-911.0660083424771,66980.7878017452895,0,1.4e-11
1.0024622588315892,0.0,-0.0028915261078070,0.0000000000000000,0.0029893713916721,0.0000000000000000,10.4250016109816368,3.0001001605759785,846.506492,78.936544,-925.4430358641030,66822.2966031969409,0,6.7e-11
1.0024571651247469,0.0,-0.0028961621386570,0.0000000000000000,0.0029967299511918,0.0000000000000000,10.4333254894498246,3.0001000086289542,862.725987,77.245878,-939.9718648293167,66644.0264577170019,0,9.0e-12
1.0024520138699600,0.0,-0.0029008220987793,0.0000000000000000,0.0030042036214988,0.0000000000000000,10.4417325659560056,3.0000998551788398,879.037853,75.586261,-954.6241134075043,66445.1841549263336,0,6.0e-11
1.0024468043213690,0.0,-0.0029055060893605,0.0000000000000000,0.0030117939867941,0.0000000000000000,10.4502236779233399,3.0000997002060683,895.410740,73.958179,-969.3689188619393,66224.9476974123390,0,3.5e-11
1.0024415357173606,0.0,-0.0029102142282029,0.0000000000000000,0.0030195026331885,0.0000000000000000,10.4587996716804987,3.0000995436904327,911.810788,72.362014,-984.1728022535385,65982.4649028728018,0,2.1e-11
1.0024362072795121,0.0,-0.0029149466518094,0.0000000000000000,0.0030273311473166,0.0000000000000000,10.4674614026059452,3.0000993856110334,928.201478,70.798047,-998.9995249452716,65716.8516774076852,0,4.2e-11
1.0024308182113975,0.0,-0.0029197035177150,0.0000000000000000,0.0030352811148531,0.0000000000000000,10.4762097352810049,3.0000992259462236,944.543470,69.266468,-1013.8099377244544,65427.1900610319572,0,7.5e-12
1.0024253676972350,0.0,-0.0029244850070980,0.0000000000000000,0.0030433541189219,0.0000000000000000,10.4850455436530154,3.0000990646735408,960.794440,67.767385,-1028.5618240632728,65112.5262404517853,0,4.3e-12
1.0024198549003449,0.0,-0.0029292913277102,0.0000000000000000,0.0030515517384114,0.0000000000000000,10.4939697112100845,3.0000989017696393,976.908906,66.300827,-1043.2097331013736,64771.8681216294644,0,4.8e-11
1.0024142789613932,0.0,-0.0029341227171761,0.0000000000000000,0.0030598755461690,0.0000000000000000,10.5029831311692732,3.0000987372102044,992.838049,64.866755,-1057.7048041456651,64404.1826806130121,0,3.5e-11
1.0024086389963773,0.0,-0.0029389794467142,0.0000000000000000,0.0030683271070835,0.0000000000000000,10.5120867066804173,3.0000985709698611,1008.529515,63.465067,-1071.9945815367187,64008.3930203543277,0,5.1e-11
1.0024029340943146,0.0,-0.0029438618253484,0.0000000000000000,0.0030769079760528,0.0000000000000000,10.5212813510482164,3.0000984030220712,1023.927217,62.095600,-1086.0228168256917,63583.3749255298171,0,2.9e-11
1.0023971633145765,0.0,-0.0029487702046878,0.0000000000000000,0.0030856196958238,0.0000000000000000,10.5305679879758110,3.0000982333390129,1038.971119,60.758140,-1099.7292591204655,63127.9530393112218,0,2.0e-11
1.0023913256838044,0.0,-0.0029537049843719,0.0000000000000000,0.0030944637947114,0.0000000000000000,10.5399475518337553,3.0000980618914421,1053.597005,59.452425,-1113.0494297824525,62640.8964193424908,0,8.2e-12
1.0023854201923295,0.0,-0.0029586666182932,0.0000000000000000,0.0031034417841865,0.0000000000000000,10.5494209879591967,3.0000978886485408,1067.736236,58.178145,-1125.9143805103192,62120.9134739133297,0,2.1e-11
1.0023794457899957,0.0,-0.0029636556217404,0.0000000000000000,0.0031125551563437,0.0000000000000000,10.5589892529911573,3.0000977135777296,1081.315478,56.934953,-1138.2504316164143,61566.6461242580554,0,1.8e-12
1.0023734013812704,0.0,-0.0029686725796296,0.0000000000000000,0.0031218053812403,0.0000000000000000,10.5686533152493016,3.0000975366444687,1094.256423,55.722463,-1149.9788861971185,60976.6629902758868,0,1.1e-11
1.0023672858194910,0.0,-0.0029737181560379,0.0000000000000000,0.0031311939041226,0.0000000000000000,10.5784141551653530,3.0000973578120034,1106.475465,54.540253,-1161.0157177894814,60349.4515442911070,0,3.1e-11
1.0023610979000674,0.0,-0.0029787931052925,0.0000000000000000,0.0031407221425430,0.0000000000000000,10.5882727657787594,3.0000971770410909,1117.883355,53.387868,-1171.2712232959982,59683.4088229765184,0,2.1e-12
1.0023548363523984,0.0,-0.0029838982849541,0.0000000000000000,0.0031503914833970,0.0000000000000000,10.5982301533112668,3.0000969942896547,1128.384816,52.264821,-1180.6496372253625,58976.8306243579136,0,3.5e-12
1.0023484998302163,0.0,-0.0029890346710906,0.0000000000000000,0.0031602032798947,0.0000000000000000,10.6082873378392328,3.0000968095124012,1137.878101,51.170594,-1189.0486952490000,58227.8986059860326,0,8.1e-12
1.0023420868999782,0.0,-0.0029942033763735,0.0000000000000000,0.0031701588485218,0.0000000000000000,10.6184453540879371,3.0000966226603381,1146.254502,50.104636,-1196.3591380492574,57434.6650140483398,0,1.2e-11
1.0023355960268145,0.0,-0.0029994056716626,0.0000000000000000,0.0031802594660431,0.0000000000000000,10.6287052523795449,3.0000964336802158,1153.397776,49.066363,-1202.4641391845848,56595.0343557042070,0,3.2e-12
1.0023290255574024,0.0,-0.0030046430119481,0.0000000000000000,0.0031905063666430,0.0000000000000000,10.6390680997764271,3.0000962425138420,1159.183483,48.055154,-1207.2386378495794,55706.7412874357542,0,3.8e-12
1.0023223736989277,0.0,-0.0030099170677920,0.0000000000000000,0.0032009007393216,0.0000000000000000,10.6495349814753784,3.0000960490972512,1163.478203,47.070348,-1210.5485509750301,54767.3237431673333,0,2.1e-12
1.0023156384930136,0.0,-0.0030152297637768,0.0000000000000000,0.0032114437257455,0.0000000000000000,10.6601070025276599,3.0000958533596833,1166.138596,46.111234,-1212.2498299088040,53774.0899828410475,0,4.2e-11
1.0023088177831141,0.0,-0.0030205833259999,0.0000000000000000,0.0032221364188041,0.0000000000000000,10.6707852899872364,3.0000956552223141,1167.010268,45.177047,-1212.1873149995122,52724.0777835050831,0,2.3e-12
1.0023019091732999,0.0,-0.0030259803413871,0.0000000000000000,0.0032329798622704,0.0000000000000000,10.6815709956292046,3.0000954545966638,1165.926377,44.266949,-1210.1933257303888,51614.0034920950420,0,2.7e-11
1.0022949099755600,0.0,-0.0030314238326737,0.0000000000000000,0.0032439750521336,0.0000000000000000,10.6924652994384513,3.0000952513825729,1162.705882,43.380014,-1206.0858958162353,50440.1975001607789,0,1.8e-12
1.0022878171415417,0.0,-0.0030369173544877,0.0000000000000000,0.0032551229404509,0.0000000000000000,10.7034694141554390,3.0000950454656037,1157.151328,42.515201,-1199.6665295213049,49198.5216240928276,0,3.6e-12
1.0022806271728297,0.0,-0.0030424651183529,0.0000000000000000,0.0032664244430139,0.0000000000000000,10.7145845912987472,3.0000948367136373,1149.045980,41.671319,-1190.7172994811676,47884.2617614637129,0,1.5e-11
1.0022733360010709,0.0,-0.0030480721581189,0.0000000000000000,0.0032778804527967,0.0000000000000000,10.7258121292916240,3.0000946249723599,1138.150045,40.846975,-1178.9970199975089,46491.9860485951649,0,5.8e-12
1.0022659388247683,0.0,-0.0030537445531735,0.0000000000000000,0.0032894918623003,0.0000000000000000,10.7371533846537162,3.0000944100591411,1124.195597,40.040500,-1164.2360973761624,45015.3539537863107,0,6.5e-12
1.0022584298822252,0.0,-0.0030594897363873,0.0000000000000000,0.0033012595998153,0.0000000000000000,10.7486097877722724,3.0000941917545711,1106.879593,39.249846,-1146.1294392991717,43446.8537627779879,0,6.6e-12
1.0022509551359282,0.0,-0.0030652000957431,0.0000000000000000,0.0033129458304007,0.0000000000000000,10.7599514070022177,3.0000939742453485,1086.311117,38.487783,-1124.7989002842269,41811.7065653372556,0,1.6e-12
1.0022496130948044,0.0,-0.0030662248039258,0.0000000000000000,0.0033150403064777,0.0000000000000000,10.7619805298712308,3.0000939351673317,1082.251394,38.353344,-1120.6047376387735,41509.9596519849729,0,4.5e-12
1.0022482560185857,0.0,-0.0030672608990003,0.0000000000000000,0.0033171569385815,0.0000000000000000,10.7640300343347413,3.0000938956425887,1078.029596,38.218083,-1116.2476784942928,41202.2241662065499,0,2.3e-11
1.0022468836795331,0.0,-0.0030683085850648,0.0000000000000000,0.0033192959679315,0.0000000000000000,10.7661001294542693,3.0000938556637622,1073.639784,38.081977,-1111.7217606136849,40888.3254868136719,0,3.4e-12
1.0022454958425049,0.0,-0.0030693680750617,0.0000000000000000,0.0033214576388587,0.0000000000000000,10.7681910267767371,3.0000938152232246,1069.075750,37.945001,-1107.0207511669398,40568.0807709712535,0,5.6e-12
1.0022440922644325,0.0,-0.0030704395914691,0.0000000000000000,0.0033236421989178,0.0000000000000000,10.7703029403973360,3.0000937743130662,1064.331001,37.807128,-1102.1381294472467,40241.2983785603428,0,1.7e-11
1.0022426726937368,0.0,-0.0030715233670656,0.0000000000000000,0.0033258498990189,0.0000000000000000,10.7724360870275842,3.0000937329250670,1059.398741,37.668326,-1097.0670669536455,39907.7771883507958,0,1.4e-11
1.0022412368696922,0.0,-0.0030726196457740,0.0000000000000000,0.0033280809935580,0.0000000000000000,10.7745906860693079,3.0000936910506759,1054.271845,37.528562,-1091.8004062591165,39567.3058806346962,0,3.5e-11
1.0022397845217090,0.0,-0.0030737286836028,0.0000000000000000,0.0033303357405808,0.0000000000000000,10.7767669596953599,3.0000936486809846,1048.942840,37.387797,-1086.3306375392676,39219.6621354742674,0,7.6e-12
1.0022383153685392,0.0,-0.0030748507496918,0.0000000000000000,0.0033326144019602,0.0000000000000000,10.7789651329380849,3.0000936058066978,1043.403881,37.245991,-1080.6498719076442,38864.6117013586918,0,1.4e-12
1.0022368291173889,0.0,-0.0030759861274813,0.0000000000000000,0.0033349172435967,0.0000000000000000,10.7811854337866713,3.0000935624180993,1037.646716,37.103098,-1074.7498131869090,38501.9074305146933,0,1.4e-11
1.0022353254629235,0.0,-0.0030771351160192,0.0000000000000000,0.0033372445356463,0.0000000000000000,10.7834280932947930,3.0000935185050173,1031.662660,36.959066,-1068.6217255563956,38131.2881491036387,0,1.1e-11
1.0022338040861498,0.0,-0.0030782980314305,0.0000000000000000,0.0033395965527830,0.0000000000000000,10.7856933457001531,3.0000934740567811,1025.442558,36.813839,-1062.2563975678909,37752.4773988779634,0,2.4e-11
1.0022322646531550,0.0,-0.0030794752085708,0.0000000000000000,0.0033419735744987,0.0000000000000000,10.7879814285579094,3.0000934290621779,1018.976747,36.667355,-1055.6441023177631,37365.1820451613166,0,1.3e-11
1.0022307068136831,0.0,-0.0030806670028962,0.0000000000000000,0.0033443758854406,0.0000000000000000,10.7902925828903129,3.0000933835093977,1012.255009,36.519543,-1048.7745524428008,36969.0906934007653,0,3.9e-12
1.0022291301995143,0.0,-0.0030818737925830,0.0000000000000000,0.0033468037758132,0.0000000000000000,10.7926270533553907,3.0000933373859739,1005.266523,36.370327,-1041.6368493904231,36563.8719003648730,0,4.9e-12
1.0022275344226237,0.0,-0.0030830959809394,0.0000000000000000,0.0033492575418328,0.0000000000000000,10.7949850884381213,3.0000932906787177,997.999808,36.219618,-1034.2194259760481,36149.1721381061943,0,3.0e-12
1.0022259190730720,0.0,-0.0030843339991616,0.0000000000000000,0.0033517374862598,0.0000000000000000,10.7973669406682564,3.0000932433736405,990.442660,36.067321,-1026.5099813495265,35724.6134884378407,0,2.0e-11
1.0022242837165838,0.0,-0.0030855883094960,0.0000000000000000,0.0033542439190207,0.0000000000000000,10.7997728668699438,3.0000931954558632,982.582080,35.913326,-1018.4954066640772,35289.7909983772552,0,2.3e-11
1.0022226278917532,0.0,-0.0030868594088801,0.0000000000000000,0.0033567771579376,0.0000000000000000,10.8022031284494471,3.0000931469095167,974.404188,35.757512,-1010.1616997889557,34844.2696349840844,0,2.1e-11
1.0022209511068054,0.0,-0.0030881478331602,0.0000000000000000,0.0033593375295866,0.0000000000000000,10.8046579917288312,3.0000930977176239,965.894126,35.599741,-1001.4938670028849,34387.5807677240809,0,1.3e-11
1.0022192528358254,0.0,-0.0030894541619964,0.0000000000000000,0.0033619253703113,0.0000000000000000,10.8071377283354142,3.0000930478619590,957.035952,35.439858,-992.4758096162741,33919.2181114120176,0,1.7e-11
1.0022175325143370,0.0,-0.0030907790245983,0.0000000000000000,0.0033645410274376,0.0000000000000000,10.8096426156593228,3.0000929973228900,947.812504,35.277687,-983.0901915372193,33438.6329672259744,0,2.1e-12
1.0022157895340991,0.0,-0.0030921231064735,0.0000000000000000,0.0033671848607183,0.0000000000000000,10.8121729373948554,3.0000929460791874,938.205255,35.113029,-973.3182840050423,32945.2286362076993,0,1.1e-11
1.0022140232369368,0.0,-0.0030934871574132,0.0000000000000000,0.0033698572440795,0.0000000000000000,10.8147289841856935,3.0000928941078011,928.194126,34.945657,-963.1397831140922,32438.3538470401545,0,1.1e-11
1.0022122329073790,0.0,-0.0030948720010063,0.0000000000000000,0.0033725585677324,0.0000000000000000,10.8173110543998749,3.0000928413835948,917.757282,34.775311,-952.5325928782473,31917.2949282161426,0,2.2e-12
1.0022104177638131,0.0,-0.0030962785460568,0.0000000000000000,0.0033752892407522,0.0000000000000000,10.8199194550683337,3.0000927878790207,906.870874,34.601692,-941.4725659733550,31381.2664408955025,0,1.7e-11
1.0022085769477689,0.0,-0.0030977078003898,0.0000000000000000,0.0033780496942511,0.0000000000000000,10.8225545030315331,3.0000927335637360,895.508737,34.424455,-929.9331913322660,30829.3998796850210,0,1.8e-11
1.0022067095108298,0.0,-0.0030991608876922,0.0000000000000000,0.0033808403853092,0.0000000000000000,10.8252165263535645,3.0000926784041289,883.642015,34.243200,-917.8852143272728,30260.7299176998786,0,1.0e-11
1.0022048143984950,0.0,-0.0031006390682419,0.0000000000000000,0.0033836618018936,0.0000000000000000,10.8279058660838441,3.0000926223627320,871.238711,34.057460,-905.2961709012884,29674.1775221487042,0,1.1e-11
1.0022028904300733,0.0,-0.0031021437646926,0.0000000000000000,0.0033865144690780,0.0000000000000000,10.8306228784760190,3.0000925653975017,858.263122,33.866688,-892.1298097970587,29068.5289950941806,0,1.4e-11
1.0022009362733666,0.0,-0.0031036765944975,0.0000000000000000,0.0033893989569734,0.0000000000000000,10.8333679378163072,3.0000925074608995,844.675134,33.670234,-878.3453684000176,28442.4096852790099,0,7.4e-12
1.0021989504123674,0.0,-0.0031052394112063,0.0000000000000000,0.0033923158909993,0.0000000000000000,10.8361414400760090,3.0000924484987341,830.429325,33.467328,-863.8966530161331,27794.2505754654994,0,1.1e-11
1.0021969311054861,0.0,-0.0031068343577939,0.0000000000000000,0.0033952659653360,0.0000000000000000,10.8389438076968290,3.0000923884486541,815.473815,33.257040,-848.7308547610446,27122.2452399326139,0,8.3e-12
1.0021948763306729,0.0,-0.0031084639366088,0.0000000000000000,0.0033982499608294,0.0000000000000000,10.8417754959613628,3.0000923272381774,799.748758,33.038243,-832.7870007120515,26424.2935097832815,0,1.5e-11
1.0021927837120450,0.0,-0.0031101311027596,0.0000000000000000,0.0034012687692351,0.0000000000000000,10.8446370016268663,3.0000922647820518,783.184341,32.809551,-815.9938918950188,25697.9264361360110,0,3.9e-12
1.0021906504197877,0.0,-0.0031118393913227,0.0000000000000000,0.0034043234266915,0.0000000000000000,10.8475288748648033,3.0000922009786684,765.698062,32.569240,-798.2673023721819,24940.2043168161181,0,3.2e-12
1.0021884730304100,0.0,-0.0031135930946812,0.0000000000000000,0.0034074151610118,0.0000000000000000,10.8504517361552857,3.0000921357050463,747.190952,32.315133,-779.5060845653659,24147.5748314054799,0,3.0e-12
1.0021862473263257,0.0,-0.0031153975165010,0.0000000000000000,0.0034105454602614,0.0000000000000000,10.8534063008321215,3.0000920688096557,727.542182,32.044424,-759.5866066420048,23315.6703375701909,0,8.1e-13
1.0021839679991702,0.0,-0.0031172593471942,0.0000000000000000,0.0034137161753583,0.0000000000000000,10.8563934158551554,3.0000920001017968,706.601121,31.753429,-738.3545501867035,22439.0088432087796,0,5.2e-12
1.0021816281936666,0.0,-0.0031191872404555,0.0000000000000000,0.0034169296793384,0.0000000000000000,10.8594141169330243,3.0000919293352895,684.175170,31.437177,-715.6123470716918,21510.5358069612703,0,5.5e-12
1.0021792187731842,0.0,-0.0031211927405320,0.0000000000000000,0.0034201891259897,0.0000000000000000,10.8624697211945413,3.0000918561822232,660.010282,31.088741,-691.0990231514864,20520.8886932257737,0,7.0e-12
1.0021767270671058,0.0,-0.0031232918622900,0.0000000000000000,0.0034234988939813,0.0000000000000000,10.8655619857163739,3.0000917801882192,633.757857,30.698075,-664.4559314243044,19457.1461505074403,0,4.5e-12
1.0021741345702486,0.0,-0.0031255079914249,0.0000000000000000,0.0034268654059796,0.0000000000000000,10.8686933972904445,3.0000917006903070,604.914183,30.249805,-635.1639883076850,18300.5360370444250,0,7.2e-12
1.0021714122776229,0.0,-0.0031278777652437,0.0000000000000000,0.0034302987895438,0.0000000000000000,10.8718677492509901,3.0000916166504341,572.698013,29.718619,-602.4166324027278,17021.7943262465997,0,3.2e-12
1.0021709545795896,0.0,-0.0031282811923414,0.0000000000000000,0.0034308642088120,0.0000000000000000,10.8723881477912236,3.0000916024558641,567.064053,29.621772,-596.6858256586162,16799.4422469438286,0,1.2e-11
1.0021704879124402,0.0,-0.0031286941659700,0.0000000000000000,0.0034314368356283,0.0000000000000000,10.8729143783190736,3.0000915879619612,561.249921,29.520447,-590.7703681083673,16570.3487363424210,0,1.0e-11
1.0021700117582513,0.0,-0.0031291173159660,0.0000000000000000,0.0034320169059609,0.0000000000000000,10.8734465687819863,3.0000915731504905,555.242549,29.414214,-584.6567630856709,16334.0234155113285,0,2.0e-12
1.0021695255289056,0.0,-0.0031295513591443,0.0000000000000000,0.0034326046841992,0.0000000000000000,10.8739848598191600,3.0000915580007330,549.027078,29.302577,-578.3296546183693,16089.9079791842087,0,7.4e-12
1.0021690285511653,0.0,-0.0031299971177638,0.0000000000000000,0.0034332004692706,0.0000000000000000,10.8745294074787964,3.0000915424889523,542.586481,29.184955,-571.7714352104590,15837.3618378843821,0,1.6e-12
1.0021685200473935,0.0,-0.0031304555433739,0.0000000000000000,0.0034338046025464,0.0000000000000000,10.8750803867379151,3.0000915265877173,535.901071,29.060669,-564.9617396091951,15575.6435850742855,0,1.5e-12
1.0021679991102441,0.0,-0.0031309277481119,0.0000000000000000,0.0034344174782450,0.0000000000000000,10.8756379961285017,3.0000915102650021,528.947868,28.928913,-557.8767808987214,15303.8866881407739,0,8.6e-12
1.0021674646688612,0.0,-0.0031314150464918,0.0000000000000000,0.0034350395573345,0.0000000000000000,10.8762024639178385,3.0000914934829899,521.699746,28.788718,-550.4884643738791,15021.0670392989705,0,7.7e-12
1.0021669154428341,0.0,-0.0031319190123335,0.0000000000000000,0.0034356713864767,0.0000000000000000,10.8767740565181210,3.0000914761964528,514.124271,28.638910,-542.7631810093031,14725.9587678397365,0,1.8e-11
1.0021663498780093,0.0,-0.0031324415581175,0.0000000000000000,0.0034363136244363,0.0000000000000000,10.8773530901706437,3.0000914583504694,506.182088,28.478038,-534.6601262337950,14417.0726616599859,0,7.9e-12
1.0021657660546417,0.0,-0.0031329850485662,0.0000000000000000,0.0034369670798068,0.0000000000000000,10.8779399475722993,3.0000914398771847,497.824612,28.304282,-526.1288940158597,14092.5680363729625,0,2.3e-12
1.0021651615517886,0.0,-0.0031335524683894,0.0000000000000000,0.0034376327665730,0.0000000000000000,10.8785351021981498,3.0000914206910116,488.990614,28.115310,-517.1059242284709,13750.1225896059914,0,6.8e-13
1.0021645332395899,0.0,-0.0031341476793934,0.0000000000000000,0.0034383119888589,0.0000000000000000,10.8791391550535117,3.0000914006812782,479.600998,27.908059,-507.5090568787001,13386.7328903974267,0,2.2e-12
1.0021638769465289,0.0,-0.0031347758327104,0.0000000000000000,0.0034390064757946,0.0000000000000000,10.8797528923831521,3.0000913797004518,469.550419,27.678379,-497.2287980681629,12998.3943872844829,0,5.7e-12
1.0021631868960552,0.0,-0.0031354440677079,0.0000000000000000,0.0034397186076681,0.0000000000000000,10.8803773805825372,3.0000913575441923,458.693079,27.420424,-486.1135028235250,12579.5585403181612,0,6.0e-12
1.0021624546831247,0.0,-0.0031361627841581,0.0000000000000000,0.0034404518209675,0.0000000000000000,10.8810141314171869,3.0000913339150754,446.816846,27.125530,-473.9423758336163,12122.1436550262588,0,2.5e-12
1.0021616672336995,0.0,-0.0031369481858544,0.0000000000000000,0.0034412113990545,0.0000000000000000,10.8816654107882229,3.0000913083501954,433.591455,26.779942,-460.3713967868152,11613.5539206850954,0,3.1e-12
1.0021608021752233,0.0,-0.0031378280762679,0.0000000000000000,0.0034420062088675,0.0000000000000000,10.8823348700848328,3.0000912800566133,418.450245,26.359536,-444.8097815118903,11032.1544470327499,0,1.7e-12
1.0021598150715869,0.0,-0.0031388579458513,0.0000000000000000,0.0034428532417180,0.0000000000000000,10.8830289893569621,3.0000912474563792,400.260769,25.814823,-426.0755910538522,10334.6607136888488,0,6.2e-12
1.0021585897963186,0.0,-0.0031401842426212,0.0000000000000000,0.0034437935798331,0.0000000000000000,10.8837606715288064,3.0000912064090910,376.021277,25.009741,-401.0310177206052,9406.1947001393419,0,3.9e-12
1.0021582759069092,0.0,-0.0031405344929195,0.0000000000000000,0.0034440101967893,0.0000000000000000,10.8839196211593148,3.0000911957670811,369.453679,24.773668,-394.2273465915763,9154.7227128928498,0,2.8e-12
1.0021579129623521,0.0,-0.0031409458133027,0.0000000000000000,0.0034442460012412,0.0000000000000000,10.8840861567328240,3.0000911833856727,361.645787,24.481854,-386.1276415298084,8855.7595253017644,0,3.4e-12
1.0021574714541774,0.0,-0.0031414564475612,0.0000000000000000,0.0034445090433256,0.0000000000000000,10.8842606888923559,3.0000911682006102,351.802957,24.095372,-375.8983284489194,8478.8229508118384,0,4.6e-12
1.0021568810426558,0.0,-0.0031421599702981,0.0000000000000000,0.0034448129231042,0.0000000000000000,10.8844375529180297,3.0000911476462786,337.953089,23.512681,-361.4657701601298,7948.1832215792019,0,3.0e-12
1.0021559227468013,0.0,-0.0031433676200284,0.0000000000000000,0.0034451538131270,0.0000000000000000,10.8845442054302470,3.0000911134982036,313.315200,22.344109,-335.6593091864341,7002.7490884131839,0,1.9e-12
1.0021549853408696,0.0,-0.0031446688213368,0.0000000000000000,0.0034452094611682,0.0000000000000000,10.8843182507726670,3.0000910786663884,285.349148,20.758383,-306.1075309925540,5925.3867950629210,0,1.5e-12
1.0021546458785315,0.0,-0.0031451868534967,0.0000000000000000,0.0034451210296706,0.0000000000000000,10.8841069193309519,3.0000910654965116,273.735394,19.997108,-293.7325019577876,5475.9163076659243,0,1.9e-12
1.0021544256415587,0.0,-0.0031455430152194,0.0000000000000000,0.0034450170940325,0.0000000000000000,10.8839141594318587,3.0000910567141497,265.570483,19.418378,-284.9888610913606,5158.9480749278155,0,1.0e-11
1.0021542606485099,0.0,-0.0031458232782591,0.0000000000000000,0.0034449080415745,0.0000000000000000,10.8837324348782580,3.0000910499755289,259.034284,18.926178,-277.9604618373618,4904.5288659829457,0,1.6e-12
1.0021541284342199,0.0,-0.0031460582288172,0.0000000000000000,0.0034447965935353,0.0000000000000000,10.8835580017071898,3.0000910444529292,253.474659,18.485423,-271.9600813961071,4687.5862519398870,0,6.7e-12
1.0021540182714150,0.0,-0.0031462626079401,0.0000000000000000,0.0034446837345222,0.0000000000000000,10.8833886989638255,3.0000910397494862,248.575769,18.078892,-266.6546603060732,4495.9743937676176,0,4.1e-12
1.0021539241359743,0.0,-0.0031464447549112,0.0000000000000000,0.0034445698758266,0.0000000000000000,10.8832231452044059,3.0000910356416015,244.158259,17.696696,-261.8549549131803,4322.7944563781602,0,8.2e-12
1.0021538422810008,0.0,-0.0031466098888699,0.0000000000000000,0.0034444551985423,0.0000000000000000,10.8830603925807914,3.0000910319898146,240.109529,17.332566,-257.4420947925500,4163.7143051049243,0,5.9e-12
1.0021537702050629,0.0,-0.0031467615130622,0.0000000000000000,0.0034443397796605,0.0000000000000000,10.8828997562054202,3.0000910287007971,236.353795,16.982243,-253.3360382602664,4015.8176243189009,0,4.9e-12
1.0021537061489216,0.0,-0.0031469021033507,0.0000000000000000,0.0034442236453766,0.0000000000000000,10.8827407212031133,3.0000910257087687,232.837378,16.642680,-249.4800577485585,3877.0380161929206,0,2.1e-12
1.0021536488248535,0.0,-0.0031470334801791,0.0000000000000000,0.0034441067959120,0.0000000000000000,10.8825828881578737,3.0000910229654791,229.520726,16.311610,-245.8323355232646,3745.8525168473461,0,1.0e-12
1.0021535972599531,0.0,-0.0031471570247653,0.0000000000000000,0.0034439892178990,0.0000000000000000,10.8824259391815996,3.0000910204344078,226.373778,15.987289,-242.3610673682681,3621.1030729876875,0,6.8e-12
1.0021535507000368,0.0,-0.0031472738121550,0.0000000000000000,0.0034438708908792,0.0000000000000000,10.8822696158060133,3.0000910180871916,223.373099,15.668344,-239.0414428450532,3501.8864586468117,0,2.2e-12
1.0021535085479181,0.0,-0.0031473846969655,0.0000000000000000,0.0034437517908326,0.0000000000000000,10.8821137040194102,3.0000910159013316,220.500032,15.353663,-235.8536954863054,3387.4832059662913,0,3.5e-12
1.0021534703222061,0.0,-0.0031474903707881,0.0000000000000000,0.0034436318921414,0.0000000000000000,10.8819580238134819,3.0000910138586598,217.739460,15.042335,-232.7817952578547,3277.3099535910515,0,3.0e-12
1.0021534356289137,0.0,-0.0031475914018540,0.0000000000000000,0.0034435111686906,0.0000000000000000,10.8818024216813676,3.0000910119442805,215.078947,14.733597,-229.8125435262343,3170.8864674823781,0,2.0e-12
1.0021534041413469,0.0,-0.0031476882632012,0.0000000000000000,0.0034433895944817,0.0000000000000000,10.8816467651084494,3.0000910101458209,212.508130,14.426800,-226.9349294582634,3067.8121913082432,0,4.3e-12
1.0021533755855208,0.0,-0.0031477813531496,0.0000000000000000,0.0034432671439676,0.0000000000000000,10.8814909384447862,3.0000910084528849,210.018275,14.121386,-224.1396615307003,2967.7491787799481,0,1.9e-12
1.0021533497293675,0.0,-0.0031478710104871,0.0000000000000000,0.0034431437922191,0.0000000000000000,10.8813348397575638,3.0000910068566498,207.601948,13.816871,-221.4188196013332,2870.4094193155033,0,4.7e-12
1.0021533263746003,0.0,-0.0031479575259404,0.0000000000000000,0.0034430195149992,0.0000000000000000,10.8811783783938125,3.0000910053495629,205.252764,13.512828,-218.7655917835733,2775.5452541946870,0,2.2e-12
1.0021533053504814,0.0,-0.0031480411509784,0.0000000000000000,0.0034428942887760,0.0000000000000000,10.8810214730667152,3.0000910039251085,202.965197,13.208875,-216.1740722797737,2682.9420132028063,0,2.5e-12
1.0021532865089859,0.0,-0.0031481221046596,0.0000000000000000,0.0034427680907086,0.0000000000000000,10.8808640503340470,3.0000910025776233,200.734430,12.904673,-213.6391039811290,2592.4122827544379,0,3.5e-12
1.0021532697209912,0.0,-0.0031482005790330,0.0000000000000000,0.0034426408986065,0.0000000000000000,10.8807060433752554,3.0000910013021582,198.556241,12.599913,-211.1561541616510,2503.7913790088605,0,3.0e-12
1.0021532548732470,0.0,-0.0031482767434424,0.0000000000000000,0.0034425126908888,0.0000000000000000,10.8805473909981796,3.0000910000943604,196.426903,12.294313,-208.7212153423311,2416.9337385571234,0,8.5e-12
1.0021532418659367,0.0,-0.0031483507479944,0.0000000000000000,0.0034423834465343,0.0000000000000000,10.8803880368249928,3.0000909989503834,194.343112,11.987613,-206.3307253389672,2331.7100071787572,0,1.2e-12
1.0021532306106971,0.0,-0.0031484227263813,0.0000000000000000,0.0034422531450285,0.0000000000000000,10.8802279286194388,3.0000909978668133,192.301928,11.679574,-203.9815020963798,2248.0046671821583,0,1.1e-12
1.0021532210289958,0.0,-0.0031484927981945,0.0000000000000000,0.0034421217663191,0.0000000000000000,10.8800670177263008,3.0000909968406066,190.300717,11.369973,-201.6706902899340,2165.7140939328456,0,3.6e-12
1.0021532130507917,0.0,-0.0031485610708389,0.0000000000000000,0.0034419892907687,0.0000000000000000,10.8799052586010792,3.0000909958690407,188.337117,11.058601,-199.3957170759876,2084.7449447797117,0,3.3e-12
1.0021532066134196,0.0,-0.0031486276411288,0.0000000000000000,0.0034418556991099,0.0000000000000000,10.8797426084129789,3.0000909949496699,186.408997,10.745258,-197.1542551459709,2005.0128143359325,0,2.3e-12
1.0021532016606556,0.0,-0.0031486925966263,0.0000000000000000,0.0034417209724048,0.0000000000000000,10.8795790267073507,3.0000909940802938,184.514433,10.429759,-194.9441917748453,1926.4411079309830,0,3.6e-12
1.0021531981419309,0.0,-0.0031487560167693,0.0000000000000000,0.0034415850920110,0.0000000000000000,10.8794144751171675,3.0000909932589233,182.651678,10.111925,-192.7636026956220,1848.9600907649183,0,2.7e-12
1.0021531960116621,0.0,-0.0031488179738331,0.0000000000000000,0.0034414480395426,0.0000000000000000,10.8792489171152997,3.0000909924837589,180.819144,9.791585,-190.6107297759338,1772.5060755413615,0,1.2e-12
1.0021531952286824,0.0,-0.0031488785337486,0.0000000000000000,0.0034413097968405,0.0000000000000000,10.8790823178003802,3.0000909917531682,179.015386,9.468576,-188.4839620718215,1697.0207329338427,0,3.7e-12
1.0021531957557528,0.0,-0.0031489377568042,0.0000000000000000,0.0034411703459468,0.0000000000000000,10.8789146437110009,3.0000909910656648,177.239081,9.142738,-186.3818195168041,1622.4504981623704,0,4.3e-12
1.0021531975591413,0.0,-0.0031489956982545,0.0000000000000000,0.0034410296690713,0.0000000000000000,10.8787458626639459,3.0000909904198969,175.489019,8.813919,-184.3029387956895,1548.7460569698524,0,9.0e-13
1.0021532006082596,0.0,-0.0031490524088436,0.0000000000000000,0.0034408877485728,0.0000000000000000,10.8785759436123932,3.0000909898146308,173.764091,8.481971,-182.2460611638188,1475.8619023271985,0,1.7e-12
1.0021532048753452,0.0,-0.0031491079352629,0.0000000000000000,0.0034407445669348,0.0000000000000000,10.8784048565214135,3.0000909892487382,172.063275,8.146747,-180.2100218220271,1403.7559480168256,0,9.0e-13
1.0021532103351860,0.0,-0.0031491623205506,0.0000000000000000,0.0034406001067452,0.0000000000000000,10.8782325722581348,3.0000909887211891,170.385634,7.808107,-178.1937406099442,1332.3891900646013,0,7.3e-13
1.0021532169648792,0.0,-0.0031492156044401,0.0000000000000000,0.0034404543506785,0.0000000000000000,10.8780590624944224,3.0000909882310394,168.730303,7.465911,-176.1962138995709,1261.7254117544726,0,2.6e-12
1.0021532247436182,0.0,-0.0031492678236695,0.0000000000000000,0.0034403072814757,0.0000000000000000,10.8778842996205771,3.0000909877774222,167.096484,7.120024,-174.2165073759787,1191.7309210706153,0,2.0e-12
1.0021532336525045,0.0,-0.0031493190122526,0.0000000000000000,0.0034401588819324,0.0000000000000000,10.8777082566682655,3.0000909873595458,165.483439,6.770311,-172.2537497228326,1122.3743211411474,0,9.0e-13
1.0021532436743834,0.0,-0.0031493692017203,0.0000000000000000,0.0034400091348804,0.0000000000000000,10.8775309072416881,3.0000909869766819,163.890487,6.416640,-170.3071270017199,1053.6263056309508,0,1.4e-12
1.0021532547936951,0.0,-0.0031494184213336,0.0000000000000000,0.0034398580231762,0.0000000000000000,10.8773522254558355,3.0000909866281620,162.316996,6.058882,-168.3758776513899,985.4594769889445,0,2.5e-12
1.0021532669963455,0.0,-0.0031494666982746,0.0000000000000000,0.0034397055296884,0.0000000000000000,10.8771721858808821,3.0000909863133747,160.762382,5.696906,-166.4592880840981,917.8481863427296,0,2.8e-12
1.0021532802695876,0.0,-0.0031495140578166,0.0000000000000000,0.0034395516372864,0.0000000000000000,10.8769907634921825,3.0000909860317573,159.226103,5.330586,-164.5566886427933,850.7683864307583,0,2.5e-12
1.0021532946019185,0.0,-0.0031495605234768,0.0000000000000000,0.0034393963288266,0.0000000000000000,10.8768079336248906,3.0000909857827938,157.707656,4.959794,-162.6674500741143,784.1975034258721,0,1.6e-12
1.0021533099829849,0.0,-0.0031496061171526,0.0000000000000000,0.0034392395871467,0.0000000000000000,10.8766236719328813,3.0000909855660116,156.206575,4.584406,-160.7909803200888,718.1143201663417,0,4.6e-12
1.0021533264034983,0.0,-0.0031496508592455,0.0000000000000000,0.0034390813950536,0.0000000000000000,10.8764379543513954,3.0000909853809778,154.722426,4.204296,-158.9267216426097,652.4988719413468,0,2.4e-12
1.0021533438551604,0.0,-0.0031496947687716,0.0000000000000000,0.0034389217353148,0.0000000000000000,10.8762507570629730,3.0000909852272977,153.254807,3.819341,-157.0741479992438,587.3323507125988,0,3.4e-12
1.0021533623305932,0.0,-0.0031497378634627,0.0000000000000000,0.0034387605906507,0.0000000000000000,10.8760620564663633,3.0000909851046087,151.803345,3.429417,-155.2327626894649,522.5970199218118,0,1.9e-12
1.0021533818232773,0.0,-0.0031497801598562,0.0000000000000000,0.0034385979437277,0.0000000000000000,10.8758718291479646,3.0000909850125810,150.367694,3.034403,-153.4020962599407,458.2761380462580,0,3.9e-12
1.0021534023274965,0.0,-0.0031498216733789,0.0000000000000000,0.0034384337771491,0.0000000000000000,10.8756800518557579,3.0000909849509170,148.947529,2.634175,-151.5817045107448,394.3538865531282,0,1.4e-12
1.0021534238382861,0.0,-0.0031498624184215,0.0000000000000000,0.0034382680734486,0.0000000000000000,10.8754867014751806,3.0000909849193436,147.542553,2.228613,-149.7711667536672,330.8153062127967,0,1.1e-12
1.0021534463513857,0.0,-0.0031499024084071,0.0000000000000000,0.0034381008150862,0.0000000000000000,10.8752917550069412,3.0000909849176138,146.152488,1.817596,-147.9700842206686,267.6462395706712,0,1.3e-12
1.0021534698631984,0.0,-0.0031499416558535,0.0000000000000000,0.0034379319844386,0.0000000000000000,10.8750951895465242,3.0000909849455080,144.777074,1.401004,-146.1780785644980,204.8332763984345,0,3.1e-12
1.0021534943707509,0.0,-0.0031499801724307,0.0000000000000000,0.0034377615637956,0.0000000000000000,10.8748969822651880,3.0000909850028283,143.416074,0.978717,-144.3947905200399,142.3637051476144,0,3.4e-12
1.0021535198716587,0.0,-0.0031500179690123,0.0000000000000000,0.0034375895353547,0.0000000000000000,10.8746971103923293,3.0000909850893964,142.069264,0.550615,-142.6198787091176,80.2254694329695,0,2.0e-12
1.0021535463640945,0.0,-0.0031500550557245,0.0000000000000000,0.0034374158812137,0.0000000000000000,10.8744955511991197,3.0000909852050568,140.736438,0.116581,-140.8530184501909,18.4071249270892,0,1.7e-12
1.0021535738467566,0.0,-0.0031500914419890,0.0000000000000000,0.0034372405833694,0.0000000000000000,10.8742922819831662,3.0000909853496744,139.417406,-0.323505,-139.0939007739858,-43.1021964093579,0,1.9e-12
1.0021536023188442,0.0,-0.0031501271365644,0.0000000000000000,0.0034370636237087,0.0000000000000000,10.8740872800543080,3.0000909855231281,138.111990,-0.769758,-137.3422314203830,-104.3128226134741,0,1.5e-12
1.0021536317800304,0.0,-0.0031501621475825,0.0000000000000000,0.0034368849840066,0.0000000000000000,10.8738805227212261,3.0000909857253188,136.820026,-1.222296,-135.5977299969144,-165.2345724584229,0,1.0e-12
1.0021536622304401,0.0,-0.0031501964825837,0.0000000000000000,0.0034367046459206,0.0000000000000000,10.8736719872789376,3.0000909859561600,135.541363,-1.681234,-133.8601291303005,-225.8767859182626,0,1.1e-12
1.0021536936706292,0.0,-0.0031502301485476,0.0000000000000000,0.0034365225909873,0.0000000000000000,10.8734616509970188,3.0000909862155818,134.275862,-2.146688,-132.1291737380259,-286.2483509087433,0,1.5e-12
1.0021537261015638,0.0,-0.0031502631519232,0.0000000000000000,0.0034363388006179,0.0000000000000000,10.8732494911085418,3.0000909865035319,133.023391,-2.618770,-130.4046203311973,-346.3577282858205,0,1.1e-12
1.0021537595246039,0.0,-0.0031502954986554,0.0000000000000000,0.0034361532560941,0.0000000000000000,10.8730354847996331,3.0000909868199677,131.783832,-3.097595,-128.6862363402909,-406.2129763456578,0,3.2e-12
1.0021537939414855,0.0,-0.0031503271942101,0.0000000000000000,0.0034359659385645,0.0000000000000000,10.8728196091995919,3.0000909871648642,130.557074,-3.583274,-126.9737995601029,-465.8217711207608,0,5.5e-13
1.0021538293543055,0.0,-0.0031503582435981,0.0000000000000000,0.0034357768290406,0.0000000000000000,10.8726018413715551,3.0000909875382065,129.343015,-4.075917,-125.2670975611339,-525.1914273190487,0,7.3e-13
1.0021538657655076,0.0,-0.0031503886513957,0.0000000000000000,0.0034355859083938,0.0000000000000000,10.8723821583036226,3.0000909879399926,128.141561,-4.575634,-123.5659271870214,-584.3289168546726,0,1.3e-12
1.0021539031778692,0.0,-0.0031504184217661,0.0000000000000000,0.0034353931573504,0.0000000000000000,10.8721605369004557,3.0000909883702334,126.952627,-5.082533,-121.8700940618995,-643.2408864465842,0,2.2e-12
1.0021539415944893,0.0,-0.0031504475584760,0.0000000000000000,0.0034351985564913,0.0000000000000000,10.8719369539751884,3.0000909888289504,125.776131,-5.596719,-120.1794121700762,-701.9336729328334,0,1.6e-12
1.0021539810187770,0.0,-0.0031504760649153,0.0000000000000000,0.0034350020862443,0.0000000000000000,10.8717113862418611,3.0000909893161758,124.612001,-6.118298,-118.4937033968906,-760.4133198271884,0,1.9e-12
1.0021540214544402,0.0,-0.0031505039441121,0.0000000000000000,0.0034348037268848,0.0000000000000000,10.8714838103080549,3.0000909898319530,123.460169,-6.647371,-116.8127971629686,-818.6855904660506,0,1.6e-12
1.0021540629054779,0.0,-0.0031505311987471,0.0000000000000000,0.0034346034585301,0.0000000000000000,10.8712542026678847,3.0000909903763353,122.320571,-7.184041,-115.1365300769033,-876.7559807259668,0,2.1e-12
1.0021541053761691,0.0,-0.0031505578311691,0.0000000000000000,0.0034344012611373,0.0000000000000000,10.8710225396953035,3.0000909909493854,121.193150,-7.728405,-113.4647455533980,-934.6297325304740,0,4.4e-13
1.0021541488710657,0.0,-0.0031505838434070,0.0000000000000000,0.0034341971144997,0.0000000000000000,10.8707887976376352,3.0000909915511755,120.077853,-8.280560,-111.7972935169070,-992.3118448157466,0,2.5e-12
1.0021541933949836,0.0,-0.0031506092371827,0.0000000000000000,0.0034339909982451,0.0000000000000000,10.8705529526093656,3.0000909921817871,118.974630,-8.840600,-110.1340301148250,-1049.8070835978124,0,3.2e-12
1.0021542389529965,0.0,-0.0031506340139222,0.0000000000000000,0.0034337828918310,0.0000000000000000,10.8703149805861585,3.0000909928413120,117.883434,-9.408616,-108.4748174090157,-1107.1199932640611,0,1.5e-12
1.0021542855504288,0.0,-0.0031506581747662,0.0000000000000000,0.0034335727745426,0.0000000000000000,10.8700748573990609,3.0000909935298483,116.804221,-9.984698,-106.8195231356555,-1164.2549052103695,0,4.2e-13
1.0021543331928493,0.0,-0.0031506817205808,0.0000000000000000,0.0034333606254893,0.0000000000000000,10.8698325587289233,3.0000909942475027,115.736952,-10.568932,-105.1680204449620,-1221.2159470228107,0,3.6e-12
1.0021543818860652,0.0,-0.0031507046519660,0.0000000000000000,0.0034331464236032,0.0000000000000000,10.8695880601009627,3.0000909949943924,114.681588,-11.161400,-103.5201876790483,-1278.0070507081091,0,1.8e-12
1.0021544316361162,0.0,-0.0031507269692649,0.0000000000000000,0.0034329301476360,0.0000000000000000,10.8693413368795166,3.0000909957706385,113.638091,-11.762182,-101.8759081420956,-1334.6319606032612,0,3.1e-12
1.0021544824492716,0.0,-0.0031507486725720,0.0000000000000000,0.0034327117761527,0.0000000000000000,10.8690923642629151,3.0000909965763749,112.606426,-12.371356,-100.2350699172255,-1391.0942403138033,0,5.2e-12
1.0021545343320222,0.0,-0.0031507697617414,0.0000000000000000,0.0034324912875348,0.0000000000000000,10.8688411172785422,3.0000909974117382,111.586561,-12.988995,-98.5975656252473,-1447.3972809589632,0,2.6e-12
1.0021545872910793,0.0,-0.0031507902363922,0.0000000000000000,0.0034322686599732,0.0000000000000000,10.8685875707779047,3.0000909982768755,110.578460,-13.615168,-96.9632923155386,-1503.5443055204751,0,2.6e-12
1.0021546413333691,0.0,-0.0031508100959175,0.0000000000000000,0.0034320438714659,0.0000000000000000,10.8683316994319874,3.0000909991719387,109.582092,-14.249941,-95.3321512306976,-1559.5383768252177,0,2.0e-12
1.0021546964660284,0.0,-0.0031508293394897,0.0000000000000000,0.0034318168998173,0.0000000000000000,10.8680734777265702,3.0000910000970888,108.597425,-14.893377,-93.7040476676329,-1615.3824027528663,0,1.9e-12
1.0021547526964023,0.0,-0.0031508479660661,0.0000000000000000,0.0034315877226332,0.0000000000000000,10.8678128799577074,3.0000910010524939,107.624425,-15.545534,-92.0788908279406,-1671.0791414746363,0,2.9e-12
1.0021548100320405,0.0,-0.0031508659743955,0.0000000000000000,0.0034313563173196,0.0000000000000000,10.8675498802272905,3.0000910020383253,106.663059,-16.206466,-90.4565936732331,-1726.6312064860599,0,1.4e-12
1.0021548684806942,0.0,-0.0031508833630226,0.0000000000000000,0.0034311226610792,0.0000000000000000,10.8672844524386747,3.0000910030547661,105.713295,-16.876222,-88.8370727819040,-1782.0410720063392,0,2.5e-12
1.0021549280503135,0.0,-0.0031509001302934,0.0000000000000000,0.0034308867309094,0.0000000000000000,10.8670165702924049,3.0000910041020008,104.775098,-17.554850,-87.2202482200697,-1837.3110771977390,0,3.5e-12
1.0021549887490449,0.0,-0.0031509162743596,0.0000000000000000,0.0034306485035993,0.0000000000000000,10.8667462072819969,3.0000910051802241,103.848432,-18.242388,-85.6060434282377,-1892.4434303225676,0,2.4e-12
1.0021550505852286,0.0,-0.0031509317931830,0.0000000000000000,0.0034304079557266,0.0000000000000000,10.8664733366897792,3.0000910062896362,102.933261,-18.938876,-83.9943851045839,-1947.4402130093308,0,2.6e-12
1.0021551135673972,0.0,-0.0031509466845397,0.0000000000000000,0.0034301650636550,0.0000000000000000,10.8661979315828017,3.0000910074304414,102.029546,-19.644343,-82.3852030845553,-2002.3033842277655,0,1.7e-12
1.0021551777042728,0.0,-0.0031509609460239,0.0000000000000000,0.0034299198035318,0.0000000000000000,10.8659199648087927,3.0000910086028529,101.137248,-20.358818,-80.7784302396892,-2057.0347839750848,0,2.0e-12
1.0021552430047653,0.0,-0.0031509745750512,0.0000000000000000,0.0034296721512865,0.0000000000000000,10.8656394089921573,3.0000910098070879,100.256325,-21.082322,-79.1740024001384,-2111.6361360510955,0,3.2e-12
1.0021553094779720,0.0,-0.0031509875688624,0.0000000000000000,0.0034294220826247,0.0000000000000000,10.8653562365300367,3.0000910110433701,99.386732,-21.814874,-77.5718582210258,-2166.1090525270624,0,8.7e-13
1.0021553771331737,0.0,-0.0031509999245263,0.0000000000000000,0.0034291695730295,0.0000000000000000,10.8650704195883776,3.0000910123119304,98.528425,-22.556486,-75.9719391418217,-2220.4550354822318,0,3.8e-12
1.0021554459798359,0.0,-0.0031510116389430,0.0000000000000000,0.0034289145977548,0.0000000000000000,10.8647819300980650,3.0000910136130043,97.681355,-23.307165,-74.3741892649465,-2274.6754808615274,0,1.9e-12
1.0021555160276057,0.0,-0.0031510227088462,0.0000000000000000,0.0034286571318268,0.0000000000000000,10.8644907397510693,3.0000910149468325,96.845470,-24.066915,-72.7785552934702,-2328.7716809295025,0,1.9e-12
1.0021555872863117,0.0,-0.0031510331308063,0.0000000000000000,0.0034283971500377,0.0000000000000000,10.8641968199966303,3.0000910163136627,96.020718,-24.835732,-71.1849864564117,-2382.7448266717306,0,1.3e-12
1.0021556597659629,0.0,-0.0031510429012323,0.0000000000000000,0.0034281346269443,0.0000000000000000,10.8639001420374495,3.0000910177137481,95.207044,-25.613609,-69.5934344261929,-2436.5960107906635,0,2.5e-12
1.0021557334767468,0.0,-0.0031510520163746,0.0000000000000000,0.0034278695368667,0.0000000000000000,10.8636006768259286,3.0000910191473458,94.404387,-26.400534,-68.0038532596881,-2490.3262294921674,0,6.4e-13
1.0021558084290305,0.0,-0.0031510604723267,0.0000000000000000,0.0034276018538820,0.0000000000000000,10.8632983950604132,3.0000910206147213,93.612688,-27.196488,-66.4161993329296,-2543.9363850110385,0,2.4e-12
1.0021558846333583,0.0,-0.0031510682650274,0.0000000000000000,0.0034273315518264,0.0000000000000000,10.8629932671814213,3.0000910221161439,92.831881,-28.001450,-64.8304312720705,-2597.4272877087747,0,2.5e-12
1.0021559621004523,0.0,-0.0031510753902625,0.0000000000000000,0.0034270586042884,0.0000000000000000,10.8626852633679611,3.0000910236518883,92.061901,-28.815391,-63.2465099093159,-2650.7996577207541,0,1.5e-12
1.0021560408412111,0.0,-0.0031510818436665,0.0000000000000000,0.0034267829846071,0.0000000000000000,10.8623743535337809,3.0000910252222361,91.302676,-29.638278,-61.6643982070568,-2704.0541274587677,0,1.6e-12
1.0021561208667100,0.0,-0.0031510876207242,0.0000000000000000,0.0034265046658707,0.0000000000000000,10.8620605073236707,3.0000910268274716,90.554136,-30.470074,-60.0840612295122,-2757.1912425981641,0,1.3e-12
1.0021562021882009,0.0,-0.0031510927167724,0.0000000000000000,0.0034262236209114,0.0000000000000000,10.8617436941097587,3.0000910284678879,89.816203,-31.310737,-58.5054660513881,-2810.2114650610138,0,2.7e-12
1.0021562848171106,0.0,-0.0031510971270008,0.0000000000000000,0.0034259398223055,0.0000000000000000,10.8614238829878040,3.0000910301437820,89.088799,-32.160218,-56.9285817682611,-2863.1151726567655,0,1.9e-12
1.0021563687650432,0.0,-0.0031511008464533,0.0000000000000000,0.0034256532423684,0.0000000000000000,10.8611010427735000,3.0000910318554550,88.371844,-33.018465,-55.3533794090320,-2915.9026621598764,0,3.4e-12
1.0021564540437771,0.0,-0.0031511038700299,0.0000000000000000,0.0034253638531525,0.0000000000000000,10.8607751419987899,3.0000910336032156,87.665254,-33.885422,-53.7798318955336,-2968.5741503721365,0,1.3e-12
1.0021565406652679,0.0,-0.0031511061924868,0.0000000000000000,0.0034250716264425,0.0000000000000000,10.8604461489081459,3.0000910353873764,86.968942,-34.761028,-52.2079140151175,-3021.1297752355240,0,3.7e-12
1.0021566286416461,0.0,-0.0031511078084374,0.0000000000000000,0.0034247765337569,0.0000000000000000,10.8601140314548736,3.0000910372082563,86.282818,-35.645215,-50.6376023725920,-3073.5695973080356,0,2.8e-12
1.0021567179852189,0.0,-0.0031511087123542,0.0000000000000000,0.0034244785463404,0.0000000000000000,10.8597787572974127,3.0000910390661790,85.606790,-36.537915,-49.0688753541171,-3125.8936007457833,0,1.6e-12
1.0021568087084693,0.0,-0.0031511088985681,0.0000000000000000,0.0034241776351633,0.0000000000000000,10.8594402937956058,3.0000910409614736,84.940765,-37.439052,-47.5017130946284,-3178.1016946676036,0,2.2e-12
1.0021569008240570,0.0,-0.0031511083612706,0.0000000000000000,0.0034238737709185,0.0000000000000000,10.8590986080069811,3.0000910428944749,84.284645,-38.348548,-45.9360974317349,-3230.1937143902924,0,2.1e-12
1.0021569943448185,0.0,-0.0031511070945129,0.0000000000000000,0.0034235669240183,0.0000000000000000,10.8587536666830200,3.0000910448655218,83.638331,-39.266319,-44.3720119044447,-3282.1694215216075,0,2.0e-12
1.0021570892837679,0.0,-0.0031511050922078,0.0000000000000000,0.0034232570645903,0.0000000000000000,10.8584054362654108,3.0000910468749615,83.001722,-40.192281,-42.8094416732404,-3334.0285064365053,0,2.1e-12
1.0021571856540963,0.0,-0.0031511023481295,0.0000000000000000,0.0034229441624766,0.0000000000000000,10.8580538828822899,3.0000910489231423,82.374714,-41.126341,-41.2483735333689,-3385.7705878276897,0,8.4e-13
1.0021572834691739,0.0,-0.0031510988559138,0.0000000000000000,0.0034226281872284,0.0000000000000000,10.8576989723444708,3.0000910510104215,81.757202,-42.068406,-39.6887958695539,-3437.3952142552116,0,2.2e-12
1.0021573827425485,0.0,-0.0031510946090590,0.0000000000000000,0.0034223091081050,0.0000000000000000,10.8573406701416602,3.0000910531371594,81.149078,-43.018380,-38.1306986228746,-3488.9018647785497,0,2.7e-12
1.0021574834879483,0.0,-0.0031510896009259,0.0000000000000000,0.0034219868940689,0.0000000000000000,10.8569789414386495,3.0000910553037237,80.550233,-43.976160,-36.5740732847065,-3540.2899496026175,0,1.1e-12
1.0021575857192808,0.0,-0.0031510838247380,0.0000000000000000,0.0034216615137839,0.0000000000000000,10.8566137510715084,3.0000910575104869,79.960556,-44.941643,-35.0189128498013,-3591.5588109942287,0,9.2e-13
1.0021576894506350,0.0,-0.0031510772735816,0.0000000000000000,0.0034213329356112,0.0000000000000000,10.8562450635437333,3.0000910597578248,79.379935,-45.914723,-33.4652118122651,-3642.7077237138101,0,2.7e-12
1.0021577946962799,0.0,-0.0031510699404061,0.0000000000000000,0.0034210011276077,0.0000000000000000,10.8558728430223965,3.0000910620461210,78.808255,-46.895289,-31.9129661365654,-3693.7358956101220,0,1.4e-12
1.0021579014706679,0.0,-0.0031510618180239,0.0000000000000000,0.0034206660575201,0.0000000000000000,10.8554970533342683,3.0000910643757641,78.245402,-47.883229,-30.3621732165370,-3744.6424690504455,0,2.1e-12
1.0021580097884342,0.0,-0.0031510528991104,0.0000000000000000,0.0034203276927842,0.0000000000000000,10.8551176579619213,3.0000910667471481,77.691259,-48.878427,-28.8128318957601,-3795.4265199867400,0,7.8e-13
1.0021581196643976,0.0,-0.0031510431762041,0.0000000000000000,0.0034199860005201,0.0000000000000000,10.8547346200398014,3.0000910691606708,77.145709,-49.880766,-27.2649424195046,-3846.0870595400224,0,3.7e-13
1.0021582311135617,0.0,-0.0031510326417060,0.0000000000000000,0.0034196409475302,0.0000000000000000,10.8543479023502893,3.0000910716167386,76.608633,-50.890127,-25.7185064220327,-3896.6230342013523,0,1.5e-12
1.0021583441511164,0.0,-0.0031510212878803,0.0000000000000000,0.0034192925002943,0.0000000000000000,10.8539574673197290,3.0000910741157609,76.079913,-51.906386,-24.1735269171457,-3947.0333260038478,0,2.3e-12
1.0021584587924377,0.0,-0.0031510091068531,0.0000000000000000,0.0034189406249675,0.0000000000000000,10.8535632770144410,3.0000910766581534,75.559429,-52.929420,-22.6300082629894,-3997.3167537099262,0,2.7e-12
1.0021585750530895,0.0,-0.0031509960906134,0.0000000000000000,0.0034185852873773,0.0000000000000000,10.8531652931366782,3.0000910792443376,75.047060,-53.959104,-21.0879561733234,-4047.4720719861079,0,3.2e-12
1.0021586929488246,0.0,-0.0031509822310116,0.0000000000000000,0.0034182264530178,0.0000000000000000,10.8527634770206181,3.0000910818747393,74.542686,-54.995308,-19.5473776875839,-4097.4979726185857,0,2.4e-12
1.0021588124955860,0.0,-0.0031509675197599,0.0000000000000000,0.0034178640870490,0.0000000000000000,10.8523577896282557,3.0000910845497923,74.046186,-56.037905,-18.0082811486687,-4147.3930848515929,0,1.3e-12
1.0021589337095071,0.0,-0.0031509519484319,0.0000000000000000,0.0034174981542908,0.0000000000000000,10.8519481915453184,3.0000910872699338,73.557438,-57.086762,-16.4706762015873,-4197.1559753307265,0,1.4e-12
1.0021590566069147,0.0,-0.0031509355084617,0.0000000000000000,0.0034171286192212,0.0000000000000000,10.8515346429771249,3.0000910900356095,73.076322,-58.141748,-14.9345737864147,-4246.7851482031265,0,1.9e-12
1.0021591812043276,0.0,-0.0031509181911440,0.0000000000000000,0.0034167554459736,0.0000000000000000,10.8511171037444285,3.0000910928472657,72.602716,-59.202730,-13.3999861106392,-4296.2790459134148,0,1.8e-12
1.0021593075184598,0.0,-0.0031508999876332,0.0000000000000000,0.0034163785983304,0.0000000000000000,10.8506955332792181,3.0000910957053599,72.136500,-60.269573,-11.8669266408702,-4345.6360491292025,0,2.5e-12
1.0021594355662222,0.0,-0.0031508808889432,0.0000000000000000,0.0034159980397212,0.0000000000000000,10.8502698906205026,3.0000910986103522,71.677551,-61.342141,-10.3354101134713,-4394.8544765382549,0,2.3e-12
1.0021595653647215,0.0,-0.0031508608859464,0.0000000000000000,0.0034156137332193,0.0000000000000000,10.8498401344100461,3.0000911015627083,71.225751,-62.420298,-8.8054524827618,-4443.9325860710451,0,2.6e-12
1.0021596969312641,0.0,-0.0031508399693737,0.0000000000000000,0.0034152256415373,0.0000000000000000,10.8494062228880850,3.0000911045629026,70.780977,-63.503906,-7.2770709509525,-4492.8685738357981,0,1.6e-12
1.0021598302833559,0.0,-0.0031508181298132,0.0000000000000000,0.0034148337270230,0.0000000000000000,10.8489681138889988,3.0000911076114125,70.343112,-64.592828,-5.7502839409854,-4541.6605750418794,0,3.8e-12
1.0021599654387037,0.0,-0.0031507953577098,0.0000000000000000,0.0034144379516586,0.0000000000000000,10.8485257648369569,3.0000911107087220,69.912036,-65.686925,-4.2251110942012,-4590.3066635389469,0,1.9e-12
1.0021601024152182,0.0,-0.0031507716433648,0.0000000000000000,0.0034140382770514,0.0000000000000000,10.8480791327415229,3.0000911138553219,69.487630,-66.786057,-2.7015732493630,-4638.8048526749444,0,1.3e-12
1.0021602412310138,0.0,-0.0031507469769348,0.0000000000000000,0.0034136346644347,0.0000000000000000,10.8476281741932272,3.0000911170517082,69.069778,-67.890085,-1.1796924441110,-4687.1530947545198,0,2.0e-12
1.0021603819044103,0.0,-0.0031507213484308,0.0000000000000000,0.0034132270746627,0.0000000000000000,10.8471728453591005,3.0000911202983831,-68.998869,68.658361,0.3405080844863,-4735.3492810315192,0,2.1e-12
1.0021605244539351,0.0,-0.0031506947477177,0.0000000000000000,0.0034128154682064,0.0000000000000000,10.8467131019781746,3.0000911235958538,-70.112269,68.253265,1.8590039213778,-4783.3912422429776,0,2.3e-12
1.0021606688983247,0.0,-0.0031506671645134,0.0000000000000000,0.0034123998051478,0.0000000000000000,10.8462488993569419,3.0000911269446360,-71.230143,67.854374,3.3757694748867,-4831.2767482100362,0,1.9e-12
1.0021608152565260,0.0,-0.0031506385883880,0.0000000000000000,0.0034119800451790,0.0000000000000000,10.8457801923647743,3.0000911303452495,-72.352352,67.461574,4.8907779776696,-4879.0035080169964,0,2.9e-12
1.0021609635476971,0.0,-0.0031506090087627,0.0000000000000000,0.0034115561475968,0.0000000000000000,10.8453069354293063,3.0000911337982212,-73.478754,67.074752,6.4040015005659,-4926.5691699190293,0,1.8e-12
1.0021611137912112,0.0,-0.0031505784149087,0.0000000000000000,0.0034111280712974,0.0000000000000000,10.8448290825317777,3.0000911373040835,-74.609208,66.693797,7.9154109483997,-4973.9713213329032,0,8.7e-13
1.0021612660066554,0.0,-0.0031505467959470,0.0000000000000000,0.0034106957747742,0.0000000000000000,10.8443465872023381,3.0000911408633764,-75.743573,66.318597,9.4249760767937,-5021.2074889679843,0,6.9e-13
1.0021614202138351,0.0,-0.0031505141408465,0.0000000000000000,0.0034102592161128,0.0000000000000000,10.8438594025153066,3.0000911444766434,-76.881709,65.949043,10.9326654863391,-5068.2751384536314,0,3.4e-12
1.0021615764327738,0.0,-0.0031504804384236,0.0000000000000000,0.0034098183529863,0.0000000000000000,10.8433674810843907,3.0000911481444383,-78.023474,65.585027,12.4384466353003,-5115.1716745924032,0,3.6e-12
1.0021617346837157,0.0,-0.0031504456773410,0.0000000000000000,0.0034093731426517,0.0000000000000000,10.8428707750578610,3.0000911518673181,-79.168728,65.226442,13.9422858412312,-5161.8944411279035,0,6.0e-13
1.0021618949871274,0.0,-0.0031504098461064,0.0000000000000000,0.0034089235419463,0.0000000000000000,10.8423692361136901,3.0000911556458489,-80.317330,64.873182,15.4441482711166,-5208.4407204681502,0,1.1e-12
1.0021620573636991,0.0,-0.0031503729330718,0.0000000000000000,0.0034084695072809,0.0000000000000000,10.8418628154546397,3.0000911594805997,-81.469139,64.525141,16.9439979718910,-5254.8077340441614,0,1.1e-12
1.0021622218343482,0.0,-0.0031503349264321,0.0000000000000000,0.0034080109946384,0.0000000000000000,10.8413514638033082,3.0000911633721508,-82.624016,64.182218,18.4417978472557,-5300.9926417109418,0,1.7e-12
1.0021623884202191,0.0,-0.0031502958142239,0.0000000000000000,0.0034075479595661,0.0000000000000000,10.8408351313971316,3.0000911673210835,-83.781820,63.844310,19.9375096896843,-5346.9925422959932,0,1.6e-13
1.0021625571426858,0.0,-0.0031502555843246,0.0000000000000000,0.0034070803571751,0.0000000000000000,10.8403137679833392,3.0000911713279907,-84.942412,63.511317,21.4310941438625,-5392.8044724526681,0,1.7e-12
1.0021627280233547,0.0,-0.0031502142244509,0.0000000000000000,0.0034066081421314,0.0000000000000000,10.8397873228138621,3.0000911753934694,-86.105651,63.183140,22.9225107482637,-5438.4254075052968,0,2.0e-12
1.0021629010840656,0.0,-0.0031501717221577,0.0000000000000000,0.0034061312686561,0.0000000000000000,10.8392557446401980,3.0000911795181247,-87.271399,62.859681,24.4117179081780,-5483.8522607102723,0,1.8e-12
1.0021630763468936,0.0,-0.0031501280648370,0.0000000000000000,0.0034056496905153,0.0000000000000000,10.8387189817082259,3.0000911837025668,-88.439516,62.540843,25.8986729230200,-5529.0818834167849,0,1.6e-12
1.0021632538341518,0.0,-0.0031500832397163,0.0000000000000000,0.0034051633610203,0.0000000000000000,10.8381769817529712,3.0000911879474152,-89.609864,62.226532,27.3833319611469,-5574.1110646336219,0,1.6e-12
1.0021634335683933,0.0,-0.0031500372338574,0.0000000000000000,0.0034046722330197,0.0000000000000000,10.8376296919933264,3.0000911922532940,-90.782304,61.916654,28.8656500945946,-5618.9365313237040,0,1.3e-12
1.0021636155724123,0.0,-0.0031499900341552,0.0000000000000000,0.0034041762588958,0.0000000000000000,10.8370770591267203,3.0000911966208359,-91.956699,61.611117,30.3455812663142,-5663.5549476308997,0,2.1e-12
1.0021637998692476,0.0,-0.0031499416273361,0.0000000000000000,0.0034036753905601,0.0000000000000000,10.8365190293237372,3.0000912010506795,-93.132909,61.309831,31.8230783084759,-5707.9629148732238,0,8.9e-13
1.0021639864821832,0.0,-0.0031498919999570,0.0000000000000000,0.0034031695794473,0.0000000000000000,10.8359555482226853,3.0000912055434714,-94.310798,61.012706,33.2980929502359,-5752.1569717896073,0,1.2e-12
1.0021641754347521,0.0,-0.0031498411384035,0.0000000000000000,0.0034026587765109,0.0000000000000000,10.8353865609241140,3.0000912100998645,-95.490229,60.719653,34.7705758074149,-5796.1335938231105,0,1.1e-12
1.0021643667507369,0.0,-0.0031497890288886,0.0000000000000000,0.0034021429322181,0.0000000000000000,10.8348120119852798,3.0000912147205194,-96.671064,60.430588,36.2404763858159,-5839.8891931737526,0,1.3e-12
1.0021645604541738,0.0,-0.0031497356574511,0.0000000000000000,0.0034016219965440,0.0000000000000000,10.8342318454145623,3.0000912194061047,-97.853166,60.145423,37.7077430875384,-5883.4201186297269,0,3.2e-12
1.0021647565693526,0.0,-0.0031496810099547,0.0000000000000000,0.0034010959189693,0.0000000000000000,10.8336460046658090,3.0000912241572957,-99.036400,59.864077,39.1723231987008,-5926.7226548898989,0,2.6e-12
1.0021649551208207,0.0,-0.0031496250720855,0.0000000000000000,0.0034005646484707,0.0000000000000000,10.8330544326326645,3.0000912289747745,-100.220628,59.586466,40.6341629073719,-5969.7930231622659,0,1.3e-12
1.0021651561333853,0.0,-0.0031495678293513,0.0000000000000000,0.0034000281335185,0.0000000000000000,10.8324570716428070,3.0000912338592318,-101.405716,59.312509,42.0932072965755,-6012.6273804269740,0,1.8e-12
1.0021653596321147,0.0,-0.0031495092670797,0.0000000000000000,0.0033994863220704,0.0000000000000000,10.8318538634521460,3.0000912388113639,-102.591526,59.042126,43.5494003343472,-6055.2218191306765,0,2.8e-12
1.0021655656423418,0.0,-0.0031494493704166,0.0000000000000000,0.0033989391615670,0.0000000000000000,10.8312447492389659,3.0000912438318790,-103.777924,58.775240,45.0026848917797,-6097.5723672559734,0,1.5e-12
1.0021657741896655,0.0,-0.0031493881243244,0.0000000000000000,0.0033983865989242,0.0000000000000000,10.8306296695980091,3.0000912489214873,-104.964775,58.511772,46.4530027336787,-6139.6749881097039,0,2.7e-12
1.0021659852999538,0.0,-0.0031493255135806,0.0000000000000000,0.0033978285805304,0.0000000000000000,10.8300085645345021,3.0000912540809108,-106.151942,58.251648,47.9002945114307,-6181.5255796850033,0,1.4e-12
1.0021661989993462,0.0,-0.0031492615227762,0.0000000000000000,0.0033972650522380,0.0000000000000000,10.8293813734581246,3.0000912593108784,-107.339292,57.994792,49.3444997871576,-6223.1199750927053,0,2.5e-12
1.0021664153142558,0.0,-0.0031491961363133,0.0000000000000000,0.0033966959593612,0.0000000000000000,10.8287480351769183,3.0000912646121254,-108.526689,57.741132,50.7855569978147,-6264.4539415915424,0,1.1e-12
1.0021666342713720,0.0,-0.0031491293384048,0.0000000000000000,0.0033961212466660,0.0000000000000000,10.8281084878911411,3.0000912699853970,-109.713999,57.490596,52.2234034942002,-6305.5231810790910,0,2.2e-12
1.0021668558976633,0.0,-0.0031490611130710,0.0000000000000000,0.0033955408583686,0.0000000000000000,10.8274626691870566,3.0000912754314459,-110.901087,57.243112,53.6579755123702,-6346.3233293330013,0,1.3e-12
1.0021670802203793,0.0,-0.0031489914441391,0.0000000000000000,0.0033949547381261,0.0000000000000000,10.8268105160306671,3.0000912809510325,-112.087819,56.998611,55.0892081819884,-6386.8499560143846,0,9.9e-13
1.0021673072670543,0.0,-0.0031489203152410,0.0000000000000000,0.0033943628290326,0.0000000000000000,10.8261519647613813,3.0000912865449250,-113.274060,56.757024,56.5170355285089,-6427.0985643919976,0,1.9e-12
1.0021675370655081,0.0,-0.0031488477098112,0.0000000000000000,0.0033937650736132,0.0000000000000000,10.8254869510856206,3.0000912922139005,-114.459676,56.518285,57.9413904751705,-6467.0645912333557,0,9.3e-13
1.0021677696438511,0.0,-0.0031487736110852,0.0000000000000000,0.0033931614138165,0.0000000000000000,10.8248154100703644,3.0000912979587442,-115.644532,56.282327,59.3622048342250,-6506.7434063310520,0,5.0e-13
1.0021680050304851,0.0,-0.0031486980020980,0.0000000000000000,0.0033925517910086,0.0000000000000000,10.8241372761366357,3.0000913037802497,-116.828495,56.049086,60.7794093173260,-6546.1303126206003,0,1.6e-12
1.0021682432541066,0.0,-0.0031486208656816,0.0000000000000000,0.0033919361459684,0.0000000000000000,10.8234524830529129,3.0000913096792203,-118.011430,55.818496,62.1929335227881,-6585.2205455905796,0,1.8e-12
1.0021684843437100,0.0,-0.0031485421844635,0.0000000000000000,0.0033913144188798,0.0000000000000000,10.8227609639284843,3.0000913156564653,-119.193202,55.590496,63.6027059487055,-6624.0092733563251,0,9.4e-13
1.0021687283285896,0.0,-0.0031484619408644,0.0000000000000000,0.0033906865493257,0.0000000000000000,10.8220626512067373,3.0000913217128038,-120.373678,55.365024,65.0086539786971,-6662.4915963025287,0,2.0e-12
1.0021689752383431,0.0,-0.0031483801170969,0.0000000000000000,0.0033900524762809,0.0000000000000000,10.8213574766583758,3.0000913278490646,-121.552723,55.142019,66.4107039015231,-6700.6625470296476,0,1.0e-12
1.0021692251028742,0.0,-0.0031482966951625,0.0000000000000000,0.0033894121381079,0.0000000000000000,10.8206453713745745,3.0000913340660849,-122.730202,54.921421,67.8087808846988,-6738.5170898850811,0,1.6e-12
1.0021694779523955,0.0,-0.0031482116568508,0.0000000000000000,0.0033887654725458,0.0000000000000000,10.8199262657600670,3.0000913403647087,-123.905981,54.703172,69.2028090039143,-6776.0501211350111,0,2.0e-12
1.0021697338174314,0.0,-0.0031481249837363,0.0000000000000000,0.0033881124167087,0.0000000000000000,10.8192000895261593,3.0000913467457919,-125.079924,54.487213,70.5927112090269,-6813.2564683196761,0,9.3e-13
1.0021699927288206,0.0,-0.0031480366571772,0.0000000000000000,0.0033874529070743,0.0000000000000000,10.8184667716836795,3.0000913532101978,-126.251898,54.273488,71.9784093595594,-6850.1308905172300,0,9.3e-13
1.0021702547177207,0.0,-0.0031479466583129,0.0000000000000000,0.0033867868794798,0.0000000000000000,10.8177262405358547,3.0000913597587990,-127.421766,54.061942,73.3598241967137,-6886.6680778319205,0,1.2e-12
1.0021705198156088,0.0,-0.0031478549680620,0.0000000000000000,0.0033861142691143,0.0000000000000000,10.8169784236711202,3.0000913663924771,-128.589394,53.852518,74.7368753575822,-6922.8626513927156,0,1.2e-12
1.0021707880542869,0.0,-0.0031477615671201,0.0000000000000000,0.0033854350105108,0.0000000000000000,10.8162232479558522,3.0000913731121241,-129.754645,53.645164,76.1094813770235,-6958.7091632474658,0,8.1e-13
1.0021710594658837,0.0,-0.0031476664359576,0.0000000000000000,0.0033847490375398,0.0000000000000000,10.8154606395270303,3.0000913799186395,-130.917385,53.439825,77.4775596764465,-6994.2020959501933,0,1.3e-12
1.0021713340828573,0.0,-0.0031475695548178,0.0000000000000000,0.0033840562834018,0.0000000000000000,10.8146905237848276,3.0000913868129335,-132.077476,53.236449,78.8410265733781,-7029.3358626967274,0,4.1e-12
1.0021716119380002,0.0,-0.0031474709037143,0.0000000000000000,0.0033833566806190,0.0000000000000000,10.8139128253851293,3.0000913937959264,-133.234783,53.034986,80.1997972863106,-7064.1048070394500,0,3.8e-12
1.0021718930644408,0.0,-0.0031473704624290,0.0000000000000000,0.0033826501610298,0.0000000000000000,10.8131274682319667,3.0000914008685458,-134.389169,52.835383,81.5537859141637,-7098.5032027966517,0,9.5e-13
1.0021721774956471,0.0,-0.0031472682105096,0.0000000000000000,0.0033819366557792,0.0000000000000000,10.8123343754698862,3.0000914080317314,-135.540497,52.637591,82.9029054638940,-7132.5252538941977,0,2.2e-12
1.0021724652654302,0.0,-0.0031471641272677,0.0000000000000000,0.0033812160953122,0.0000000000000000,10.8115334694762364,3.0000914152864335,-136.688629,52.441561,84.2470678303214,-7166.1650942775796,0,1.2e-12
1.0021727564079481,0.0,-0.0031470581917763,0.0000000000000000,0.0033804884093650,0.0000000000000000,10.8107246718533805,3.0000914226336075,-137.833428,52.247244,85.5861838172171,-7199.4167879636616,0,6.9e-12
1.0021730509577076,0.0,-0.0031469503828668,0.0000000000000000,0.0033797535269588,0.0000000000000000,10.8099079034208234,3.0000914300742245,-138.974756,52.054593,86.9201631099112,-7232.2743287030171,0,4.0e-12
1.0021733489495694,0.0,-0.0031468406791280,0.0000000000000000,0.0033790113763891,0.0000000000000000,10.8090830842072751,3.0000914376092611,-140.112474,51.863560,88.2489143040962,-7264.7316400746167,0,2.6e-12
1.0021736504187506,0.0,-0.0031467290589024,0.0000000000000000,0.0033782618852198,0.0000000000000000,10.8082501334426162,3.0000914452397072,-141.246443,51.674098,89.5723449012073,-7296.7825755619633,0,2.1e-12
1.0021739554008273,0.0,-0.0031466155002846,0.0000000000000000,0.0033775049802752,0.0000000000000000,10.8074089695497850,3.0000914529665614,-142.376524,51.486163,90.8903612937894,-7328.4209180668704,0,2.7e-12
1.0021742639317408,0.0,-0.0031464999811184,0.0000000000000000,0.0033767405876281,0.0000000000000000,10.8065595101366085,3.0000914607908338,-143.502577,51.299708,92.2028687848131,-7359.6403803486837,0,2.5e-12
1.0021745760477980,0.0,-0.0031463824789944,0.0000000000000000,0.0033759686325965,0.0000000000000000,10.8057016719875083,3.0000914687135447,-144.624462,51.114690,93.5097715900688,-7390.4346049442702,0,2.7e-12
1.0021748917856774,0.0,-0.0031462629712476,0.0000000000000000,0.0033751890397302,0.0000000000000000,10.8048353710551588,3.0000914767357223,-145.742038,50.931065,94.8109728168040,-7420.7971638399258,0,3.1e-12
1.0021752111824320,0.0,-0.0031461414349548,0.0000000000000000,0.0033744017328047,0.0000000000000000,10.8039605224520425,3.0000914848584097,-146.855163,50.748788,96.1063745021392,-7450.7215589769085,0,5.0e-12
1.0021755342754921,0.0,-0.0031460178469321,0.0000000000000000,0.0033736066348120,0.0000000000000000,10.8030770404419272,3.0000914930826577,-147.963696,50.567818,97.3958775845940,-7480.2012219056560,0,2.2e-12
1.0021758611026703,0.0,-0.0031458921837322,0.0000000000000000,0.0033728036679505,0.0000000000000000,10.8021848384312520,3.0000915014095297,-149.067494,50.388112,98.6793819232343,-7509.2295140185070,0,1.7e-12
1.0021761917021645,0.0,-0.0031457644216418,0.0000000000000000,0.0033719927536175,0.0000000000000000,10.8012838289604289,3.0000915098400993,-150.166414,50.209628,99.9567863059194,-7537.7997267359333,0,4.0e-12
1.0021765261125619,0.0,-0.0031456345366791,0.0000000000000000,0.0033711738123983,0.0000000000000000,10.8003739236950569,3.0000915183754508,-151.260313,50.032325,101.2279884251501,-7565.9050813646745,0,9.9e-13
1.0021768643728430,0.0,-0.0031455025045910,0.0000000000000000,0.0033703467640579,0.0000000000000000,10.7994550334170487,3.0000915270166795,-152.349047,49.856162,102.4928849204509,-7593.5387294167413,0,5.1e-12
1.0021772065223857,0.0,-0.0031453683008503,0.0000000000000000,0.0033695115275309,0.0000000000000000,10.7985270680156571,3.0000915357648945,-153.432470,49.681099,103.7513713414289,-7620.6937526833035,0,2.3e-12
1.0021775526009689,0.0,-0.0031452319006532,0.0000000000000000,0.0033686680209118,0.0000000000000000,10.7975899364784222,3.0000915446212133,-154.510439,49.507096,105.0033421927394,-7647.3631634513058,0,9.7e-13
1.0021779026487758,0.0,-0.0031450932789162,0.0000000000000000,0.0033678161614455,0.0000000000000000,10.7966435468820237,3.0000915535867665,-155.582805,49.334114,106.2486909082741,-7673.5399046354514,0,2.8e-12
1.0021782567064002,0.0,-0.0031449524102738,0.0000000000000000,0.0033669558655167,0.0000000000000000,10.7956878063830342,3.0000915626626945,-156.649424,49.162114,107.4873098671808,-7699.2168501562828,0,2.5e-12
1.0021786148148475,0.0,-0.0031448092690753,0.0000000000000000,0.0033660870486413,0.0000000000000000,10.7947226212085798,3.0000915718501511,-157.710147,48.991057,108.7190903968805,-7724.3868048187760,0,2.2e-12
1.0021789770155414,0.0,-0.0031446638293821,0.0000000000000000,0.0033652096254539,0.0000000000000000,10.7937478966469147,3.0000915811503028,-158.764827,48.820905,109.9439227870522,-7749.0425050729964,0,2.3e-12
1.0021793433503274,0.0,-0.0031445160649649,0.0000000000000000,0.0033643235096984,0.0000000000000000,10.7927635370378887,3.0000915905643248,-159.813316,48.651619,111.1616962838140,-7773.1766190799690,0,2.3e-12
1.0021797138614763,0.0,-0.0031443659493002,0.0000000000000000,0.0033634286142176,0.0000000000000000,10.7917694457633200,3.0000916000934081,-160.855463,48.483164,112.3722990982751,-7796.7817469238926,0,2.4e-12
1.0021800885916894,0.0,-0.0031442134555685,0.0000000000000000,0.0033625248509425,0.0000000000000000,10.7907655252372727,3.0000916097387527,-161.891119,48.315500,113.5756184235927,-7819.8504212410944,0,3.4e-12
1.0021804675841017,0.0,-0.0031440585566504,0.0000000000000000,0.0033616121308802,0.0000000000000000,10.7897516768962358,3.0000916195015730,-162.920133,48.148593,114.7715404250396,-7842.3751073150688,0,4.1e-12
1.0021808508822883,0.0,-0.0031439012251238,0.0000000000000000,0.0033606903641044,0.0000000000000000,10.7887278011891912,3.0000916293830939,-163.942354,47.982404,115.9599502630207,-7864.3482038522243,0,1.7e-12
1.0021812385302669,0.0,-0.0031437414332613,0.0000000000000000,0.0033597594597422,0.0000000000000000,10.7876937975675951,3.0000916393845549,-164.957629,47.816897,117.1407320964016,-7885.7620431425166,0,1.3e-12
1.0021816305725026,0.0,-0.0031435791530265,0.0000000000000000,0.0033588193259654,0.0000000000000000,10.7866495644752405,3.0000916495072070,-165.965807,47.652038,118.3137690855152,-7906.6088917307006,0,1.7e-12
1.0021820270539139,0.0,-0.0031434143560714,0.0000000000000000,0.0033578698699757,0.0000000000000000,10.7855949993380342,3.0000916597523140,-166.966732,47.487789,119.4789434060025,-7926.8809507813812,0,1.6e-12
1.0021824280198757,0.0,-0.0031432470137334,0.0000000000000000,0.0033569109979942,0.0000000000000000,10.7845299985536496,3.0000916701211522,-167.960252,47.324116,120.6361362583273,-7946.5703568900244,0,4.4e-13
1.0021828335162251,0.0,-0.0031430770970314,0.0000000000000000,0.0033559426152506,0.0000000000000000,10.7834544574810849,3.0000916806150122,-168.946210,47.160982,121.7852278726978,-7965.6691824762120,0,2.5e-12
1.0021832435892648,0.0,-0.0031429045766636,0.0000000000000000,0.0033549646259686,0.0000000000000000,10.7823682704301138,3.0000916912351960,-169.924451,46.998354,122.9260975339941,-7984.1694365625917,0,8.2e-13
1.0021836582857699,0.0,-0.0031427294230037,0.0000000000000000,0.0033539769333548,0.0000000000000000,10.7812713306506200,3.0000917019830204,-170.894819,46.836195,124.0586235690959,-8002.0630653165326,0,2.5e-12
1.0021840776529909,0.0,-0.0031425516060977,0.0000000000000000,0.0033529794395866,0.0000000000000000,10.7801635303218308,3.0000917128598137,-171.857155,46.674472,125.1826833745576,-8019.3419529910598,0,2.9e-12
1.0021845017386593,0.0,-0.0031423710956610,0.0000000000000000,0.0033519720457975,0.0000000000000000,10.7790447605414315,3.0000917238669205,-172.811303,46.513149,126.2981534353616,-8035.9979224287945,0,2.5e-12
1.0021849305909929,0.0,-0.0031421878610747,0.0000000000000000,0.0033509546520657,0.0000000000000000,10.7779149113145731,3.0000917350056961,-173.757102,46.352193,127.4049093154230,-8052.0227361374700,0,5.5e-12
1.0021853642587006,0.0,-0.0031420018713826,0.0000000000000000,0.0033499271573998,0.0000000000000000,10.7767738715427637,3.0000917462775112,-174.694394,46.191569,128.5028256932786,-8067.4080969689749,0,1.9e-12
1.0021858027909873,0.0,-0.0031418130952875,0.0000000000000000,0.0033488894597264,0.0000000000000000,10.7756215290126409,3.0000917576837494,-175.623018,46.031242,129.5917763602273,-8082.1456492050766,0,2.8e-12
1.0021862462375595,0.0,-0.0031416215011482,0.0000000000000000,0.0033478414558745,0.0000000000000000,10.7744577703846414,3.0000917692258104,-176.542813,45.871179,130.6716342460930,-8096.2269792570278,0,4.1e-12
1.0021866946486300,0.0,-0.0031414270569761,0.0000000000000000,0.0033467830415632,0.0000000000000000,10.7732824811815373,3.0000917809051049,-177.453617,45.711346,131.7422714205611,-8109.6436170351644,0,6.1e-13
1.0021871480749236,0.0,-0.0031412297304312,0.0000000000000000,0.0033457141113871,0.0000000000000000,10.7720955457768621,3.0000917927230604,-178.355267,45.551708,132.8035591311693,-8122.3870366068240,0,1.6e-12
1.0021876065676829,0.0,-0.0031410294888193,0.0000000000000000,0.0033446345588007,0.0000000000000000,10.7708968473832147,3.0000918046811176,-179.247600,45.392232,133.8553677962188,-8134.4486576184481,0,1.0e-12
1.0021880701786723,0.0,-0.0031408262990882,0.0000000000000000,0.0033435442761052,0.0000000000000000,10.7696862680404415,3.0000918167807327,-180.130451,45.232884,134.8975670415074,-8145.8198463294375,0,9.2e-13
1.0021885389601854,0.0,-0.0031406201278241,0.0000000000000000,0.0033424431544321,0.0000000000000000,10.7684636886036955,3.0000918290233747,-181.003656,45.073630,135.9300257072544,-8156.4919169125624,0,1.9e-12
1.0021890129650495,0.0,-0.0031404109412481,0.0000000000000000,0.0033413310837292,0.0000000000000000,10.7672289887313735,3.0000918414105300,-181.867049,44.914437,136.9526118700344,-8166.4561326587282,0,1.9e-12
1.0021894922466310,0.0,-0.0031401987052129,0.0000000000000000,0.0033402079527442,0.0000000000000000,10.7659820468729208,3.0000918539436987,-182.720463,44.755270,137.9651928646052,-8175.7037073699321,0,7.2e-13
1.0021899768588420,0.0,-0.0031399833851987,0.0000000000000000,0.0033390736490094,0.0000000000000000,10.7647227402565147,3.0000918666243948,-183.563731,44.596096,138.9676353049625,-8184.2258067729708,0,1.0e-12
1.0021904668561457,0.0,-0.0031397649463099,0.0000000000000000,0.0033379280588250,0.0000000000000000,10.7634509448766185,3.0000918794541493,-184.396686,44.436881,139.9598051046434,-8192.0135499151675,0,8.3e-13
1.0021909622935625,0.0,-0.0031395433532711,0.0000000000000000,0.0033367710672425,0.0000000000000000,10.7621665354814056,3.0000918924345088,-185.219158,44.277590,140.9415674974684,-8199.0580108130762,0,1.4e-12
1.0021914632266755,0.0,-0.0031393185704239,0.0000000000000000,0.0033356025580500,0.0000000000000000,10.7608693855600457,3.0000919055670345,-186.030978,44.118191,141.9127870678067,-8205.3502200692565,0,9.6e-13
1.0021919697116370,0.0,-0.0031390905617227,0.0000000000000000,0.0033344224137521,0.0000000000000000,10.7595593673298673,3.0000919188533035,-186.831976,43.958648,142.8733277718637,-8210.8811663320139,0,3.7e-12
1.0021924818051748,0.0,-0.0031388592907309,0.0000000000000000,0.0033332305155550,0.0000000000000000,10.7582363517233759,3.0000919322949078,-187.621982,43.798929,143.8230529556261,-8215.6417982015519,0,9.1e-12
1.0021929995645982,0.0,-0.0031386247206176,0.0000000000000000,0.0033320267433479,0.0000000000000000,10.7569002083751446,3.0000919458934581,-188.400823,43.638997,144.7618253957970,-8219.6230263566395,0,6.4e-13
1.0021935230478041,0.0,-0.0031383868141533,0.0000000000000000,0.0033308109756846,0.0000000000000000,10.7555508056085625,3.0000919596505788,-189.168328,43.478820,145.6895073192925,-8222.8157244815411,0,3.6e-12
1.0021940523132837,0.0,-0.0031381455337062,0.0000000000000000,0.0033295830897661,0.0000000000000000,10.7541880104224390,3.0000919735679115,-189.924323,43.318363,146.6059604322794,-8225.2107324198460,0,1.3e-12
1.0021945874201297,0.0,-0.0031379008412382,0.0000000000000000,0.0033283429614213,0.0000000000000000,10.7528116884774754,3.0000919876471128,-190.668636,43.157590,147.5110459530488,-8226.7988573508483,0,3.9e-12
1.0021951284280410,0.0,-0.0031376526983013,0.0000000000000000,0.0033270904650881,0.0000000000000000,10.7514217040825866,3.0000920018898598,-191.401092,42.996468,148.4046246434919,-8227.5708763851817,0,6.4e-12
1.0021956753973313,0.0,-0.0031374010660333,0.0000000000000000,0.0033258254737948,0.0000000000000000,10.7500179201810866,3.0000920162978431,-192.121517,42.834960,149.2865568335297,-8227.5175385763196,0,1.9e-12
1.0021962283889356,0.0,-0.0031371459051539,0.0000000000000000,0.0033245478591375,0.0000000000000000,10.7486001983367156,3.0000920308727688,-192.829735,42.673033,150.1567024735566,-8226.6295671892622,0,6.2e-13
1.0021967874644158,0.0,-0.0031368871759609,0.0000000000000000,0.0033232574912642,0.0000000000000000,10.7471683987195288,3.0000920456163658,-193.525570,42.510649,151.0149211499928,-8224.8976620708618,0,4.3e-12
1.0021973526859691,0.0,-0.0031366248383260,0.0000000000000000,0.0033219542388508,0.0000000000000000,10.7457223800916317,3.0000920605303749,-194.208847,42.347775,151.8610721298974,-8222.3125024102919,0,1.8e-12
1.0021979241164347,0.0,-0.0031363588516906,0.0000000000000000,0.0033206379690811,0.0000000000000000,10.7442619997927640,3.0000920756165561,-194.879387,42.184373,152.6950143994127,-8218.8647487290655,0,4.8e-12
1.0021985018193005,0.0,-0.0031360891750621,0.0000000000000000,0.0033193085476268,0.0000000000000000,10.7427871137257274,3.0000920908766879,-195.537014,42.020408,153.5166067070423,-8214.5450463037250,0,1.5e-12
1.0021990858587113,0.0,-0.0031358157670093,0.0000000000000000,0.0033179658386224,0.0000000000000000,10.7412975763416689,3.0000921063125654,-196.181550,41.855842,154.3257075990107,-8209.3440269736675,0,3.7e-12
1.0021996762994756,0.0,-0.0031355385856587,0.0000000000000000,0.0033166097046468,0.0000000000000000,10.7397932406251879,3.0000921219260035,-196.812816,41.690640,155.1221754564511,-8203.2523128681114,0,5.0e-12
1.0022002732070732,0.0,-0.0031352575886900,0.0000000000000000,0.0033152400066981,0.0000000000000000,10.7382739580793025,3.0000921377188319,-197.430633,41.524764,155.9058685488936,-8196.2605188445214,0,5.2e-13
1.0022008766476629,0.0,-0.0031349727333321,0.0000000000000000,0.0033138566041711,0.0000000000000000,10.7367395787102424,3.0000921536929024,-198.034822,41.358177,156.6766450828149,-8188.3592555050782,0,1.9e-12
1.0022014866880911,0.0,-0.0031346839763589,0.0000000000000000,0.0033124593548329,0.0000000000000000,10.7351899510120870,3.0000921698500820,-198.625204,41.190841,157.4343632358167,-8179.5391326728677,0,5.5e-12
1.0022021033958983,0.0,-0.0031343912740845,0.0000000000000000,0.0033110481148001,0.0000000000000000,10.7336249219512343,3.0000921861922589,-199.201598,41.022717,158.1788812144212,-8169.7907625081352,0,1.1e-12
1.0022027268393281,0.0,-0.0031340945823599,0.0000000000000000,0.0033096227385132,0.0000000000000000,10.7320443369506986,3.0000922027213388,-199.763824,40.853767,158.9100573054848,-8159.1047626035543,0,1.8e-12
1.0022033570873348,0.0,-0.0031337938565679,0.0000000000000000,0.0033081830787119,0.0000000000000000,10.7304480398742488,3.0000922194392459,-200.311702,40.683952,159.6277499238030,-8147.4717599336582,0,3.0e-12
1.0022039942095924,0.0,-0.0031334890516190,0.0000000000000000,0.0033067289864083,0.0000000000000000,10.7288358730103663,3.0000922363479252,-200.845051,40.513233,160.3318176711907,-8134.8823940381608,0,4.2e-12
1.0022046382765022,0.0,-0.0031331801219471,0.0000000000000000,0.0033052603108615,0.0000000000000000,10.7272076770560378,3.0000922534493402,-201.363689,40.341570,161.0221193936061,-8121.3273208986120,0,2.6e-12
1.0022052893592019,0.0,-0.0031328670215051,0.0000000000000000,0.0033037768995518,0.0000000000000000,10.7255632911003591,3.0000922707454736,-201.867436,40.168922,161.6985142284429,-8106.7972169496425,0,2.9e-12
1.0022059475295748,0.0,-0.0031325497037604,0.0000000000000000,0.0033022785981509,0.0000000000000000,10.7239025526079761,3.0000922882383292,-202.356110,39.995248,162.3608616849907,-8091.2827827067777,0,1.9e-12
1.0022066128602569,0.0,-0.0031322281216906,0.0000000000000000,0.0033007652504950,0.0000000000000000,10.7222252974023391,3.0000923059299289,-202.829529,39.820507,163.0090216896458,-8074.7747469093938,0,6.7e-12
1.0022072854246480,0.0,-0.0031319022277791,0.0000000000000000,0.0032992366985573,0.0000000000000000,10.7205313596487706,3.0000923238223165,-203.287512,39.644658,163.6428546555191,-8057.2638709716448,0,5.6e-12
1.0022079652969194,0.0,-0.0031315719740104,0.0000000000000000,0.0032976927824168,0.0000000000000000,10.7188205718373517,3.0000923419175551,-203.729878,39.467657,164.2622215549646,-8038.7409530090172,0,1.5e-12
1.0022086525520237,0.0,-0.0031312373118657,0.0000000000000000,0.0032961333402293,0.0000000000000000,10.7170927647656278,3.0000923602177290,-204.156446,39.289462,164.8669839899345,-8019.1968323216788,0,4.4e-12
1.0022093472657048,0.0,-0.0031308981923185,0.0000000000000000,0.0032945582081971,0.0000000000000000,10.7153477675211075,3.0000923787249429,-204.567032,39.110028,165.4570042459050,-7998.6223942880588,0,8.2e-12
1.0022100495145061,0.0,-0.0031305545658299,0.0000000000000000,0.0032929672205375,0.0000000000000000,10.7135854074635901,3.0000923974413221,-204.961458,38.929312,166.0321453878514,-7977.0085749461050,0,3.1e-12
1.0022107593757823,0.0,-0.0031302063823443,0.0000000000000000,0.0032913602094496,0.0000000000000000,10.7118055102072809,3.0000924163690126,-205.339540,38.747269,166.5922713324062,-7954.3463653437157,0,5.9e-12
1.0022114769277075,0.0,-0.0031298535912844,0.0000000000000000,0.0032897370050846,0.0000000000000000,10.7100078996027204,3.0000924355101848,-205.701099,38.563852,167.1372469145666,-7930.6268176079629,0,7.5e-12
1.0022122022492863,0.0,-0.0031294961415469,0.0000000000000000,0.0032880974355088,0.0000000000000000,10.7081923977185092,3.0000924548670262,-206.045954,38.379016,167.6669379817182,-7905.8410492794283,0,5.2e-12
1.0022129354203644,0.0,-0.0031291339814980,0.0000000000000000,0.0032864413266716,0.0000000000000000,10.7063588248228303,3.0000924744417512,-206.373925,38.192714,168.1812114761752,-7879.9802487962079,0,2.6e-12
1.0022136765216385,0.0,-0.0031287670589684,0.0000000000000000,0.0032847685023697,0.0000000000000000,10.7045069993647619,3.0000924942365899,-206.684832,38.004897,168.6799355254644,-7853.0356810374706,0,2.6e-12
1.0022144256346672,0.0,-0.0031283953212490,0.0000000000000000,0.0032830787842113,0.0000000000000000,10.7026367379553946,3.0000925142538013,-206.978496,37.815516,169.1629795241527,-7824.9986930058039,0,4.8e-12
1.0022151828418817,0.0,-0.0031280187150861,0.0000000000000000,0.0032813719915809,0.0000000000000000,10.7007478553487179,3.0000925344956610,-207.254738,37.624523,169.6302142332061,-7795.8607194092674,0,4.8e-12
1.0022159482265980,0.0,-0.0031276371866768,0.0000000000000000,0.0032796479415985,0.0000000000000000,10.6988401644223181,3.0000925549644717,-207.513379,37.431867,170.0815118774068,-7765.6132887649528,0,3.5e-12
1.0022167218730265,0.0,-0.0031272506816640,0.0000000000000000,0.0032779064490843,0.0000000000000000,10.6969134761578371,3.0000925756625567,-207.754243,37.237497,170.5167462445065,-7734.2480292877026,0,2.4e-12
1.0022175038662851,0.0,-0.0031268591451323,0.0000000000000000,0.0032761473265172,0.0000000000000000,10.6949675996212186,3.0000925965922627,-207.977153,37.041360,170.9357927862840,-7701.7566752950333,0,2.5e-12
1.0022182942924105,0.0,-0.0031264625216027,0.0000000000000000,0.0032743703839958,0.0000000000000000,10.6930023419427354,3.0000926177559597,-208.181933,36.843404,171.3385287306186,-7668.1310734515610,0,2.8e-12
1.0022190932383697,0.0,-0.0031260607550281,0.0000000000000000,0.0032725754291971,0.0000000000000000,10.6910175082967864,3.0000926391560432,-208.368407,36.643574,171.7248331811794,-7633.3631896774314,0,1.8e-12
1.0022199007920729,0.0,-0.0031256537887888,0.0000000000000000,0.0032707622673326,0.0000000000000000,10.6890129018814672,3.0000926607949285,-208.536403,36.441816,172.0945872419215,-7597.4451154476410,0,4.8e-12
1.0022207170423854,0.0,-0.0031252415656875,0.0000000000000000,0.0032689307011072,0.0000000000000000,10.6869883238979035,3.0000926826750591,-208.685746,36.238072,172.4476741208516,-7560.3690751945451,0,1.6e-12
1.0022215420791407,0.0,-0.0031248240279445,0.0000000000000000,0.0032670805306736,0.0000000000000000,10.6849435735293525,3.0000927047988997,-208.816265,36.032286,172.7839792706011,-7522.1274327397223,0,1.4e-12
1.0022223759931539,0.0,-0.0031244011171932,0.0000000000000000,0.0032652115535867,0.0000000000000000,10.6828784479200642,3.0000927271689415,-208.927790,35.824400,173.1033904943136,-7482.7126993762504,0,4.6e-12
1.0022232188762339,0.0,-0.0031239727744752,0.0000000000000000,0.0032633235647570,0.0000000000000000,10.6807927421538995,3.0000927497876999,-209.020151,35.614353,173.4057980806210,-7442.1175408441486,0,9.4e-13
1.0022240708211976,0.0,-0.0031235389402357,0.0000000000000000,0.0032614163564030,0.0000000000000000,10.6786862492326993,3.0000927726577156,-209.093181,35.402086,173.6910949389979,-7400.3347848318390,0,4.4e-13
1.0022249319218839,0.0,-0.0031230995543184,0.0000000000000000,0.0032594897180030,0.0000000000000000,10.6765587600544087,3.0000927957815531,-209.146713,35.187536,173.9591767312505,-7357.3574292372941,0,6.0e-12
1.0022258022731674,0.0,-0.0031226545559612,0.0000000000000000,0.0032575434362416,0.0000000000000000,10.6744100633909422,3.0000928191618046,-209.180581,34.970639,174.2099420282922,-7313.1786496963778,0,3.6e-12
1.0022266819709724,0.0,-0.0031222038837910,0.0000000000000000,0.0032555772949640,0.0000000000000000,10.6722399458657922,3.0000928428010867,-209.194624,34.751332,174.4432924207561,-7267.7918084057656,0,1.7e-12
1.0022275711122892,0.0,-0.0031217474758194,0.0000000000000000,0.0032535910751168,0.0000000000000000,10.6700481919313823,3.0000928667020421,-209.188680,34.529547,174.6591327115796,-7221.1904616139946,0,5.4e-12
1.0022284697951866,0.0,-0.0031212852694375,0.0000000000000000,0.0032515845546981,0.0000000000000000,10.6678345838461421,3.0000928908673412,-209.162590,34.305219,174.8573710341300,-7173.3683691847909,0,3.7e-12
1.0022293781188298,0.0,-0.0031208172014115,0.0000000000000000,0.0032495575086994,0.0000000000000000,10.6655989016513271,3.0000929152996791,-209.116195,34.078276,175.0379190377935,-7124.3195025911791,0,1.0e-12
1.0022302961834944,0.0,-0.0031203432078781,0.0000000000000000,0.0032475097090497,0.0000000000000000,10.6633409231475529,3.0000929400017791,-209.049342,33.848650,175.2006920370441,-7074.0380540225578,0,1.1e-12
1.0022312240905831,0.0,-0.0031198632243391,0.0000000000000000,0.0032454409245567,0.0000000000000000,10.6610604238710582,3.0000929649763908,-208.961877,33.616268,175.3456091861341,-7022.5184459623179,0,7.2e-12
1.0022321619426418,0.0,-0.0031193771856575,0.0000000000000000,0.0032433509208464,0.0000000000000000,10.6587571770696794,3.0000929902262921,-208.853650,33.381056,175.4725936431495,-6969.7553402482627,0,1.5e-12
1.0022331098433765,0.0,-0.0031188850260522,0.0000000000000000,0.0032412394603018,0.0000000000000000,10.6564309536785427,3.0000930157542873,-208.724511,33.142939,175.5815727713110,-6915.7436473716207,0,2.0e-12
1.0022340678976709,0.0,-0.0031183866790937,0.0000000000000000,0.0032391063019981,0.0000000000000000,10.6540815222954670,3.0000930415632108,-208.574317,32.901839,175.6724783053444,-6860.4785365158532,0,2.9e-12
1.0022350362116026,0.0,-0.0031178820776992,0.0000000000000000,0.0032369512016398,0.0000000000000000,10.6517086491560580,3.0000930676559241,-208.402924,32.657677,175.7452465386530,-6803.9554457174781,0,1.9e-12
1.0022360148924629,0.0,-0.0031173711541283,0.0000000000000000,0.0032347739114913,0.0000000000000000,10.6493120981085188,3.0000930940353161,-208.210192,32.410374,175.7998185329399,-6746.1700915418915,0,2.1e-12
1.0022370040487734,0.0,-0.0031168538399776,0.0000000000000000,0.0032325741803105,0.0000000000000000,10.6468916305881347,3.0000931207043076,-207.995985,32.159844,175.8361403172083,-6687.1184797050482,0,1.7e-12
1.0022380037903056,0.0,-0.0031163300661773,0.0000000000000000,0.0032303517532760,0.0000000000000000,10.6444470055914664,3.0000931476658459,-207.760168,31.906005,175.8541630854361,-6626.7969154849561,0,5.1e-12
1.0022390142281006,0.0,-0.0031157997629854,0.0000000000000000,0.0032281063719168,0.0000000000000000,10.6419779796502070,3.0000931749229078,-207.502611,31.648768,175.8538434132738,-6565.2020147993462,0,3.8e-12
1.0022400354744885,0.0,-0.0031152628599839,0.0000000000000000,0.0032258377740346,0.0000000000000000,10.6394843068047340,3.0000932024785025,-207.223188,31.388045,175.8351434899968,-6502.3307146447423,0,5.3e-12
1.0022410676431068,0.0,-0.0031147192860742,0.0000000000000000,0.0032235456936323,0.0000000000000000,10.6369657385773149,3.0000932303356671,-206.921775,31.123744,175.7980313266787,-6438.1802847487525,0,7.4e-12
1.0022421108489243,0.0,-0.0031141689694723,0.0000000000000000,0.0032212298608296,0.0000000000000000,10.6344220239450067,3.0000932584974698,-206.598252,30.855771,175.7424809957660,-6372.7483385461182,0,4.9e-12
1.0022431652082604,0.0,-0.0031136118377046,0.0000000000000000,0.0032188900017846,0.0000000000000000,10.6318529093121885,3.0000932869670103,-206.252503,30.584030,175.6684728769154,-6306.0328449745284,0,9.7e-12
1.0022442308388064,0.0,-0.0031130478176033,0.0000000000000000,0.0032165258386121,0.0000000000000000,10.6292581384827631,3.0000933157474177,-205.884417,30.308424,175.5759938879762,-6238.0321401845777,0,4.7e-12
1.0022453078596492,0.0,-0.0031124768353022,0.0000000000000000,0.0032141370892938,0.0000000000000000,10.6266374526320071,3.0000933448418547,-205.493887,30.028849,175.4650377540939,-6168.7449392604594,0,8.6e-12
1.0022463963912929,0.0,-0.0031118988162322,0.0000000000000000,0.0032117234675945,0.0000000000000000,10.6239905902780567,3.0000933742535154,-205.080809,29.745203,175.3356052495089,-6098.1703488375006,0,2.0e-12
1.0022474965556829,0.0,-0.0031113136851173,0.0000000000000000,0.0032092846829684,0.0000000000000000,10.6213172872530386,3.0000934039856255,-204.645084,29.457379,175.1877044833115,-6026.3078788232979,0,1.8e-12
1.0022486084762301,0.0,-0.0031107213659698,0.0000000000000000,0.0032068204404669,0.0000000000000000,10.6186172766738238,3.0000934340414416,-204.186619,29.165268,175.0213511558905,-5953.1574554759973,0,4.0e-12
1.0022497322778345,0.0,-0.0031101217820862,0.0000000000000000,0.0032043304406446,0.0000000000000000,10.6158902889124036,3.0000934644242574,-203.705325,28.868756,174.8365688512034,-5878.7194338558620,0,9.2e-13
1.0022508680869120,0.0,-0.0031095148560437,0.0000000000000000,0.0032018143794564,0.0000000000000000,10.6131360515658866,3.0000934951373965,-203.201119,28.567730,174.6333893208937,-5802.9946106512070,0,5.1e-12
1.0022520160314190,0.0,-0.0031089005096953,0.0000000000000000,0.0031992719481590,0.0000000000000000,10.6103542894260965,3.0000935261842177,-202.673921,28.262068,174.4118527882734,-5725.9842373621213,0,2.9e-12
1.0022531762408804,0.0,-0.0031082786641661,0.0000000000000000,0.0031967028332047,0.0000000000000000,10.6075447244487773,3.0000935575681127,-202.123659,27.951651,174.1720082384199,-5647.6900338466894,0,2.6e-12
1.0022543488464162,0.0,-0.0031076492398489,0.0000000000000000,0.0031941067161352,0.0000000000000000,10.6047070757223860,3.0000935892925087,-201.550266,27.636352,173.9139137454639,-5568.1142011861630,0,5.0e-12
1.0022555339807688,0.0,-0.0031070121564012,0.0000000000000000,0.0031914832734698,0.0000000000000000,10.6018410594364685,3.0000936213608682,-200.953680,27.316043,173.6376367927134,-5487.2594354601624,0,1.6e-12
1.0022567317783342,0.0,-0.0031063673327401,0.0000000000000000,0.0031888321765898,0.0000000000000000,10.5989463888496260,3.0000936537766876,-200.333846,26.990591,173.3432545841399,-5405.1289418227880,0,3.3e-12
1.0022579423751898,0.0,-0.0031057146870391,0.0000000000000000,0.0031861530916231,0.0000000000000000,10.5960227742570332,3.0000936865434995,-199.690714,26.659860,173.0308544077741,-5321.7264482113023,0,2.0e-12
1.0022591659091260,0.0,-0.0031050541367244,0.0000000000000000,0.0031834456793214,0.0000000000000000,10.5930699229575236,3.0000937196648736,-199.024243,26.323709,172.7005339633876,-5237.0562193244914,0,3.4e-12
1.0022604025196775,0.0,-0.0031043855984708,0.0000000000000000,0.0031807095949335,0.0000000000000000,10.5900875392202316,3.0000937531444154,-198.334396,25.981994,172.3524017291383,-5151.1230706082843,0,2.2e-12
1.0022616523481545,0.0,-0.0031037089881985,0.0000000000000000,0.0031779444880827,0.0000000000000000,10.5870753242507565,3.0000937869857669,-197.621144,25.634567,171.9865773105805,-5063.9323834116058,0,3.0e-12
1.0022629155376779,0.0,-0.0031030242210694,0.0000000000000000,0.0031751500026262,0.0000000000000000,10.5840329761568910,3.0000938211926083,-196.884466,25.281274,171.6031918351741,-4975.4901184236314,0,2.6e-12
1.0022641922332123,0.0,-0.0031023312114833,0.0000000000000000,0.0031723257765238,0.0000000000000000,10.5809601899138386,3.0000938557686569,-196.124347,24.921958,171.2023883085469,-4885.8028312167080,0,5.4e-12
1.0022654825816011,0.0,-0.0031016298730746,0.0000000000000000,0.0031694714416951,0.0000000000000000,10.5778566573289670,3.0000938907176704,-195.340780,24.556458,170.7843220282130,-4794.8776863337989,0,2.3e-12
1.0022667867316037,0.0,-0.0031009201187093,0.0000000000000000,0.0031665866238727,0.0000000000000000,10.5747220670060535,3.0000939260434438,-194.533767,24.184606,170.3491609737499,-4702.7224720884751,0,1.6e-12
1.0022668292847368,0.0,-0.0031008969448983,0.0000000000000000,0.0031664924953522,0.0000000000000000,10.5746198243732152,3.0000939271961351,-194.507186,24.172431,170.3347554620767,-4699.7114839493279,0,4.7e-12
1.0022668722643704,0.0,-0.0031008735378536,0.0000000000000000,0.0031663974234000,0.0000000000000000,10.5745165592841470,3.0000939283603825,-194.480323,24.160131,170.3201925509746,-4696.6700674912227,0,1.6e-12
1.0022669156747892,0.0,-0.0031008498952134,0.0000000000000000,0.0031663013985367,0.0000000000000000,10.5744122615131459,3.0000939295363023,-194.453175,24.147705,170.3054704181913,-4693.5979130201795,0,4.6e-12
1.0022669595203211,0.0,-0.0031008260145920,0.0000000000000000,0.0031662044111876,0.0000000000000000,10.5743069207326386,3.0000939307240109,-194.425739,24.135152,170.2905872234223,-4690.4947075548680,0,2.2e-12
1.0022670038053367,0.0,-0.0031008018935792,0.0000000000000000,0.0031661064516817,0.0000000000000000,10.5742005265117562,3.0000939319236273,-194.398011,24.122470,170.2755410955411,-4687.3601351430807,0,1.0e-12
1.0022670485342520,0.0,-0.0031007775297403,0.0000000000000000,0.0031660075102498,0.0000000000000000,10.5740930683153032,3.0000939331352714,-194.369988,24.109658,170.2603301522879,-4684.1938762635946,0,1.4e-12
1.0022670937115266,0.0,-0.0031007529206154,0.0000000000000000,0.0031659075770244,0.0000000000000000,10.5739845355027100,3.0000939343590645,-194.341667,24.096714,170.2449524763732,-4680.9956083181805,0,3.6e-12
1.0022671393416651,0.0,-0.0031007280637196,0.0000000000000000,0.0031658066420386,0.0000000000000000,10.5738749173269806,3.0000939355951282,-194.313044,24.083638,170.2294061340275,-4677.7650054833775,0,3.8e-12
1.0022671854292182,0.0,-0.0031007029565424,0.0000000000000000,0.0031657046952237,0.0000000000000000,10.5737642029336314,3.0000939368435855,-194.284117,24.070427,170.2136891607900,-4674.5017382859351,0,9.8e-13
1.0022672319787820,0.0,-0.0031006775965477,0.0000000000000000,0.0031656017264106,0.0000000000000000,10.5736523813596079,3.0000939381045613,-194.254881,24.057081,170.1977995771443,-4671.2054741540378,0,9.2e-13
1.0022672789949996,0.0,-0.0031006519811732,0.0000000000000000,0.0031654977253266,0.0000000000000000,10.5735394415322048,3.0000939393781811,-194.225334,24.043598,170.1817353708949,-4667.8758770220047,0,1.5e-12
1.0022673264825599,0.0,-0.0031006261078305,0.0000000000000000,0.0031653926815954,0.0000000000000000,10.5734253722679661,3.0000939406645730,-194.195471,24.029977,170.1654945076981,-4664.5126073507963,0,2.6e-12
1.0022673744462005,0.0,-0.0031005999739048,0.0000000000000000,0.0031652865847352,0.0000000000000000,10.5733101622715804,3.0000939419638644,-194.165290,24.016215,170.1490749313860,-4661.1153220115939,0,5.9e-12
1.0022674228907058,0.0,-0.0031005735767539,0.0000000000000000,0.0031651794241597,0.0000000000000000,10.5731938001347547,3.0000939432761857,-194.134786,24.002312,170.1324745521947,-4657.6836746906793,0,2.6e-12
1.0022674718209088,0.0,-0.0031005469137091,0.0000000000000000,0.0031650711891740,0.0000000000000000,10.5730762743350937,3.0000939446016677,-194.103957,23.988266,170.1156912615863,-4654.2173151298630,0,1.4e-12
1.0022675212416916,0.0,-0.0031005199820742,0.0000000000000000,0.0031649618689759,0.0000000000000000,10.5729575732349481,3.0000939459404425,-194.072798,23.974075,170.0987229225497,-4650.7158896174988,0,2.7e-12
1.0022675711579854,0.0,-0.0031004927791250,0.0000000000000000,0.0031648514526538,0.0000000000000000,10.5728376850802697,3.0000939472926436,-194.041306,23.959739,170.0815673690245,-4647.1790410249087,0,1.0e-12
1.0022676215747712,0.0,-0.0031004653021095,0.0000000000000000,0.0031647399291856,0.0000000000000000,10.5727165979994400,3.0000939486584066,-194.009477,23.945255,170.0642224115299,-4643.6064083066576,0,2.8e-12
1.0022676724970803,0.0,-0.0031004375482477,0.0000000000000000,0.0031646272874374,0.0000000000000000,10.5725943000020983,3.0000939500378676,-193.977308,23.930622,170.0466858314872,-4639.9976267140137,0,2.9e-12
1.0022677239299949,0.0,-0.0031004095147306,0.0000000000000000,0.0031645135161638,0.0000000000000000,10.5724707789779533,3.0000939514311646,-193.944794,23.915838,170.0289553811491,-4636.3523279791625,0,2.6e-12
1.0022677758786485,0.0,-0.0031003811987206,0.0000000000000000,0.0031643986040044,0.0000000000000000,10.5723460226955801,3.0000939528384358,-193.911931,23.900902,170.0110287874249,-4632.6701397760535,0,4.8e-12
1.0022678283482265,0.0,-0.0031003525973510,0.0000000000000000,0.0031642825394840,0.0000000000000000,10.5722200188012110,3.0000939542598233,-193.878716,23.885813,169.9929037507291,-4628.9506861183963,0,1.4e-12
1.0022678813439669,0.0,-0.0031003237077255,0.0000000000000000,0.0031641653110117,0.0000000000000000,10.5720927548175112,3.0000939556954682,-193.845145,23.870567,169.9745779338444,-4625.1935872540671,0,8.1e-13
1.0022679348711603,0.0,-0.0031002945269180,0.0000000000000000,0.0031640469068790,0.0000000000000000,10.5719642181423410,3.0000939571455132,-193.811214,23.855165,169.9560489803752,-4621.3984593682126,0,1.5e-12
1.0022679889351511,0.0,-0.0031002650519725,0.0000000000000000,0.0031639273152591,0.0000000000000000,10.5718343960475050,3.0000939586101047,-193.776918,23.839604,169.9373144987567,-4617.5649146739343,0,2.5e-12
1.0022680435413376,0.0,-0.0031002352799023,0.0000000000000000,0.0031638065242053,0.0000000000000000,10.5717032756774945,3.0000939600893877,-193.742254,23.823882,169.9183720700597,-4613.6925616684475,0,3.4e-12
1.0022680986951724,0.0,-0.0031002052076903,0.0000000000000000,0.0031636845216495,0.0000000000000000,10.5715708440482121,3.0000939615835112,-193.707217,23.807998,169.8992192420200,-4609.7810047171224,0,9.4e-13
1.0022681544021639,0.0,-0.0031001748322881,0.0000000000000000,0.0031635612954017,0.0000000000000000,10.5714370880456858,3.0000939630926236,-193.671803,23.791950,169.8798535375221,-4605.8298439037189,0,2.5e-12
1.0022682106678753,0.0,-0.0031001441506160,0.0000000000000000,0.0031634368331491,0.0000000000000000,10.5713019944247648,3.0000939646168763,-193.636009,23.775736,169.8602724395999,-4601.8386756523414,0,1.1e-12
1.0022682674979273,0.0,-0.0031001131595627,0.0000000000000000,0.0031633111224527,0.0000000000000000,10.5711655498078141,3.0000939661564212,-193.599829,23.759355,169.8404734095836,-4597.8070917786081,0,9.1e-13
1.0022683248979960,0.0,-0.0031000818559847,0.0000000000000000,0.0031631841507488,0.0000000000000000,10.5710277406833839,3.0000939677114125,-193.563259,23.742805,169.8204538677807,-4593.7346802988886,0,1.5e-12
1.0022683828738164,0.0,-0.0031000502367064,0.0000000000000000,0.0031630559053449,0.0000000000000000,10.5708885534048722,3.0000939692820050,-193.526295,23.726083,169.8002112101252,-4589.6210248054103,0,2.3e-12
1.0022684414311802,0.0,-0.0031000182985192,0.0000000000000000,0.0031629263734219,0.0000000000000000,10.5707479741891692,3.0000939708683569,-193.488932,23.709189,169.7797427943544,-4585.4657047383498,0,1.4e-12
1.0022685005759384,0.0,-0.0030999860381814,0.0000000000000000,0.0031627955420288,0.0000000000000000,10.5706059891152933,3.0000939724706259,-193.451166,23.692120,169.7590459473387,-4581.2682951422430,0,3.2e-12
1.0022685603140014,0.0,-0.0030999534524182,0.0000000000000000,0.0031626633980843,0.0000000000000000,10.5704625841230140,3.0000939740889727,-193.412993,23.674875,169.7381179613518,-4577.0283668257362,0,4.5e-12
1.0022686206513389,0.0,-0.0030999205379208,0.0000000000000000,0.0031625299283742,0.0000000000000000,10.5703177450114563,3.0000939757235594,-193.374407,23.657451,169.7169560988046,-4572.7454860922608,0,2.6e-12
1.0022686815939812,0.0,-0.0030998872913464,0.0000000000000000,0.0031623951195498,0.0000000000000000,10.5701714574376879,3.0000939773745472,-193.335404,23.639846,169.6955575806196,-4568.4192148664424,0,1.8e-12
1.0022687431480199,0.0,-0.0030998537093175,0.0000000000000000,0.0031622589581285,0.0000000000000000,10.5700237069153076,3.0000939790421044,-193.295979,23.622059,169.6739195957972,-4564.0491106679583,0,6.7e-12
1.0022688053196080,0.0,-0.0030998197884223,0.0000000000000000,0.0031621214304884,0.0000000000000000,10.5698744788130004,3.0000939807263962,-193.256128,23.604088,169.6520393060485,-4559.6347262334730,0,2.2e-12
1.0022688681149607,0.0,-0.0030997855252131,0.0000000000000000,0.0031619825228716,0.0000000000000000,10.5697237583530921,3.0000939824275910,-193.215845,23.585931,169.6299138214945,-4555.1756101418923,0,1.7e-12
1.0022689315403566,0.0,-0.0030997509162069,0.0000000000000000,0.0031618422213802,0.0000000000000000,10.5695715306100819,3.0000939841458600,-193.175126,23.567586,169.6075402271495,-4550.6713059767317,0,3.6e-12
1.0022689956021373,0.0,-0.0030997159578851,0.0000000000000000,0.0031617005119741,0.0000000000000000,10.5694177805091662,3.0000939858813735,-193.133965,23.549050,169.5849155730575,-4546.1213527910277,0,4.1e-12
1.0022690603067093,0.0,-0.0030996806466923,0.0000000000000000,0.0031615573804713,0.0000000000000000,10.5692624928247394,3.0000939876343060,-193.092358,23.530322,169.5620368639097,-4541.5252851269579,0,6.4e-12
1.0022691256605434,0.0,-0.0030996449790365,0.0000000000000000,0.0031614128125462,0.0000000000000000,10.5691056521788891,3.0000939894048337,-193.050300,23.511399,169.5389010707184,-4536.8826325392765,0,1.1e-12
1.0022691916701760,0.0,-0.0030996089512886,0.0000000000000000,0.0031612667937271,0.0000000000000000,10.5689472430398688,3.0000939911931330,-193.007785,23.492280,169.5155051314045,-4532.1929197667778,0,5.1e-12
1.0022692583422104,0.0,-0.0030995725597820,0.0000000000000000,0.0031611193093958,0.0000000000000000,10.5687872497205575,3.0000939929993828,-192.964808,23.472962,169.4918459366914,-4527.4556668292589,0,3.7e-12
1.0022693256833162,0.0,-0.0030995358008125,0.0000000000000000,0.0031609703447844,0.0000000000000000,10.5686256563769092,3.0000939948237648,-192.921364,23.453444,169.4679203410798,-4522.6703889659966,0,1.5e-12
1.0022693937002305,0.0,-0.0030994986706370,0.0000000000000000,0.0031608198849767,0.0000000000000000,10.5684624470063753,3.0000939966664601,-192.877448,23.433723,169.4437251668427,-4517.8365961059480,0,3.1e-12
1.0022694623997594,0.0,-0.0030994611654742,0.0000000000000000,0.0031606679149036,0.0000000000000000,10.5682976054463236,3.0000939985276540,-192.833053,23.413796,169.4192571851378,-4512.9537934356595,0,3.7e-12
1.0022695317887771,0.0,-0.0030994232815034,0.0000000000000000,0.0031605144193430,0.0000000000000000,10.5681311153724327,3.0000940004075329,-192.788175,23.393662,169.3945131325047,-4508.0214812706381,0,2.4e-12
1.0022696018742283,0.0,-0.0030993850148646,0.0000000000000000,0.0031603593829181,0.0000000000000000,10.5679629602970770,3.0000940023062856,-192.742809,23.373319,169.3694897055778,-4503.0391544567228,0,2.1e-12
1.0022696726631275,0.0,-0.0030993463616576,0.0000000000000000,0.0031602027900966,0.0000000000000000,10.5677931235676841,3.0000940042241009,-192.696947,23.352764,169.3441835600854,-4498.0063028791592,0,4.9e-12
1.0022697441625608,0.0,-0.0030993073179421,0.0000000000000000,0.0031600446251868,0.0000000000000000,10.5676215883650944,3.0000940061611723,-192.650586,23.331995,169.3185913004192,-4492.9224113507516,0,2.2e-12
1.0022698163796862,0.0,-0.0030992678797368,0.0000000000000000,0.0031598848723375,0.0000000000000000,10.5674483377018866,3.0000940081176934,-192.603718,23.311009,169.2927095027306,-4487.7869593165797,0,1.1e-12
1.0022698893217334,0.0,-0.0030992280430191,0.0000000000000000,0.0031597235155375,0.0000000000000000,10.5672733544206920,3.0000940100938593,-192.556339,23.289804,169.2665346895748,-4482.5994208911798,0,1.3e-12
1.0022699629960068,0.0,-0.0030991878037251,0.0000000000000000,0.0031595605386113,0.0000000000000000,10.5670966211924995,3.0000940120898694,-192.508442,23.268378,169.2400633430974,-4477.3592649453985,0,1.4e-12
1.0022700374098841,0.0,-0.0030991471577483,0.0000000000000000,0.0031593959252196,0.0000000000000000,10.5669181205149307,3.0000940141059234,-192.460021,23.246729,169.2132919031590,-4472.0659549361953,0,7.6e-13
1.0022701125708180,0.0,-0.0030991061009400,0.0000000000000000,0.0031592296588559,0.0000000000000000,10.5667378347105068,3.0000940161422220,-192.411070,23.224854,169.1862167623503,-4466.7189489091488,0,1.5e-12
1.0022701884863370,0.0,-0.0030990646291084,0.0000000000000000,0.0031590617228459,0.0000000000000000,10.5665557459248980,3.0000940181989701,-192.361584,23.202750,169.1588342690275,-4461.3176993257075,0,4.0e-12
1.0022702651640458,0.0,-0.0030990227380180,0.0000000000000000,0.0031588921003465,0.0000000000000000,10.5663718361251480,3.0000940202763746,-192.311556,23.180415,169.1311407265392,-4455.8616532383530,0,1.6e-12
1.0022703426116266,0.0,-0.0030989804233898,0.0000000000000000,0.0031587207743412,0.0000000000000000,10.5661860870978899,3.0000940223746428,-192.260979,23.157847,169.1031323935718,-4450.3502518689493,0,4.7e-12
1.0022704208368394,0.0,-0.0030989376808999,0.0000000000000000,0.0031585477276409,0.0000000000000000,10.5659984804475364,3.0000940244939862,-192.209848,23.135042,169.0748054756941,-4444.7829310309990,0,2.4e-12
1.0022704998475229,0.0,-0.0030988945061801,0.0000000000000000,0.0031583729428814,0.0000000000000000,10.5658089975944591,3.0000940266346157,-192.158155,23.111999,169.0461561397034,-4439.1591206181583,0,8.0e-12
1.0022705796515958,0.0,-0.0030988508948162,0.0000000000000000,0.0031581964025216,0.0000000000000000,10.5656176197731408,3.0000940287967470,-192.105895,23.088715,169.0171804949343,-4433.4782451234096,0,1.4e-12
1.0022706602570570,0.0,-0.0030988068423487,0.0000000000000000,0.0031580180888412,0.0000000000000000,10.5654243280303213,3.0000940309805961,-192.053061,23.065187,168.9878746128767,-4427.7397226827561,0,6.6e-12
1.0022707416719865,0.0,-0.0030987623442716,0.0000000000000000,0.0031578379839396,0.0000000000000000,10.5652291032231087,3.0000940331863832,-191.999647,23.041412,168.9582345057717,-4421.9429660165806,0,1.3e-12
1.0022708239045470,0.0,-0.0030987173960319,0.0000000000000000,0.0031576560697322,0.0000000000000000,10.5650319260170864,3.0000940354143291,-191.945644,23.017388,168.9282561419561,-4416.0873816959611,0,5.5e-12
1.0022709069629834,0.0,-0.0030986719930297,0.0000000000000000,0.0031574723279508,0.0000000000000000,10.5648327768843959,3.0000940376646565,-191.891048,22.993112,168.8979354447480,-4410.1723703854059,0,1.0e-12
1.0022709908556251,0.0,-0.0030986261306168,0.0000000000000000,0.0031572867401414,0.0000000000000000,10.5646316361017938,3.0000940399375922,-191.835850,22.968581,168.8672682704469,-4404.1973266634832,0,1.7e-12
1.0022710755908855,0.0,-0.0030985798040969,0.0000000000000000,0.0031570992876615,0.0000000000000000,10.5644284837487010,3.0000940422333642,-191.780044,22.943793,168.8362504375527,-4398.1616391033622,0,8.1e-12
1.0022711611772641,0.0,-0.0030985330087250,0.0000000000000000,0.0031569099516758,0.0000000000000000,10.5642232997052243,3.0000940445522017,-191.723622,22.918744,168.8048777150730,-4392.0646899345847,0,2.7e-12
1.0022712476233466,0.0,-0.0030984857397064,0.0000000000000000,0.0031567187131602,0.0000000000000000,10.5640160636501612,3.0000940468943393,-191.666578,22.893432,168.7731458020687,-4385.9058555294741,0,1.5e-12
1.0022713349378063,0.0,-0.0030984379921970,0.0000000000000000,0.0031565255528926,0.0000000000000000,10.5638067550589838,3.0000940492600110,-191.608905,22.867854,168.7410503611643,-4379.6845055971644,0,4.1e-12
1.0022714231294043,0.0,-0.0030983897613016,0.0000000000000000,0.0031563304514575,0.0000000000000000,10.5635953532017979,3.0000940516494539,-191.550594,22.842007,168.7085869962366,-4373.4000038109389,0,1.4e-12
1.0022715122069912,0.0,-0.0030983410420747,0.0000000000000000,0.0031561333892393,0.0000000000000000,10.5633818371412929,3.0000940540629086,-191.491639,22.815888,168.6757512546446,-4367.0517072519378,0,9.3e-13
1.0022716021795073,0.0,-0.0030982918295187,0.0000000000000000,0.0031559343464224,0.0000000000000000,10.5631661857306600,3.0000940565006169,-191.432032,22.789493,168.6425386271900,-4360.6389668122065,0,2.8e-12
1.0022716930559843,0.0,-0.0030982421185845,0.0000000000000000,0.0031557333029879,0.0000000000000000,10.5629483776114963,3.0000940589628247,-191.371765,22.762820,168.6089445570992,-4354.1611266142227,0,4.0e-12
1.0022717848455456,0.0,-0.0030981919041700,0.0000000000000000,0.0031555302387122,0.0000000000000000,10.5627283912116852,3.0000940614497780,-191.310831,22.735867,168.5749644186631,-4347.6175244301867,0,4.3e-12
1.0022718775574075,0.0,-0.0030981411811199,0.0000000000000000,0.0031553251331659,0.0000000000000000,10.5625062047432525,3.0000940639617273,-191.249222,22.708628,168.5405935401563,-4341.0074913778535,0,1.8e-12
1.0022719712008805,0.0,-0.0030980899442255,0.0000000000000000,0.0031551179657077,0.0000000000000000,10.5622817962002067,3.0000940664989248,-191.186930,22.681103,168.5058271886079,-4334.3303518523044,0,2.1e-12
1.0022720657853690,0.0,-0.0030980381882234,0.0000000000000000,0.0031549087154890,0.0000000000000000,10.5620551433563570,3.0000940690616256,-191.123947,22.653286,168.4706605723496,-4327.5854235250426,0,2.8e-12
1.0022721613203744,0.0,-0.0030979859077955,0.0000000000000000,0.0031546973614434,0.0000000000000000,10.5618262237631040,3.0000940716500861,-191.060264,22.625176,168.4350888407149,-4320.7720172093195,0,3.3e-12
1.0022722578154941,0.0,-0.0030979330975683,0.0000000000000000,0.0031544838822913,0.0000000000000000,10.5615950147472137,3.0000940742645685,-190.995875,22.596768,168.3991070849152,-4313.8894368992933,0,1.2e-12
1.0022723552804234,0.0,-0.0030978797521117,0.0000000000000000,0.0031542682565350,0.0000000000000000,10.5613614934085653,3.0000940769053339,-190.930770,22.568060,168.3627103325550,-4306.9369798953212,0,2.9e-12
1.0022724537249568,0.0,-0.0030978258659396,0.0000000000000000,0.0031540504624548,0.0000000000000000,10.5611256366178807,3.0000940795726478,-190.864941,22.539047,168.3258935542966,-4299.9139361771358,0,2.1e-12
1.0022725531589882,0.0,-0.0030977714335081,0.0000000000000000,0.0031538304781094,0.0000000000000000,10.5608874210144261,3.0000940822667790,-190.798379,22.509728,168.2886516582761,-4292.8195889180788,0,7.6e-12
1.0022726535925124,0.0,-0.0030977164492156,0.0000000000000000,0.0031536082813325,0.0000000000000000,10.5606468230036938,3.0000940849879991,-190.731077,22.480098,168.2509794846447,-4285.6532142547894,0,4.0e-12
1.0022727550356265,0.0,-0.0030976609074020,0.0000000000000000,0.0031533838497298,0.0000000000000000,10.5604038187550628,3.0000940877365796,-190.663025,22.450153,168.2128718273558,-4278.4140807168114,0,2.8e-12
1.0022728574985305,0.0,-0.0030976048023479,0.0000000000000000,0.0031531571606769,0.0000000000000000,10.5601583841994273,3.0000940905127984,-190.594214,22.419891,168.1743233958122,-4271.1014501984846,0,4.9e-12
1.0022729609915277,0.0,-0.0030975481282740,0.0000000000000000,0.0031529281913185,0.0000000000000000,10.5599104950268110,3.0000940933169344,-190.524636,22.389307,168.1353288473779,-4263.7145769323324,0,3.9e-12
1.0022730655250278,0.0,-0.0030974908793409,0.0000000000000000,0.0031526969185630,0.0000000000000000,10.5596601266839532,3.0000940961492706,-190.454281,22.358398,168.0958827733099,-4256.2527080242726,0,1.2e-12
1.0022731711095456,0.0,-0.0030974330496480,0.0000000000000000,0.0031524633190820,0.0000000000000000,10.5594072543718696,3.0000940990100906,-190.383141,22.327161,168.0559796997974,-4248.7150829581569,0,1.8e-12
1.0022732777557040,0.0,-0.0030973746332327,0.0000000000000000,0.0031522273693078,0.0000000000000000,10.5591518530433923,3.0000941018996823,-190.311206,22.295592,168.0156140847830,-4241.1009338710137,0,3.0e-12
1.0022733854742336,0.0,-0.0030973156240702,0.0000000000000000,0.0031519890454296,0.0000000000000000,10.5588938974006794,3.0000941048183378,-190.238466,22.263686,167.9747803193045,-4233.4094854813447,0,1.1e-12
1.0022734942759755,0.0,-0.0030972560160726,0.0000000000000000,0.0031517483233925,0.0000000000000000,10.5586333618927064,3.0000941077663494,-190.164913,22.231441,167.9334727299544,-4225.6399546928915,0,2.8e-12
1.0022736041718807,0.0,-0.0030971958030883,0.0000000000000000,0.0031515051788937,0.0000000000000000,10.5583702207127228,3.0000941107440151,-190.090537,22.198851,167.8916855720148,-4217.7915508623573,0,1.0e-12
1.0022737151730123,0.0,-0.0030971349789011,0.0000000000000000,0.0031512595873804,0.0000000000000000,10.5581044477956958,3.0000941137516337,-190.015327,22.165914,167.8494130324196,-4209.8634757000618,0,1.1e-12
1.0022738272905469,0.0,-0.0030970735372298,0.0000000000000000,0.0031510115240466,0.0000000000000000,10.5578360168157186,3.0000941167895090,-189.939275,22.132626,167.8066492300688,-4201.8549229473338,0,5.6e-12
1.0022739405357746,0.0,-0.0030970114717273,0.0000000000000000,0.0031507609638310,0.0000000000000000,10.5575649011833939,3.0000941198579461,-189.862370,22.098982,167.7633882157473,-4193.7650786375816,0,7.7e-13
1.0022740549201012,0.0,-0.0030969487759800,0.0000000000000000,0.0031505078814146,0.0000000000000000,10.5572910740431958,3.0000941229572544,-189.784602,22.064978,167.7196239657681,-4185.5931208983784,0,5.5e-12
1.0022741704550493,0.0,-0.0030968854435067,0.0000000000000000,0.0031502522512174,0.0000000000000000,10.5570145082707985,3.0000941260877454,-189.705961,22.030611,167.6753503798447,-4177.3382199821990,0,4.5e-12
1.0022742871522592,0.0,-0.0030968214677590,0.0000000000000000,0.0031499940473938,0.0000000000000000,10.5567351764703883,3.0000941292497356,-189.626437,21.995876,167.6305613043855,-4168.9995377727319,0,4.7e-12
1.0022744050234895,0.0,-0.0030967568421188,0.0000000000000000,0.0031497332438349,0.0000000000000000,10.5564530509719319,3.0000941324435426,-189.546019,21.960768,167.5852504895204,-4160.5762284337416,0,4.0e-12
1.0022745240806208,0.0,-0.0030966915598993,0.0000000000000000,0.0031494698141594,0.0000000000000000,10.5561681038284370,3.0000941356694888,-189.464696,21.925285,167.5394116263519,-4152.0674377602518,0,9.4e-13
1.0022746443356534,0.0,-0.0030966256143431,0.0000000000000000,0.0031492037317153,0.0000000000000000,10.5558803068131688,3.0000941389278992,-189.382459,21.889421,167.4930383295556,-4143.4723033474147,0,1.7e-12
1.0022747658007118,0.0,-0.0030965589986218,0.0000000000000000,0.0031489349695748,0.0000000000000000,10.5555896314168454,3.0000941422191034,-189.299296,21.853171,167.4461241389008,-4134.7899545585387,0,1.3e-12
1.0022748884880437,0.0,-0.0030964917058357,0.0000000000000000,0.0031486635005320,0.0000000000000000,10.5552960488448111,3.0000941455434309,-189.215195,21.816533,167.3986625146315,-4126.0195124103029,0,3.1e-12
1.0022750124100226,0.0,-0.0030964237290121,0.0000000000000000,0.0031483892970998,0.0000000000000000,10.5549995300141699,3.0000941489012187,-189.130147,21.779500,167.3506468447295,-4117.1600895393549,0,2.4e-12
1.0022751375791488,0.0,-0.0030963550611052,0.0000000000000000,0.0031481123315069,0.0000000000000000,10.5547000455508915,3.0000941522928048,-189.044140,21.742069,167.3020704445026,-4108.2107898879240,0,4.0e-12
1.0022752640080503,0.0,-0.0030962856949951,0.0000000000000000,0.0031478325756952,0.0000000000000000,10.5543975657868998,3.0000941557185308,-188.957162,21.704235,167.2529265409321,-4099.1707092835859,0,8.5e-13
1.0022753917094851,0.0,-0.0030962156234871,0.0000000000000000,0.0031475500013151,0.0000000000000000,10.5540920607571191,3.0000941591787438,-188.869202,21.665994,167.2032082911957,-4090.0389345451276,0,6.2e-12
1.0022755206963410,0.0,-0.0030961448393108,0.0000000000000000,0.0031472645797247,0.0000000000000000,10.5537835001964950,3.0000941626737903,-188.780248,21.627340,167.1529087793613,-4080.8145439557884,0,3.0e-12
1.0022756509816386,0.0,-0.0030960733351190,0.0000000000000000,0.0031469762819846,0.0000000000000000,10.5534718535369887,3.0000941662040250,-188.690289,21.588268,167.1020209939264,-4071.4966073430496,0,4.0e-12
1.0022757825785318,0.0,-0.0030960011034876,0.0000000000000000,0.0031466850788569,0.0000000000000000,10.5531570899045324,3.0000941697698047,-188.599313,21.548775,167.0505378559724,-4062.0841854561259,0,9.4e-13
1.0022759155003096,0.0,-0.0030959281369141,0.0000000000000000,0.0031463909407985,0.0000000000000000,10.5528391781159687,3.0000941733714872,-188.507307,21.508855,166.9984522042382,-4052.5763302030555,0,2.3e-12
1.0022760497603969,0.0,-0.0030958544278169,0.0000000000000000,0.0031460938379616,0.0000000000000000,10.5525180866759403,3.0000941770094376,-188.414260,21.468503,166.9457567913837,-4042.9720847804292,0,5.7e-13
1.0022761853723565,0.0,-0.0030957799685349,0.0000000000000000,0.0031457937401879,0.0000000000000000,10.5521937837737649,3.0000941806840227,-188.320158,21.427714,166.8924442962980,-4033.2704832900090,0,1.0e-12
1.0022763223498905,0.0,-0.0030957047513257,0.0000000000000000,0.0031454906170067,0.0000000000000000,10.5518662372802652,3.0000941843956128,-188.224990,21.386483,166.8385073100458,-4023.4705508131010,0,1.5e-12
1.0022764607068422,0.0,-0.0030956287683656,0.0000000000000000,0.0031451844376294,0.0000000000000000,10.5515354147445830,3.0000941881445851,-188.128743,21.344805,166.7839383414872,-4013.5713034987548,0,5.2e-12
1.0022766004571950,0.0,-0.0030955520117490,0.0000000000000000,0.0031448751709503,0.0000000000000000,10.5512012833909363,3.0000941919313160,-188.031404,21.302674,166.7287298185963,-4003.5717481117736,0,7.2e-13
1.0022767416150784,0.0,-0.0030954744734858,0.0000000000000000,0.0031445627855376,0.0000000000000000,10.5508638101153771,3.0000941957561889,-187.932960,21.260086,166.6728740835107,-3993.4708824727004,0,1.2e-12
1.0022768841947660,0.0,-0.0030953961455022,0.0000000000000000,0.0031442472496326,0.0000000000000000,10.5505229614824874,3.0000941996195896,-187.833398,21.217035,166.6163633952606,-3983.2676949912366,0,2.2e-12
1.0022770282106777,0.0,-0.0030953170196393,0.0000000000000000,0.0031439285311488,0.0000000000000000,10.5501787037220502,3.0000942035219098,-187.732705,21.173515,166.5591899244509,-3972.9611648014597,0,4.8e-12
1.0022771736773819,0.0,-0.0030952370876519,0.0000000000000000,0.0031436065976635,0.0000000000000000,10.5498310027256981,3.0000942074635431,-187.630866,21.129521,166.5013457586235,-3962.5502617880029,0,8.3e-13
1.0022773206095970,0.0,-0.0030951563412078,0.0000000000000000,0.0031432814164164,0.0000000000000000,10.5494798240435141,3.0000942114448876,-187.527870,21.085047,166.4428229026890,-3952.0339461590847,0,9.6e-13
1.0022774690221923,0.0,-0.0030950747718870,0.0000000000000000,0.0031429529543059,0.0000000000000000,10.5491251328806044,3.0000942154663464,-187.423701,21.040088,166.3836132722434,-3941.4111688875910,0,1.2e-12
1.0022776189301907,0.0,-0.0030949923711801,0.0000000000000000,0.0031426211778859,0.0000000000000000,10.5487668940936334,3.0000942195283264,-187.318347,20.994638,166.3237086936336,-3930.6808712158854,0,2.2e-12
1.0022777703487689,0.0,-0.0030949091304882,0.0000000000000000,0.0031422860533612,0.0000000000000000,10.5484050721873270,3.0000942236312373,-187.211792,20.948691,166.2631009086470,-3919.8419850623632,0,2.4e-12
1.0022779232932606,0.0,-0.0030948250411214,0.0000000000000000,0.0031419475465827,0.0000000000000000,10.5480396313109441,3.0000942277754965,-187.104023,20.902241,166.2017815721013,-3908.8934325910359,0,1.7e-12
1.0022780777791562,0.0,-0.0030947400942979,0.0000000000000000,0.0031416056230467,0.0000000000000000,10.5476705352547011,3.0000942319615200,-186.995025,20.855283,166.1397422469946,-3897.8341260455181,0,6.8e-13
1.0022782338221072,0.0,-0.0030946542811431,0.0000000000000000,0.0031412602478872,0.0000000000000000,10.5472977474461693,3.0000942361897329,-186.884784,20.807809,166.0769744111297,-3886.6629682763360,0,3.1e-12
1.0022783914379247,0.0,-0.0030945675926885,0.0000000000000000,0.0031409113858741,0.0000000000000000,10.5469212309466318,3.0000942404605642,-186.773285,20.759815,166.0134694518182,-3875.3788522569612,0,4.4e-12
1.0022785506425840,0.0,-0.0030944800198708,0.0000000000000000,0.0031405590014089,0.0000000000000000,10.5465409484474080,3.0000942447744445,-186.660512,20.711294,165.9492186722321,-3863.9806608985982,0,2.6e-12
1.0022787114522242,0.0,-0.0030943915535305,0.0000000000000000,0.0031402030585209,0.0000000000000000,10.5461568622661357,3.0000942491318110,-186.546452,20.662238,165.8842132728830,-3852.4672676557202,0,3.3e-12
1.0022788738831514,0.0,-0.0030943021844116,0.0000000000000000,0.0031398435208612,0.0000000000000000,10.5457689343430214,3.0000942535331059,-186.431088,20.612643,165.8184443819086,-3840.8375355565495,0,5.6e-12
1.0022790379518391,0.0,-0.0030942119031599,0.0000000000000000,0.0031394803517019,0.0000000000000000,10.5453771262370406,3.0000942579787733,-186.314405,20.562502,165.7519030211858,-3829.0903181148333,0,2.6e-12
1.0022792036749313,0.0,-0.0030941207003219,0.0000000000000000,0.0031391135139290,0.0000000000000000,10.5449813991221184,3.0000942624692639,-186.196388,20.511807,165.6845801297202,-3817.2244585789231,0,4.0e-12
1.0022793710692437,0.0,-0.0030940285663443,0.0000000000000000,0.0031387429700384,0.0000000000000000,10.5445817137832574,3.0000942670050330,-186.077020,20.460553,165.6164665616195,-3805.2387901310121,0,5.7e-13
1.0022795401517652,0.0,-0.0030939354915725,0.0000000000000000,0.0031383686821338,0.0000000000000000,10.5441780306126258,3.0000942715865406,-185.956286,20.408733,165.5475530686276,-3793.1321359615067,0,3.2e-12
1.0022797109396606,0.0,-0.0030938414662495,0.0000000000000000,0.0031379906119191,0.0000000000000000,10.5437703096056161,3.0000942762142500,-185.834169,20.356339,165.4778303189710,-3780.9033090462181,0,3.4e-12
1.0022798834502717,0.0,-0.0030937464805150,0.0000000000000000,0.0031376087206969,0.0000000000000000,10.5433585103568568,3.0000942808886308,-185.710654,20.303365,165.4072888868552,-3768.5511123979541,0,1.8e-12
1.0022800577011197,0.0,-0.0030936505244040,0.0000000000000000,0.0031372229693616,0.0000000000000000,10.5429425920561837,3.0000942856101571,-185.585722,20.249803,165.3359192583404,-3756.0743383648751,0,5.2e-12
1.0022802337099062,0.0,-0.0030935535878459,0.0000000000000000,0.0031368333183975,0.0000000000000000,10.5425225134845686,3.0000942903793062,-185.459359,20.195647,165.2637118220498,-3743.4717696254702,0,1.5e-12
1.0022804114945167,0.0,-0.0030934556606634,0.0000000000000000,0.0031364397278712,0.0000000000000000,10.5420982330100177,3.0000942951965630,-185.331546,20.140889,165.1906568861833,-3730.7421780878340,0,3.5e-12
1.0022805910730208,0.0,-0.0030933567325711,0.0000000000000000,0.0031360421574292,0.0000000000000000,10.5416697085834112,3.0000943000624165,-185.202267,20.085523,165.1167446553017,-3717.8843256730161,0,3.1e-12
1.0022807724636760,0.0,-0.0030932567931743,0.0000000000000000,0.0031356405662915,0.0000000000000000,10.5412368977343185,3.0000943049773587,-185.071505,20.029539,165.0419652517313,-3704.8969637951814,0,5.0e-12
1.0022809556849279,0.0,-0.0030931558319683,0.0000000000000000,0.0031352349132489,0.0000000000000000,10.5407997575667558,3.0000943099418897,-184.939240,19.972932,164.9663087034386,-3691.7788337373477,0,3.7e-12
1.0022811407554133,0.0,-0.0030930538383366,0.0000000000000000,0.0031348251566563,0.0000000000000000,10.5403582447549073,3.0000943149565122,-184.805457,19.915693,164.8897649463669,-3678.5286661501959,0,2.3e-12
1.0022813276939619,0.0,-0.0030929508015500,0.0000000000000000,0.0031344112544284,0.0000000000000000,10.5399123155388086,3.0000943200217352,-184.670138,19.857814,164.8123238303755,-3665.1451813509775,0,2.5e-12
1.0022815165195986,0.0,-0.0030928467107655,0.0000000000000000,0.0031339931640346,0.0000000000000000,10.5394619257199764,3.0000943251380741,-184.533262,19.799287,164.7339751088936,-3651.6270893436267,0,3.3e-12
1.0022817072515458,0.0,-0.0030927415550248,0.0000000000000000,0.0031335708424940,0.0000000000000000,10.5390070306569967,3.0000943303060468,-184.394814,19.740106,164.6547084530871,-3637.9730895122520,0,3.9e-12
1.0022818999092247,0.0,-0.0030926353232529,0.0000000000000000,0.0031331442463709,0.0000000000000000,10.5385475852610728,3.0000943355261791,-184.254774,19.680260,164.5745134326482,-3624.1818710378029,0,3.0e-12
1.0022820945122572,0.0,-0.0030925280042578,0.0000000000000000,0.0031327133317697,0.0000000000000000,10.5380835439915188,3.0000943407990008,-184.113122,19.619743,164.4933795410829,-3610.2521124580198,0,6.1e-12
1.0022822910804701,0.0,-0.0030924195867279,0.0000000000000000,0.0031322780543278,0.0000000000000000,10.5376148608512210,3.0000943461250471,-183.969841,19.558545,164.4112961705698,-3596.1824819398844,0,2.0e-12
1.0022824896338953,0.0,-0.0030923100592314,0.0000000000000000,0.0031318383692119,0.0000000000000000,10.5371414893820408,3.0000943515048606,-183.824912,19.496659,164.3282526357730,-3581.9716370300994,0,1.2e-12
1.0022826901927728,0.0,-0.0030921994102153,0.0000000000000000,0.0031313942311124,0.0000000000000000,10.5366633826601745,3.0000943569389857,-183.678314,19.434076,164.2442381592172,-3567.6182249038175,0,4.2e-12
1.0022828927775522,0.0,-0.0030920876280032,0.0000000000000000,0.0031309455942388,0.0000000000000000,10.5361804932914680,3.0000943624279768,-183.530028,19.370786,164.1592418706840,-3553.1208822730860,0,3.1e-12
1.0022830974088968,0.0,-0.0030919747007950,0.0000000000000000,0.0031304924123115,0.0000000000000000,10.5356927734066854,3.0000943679723902,-183.380034,19.306781,164.0732528251802,-3538.4782353580395,0,1.5e-12
1.0022833041076833,0.0,-0.0030918606166646,0.0000000000000000,0.0031300346385591,0.0000000000000000,10.5352001746567208,3.0000943735727907,-183.228313,19.242053,163.9862599803695,-3523.6888998081649,0,8.5e-13
1.0022835128950063,0.0,-0.0030917453635592,0.0000000000000000,0.0031295722257119,0.0000000000000000,10.5347026482077712,3.0000943792297483,-183.074844,19.176591,163.8982522173852,-3508.7514811099663,0,2.7e-12
1.0022837237921796,0.0,-0.0030916289292978,0.0000000000000000,0.0031291051259947,0.0000000000000000,10.5342001447364524,3.0000943849438375,-182.919606,19.110388,163.8092183303156,-3493.6645738036186,0,3.1e-12
1.0022839368207386,0.0,-0.0030915113015695,0.0000000000000000,0.0031286332911232,0.0000000000000000,10.5336926144248739,3.0000943907156383,-182.762579,19.043432,163.7191470289324,-3478.4267624931272,0,1.4e-12
1.0022841520024433,0.0,-0.0030913924679325,0.0000000000000000,0.0031281566722966,0.0000000000000000,10.5331800069556536,3.0000943965457405,-182.603742,18.975715,163.6280269398845,-3463.0366211997352,0,1.0e-12
1.0022843693592798,0.0,-0.0030912724158123,0.0000000000000000,0.0031276752201916,0.0000000000000000,10.5326622715068901,3.0000944024347360,-182.443074,18.907228,163.5358466161006,-3447.4927134001064,0,2.3e-12
1.0022845889134633,0.0,-0.0030911511325008,0.0000000000000000,0.0031271888849576,0.0000000000000000,10.5321393567470807,3.0000944083832248,-182.280554,18.837959,163.4425945256940,-3431.7935925026813,0,4.2e-12
1.0022848106874411,0.0,-0.0030910286051541,0.0000000000000000,0.0031266976162100,0.0000000000000000,10.5316112108299791,3.0000944143918122,-182.116159,18.767900,163.3482590548780,-3415.9378014704653,0,1.8e-12
1.0022850347038941,0.0,-0.0030909048207918,0.0000000000000000,0.0031262013630221,0.0000000000000000,10.5310777813894205,3.0000944204611089,-181.949868,18.697040,163.2528285240993,-3399.9238728030214,0,2.7e-12
1.0022852609857398,0.0,-0.0030907797662951,0.0000000000000000,0.0031257000739221,0.0000000000000000,10.5305390155340746,3.0000944265917342,-181.781659,18.625368,163.1562911698019,-3383.7503291358935,0,4.2e-13
1.0022854895561351,0.0,-0.0030906534284053,0.0000000000000000,0.0031251936968844,0.0000000000000000,10.5299948598421498,3.0000944327843126,-181.611510,18.552875,163.0586351549574,-3367.4156825959344,0,1.5e-12
1.0022857204384783,0.0,-0.0030905257937224,0.0000000000000000,0.0031246821793243,0.0000000000000000,10.5294452603560540,3.0000944390394757,-181.439399,18.479550,162.9598485737907,-3350.9184353272612,0,3.3e-12
1.0022859536564124,0.0,-0.0030903968487036,0.0000000000000000,0.0031241654680894,0.0000000000000000,10.5288901625769871,3.0000944453578584,-181.265301,18.405382,162.8599194511260,-3334.2570792396273,0,1.4e-12
1.0022861892338275,0.0,-0.0030902665796616,0.0000000000000000,0.0031236435094570,0.0000000000000000,10.5283295114594804,3.0000944517401078,-181.089195,18.330360,162.7588357392422,-3317.4300964938793,0,1.1e-12
1.0022864271948633,0.0,-0.0030901349727635,0.0000000000000000,0.0031231162491214,0.0000000000000000,10.5277632514058954,3.0000944581868723,-180.911058,18.254473,162.6565853286272,-3300.4359590040658,0,2.8e-12
1.0022866675639122,0.0,-0.0030900020140283,0.0000000000000000,0.0031225836321941,0.0000000000000000,10.5271913262608390,3.0000944646988095,-180.730865,18.177709,162.5531560414790,-3283.2731290464908,0,1.3e-12
1.0022869103656216,0.0,-0.0030898676893263,0.0000000000000000,0.0031220456031908,0.0000000000000000,10.5266136793055480,3.0000944712765847,-180.548594,18.100058,162.4485356420448,-3265.9400589562738,0,1.5e-12
1.0022871556248969,0.0,-0.0030897319843772,0.0000000000000000,0.0031215021060270,0.0000000000000000,10.5260302532522001,3.0000944779208671,-180.364220,18.021508,162.3427118343251,-3248.4351913133596,0,2.1e-12
1.0022874033669051,0.0,-0.0030895948847481,0.0000000000000000,0.0031209530840112,0.0000000000000000,10.5254409902381738,3.0000944846323350,-180.177719,17.942046,162.2356722631496,-3230.7569590582643,0,2.6e-12
1.0022876536170762,0.0,-0.0030894563758520,0.0000000000000000,0.0031203984798372,0.0000000000000000,10.5248458318202456,3.0000944914116747,-179.989066,17.861662,162.1274045202951,-3212.9037858064512,0,4.2e-12
1.0022879064011068,0.0,-0.0030893164429466,0.0000000000000000,0.0031198382355760,0.0000000000000000,10.5242447189687276,3.0000944982595761,-179.798238,17.780342,162.0178961450766,-3194.8740856102158,0,2.4e-12
1.0022881617449637,0.0,-0.0030891750711321,0.0000000000000000,0.0031192722926693,0.0000000000000000,10.5236375920615473,3.0000945051767398,-179.605209,17.698074,161.9071346331031,-3176.6662630547780,0,3.4e-12
1.0022884196748860,0.0,-0.0030890322453497,0.0000000000000000,0.0031187005919218,0.0000000000000000,10.5230243908782697,3.0000945121638707,-179.409953,17.614846,161.7951074284022,-3158.2787137556734,0,2.1e-12
1.0022886802173880,0.0,-0.0030888879503800,0.0000000000000000,0.0031181230734931,0.0000000000000000,10.5224050545940493,3.0000945192216828,-179.212447,17.530645,161.6818019346989,-3139.7098240603154,0,2.4e-13
1.0022889433992630,0.0,-0.0030887421708412,0.0000000000000000,0.0031175396768900,0.0000000000000000,10.5217795217735244,3.0000945263508969,-179.012664,17.445458,161.5672055172446,-3120.9579714670053,0,1.9e-12
1.0022892092475857,0.0,-0.0030885948911870,0.0000000000000000,0.0031169503409598,0.0000000000000000,10.5211477303646532,3.0000945335522409,-178.810578,17.359272,161.4513055044795,-3102.0215247559554,0,6.6e-13
1.0022894777897158,0.0,-0.0030884460957056,0.0000000000000000,0.0031163550038801,0.0000000000000000,10.5205096176924808,3.0000945408264528,-178.606163,17.272074,161.3340891957704,-3082.8988437710832,0,3.9e-12
1.0022897490533009,0.0,-0.0030882957685172,0.0000000000000000,0.0031157536031522,0.0000000000000000,10.5198651204528399,3.0000945481742729,-178.399393,17.183849,161.2155438627583,-3063.5882800122235,0,2.1e-12
1.0022900230662797,0.0,-0.0030881438935725,0.0000000000000000,0.0031151460755929,0.0000000000000000,10.5192141747059935,3.0000945555964544,-178.190241,17.094585,161.0956567504216,-3044.0881765021713,0,4.3e-12
1.0022902998568852,0.0,-0.0030879904546509,0.0000000000000000,0.0031145323573259,0.0000000000000000,10.5185567158702096,3.0000945630937541,-177.978681,17.004266,160.9744150801953,-3024.3968684113115,0,2.1e-12
1.0022905794536481,0.0,-0.0030878354353588,0.0000000000000000,0.0031139123837727,0.0000000000000000,10.5178926787152669,3.0000945706669415,-177.764685,16.912879,160.8518060702559,-3004.5126824137842,0,3.3e-12
1.0022908618854003,0.0,-0.0030876788191274,0.0000000000000000,0.0031132860896446,0.0000000000000000,10.5172219973558967,3.0000945783167885,-177.548227,16.820410,160.7278169185301,-2984.4339376675453,0,4.9e-12
1.0022911471812777,0.0,-0.0030875205892111,0.0000000000000000,0.0031126534089338,0.0000000000000000,10.5165446052451568,3.0000945860440793,-177.329278,16.726843,160.6024348170034,-2964.1589457032333,0,1.4e-12
1.0022914353707237,0.0,-0.0030873607286853,0.0000000000000000,0.0031120142749052,0.0000000000000000,10.5158604351677329,3.0000945938496044,-177.107810,16.632163,160.4756469645593,-2943.6860104293210,0,2.0e-12
1.0022917264834934,0.0,-0.0030871992204451,0.0000000000000000,0.0031113686200864,0.0000000000000000,10.5151694192331764,3.0000946017341619,-176.883797,16.536356,160.3474405558515,-2923.0134287809560,0,4.2e-13
1.0022920205496564,0.0,-0.0030870360472027,0.0000000000000000,0.0031107163762586,0.0000000000000000,10.5144714888690718,3.0000946096985590,-176.657208,16.439406,160.2178027986253,-2902.1394905558464,0,1.0e-12
1.0022923175996001,0.0,-0.0030868711914859,0.0000000000000000,0.0031100574744480,0.0000000000000000,10.5137665748141291,3.0000946177436116,-176.428017,16.341296,160.0867209178437,-2881.0624788359928,0,2.6e-12
1.0022926176640339,0.0,-0.0030867046356359,0.0000000000000000,0.0031093918449162,0.0000000000000000,10.5130546071112079,3.0000946258701435,-176.196194,16.242012,159.9541821608012,-2859.7806701881109,0,9.9e-13
1.0022929207739926,0.0,-0.0030865363618053,0.0000000000000000,0.0031087194171503,0.0000000000000000,10.5123355151002684,3.0000946340789865,-175.961710,16.141536,159.8201737926663,-2838.2923350828460,0,1.7e-12
1.0022932269608400,0.0,-0.0030863663519564,0.0000000000000000,0.0031080401198536,0.0000000000000000,10.5116092274112507,3.0000946423709824,-175.724536,16.039853,159.6846831253476,-2816.5957377049581,0,1.4e-12
1.0022935362562726,0.0,-0.0030861945878588,0.0000000000000000,0.0031073538809346,0.0000000000000000,10.5108756719568799,3.0000946507469797,-175.484643,15.936945,159.5476975050409,-2794.6891367861117,0,2.8e-12
1.0022938486923230,0.0,-0.0030860210510874,0.0000000000000000,0.0031066606275002,0.0000000000000000,10.5101347759253905,3.0000946592078384,-175.242000,15.832796,159.4092043202783,-2772.5707856548197,0,4.6e-12
1.0022941643013648,0.0,-0.0030858457230210,0.0000000000000000,0.0031059602858400,0.0000000000000000,10.5093864657731917,3.0000946677544245,-174.996578,15.727387,159.2691910272288,-2750.2389322026247,0,1.5e-12
1.0022944831161154,0.0,-0.0030856685848389,0.0000000000000000,0.0031052527814223,0.0000000000000000,10.5086306672174317,3.0000946763876137,-174.748347,15.620702,159.1276451283164,-2727.6918200524233,0,3.8e-12
1.0022948051696396,0.0,-0.0030854896175202,0.0000000000000000,0.0031045380388787,0.0000000000000000,10.5078673052285119,3.0000946851082939,-174.497276,15.512722,158.9845542085872,-2704.9276877822958,0,1.2e-12
1.0022951304953556,0.0,-0.0030853088018405,0.0000000000000000,0.0031038159819962,0.0000000000000000,10.5070963040224985,3.0000946939173572,-174.243335,15.403429,158.8399059228568,-2681.9447703226906,0,1.2e-12
1.0022954591270365,0.0,-0.0030851261183708,0.0000000000000000,0.0031030865337049,0.0000000000000000,10.5063175870534771,3.0000947028157086,-173.986492,15.292804,158.6936880160013,-2658.7412985075007,0,2.7e-12
1.0022957910988162,0.0,-0.0030849415474745,0.0000000000000000,0.0031023496160670,0.0000000000000000,10.5055310770058075,3.0000947118042607,-173.726717,15.180829,158.5458883264335,-2635.3154999058970,0,1.2e-12
1.0022961264451917,0.0,-0.0030847550693055,0.0000000000000000,0.0031016051502685,0.0000000000000000,10.5047366957863115,3.0000947208839368,-173.463978,15.067483,158.3964947928851,-2611.6655989269893,0,1.8e-12
1.0022964652010298,0.0,-0.0030845666638064,0.0000000000000000,0.0031008530566029,0.0000000000000000,10.5039343645163772,3.0000947300556677,-173.198244,14.952749,158.2454954705299,-2587.7898175440587,0,1.1e-12
1.0022968074015686,0.0,-0.0030843763107055,0.0000000000000000,0.0031000932544639,0.0000000000000000,10.5031240035239772,3.0000947393203967,-172.929483,14.836605,158.0928785365929,-2563.6863752754198,0,1.0e-12
1.0022971530824241,0.0,-0.0030841839895151,0.0000000000000000,0.0030993256623316,0.0000000000000000,10.5023055323356047,3.0000947486790741,-172.657663,14.719031,157.9386323004065,-2539.3534899432598,0,6.9e-13
1.0022975022795928,0.0,-0.0030839896795291,0.0000000000000000,0.0030985501977611,0.0000000000000000,10.5014788696681229,3.0000947581326622,-172.382752,14.600007,157.7827452111013,-2514.7893779935221,0,2.0e-12
1.0022978550294572,0.0,-0.0030837933598206,0.0000000000000000,0.0030977667773704,0.0000000000000000,10.5006439334205393,3.0000947676821310,-172.104717,14.479512,157.6252058788243,-2489.9922548813647,0,1.0e-12
1.0022982113687895,0.0,-0.0030835950092398,0.0000000000000000,0.0030969753168284,0.0000000000000000,10.4998006406656774,3.0000947773284641,-171.823527,14.357524,157.4660030663405,-2464.9603358281820,0,1.9e-12
1.0022985713347567,0.0,-0.0030833946064114,0.0000000000000000,0.0030961757308413,0.0000000000000000,10.4989489076417772,3.0000947870726509,-171.539147,14.234021,157.3051257230329,-2439.6918357969735,0,1.2e-12
1.0022989349649252,0.0,-0.0030831921297324,0.0000000000000000,0.0030953679331416,0.0000000000000000,10.4980886497439947,3.0000947969156946,-171.251545,14.108982,157.1425629817601,-2414.1849705026343,0,3.0e-12
1.0022993022972646,0.0,-0.0030829875573698,0.0000000000000000,0.0030945518364735,0.0000000000000000,10.4972197815158275,3.0000948068586073,-170.960688,13.982384,156.9783041727452,-2388.4379567142114,0,4.6e-13
1.0022996733701532,0.0,-0.0030827808672580,0.0000000000000000,0.0030937273525810,0.0000000000000000,10.4963422166404285,3.0000948169024109,-170.666542,13.854204,156.8123388442868,-2362.4490127292011,0,2.2e-12
1.0023000482223832,0.0,-0.0030825720370964,0.0000000000000000,0.0030928943921934,0.0000000000000000,10.4954558679318524,3.0000948270481396,-170.369075,13.724418,156.6446567660621,-2336.2163590808341,0,1.2e-12
1.0023004268931639,0.0,-0.0030823610443472,0.0000000000000000,0.0030920528650130,0.0000000000000000,10.4945606473261890,3.0000948372968370,-170.068251,13.593003,156.4752479520213,-2309.7382189249238,0,2.5e-12
1.0023008094221284,0.0,-0.0030821478662326,0.0000000000000000,0.0030912026797002,0.0000000000000000,10.4936564658726166,3.0000948476495584,-169.764037,13.459934,156.3041026599307,-2283.0128190062896,0,3.5e-12
1.0023011958493371,0.0,-0.0030819324797325,0.0000000000000000,0.0030903437438598,0.0000000000000000,10.4927432337243598,3.0000948581073694,-169.456399,13.325188,156.1312114299809,-2256.0383897271804,0,2.5e-12
1.0023015862152838,0.0,-0.0030817148615820,0.0000000000000000,0.0030894759640268,0.0000000000000000,10.4918208601295451,3.0000948686713467,-169.145304,13.188738,155.9565650734457,-2228.8131662337928,0,2.5e-12
1.0023019805609006,0.0,-0.0030814949882688,0.0000000000000000,0.0030885992456517,0.0000000000000000,10.4908892534219635,3.0000948793425790,-168.830715,13.050560,155.7801547018911,-2201.3353889286027,0,3.6e-12
1.0023023789275622,0.0,-0.0030812728360304,0.0000000000000000,0.0030877134930864,0.0000000000000000,10.4899483210117346,3.0000948901221656,-168.512599,12.910627,155.6019717458936,-2173.6033041151477,0,2.3e-12
1.0023027813570928,0.0,-0.0030810483808523,0.0000000000000000,0.0030868186095675,0.0000000000000000,10.4889979693758821,3.0000949010112157,-168.190921,12.768913,155.4220079648458,-2145.6151646453363,0,2.4e-12
1.0023031878917699,0.0,-0.0030808215984644,0.0000000000000000,0.0030859144972025,0.0000000000000000,10.4880381040487887,3.0000949120108547,-167.865645,12.625390,155.2402554660287,-2117.3692307208003,0,3.3e-12
1.0023035985743300,0.0,-0.0030805924643389,0.0000000000000000,0.0030850010569544,0.0000000000000000,10.4870686296125690,3.0000949231222136,-167.536738,12.480032,155.0567067213436,-2088.8637706893278,0,2.1e-12
1.0023040134479753,0.0,-0.0030803609536879,0.0000000000000000,0.0030840781886232,0.0000000000000000,10.4860894496873289,3.0000949343464396,-167.204164,12.332809,154.8713545872901,-2060.0970617183430,0,1.5e-12
1.0023044325563775,0.0,-0.0030801270414599,0.0000000000000000,0.0030831457908340,0.0000000000000000,10.4851004669213275,3.0000949456846904,-166.867887,12.183695,154.6841923235446,-2031.0673905024196,0,3.6e-12
1.0023048559436847,0.0,-0.0030798907023382,0.0000000000000000,0.0030822037610165,0.0000000000000000,10.4841015829810313,3.0000949571381352,-166.527872,12.032659,154.4952136137185,-2001.7730542933350,0,2.6e-12
1.0023052836545268,0.0,-0.0030796519107370,0.0000000000000000,0.0030812519953903,0.0000000000000000,10.4830926985410624,3.0000949687079568,-166.184084,11.879672,154.3044125799869,-1972.2123615540895,0,1.6e-12
1.0023057157340207,0.0,-0.0030794106407997,0.0000000000000000,0.0030802903889490,0.0000000000000000,10.4820737132740422,3.0000949803953478,-165.836487,11.724703,154.1117838098082,-1942.3836328886555,0,2.6e-12
1.0023061522277774,0.0,-0.0030791668663954,0.0000000000000000,0.0030793188354398,0.0000000000000000,10.4810445258403231,3.0000949922015163,-165.485046,11.567723,153.9173223713373,-1912.2852020414557,0,4.0e-12
1.0023065931819073,0.0,-0.0030789205611167,0.0000000000000000,0.0030783372273469,0.0000000000000000,10.4800050338776138,3.0000950041276804,-165.129723,11.408700,153.7210238414846,-1881.9154163837775,0,3.9e-12
1.0023070386430257,0.0,-0.0030786716982761,0.0000000000000000,0.0030773454558766,0.0000000000000000,10.4789551339904872,3.0000950161750732,-164.770485,11.247601,153.5228843273959,-1851.2726384891812,0,4.1e-12
1.0023074886582606,0.0,-0.0030784202509038,0.0000000000000000,0.0030763434109334,0.0000000000000000,10.4778947217397924,3.0000950283449379,-164.407295,11.084394,153.3229004811267,-1820.3552466226283,0,3.5e-12
1.0023079432752566,0.0,-0.0030781661917452,0.0000000000000000,0.0030753309811071,0.0000000000000000,10.4768236916319246,3.0000950406385325,-164.040116,10.919046,153.1210695446081,-1789.1616356831164,0,2.8e-12
1.0023084025421833,0.0,-0.0030779094932567,0.0000000000000000,0.0030743080536499,0.0000000000000000,10.4757419371080100,3.0000950530571289,-163.668913,10.751524,152.9173893433891,-1757.6902187636060,0,3.3e-12
1.0023088665077413,0.0,-0.0030776501276038,0.0000000000000000,0.0030732745144578,0.0000000000000000,10.4746493505329568,3.0000950656020096,-163.293650,10.581792,152.7118583388094,-1725.9394276483217,0,9.0e-13
1.0023093352211681,0.0,-0.0030773880666583,0.0000000000000000,0.0030722302480516,0.0000000000000000,10.4735458231843896,3.0000950782744722,-162.914291,10.409816,152.5044756461108,-1693.9077141173493,0,3.5e-12
1.0023098087322455,0.0,-0.0030771232819946,0.0000000000000000,0.0030711751375566,0.0000000000000000,10.4724312452414736,3.0000950910758286,-162.530800,10.235559,152.2952410562398,-1661.5935510271138,0,1.9e-12
1.0023102870913057,0.0,-0.0030768557448870,0.0000000000000000,0.0030701090646822,0.0000000000000000,10.4713055057736018,3.0000951040074018,-162.143140,10.058985,152.0841550689908,-1628.9954333510523,0,5.2e-12
1.0023107703492389,0.0,-0.0030765854263071,0.0000000000000000,0.0030690319096999,0.0000000000000000,10.4701684927289804,3.0000951170705310,-161.751276,9.880057,151.8712189207557,-1596.1118797183099,0,4.8e-12
1.0023112585574994,0.0,-0.0030763122969203,0.0000000000000000,0.0030679435514240,0.0000000000000000,10.4690200929230741,3.0000951302665682,-161.355172,9.698737,151.6564346168558,-1562.9414328995445,0,2.0e-12
1.0023117517681133,0.0,-0.0030760363270827,0.0000000000000000,0.0030668438671891,0.0000000000000000,10.4678601920269312,3.0000951435968806,-160.954791,9.514986,151.4398049503863,-1529.4826620570402,0,4.6e-12
1.0023122500336856,0.0,-0.0030757574868385,0.0000000000000000,0.0030657327328263,0.0000000000000000,10.4666886745553906,3.0000951570628480,-160.550099,9.328765,151.2213335531685,-1495.7341628532322,0,4.6e-12
1.0023127534074077,0.0,-0.0030754757459165,0.0000000000000000,0.0030646100226436,0.0000000000000000,10.4655054238551415,3.0000951706658654,-160.141058,9.140033,151.0010249135187,-1461.6945595461602,0,5.1e-12
1.0023132619430641,0.0,-0.0030751910737270,0.0000000000000000,0.0030634756094007,0.0000000000000000,10.4643103220926736,3.0000951844073427,-159.727633,8.948749,150.7788844065239,-1427.3625063044474,0,2.1e-12
1.0023137756950407,0.0,-0.0030749034393586,0.0000000000000000,0.0030623293642868,0.0000000000000000,10.4631032502420815,3.0000951982887050,-159.309790,8.754871,150.5549183424257,-1392.7366880558147,0,8.3e-13
1.0023142947183321,0.0,-0.0030746128115754,0.0000000000000000,0.0030611711568954,0.0000000000000000,10.4618840880727433,3.0000952123113906,-158.887491,8.558357,150.3291339919416,-1357.8158222929960,0,1.6e-12
1.0023148190685500,0.0,-0.0030743191588134,0.0000000000000000,0.0030600008552015,0.0000000000000000,10.4606527141368595,3.0000952264768541,-158.460702,8.359162,150.1015396274494,-1322.5986604754344,0,3.4e-12
1.0023153488019299,0.0,-0.0030740224491772,0.0000000000000000,0.0030588183255368,0.0000000000000000,10.4594090057568607,3.0000952407865649,-158.029387,8.157242,149.8721445509841,-1287.0839892940221,0,3.8e-12
1.0023158839753401,0.0,-0.0030737226504373,0.0000000000000000,0.0030576234325617,0.0000000000000000,10.4581528390126728,3.0000952552420084,-157.593511,7.952552,149.6409591445919,-1251.2706323941493,0,3.1e-12
1.0023164246462901,0.0,-0.0030734197300261,0.0000000000000000,0.0030564160392425,0.0000000000000000,10.4568840887288417,3.0000952698446848,-157.153040,7.745046,149.4079949026356,-1215.1574518940488,0,5.5e-12
1.0023169708729383,0.0,-0.0030731136550353,0.0000000000000000,0.0030551960068240,0.0000000000000000,10.4556026284615200,3.0000952845961093,-156.707939,7.534675,149.1732644709231,-1178.7433498076189,0,2.4e-12
1.0023175227141004,0.0,-0.0030728043922118,0.0000000000000000,0.0030539631948015,0.0000000000000000,10.4543083304853077,3.0000952994978163,-156.258173,7.321392,148.9367816971247,-1142.0272697558339,0,1.8e-12
1.0023180802292588,0.0,-0.0030724919079552,0.0000000000000000,0.0030527174608953,0.0000000000000000,10.4530010657799490,3.0000953145513511,-155.803708,7.105147,148.6985616592648,-1105.0081987463509,0,3.8e-12
1.0023186434785707,0.0,-0.0030721761683137,0.0000000000000000,0.0030514586610201,0.0000000000000000,10.4516807040168782,3.0000953297582806,-155.344510,6.885890,148.4586207286851,-1067.6851686591872,0,2.3e-12
1.0023192125228773,0.0,-0.0030718571389811,0.0000000000000000,0.0030501866492591,0.0000000000000000,10.4503471135456163,3.0000953451201839,-154.880546,6.663569,148.2169765928454,-1030.0572579631080,0,6.5e-13
1.0023197874237124,0.0,-0.0030715347852932,0.0000000000000000,0.0030489012778336,0.0000000000000000,10.4490001613800239,3.0000953606386589,-154.411781,6.438133,147.9736483183267,-992.1235940336828,0,2.4e-12
1.0023203682433124,0.0,-0.0030712090722244,0.0000000000000000,0.0030476023970721,0.0000000000000000,10.4476397131843939,3.0000953763153198,-153.938184,6.209527,147.7286563950762,-953.8833540326796,0,1.8e-12
1.0023209550446253,0.0,-0.0030708799643842,0.0000000000000000,0.0030462898553815,0.0000000000000000,10.4462656332593884,3.0000953921517972,-153.459720,5.977697,147.4820227796663,-915.3357675476545,0,3.1e-12
1.0023215478913201,0.0,-0.0030705474260138,0.0000000000000000,0.0030449634992151,0.0000000000000000,10.4448777845278258,3.0000954081497406,-152.976358,5.742587,147.2337709505923,-876.4801183615218,0,9.2e-13
1.0023221468477970,0.0,-0.0030702114209825,0.0000000000000000,0.0030436231730405,0.0000000000000000,10.4434760285202977,3.0000954243108136,-152.488066,5.504141,146.9839259584112,-837.3157459279064,0,2.6e-12
1.0023227519791966,0.0,-0.0030698719127839,0.0000000000000000,0.0030422687193085,0.0000000000000000,10.4420602253606312,3.0000954406367004,-151.994813,5.262298,146.7325144800846,-797.8420478671633,0,2.1e-12
1.0023233633514106,0.0,-0.0030695288645327,0.0000000000000000,0.0030408999784200,0.0000000000000000,10.4406302337511896,3.0000954571291025,-151.496566,5.017001,146.4795648648235,-758.0584819894229,0,5.9e-12
1.0023239810310922,0.0,-0.0030691822389610,0.0000000000000000,0.0030395167886879,0.0000000000000000,10.4391859109580061,3.0000954737897376,-150.993296,4.768189,146.2251072101073,-717.9645678478046,0,3.6e-12
1.0023246050856658,0.0,-0.0030688319984145,0.0000000000000000,0.0030381189863091,0.0000000000000000,10.4377271127957414,3.0000954906203421,-150.484972,4.515799,145.9691733936347,-677.5598894886007,0,1.4e-12
1.0023252355833383,0.0,-0.0030684781048488,0.0000000000000000,0.0030367064053255,0.0000000000000000,10.4362536936124801,3.0000955076226723,-149.971565,4.259768,145.7117971468584,-636.8440972986573,0,2.4e-12
1.0023258725931097,0.0,-0.0030681205198263,0.0000000000000000,0.0030352788775865,0.0000000000000000,10.4347655062743527,3.0000955247985006,-149.453046,4.000032,145.4530141165833,-595.8169100536834,0,7.9e-13
1.0023265161847841,0.0,-0.0030677592045116,0.0000000000000000,0.0030338362327160,0.0000000000000000,10.4332624021499818,3.0000955421496212,-148.929385,3.736523,145.1928619150834,-554.4781175921380,0,2.9e-12
1.0023271664289815,0.0,-0.0030673941196685,0.0000000000000000,0.0030323782980709,0.0000000000000000,10.4317442310947506,3.0000955596778440,-148.400556,3.469176,144.9313801999758,-512.8275827817342,0,5.9e-12
1.0023278233971484,0.0,-0.0030670252256557,0.0000000000000000,0.0030309048987049,0.0000000000000000,10.4302108414348904,3.0000955773849998,-147.866530,3.197919,144.6686107158706,-470.8652441021422,0,1.7e-12
1.0023284871615701,0.0,-0.0030666524824236,0.0000000000000000,0.0030294158573284,0.0000000000000000,10.4286620799513905,3.0000955952729385,-147.327282,2.922684,144.4045973902537,-428.5911176792470,0,1.2e-12
1.0023291577953823,0.0,-0.0030662758495099,0.0000000000000000,0.0030279109942678,0.0000000000000000,10.4270977918637158,3.0000956133435293,-146.782784,2.643398,144.1393863748665,-386.0053001669276,0,3.8e-12
1.0023298353725840,0.0,-0.0030658952860360,0.0000000000000000,0.0030263901274246,0.0000000000000000,10.4255178208133454,3.0000956315986618,-146.233013,2.359987,143.8730261332757,-343.1079709992209,0,7.6e-13
1.0023305199680486,0.0,-0.0030655107507034,0.0000000000000000,0.0030248530722332,0.0000000000000000,10.4239220088471161,3.0000956500402451,-145.677943,2.072375,143.6055675043985,-299.8993947181752,0,4.3e-12
1.0023312116575380,0.0,-0.0030651222017893,0.0000000000000000,0.0030232996416172,0.0000000000000000,10.4223101964003728,3.0000956686702089,-145.117551,1.780487,143.3370637713219,-256.3799242504319,0,1.3e-12
1.0023319105177142,0.0,-0.0030647295971430,0.0000000000000000,0.0030217296459471,0.0000000000000000,10.4206822222799236,3.0000956874905036,-144.551814,1.484243,143.0675707514931,-212.5500026123318,0,2.1e-12
1.0023326166261532,0.0,-0.0030643328941819,0.0000000000000000,0.0030201428929926,0.0000000000000000,10.4190379236468029,3.0000957065030986,-143.980709,1.183562,142.7971468612436,-168.4101663133624,0,1.8e-12
1.0023333300613584,0.0,-0.0030639320498878,0.0000000000000000,0.0030185391878782,0.0000000000000000,10.4173771359988248,3.0000957257099867,-143.404217,0.878364,142.5258531951870,-123.9610477600636,0,1.8e-12
1.0023340509027736,0.0,-0.0030635270208021,0.0000000000000000,0.0030169183330354,0.0000000000000000,10.4156996931529395,3.0000957451131813,-142.822316,0.568562,142.2537536166176,-79.2033780260754,0,4.9e-12
1.0023347792307982,0.0,-0.0030631177630228,0.0000000000000000,0.0030152801281541,0.0000000000000000,10.4140054272273712,3.0000957647147160,-142.234987,0.254072,141.9809148237986,-34.1379899464791,0,4.5e-12
1.0023355151268003,0.0,-0.0030627042321996,0.0000000000000000,0.0030136243701335,0.0000000000000000,10.4122941686235659,3.0000957845166463,-141.642213,-0.065194,141.7074064491747,11.2341794329059,0,2.3e-12
1.0023362586731315,0.0,-0.0030622863835302,0.0000000000000000,0.0030119508530315,0.0000000000000000,10.4105657460079080,3.0000958045210515,-141.043975,-0.389326,141.4333011432883,56.9120857007529,0,3.3e-12
1.0023370099531421,0.0,-0.0030618641717564,0.0000000000000000,0.0030102593680121,0.0000000000000000,10.4088199862932260,3.0000958247300313,-140.440258,-0.718416,141.1586746557873,102.8945739020000,0,3.2e-12
1.0023377690511968,0.0,-0.0030614375511591,0.0000000000000000,0.0030085497032924,0.0000000000000000,10.4070567146200883,3.0000958451457085,-139.831047,-1.052559,140.8836059298519,149.1803760515686,0,1.3e-12
1.0023385360526877,0.0,-0.0030610064755556,0.0000000000000000,0.0030068216440912,0.0000000000000000,10.4052757543378540,3.0000958657702288,-139.216328,-1.391849,140.6081771976152,195.7681074045977,0,1.6e-12
1.0023393110440537,0.0,-0.0030605708982941,0.0000000000000000,0.0030050749725670,0.0000000000000000,10.4034769269855314,3.0000958866057608,-138.596088,-1.736386,140.3324740723374,242.6562640063003,0,5.7e-13
1.0023400941127938,0.0,-0.0030601307722498,0.0000000000000000,0.0030033094677671,0.0000000000000000,10.4016600522723728,3.0000959076544955,-137.970316,-2.086269,140.0565856426161,289.8432190562326,0,1.3e-12
1.0023408853474849,0.0,-0.0030596860498207,0.0000000000000000,0.0030015249055663,0.0000000000000000,10.3998249480582601,3.0000959289186491,-137.339002,-2.441602,139.7806045775566,337.3272199541370,0,1.7e-12
1.0023416848377986,0.0,-0.0030592366829237,0.0000000000000000,0.0029997210586067,0.0000000000000000,10.3979714303338433,3.0000959504004601,-136.702137,-2.802490,139.5046272188684,385.1063848773738,0,3.9e-13
1.0023424926745181,0.0,-0.0030587826229898,0.0000000000000000,0.0029978976962381,0.0000000000000000,10.3960993132004393,3.0000959721021920,-136.059714,-3.169040,139.2287536948907,433.1786996738047,0,2.7e-12
1.0023433089495555,0.0,-0.0030583238209597,0.0000000000000000,0.0029960545844544,0.0000000000000000,10.3942084088496944,3.0000959940261329,-135.411725,-3.541363,138.9530880132124,481.5420142066869,0,7.6e-13
1.0023441337559711,0.0,-0.0030578602272798,0.0000000000000000,0.0029941914858278,0.0000000000000000,10.3922985275429927,3.0000960161745960,-134.758168,-3.919570,138.6777381801376,530.1940394026478,0,2.6e-12
1.0023449671879900,0.0,-0.0030573917918975,0.0000000000000000,0.0029923081594461,0.0000000000000000,10.3903694775906139,3.0000960385499167,-134.099039,-4.303777,138.4028163032024,579.1323433434391,0,5.2e-13
1.0023458093410229,0.0,-0.0030569184642569,0.0000000000000000,0.0029904043608408,0.0000000000000000,10.3884210653306397,3.0000960611544598,-133.434337,-4.694102,138.1284387033265,628.3543481248853,0,1.9e-12
1.0023466603116831,0.0,-0.0030564401932942,0.0000000000000000,0.0029884798419222,0.0000000000000000,10.3864530951075995,3.0000960839906123,-132.764061,-5.090665,137.8547260341003,677.8573263177514,0,2.5e-12
1.0023475201978087,0.0,-0.0030559569274332,0.0000000000000000,0.0029865343509043,0.0000000000000000,10.3844653692508526,3.0000961070607888,-132.088214,-5.493589,137.5818033931550,727.6383970467887,0,2.5e-12
1.0023483890984803,0.0,-0.0030554686145806,0.0000000000000000,0.0029845676322354,0.0000000000000000,10.3824576880526998,3.0000961303674312,-131.406799,-5.903001,137.3098004442472,777.6945229356370,0,1.1e-12
1.0023492671140437,0.0,-0.0030549752021219,0.0000000000000000,0.0029825794265208,0.0000000000000000,10.3804298497462320,3.0000961539130055,-130.719821,-6.319030,137.0388515354776,828.0225059840886,0,2.8e-12
1.0023501543461297,0.0,-0.0030544766369161,0.0000000000000000,0.0029805694704476,0.0000000000000000,10.3783816504828970,3.0000961777000064,-130.027288,-6.741808,136.7690958291225,878.6189841493288,0,2.5e-12
1.0023510508976756,0.0,-0.0030539728652913,0.0000000000000000,0.0029785374967059,0.0000000000000000,10.3763128843097832,3.0000962017309560,-129.329208,-7.171469,136.5006774137632,929.4804275211136,0,4.5e-12
1.0023519568729486,0.0,-0.0030534638330404,0.0000000000000000,0.0029764832339064,0.0000000000000000,10.3742233431466282,3.0000962260084023,-128.625593,-7.608153,136.2337454529576,980.6031345566917,0,1.8e-12
1.0023528723775670,0.0,-0.0030529494854152,0.0000000000000000,0.0029744064065016,0.0000000000000000,10.3721128167625274,3.0000962505349227,-127.916455,-8.051999,135.9684542963440,1031.9832284675194,0,4.9e-13
1.0023537975185242,0.0,-0.0030524297671231,0.0000000000000000,0.0029723067346967,0.0000000000000000,10.3699810927523579,3.0000962753131231,-127.201809,-8.503155,135.7049636245223,1083.6166531947520,0,3.5e-12
1.0023547324042124,0.0,-0.0030519046223210,0.0000000000000000,0.0029701839343649,0.0000000000000000,10.3678279565128992,3.0000963003456373,-126.481672,-8.961766,135.4434385797408,1135.4991695144654,0,1.1e-12
1.0023556771444460,0.0,-0.0030513739946109,0.0000000000000000,0.0029680377169581,0.0000000000000000,10.3656531912186480,3.0000963256351296,-125.756064,-9.427985,135.1840499046851,1187.6263514460816,0,1.6e-12
1.0023566318504882,0.0,-0.0030508378270350,0.0000000000000000,0.0029658677894128,0.0000000000000000,10.3634565777973275,3.0000963511842911,-125.025006,-9.901968,134.9269740808549,1239.9935820585570,0,1.5e-12
1.0023575966350748,0.0,-0.0030502960620703,0.0000000000000000,0.0029636738540603,0.0000000000000000,10.3612378949050825,3.0000963769958453,-124.288522,-10.383872,134.6723934720799,1292.5960495277832,0,2.4e-12
1.0023585716124415,0.0,-0.0030497486416241,0.0000000000000000,0.0029614556085256,0.0000000000000000,10.3589969189013562,3.0000964030725443,-123.546637,-10.873859,134.4204964685777,1345.4287435780825,0,2.5e-12
1.0023595568983501,0.0,-0.0030491955070285,0.0000000000000000,0.0029592127456302,0.0000000000000000,10.3567334238234441,3.0000964294171721,-122.799381,-11.372097,134.1714776378331,1398.4864510272109,0,2.0e-12
1.0023605526101165,0.0,-0.0030486365990350,0.0000000000000000,0.0029569449532908,0.0000000000000000,10.3544471813607100,3.0000964560325438,-122.046784,-11.878754,133.9255378625330,1451.7637520274693,0,3.3e-12
1.0023615588666384,0.0,-0.0030480718578099,0.0000000000000000,0.0029546519144128,0.0000000000000000,10.3521379608284771,3.0000964829215042,-121.288879,-12.394005,133.6828845051691,1505.2550159242228,0,1.6e-12
1.0023625757884242,0.0,-0.0030475012229282,0.0000000000000000,0.0029523333067855,0.0000000000000000,10.3498055291415731,3.0000965100869323,-120.525704,-12.918028,133.4437315521764,1558.9543976232826,0,2.3e-12
1.0023636034976238,0.0,-0.0030469246333690,0.0000000000000000,0.0029499888029685,0.0000000000000000,10.3474496507875298,3.0000965375317370,-119.757296,-13.451004,133.2082997767740,1612.8558330521191,0,6.1e-13
1.0023646421180568,0.0,-0.0030463420275094,0.0000000000000000,0.0029476180701815,0.0000000000000000,10.3450700877994297,3.0000965652588625,-118.983698,-13.993119,132.9768168864557,1666.9530354030185,0,2.5e-12
1.0023656917752459,0.0,-0.0030457533431192,0.0000000000000000,0.0029452207701851,0.0000000000000000,10.3426665997283944,3.0000965932712846,-118.204954,-14.544564,132.7495176921927,1721.2394910147214,0,2.6e-12
1.0023667525964479,0.0,-0.0030451585173553,0.0000000000000000,0.0029427965591628,0.0000000000000000,10.3402389436157112,3.0000966215720135,-117.421111,-15.105533,132.5266442688081,1775.7084554736020,0,3.5e-12
1.0023678247106862,0.0,-0.0030445574867559,0.0000000000000000,0.0029403450875983,0.0000000000000000,10.3377868739645802,3.0000966501640929,-116.632221,-15.676225,132.3084461083916,1830.3529493392161,0,4.4e-12
1.0023689082487861,0.0,-0.0030439501872349,0.0000000000000000,0.0029378660001462,0.0000000000000000,10.3353101427115011,3.0000966790506025,-115.838336,-16.256844,132.0951803073753,1885.1657545989419,0,3.2e-12
1.0023700033434073,0.0,-0.0030433365540754,0.0000000000000000,0.0029353589355063,0.0000000000000000,10.3328084991972577,3.0000967082346568,-115.039514,-16.847597,131.8871117047250,1940.1394100135203,0,4.5e-12
1.0023711101290811,0.0,-0.0030427165219250,0.0000000000000000,0.0029328235262877,0.0000000000000000,10.3302816901375181,3.0000967377194034,-114.235815,-17.448698,131.6845130792749,1995.2662076210054,0,5.6e-13
1.0023722287422459,0.0,-0.0030420900247881,0.0000000000000000,0.0029302593988715,0.0000000000000000,10.3277294595930513,3.0000967675080306,-113.427303,-18.060362,131.4876652957316,2050.5381885164697,0,9.3e-13
1.0023733593212860,0.0,-0.0030414569960203,0.0000000000000000,0.0029276661732704,0.0000000000000000,10.3251515489395214,3.0000967976037600,-112.614044,-18.682813,131.2968574970087,2105.9471392885871,0,1.7e-12
1.0023745020065689,0.0,-0.0030408173683229,0.0000000000000000,0.0029250434629822,0.0000000000000000,10.3225476968368870,3.0000968280098510,-111.796111,-19.316277,131.1123872626880,2161.4845874899820,0,3.6e-12
1.0023756569404856,0.0,-0.0030401710737350,0.0000000000000000,0.0029223908748427,0.0000000000000000,10.3199176391983691,3.0000968587296022,-110.973577,-19.960984,130.9345607913704,2217.1417984000345,0,1.7e-12
1.0023768242674911,0.0,-0.0030395180436279,0.0000000000000000,0.0029197080088706,0.0000000000000000,10.3172611091590039,3.0000968897663505,-110.146521,-20.617172,130.7636930725251,2272.9097708501376,0,1.1e-12
1.0023780041341461,0.0,-0.0030388582086980,0.0000000000000000,0.0029169944581105,0.0000000000000000,10.3145778370437640,3.0000969211234705,-109.315027,-21.285081,130.6001080623624,2328.7792334757105,0,2.1e-12
1.0023791966891602,0.0,-0.0030381914989599,0.0000000000000000,0.0029142498084702,0.0000000000000000,10.3118675503352328,3.0000969528043764,-108.479181,-21.964958,130.4441388652666,2384.7406411699085,0,1.2e-12
1.0023804020834366,0.0,-0.0030375178437394,0.0000000000000000,0.0029114736385533,0.0000000000000000,10.3091299736408430,3.0000969848125250,-107.639076,-22.657052,130.2961279069166,2440.7841712341733,0,1.2e-12
1.0023816204701166,0.0,-0.0030368371716661,0.0000000000000000,0.0029086655194888,0.0000000000000000,10.3063648286596479,3.0000970171514103,-106.794807,-23.361620,130.1564271140616,2496.8997198472489,0,1.1e-12
1.0023828520046267,0.0,-0.0030361494106664,0.0000000000000000,0.0029058250147522,0.0000000000000000,10.3035718341486415,3.0000970498245709,-105.946477,-24.078922,130.0253980940412,2553.0768986653611,0,9.8e-13
1.0023840968447277,0.0,-0.0030354544879552,0.0000000000000000,0.0029029516799853,0.0000000000000000,10.3007507058886052,3.0000970828355862,-105.094191,-24.809221,129.9034123068115,2609.3050311428942,0,5.9e-12
1.0023853551505626,0.0,-0.0030347523300291,0.0000000000000000,0.0029000450628077,0.0000000000000000,10.2979011566494787,3.0000971161880785,-104.238063,-25.552788,129.7908512545652,2665.5731494539978,0,1.3e-12
1.0023866270847088,0.0,-0.0030340428626573,0.0000000000000000,0.0028971047026250,0.0000000000000000,10.2950228961552384,3.0000971498857134,-103.378210,-26.309896,129.6881066440093,2721.8699909861489,0,1.4e-12
1.0023879128122299,0.0,-0.0030333260108739,0.0000000000000000,0.0028941301304305,0.0000000000000000,10.2921156310482882,3.0000971839322017,-102.514758,-27.080823,129.5955805749869,2778.1839953736880,0,8.4e-13
1.0023892125007299,0.0,-0.0030326016989696,0.0000000000000000,0.0028911208685990,0.0000000000000000,10.2891790648533519,3.0000972183312982,-101.647836,-27.865849,129.5136857095961,2834.5033014092132,0,1.4e-12
1.0023905263204083,0.0,-0.0030318698504825,0.0000000000000000,0.0028880764306793,0.0000000000000000,10.2862128979408460,3.0000972530868038,-100.777585,-28.665261,129.4428454470959,2890.8157440902378,0,2.8e-12
1.0023918544441177,0.0,-0.0030311303881890,0.0000000000000000,0.0028849963211769,0.0000000000000000,10.2832168274897420,3.0000972882025665,-99.904149,-29.479345,129.3834940965020,2947.1088517115159,0,3.6e-12
1.0023931970474234,0.0,-0.0030303832340953,0.0000000000000000,0.0028818800353284,0.0000000000000000,10.2801905474499033,3.0000973236824806,-99.027686,-30.308391,129.3360770468187,3003.3698434576600,0,1.0e-12
1.0023945543086619,0.0,-0.0030296283094266,0.0000000000000000,0.0028787270588766,0.0000000000000000,10.2771337485038767,3.0000973595304878,-98.148358,-31.152692,129.3010509314738,3059.5856267352901,0,1.3e-12
1.0023959264090054,0.0,-0.0030288655346183,0.0000000000000000,0.0028755368678298,0.0000000000000000,10.2740461180281528,3.0000973957505810,-97.266343,-32.012541,129.2788837981586,3115.7427948382892,0,1.6e-12
1.0023973135325257,0.0,-0.0030280948293046,0.0000000000000000,0.0028723089282215,0.0000000000000000,10.2709273400538699,3.0000974323468013,-96.381825,-32.888230,129.2700552612283,3171.8276246633332,0,1.1e-12
1.0023987158662593,0.0,-0.0030273161123086,0.0000000000000000,0.0028690426958563,0.0000000000000000,10.2677770952269611,3.0000974693232423,-95.495007,-33.780050,129.2750566683607,3227.8260748491439,0,4.4e-12
1.0024001336002775,0.0,-0.0030265293016307,0.0000000000000000,0.0028657376160545,0.0000000000000000,10.2645950607677285,3.0000975066840456,-94.606103,-34.688288,129.2943912476905,3283.7237838367846,0,2.2e-12
1.0024015669277546,0.0,-0.0030257343144379,0.0000000000000000,0.0028623931233850,0.0000000000000000,10.2613809104298408,3.0000975444334097,-93.715345,-35.613229,129.3285742578657,3339.5060683016718,0,9.9e-13
1.0024030160450428,0.0,-0.0030249310670507,0.0000000000000000,0.0028590086413895,0.0000000000000000,10.2581343144587613,3.0000975825755836,-92.822986,-36.555147,129.3781331279658,3395.1579216557711,0,9.3e-13
1.0024044811517450,0.0,-0.0030241194749317,0.0000000000000000,0.0028555835823014,0.0000000000000000,10.2548549395495616,3.0000976211148700,-91.929300,-37.514307,129.4436075964608,3450.6640126600678,0,3.8e-12
1.0024059624507933,0.0,-0.0030232994526719,0.0000000000000000,0.0028521173467535,0.0000000000000000,10.2515424488041553,3.0000976600556326,-91.034591,-38.490959,129.5255498390711,3506.0086848362835,0,1.2e-12
1.0024074601485276,0.0,-0.0030224709139777,0.0000000000000000,0.0028486093234782,0.0000000000000000,10.2481965016879073,3.0000976994022852,-90.139192,-39.485332,129.6245245968822,3561.1759554380451,0,7.8e-13
1.0024089744547779,0.0,-0.0030216337716569,0.0000000000000000,0.0028450588889986,0.0000000000000000,10.2448167539856438,3.0000977391593029,-89.243477,-40.497632,129.7411092838867,3616.1495149122466,0,2.1e-12
1.0024105055829484,0.0,-0.0030207879376037,0.0000000000000000,0.0028414654073090,0.0000000000000000,10.2414028577570253,3.0000977793312189,-88.347865,-41.528029,129.8758940954340,3670.9127268657467,0,1.3e-12
1.0024120537501056,0.0,-0.0030199333227839,0.0000000000000000,0.0028378282295457,0.0000000000000000,10.2379544612913005,3.0000978199226247,-87.452832,-42.576650,130.0294821063066,3725.4486277904707,0,4.1e-12
1.0024136191770670,0.0,-0.0030190698372185,0.0000000000000000,0.0028341466936483,0.0000000000000000,10.2344712090614234,3.0000978609381761,-86.558927,-43.643562,130.2024893580611,3779.7399278512958,0,1.3e-12
1.0024152020884947,0.0,-0.0030181973899671,0.0000000000000000,0.0028304201240115,0.0000000000000000,10.2309527416775179,3.0000979023825884,-85.666786,-44.728759,130.3955449294550,3833.7690111774564,0,1.4e-12
1.0024168027129909,0.0,-0.0030173158891106,0.0000000000000000,0.0028266478311235,0.0000000000000000,10.2273986958397103,3.0000979442606424,-84.777159,-45.832132,130.6092910008269,3887.5179367048186,0,1.6e-12
1.0024184212831972,0.0,-0.0030164252417328,0.0000000000000000,0.0028228291111931,0.0000000000000000,10.2238087042903008,3.0000979865771829,-83.890941,-46.953442,130.8443829069528,3940.9684397735546,0,1.7e-12
1.0024200580358948,0.0,-0.0030155253539016,0.0000000000000000,0.0028189632457715,0.0000000000000000,10.2201823957652600,3.0000980293371193,-83.009215,-48.092274,131.1014891697617,3994.1019336468871,0,4.3e-12
1.0024217132121120,0.0,-0.0030146161306484,0.0000000000000000,0.0028150495013521,0.0000000000000000,10.2165193949451023,3.0000980725454323,-82.133317,-49.247975,131.3812915209312,4046.8995113394640,0,8.3e-13
1.0024233870572308,0.0,-0.0030136974759472,0.0000000000000000,0.0028110871289658,0.0000000000000000,10.2128193224050534,3.0000981162071678,-81.264919,-50.419566,131.6844849035608,4099.3419481553410,0,1.5e-12
1.0024250798211010,0.0,-0.0030127692926925,0.0000000000000000,0.0028070753637589,0.0000000000000000,10.2090817945645789,3.0000981603274459,-80.406154,-51.605623,132.0117774605531,4151.4097041348559,0,1.8e-12
1.0024267917581531,0.0,-0.0030118314826767,0.0000000000000000,0.0028030134245641,0.0000000000000000,10.2053064236362108,3.0000982049114571,-79.559798,-52.804092,132.3638905053774,4203.0829277186522,0,1.8e-12
1.0024285231275205,0.0,-0.0030108839465646,0.0000000000000000,0.0027989005134479,0.0000000000000000,10.2014928175737438,3.0000982499644637,-78.729536,-54.012022,132.7415584619573,4254.3414584783241,0,2.6e-12
1.0024302741931621,0.0,-0.0030099265838688,0.0000000000000000,0.0027947358152531,0.0000000000000000,10.1976405800197263,3.0000982954918047,-77.920369,-55.225160,133.1455288023092,4305.1648320144222,0,2.3e-12
1.0024320452239883,0.0,-0.0030089592929225,0.0000000000000000,0.0027905184971224,0.0000000000000000,10.1937493102522865,3.0000983414988984,-77.139232,-56.437330,133.5765619408535,4355.5322835687703,0,1.1e-12
1.0024338364939946,0.0,-0.0030079819708503,0.0000000000000000,0.0027862477080073,0.0000000000000000,10.1898186031313127,3.0000983879912364,-76.395959,-57.639472,134.0354311167470,4405.4227533169915,0,1.1e-12
1.0024356482823957,0.0,-0.0030069945135399,0.0000000000000000,0.0027819225781630,0.0000000000000000,10.1858480490439369,3.0000984349743969,-75.704758,-58.818164,134.5229222499934,4454.8148917557128,0,2.0e-12
1.0024374441980748,0.0,-0.0030060167716529,0.0000000000000000,0.0027776299379256,0.0000000000000000,10.1819174496249492,3.0000984815042484,-75.097848,-59.931407,135.0292544248236,4502.7196570249616,0,1.5e-12
1.0024392607299568,0.0,-0.0030050288966171,0.0000000000000000,0.0027732825270674,0.0000000000000000,10.1779469952126629,3.0000985285257329,-74.589317,-60.975403,135.5647191737586,4550.1136086057495,0,1.9e-12
1.0024410981650724,0.0,-0.0030040307826843,0.0000000000000000,0.0027688794471478,0.0000000000000000,10.1739362714447577,3.0000985760445333,-74.219409,-61.910698,136.1301075597410,4596.9754566009151,0,1.2e-12
1.0024429567960229,0.0,-0.0030030223227752,0.0000000000000000,0.0027644197797436,0.0000000000000000,10.1698848593740419,3.0000986240664202,-74.040374,-62.685848,136.7262222590930,4643.2836478549261,0,1.1e-12
1.0024448369211327,0.0,-0.0030020034084429,0.0000000000000000,0.0027599025858881,0.0000000000000000,10.1657923354123021,3.0000986725972503,-74.108838,-63.245039,137.3538772945339,4689.0163727888266,0,2.8e-12
1.0024467388446041,0.0,-0.0030009739298354,0.0000000000000000,0.0027553269054918,0.0000000000000000,10.1616582712735628,3.0000987216429693,-74.466566,-63.547332,138.0138977330515,4734.1515727697160,0,2.9e-12
1.0024486628766800,0.0,-0.0029999337756547,0.0000000000000000,0.0027506917567473,0.0000000000000000,10.1574822339167561,3.0000987712096143,-75.119780,-63.587340,138.7071193590765,4778.6669487836434,0,9.1e-13
1.0024506093338104,0.0,-0.0029988828331139,0.0000000000000000,0.0027459961355100,0.0000000000000000,10.1532637854878249,3.0000988213033160,-76.037573,-63.396815,139.4343882917218,4822.5399694719317,0,1.0e-12
1.0024525785388241,0.0,-0.0029978209878933,0.0000000000000000,0.0027412390146663,0.0000000000000000,10.1490024832612686,3.0000988719303008,-77.170834,-63.025726,140.1965605751919,4865.7478806861991,0,1.5e-12
1.0024545708211088,0.0,-0.0029967481240915,0.0000000000000000,0.0027364193434733,0.0000000000000000,10.1446978795811802,3.0000989230968926,-78.471877,-62.522625,140.9945017199285,4908.2677151931257,0,1.7e-12
1.0024565865167931,0.0,-0.0029956641241767,0.0000000000000000,0.0027315360468866,0.0000000000000000,10.1403495218017561,3.0000989748095175,-79.903209,-61.925877,141.8290861994763,4950.0763030346407,0,2.6e-13
1.0024586259689365,0.0,-0.0029945688689336,0.0000000000000000,0.0027265880248618,0.0000000000000000,10.1359569522273514,3.0000990270747026,-81.438096,-61.263100,142.7011969014512,4991.1502826826663,0,2.8e-12
1.0024606895277279,0.0,-0.0029934622374067,0.0000000000000000,0.0027215741516305,0.0000000000000000,10.1315197080521102,3.0000990798990816,-83.058228,-60.553496,143.6117245245106,5031.4661125052080,0,2.2e-12
1.0024627775506865,0.0,-0.0029923441068425,0.0000000000000000,0.0027164932749615,0.0000000000000000,10.1270373212991611,3.0000991332893974,-84.751211,-59.810355,144.5615669224096,5071.0000830273020,0,9.8e-13
1.0024648904028710,0.0,-0.0029912143526273,0.0000000000000000,0.0027113442153953,0.0000000000000000,10.1225093187594712,3.0000991872525016,-86.508651,-59.042978,145.5516283964037,5109.7283299844885,0,3.7e-12
1.0024670284570987,0.0,-0.0029900728482208,0.0000000000000000,0.0027061257654472,0.0000000000000000,10.1179352219303968,3.0000992417953629,-88.324834,-58.257985,146.5828189217135,5147.6268477463127,0,2.0e-12
1.0024691920941668,0.0,-0.0029889194650869,0.0000000000000000,0.0027008366887983,0.0000000000000000,10.1133145469539460,3.0000992969250637,-90.195861,-57.460192,147.6560533169904,5184.6715035775060,0,4.3e-12
1.0024713817030841,0.0,-0.0029877540726212,0.0000000000000000,0.0026954757194527,0.0000000000000000,10.1086468045548283,3.0000993526488102,-92.119077,-56.653174,148.7722503454689,5220.8380525756602,0,2.1e-12
1.0024735976813104,0.0,-0.0029865765380722,0.0000000000000000,0.0026900415608646,0.0000000000000000,10.1039314999783922,3.0000994089739277,-94.092689,-55.839643,149.9323317476496,5256.1021532470650,0,2.0e-12
1.0024758404350027,0.0,-0.0029853867264602,0.0000000000000000,0.0026845328850490,0.0000000000000000,10.0991681329284280,3.0000994659078719,-96.115521,-55.021700,151.1372212030533,5290.4393837491971,0,2.3e-12
1.0024781103792699,0.0,-0.0029841845004907,0.0000000000000000,0.0026789483316546,0.0000000000000000,10.0943561975049949,3.0000995234582257,-98.186839,-54.201004,152.3878432136655,5323.8252589497461,0,1.9e-12
1.0024804079384360,0.0,-0.0029829697204627,0.0000000000000000,0.0026732865070123,0.0000000000000000,10.0894951821422971,3.0000995816327065,-100.306233,-53.378888,153.6851219122253,5356.2352482016067,0,4.6e-12
1.0024827335463122,0.0,-0.0029817422441718,0.0000000000000000,0.0026675459831521,0.0000000000000000,10.0845845695467240,3.0000996404391693,-102.473533,-52.556447,155.0299797808992,5387.6447935252136,0,1.6e-12
1.0024850876464770,0.0,-0.0029805019268090,0.0000000000000000,0.0026617252967912,0.0000000000000000,10.0796238366351183,3.0000996998856095,-104.688747,-51.734589,156.4233362880911,5418.0293290873351,0,1.4e-12
1.0024874706925682,0.0,-0.0029792486208503,0.0000000000000000,0.0026558229482848,0.0000000000000000,10.0746124544734226,3.0000997599801669,-106.952022,-50.914085,157.8661064306425,5447.3643007452838,0,1.6e-12
1.0024898831485793,0.0,-0.0029779821759450,0.0000000000000000,0.0026498374005530,0.0000000000000000,10.0695498882157377,3.0000998207311307,-109.263605,-50.095594,159.3591991812326,5475.6251868066183,0,7.9e-13
1.0024923254891716,0.0,-0.0029767024387929,0.0000000000000000,0.0026437670779677,0.0000000000000000,10.0644355970439854,3.0000998821469436,-111.623826,-49.279690,160.9035158422832,5502.7875196324685,0,3.1e-12
1.0024947981999919,0.0,-0.0029754092530172,0.0000000000000000,0.0026376103652046,0.0000000000000000,10.0592690341082562,3.0000999442362040,-114.033070,-48.466878,162.4999482787925,5528.8269071106133,0,1.8e-12
1.0024973017780026,0.0,-0.0029741024590293,0.0000000000000000,0.0026313656060662,0.0000000000000000,10.0540496464679912,3.0001000070076742,-116.491769,-47.657608,164.1493770658746,5553.7190560241143,0,6.9e-13
1.0024998367318234,0.0,-0.0029727818938856,0.0000000000000000,0.0026250311022583,0.0000000000000000,10.0487768750341466,3.0001000704702805,-119.000386,-46.852283,165.8526695023995,5577.4397953243279,0,1.7e-12
1.0025024035820802,0.0,-0.0029714473911365,0.0000000000000000,0.0026186051121399,0.0000000000000000,10.0434501545124792,3.0001001346331231,-121.559407,-46.051270,167.6106775178205,5599.9651003139861,0,1.1e-12
1.0025050028617704,0.0,-0.0029700987806665,0.0000000000000000,0.0026120858494249,0.0000000000000000,10.0380689133481482,3.0001001995054768,-124.169332,-45.254903,169.4242354525814,5621.2711178021491,0,1.3e-12
1.0025076351166355,0.0,-0.0029687358885251,0.0000000000000000,0.0026054714818501,0.0000000000000000,10.0326325736717799,3.0001002650967963,-126.830667,-44.463491,171.2941577175682,5641.3341919124978,0,5.6e-12
1.0025103009055487,0.0,-0.0029673585367478,0.0000000000000000,0.0025987601298016,0.0000000000000000,10.0271405512472089,3.0001003314167258,-129.543919,-43.677318,173.2212363076497,5660.1308900915574,0,3.6e-12
1.0025130008009124,0.0,-0.0029659665431675,0.0000000000000000,0.0025919498648953,0.0000000000000000,10.0215922554210728,3.0001003984750994,-132.309589,-42.896649,175.2062381882669,5677.6380305242928,0,3.0e-12
1.0025157353890697,0.0,-0.0029645597212145,0.0000000000000000,0.0025850387085224,0.0000000000000000,10.0159870890744820,3.0001004662819488,-135.128169,-42.121733,177.2499025447788,5693.8327099966227,0,1.1e-12
1.0025185052707299,0.0,-0.0029631378797047,0.0000000000000000,0.0025780246303396,0.0000000000000000,10.0103244485770055,3.0001005348475092,-138.000135,-41.352802,179.3529378630941,5708.6923319507823,0,1.8e-12
1.0025213110614040,0.0,-0.0029617008226165,0.0000000000000000,0.0025709055467269,0.0000000000000000,10.0046037237431680,3.0001006041822262,-140.925944,-40.590075,181.5160188807500,5722.1946358620607,0,1.0e-12
1.0025241533918567,0.0,-0.0029602483488544,0.0000000000000000,0.0025636793191880,0.0000000000000000,9.9988242977917476,3.0001006742967600,-143.906026,-39.833757,183.7397833763960,5734.3177273136462,0,1.4e-12
1.0025270329085725,0.0,-0.0029587802519990,0.0000000000000000,0.0025563437527087,0.0000000000000000,9.9929855473081108,3.0001007452019923,-146.940785,-39.084044,186.0248287788048,5745.0401077369152,0,4.5e-12
1.0025299502742340,0.0,-0.0029572963200436,0.0000000000000000,0.0025488965940649,0.0000000000000000,9.9870868422098642,3.0001008169090349,-150.030589,-38.341119,188.3717086296487,5754.3407056426004,0,2.5e-12
1.0025329061682164,0.0,-0.0029557963351134,0.0000000000000000,0.0025413355300808,0.0000000000000000,9.9811275457161077,3.0001008894292323,-153.175772,-37.605157,190.7809288712713,5762.1989084617762,0,4.3e-12
1.0025359012870976,0.0,-0.0029542800731727,0.0000000000000000,0.0025336581858353,0.0000000000000000,9.9751070143205745,3.0001009627741739,-156.376623,-36.876321,193.2529439452180,5768.5945943257520,0,4.0e-13
1.0025389363451815,0.0,-0.0029527473037105,0.0000000000000000,0.0025258621228157,0.0000000000000000,9.9690245977689944,3.0001010369556993,-159.633383,-36.154769,195.7881527211163,5773.5081646160725,0,2.7e-12
1.0025420120750412,0.0,-0.0029511977894123,0.0000000000000000,0.0025179448370145,0.0000000000000000,9.9628796390409615,3.0001011119859022,-162.946246,-35.440648,198.3868942376882,5776.9205772346486,0,2.3e-12
1.0025451292280738,0.0,-0.0029496312858112,0.0000000000000000,0.0025099037569755,0.0000000000000000,9.9566714743366553,3.0001011878771440,-166.315346,-34.734097,201.0494432647847,5778.8133806914066,0,1.3e-12
1.0025482885750749,0.0,-0.0029480475409194,0.0000000000000000,0.0025017362417786,0.0000000000000000,9.9503994330687444,3.0001012646420575,-169.740758,-34.035248,203.7760056366537,5779.1687468561249,0,1.8e-12
1.0025514909068294,0.0,-0.0029464462948391,0.0000000000000000,0.0024934395789674,0.0000000000000000,9.9440628378598159,3.0001013422935565,-173.222489,-33.344224,206.5667134444054,5777.9695067084613,0,3.9e-12
1.0025547370347188,0.0,-0.0029448272793517,0.0000000000000000,0.0024850109824149,0.0000000000000000,9.9376610045456815,3.0001014208448447,-176.760477,-32.661143,209.4216199747136,5775.1991840469873,0,3.7e-12
1.0025580277913484,0.0,-0.0029431902174827,0.0000000000000000,0.0024764475901299,0.0000000000000000,9.9311932421849072,3.0001015003094249,-180.354581,-31.986113,212.3406945027208,5770.8420319440120,0,4.9e-12
1.0025613640311912,0.0,-0.0029415348230432,0.0000000000000000,0.0024677464619944,0.0000000000000000,9.9246588530749253,3.0001015807011058,-184.004580,-31.319237,215.3238168208111,5764.8830666333342,0,6.9e-12
1.0025647466312504,0.0,-0.0029398608001446,0.0000000000000000,0.0024589045774418,0.0000000000000000,9.9180571327750702,3.0001016620340133,-187.710161,-30.660610,218.3707716095187,5757.3081039237513,0,1.3e-12
1.0025681764917433,0.0,-0.0029381678426868,0.0000000000000000,0.0024499188330592,0.0000000000000000,9.9113873701369126,3.0001017443225995,-191.470922,-30.010321,221.4812425892141,5748.1037950063874,0,3.1e-12
1.0025716545368022,0.0,-0.0029364556338171,0.0000000000000000,0.0024407860401261,0.0000000000000000,9.9046488473422034,3.0001018275816516,-195.286356,-29.368450,224.6548064550551,5737.2576621943335,0,4.7e-12
1.0025751817151978,0.0,-0.0029347238453585,0.0000000000000000,0.0024315029220772,0.0000000000000000,9.8978408399487776,3.0001019118263033,-199.155853,-28.735074,227.8909266451396,5724.7581357287017,0,5.6e-12
1.0025787590010817,0.0,-0.0029329721372071,0.0000000000000000,0.0024220661118888,0.0000000000000000,9.8909626169447478,3.0001019970720453,-203.078687,-28.110259,231.1889468546471,5710.5945891372103,0,2.7e-12
1.0025823873947541,0.0,-0.0029312001566939,0.0000000000000000,0.0024124721493877,0.0000000000000000,9.8840134408112537,3.0001020833347343,-207.054015,-27.494069,234.5480843987531,5694.7573761555759,0,9.7e-13
1.0025860679234466,0.0,-0.0029294075379134,0.0000000000000000,0.0024027174784861,0.0000000000000000,9.8769925675940602,3.0001021706306066,-211.080866,-26.886558,237.9674233452196,5677.2378661410257,0,4.9e-12
1.0025898016421357,0.0,-0.0029275939010121,0.0000000000000000,0.0023927984443170,0.0000000000000000,9.8698992469842839,3.0001022589762854,-215.158133,-26.287774,241.4459075130933,5658.0284818515465,0,4.4e-12
1.0025935896343763,0.0,-0.0029257588514385,0.0000000000000000,0.0023827112902914,0.0000000000000000,9.8627327224084169,3.0001023483887992,-219.284571,-25.697762,244.9823331938227,5637.1227329287394,0,6.9e-12
1.0025974330131577,0.0,-0.0029239019791527,0.0000000000000000,0.0023724521550655,0.0000000000000000,9.8554922311278244,3.0001024388855866,-223.458785,-25.116557,248.5753418470431,5614.5152553591179,0,7.0e-12
1.0026013329217893,0.0,-0.0029220228577890,0.0000000000000000,0.0023620170694007,0.0000000000000000,9.8481770043478836,3.0001025304845133,-227.679224,-24.544189,252.2234124530190,5590.2018434554739,0,2.1e-12
1.0026052905348095,0.0,-0.0029201210437747,0.0000000000000000,0.0023514019529292,0.0000000000000000,9.8407862673368083,3.0001026232038845,-231.944172,-23.980682,255.9248538836626,5564.1794884085284,0,6.6e-12
1.0026092265501487,0.0,-0.0029182346099454,0.0000000000000000,0.0023408193351724,0.0000000000000000,9.8334685778480306,3.0001027151834951,-236.165621,-23.437006,259.6026264543228,5537.0149712157909,0,4.4e-12
1.0026131410463559,0.0,-0.0029163633294561,0.0000000000000000,0.0023302695997064,0.0000000000000000,9.8262232612003810,3.0001028064299633,-240.341739,-22.912334,263.2540735464910,5508.7902803656907,0,6.6e-12
1.0026171137270059,0.0,-0.0029144690569604,0.0000000000000000,0.0023195377746159,0.0000000000000000,9.8189032511717418,3.0001028987989438,-244.554983,-22.395678,266.9506613719781,5478.9747014261447,0,7.1e-12
1.0026210649806295,0.0,-0.0029125897052711,0.0000000000000000,0.0023088387596876,0.0000000000000000,9.8116556898405118,3.0001029904372096,-248.718350,-21.897093,270.6154428836417,5448.2087815366431,0,3.4e-12
1.0026250752580457,0.0,-0.0029106869560164,0.0000000000000000,0.0022979545506014,0.0000000000000000,9.8043334683645487,3.0001030832084070,-252.913975,-21.406130,274.3201050681433,5415.9093809938313,0,1.1e-11
1.0026290641924294,0.0,-0.0029087988835776,0.0000000000000000,0.0022871031097801,0.0000000000000000,9.7970837774133361,3.0001031752512444,-257.055152,-20.932341,277.9874927908536,5382.7661272911646,0,3.1e-12
1.0026331130005346,0.0,-0.0029068869831914,0.0000000000000000,0.0022760633363820,0.0000000000000000,9.7897594677303967,3.0001032684376150,-261.223510,-20.465795,281.6893043540172,5348.1467381780676,0,6.3e-12
1.0026371405412757,0.0,-0.0029049895042243,0.0000000000000000,0.0022650563193579,0.0000000000000000,9.7825077761104176,3.0001033608979006,-265.332840,-20.015565,285.3484042702603,5312.7865848410584,0,7.6e-12
1.0026411468597900,0.0,-0.0029031062244310,0.0000000000000000,0.0022540825413078,0.0000000000000000,9.7753280386258226,3.0001034526382062,-269.381673,-19.580965,288.9626379375043,5276.7531708388269,0,9.1e-12
1.0026452135201587,0.0,-0.0029011987276003,0.0000000000000000,0.0022429184378619,0.0000000000000000,9.7680745287897945,3.0001035455242389,-273.449774,-19.152888,292.6026622444610,5239.3529858493639,0,3.5e-12
1.0026492590153726,0.0,-0.0028993051667681,0.0000000000000000,0.0022317876206488,0.0000000000000000,9.7608930656787276,3.0001036376923311,-277.452964,-18.739662,296.1926262591843,5201.3747796021999,0,5.9e-12
1.0026532833776514,0.0,-0.0028974253254441,0.0000000000000000,0.0022206906025103,0.0000000000000000,9.7537829917761254,3.0001037291483410,-281.389994,-18.340664,299.7306579536738,5162.8792685056615,0,5.9e-12
1.0026573685319962,0.0,-0.0028955208488890,0.0000000000000000,0.0022094013353941,0.0000000000000000,9.7465999968068928,3.0001038217521550,-285.338390,-17.947534,303.2859242906000,5123.1204707086654,0,1.2e-12
1.0026614325926857,0.0,-0.0028936298220637,0.0000000000000000,0.0021981459688333,0.0000000000000000,9.7394884873451968,3.0001039136456926,-289.216415,-17.567924,306.7843393541946,5082.9321065194235,0,2.6e-12
1.0026655582916946,0.0,-0.0028917136538150,0.0000000000000000,0.0021866952357654,0.0000000000000000,9.7323041258203915,3.0001040066977556,-293.100380,-17.193880,310.2942604105646,5041.5329061253724,0,1.2e-11
1.0026696629283929,0.0,-0.0028898106552967,0.0000000000000000,0.0021752785293170,0.0000000000000000,9.7251913498698741,3.0001040990412604,-296.909829,-16.832682,313.7425108840283,4999.7886563015272,0,8.1e-12
1.0026738300596856,0.0,-0.0028878819827807,0.0000000000000000,0.0021636633016451,0.0000000000000000,9.7180057978202985,3.0001041925541760,-300.719674,-16.476759,317.1964327465603,4956.8855664751027,0,6.7e-12
1.0026779761522699,0.0,-0.0028859661897772,0.0000000000000000,0.0021520822494860,0.0000000000000000,9.7108919347012943,3.0001042853601643,-304.450943,-16.133038,320.5839813761934,4913.7187375343638,0,6.7e-12
1.0026821012094005,0.0,-0.0028840630702936,0.0000000000000000,0.0021405359615563,0.0000000000000000,9.7038491078181650,3.0001043774645959,-308.102885,-15.801009,323.9038933922404,4870.3363856171782,0,1.0e-11
1.0026862891979438,0.0,-0.0028821337701368,0.0000000000000000,0.0021287892721421,0.0000000000000000,9.6967343759546747,3.0001044707405438,-311.747289,-15.473716,327.2210054324404,4825.8890960716089,0,7.5e-12
1.0026904561589358,0.0,-0.0028802168484945,0.0000000000000000,0.0021170775377796,0.0000000000000000,9.6896907843025097,3.0001045633163455,-315.308592,-15.157534,330.4661257659013,4781.3007061941753,0,4.7e-12
1.0026946869116300,0.0,-0.0028782731612653,0.0000000000000000,0.0021051622254709,0.0000000000000000,9.6825753770059446,3.0001046570746808,-318.856756,-14.845840,333.7025964957863,4735.6964099162287,0,6.5e-12
1.0026988966380059,0.0,-0.0028763415477132,0.0000000000000000,0.0020932820755534,0.0000000000000000,9.6755312157447886,3.0001047501342004,-322.318169,-14.544704,336.8628735220819,4690.0224235507631,0,6.6e-12
1.0027031710274996,0.0,-0.0028743825555063,0.0000000000000000,0.0020811951257782,0.0000000000000000,9.6684153337063030,3.0001048443874461,-325.760789,-14.247820,340.0086086379200,4643.3809989264992,0,1.2e-11
1.0027075114161628,0.0,-0.0028723954996021,0.0000000000000000,0.0020688967160588,0.0000000000000000,9.6612270400722586,3.0001049398550070,-329.180970,-13.955186,343.1361559526110,4595.7817808546824,0,2.5e-12
1.0027119191755323,0.0,-0.0028703796667306,0.0000000000000000,0.0020563820563495,0.0000000000000000,9.6539656400128600,3.0001050365579780,-332.574903,-13.666802,346.2417047631280,4547.2353502124097,0,1.0e-11
1.0027159469705211,0.0,-0.0028685392647339,0.0000000000000000,0.0020449240744089,0.0000000000000000,9.6473639504010915,3.0001051247095147,-335.605242,-13.410758,349.0159993948623,4502.7205667916060,0,7.7e-12
1.0027200356431902,0.0,-0.0028666725124944,0.0000000000000000,0.0020332714978481,0.0000000000000000,9.6406953054529456,3.0001052139848774,-338.611006,-13.157904,351.7689104399153,4457.4112212499022,0,2.2e-12
1.0027241864140521,0.0,-0.0028647787643582,0.0000000000000000,0.0020214200740248,0.0000000000000000,9.6339590617176807,3.0001053044030059,-341.588946,-12.908249,354.4971952493875,4411.3152768654909,0,1.2e-11
1.0027284005353183,0.0,-0.0028628573492191,0.0000000000000000,0.0020093654336132,0.0000000000000000,9.6271545715917402,3.0001053959832871,-344.535679,-12.661799,357.1974779542157,4364.4414590144661,0,7.4e-12
1.0027326792919780,0.0,-0.0028609075692672,0.0000000000000000,0.0019971030863295,0.0000000000000000,9.6202811833382142,3.0001054887455743,-347.447689,-12.418558,359.8662474077653,4316.7992765234158,0,7.0e-12
1.0027370240029307,0.0,-0.0028589286986635,0.0000000000000000,0.0019846284164173,0.0000000000000000,9.6133382411035839,3.0001055827101983,-350.321324,-12.178531,362.4998551746801,4268.3990412891653,0,7.2e-12
1.0027414360221814,0.0,-0.0028569199821380,0.0000000000000000,0.0019719366778825,0.0000000000000000,9.6063250849313473,3.0001056778979875,-353.152794,-11.941720,365.0945139243724,4219.2518937819405,0,7.3e-12
1.0027459167400954,0.0,-0.0028548806335029,0.0000000000000000,0.0019590229894528,0.0000000000000000,9.5992410507721164,3.0001057743302848,-355.938167,-11.708129,367.6462958432372,4169.3698242722166,0,9.7e-12
1.0027504675847252,0.0,-0.0028528098340769,0.0000000000000000,0.0019458823292458,0.0000000000000000,9.5920854704897689,3.0001058720289642,-358.673375,-11.477757,370.1511312740203,4118.7656948989024,0,1.2e-11
1.0027550900232087,0.0,-0.0028507067310114,0.0000000000000000,0.0019325095291235,0.0000000000000000,9.5848576718632312,3.0001059710164517,-361.354203,-11.250605,372.6048078541402,4067.4532680331904,0,4.5e-12
1.0027597855632517,0.0,-0.0028485704355109,0.0000000000000000,0.0019188992686968,0.0000000000000000,9.5775569785835213,3.0001060713157468,-363.976297,-11.026672,375.0029694114617,4015.4472243650089,0,4.8e-12
1.0027645557546876,0.0,-0.0028464000209426,0.0000000000000000,0.0019050460689861,0.0000000000000000,9.5701827102455663,3.0001061729504421,-366.535159,-10.805957,377.3411156732416,3962.7631930683856,0,1.4e-11
1.0027694021911366,0.0,-0.0028441945208206,0.0000000000000000,0.0018909442856750,0.0000000000000000,9.5627341823344505,3.0001062759447508,-369.026144,-10.588458,379.6146019831735,3909.4177756163408,0,3.6e-12
1.0027743265117626,0.0,-0.0028419529266577,0.0000000000000000,0.0018765881019470,0.0000000000000000,9.5552107062056937,3.0001063803235253,-371.444468,-10.374171,381.8186393856665,3855.4285720691696,0,2.6e-12
1.0027793304031321,0.0,-0.0028396741856724,0.0000000000000000,0.0018619715208817,0.0000000000000000,9.5476115890591569,3.0001064861122888,-373.785201,-10.163094,383.9482949240744,3800.8142045666609,0,2.3e-12
1.0027844156011962,0.0,-0.0028373571983377,0.0000000000000000,0.0018470883573494,0.0000000000000000,9.5399361339062931,3.0001065933372604,-376.043270,-9.955222,385.9984927647149,3745.5943510394427,0,7.1e-12
1.0027895838933891,0.0,-0.0028350008157586,0.0000000000000000,0.0018319322294069,0.0000000000000000,9.5321836395303574,3.0001067020253869,-378.213464,-9.750551,387.9640152597113,3689.7897699148743,0,7.5e-12
1.0027948371208624,0.0,-0.0028326038368618,0.0000000000000000,0.0018164965491258,0.0000000000000000,9.5243534004393346,3.0001068122043737,-380.290428,-9.549076,389.8395044787089,3633.4223268372589,0,8.9e-12
1.0028001771808635,0.0,-0.0028301650053808,0.0000000000000000,0.0018007745128336,0.0000000000000000,9.5164447068113116,3.0001069239027194,-382.268672,-9.350792,391.6194645037057,3576.5150281591632,0,1.3e-11
1.0028056060292656,0.0,-0.0028276830066159,0.0000000000000000,0.0017847590907146,0.0000000000000000,9.5084568444321089,3.0001070371497520,-384.142569,-9.155695,393.2982638714900,3519.0920484014350,0,9.5e-12
1.0028111256832648,0.0,-0.0028251564639484,0.0000000000000000,0.0017684430157376,0.0000000000000000,9.5003890946250227,3.0001071519756675,-385.906361,-8.963778,394.8701386728898,3461.1787617937225,0,7.4e-12
1.0028167382242525,0.0,-0.0028225839350852,0.0000000000000000,0.0017518187718621,0.0000000000000000,9.4922407341725812,3.0001072684115733,-387.554160,-8.775036,396.3291961113954,3402.8017730662832,0,9.3e-12
1.0028224458008774,0.0,-0.0028199639080064,0.0000000000000000,0.0017348785814724,0.0000000000000000,9.4840110352302851,3.0001073864895340,-389.079953,-8.589466,397.6694187594751,3343.9889507128828,0,1.9e-11
1.0028282506323103,0.0,-0.0028172947965863,0.0000000000000000,0.0017176143920063,0.0000000000000000,9.4756992652323557,3.0001075062426175,-390.477607,-8.407062,398.8846692930790,3284.7694597954105,0,1.4e-11
1.0028341550117283,0.0,-0.0028145749358532,0.0000000000000000,0.0017000178617035,0.0000000000000000,9.4673046867896815,3.0001076277049497,-391.740875,-8.227821,399.9686959046454,3225.1737949465314,0,4.5e-12
1.0028401613100257,0.0,-0.0028118025768541,0.0000000000000000,0.0016820803444600,0.0000000000000000,9.4588265575801014,3.0001077509117682,-392.863399,-8.051740,400.9151381815031,3165.2338116619503,0,7.3e-12
1.0028462719797719,0.0,-0.0028089758810794,0.0000000000000000,0.0016637928737167,0.0000000000000000,9.4502641302313446,3.0001078758994861,-393.838718,-7.878816,401.7175342384082,3104.9827673352556,0,1.5e-11
1.0028524895594308,0.0,-0.0028060929144029,0.0000000000000000,0.0016451461453419,0.0000000000000000,9.4416166521970588,3.0001080027057556,-394.660279,-7.709049,402.3693279526444,3044.4553507339879,0,1.4e-12
1.0028588166778554,0.0,-0.0028031516404853,0.0000000000000000,0.0016261304994660,0.0000000000000000,9.4328833656264148,3.0001081313695379,-395.321438,-7.542439,402.8638771858665,2983.6877166674967,0,1.4e-11
1.0028652560590694,0.0,-0.0028001499135829,0.0000000000000000,0.0016067359012357,0.0000000000000000,9.4240635072279417,3.0001082619311812,-395.815476,-7.378988,403.1944633608024,2922.7175288354774,0,2.1e-12
1.0028718105273575,0.0,-0.0027970854706985,0.0000000000000000,0.0015869519204432,0.0000000000000000,9.4151563081283598,3.0001083944325009,-396.135601,-7.218700,403.3543009070966,2861.5839855677332,0,6.0e-12
1.0028784830126678,0.0,-0.0027939559230004,0.0000000000000000,0.0015667677100187,0.0000000000000000,9.4061609937273207,3.0001085289168703,-396.274968,-7.061581,403.3365488676736,2800.3278657004266,0,6.9e-13
1.0028852765563445,0.0,-0.0027907587464311,0.0000000000000000,0.0015461719833744,0.0000000000000000,9.3970767835491209,3.0001086654293143,-396.226682,-6.907641,403.1343222360101,2738.9915539416106,0,3.5e-12
1.0028921943171969,0.0,-0.0027874912714155,0.0000000000000000,0.0015251529906016,0.0000000000000000,9.3879028910926472,3.0001088040166164,-395.983816,-6.756890,402.7407058131625,2677.6190868909616,0,3.9e-12
1.0028992395779082,0.0,-0.0027841506715704,0.0000000000000000,0.0015036984935590,0.0000000000000000,9.3786385236809657,3.0001089447274265,-395.539424,-6.609344,402.1487677557006,2616.2561767739826,0,5.7e-12
1.0029064157517877,0.0,-0.0027807339513021,0.0000000000000000,0.0014817957398996,0.0000000000000000,9.3692828823121985,3.0001090876123842,-394.886554,-6.465022,401.3515758725821,2554.9502550189063,0,1.9e-11
1.0029137263898580,0.0,-0.0027772379321722,0.0000000000000000,0.0014594314361404,0.0000000000000000,9.3598351615135318,3.0001092327242471,-394.018268,-6.323947,400.3422141418303,2493.7504974576586,0,1.5e-11
1.0029211751882616,0.0,-0.0027736592378952,0.0000000000000000,0.0014365917199048,0.0000000000000000,9.3502945492004930,3.0001093801180341,-392.927655,-6.186146,399.1138013898832,2432.7078564367694,0,2.2e-11
1.0029287659959660,0.0,-0.0027699942778159,0.0000000000000000,0.0014132621315394,0.0000000000000000,9.3406602265438341,3.0001095298511720,-391.607858,-6.051654,397.6595115824114,2371.8750890999800,0,1.5e-11
1.0029365028227237,0.0,-0.0027662392287049,0.0000000000000000,0.0013894275853799,0.0000000000000000,9.3309313678467305,3.0001096819836603,-390.052087,-5.920509,395.9725960719615,2311.3067832936795,0,3.0e-12
1.0029443898472328,0.0,-0.0027623900146890,0.0000000000000000,0.0013650723410140,0.0000000000000000,9.3211071404352683,3.0001098365782473,-388.253650,-5.792758,394.0464078621276,2251.0593774576555,0,1.6e-11
1.0029524314254181,0.0,-0.0027584422851204,0.0000000000000000,0.0013401799750271,0.0000000000000000,9.3111867045655821,3.0001099937006082,-386.205973,-5.668455,391.8744282024461,2191.1911767172132,0,1.1e-11
1.0029606320987294,0.0,-0.0027543913901721,0.0000000000000000,0.0013147333538256,0.0000000000000000,9.3011692133513364,3.0001101534195533,-383.902633,-5.547663,389.4502962870144,2131.7623654829658,0,1.5e-12
1.0029689966023105,0.0,-0.0027502323539309,0.0000000000000000,0.0012887146083309,0.0000000000000000,9.2910538127156634,3.0001103158072295,-381.337388,-5.430454,386.7678413406692,2072.8350059650547,0,3.1e-12
1.0029775298728605,0.0,-0.0027459598447441,0.0000000000000000,0.0012621051115162,0.0000000000000000,9.2808396413720278,3.0001104809393513,-378.504209,-5.316911,383.8211193900163,2014.4730405295268,0,3.1e-12
1.0029862370559464,0.0,-0.0027415681425682,0.0000000000000000,0.0012348854600287,0.0000000000000000,9.2705258308388760,3.0001106488954297,-375.397324,-5.207129,380.6044525726834,1956.7422659463191,0,6.3e-12
1.0029951235124701,0.0,-0.0027370511030579,0.0000000000000000,0.0012070354614342,0.0000000000000000,9.2601115054932261,3.0001108197590178,-372.011257,-5.101217,377.1124746785259,1899.7103113644262,0,2.0e-11
1.0030041948239052,0.0,-0.0027324021181370,0.0000000000000000,0.0011785341289873,0.0000000000000000,9.2495957826686031,3.0001109936179642,-368.340881,-4.999300,373.3401810466956,1843.4465888667328,0,1.8e-11
1.0030134567958362,0.0,-0.0027276140728004,0.0000000000000000,0.0011493596862564,0.0000000000000000,9.2389777728027553,3.0001111705646704,-364.381467,-4.901518,369.2829850741322,1788.0222286888747,0,1.7e-11
1.0030229154592072,0.0,-0.0027226792979233,0.0000000000000000,0.0011194895844614,0.0000000000000000,9.2282565796404441,3.0001113506963546,-360.128751,-4.808030,364.9367819045472,1733.5099889228950,0,1.8e-11
1.0030325770685660,0.0,-0.0027175895188971,0.0000000000000000,0.0010889005359554,0.0000000000000000,9.2174313004959565,3.0001115341153035,-355.579001,-4.719019,360.2980204326453,1679.9841372194569,0,4.1e-12
1.0030424480964228,0.0,-0.0027123357999796,0.0000000000000000,0.0010575685679909,0.0000000000000000,9.2065010265789056,3.0001117209291253,-350.729096,-4.634689,355.3637848497474,1627.5202957180445,0,4.2e-12
1.0030523322745697,0.0,-0.0027070182807684,0.0000000000000000,0.0010261157270343,0.0000000000000000,9.1956855706608547,3.0001119074274158,-345.682146,-4.556803,350.2389485357124,1577.2053254889470,0,1.4e-11
1.0030622293028029,0.0,-0.0027016342756269,0.0000000000000000,0.0009945446339409,0.0000000000000000,9.1849837604098870,3.0001120936274916,-340.451106,-4.485268,344.9363744656782,1529.0146005863426,0,1.4e-11
1.0030721387663200,0.0,-0.0026961810481040,0.0000000000000000,0.0009628584975120,0.0000000000000000,9.1743944330215150,3.0001122795460420,-335.048987,-4.420013,339.4690001819191,1482.9208103089259,0,8.6e-12
1.0030820601197747,0.0,-0.0026906558194262,0.0000000000000000,0.0009310611845766,0.0000000000000000,9.1639164356387131,3.0001124651989439,-329.488851,-4.360979,333.8498301904096,1438.8940386638642,0,9.9e-12
1.0030921965886181,0.0,-0.0026849400684200,0.0000000000000000,0.0008985015749068,0.0000000000000000,9.1533370340909865,3.0001126544028085,-323.665317,-4.307107,327.9724245088049,1396.0612651754636,0,1.9e-11
1.0031023459553798,0.0,-0.0026791421609489,0.0000000000000000,0.0008658297899833,0.0000000000000000,9.1428689828972090,3.0001128433999322,-317.703565,-4.259637,321.9632021193561,1355.3018749102266,0,9.1e-12
1.0031123027489841,0.0,-0.0026733781536741,0.0000000000000000,0.0008337123444043,0.0000000000000000,9.1327182984260880,3.0001130284095590,-311.741012,-4.219323,315.9603351974344,1317.3360639489474,0,9.6e-12
1.0031222676131579,0.0,-0.0026675306337710,0.0000000000000000,0.0008015072743351,0.0000000000000000,9.1226744378564621,3.0001132132058195,-305.673535,-4.185160,309.8586948284035,1281.2926444773766,0,3.5e-12
1.0031322390956330,0.0,-0.0026615968070700,0.0000000000000000,0.0007692228182511,0.0000000000000000,9.1127363007705373,3.0001133977972794,-299.514393,-4.157161,303.6715538243623,1247.1294329636730,0,1.9e-11
1.0031422155184262,0.0,-0.0026555739330395,0.0000000000000000,0.0007368682651855,0.0000000000000000,9.1029027970283174,3.0001135821903553,-293.276864,-4.135348,297.4122117610278,1214.8019290369921,0,7.2e-12
