x0,y0,z0,xd0,yd0,zd0,Tp,JC,stabilityIndex1,stabilityIndex2,alpha,beta,impactFlag,error
0.9991422113633820,0.0,-0.0027077538485902,0.0000000000000000,-0.0075725268978125,0.0000000000000000,6.0762488228513929,3.0000704634804403,40.910187,2.127085,-43.0372717003504,89.0194367114440,0,3.1e-12
0.9991633655677000,0.0,-0.0026706705453097,0.0000000000000000,-0.0077017625143954,0.0000000000000000,6.0712488228513930,3.0000705758434263,38.605544,2.310687,-40.9162310459556,91.2053420548589,0,3.3e-12
0.9991782739944496,0.0,-0.0026429170458702,0.0000000000000000,-0.0077971415080020,0.0000000000000000,6.0662488228513931,3.0000706882750618,36.305790,2.516200,-38.8219900043079,93.3526355165185,0,2.3e-11
0.9991902323083904,0.0,-0.0026195834540439,0.0000000000000000,-0.0078765661962787,0.0000000000000000,6.0612488228513932,3.0000708007740875,34.006044,2.748381,-36.7544251860832,95.4615813112129,0,2.6e-13
0.9992003776801867,0.0,-0.0025989736383654,0.0000000000000000,-0.0079462103449936,0.0000000000000000,6.0562488228513933,3.0000709133393562,31.699742,3.013665,-34.7134075042362,97.5324140325822,0,1.1e-11
0.9992092646786740,0.0,-0.0025802595514595,0.0000000000000000,-0.0080090832405301,0.0000000000000000,6.0512488228513934,3.0000710259696453,29.377744,3.321064,-32.6988085370223,99.5653806664781,0,3.2e-13
0.9992172132083351,0.0,-0.0025629630361457,0.0000000000000000,-0.0080669200091164,0.0000000000000000,6.0462488228513935,3.0000711386637251,27.026712,3.683790,-30.7105022955252,101.5607367416001,0,4.4e-13
0.9992244276704889,0.0,-0.0025467782666320,0.0000000000000000,-0.0081208288415565,0.0000000000000000,6.0412488228513936,3.0000712514203682,24.625927,4.122433,-28.7483599019731,103.5187306248562,0,4.3e-12
0.9992310480649200,0.0,-0.0025314955681522,0.0000000000000000,-0.0081715684807506,0.0000000000000000,6.0362488228513929,3.0000713642383312,22.140231,4.672020,-26.8122514543068,105.4396105625257,0,3.6e-13
0.9992371752505372,0.0,-0.0025169637413352,0.0000000000000000,-0.0082196853573819,0.0000000000000000,6.0312488228513930,3.0000714771163595,19.501157,5.400891,-24.9020482324279,107.3236294740432,0,1.2e-12
0.9992428847363775,0.0,-0.0025030694827051,0.0000000000000000,-0.0082655884428387,0.0000000000000000,6.0262488228513931,3.0000715900531887,16.536898,6.480722,-23.0176197045847,109.1710375311786,0,1.6e-12
0.9992482347952625,0.0,-0.0024897252726322,0.0000000000000000,-0.0083095932752962,0.0000000000000000,6.0212488228513932,3.0000717030475457,12.294658,8.864182,-21.1588405248807,110.9820947953897,0,6.0e-11
0.9992532715107321,0.0,-0.0024768618364196,0.0000000000000000,-0.0083519493410258,0.0000000000000000,6.0162488228513933,3.0000718160981363,19.150505,0.175058,-19.3255629517377,112.7570266205250,0,7.5e-14
0.9992580320810636,0.0,-0.0024644232088265,0.0000000000000000,-0.0083928579928082,0.0000000000000000,6.0112488228513934,3.0000719292036697,17.362360,0.155311,-17.5176717496284,114.4961111949149,0,1.8e-13
0.9992625470414123,0.0,-0.0024523634106059,0.0000000000000000,-0.0084324845015994,0.0000000000000000,6.0062488228513935,3.0000720423628326,15.598271,0.136758,-15.7350291100006,116.1995916868928,0,1.2e-12
0.9992668418278225,0.0,-0.0024406441101023,0.0000000000000000,-0.0084709665347581,0.0000000000000000,6.0012488228513936,3.0000721555743040,13.858246,0.119255,-13.9775011455711,117.8677188565459,0,4.4e-12
0.9992709378953264,0.0,-0.0024292329499484,0.0000000000000000,-0.0085084202166830,0.0000000000000000,5.9962488228513937,3.0000722688367509,12.142269,0.102687,-12.2449563268677,119.5007466762729,0,6.2e-13
0.9992748535408994,0.0,-0.0024181023154571,0.0000000000000000,-0.0085449445880259,0.0000000000000000,5.9912488228513929,3.0000723821488275,10.450305,0.086954,-10.5372589031546,121.0989250646101,0,1.1e-12
0.9992786045186712,0.0,-0.0024072284128419,0.0000000000000000,-0.0085806249393664,0.0000000000000000,5.9862488228513930,3.0000724955091749,8.782302,0.071973,-8.8542746754909,122.6625059954214,0,1.7e-13
0.9992822045101656,0.0,-0.0023965905648967,0.0000000000000000,-0.0086155353579680,0.0000000000000000,5.9812488228513931,3.0000726089164242,7.138197,0.057672,-7.1958686693089,124.1917410499906,0,9.6e-13
0.9992856654879901,0.0,-0.0023861706657377,0.0000000000000000,-0.0086497406975132,0.0000000000000000,5.9762488228513932,3.0000727223691936,5.517916,0.043990,-5.5619056160348,125.6868817332588,0,1.0e-12
0.9992889980014840,0.0,-0.0023759527524188,0.0000000000000000,-0.0086832981247148,0.0000000000000000,5.9712488228513934,3.0000728358660869,3.921377,0.030872,-3.9522488488931,127.1481784801642,0,1.4e-12
0.9992922114039006,0.0,-0.0023659226641533,0.0000000000000000,-0.0087162583489792,0.0000000000000000,5.9662488228513935,3.0000729494056970,2.348489,0.018273,-2.3667615367185,128.5758818644865,0,9.7e-13
0.9992953140347884,0.0,-0.0023560677683603,0.0000000000000000,-0.0087486666098928,0.0000000000000000,5.9612488228513936,3.0000730629866035,0.799158,0.006149,-0.8053074115736,129.9702427333058,0,1.9e-12
0.9992983133684838,0.0,-0.0023463767379034,0.0000000000000000,-0.0087805634802677,0.0000000000000000,5.9562488228513937,3.0000731766073727,-0.726719,-0.005534,0.7322525225324,131.3315100485653,0,1.3e-12
0.9993012161354536,0.0,-0.0023368393686252,0.0000000000000000,-0.0088119855229338,0.0000000000000000,5.9512488228513929,3.0000732902665574,-2.229245,-0.016810,2.2460553780435,132.6599339474879,0,1.2e-12
0.9993040284228588,0.0,-0.0023274464282696,0.0000000000000000,-0.0088429658345879,0.0000000000000000,5.9462488228513930,3.0000734039626984,-3.708533,-0.027708,3.7362401824789,133.9557631436882,0,3.1e-13
0.9993067557580932,0.0,-0.0023181895308126,0.0000000000000000,-0.0088735344976299,0.0000000000000000,5.9412488228513931,3.0000735176943216,-5.164693,-0.038253,5.2029461089382,135.2192460383008,0,1.3e-12
0.9993094031790960,0.0,-0.0023090610307530,0.0000000000000000,-0.0089037189602398,0.0000000000000000,5.9362488228513932,3.0000736314599394,-6.597844,-0.048470,6.6463134192844,136.4506303056424,0,1.1e-12
0.9993119752935770,0.0,-0.0023000539339068,0.0000000000000000,-0.0089335443567127,0.0000000000000000,5.9312488228513933,3.0000737452580521,-8.008103,-0.058379,8.0664815340518,137.6501636222972,0,1.2e-12
0.9993144763293471,0.0,-0.0022911618216505,0.0000000000000000,-0.0089630337794209,0.0000000000000000,5.9262488228513934,3.0000738590871441,-9.395592,-0.067999,9.4635911672694,138.8180926755468,0,4.0e-13
0.9993169101774216,0.0,-0.0022823787859907,0.0000000000000000,-0.0089922085117879,0.0000000000000000,5.9212488228513935,3.0000739729456862,-10.760434,-0.077349,10.8377835574738,139.9546635478203,0,2.7e-12
0.9993192804289284,0.0,-0.0022736993739259,0.0000000000000000,-0.0090210882277509,0.0000000000000000,5.9162488228513936,3.0000740868321363,-12.102757,-0.086444,12.1892009096536,141.0601215482369,0,5.1e-13
0.9993215904064534,0.0,-0.0022651185392305,0.0000000000000000,-0.0090496911633244,0.0000000000000000,5.9112488228513929,3.0000742007449488,-13.422688,-0.095299,13.5179873308627,142.1347102278342,0,3.1e-11
0.9993238431972198,0.0,-0.0022566315996083,0.0000000000000000,-0.0090780342799159,0.0000000000000000,5.9062488228513930,3.0000743146824904,-14.720342,-0.103927,14.8242681379916,143.1786814231814,0,9.3e-11
0.9993260416589276,0.0,-0.0022482342064417,0.0000000000000000,-0.0091061333416457,0.0000000000000000,5.9012488228513931,3.0000744286432828,-15.995882,-0.112340,16.1082214406808,144.1922644420726,0,6.5e-13
0.9993281884713131,0.0,-0.0022399223001817,0.0000000000000000,-0.0091340031247533,0.0000000000000000,5.8962488228513932,3.0000745426256414,-17.249411,-0.120550,17.3699608754579,145.1757132187921,0,2.0e-12
0.9993302861271184,0.0,-0.0022316920954311,0.0000000000000000,-0.0091616574269110,0.0000000000000000,5.8912488228513933,3.0000746566279739,-18.481072,-0.128567,18.6096397184819,146.1292664320787,0,1.6e-12
0.9993323369613661,0.0,-0.0022235400496489,0.0000000000000000,-0.0091891091994208,0.0000000000000000,5.8862488228513934,3.0000747706486490,-19.691000,-0.136402,19.8274017410883,147.0531653517718,0,1.7e-12
0.9993343431634325,0.0,-0.0022154628426061,0.0000000000000000,-0.0092163706169157,0.0000000000000000,5.8812488228513935,3.0000748846860197,-20.879330,-0.144062,21.0233919381169,147.9476505611031,0,4.4e-13
0.9993363067896220,0.0,-0.0022074573571249,0.0000000000000000,-0.0092434531457505,0.0000000000000000,5.8762488228513936,3.0000749987384228,-22.046198,-0.151557,22.1977549935694,148.8129617358475,0,5.1e-13
0.9993382297746995,0.0,-0.0021995206617873,0.0000000000000000,-0.0092703676059190,0.0000000000000000,5.8712488228513937,3.0000751128041823,-23.191743,-0.158894,23.3506365770008,149.6493378409332,0,1.7e-13
0.9993401139420679,0.0,-0.0021916499955080,0.0000000000000000,-0.0092971242260601,0.0000000000000000,5.8662488228513929,3.0000752268816049,-13.418926,-11.063256,24.4821823361612,150.4570170114821,0,1.1e-12
0.9993419610128160,0.0,-0.0021838427538043,0.0000000000000000,-0.0093237326923536,0.0000000000000000,5.8612488228513930,3.0000753409689795,-16.605242,-8.987297,25.5925387981453,151.2362366495143,0,1.3e-12
0.9993437726139102,0.0,-0.0021760964763966,0.0000000000000000,-0.0093502021926869,0.0000000000000000,5.8562488228513931,3.0000754550645836,-18.631775,-8.050078,26.6818525367698,151.9872333175588,0,7.7e-13
0.9993455502855745,0.0,-0.0021684088360449,0.0000000000000000,-0.0093765414564996,0.0000000000000000,5.8512488228513932,3.0000755691666749,-20.341134,-7.409137,27.7502705557119,152.7102427753193,0,2.4e-13
0.9993472954878813,0.0,-0.0021607776285320,0.0000000000000000,-0.0094027587903668,0.0000000000000000,5.8462488228513934,3.0000756832734963,-21.877261,-6.920679,28.7979399055216,153.4054998651035,0,6.2e-13
0.9993490096067387,0.0,-0.0021532007635766,0.0000000000000000,-0.0094288621103381,0.0000000000000000,5.8412488228513935,3.0000757973832735,-23.297583,-6.527425,29.8250088207817,154.0732388885490,0,6.6e-13
0.9993506939593325,0.0,-0.0021456762565800,0.0000000000000000,-0.0094548589713217,0.0000000000000000,5.8362488228513936,3.0000759114942168,-24.631754,-6.199871,30.8316248810379,154.7136929837931,0,4.5e-13
0.9993523497990672,0.0,-0.0021382022211486,0.0000000000000000,-0.0094807565936910,0.0000000000000000,5.8312488228513937,3.0000760256045189,-25.897370,-5.920566,31.8179364982629,155.3270946274193,0,1.3e-12
0.9993539783197839,0.0,-0.0021307768622968,0.0000000000000000,-0.0095065618869460,0.0000000000000000,5.8262488228513929,3.0000761397123608,-27.105846,-5.678246,32.7840928559063,155.9136754514373,0,5.5e-12
0.9993555806609583,0.0,-0.0021233984702936,0.0000000000000000,-0.0095322814738356,0.0000000000000000,5.8212488228513930,3.0000762538158887,-28.265063,-5.465180,33.7302429903287,156.4736670480164,0,6.9e-13
0.9993571579092766,0.0,-0.0021160654148438,0.0000000000000000,-0.0095579217066238,0.0000000000000000,5.8162488228513931,3.0000763679132580,-29.380719,-5.275817,34.6565358639602,157.0072985545512,0,1.1e-12
0.9993587111040829,0.0,-0.0021087761400487,0.0000000000000000,-0.0095834886891947,0.0000000000000000,5.8112488228513932,3.0000764820025907,-30.457094,-5.106029,35.5631231766469,157.5148004051455,0,1.6e-11
0.9993602412398299,0.0,-0.0021015291597466,0.0000000000000000,-0.0096089882921625,0.0000000000000000,5.8062488228513933,3.0000765960819904,-31.497487,-4.952662,36.4501487467046,157.9963980996873,0,2.6e-12
0.9993617492684317,0.0,-0.0020943230527512,0.0000000000000000,-0.0096344261688016,0.0000000000000000,5.8012488228513934,3.0000767101495525,-32.504522,-4.813248,37.3177697646500,158.4523226384738,0,1.2e-12
0.9993632361028602,0.0,-0.0020871564591233,0.0000000000000000,-0.0096598077701582,0.0000000000000000,5.7962488228513935,3.0000768242033442,-33.480317,-4.685822,38.1661386295802,158.8828023289495,0,2.9e-11
0.9993647026178529,0.0,-0.0020800280770840,0.0000000000000000,-0.0096851383526589,0.0000000000000000,5.7912488228513936,3.0000769382414298,-34.426598,-4.568795,38.9953927304859,159.2880550221100,0,1.5e-12
0.9993661496550560,0.0,-0.0020729366579498,0.0000000000000000,-0.0097104230017415,0.0000000000000000,5.7862488228513929,3.0000770522618385,-35.344838,-4.460858,39.8056959993552,159.6683138300202,0,1.8e-12
0.9993675780221181,0.0,-0.0020658810047286,0.0000000000000000,-0.0097356666310833,0.0000000000000000,5.7812488228513930,3.0000771662625927,-36.236267,-4.360929,40.5971965541274,160.0238013827825,0,2.0e-13
0.9993689884961919,0.0,-0.0020588599683067,0.0000000000000000,-0.0097608739991920,0.0000000000000000,5.7762488228513931,3.0000772802416922,-37.101947,-4.268098,41.3700451851328,160.3547408869518,0,7.6e-13
0.9993703818252020,0.0,-0.0020518724450125,0.0000000000000000,-0.0097860497170991,0.0000000000000000,5.7712488228513932,3.0000773941971235,-37.942799,-4.181593,42.1243926810692,160.6613546148641,0,5.4e-12
0.9993717587301753,0.0,-0.0020449173737114,0.0000000000000000,-0.0098111982600568,0.0000000000000000,5.7662488228513933,3.0000775081268465,-38.759642,-4.100757,42.8603985095070,160.9438703598644,0,3.0e-11
0.9993731199050938,0.0,-0.0020379937347887,0.0000000000000000,-0.0098363239678138,0.0000000000000000,5.7612488228513934,3.0000776220288108,-39.553174,-4.025025,43.5781989313168,161.2024977824210,0,8.4e-14
0.9993744660204608,0.0,-0.0020311005458340,0.0000000000000000,-0.0098614310642361,0.0000000000000000,5.7562488228513935,3.0000777359009456,-40.324056,-3.953905,44.2779608248586,161.4374684558137,0,2.2e-12
0.9993757977230500,0.0,-0.0020242368615914,0.0000000000000000,-0.0098865236543595,0.0000000000000000,5.7512488228513936,3.0000778497411580,-41.072861,-3.886970,44.9598314563404,161.6489983798738,0,3.1e-13
0.9993771156377035,0.0,-0.0020174017711866,0.0000000000000000,-0.0099116057353973,0.0000000000000000,5.7462488228513937,3.0000779635473398,-41.800116,-3.823848,45.6239646076296,161.8373078020770,0,9.3e-13
0.9993784203683891,0.0,-0.0020105943965566,0.0000000000000000,-0.0099366812021481,0.0000000000000000,5.7412488228513938,3.0000780773173639,-42.506304,-3.764209,46.2705131856912,162.0026154045147,0,5.0e-13
0.9993797124992615,0.0,-0.0020038138908325,0.0000000000000000,-0.0099617538527238,0.0000000000000000,5.7362488228513939,3.0000781910490817,-43.191869,-3.707761,46.8996302824114,162.1451391934359,0,1.9e-13
0.9993809925956338,0.0,-0.0019970594368212,0.0000000000000000,-0.0099868273939189,0.0000000000000000,5.7312488228513931,3.0000783047403292,-43.857223,-3.654246,47.5114690088094,162.2650963695537,0,5.6e-13
0.9993822612049073,0.0,-0.0019903302456002,0.0000000000000000,-0.0100119054462058,0.0000000000000000,5.7262488228513932,3.0000784183889202,-44.502750,-3.603434,48.1061834052144,162.3627043239496,0,9.6e-13
0.9993835188574466,0.0,-0.0019836255551689,0.0000000000000000,-0.0100369915485322,0.0000000000000000,5.7212488228513934,3.0000785319926520,-45.128810,-3.555117,48.6839263270335,162.4381784188290,0,8.3e-13
0.9993847660673389,0.0,-0.0019769446292443,0.0000000000000000,-0.0100620891625125,0.0000000000000000,5.7162488228513935,3.0000786455493009,-45.735743,-3.509110,49.2448525059521,162.4917352953812,0,9.2e-13
0.9993860033332230,0.0,-0.0019702867560680,0.0000000000000000,-0.0100872016767932,0.0000000000000000,5.7112488228513936,3.0000787590566236,-46.323869,-3.465246,49.7891151868350,162.5235892723958,0,1.4e-12
0.9993872311390105,0.0,-0.0019636512473143,0.0000000000000000,-0.0101123324109461,0.0000000000000000,5.7062488228513937,3.0000788725123586,-46.893494,-3.423374,50.3168678299361,162.5339541105475,0,4.6e-12
0.9993884499542077,0.0,-0.0019570374371347,0.0000000000000000,-0.0101374846181955,0.0000000000000000,5.7012488228513938,3.0000789859142283,-47.444910,-3.383357,50.8282662301972,162.5230458372957,0,9.9e-13
0.9993896602352660,0.0,-0.0019504446810610,0.0000000000000000,-0.0101626614907375,0.0000000000000000,5.6962488228513939,3.0000790992599273,-47.978393,-3.345070,51.3234628004125,162.4910755836445,0,4.6e-12
0.9993908624254340,0.0,-0.0019438723552311,0.0000000000000000,-0.0101878661610296,0.0000000000000000,5.6912488228513940,3.0000792125471385,-48.494214,-3.308400,51.8026140986130,162.4382589475965,0,1.4e-12
0.9993920569556994,0.0,-0.0019373198554547,0.0000000000000000,-0.0102131017058735,0.0000000000000000,5.6862488228513932,3.0000793257735210,-48.992628,-3.273244,52.2658718341821,162.3648051361167,0,8.9e-13
0.9993932442451787,0.0,-0.0019307865965020,0.0000000000000000,-0.0102383711487099,0.0000000000000000,5.6812488228513933,3.0000794389367167,-49.473886,-3.239506,52.7133914910571,162.2709273624903,0,4.3e-12
0.9993944247016534,0.0,-0.0019242720112325,0.0000000000000000,-0.0102636774627743,0.0000000000000000,5.6762488228513934,3.0000795520343457,-49.938230,-3.207099,53.1453289232049,162.1568387333887,0,2.6e-13
0.9993955987220087,0.0,-0.0019177755499762,0.0000000000000000,-0.0102890235732590,0.0000000000000000,5.6712488228513935,3.0000796650640100,-50.385893,-3.175943,53.5618368793810,162.0227481029849,0,1.1e-12
0.9993967666926665,0.0,-0.0019112966798204,0.0000000000000000,-0.0103144123598513,0.0000000000000000,5.6662488228513936,3.0000797780232920,-50.817104,-3.145966,53.9630697380907,161.8688657614325,0,3.1e-12
0.9993979289898066,0.0,-0.0019048348839511,0.0000000000000000,-0.0103398466588147,0.0000000000000000,5.6612488228513937,3.0000798909097539,-51.232101,-3.117096,54.3491980113391,161.6954230319282,0,9.6e-11
0.9993990859806546,0.0,-0.0018983896612773,0.0000000000000000,-0.0103653292655115,0.0000000000000000,5.6562488228513939,3.0000800037209356,-51.631057,-3.089276,54.7203324792230,161.5025716069574,0,3.2e-13
0.9994002380220655,0.0,-0.0018919605253950,0.0000000000000000,-0.0103908629357108,0.0000000000000000,5.6512488228513940,3.0000801164543627,-52.014228,-3.062442,55.0766702772813,161.2905773877530,0,6.6e-13
0.9994013854626427,0.0,-0.0018855470045281,0.0000000000000000,-0.0104164503881811,0.0000000000000000,5.6462488228513932,3.0000802291075379,-52.381809,-3.036543,55.4183523618707,161.0596313782319,0,6.3e-13
0.9994025286420896,0.0,-0.0018791486408079,0.0000000000000000,-0.0104420943058514,0.0000000000000000,5.6412488228513933,3.0000803416779438,-52.734005,-3.011528,55.7455327012108,160.8099416831051,0,6.1e-13
0.9994036678918857,0.0,-0.0018727649897902,0.0000000000000000,-0.0104677973381819,0.0000000000000000,5.6362488228513934,3.0000804541630446,-53.071016,-2.987350,56.0583666496711,160.5417177769166,0,1.7e-12
0.9994048035353855,0.0,-0.0018663956200605,0.0000000000000000,-0.0104935621021372,0.0000000000000000,5.6312488228513935,3.0000805665602841,-53.393042,-2.963966,56.3570079636350,160.2551668740950,0,2.5e-12
0.9994059358881665,0.0,-0.0018600401127719,0.0000000000000000,-0.0105193911839899,0.0000000000000000,5.6262488228513936,3.0000806788670862,-53.700276,-2.941335,56.6416107419443,159.9504963874920,0,5.6e-13
0.9994070652582784,0.0,-0.0018536980612621,0.0000000000000000,-0.0105452871406503,0.0000000000000000,5.6212488228513937,3.0000807910808560,-53.992912,-2.919419,56.9123304663750,159.6279156081985,0,3.9e-13
0.9994081919464957,0.0,-0.0018473690706411,0.0000000000000000,-0.0105712525011160,0.0000000000000000,5.6162488228513938,3.0000809031989779,-54.271139,-2.898182,57.1693210066674,159.2876313671511,0,1.4e-13
0.9994093162465384,0.0,-0.0018410527574463,0.0000000000000000,-0.0105972897676816,0.0000000000000000,5.6112488228513939,3.0000810152188189,-54.535145,-2.877591,57.4127361463346,158.9298502309161,0,2.0e-12
0.9994104384452857,0.0,-0.0018347487492912,0.0000000000000000,-0.0106234014171454,0.0000000000000000,5.6062488228513931,3.0000811271377232,-54.785116,-2.857615,57.6427314183045,158.5547813594092,0,1.9e-12
0.9994115588229837,0.0,-0.0018284566845419,0.0000000000000000,-0.0106495899019328,0.0000000000000000,5.6012488228513932,3.0000812389530198,-55.021234,-2.838225,57.8594587805571,158.1626285366503,0,1.2e-12
0.9994126776534470,0.0,-0.0018221762119921,0.0000000000000000,-0.0106758576512746,0.0000000000000000,5.5962488228513934,3.0000813506620134,-55.243682,-2.819392,58.0630738235378,157.7536010210904,0,1.1e-12
0.9994137952042369,0.0,-0.0018159069905839,0.0000000000000000,-0.0107022070721127,0.0000000000000000,5.5912488228513935,3.0000814622619951,-55.452638,-2.801091,58.2537297884712,157.3279045893385,0,1.4e-12
0.9994149117368256,0.0,-0.0018096486891692,0.0000000000000000,-0.0107286405499214,0.0000000000000000,5.5862488228513936,3.0000815737502307,-55.648283,-2.783298,58.4315807639940,156.8857466028996,0,1.4e-12
0.9994154799274629,0.0,-0.0018064662719983,0.0000000000000000,-0.0107421326118313,0.0000000000000000,5.5837029971419003,3.0000816304723390,-55.742841,-2.774425,58.5172661288540,156.6543571322904,0,4.1e-12
0.9994160368171231,0.0,-0.0018033488830009,0.0000000000000000,-0.0107553821703780,0.0000000000000000,5.5812070901408379,3.0000816860530697,-55.832260,-2.765846,58.5981060679089,156.4234387377594,0,3.1e-12
0.9994166051681795,0.0,-0.0018001692442295,0.0000000000000000,-0.0107689303575364,0.0000000000000000,5.5786592276974947,3.0000817427606363,-55.920210,-2.757207,58.6774171063617,156.1835893981886,0,3.0e-12
0.9994171622776523,0.0,-0.0017970545051121,0.0000000000000000,-0.0107822355703184,0.0000000000000000,5.5761613238763514,3.0000817983263577,-56.003191,-2.748851,58.7520422329967,155.9444239270297,0,2.3e-12
0.9994177425206842,0.0,-0.0017938126867151,0.0000000000000000,-0.0107961191264204,0.0000000000000000,5.5735593842469777,3.0000818561744715,-56.086236,-2.740264,58.8265004466346,155.6910945746988,0,3.1e-12
0.9994183113494791,0.0,-0.0017906370166747,0.0000000000000000,-0.0108097547266390,0.0000000000000000,5.5710084635756312,3.0000819128563432,-56.164316,-2.731959,58.8962745662448,155.4385961851985,0,2.9e-12
0.9994188920145084,0.0,-0.0017873978379554,0.0000000000000000,-0.0108236992780361,0.0000000000000000,5.5684044422453436,3.0000819706850974,-56.240636,-2.723594,58.9642299302971,155.1766464386487,0,2.3e-12
0.9994194729399767,0.0,-0.0017841599486381,0.0000000000000000,-0.0108376751115701,0.0000000000000000,5.5657993794272818,3.0000820285032024,-56.313590,-2.715337,59.0289270222038,154.9103797042274,0,1.2e-12
0.9994200425336123,0.0,-0.0017809880192916,0.0000000000000000,-0.0108514021771697,0.0000000000000000,5.5632453967719702,3.0000820851544225,-56.381839,-2.707348,59.0891871251929,154.6452735588296,0,3.6e-12
0.9994206240761950,0.0,-0.0017777525471931,0.0000000000000000,-0.0108654411136434,0.0000000000000000,5.5606382496817970,3.0000821429506255,-56.448187,-2.699299,59.1474860465127,154.3705292520131,0,4.3e-12
0.9994213362732262,0.0,-0.0017737944924832,0.0000000000000000,-0.0108826663838127,0.0000000000000000,5.5574461354969307,3.0000822136668424,-56.524888,-2.689585,59.2144734053257,154.0285152297979,0,2.8e-12
0.9994220347433308,0.0,-0.0017699175773618,0.0000000000000000,-0.0108995933425815,0.0000000000000000,5.5543166124767698,3.0000822829447404,-56.595280,-2.680210,59.2754906517142,153.6872469765224,0,6.2e-12
0.9994227480523583,0.0,-0.0017659634963216,0.0000000000000000,-0.0109169135145961,0.0000000000000000,5.5511219444850193,3.0000823536112025,-56.662273,-2.670786,59.3330597778559,153.3328375397002,0,5.2e-12
0.9994234765802131,0.0,-0.0017619307220530,0.0000000000000000,-0.0109346374071289,0.0000000000000000,5.5478607754385880,3.0000824256921041,-56.725637,-2.661315,59.3869524453263,152.9648164773403,0,4.4e-12
0.9994242058328743,0.0,-0.0017578999201956,0.0000000000000000,-0.0109524126541046,0.0000000000000000,5.5445983020918348,3.0000824977438465,-56.783994,-2.651987,59.4359812791827,152.5904042135312,0,7.7e-12
0.9994249358695941,0.0,-0.0017538710251160,0.0000000000000000,-0.0109702399295907,0.0000000000000000,5.5413345239005727,3.0000825697655653,-56.837384,-2.642797,59.4801806018616,152.2096471107482,0,3.9e-12
0.9994256816709371,0.0,-0.0017497618231566,0.0000000000000000,-0.0109884852830776,0.0000000000000000,5.5380028059818027,3.0000826432249617,-56.886786,-2.633558,59.5203436545674,151.8146366063258,0,5.7e-12
0.9994264284049251,0.0,-0.0017456545058834,0.0000000000000000,-0.0110067860753919,0.0000000000000000,5.5346697554903317,3.0000827166506583,-56.931100,-2.624455,59.5555556379285,151.4131301419727,0,6.5e-12
0.9994271761321950,0.0,-0.0017415490074012,0.0000000000000000,-0.0110251430184428,0.0000000000000000,5.5313353718697726,3.0000827900417222,-56.970370,-2.615486,59.5858553199733,151.0051810251409,0,5.2e-12
0.9994279402021187,0.0,-0.0017373615481293,0.0000000000000000,-0.0110439331353509,0.0000000000000000,5.5279315787189329,3.0000828648935789,-57.005285,-2.606466,59.6117505351760,150.5823235945991,0,4.7e-12
0.9994287210512386,0.0,-0.0017330904961078,0.0000000000000000,-0.0110631683001611,0.0000000000000000,5.5244569311750604,3.0000829412328565,-57.035590,-2.597397,59.6329866099951,150.1440442244966,0,3.3e-12
0.9994295031605047,0.0,-0.0017288212761249,0.0000000000000000,-0.0110824663781709,0.0000000000000000,5.5209808938163176,3.0000830175301876,-57.060568,-2.588459,59.6490275998514,149.6989684677205,0,5.9e-12
0.9994302865948679,0.0,-0.0017245538195169,0.0000000000000000,-0.0111018281660606,0.0000000000000000,5.5175034660610782,3.0000830937844927,-57.080266,-2.579651,59.6599164312123,149.2471553029968,0,5.0e-12
0.9994310874468707,0.0,-0.0017202010376857,0.0000000000000000,-0.0111216515108380,0.0000000000000000,5.5139536510439520,3.0000831715492122,-57.094973,-2.570791,59.6657636272067,148.7792440505816,0,5.7e-12
0.9994319061934586,0.0,-0.0017157612262689,0.0000000000000000,-0.0111419492747156,0.0000000000000000,5.5103299419113290,3.0000832508514415,-57.104417,-2.561880,59.6662977908527,148.2946939369660,0,6.3e-12
0.9994327101521019,0.0,-0.0017114119081564,0.0000000000000000,-0.0111619104028351,0.0000000000000000,5.5067772864109399,3.0000833285179063,-57.108273,-2.553272,59.6615450841242,147.8129530029239,0,3.0e-12
0.9994335489970240,0.0,-0.0017068849868193,0.0000000000000000,-0.0111827683316561,0.0000000000000000,5.5030766652009699,3.0000834093328712,-57.106665,-2.544435,59.6510993434125,147.3041862005994,0,3.5e-12
0.9994343896786957,0.0,-0.0017023597956629,0.0000000000000000,-0.0112037022623040,0.0000000000000000,5.4993745636516991,3.0000834900908759,-57.099375,-2.535723,59.6350979198041,146.7881895137014,0,4.4e-12
0.9994352494812263,0.0,-0.0016977439812440,0.0000000000000000,-0.0112251426525794,0.0000000000000000,5.4955953978391054,3.0000835724365653,-57.086141,-2.526958,59.6130987722202,146.2542897494700,0,3.9e-12
0.9994361289458125,0.0,-0.0016930357267549,0.0000000000000000,-0.0112471039583567,0.0000000000000000,5.4917375635425136,3.0000836563976945,-57.066664,-2.518141,59.5848053183265,145.7019056446070,0,2.5e-12
0.9994369929687870,0.0,-0.0016884232882902,0.0000000000000000,-0.0112687087428716,0.0000000000000000,5.4879553734782434,3.0000837386143604,-57.041788,-2.509620,59.5514084049078,145.1532163960258,0,3.1e-12
0.9994378949521023,0.0,-0.0016836223455291,0.0000000000000000,-0.0112912923448549,0.0000000000000000,5.4840156576042745,3.0000838241505039,-57.009862,-2.500870,59.5107325140332,144.5742576881769,0,2.2e-12
0.9994387993889785,0.0,-0.0016788230780385,0.0000000000000000,-0.0113139666412236,0.0000000000000000,5.4800743656064865,3.0000839096123730,-56.971860,-2.492241,59.4641011060788,143.9875968875617,0,4.4e-12
0.9994397248913516,0.0,-0.0016739275344142,0.0000000000000000,-0.0113371982363281,0.0000000000000000,5.4760510301202299,3.0000839967397370,-56.926889,-2.483556,59.4104452769183,143.3811197279751,0,1.5e-12
0.9994406720741933,0.0,-0.0016689337785562,0.0000000000000000,-0.0113610034334990,0.0000000000000000,5.4719439432638257,3.0000840855608102,-56.874630,-2.474815,59.3494453649670,142.7542093467064,0,1.5e-12
0.9994416221598084,0.0,-0.0016639416764905,0.0000000000000000,-0.0113849102778684,0.0000000000000000,5.4678352132241788,3.0000841742944133,-56.816012,-2.466193,59.2822054341781,142.1192663974800,0,3.8e-12
0.9994426145880548,0.0,-0.0016587454517943,0.0000000000000000,-0.0114099120373683,0.0000000000000000,5.4635553570147799,3.0000842665910104,-56.748306,-2.457337,59.2056437917868,141.4497297567202,0,4.7e-12
0.9994436103327942,0.0,-0.0016535509348938,0.0000000000000000,-0.0114350263640100,0.0000000000000000,5.4592737884242863,3.0000843587870816,-56.673882,-2.448601,59.1224835230086,140.7717339531737,0,5.0e-12
0.9994446299089520,0.0,-0.0016482521033526,0.0000000000000000,-0.0114607706242997,0.0000000000000000,5.4549030928170898,3.0000844527584740,-56.591105,-2.439806,59.0309106831751,140.0713086648734,0,9.9e-12
0.9994456531217607,0.0,-0.0016429549216408,0.0000000000000000,-0.0114866348492731,0.0000000000000000,5.4505306483949116,3.0000845466199118,-56.501519,-2.431127,58.9326452479384,139.3623385186968,0,1.0e-11
0.9994467010584279,0.0,-0.0016375512716406,0.0000000000000000,-0.0115131520202776,0.0000000000000000,5.4460671851494382,3.0000846422807683,-56.403182,-2.422385,58.8255674408369,138.6302271490656,0,1.4e-11
0.9994477529687151,0.0,-0.0016321492139255,0.0000000000000000,-0.0115397970264231,0.0000000000000000,5.4416019358742824,3.0000847378215085,-56.297954,-2.413756,58.7117090739961,137.8894975784083,0,1.7e-11
0.9994488305375422,0.0,-0.0016266384900557,0.0000000000000000,-0.0115671191137780,0.0000000000000000,5.4370437358038490,3.0000848351852838,-56.183576,-2.405061,58.5886372505540,137.1249164727858,0,1.7e-11
0.9994499124340711,0.0,-0.0016211293023689,0.0000000000000000,-0.0115945774091700,0.0000000000000000,5.4324837116909350,3.0000849324179959,-56.062232,-2.396474,58.4587061504834,136.3516625152968,0,1.6e-11
0.9994509987555080,0.0,-0.0016156215717571,0.0000000000000000,-0.0116221735881672,0.0000000000000000,5.4279218627526635,3.0000850295170012,-55.934025,-2.387990,58.3220152937746,135.5698826021949,0,2.4e-11
0.9994521119021256,0.0,-0.0016100028848994,0.0000000000000000,-0.0116504767094514,0.0000000000000000,5.4232650519858039,3.0000851284566270,-55.796239,-2.379435,58.1756744858453,134.7635233201058,0,2.5e-11
0.9994532074424169,0.0,-0.0016044979157712,0.0000000000000000,-0.0116783563481262,0.0000000000000000,5.4186995510421223,3.0000852252765751,-55.654492,-2.371147,58.0256395070317,133.9649918507964,0,2.2e-11
0.9994542856406908,0.0,-0.0015991042268057,0.0000000000000000,-0.0117058171686292,0.0000000000000000,5.4142235694909200,3.0000853200229707,-55.509229,-2.363114,57.8723424127692,133.1745998275210,0,1.7e-11
0.9994553467522860,0.0,-0.0015938194435209,0.0000000000000000,-0.0117328637962627,0.0000000000000000,5.4098353520124380,3.0000854127409933,-55.360863,-2.355322,57.7161848036914,132.3926228131024,0,2.2e-11
0.9994563910244847,0.0,-0.0015886412519876,0.0000000000000000,-0.0117595008215172,0.0000000000000000,5.4055331777090601,3.0000855034748857,-55.209787,-2.347760,57.5575468150562,131.6193166487078,0,1.7e-11
0.9994574186973145,0.0,-0.0015835673964759,0.0000000000000000,-0.0117857328037157,0.0000000000000000,5.4013153594300505,3.0000855922679683,-55.056359,-2.340418,57.3967769807475,130.8548960771627,0,1.6e-11
0.9994584300042541,0.0,-0.0015785956772565,0.0000000000000000,-0.0118115642740977,0.0000000000000000,5.3971802431095464,3.0000856791626553,-54.900917,-2.333287,57.2342028239605,130.0995549528782,0,1.7e-11
0.9994594251728912,0.0,-0.0015737239485119,0.0000000000000000,-0.0118369997386487,0.0000000000000000,5.3931262071175654,3.0000857642004655,-54.743775,-2.326355,57.0701297763989,129.3534626951491,0,1.5e-11
0.9994604044254869,0.0,-0.0015689501164109,0.0000000000000000,-0.0118620436802190,0.0000000000000000,5.3891516616237496,3.0000858474220395,-54.585224,-2.319616,56.9048405498606,128.6167621968732,0,1.6e-11
0.9994613679794904,0.0,-0.0015642721372668,0.0000000000000000,-0.0118867005605359,0.0000000000000000,5.3852550479736054,3.0000859288671511,-54.425540,-2.313061,56.7386005545917,127.8895796563818,0,9.7e-12
0.9994623160479835,0.0,-0.0015596880158342,0.0000000000000000,-0.0119109748216040,0.0000000000000000,5.3814348380769959,3.0000860085747250,-54.264972,-2.306682,56.5716533585123,127.1720145657453,0,5.3e-12
0.9994632488400885,0.0,-0.0015551958036711,0.0000000000000000,-0.0119348708870465,0.0000000000000000,5.3776895338086339,3.0000860865828489,-54.103754,-2.300472,56.4042255320319,126.4641485425616,0,7.5e-12
0.9994641665613280,0.0,-0.0015507935976052,0.0000000000000000,-0.0119583931630752,0.0000000000000000,5.3740176664203503,3.0000861629287887,-53.942106,-2.294424,56.2365297491468,125.7660507644305,0,9.3e-12
0.9994650878719356,0.0,-0.0015463915150036,0.0000000000000000,-0.0119820194984712,0.0000000000000000,5.3703443292059774,3.0000862391725689,-53.776892,-2.288412,56.0653036021824,125.0636852413354,0,1.1e-11
0.9994659942768872,0.0,-0.0015420775596512,0.0000000000000000,-0.0120052752058876,0.0000000000000000,5.3667430177172930,3.0000863137912384,-53.611571,-2.282554,55.8941253397619,124.3713025852801,0,8.1e-12
0.9994668859740203,0.0,-0.0015378499168913,0.0000000000000000,-0.0120281646501689,0.0000000000000000,5.3632123196794677,3.0000863868205019,-53.446326,-2.276844,55.7231698265396,123.6889273461550,0,1.1e-11
0.9994677631585701,0.0,-0.0015337068130034,0.0000000000000000,-0.0120506921818690,0.0000000000000000,5.3597508505109248,3.0000864582952844,-53.281326,-2.271276,55.5526020754732,123.0165774662692,0,1.2e-11
0.9994686616632343,0.0,-0.0015294791296315,0.0000000000000000,-0.0120737780636984,0.0000000000000000,5.3562173251436445,3.0000865311316236,-53.109883,-2.265621,55.3755039995627,122.3268815181084,0,8.7e-12
0.9994695455756314,0.0,-0.0015253359633404,0.0000000000000000,-0.0120964996117638,0.0000000000000000,5.3527530840347994,3.0000866024147954,-52.938894,-2.260106,55.1989996481625,121.6474914771104,0,1.1e-11
0.9994704150866989,0.0,-0.0015212755834056,0.0000000000000000,-0.0121188611527058,0.0000000000000000,5.3493567686685459,3.0000866721790249,-52.768511,-2.254724,55.0232342199597,120.9784028927595,0,8.4e-12
0.9994712878698495,0.0,-0.0015172151026746,0.0000000000000000,-0.0121413169571962,0.0000000000000000,5.3459590936502304,3.0000867418500059,-52.595380,-2.249363,54.8447437034350,120.3061214296908,0,4.4e-12
0.9994721463984808,0.0,-0.0015132357108467,0.0000000000000000,-0.0121634158625257,0.0000000000000000,5.3426280391351382,3.0000868100362248,-52.423084,-2.244131,54.6672141695153,119.6442435147862,0,5.7e-12
0.9994730081216218,0.0,-0.0015092561773963,0.0000000000000000,-0.0121856068069761,0.0000000000000000,5.3392956510617422,3.0000868781311669,-52.248223,-2.238917,54.4871393942547,118.9794148698218,0,5.0e-12
0.9994738557337671,0.0,-0.0015053560766076,0.0000000000000000,-0.0122074439530809,0.0000000000000000,5.3360286033364641,3.0000869447748331,-52.074407,-2.233824,54.3082310703695,118.3250756691643,0,2.4e-12
0.9994746894193379,0.0,-0.0015015337914716,0.0000000000000000,-0.0122289315888755,0.0000000000000000,5.3328256147799440,3.0000870099992762,-51.901743,-2.228850,54.1305920483244,117.6811733440989,0,4.1e-12
0.9994755261217456,0.0,-0.0014977113031796,0.0000000000000000,-0.0122505062561820,0.0000000000000000,5.3296213438990021,3.0000870751374915,-51.726810,-2.223890,53.9506991205491,117.0346995294774,0,1.1e-11
0.9994763658587665,0.0,-0.0014938886092157,0.0000000000000000,-0.0122721685448990,0.0000000000000000,5.3264157901604650,3.0000871401884672,-51.549645,-2.218943,53.7685873543677,116.3857146421828,0,7.2e-12
0.9994771917652217,0.0,-0.0014901421528110,0.0000000000000000,-0.0122934832523948,0.0000000000000000,5.3232730897928588,3.0000872038530608,-51.373884,-2.214108,53.5879920797393,115.7473161623802,0,6.7e-12
0.9994780206252577,0.0,-0.0014863954660110,0.0000000000000000,-0.0123148834062836,0.0000000000000000,5.3201291311928580,3.0000872674324488,-51.196039,-2.209284,53.4053227811391,115.1065989345232,0,4.8e-12
0.9994788357918539,0.0,-0.0014827234742438,0.0000000000000000,-0.0123359390793748,0.0000000000000000,5.3170468182046537,3.0000873296569046,-51.019754,-2.204568,53.2243213364338,114.4764900115631,0,7.8e-12
0.9994796538306913,0.0,-0.0014790512314431,0.0000000000000000,-0.0123570780466942,0.0000000000000000,5.3139632711381291,3.0000873917981963,-50.841524,-2.199860,53.0413840148828,113.8442475728696,0,5.0e-12
0.9994804747556041,0.0,-0.0014753787382880,0.0000000000000000,-0.0123783008358602,0.0000000000000000,5.3108784894811683,3.0000874538554121,-50.661375,-2.195162,52.8565365925126,113.2099150345584,0,6.4e-12
0.9994812820782832,0.0,-0.0014717794388682,0.0000000000000000,-0.0123991810858039,0.0000000000000000,5.3078541930771417,3.0000875145892794,-50.482996,-2.190565,52.6735606334940,112.5862884312592,0,4.5e-12
0.9994821087635242,0.0,-0.0014681064247687,0.0000000000000000,-0.0124205715719895,0.0000000000000000,5.3047669407161857,3.0000875764778310,-50.299132,-2.185882,52.4850137123038,111.9479581631344,0,5.1e-12
0.9994829217560528,0.0,-0.0014645066187951,0.0000000000000000,-0.0124416171818276,0.0000000000000000,5.3017402220183989,3.0000876370446461,-50.117166,-2.181299,52.2984644947235,111.3205040867092,0,7.1e-12
0.9994837212348568,0.0,-0.0014609785411501,0.0000000000000000,-0.0124623221786255,0.0000000000000000,5.2987728500603763,3.0000876963191208,-49.937156,-2.176813,52.1139683462258,110.7038253547050,0,4.6e-12
0.9994845398428007,0.0,-0.0014573781918218,0.0000000000000000,-0.0124835321569143,0.0000000000000000,5.2957437070880689,3.0000877567197666,-49.751778,-2.172240,51.9240173725696,110.0727899320300,0,1.1e-11
0.9994853448460010,0.0,-0.0014538495883427,0.0000000000000000,-0.0125043991973326,0.0000000000000000,5.2927739583568236,3.0000878158297248,-49.568476,-2.167763,51.7362389978543,109.4526924820846,0,5.0e-12
0.9994861526019170,0.0,-0.0014503207160870,0.0000000000000000,-0.0125253472386863,0.0000000000000000,5.2898030205074482,3.0000878748572566,-49.383581,-2.163289,51.5468701247356,108.8309611014338,0,6.6e-12
0.9994869631201591,0.0,-0.0014467915794842,0.0000000000000000,-0.0125463767542251,0.0000000000000000,5.2868308930470951,3.0000879338015389,-49.197118,-2.158819,51.3559366836466,108.2076423186040,0,8.3e-12
0.9994877601201818,0.0,-0.0014433327600016,0.0000000000000000,-0.0125670652650904,0.0000000000000000,5.2839170418568795,3.0000879914856027,-49.012888,-2.154439,51.1673268377598,107.5952894467673,0,8.7e-12
0.9994885761414173,0.0,-0.0014398030865735,0.0000000000000000,-0.0125882576673045,0.0000000000000000,5.2809425337108769,3.0000880502630860,-48.823394,-2.149973,50.9733665288704,106.9689521309492,0,5.5e-12
0.9994893785512826,0.0,-0.0014363437516881,0.0000000000000000,-0.0126091067195610,0.0000000000000000,5.2780263484826033,3.0000881077820982,-48.636240,-2.145596,50.7818356221103,106.3537217106116,0,6.6e-12
0.9994901836539662,0.0,-0.0014328841563710,0.0000000000000000,-0.0126300359921165,0.0000000000000000,5.2751089955178898,3.0000881652184725,-48.447673,-2.141220,50.5888929677013,105.7371273753110,0,5.4e-12
0.9994909752776078,0.0,-0.0014294934927675,0.0000000000000000,-0.0126506250240336,0.0000000000000000,5.2722488447806271,3.0000882214254130,-48.261529,-2.136932,50.3984601702515,105.1315776813642,0,4.1e-12
0.9994917857405112,0.0,-0.0014260333730210,0.0000000000000000,-0.0126717146265419,0.0000000000000000,5.2693291549080685,3.0000882786963095,-48.070231,-2.132555,50.2027857363805,104.5123947574411,0,6.1e-12
0.9994925826308149,0.0,-0.0014226422087301,0.0000000000000000,-0.0126924616465791,0.0000000000000000,5.2664667130532923,3.0000883347395728,-47.881454,-2.128264,50.0097186023611,103.9043859441413,0,1.0e-11
0.9994933661279096,0.0,-0.0014193186108142,0.0000000000000000,-0.0127128703743045,0.0000000000000000,5.2636603967231848,3.0000883895827308,-47.695221,-2.124058,49.8192788277322,103.3074115755185,0,8.6e-12
0.9994941521528012,0.0,-0.0014159947521783,0.0000000000000000,-0.0127333554629421,0.0000000000000000,5.2608529566082085,3.0000884443469649,-47.507786,-2.119850,49.6276356648269,102.7093547869010,0,7.1e-12
0.9994949407109305,0.0,-0.0014126706401729,0.0000000000000000,-0.0127539173149189,0.0000000000000000,5.2580443922435594,3.0000884990315733,-47.319170,-2.115639,49.4348081490315,102.1102504253861,0,8.7e-12
0.9994957318074821,0.0,-0.0014093462824756,0.0000000000000000,-0.0127745563331015,0.0000000000000000,5.2552347031641542,3.0000885536358535,-47.129394,-2.111424,49.2408178867613,101.5101389466604,0,5.1e-12
0.9994965095527379,0.0,-0.0014060881682639,0.0000000000000000,-0.0127948579074134,0.0000000000000000,5.2524801052150565,3.0000886070696464,-46.942304,-2.107291,49.0495946480395,100.9210791833762,0,9.6e-12
0.9994973056960215,0.0,-0.0014027633214853,0.0000000000000000,-0.0128156510713385,0.0000000000000000,5.2496681653273116,3.0000886615132303,-46.750286,-2.103069,48.8533550414128,100.3190688074594,0,1.2e-11
0.9994980883958337,0.0,-0.0013995047443513,0.0000000000000000,-0.0128361044856089,0.0000000000000000,5.2469113606743001,3.0000887147881845,-46.561042,-2.098927,48.6599693428165,99.7282275605528,0,3.4e-12
0.9994988735571375,0.0,-0.0013962459375855,0.0000000000000000,-0.0128566337117247,0.0000000000000000,5.2441534519934931,3.0000887679837311,-46.370756,-2.094780,48.4655362012089,99.1365451514303,0,6.8e-12
0.9994996611836436,0.0,-0.0013929869099946,0.0000000000000000,-0.0128772391320964,0.0000000000000000,5.2413944388283333,3.0000888210992014,-46.179448,-2.090629,48.2700761922376,98.5440609403556,0,1.3e-11
0.9995004512788302,0.0,-0.0013897276706776,0.0000000000000000,-0.0128979211295588,0.0000000000000000,5.2386343207219914,3.0000888741339278,-45.987141,-2.086471,48.0736112542185,97.9508174213499,0,4.6e-12
0.9995012279734583,0.0,-0.0013865334070194,0.0000000000000000,-0.0129182642329100,0.0000000000000000,5.2359283217142920,3.0000889260291825,-45.797722,-2.082390,47.8801116556127,97.3687203517034,0,9.1e-12
0.9995020229723272,0.0,-0.0013832737504382,0.0000000000000000,-0.0129390991510206,0.0000000000000000,5.2331659923726166,3.0000889789024816,-45.603481,-2.078220,47.6817005600403,96.7740517689756,0,1.2e-11
0.9995028204488522,0.0,-0.0013800139110524,0.0000000000000000,-0.0129600117901936,0.0000000000000000,5.2304025567179124,3.0000890316930384,-45.408296,-2.074042,47.4823379300105,96.1787250376024,0,5.6e-12
0.9995036043852364,0.0,-0.0013768190882540,0.0000000000000000,-0.0129805820341450,0.0000000000000000,5.2276933051689207,3.0000890833470661,-45.216112,-2.069941,47.2860533174088,95.5946913850225,0,2.3e-12
0.9995043749651674,0.0,-0.0013736879734471,0.0000000000000000,-0.0130008142411391,0.0000000000000000,5.2250371753146627,3.0000891338902820,-45.026921,-2.065915,47.0928359551021,95.0217758729939,0,2.5e-12
0.9995051797599753,0.0,-0.0013704275795657,0.0000000000000000,-0.0130219581448536,0.0000000000000000,5.2222704180312416,3.0000891864349022,-44.829053,-2.061714,46.8907669360868,94.4246819417228,0,4.7e-12
0.9995059708742854,0.0,-0.0013672322443869,0.0000000000000000,-0.0130427561305980,0.0000000000000000,5.2195579099403648,3.0000892378459891,-44.634293,-2.057589,46.6918814967530,93.8390153232667,0,1.0e-11
0.9995067643843408,0.0,-0.0013640367594629,0.0000000000000000,-0.0130636307499743,0.0000000000000000,5.2168443154374797,3.0000892891748383,-44.438711,-2.053455,46.4921655593207,93.2528754070179,0,8.3e-12
0.9995075602914809,0.0,-0.0013608411358327,0.0000000000000000,-0.0130845823681472,0.0000000000000000,5.2141296340730463,3.0000893404208124,-44.242325,-2.049311,46.2916359833637,92.6662949344052,0,3.1e-12
0.9995083426103366,0.0,-0.0013577092884768,0.0000000000000000,-0.0131051900929411,0.0000000000000000,5.2114681808003995,3.0000893905610497,-44.049094,-2.045242,46.0943359350193,92.0910322314014,0,1.2e-11
0.9995091432732135,0.0,-0.0013545133982326,0.0000000000000000,-0.0131262954169249,0.0000000000000000,5.2087513243836803,3.0000894416414625,-43.851159,-2.041079,45.8922376860704,91.5036590374605,0,1.1e-11
0.9995099463359010,0.0,-0.0013513174037343,0.0000000000000000,-0.0131474788313197,0.0000000000000000,5.2060333797554561,3.0000894926371005,-43.652471,-2.036905,45.6893764305352,90.9159445029115,0,3.0e-12
0.9995107517988723,0.0,-0.0013481213170611,0.0000000000000000,-0.0131687407027731,0.0000000000000000,5.2033143464650937,3.0000895435473254,-43.453041,-2.032721,45.4857621146994,90.3279065068250,0,5.1e-12
0.9995115596623830,0.0,-0.0013449251505466,0.0000000000000000,-0.0131900813983531,0.0000000000000000,5.2005942240616854,3.0000895943714987,-43.252891,-2.028526,45.2814167935799,89.7395898848458,0,6.0e-12
0.9995123537008502,0.0,-0.0013417928295049,0.0000000000000000,-0.0132110721934215,0.0000000000000000,5.1979274363652559,3.0000896440952847,-43.056061,-2.024403,45.0804634431242,89.1627966190731,0,5.7e-12
0.9995131500510762,0.0,-0.0013386604308865,0.0000000000000000,-0.0132321395598418,0.0000000000000000,5.1952595804754917,3.0000896937356076,-42.858569,-2.020268,44.8788373954139,88.5857924381195,0,2.8e-12
0.9995139327200130,0.0,-0.0013355906045670,0.0000000000000000,-0.0132528602872762,0.0000000000000000,5.1926440344722380,3.0000897423017596,-42.664398,-2.016205,44.6806028539623,88.0201455459127,0,7.1e-12
0.9995147336528803,0.0,-0.0013324580638088,0.0000000000000000,-0.0132740804639446,0.0000000000000000,5.1899740408909674,3.0000897917754394,-42.465640,-2.012046,44.4776855566967,87.4428026440881,0,1.2e-11
0.9995155533094890,0.0,-0.0013292615653212,0.0000000000000000,-0.0132958136234011,0.0000000000000000,5.1872484662633278,3.0000898421706825,-42.262195,-2.007789,44.2699838650011,86.8535612655571,0,7.0e-12
0.9995163589026393,0.0,-0.0013261289822815,0.0000000000000000,-0.0133171907938229,0.0000000000000000,5.1845763331760200,3.0000898914710663,-42.062213,-2.003604,44.0658165265770,86.2760113844479,0,1.2e-11
0.9995171668040884,0.0,-0.0013229963854940,0.0000000000000000,-0.0133386462822766,0.0000000000000000,5.1819031296821532,3.0000899406849633,-41.861650,-1.999406,43.8610554837674,85.6984092457175,0,6.3e-12
0.9995179607889715,0.0,-0.0013199264279738,0.0000000000000000,-0.0133597490675447,0.0000000000000000,5.1792823408587960,3.0000899888302826,-41.664546,-1.995278,43.6598229801526,85.1323256829371,0,8.8e-12
0.9995187732634266,0.0,-0.0013167938187315,0.0000000000000000,-0.0133813608341422,0.0000000000000000,5.1766069952444234,3.0000900378715429,-41.462873,-1.991051,43.4539239055966,84.5546934755769,0,5.1e-12
0.9995195717269073,0.0,-0.0013137238754422,0.0000000000000000,-0.0134026174485863,0.0000000000000000,5.1739841062741778,3.0000900858465127,-41.264712,-1.986895,43.2516066400602,83.9886425902063,0,4.2e-12
0.9995203887679813,0.0,-0.0013105913081113,0.0000000000000000,-0.0134243868751008,0.0000000000000000,5.1713066167645012,3.0000901347127580,-41.061991,-1.982639,43.0446299419419,83.4111031514310,0,2.7e-12
0.9995211917030716,0.0,-0.0013075214331482,0.0000000000000000,-0.0134457986746782,0.0000000000000000,5.1686816259070083,3.0000901825150454,-40.862830,-1.978453,42.8412835814372,82.8451979092736,0,4.2e-12
0.9995219968516156,0.0,-0.0013044516000976,0.0000000000000000,-0.0134672878729140,0.0000000000000000,5.1660555834645807,3.0000902302311943,-40.663197,-1.974252,42.6374495541993,82.2794086344511,0,8.1e-12
0.9995228207077698,0.0,-0.0013013191877374,0.0000000000000000,-0.0134892956675728,0.0000000000000000,5.1633748747918293,3.0000902788315553,-40.459020,-1.969950,42.4289697654464,81.7022276848559,0,4.9e-12
0.9995236303148221,0.0,-0.0012982495068671,0.0000000000000000,-0.0135109420863522,0.0000000000000000,5.1607467278479007,3.0000903263715322,-40.258478,-1.965717,42.2241944693246,81.1367644269798,0,7.9e-12
0.9995244421280761,0.0,-0.0012951799102801,0.0000000000000000,-0.0135326669143593,0.0000000000000000,5.1581175280111626,3.0000903738236402,-40.057507,-1.961468,42.0189750531111,80.5715070385282,0,4.8e-12
0.9995252727769157,0.0,-0.0012920477834685,0.0000000000000000,-0.0135549161898629,0.0000000000000000,5.1554335961706812,3.0000904221527906,-39.852008,-1.957115,41.8091230978511,79.9949540638784,0,2.9e-12
0.9995261057101560,0.0,-0.0012889158004943,0.0000000000000000,-0.0135772476316288,0.0000000000000000,5.1527485890323828,3.0000904703888520,-39.646092,-1.952744,41.5988364389707,79.4186734366376,0,7.1e-12
0.9995269409244658,0.0,-0.0012857839770555,0.0000000000000000,-0.0135996615957237,0.0000000000000000,5.1500625061497773,3.0000905185312154,-39.439778,-1.948356,41.3881329540557,78.8427029571588,0,5.4e-12
0.9995277616474854,0.0,-0.0012827149479068,0.0000000000000000,-0.0136217077757258,0.0000000000000000,5.1474290902967281,3.0000905656194319,-39.237214,-1.944037,41.1812508317574,78.2785762011907,0,4.2e-12
0.9995285845610081,0.0,-0.0012796460778012,0.0000000000000000,-0.0136438340670044,0.0000000000000000,5.1447946193652703,3.0000906126168827,-39.034292,-1.939700,40.9739918916913,77.7147947810873,0,7.5e-12
0.9995294265195330,0.0,-0.0012765147702954,0.0000000000000000,-0.0136664947545546,0.0000000000000000,5.1421053066226889,3.0000906604791129,-38.826878,-1.935255,40.7621327630638,77.1399023000980,0,4.0e-12
0.9995302707442235,0.0,-0.0012733836863596,0.0000000000000000,-0.0136892393829241,0.0000000000000000,5.1394149163476648,3.0000907082452413,-38.619121,-1.930791,40.5499115710756,76.5654338654947,0,5.7e-12
0.9995311172308534,0.0,-0.0012702528426134,0.0000000000000000,-0.0137120683112461,0.0000000000000000,5.1367234480922965,3.0000907559146608,-38.411038,-1.926306,40.3373442313243,75.9914230425618,0,7.1e-12
0.9995319659750092,0.0,-0.0012671222558783,0.0000000000000000,-0.0137349818991149,0.0000000000000000,5.1340309014083934,3.0000908034867653,-38.202644,-1.921802,40.1244455485745,75.4179012394354,0,6.3e-12
0.9995328169721088,0.0,-0.0012639919431437,0.0000000000000000,-0.0137579805068677,0.0000000000000000,5.1313372758474793,3.0000908509609476,-37.993954,-1.917276,39.9112297764217,74.8448984421725,0,3.7e-12
0.9995336702173840,0.0,-0.0012608619215871,0.0000000000000000,-0.0137810644953983,0.0000000000000000,5.1286425709607855,3.0000908983366021,-37.784980,-1.912730,39.6977092969211,74.2724406631889,0,6.2e-12
0.9995345085775356,0.0,-0.0012577947874218,0.0000000000000000,-0.0138037700799998,0.0000000000000000,5.1260007020355829,3.0000909446687514,-37.579924,-1.908253,39.4881766708410,73.7119879016108,0,1.3e-11
0.9995353662663606,0.0,-0.0012546653686731,0.0000000000000000,-0.0138270243769443,0.0000000000000000,5.1233038371796011,3.0000909918479075,-37.370435,-1.903663,39.2740976738764,73.1407035931825,0,8.0e-12
0.9995362437572277,0.0,-0.0012514724513362,0.0000000000000000,-0.0138508422832743,0.0000000000000000,5.1205508314904238,3.0000910398862755,-37.156424,-1.898956,39.0553800935339,72.5584172463804,0,8.0e-12
0.9995371059449167,0.0,-0.0012483437703017,0.0000000000000000,-0.0138742714512575,0.0000000000000000,5.1178518048065218,3.0000910868617039,-36.946468,-1.894321,38.8407882909291,71.9884536179375,0,7.7e-12
0.9995379703543683,0.0,-0.0012452154688651,0.0000000000000000,-0.0138977878153000,0.0000000000000000,5.1151516965486472,3.0000911337355736,-36.736304,-1.889662,38.6259656473876,71.4191925854369,0,2.2e-12
0.9995388369797835,0.0,-0.0012420875652118,0.0000000000000000,-0.0139213917405324,0.0000000000000000,5.1124505062662839,3.0000911805072792,-36.525940,-1.884980,38.4109196121434,70.8506491632991,0,7.3e-12
0.9995397235658831,0.0,-0.0012388962688744,0.0000000000000000,-0.0139455679194555,0.0000000000000000,5.1096930850359010,3.0000912281273737,-36.311102,-1.880177,38.1912784282959,70.2712952685757,0,1.8e-12
0.9995405946429484,0.0,-0.0012357692505589,0.0000000000000000,-0.0139693496764721,0.0000000000000000,5.1069897293193280,3.0000912746904396,-36.100391,-1.875446,37.9758365743385,69.7043232285779,0,4.5e-12
0.9995414857585492,0.0,-0.0012325788962959,0.0000000000000000,-0.0139937080788088,0.0000000000000000,5.1042300975397650,3.0000913220963792,-35.885220,-1.870592,37.7558127534122,69.1266173168738,0,5.5e-12
0.9995423791479696,0.0,-0.0012293890604035,0.0000000000000000,-0.0140181589951291,0.0000000000000000,5.1014693597768384,3.0000913693930120,-35.669910,-1.865713,37.5356227973185,68.5498033166944,0,5.1e-12
0.9995432568723258,0.0,-0.0012262635310714,0.0000000000000000,-0.0140422111221961,0.0000000000000000,5.0987627525030863,3.0000914156372320,-35.458783,-1.860905,37.3196876799387,67.9854166539249,0,2.4e-12
0.9995441730937692,0.0,-0.0012230096977186,0.0000000000000000,-0.0140673502011191,0.0000000000000000,5.0959434146109714,3.0000914636753677,-35.238831,-1.855871,37.0947013931444,67.3987153233388,0,1.1e-11
0.9995450916525680,0.0,-0.0012197564940387,0.0000000000000000,-0.0140925866241107,0.0000000000000000,5.0931229467123762,3.0000915115973013,-35.018783,-1.850808,36.8695915049193,66.8130505188341,0,2.7e-12
0.9995460125405699,0.0,-0.0012165039418862,0.0000000000000000,-0.0141179208060865,0.0000000000000000,5.0903013483340906,3.0000915594023572,-34.798649,-1.845717,36.6443650921404,66.2284362309555,0,4.6e-12
0.9995469357494351,0.0,-0.0012132520632657,0.0000000000000000,-0.0141433531630715,0.0000000000000000,5.0874786190025745,3.0000916070898609,-34.578445,-1.840595,36.4190400446103,65.6449118974247,0,6.2e-12
0.9995478994740735,0.0,-0.0012098668680083,0.0000000000000000,-0.0141699387284944,0.0000000000000000,5.0845383223808653,3.0000916566175975,-34.349107,-1.835231,36.1843374593468,65.0385252165431,0,7.1e-12
0.9995488656798468,0.0,-0.0012064825080259,0.0000000000000000,-0.0141966312129323,0.0000000000000000,5.0815968471027224,3.0000917060155832,-34.119733,-1.829833,35.9495660038029,64.4334046037204,0,3.0e-12
0.9995498149627187,0.0,-0.0012031666567796,0.0000000000000000,-0.0142228941367105,0.0000000000000000,5.0787130458224370,3.0000917542991892,-33.894923,-1.824511,35.7194329739106,63.8416346637080,0,1.3e-11
0.9995508058985839,0.0,-0.0011997149880189,0.0000000000000000,-0.0142503500310288,0.0000000000000000,5.0757091334736790,3.0000918044397005,-33.660843,-1.818934,35.4797766220841,63.2268349567906,0,1.0e-11
0.9995517993774288,0.0,-0.0011962642967626,0.0000000000000000,-0.0142779184945726,0.0000000000000000,5.0727040168497179,3.0000918544423483,-33.426781,-1.813321,35.2401013187205,62.6134687981054,0,5.9e-12
0.9995527953877464,0.0,-0.0011928146104106,0.0000000000000000,-0.0143056000260207,0.0000000000000000,5.0696976954422679,3.0000919043063337,-33.192754,-1.807671,35.0004247156714,62.0015745739023,0,2.7e-12
0.9995538143179832,0.0,-0.0011892956011089,0.0000000000000000,-0.0143339634427413,0.0000000000000000,5.0666287905752174,3.0000919550439864,-32.954001,-1.801868,34.7558685685331,61.3787381632771,0,8.7e-12
0.9995548153987416,0.0,-0.0011858480574884,0.0000000000000000,-0.0143618747163493,0.0000000000000000,5.0636200580269914,3.0000920046249924,-32.720099,-1.796142,34.5162404454412,60.7699293387014,0,7.9e-12
0.9995558817500521,0.0,-0.0011821863418696,0.0000000000000000,-0.0143916551389323,0.0000000000000000,5.0604220505224431,3.0000920571487151,-32.471683,-1.790016,34.2616987992100,60.1248265736725,0,3.4e-12
0.9995569508766752,0.0,-0.0011785259802548,0.0000000000000000,-0.0144215647619125,0.0000000000000000,5.0572227606309923,3.0000921095109478,-32.223393,-1.783846,34.0072386929750,59.4815683781812,0,3.3e-12
0.9995580446627416,0.0,-0.0011747923632696,0.0000000000000000,-0.0144522184634661,0.0000000000000000,5.0539568699092650,3.0000921627741390,-31.970189,-1.777504,33.7476930291881,58.8271355197451,0,2.6e-12
0.9995591865659625,0.0,-0.0011709064373107,0.0000000000000000,-0.0144842798814701,0.0000000000000000,5.0505549533852552,3.0000922180518081,-31.706735,-1.770850,33.4775853704583,58.1478692529959,0,6.4e-12
0.9995603549125004,0.0,-0.0011669430202668,0.0000000000000000,-0.0145171471454023,0.0000000000000000,5.0470822176051442,3.0000922742646670,-31.438139,-1.764006,33.2021448618345,57.4570749625177,0,1.9e-12
0.9995615264045330,0.0,-0.0011629814942934,0.0000000000000000,-0.0145501680884553,0.0000000000000000,5.0436080888692336,3.0000923302812579,-31.169799,-1.757107,32.9269065191882,56.7686835265500,0,2.0e-12
0.9995626775027225,0.0,-0.0011591010601339,0.0000000000000000,-0.0145826785721519,0.0000000000000000,5.0402020771218421,3.0000923849861882,-30.907102,-1.750292,32.6573939963851,56.0964454050608,0,3.0e-12
0.9995638084842200,0.0,-0.0011553000318960,0.0000000000000000,-0.0146146838200492,0.0000000000000000,5.0368628468237970,3.0000924384126271,-30.649944,-1.743559,32.3935033562054,55.4399843343733,0,1.1e-12
0.9995649196265960,0.0,-0.0011515767584254,0.0000000000000000,-0.0146461891094512,0.0000000000000000,5.0335890886213788,3.0000924905928539,-30.398224,-1.736909,32.1351328954093,54.7989354366163,0,2.3e-13
0.9995660112075644,0.0,-0.0011479296226602,0.0000000000000000,-0.0146771997660068,0.0000000000000000,5.0303795188328522,3.0000925415582831,-30.151841,-1.730340,31.8821807278516,54.1729390540303,0,8.6e-13
0.9995670835047189,0.0,-0.0011443570410023,0.0000000000000000,-0.0147077211583610,0.0000000000000000,5.0272328789450693,3.0000925913394880,-29.910691,-1.723853,31.6345442443493,53.5616394056036,0,1.9e-12
0.9995681367952886,0.0,-0.0011408574626889,0.0000000000000000,-0.0147377586930687,0.0000000000000000,5.0241479351199461,3.0000926399662227,-29.674674,-1.717447,31.3921209672760,52.9646861182113,0,1.5e-12
0.9995691713559055,0.0,-0.0011374293691699,0.0000000000000000,-0.0147673178097249,0.0000000000000000,5.0211234777106268,3.0000926874674421,-29.443692,-1.711122,31.1548134626210,52.3817459918640,0,2.5e-12
0.9995701874624000,0.0,-0.0011340712734910,0.0000000000000000,-0.0147964039762395,0.0000000000000000,5.0181583207871361,3.0000927338713286,-29.217638,-1.704877,30.9225146088286,51.8124673303432,0,1.2e-11
0.9995711853895891,0.0,-0.0011307817196822,0.0000000000000000,-0.0148250226843504,0.0000000000000000,5.0152513016713387,3.0000927792053056,-28.996430,-1.698711,30.6951413833095,51.2565604424491,0,7.6e-12
0.9995721654110881,0.0,-0.0011275592821796,0.0000000000000000,-0.0148531794450033,0.0000000000000000,5.0124012804810096,3.0000928234960655,-28.779953,-1.692625,30.4725780112662,50.7136618717570,0,1.9e-12
0.9995731277991499,0.0,-0.0011244025652012,0.0000000000000000,-0.0148808797845108,0.0000000000000000,5.0096071396828705,3.0000928667695845,-28.568121,-1.686617,30.2547383832233,50.1834829529353,0,4.7e-12
0.9995740728244781,0.0,-0.0011213102021996,0.0000000000000000,-0.0149081292400928,0.0000000000000000,5.0068677836543651,3.0000929090511428,-28.360833,-1.680688,30.0415205224620,49.6657012175036,0,5.1e-12
0.9995750007560930,0.0,-0.0011182808552542,0.0000000000000000,-0.0149349333563510,0.0000000000000000,5.0041821382540554,3.0000929503653473,-28.158008,-1.674835,29.8328439294199,49.1600491574458,0,1.8e-11
0.9995759118611938,0.0,-0.0011153132145197,0.0000000000000000,-0.0149612976813979,0.0000000000000000,5.0015491504004297,3.0000929907361460,-27.959531,-1.669062,29.6285921350147,48.6661766329524,0,3.9e-12
0.9995768064050047,0.0,-0.0011124059976705,0.0000000000000000,-0.0149872277632133,0.0000000000000000,4.9989677876589687,3.0000930301868465,-27.765330,-1.663364,29.4286937119147,48.1838449911021,0,4.7e-12
0.9995776846506926,0.0,-0.0011095579493247,0.0000000000000000,-0.0150127291465559,0.0000000000000000,4.9964370378373300,3.0000930687401373,-27.575314,-1.657742,29.2330561619297,47.7127681519590,0,8.3e-12
0.9995785468592197,0.0,-0.0011067678405366,0.0000000000000000,-0.0150378073692828,0.0000000000000000,4.9939559085884442,3.0000931064181016,-27.389386,-1.652196,29.0415822050546,47.2526517411978,0,6.5e-12
0.9995793932892676,0.0,-0.0011040344682301,0.0000000000000000,-0.0150624679596186,0.0000000000000000,4.9915234270214199,3.0000931432422338,-27.207462,-1.646726,28.8541881421549,46.8032368542869,0,2.7e-12
0.9995802241971309,0.0,-0.0011013566546946,0.0000000000000000,-0.0150867164329593,0.0000000000000000,4.9891386393200641,3.0000931792334575,-27.029464,-1.641329,28.6707944920024,46.3642776048049,0,1.6e-11
0.9995810398366476,0.0,-0.0010987332470461,0.0000000000000000,-0.0151105582892599,0.0000000000000000,4.9868006103688929,3.0000932144121428,-26.855294,-1.636008,28.4913025250870,45.9354843221696,0,3.0e-12
0.9995818404591095,0.0,-0.0010961631167292,0.0000000000000000,-0.0151339990102487,0.0000000000000000,4.9845084233864707,3.0000932487981178,-26.684884,-1.630760,28.3156438012937,45.5166428689463,0,7.9e-12
0.9995826263131962,0.0,-0.0010936451590254,0.0000000000000000,-0.0151570440567884,0.0000000000000000,4.9822611795659411,3.0000932824106852,-26.518146,-1.625584,28.1437304402035,45.1074947242353,0,1.1e-11
0.9995833976449202,0.0,-0.0010911782925385,0.0000000000000000,-0.0151796988666715,0.0000000000000000,4.9800579977226116,3.0000933152686398,-26.354994,-1.620482,27.9754754261511,44.7077857690264,0,8.8e-12
0.9995841546975626,0.0,-0.0010887614587255,0.0000000000000000,-0.0152019688522115,0.0000000000000000,4.9778980139484430,3.0000933473902776,-26.195369,-1.615450,27.8108195523220,44.3173310716970,0,8.3e-12
0.9995849128834603,0.0,-0.0010863453147986,0.0000000000000000,-0.0152243067353001,0.0000000000000000,4.9757371642317541,3.0000933794333808,-26.035992,-1.610389,27.6463810787089,43.9280881673856,0,3.3e-12
0.9995856570025216,0.0,-0.0010839781645608,0.0000000000000000,-0.0152462640390115,0.0000000000000000,4.9736186825815736,3.0000934107592565,-25.880055,-1.605400,27.4854551646630,43.5478359791616,0,4.3e-12
0.9995864022049168,0.0,-0.0010816116795082,0.0000000000000000,-0.0152682871564796,0.0000000000000000,4.9714993516363659,3.0000934420093719,-25.724370,-1.600380,27.3247507851510,43.1687763787064,0,2.0e-12
0.9995871335519523,0.0,-0.0010792931705952,0.0000000000000000,-0.0152899339572995,0.0000000000000000,4.9694215747026664,3.0000934725608257,-25.572050,-1.595432,27.1674823879846,42.7984708156516,0,3.5e-12
0.9995878659348407,0.0,-0.0010769753023520,0.0000000000000000,-0.0153116445489485,0.0000000000000000,4.9673429648018246,3.0000935030392095,-25.419985,-1.590455,27.0104402130864,42.4293414267689,0,7.8e-12
0.9995885846729181,0.0,-0.0010747044137540,0.0000000000000000,-0.0153329831013356,0.0000000000000000,4.9653051104986812,3.0000935328369867,-25.271204,-1.585548,26.8567523070496,42.0687199362307,0,1.7e-12
0.9995892900002477,0.0,-0.0010724795320381,0.0000000000000000,-0.0153539549497336,0.0000000000000000,4.9633072127116291,3.0000935619705631,-25.125642,-1.580712,26.7063542567931,41.7164178408138,0,3.7e-12
0.9995900107008909,0.0,-0.0010702098550394,0.0000000000000000,-0.0153754162820127,0.0000000000000000,4.9612677241952357,3.0000935916288065,-24.977361,-1.575749,26.5531098424993,41.3580605525733,0,1.1e-11
0.9995907179420711,0.0,-0.0010679861790809,0.0000000000000000,-0.0153965088331036,0.0000000000000000,4.9592682242179267,3.0000936206251354,-24.832292,-1.570856,26.4031487115709,41.0079810754297,0,1.1e-11
0.9995914119561973,0.0,-0.0010658075514133,0.0000000000000000,-0.0154172379319735,0.0000000000000000,4.9573079287377810,3.0000936489754979,-24.690365,-1.566035,26.2563999835487,40.6659772984153,0,8.3e-12
0.9995920929726421,0.0,-0.0010636730395133,0.0000000000000000,-0.0154376088703669,0.0000000000000000,4.9553860690848719,3.0000936766954220,-24.551511,-1.561283,26.1127934281083,40.3318505051262,0,2.7e-12
0.9995927612177319,0.0,-0.0010615817306309,0.0000000000000000,-0.0154576269014970,0.0000000000000000,4.9535018916598936,3.0000937038000299,-24.415665,-1.556599,25.9722646995439,40.0054177172516,0,7.9e-12
0.9995934303020019,0.0,-0.0010594909285205,0.0000000000000000,-0.0154776991369127,0.0000000000000000,4.9516169589456132,3.0000937308442328,-24.280046,-1.551890,25.8319361977535,39.6799771652004,0,7.1e-12
0.9995940868176034,0.0,-0.0010574424332957,0.0000000000000000,-0.0154974227515030,0.0000000000000000,4.9497689844362789,3.0000937572888473,-24.147363,-1.547250,25.6946129414877,39.3620180431014,0,6.0e-12
0.9995947309852793,0.0,-0.0010554353702996,0.0000000000000000,-0.0155168029301397,0.0000000000000000,4.9479572435032591,3.0000937831482029,-24.017555,-1.542678,25.5602330853333,39.0513668500365,0,1.8e-11
0.9995953630226959,0.0,-0.0010534688834214,0.0000000000000000,-0.0155358448150617,0.0000000000000000,4.9461810257250667,3.0000938084362549,-23.890544,-1.538174,25.4287182512161,38.7478103038666,0,3.2e-12
0.9995959831444208,0.0,-0.0010515421347219,0.0000000000000000,-0.0155545535044813,0.0000000000000000,4.9444396346088109,3.0000938331665954,-23.766284,-1.533736,25.3000199769572,38.4512100241726,0,5.4e-12
0.9995965915619345,0.0,-0.0010496543040290,0.0000000000000000,-0.0155729340515993,0.0000000000000000,4.9427323873171201,3.0000938573524629,-23.644702,-1.529365,25.1740664984843,38.1613715947847,0,3.6e-12
0.9995971884836413,0.0,-0.0010478045885490,0.0000000000000000,-0.0155909914637290,0.0000000000000000,4.9410586144004185,3.0000938810067534,-23.525746,-1.525059,25.0508043830322,37.8781467399909,0,2.0e-12
0.9995977741148636,0.0,-0.0010459922025214,0.0000000000000000,-0.0156087307010275,0.0000000000000000,4.9394176595344401,3.0000939041420298,-23.409351,-1.520818,24.9301686365469,37.6013595409298,0,6.5e-12
0.9995983486578686,0.0,-0.0010442163768095,0.0000000000000000,-0.0156261566761321,0.0000000000000000,4.9378088792629118,3.0000939267705289,-23.295468,-1.516641,24.8121090096147,37.3308717484798,0,5.6e-12
0.9995989123118652,0.0,-0.0010424763585773,0.0000000000000000,-0.0156432742529578,0.0000000000000000,4.9362316427452555,3.0000939489041745,-23.184031,-1.512528,24.6965591596235,37.0665061006991,0,6.6e-12
0.9995994652730299,0.0,-0.0010407714109195,0.0000000000000000,-0.0156600882462457,0.0000000000000000,4.9346853315092583,3.0000939705545826,-23.074989,-1.508478,24.5834669577301,36.8081213446728,0,6.4e-12
0.9996000077345151,0.0,-0.0010391008125231,0.0000000000000000,-0.0156766034208144,0.0000000000000000,4.9331693392085789,3.0000939917330731,-22.968284,-1.504491,24.4727742141161,36.5555621976138,0,5.9e-12
0.9996005398864773,0.0,-0.0010374638573225,0.0000000000000000,-0.0156928244911001,0.0000000000000000,4.9316830713850157,3.0000940124506741,-22.863876,-1.500564,24.3644403241392,36.3087174619964,0,5.3e-12
0.9996010619160893,0.0,-0.0010358598541738,0.0000000000000000,-0.0157087561205695,0.0000000000000000,4.9302259452354313,3.0000940327181351,-22.761699,-1.496699,24.2583977365562,36.0674102866440,0,4.7e-12
0.9996015740075661,0.0,-0.0010342881265350,0.0000000000000000,-0.0157244029212701,0.0000000000000000,4.9287973893832477,3.0000940525459288,-22.661717,-1.492894,24.1546115269867,35.8315448385981,0,9.0e-12
0.9996020763421821,0.0,-0.0010327480121492,0.0000000000000000,-0.0157397694534045,0.0000000000000000,4.9273968436544227,3.0000940719442650,-22.563870,-1.489148,24.0530187720678,35.6009572484583,0,8.8e-12
0.9996025690983090,0.0,-0.0010312388627239,0.0000000000000000,-0.0157548602251320,0.0000000000000000,4.9260237588578208,3.0000940909230929,-22.468111,-1.485462,23.9535731406437,35.3755248008361,0,8.0e-13
0.9996030524514227,0.0,-0.0010297600436422,0.0000000000000000,-0.0157696796921169,0.0000000000000000,4.9246775965698824,3.0000941094921103,-22.374398,-1.481834,23.8562315763485,35.1551337922351,0,3.4e-12
0.9996035265741474,0.0,-0.0010283109336573,0.0000000000000000,-0.0157842322573871,0.0000000000000000,4.9233578289235238,3.0000941276607711,-22.282686,-1.478263,23.7609489709219,34.9396659912087,0,5.1e-13
0.9996039916362702,0.0,-0.0010268909246058,0.0000000000000000,-0.0157985222711051,0.0000000000000000,4.9220639384011697,3.0000941454382923,-22.192931,-1.474748,23.6676794867233,34.7290018561271,0,9.6e-12
0.9996044478047766,0.0,-0.0010254994211286,0.0000000000000000,-0.0158125540303747,0.0000000000000000,4.9207954176318447,3.0000941628336570,-22.105081,-1.471291,23.5763720872951,34.5230095685664,0,5.9e-12
0.9996048952438867,0.0,-0.0010241358403708,0.0000000000000000,-0.0158263317793788,0.0000000000000000,4.9195517691922497,3.0000941798556258,-22.019101,-1.467888,23.4869893216012,34.3215911677384,0,5.2e-12
0.9996053341150634,0.0,-0.0010227996117474,0.0000000000000000,-0.0158398597088831,0.0000000000000000,4.9183325054117208,3.0000941965127397,-21.934946,-1.464541,23.3994875435703,34.1246341421296,0,3.5e-12
0.9996057645770655,0.0,-0.0010214901766472,0.0000000000000000,-0.0158531419565937,0.0000000000000000,4.9171371481810331,3.0000942128133277,-21.852574,-1.461248,23.3138221373540,33.9320239064569,0,8.3e-12
0.9996061867859666,0.0,-0.0010202069881847,0.0000000000000000,-0.0158661826069926,0.0000000000000000,4.9159652287649411,3.0000942287655086,-21.771959,-1.458007,23.2299670952868,33.7436925039891,0,9.2e-12
0.9996066008951943,0.0,-0.0010189495109427,0.0000000000000000,-0.0158789856914351,0.0000000000000000,4.9148162876183950,3.0000942443772054,-21.693041,-1.454821,23.1478619037592,33.5594863666421,0,2.1e-12
0.9996070070555563,0.0,-0.0010177172207256,0.0000000000000000,-0.0158915551882183,0.0000000000000000,4.9136898742063622,3.0000942596561400,-21.615800,-1.451685,23.0674862865576,33.3793527218776,0,7.9e-12
0.9996074054152770,0.0,-0.0010165096043143,0.0000000000000000,-0.0159038950227072,0.0000000000000000,4.9125855468271817,3.0000942746098467,-21.540186,-1.448602,22.9887881537547,33.2031596295419,0,5.4e-13
0.9996077961200240,0.0,-0.0010153261592357,0.0000000000000000,-0.0159160090673707,0.0000000000000000,4.9115028724393781,3.0000942892456752,-21.466172,-1.445569,22.9117415956241,33.0308409779013,0,2.8e-12
0.9996081793129453,0.0,-0.0010141663935248,0.0000000000000000,-0.0159279011420410,0.0000000000000000,4.9104414264918743,3.0000943035707914,-21.393718,-1.442587,22.8363042046091,32.8622897667428,0,3.0e-13
0.9996085551347098,0.0,-0.0010130298254872,0.0000000000000000,-0.0159395750142148,0.0000000000000000,4.9094007927575376,3.0000943175921879,-21.322791,-1.439653,22.7624443263832,32.6974257990477,0,2.3e-13
0.9996089237235344,0.0,-0.0010119159834818,0.0000000000000000,-0.0159510343992014,0.0000000000000000,4.9083805631699802,3.0000943313166872,-21.253357,-1.436769,22.6901259872153,32.5361585897768,0,1.1e-12
0.9996091044125722,0.0,-0.0010113702650802,0.0000000000000000,-0.0159566556941916,0.0000000000000000,4.9078805631699804,3.0000943380349181,-21.219358,-1.435353,22.6547098792197,32.4572364880858,0,2.3e-11
0.9996092851336797,0.0,-0.0010108246518134,0.0000000000000000,-0.0159622804221919,0.0000000000000000,4.9073805631699798,3.0000943447479171,-21.185399,-1.433933,22.6193322393185,32.3784413364457,0,1.7e-12
0.9996094658867460,0.0,-0.0010102791438606,0.0000000000000000,-0.0159679085845661,0.0000000000000000,4.9068805631699801,3.0000943514556813,-21.151458,-1.432512,22.5839699019419,32.2997155030298,0,3.1e-13
0.9996096466716844,0.0,-0.0010097337413139,0.0000000000000000,-0.0159735401836134,0.0000000000000000,4.9063805631699804,3.0000943581582078,-21.117542,-1.431089,22.5486304821499,32.2210779961461,0,3.3e-12
0.9996098274884057,0.0,-0.0010091884442886,0.0000000000000000,-0.0159791752213867,0.0000000000000000,4.9058805631699798,3.0000943648554950,-21.083648,-1.429663,22.5133120244096,32.1425237953999,0,2.1e-12
0.9996100083368173,0.0,-0.0010086432528929,0.0000000000000000,-0.0159848137000081,0.0000000000000000,4.9053805631699801,3.0000943715475397,-21.049779,-1.428236,22.4780148893904,32.0640538806296,0,2.6e-12
0.9996101892168334,0.0,-0.0010080981672349,0.0000000000000000,-0.0159904556216051,0.0000000000000000,4.9048805631699803,3.0000943782343401,-21.015937,-1.426807,22.4427434508928,31.9856789753442,0,9.4e-13
0.9996103701283569,0.0,-0.0010075531874388,0.0000000000000000,-0.0159961009881388,0.0000000000000000,4.9043805631699797,3.0000943849158945,-20.982117,-1.425375,22.4074920764130,31.9073851671015,0,2.5e-12
0.9996105510713019,0.0,-0.0010070083136131,0.0000000000000000,-0.0160017498017606,0.0000000000000000,4.9038805631699800,3.0000943915921989,-20.948332,-1.423940,22.3722734881944,31.8292040022602,0,2.1e-11
0.9996107320455374,0.0,-0.0010064635460538,0.0000000000000000,-0.0160074020626036,0.0000000000000000,4.9033805631699803,3.0000943982632537,-20.914479,-1.422516,22.3369820968427,31.7508713767355,0,2.1e-10
0.9996109130510982,0.0,-0.0010059188842528,0.0000000000000000,-0.0160130577792145,0.0000000000000000,4.9028805631699797,3.0000944049290537,-20.880811,-1.421068,22.3018783944943,31.6730393870920,0,2.3e-12
0.9996110940877652,0.0,-0.0010053743289658,0.0000000000000000,-0.0160187169470236,0.0000000000000000,4.9023805631699799,3.0000944115895978,-20.847094,-1.419627,22.2667217467896,31.5951053690808,0,3.8e-12
0.9996112751554779,0.0,-0.0010048298801126,0.0000000000000000,-0.0160243795700709,0.0000000000000000,4.9018805631699802,3.0000944182448843,-20.813384,-1.418187,22.2315688499355,31.5172115386511,0,4.1e-11
0.9996114562541847,0.0,-0.0010042855377261,0.0000000000000000,-0.0160300456513877,0.0000000000000000,4.9013805631699805,3.0000944248949093,-20.779731,-1.416741,22.1964709971883,31.4394856089041,0,2.8e-13
0.9996116373837527,0.0,-0.0010037413020134,0.0000000000000000,-0.0160357151919644,0.0000000000000000,4.9008805631699799,3.0000944315396727,-20.746074,-1.415296,22.1613674368630,31.3617761268686,0,3.6e-11
0.9996118185441466,0.0,-0.0010031971729055,0.0000000000000000,-0.0160413881959032,0.0000000000000000,4.9003805631699802,3.0000944381791692,-20.712526,-1.413837,22.1263723666083,31.2843684733842,0,1.6e-10
0.9996119997351695,0.0,-0.0010026531508453,0.0000000000000000,-0.0160470646616168,0.0000000000000000,4.8998805631699804,3.0000944448134010,-20.678877,-1.412394,22.0912713058648,31.2067265819087,0,4.7e-12
0.9996121809568326,0.0,-0.0010021092356490,0.0000000000000000,-0.0160527445945274,0.0000000000000000,4.8993805631699798,3.0000944514423611,-20.645311,-1.410941,22.0562516691086,31.1293186132763,0,8.6e-12
0.9996123622090082,0.0,-0.0010015654275323,0.0000000000000000,-0.0160584279955720,0.0000000000000000,4.8988805631699801,3.0000944580660498,-20.611765,-1.409486,22.0212506052902,31.0519874400802,0,4.1e-13
0.9996123984630987,0.0,-0.0010014566787631,0.0000000000000000,-0.0160595650921965,0.0000000000000000,4.8987805631699795,3.0000944593901542,-20.605052,-1.409195,22.0142466057676,31.0365154380267,0,1.9e-11
0.9996124347184009,0.0,-0.0010013479342901,0.0000000000000000,-0.0160607023275638,0.0000000000000000,4.8986805631699797,3.0000944607140481,-20.598352,-1.408903,22.0072543897883,31.0210741029672,0,8.9e-12
0.9996124709749337,0.0,-0.0010012391940684,0.0000000000000000,-0.0160618397021579,0.0000000000000000,4.8985805631699799,3.0000944620377323,-20.591627,-1.408615,22.0002373707463,31.0055718312661,0,6.7e-11
0.9996125072326612,0.0,-0.0010011304581939,0.0000000000000000,-0.0160629772150674,0.0000000000000000,4.8984805631699802,3.0000944633612034,-20.584951,-1.408320,21.9932705880021,30.9901966134719,0,4.8e-12
0.9996125434916113,0.0,-0.0010010217265834,0.0000000000000000,-0.0160641148671062,0.0000000000000000,4.8983805631699795,3.0000944646844636,-20.578244,-1.408029,21.9862725535098,30.9747443477655,0,8.2e-12
0.9996125797517749,0.0,-0.0010009129992662,0.0000000000000000,-0.0160652526580345,0.0000000000000000,4.8982805631699797,3.0000944660075142,-20.571546,-1.407737,21.9792824866065,30.9593131890877,0,2.7e-12
0.9996126160131522,0.0,-0.0010008042762387,0.0000000000000000,-0.0160663905878993,0.0000000000000000,4.8981805631699800,3.0000944673303525,-20.564848,-1.407445,21.9722924818611,30.9438834521034,0,6.4e-13
0.9996126522757393,0.0,-0.0010006955575081,0.0000000000000000,-0.0160675286566665,0.0000000000000000,4.8980805631699802,3.0000944686529802,-20.558151,-1.407152,21.9653037434647,30.9284580507830,0,4.8e-12
0.9996126885395304,0.0,-0.0010005868430993,0.0000000000000000,-0.0160686668640818,0.0000000000000000,4.8979805631699795,3.0000944699753962,-20.551432,-1.406863,21.9582921803067,30.9129768344527,0,5.4e-11
0.9996127248045517,0.0,-0.0010004781329206,0.0000000000000000,-0.0160698052111692,0.0000000000000000,4.8978805631699798,3.0000944712976017,-20.544749,-1.406569,21.9513175310107,30.8975890996531,0,1.7e-11
0.9996127610707386,0.0,-0.0010003694272031,0.0000000000000000,-0.0160709436954050,0.0000000000000000,4.8977805631699800,3.0000944726195984,-20.537944,-1.406292,21.9442169956137,30.8818873242168,0,3.2e-10
0.9996127973381969,0.0,-0.0010002607255279,0.0000000000000000,-0.0160720823214978,0.0000000000000000,4.8976805631699802,3.0000944739413784,-20.531367,-1.405984,21.9373508377126,30.8667738892167,0,2.4e-12
0.9996128336068336,0.0,-0.0010001520282779,0.0000000000000000,-0.0160732210851785,0.0000000000000000,4.8975805631699796,3.0000944752629506,-20.524667,-1.405692,21.9303582927363,30.8513450115341,0,1.6e-11
0.9996128698766770,0.0,-0.0010000433353252,0.0000000000000000,-0.0160743599879084,0.0000000000000000,4.8974805631699798,3.0000944765843109,-20.517980,-1.405399,21.9233792844288,30.8359513159560,0,6.5e-13
0.9996129061477282,0.0,-0.0009999346466760,0.0000000000000000,-0.0160754990296511,0.0000000000000000,4.8973805631699801,3.0000944779054604,-20.511286,-1.405107,21.9163922534995,30.8205387054490,0,9.1e-12
0.9996129424199874,0.0,-0.0009998259623104,0.0000000000000000,-0.0160766382106406,0.0000000000000000,4.8972805631699803,3.0000944792263984,-20.504602,-1.404814,21.9094155966305,30.8051532663975,0,7.3e-12
0.9996129786934488,0.0,-0.0009997172822592,0.0000000000000000,-0.0160777775305716,0.0000000000000000,4.8971805631699796,3.0000944805471246,-20.497907,-1.404522,21.9024281514545,30.7897421293899,0,7.0e-12
0.9996130149681188,0.0,-0.0009996086065029,0.0000000000000000,-0.0160789169896939,0.0000000000000000,4.8970805631699799,3.0000944818676407,-20.491220,-1.404229,21.8954487114855,30.7743521267878,0,2.9e-12
0.9996130512439908,0.0,-0.0009994999350553,0.0000000000000000,-0.0160800565878720,0.0000000000000000,4.8969805631699801,3.0000944831879450,-20.484538,-1.403935,21.8884740525576,30.7589752737505,0,1.1e-11
0.9996130875210636,0.0,-0.0009993912679147,0.0000000000000000,-0.0160811963251492,0.0000000000000000,4.8968805631699794,3.0000944845080375,-20.477847,-1.403643,21.8814899305806,30.7435760232932,0,1.7e-12
0.9996131237993424,0.0,-0.0009992826050718,0.0000000000000000,-0.0160823362016639,0.0000000000000000,4.8967805631699797,3.0000944858279186,-20.471161,-1.403350,21.8745104604464,30.7281895678754,0,5.0e-12
0.9996131600788211,0.0,-0.0009991739465360,0.0000000000000000,-0.0160834762173312,0.0000000000000000,4.8966805631699799,3.0000944871475888,-20.464484,-1.403055,21.8675405096708,30.7128282418602,0,1.4e-11
0.9996131963595024,0.0,-0.0009990652923074,0.0000000000000000,-0.0160846163721850,0.0000000000000000,4.8965805631699801,3.0000944884670480,-20.457796,-1.402763,21.8605586106152,30.6974381225883,0,2.6e-13
0.9996132326413828,0.0,-0.0009989566423883,0.0000000000000000,-0.0160857566662161,0.0000000000000000,4.8964805631699795,3.0000944897862953,-20.451114,-1.402470,21.8535835530441,30.6820662998419,0,7.4e-13
0.9996132689244625,0.0,-0.0009988479967749,0.0000000000000000,-0.0160868970995041,0.0000000000000000,4.8963805631699797,3.0000944911053313,-20.444436,-1.402176,21.8466121524945,30.6667049563245,0,8.9e-12
0.9996133052087375,0.0,-0.0009987393554782,0.0000000000000000,-0.0160880376719387,0.0000000000000000,4.8962805631699799,3.0000944924241559,-20.437753,-1.401883,21.8396361835186,30.6513333876550,0,2.6e-12
0.9996133414942174,0.0,-0.0009986307184815,0.0000000000000000,-0.0160891783837524,0.0000000000000000,4.8961805631699802,3.0000944937427687,-20.431073,-1.401589,21.8326615443792,30.6359661695990,0,2.9e-12
0.9996133777808918,0.0,-0.0009985220857989,0.0000000000000000,-0.0160903192348036,0.0000000000000000,4.8960805631699795,3.0000944950611705,-20.424396,-1.401295,21.8256916001928,30.6206121134238,0,1.8e-12
0.9996134140687634,0.0,-0.0009984134574315,0.0000000000000000,-0.0160914602251120,0.0000000000000000,4.8959805631699798,3.0000944963793610,-20.417718,-1.401002,21.8187190779817,30.6052527040904,0,2.9e-12
0.9996134503578324,0.0,-0.0009983048333649,0.0000000000000000,-0.0160926013548488,0.0000000000000000,4.8958805631699800,3.0000944976973392,-20.411043,-1.400708,21.8117504828768,30.5899043353456,0,4.4e-13
0.9996134866480957,0.0,-0.0009981962136153,0.0000000000000000,-0.0160937426238806,0.0000000000000000,4.8957805631699802,3.0000944990151064,-20.404370,-1.400413,21.8047841988955,30.5745630706346,0,7.2e-12
0.9996135229394152,0.0,-0.0009980875988485,0.0000000000000000,-0.0160948840251996,0.0000000000000000,4.8956805631699796,3.0000945003326640,-20.397414,-1.400158,21.7975252823272,30.5584881692478,0,7.6e-10
0.9996135592322044,0.0,-0.0009979789870623,0.0000000000000000,-0.0160960255799512,0.0000000000000000,4.8955805631699798,3.0000945016500058,-20.391023,-1.399825,21.7908490622661,30.5438775618548,0,6.8e-12
0.9996135955260479,0.0,-0.0009978703802728,0.0000000000000000,-0.0160971672669131,0.0000000000000000,4.8954805631699800,3.0000945029671384,-20.384350,-1.399531,21.7838811930428,30.5285357842798,0,2.0e-12
0.9996136318210839,0.0,-0.0009977617777885,0.0000000000000000,-0.0160983090933901,0.0000000000000000,4.8953805631699803,3.0000945042840588,-20.377679,-1.399237,21.7769159073529,30.5132018481707,0,1.7e-12
0.9996136681173103,0.0,-0.0009976531796264,0.0000000000000000,-0.0160994510592231,0.0000000000000000,4.8952805631699796,3.0000945056007682,-20.371009,-1.398942,21.7699515823500,30.4978714067022,0,1.3e-12
0.9996137044147300,0.0,-0.0009975445857803,0.0000000000000000,-0.0161005931645278,0.0000000000000000,4.8951805631699798,3.0000945069172653,-20.364339,-1.398648,21.7629870514227,30.4825416246096,0,2.1e-12
0.9996137407133407,0.0,-0.0009974359962479,0.0000000000000000,-0.0161017354093380,0.0000000000000000,4.8950805631699801,3.0000945082335515,-20.357673,-1.398353,21.7560263938577,30.4672227946827,0,2.3e-12
0.9996137770131310,0.0,-0.0009973274110498,0.0000000000000000,-0.0161028777934272,0.0000000000000000,4.8949805631699794,3.0000945095496263,-20.350997,-1.398060,21.7490558871541,30.4518807438666,0,2.1e-11
0.9996138133141259,0.0,-0.0009972188301594,0.0000000000000000,-0.0161040203172121,0.0000000000000000,4.8948805631699797,3.0000945108654884,-20.344338,-1.397764,21.7421022071120,30.4365815506685,0,3.8e-12
0.9996138496163011,0.0,-0.0009971102535952,0.0000000000000000,-0.0161051629804158,0.0000000000000000,4.8947805631699799,3.0000945121811387,-20.337674,-1.397469,21.7351425941192,30.4212689806043,0,4.1e-12
0.9996138859196634,0.0,-0.0009970016813585,0.0000000000000000,-0.0161063057830906,0.0000000000000000,4.8946805631699801,3.0000945134965775,-20.331012,-1.397174,21.7281857770384,30.4059645914932,0,5.3e-13
0.9996139222242137,0.0,-0.0009968931134380,0.0000000000000000,-0.0161074487253783,0.0000000000000000,4.8945805631699795,3.0000945148118054,-20.324352,-1.396879,21.7212317314011,30.3906683401443,0,9.9e-12
0.9996139585299463,0.0,-0.0009967845498545,0.0000000000000000,-0.0161085918070808,0.0000000000000000,4.8944805631699797,3.0000945161268211,-20.317686,-1.396584,21.7142698982954,30.3753537965459,0,3.5e-12
0.9996139948368671,0.0,-0.0009966759905881,0.0000000000000000,-0.0161097350284458,0.0000000000000000,4.8943805631699799,3.0000945174416245,-20.311023,-1.396289,21.7073114374915,30.3600489128665,0,1.1e-11
0.9996140311449729,0.0,-0.0009965674356483,0.0000000000000000,-0.0161108783893974,0.0000000000000000,4.8942805631699802,3.0000945187562169,-20.304367,-1.395993,21.7003606394777,30.3447642615457,0,4.8e-13
0.9996140674542607,0.0,-0.0009964588850336,0.0000000000000000,-0.0161120218899442,0.0000000000000000,4.8941805631699795,3.0000945200705975,-20.297691,-1.395701,21.6933884766328,30.3294274485676,0,4.8e-11
0.9996141037647339,0.0,-0.0009963503387444,0.0000000000000000,-0.0161131655301875,0.0000000000000000,4.8940805631699797,3.0000945213847650,-20.291051,-1.395403,21.6864540239735,30.3141863478919,0,5.7e-13
0.9996141400763876,0.0,-0.0009962417967889,0.0000000000000000,-0.0161143093099973,0.0000000000000000,4.8939805631699800,3.0000945226987215,-20.284397,-1.395107,21.6795045646948,30.2989087830195,0,7.0e-12
0.9996141763892212,0.0,-0.0009961332591712,0.0000000000000000,-0.0161154532293728,0.0000000000000000,4.8938805631699802,3.0000945240124661,-20.277736,-1.394812,21.6725468387709,30.2836116149197,0,1.0e-11
0.9996142127032424,0.0,-0.0009960247258502,0.0000000000000000,-0.0161165972887829,0.0000000000000000,4.8937805631699796,3.0000945253259985,-20.271098,-1.394514,21.6656135684734,30.2683771950010,0,3.4e-11
0.9996142490184334,0.0,-0.0009959161969138,0.0000000000000000,-0.0161177414873222,0.0000000000000000,4.8936805631699798,3.0000945266393195,-20.264432,-1.394220,21.6586520033104,30.2530727926535,0,1.2e-12
0.9996142853348087,0.0,-0.0009958076722860,0.0000000000000000,-0.0161188858258159,0.0000000000000000,4.8935805631699800,3.0000945279524283,-20.257778,-1.393924,21.6517015222193,30.2377974120436,0,4.8e-12
0.9996143216524417,0.0,-0.0009956991517190,0.0000000000000000,-0.0161200303069945,0.0000000000000000,4.8934805631699803,3.0000945292653247,-20.251229,-1.393614,21.6448599634668,30.2227963013546,0,2.7e-10
0.9996143579710947,0.0,-0.0009955906360266,0.0000000000000000,-0.0161211749220428,0.0000000000000000,4.8933805631699796,3.0000945305780102,-20.244481,-1.393331,21.6378125456301,30.2072803678898,0,7.3e-12
0.9996143942910021,0.0,-0.0009954821244036,0.0000000000000000,-0.0161223196797330,0.0000000000000000,4.8932805631699798,3.0000945318904835,-20.237825,-1.393036,21.6308602864586,30.1920041856057,0,1.1e-11
0.9996144306120887,0.0,-0.0009953736171105,0.0000000000000000,-0.0161234645772673,0.0000000000000000,4.8931805631699801,3.0000945332027440,-20.231178,-1.392740,21.6239173948305,30.1767525887902,0,6.5e-12
0.9996144669343486,0.0,-0.0009952651141582,0.0000000000000000,-0.0161246096145459,0.0000000000000000,4.8930805631699794,3.0000945345147927,-20.224531,-1.392443,21.6169740562592,30.1615012146787,0,6.0e-12
0.9996145032577853,0.0,-0.0009951566155427,0.0000000000000000,-0.0161257547916483,0.0000000000000000,4.8929805631699796,3.0000945358266295,-20.217888,-1.392146,21.6100347506725,30.1462610149199,0,2.4e-12
0.9996145395823938,0.0,-0.0009950481212677,0.0000000000000000,-0.0161269001085462,0.0000000000000000,4.8928805631699799,3.0000945371382546,-20.211239,-1.391850,21.6030886750610,30.1310050800541,0,9.2e-12
0.9996145759081778,0.0,-0.0009949396313309,0.0000000000000000,-0.0161280455653093,0.0000000000000000,4.8927805631699801,3.0000945384496678,-20.204599,-1.391553,21.5961519683435,30.1157738505843,0,1.1e-12
0.9996146122351343,0.0,-0.0009948311457349,0.0000000000000000,-0.0161291911619235,0.0000000000000000,4.8926805631699795,3.0000945397608683,-20.197953,-1.391257,21.5892089269162,30.1005278795278,0,7.5e-12
0.9996146485632625,0.0,-0.0009947226644790,0.0000000000000000,-0.0161303368984296,0.0000000000000000,4.8925805631699797,3.0000945410718565,-20.191313,-1.390960,21.5822722358399,30.0852991411144,0,2.0e-12
0.9996146848925640,0.0,-0.0009946141875602,0.0000000000000000,-0.0161314827748855,0.0000000000000000,4.8924805631699799,3.0000945423826328,-20.184676,-1.390662,21.5753388927640,30.0700797982767,0,9.6e-12
0.9996147212230339,0.0,-0.0009945057149850,0.0000000000000000,-0.0161326287912327,0.0000000000000000,4.8923805631699802,3.0000945436931974,-20.178036,-1.390365,21.5684014125507,30.0548514857917,0,8.2e-12
0.9996147575546751,0.0,-0.0009943972467662,0.0000000000000000,-0.0161337749473990,0.0000000000000000,4.8922805631699795,3.0000945450035492,-20.171400,-1.390068,21.5614691641405,30.0396373260852,0,1.8e-11
0.9996147938876793,0.0,-0.0009942887826138,0.0000000000000000,-0.0161349212471461,0.0000000000000000,4.8921805631699797,3.0000945463136817,-20.164991,-1.389739,21.5547698216433,30.0250050525671,0,6.3e-10
0.9996148302214624,0.0,-0.0009941803233518,0.0000000000000000,-0.0161360676796821,0.0000000000000000,4.8920805631699800,3.0000945476236169,-20.158116,-1.389474,21.5475903578222,30.0091768118259,0,7.6e-12
0.9996148665566085,0.0,-0.0009940718681595,0.0000000000000000,-0.0161372142558342,0.0000000000000000,4.8919805631699802,3.0000945489333324,-20.151483,-1.389177,21.5406601141415,29.9939713197923,0,2.3e-13
0.9996149028929210,0.0,-0.0009939634173180,0.0000000000000000,-0.0161383609719444,0.0000000000000000,4.8918805631699795,3.0000945502428356,-20.144852,-1.388879,21.5337311909631,29.9787703162580,0,8.2e-12
0.9996149392304102,0.0,-0.0009938549708110,0.0000000000000000,-0.0161395078282419,0.0000000000000000,4.8917805631699798,3.0000945515521265,-20.138215,-1.388582,21.5267970268952,29.9635571244783,0,1.1e-12
0.9996149755690451,0.0,-0.0009937465286788,0.0000000000000000,-0.0161406548242545,0.0000000000000000,4.8916805631699800,3.0000945528612051,-20.131584,-1.388284,21.5198680988066,29.9483587478573,0,4.0e-12
0.9996150119088534,0.0,-0.0009936380908922,0.0000000000000000,-0.0161418019603791,0.0000000000000000,4.8915805631699802,3.0000945541700714,-20.124951,-1.387986,21.5129372448389,29.9331564330131,0,2.0e-13
0.9996150482498191,0.0,-0.0009935296574555,0.0000000000000000,-0.0161429492365207,0.0000000000000000,4.8914805631699796,3.0000945554787264,-20.118286,-1.387693,21.5059738481801,29.9178737768307,0,9.1e-11
0.9996150845919609,0.0,-0.0009934212283927,0.0000000000000000,-0.0161440966526817,0.0000000000000000,4.8913805631699798,3.0000945567871664,-20.111699,-1.387389,21.4990896103618,29.9027905319216,0,2.1e-11
0.9996151209352688,0.0,-0.0009933128036106,0.0000000000000000,-0.0161452442095436,0.0000000000000000,4.8912805631699801,3.0000945580953977,-20.105043,-1.387095,21.4921347889152,29.8875317560378,0,5.3e-11
0.9996151572797238,0.0,-0.0009932043832297,0.0000000000000000,-0.0161463919060675,0.0000000000000000,4.8911805631699803,3.0000945594034136,-20.098432,-1.386795,21.4852261537460,29.8723901413065,0,8.7e-12
0.9996151936253463,0.0,-0.0009930959672048,0.0000000000000000,-0.0161475397427165,0.0000000000000000,4.8910805631699796,3.0000945607112182,-20.091805,-1.386497,21.4783015722606,29.8572094882612,0,8.8e-12
0.9996152299721303,0.0,-0.0009929875555204,0.0000000000000000,-0.0161486877196660,0.0000000000000000,4.8909805631699799,3.0000945620188104,-20.085189,-1.386197,21.4713870766281,29.8420554974048,0,1.5e-11
0.9996152663200731,0.0,-0.0009928791482007,0.0000000000000000,-0.0161498358366924,0.0000000000000000,4.8908805631699801,3.0000945633261900,-20.078558,-1.385900,21.4644571759219,29.8268638848982,0,3.8e-12
0.9996153026691705,0.0,-0.0009927707452634,0.0000000000000000,-0.0161509840936448,0.0000000000000000,4.8907805631699794,3.0000945646333577,-20.071927,-1.385602,21.4575281576381,29.8116756592163,0,2.3e-11
0.9996153390194331,0.0,-0.0009926623466342,0.0000000000000000,-0.0161521324913114,0.0000000000000000,4.8906805631699797,3.0000945659403127,-20.065314,-1.385303,21.4506161667476,29.7965314860180,0,6.3e-14
0.9996153753708534,0.0,-0.0009925539523845,0.0000000000000000,-0.0161532810289942,0.0000000000000000,4.8905805631699799,3.0000945672470549,-20.058693,-1.385004,21.4436967188998,29.7813696752474,0,9.5e-13
0.9996154117234262,0.0,-0.0009924455624991,0.0000000000000000,-0.0161544297068550,0.0000000000000000,4.8904805631699801,3.0000945685535849,-20.052073,-1.384705,21.4367785764844,29.7662123975072,0,2.9e-12
0.9996154480771525,0.0,-0.0009923371769842,0.0000000000000000,-0.0161555785248622,0.0000000000000000,4.8903805631699795,3.0000945698599022,-20.045448,-1.384407,21.4298537892149,29.7510395982355,0,1.5e-11
0.9996154844320430,0.0,-0.0009922287958078,0.0000000000000000,-0.0161567274833968,0.0000000000000000,4.8902805631699797,3.0000945711660072,-20.038835,-1.384108,21.4229420365155,29.7359006721707,0,1.5e-12
0.9996155207880856,0.0,-0.0009921204189999,0.0000000000000000,-0.0161578765821550,0.0000000000000000,4.8901805631699800,3.0000945724718995,-20.032216,-1.383809,21.4160248312099,29.7207492095590,0,4.6e-12
0.9996155571452789,0.0,-0.0009920120465625,0.0000000000000000,-0.0161590258211367,0.0000000000000000,4.8900805631699802,3.0000945737775786,-20.025606,-1.383509,21.4091158820000,29.7056197021353,0,1.1e-11
0.9996155935036271,0.0,-0.0009919036784848,0.0000000000000000,-0.0161601752004829,0.0000000000000000,4.8899805631699795,3.0000945750830463,-20.018992,-1.383210,21.4022018703930,29.6904787381686,0,1.1e-11
0.9996156298631208,0.0,-0.0009917953147925,0.0000000000000000,-0.0161613247199433,0.0000000000000000,4.8898805631699798,3.0000945763883009,-20.012362,-1.382913,21.3952726054011,29.6753005701502,0,3.0e-11
0.9996156662237803,0.0,-0.0009916869554272,0.0000000000000000,-0.0161624743802045,0.0000000000000000,4.8897805631699800,3.0000945776933423,-20.005763,-1.382611,21.3883742733516,29.6602012687087,0,5.6e-12
0.9996157025855796,0.0,-0.0009915786004590,0.0000000000000000,-0.0161636241804714,0.0000000000000000,4.8896805631699802,3.0000945789981723,-19.999128,-1.382315,21.3814389387488,29.6450102046835,0,5.7e-11
0.9996157389484867,0.0,-0.0009914702499719,0.0000000000000000,-0.0161647741198826,0.0000000000000000,4.8895805631699796,3.0000945803027892,-19.992478,-1.382021,21.3744885885151,29.6297830036687,0,1.6e-10
0.9996157753126401,0.0,-0.0009913619035912,0.0000000000000000,-0.0161659242026578,0.0000000000000000,4.8894805631699798,3.0000945816071924,-19.985933,-1.381712,21.3676462886324,29.6148275488990,0,1.3e-11
0.9996158116778904,0.0,-0.0009912535617184,0.0000000000000000,-0.0161670744242752,0.0000000000000000,4.8893805631699800,3.0000945829113834,-19.979318,-1.381413,21.3607308218761,29.5996900118491,0,5.3e-12
0.9996158480442876,0.0,-0.0009911452242223,0.0000000000000000,-0.0161682247862728,0.0000000000000000,4.8892805631699803,3.0000945842153621,-19.972706,-1.381114,21.3538193544501,29.5845636390710,0,1.6e-11
0.9996158844118381,0.0,-0.0009910368910792,0.0000000000000000,-0.0161693752889349,0.0000000000000000,4.8891805631699796,3.0000945855191277,-19.966107,-1.380813,21.3469205266481,29.5694701171160,0,3.9e-12
0.9996159207805322,0.0,-0.0009909285623177,0.0000000000000000,-0.0161705259319638,0.0000000000000000,4.8890805631699799,3.0000945868226805,-19.959502,-1.380513,21.3400150547960,29.5543612030766,0,4.0e-12
0.9996159571506178,0.0,-0.0009908202378465,0.0000000000000000,-0.0161716767166971,0.0000000000000000,4.8889805631699801,3.0000945881260370,-19.952381,-1.380284,21.3325778238920,29.5379094809740,0,1.4e-09
0.9996159935213593,0.0,-0.0009907119179082,0.0000000000000000,-0.0161728276395922,0.0000000000000000,4.8888805631699794,3.0000945894291484,-19.946290,-1.379913,21.3262027436478,29.5241433279342,0,6.8e-12
0.9996160298935060,0.0,-0.0009906036022100,0.0000000000000000,-0.0161739787047211,0.0000000000000000,4.8887805631699797,3.0000945907320649,-19.939643,-1.379619,21.3192543329262,29.5089298989261,0,1.2e-10
0.9996160662667610,0.0,-0.0009904952909990,0.0000000000000000,-0.0161751299093122,0.0000000000000000,4.8886805631699799,3.0000945920347641,-19.933087,-1.379313,21.3123993460503,29.4939526304259,0,4.4e-12
0.9996161026411787,0.0,-0.0009903869841073,0.0000000000000000,-0.0161762812550243,0.0000000000000000,4.8885805631699801,3.0000945933372534,-19.926484,-1.379013,21.3054960673738,29.4788550197147,0,1.1e-11
0.9996161390168403,0.0,-0.0009902786814249,0.0000000000000000,-0.0161774327432291,0.0000000000000000,4.8884805631699795,3.0000945946395330,-19.919817,-1.378721,21.2985255543454,29.4635877406622,0,1.9e-10
0.9996161753934385,0.0,-0.0009901703834550,0.0000000000000000,-0.0161785843682241,0.0000000000000000,4.8883805631699797,3.0000945959415928,-19.913289,-1.378411,21.2916991984058,29.4486877861376,0,6.6e-12
0.9996162117712784,0.0,-0.0009900620896989,0.0000000000000000,-0.0161797361357134,0.0000000000000000,4.8882805631699799,3.0000945972434425,-19.906692,-1.378110,21.2848022603947,29.4336096891550,0,4.2e-12
0.9996162481502600,0.0,-0.0009899538003228,0.0000000000000000,-0.0161808880438398,0.0000000000000000,4.8881805631699802,3.0000945985450804,-19.900092,-1.377810,21.2779011749928,29.4185223499322,0,1.5e-11
0.9996162845303820,0.0,-0.0009898455153156,0.0000000000000000,-0.0161820400927388,0.0000000000000000,4.8880805631699795,3.0000945998465043,-19.893507,-1.377508,21.2710154140554,29.4034747514510,0,1.1e-11
0.9996163209116421,0.0,-0.0009897372347008,0.0000000000000000,-0.0161831922821947,0.0000000000000000,4.8879805631699798,3.0000946011477163,-19.886910,-1.377207,21.2641168209149,29.3883959572230,0,1.9e-12
0.9996163572940411,0.0,-0.0009896289584651,0.0000000000000000,-0.0161843446123702,0.0000000000000000,4.8878805631699800,3.0000946024487152,-19.880319,-1.376906,21.2572248485170,29.3733350424214,0,7.2e-12
0.9996163936775788,0.0,-0.0009895206866057,0.0000000000000000,-0.0161854970833241,0.0000000000000000,4.8877805631699802,3.0000946037495004,-19.873723,-1.376605,21.2503278882851,29.3582626756782,0,2.9e-12
0.9996164300623478,0.0,-0.0009894124189496,0.0000000000000000,-0.0161866496969402,0.0000000000000000,4.8876805631699796,3.0000946050500779,-19.867010,-1.376321,21.2433098637665,29.3428855472849,0,3.3e-10
0.9996164664480560,0.0,-0.0009893041560567,0.0000000000000000,-0.0161878024472214,0.0000000000000000,4.8875805631699798,3.0000946063504319,-19.860541,-1.376003,21.2365430098347,29.3281443625565,0,7.2e-12
0.9996165028349897,0.0,-0.0009891958973816,0.0000000000000000,-0.0161889553398650,0.0000000000000000,4.8874805631699800,3.0000946076505843,-19.853771,-1.375726,21.2294657195190,29.3126221445526,0,4.9e-10
0.9996165392231373,0.0,-0.0009890876428918,0.0000000000000000,-0.0161901083758854,0.0000000000000000,4.8873805631699803,3.0000946089505138,-19.847360,-1.375400,21.2227591029810,29.2980324020362,0,1.9e-11
0.9996165756122823,0.0,-0.0009889793931246,0.0000000000000000,-0.0161912615488102,0.0000000000000000,4.8872805631699796,3.0000946102502324,-19.840767,-1.375099,21.2158644320941,29.2829725272374,0,3.5e-11
0.9996166120026322,0.0,-0.0009888711475765,0.0000000000000000,-0.0161924148644375,0.0000000000000000,4.8871805631699798,3.0000946115497391,-19.834197,-1.374795,21.2089928528382,29.2679709572085,0,5.1e-12
0.9996166483943290,0.0,-0.0009887629060212,0.0000000000000000,-0.0161935683257824,0.0000000000000000,4.8870805631699801,3.0000946128490256,-19.827899,-1.374454,21.2024016592948,29.2536722724156,0,7.6e-10
0.9996166847867107,0.0,-0.0009886546696763,0.0000000000000000,-0.0161947219178300,0.0000000000000000,4.8869805631699794,3.0000946141481144,-19.821024,-1.374192,21.1952159483886,29.2378868454311,0,8.2e-12
0.9996167211798499,0.0,-0.0009885464383218,0.0000000000000000,-0.0161958756440672,0.0000000000000000,4.8868805631699797,3.0000946154469705,-19.814583,-1.373871,21.1884780399911,29.2232360308335,0,3.8e-10
0.9996167575753134,0.0,-0.0009884382093353,0.0000000000000000,-0.0161970295347151,0.0000000000000000,4.8867805631699799,3.0000946167456362,-19.807862,-1.373588,21.1814499942965,29.2078348413396,0,3.4e-12
0.9996167939712788,0.0,-0.0009883299858092,0.0000000000000000,-0.0161981835539538,0.0000000000000000,4.8866805631699801,3.0000946180440731,-19.801382,-1.373272,21.1746705082505,29.1930715378998,0,2.6e-10
0.9996168303676793,0.0,-0.0009882217679620,0.0000000000000000,-0.0161993376989183,0.0000000000000000,4.8865805631699795,3.0000946193422986,-19.794618,-1.372996,21.1675986243817,29.1775853088412,0,2.3e-10
0.9996168667666975,0.0,-0.0009881135517485,0.0000000000000000,-0.0162004920170646,0.0000000000000000,4.8864805631699797,3.0000946206403203,-19.788127,-1.372681,21.1608078027033,29.1627824262981,0,2.6e-12
0.9996169031658692,0.0,-0.0009880053414260,0.0000000000000000,-0.0162016464571069,0.0000000000000000,4.8863805631699799,3.0000946219381550,-19.780691,-1.372498,21.1530411936540,29.1455447177071,0,2.3e-09
0.9996169395665854,0.0,-0.0009878971353408,0.0000000000000000,-0.0162028010432336,0.0000000000000000,4.8862805631699802,3.0000946232357109,-19.774971,-1.372076,21.1470465262869,29.1327538607644,0,5.2e-12
0.9996169759684145,0.0,-0.0009877889333175,0.0000000000000000,-0.0162039557723690,0.0000000000000000,4.8861805631699795,3.0000946245330926,-19.768307,-1.371785,21.1400770403405,29.1175149039429,0,2.4e-10
0.9996170123709767,0.0,-0.0009876807365173,0.0000000000000000,-0.0162051106333776,0.0000000000000000,4.8860805631699797,3.0000946258302474,-19.761824,-1.371470,21.1332939452873,29.1027517914309,0,7.5e-13
0.9996170487748575,0.0,-0.0009875725437033,0.0000000000000000,-0.0162062656399550,0.0000000000000000,4.8859805631699800,3.0000946271271962,-19.755244,-1.371168,21.1264113185090,29.0877365882129,0,1.8e-11
0.9996174128753533,0.0,-0.0009864908576503,0.0000000000000000,-0.0162178234659126,0.0000000000000000,4.8849805631699796,3.0000946400849449,-19.689567,-1.368135,21.0576996495674,28.9379367955367,1,3.8e-11
0.9996177770874677,0.0,-0.0009854096123765,0.0000000000000000,-0.0162293954131902,0.0000000000000000,4.8839805631699802,3.0000946530213404,-19.624012,-1.365091,20.9891019987029,28.7885402939469,1,1.3e-11
0.9996181414104364,0.0,-0.0009843288088090,0.0000000000000000,-0.0162409814983597,0.0000000000000000,4.8829805631699799,3.0000946659363676,-19.558474,-1.362049,20.9205084858747,28.6392707117527,1,2.2e-10
0.9996185058436740,0.0,-0.0009832484475618,0.0000000000000000,-0.0162525817421056,0.0000000000000000,4.8819805631699804,3.0000946788300018,-19.493207,-1.358976,20.8521828178701,28.4907894930207,1,2.3e-12
0.9996188703863058,0.0,-0.0009821685297407,0.0000000000000000,-0.0162641961587390,0.0000000000000000,4.8809805631699801,3.0000946917022318,-19.427938,-1.355908,20.7838410657629,28.3423838676746,1,6.9e-11
0.9996192350376747,0.0,-0.0009810890560911,0.0000000000000000,-0.0162758247673346,0.0000000000000000,4.8799805631699797,3.0000947045530357,-19.362828,-1.352823,20.7156504248272,28.1944734029250,1,1.9e-12
0.9996195997967137,0.0,-0.0009800100281023,0.0000000000000000,-0.0162874675773782,0.0000000000000000,4.8789805631699803,3.0000947173824137,-19.297189,-1.349817,20.6468998396585,28.0452695394589,1,1.6e-09
0.9996199646636756,0.0,-0.0009789314447429,0.0000000000000000,-0.0162991246304112,0.0000000000000000,4.8779805631699800,3.0000947301902974,-19.232877,-1.346632,20.5795084201699,27.8995985464488,1,8.0e-12
0.9996203296368623,0.0,-0.0009778533087339,0.0000000000000000,-0.0163107959204482,0.0000000000000000,4.8769805631699796,3.0000947429767173,-19.168071,-1.343521,20.5115927168764,27.7527234333219,1,7.4e-12
0.9996206947158776,0.0,-0.0009767756202864,0.0000000000000000,-0.0163224814733150,0.0000000000000000,4.8759805631699802,3.0000947557416389,-19.103381,-1.340400,20.4437837067440,27.6062306493961,1,4.2e-11
0.9996210598999836,0.0,-0.0009756983802739,0.0000000000000000,-0.0163341813064963,0.0000000000000000,4.8749805631699799,3.0000947684850447,-19.038814,-1.337267,20.3760881531405,27.4601371474529,1,1.1e-10
0.9996214251884701,0.0,-0.0009746215894842,0.0000000000000000,-0.0163458954383483,0.0000000000000000,4.8739805631699804,3.0000947812069185,-18.974291,-1.334133,20.3084244319618,27.3142362849487,1,1.1e-11
0.9996217905806111,0.0,-0.0009735452487799,0.0000000000000000,-0.0163576238866753,0.0000000000000000,4.8729805631699801,3.0000947939072389,-18.909916,-1.330983,20.2408997524571,27.1687986190912,1,9.3e-12
0.9996221560756734,0.0,-0.0009724693590078,0.0000000000000000,-0.0163693666692543,0.0000000000000000,4.8719805631699797,3.0000948065859889,-18.845651,-1.327824,20.1734758453634,27.0237272517769,1,9.0e-12
0.9996225216729399,0.0,-0.0009713939209909,0.0000000000000000,-0.0163811238042449,0.0000000000000000,4.8709805631699803,3.0000948192431514,-18.781500,-1.324655,20.1061560858826,26.8790303237651,1,1.8e-11
0.9996228873716874,0.0,-0.0009703189355552,0.0000000000000000,-0.0163928953097612,0.0000000000000000,4.8699805631699800,3.0000948318787075,-18.717447,-1.321477,20.0389236204335,26.7346649353201,1,6.3e-12
0.9996232531711869,0.0,-0.0009692444035439,0.0000000000000000,-0.0164046812037675,0.0000000000000000,4.8689805631699796,3.0000948444926383,-18.653522,-1.318287,19.9718092574209,26.5907086779201,1,1.2e-11
0.9996236190707192,0.0,-0.0009681703257741,0.0000000000000000,-0.0164164815045047,0.0000000000000000,4.8679805631699802,3.0000948570849277,-18.589691,-1.315089,19.9047785502813,26.4470740930892,1,1.3e-11
0.9996239850697058,0.0,-0.0009670967028801,0.0000000000000000,-0.0164282962328347,0.0000000000000000,4.8669805631699798,3.0000948696555509,-18.526162,-1.311854,19.8380473822867,26.3043049003062,1,4.5e-10
0.9996243511669900,0.0,-0.0009660235362609,0.0000000000000000,-0.0164401253990517,0.0000000000000000,4.8659805631699804,3.0000948822045057,-18.462396,-1.308658,19.7710551357702,26.1609889710842,1,1.9e-11
0.9996247173622728,0.0,-0.0009649508261858,0.0000000000000000,-0.0164519690290804,0.0000000000000000,4.8649805631699801,3.0000948947317601,-18.398905,-1.305429,19.7043341609693,26.0184662742430,1,5.2e-12
0.9996250836547025,0.0,-0.0009638785736329,0.0000000000000000,-0.0164638271390363,0.0000000000000000,4.8639805631699797,3.0000949072372984,-18.335552,-1.302186,19.6377413402205,25.8763766381485,1,5.5e-11
0.9996254500435391,0.0,-0.0009628067794568,0.0000000000000000,-0.0164756997467980,0.0000000000000000,4.8629805631699803,3.0000949197211053,-18.272289,-1.298935,19.5712273135866,25.7345948230009,1,4.7e-11
0.9996258165280714,0.0,-0.0009617354444443,0.0000000000000000,-0.0164875868711209,0.0000000000000000,4.8619805631699800,3.0000949321831620,-18.209125,-1.295677,19.5048019828251,25.5931454304807,1,4.4e-12
0.9996261831075747,0.0,-0.0009606645694240,0.0000000000000000,-0.0164994885303283,0.0000000000000000,4.8609805631699796,3.0000949446234508,-18.146085,-1.292406,19.4384902945829,25.4520913395207,1,1.2e-11
0.9996265497813243,0.0,-0.0009595941552093,0.0000000000000000,-0.0165114047428823,0.0000000000000000,4.8599805631699802,3.0000949570419517,-18.083165,-1.289124,19.3722885449702,25.3114230732463,1,1.2e-11
0.9996269165486009,0.0,-0.0009585242026067,0.0000000000000000,-0.0165233355273690,0.0000000000000000,4.8589805631699798,3.0000949694386496,-18.020363,-1.285831,19.3061935881257,25.1711322150387,1,3.8e-12
0.9996272834086851,0.0,-0.0009574547124238,0.0000000000000000,-0.0165352809023826,0.0000000000000000,4.8579805631699804,3.0000949818135254,-17.957678,-1.282527,19.2402059999204,25.0312198795302,1,1.3e-11
0.9996276503608466,0.0,-0.0009563856854809,0.0000000000000000,-0.0165472408863718,0.0000000000000000,4.8569805631699801,3.0000949941665600,-17.895090,-1.279214,19.1743032082125,24.8916284552446,1,1.6e-11
0.9996280174043753,0.0,-0.0009553171225626,0.0000000000000000,-0.0165592154982708,0.0000000000000000,4.8559805631699797,3.0000950064977374,-17.832636,-1.275888,19.1085245628969,24.7524574764959,1,2.3e-12
0.9996283845385402,0.0,-0.0009542490244922,0.0000000000000000,-0.0165712047565209,0.0000000000000000,4.8549805631699803,3.0000950188070390,-17.770282,-1.272554,19.0428348173551,24.6136172682760,1,1.6e-11
0.9996287517626286,0.0,-0.0009531813920571,0.0000000000000000,-0.0165832086800715,0.0000000000000000,4.8539805631699799,3.0000950310944465,-17.708056,-1.269207,18.9772630156162,24.4751811010864,1,3.1e-12
0.9996291190759139,0.0,-0.0009521142260635,0.0000000000000000,-0.0165952272876176,0.0000000000000000,4.8529805631699796,3.0000950433599423,-17.645938,-1.265850,18.9117869658588,24.3370923684662,1,1.2e-11
0.9996294864776822,0.0,-0.0009510475272973,0.0000000000000000,-0.0166072605981524,0.0000000000000000,4.8519805631699802,3.0000950556035089,-17.583948,-1.262480,18.8464298088543,24.1994095694189,1,1.2e-11
0.9996298539672193,0.0,-0.0009499812965576,0.0000000000000000,-0.0166193086305669,0.0000000000000000,4.8509805631699798,3.0000950678251264,-17.522085,-1.259098,18.7811880581305,24.0621232910171,1,5.9e-11
0.9996302215437717,0.0,-0.0009489155346721,0.0000000000000000,-0.0166313714032490,0.0000000000000000,4.8499805631699804,3.0000950800247814,-17.460291,-1.255712,18.7160024946816,23.9250829821875,1,9.8e-12
0.9996305892066581,0.0,-0.0009478502423843,0.0000000000000000,-0.0166434489358516,0.0000000000000000,4.8489805631699801,3.0000950922024527,-17.398607,-1.252316,18.6509149997838,23.7883941848769,1,9.7e-11
0.9996309569551444,0.0,-0.0009467854205052,0.0000000000000000,-0.0166555412472211,0.0000000000000000,4.8479805631699806,3.0000951043581208,-17.337115,-1.248897,18.5860128258711,23.6522796897375,1,2.2e-12
0.9996313247885138,0.0,-0.0009457210698154,0.0000000000000000,-0.0166676483563915,0.0000000000000000,4.8469805631699803,3.0000951164917726,-17.275701,-1.245473,18.5211742899399,23.5164285246628,1,1.2e-12
0.9996316927060350,0.0,-0.0009446571911310,0.0000000000000000,-0.0166797702821206,0.0000000000000000,4.8459805631699808,3.0000951286033879,-17.214363,-1.242044,18.4563998853168,23.3808416374289,1,9.9e-11
0.9996320607069501,0.0,-0.0009435937853594,0.0000000000000000,-0.0166919070420965,0.0000000000000000,4.8449805631699805,3.0000951406929515,-17.153013,-1.238622,18.3915940173707,23.2452743602941,1,5.2e-10
0.9996324287907223,0.0,-0.0009425308527791,0.0000000000000000,-0.0167040586617756,0.0000000000000000,4.8439805631699802,3.0000951527604354,-17.092132,-1.235139,18.3272639580080,23.1110218721419,1,8.3e-11
0.9996327969564331,0.0,-0.0009414683946914,0.0000000000000000,-0.0167162251538414,0.0000000000000000,4.8429805631699807,3.0000951648058334,-17.031168,-1.231672,18.2628298556544,22.9766032405767,1,1.4e-10
0.9996331652034764,0.0,-0.0009404064116658,0.0000000000000000,-0.0167284065404183,0.0000000000000000,4.8419805631699804,3.0000951768291224,-16.970402,-1.228184,18.1985851709262,22.8427668187081,1,1.3e-12
0.9996335335310731,0.0,-0.0009393449045415,0.0000000000000000,-0.0167406028398321,0.0000000000000000,4.8409805631699800,3.0000951888302865,-16.909700,-1.224691,18.1343907637817,22.7091578512611,1,1.6e-12
0.9996339019385269,0.0,-0.0009382838740680,0.0000000000000000,-0.0167528140718722,0.0000000000000000,4.8399805631699806,3.0000952008093082,-16.849119,-1.221186,18.0703064104574,22.5759284169167,1,9.7e-12
0.9996342704250835,0.0,-0.0009372233210861,0.0000000000000000,-0.0167650402550555,0.0000000000000000,4.8389805631699803,3.0000952127661709,-16.788570,-1.217682,18.0062363939642,22.4428335175448,1,2.0e-10
0.9996346389902723,0.0,-0.0009361632452608,0.0000000000000000,-0.0167772814215852,0.0000000000000000,4.8379805631699808,3.0000952247008517,-16.728624,-1.214099,17.9427839402776,22.3114209102072,1,7.7e-10
0.9996350076329089,0.0,-0.0009351036501989,0.0000000000000000,-0.0167895375593024,0.0000000000000000,4.8369805631699805,3.0000952366133351,-16.668085,-1.210604,17.8786885191458,22.1784484008788,1,1.8e-12
0.9996353763527485,0.0,-0.0009340445337031,0.0000000000000000,-0.0168018087209778,0.0000000000000000,4.8359805631699802,3.0000952485035968,-16.608381,-1.206997,17.8154545549721,22.0477846529239,1,9.6e-10
0.9996357451486946,0.0,-0.0009329858982342,0.0000000000000000,-0.0168140949061390,0.0000000000000000,4.8349805631699807,3.0000952603716438,-16.548004,-1.203488,17.7514937479905,21.9153530570418,1,1.4e-11
0.9996361140203003,0.0,-0.0009319277437350,0.0000000000000000,-0.0168263961449697,0.0000000000000000,4.8339805631699804,3.0000952722174330,-16.488134,-1.199914,17.6880475209240,21.7843357838184,1,8.3e-12
0.9996364829667679,0.0,-0.0009308700712203,0.0000000000000000,-0.0168387124539329,0.0000000000000000,4.8329805631699800,3.0000952840409543,-16.428401,-1.196326,17.6247281146381,21.6537385367973,1,9.6e-12
0.9996368519873956,0.0,-0.0009298128814311,0.0000000000000000,-0.0168510438529264,0.0000000000000000,4.8319805631699806,3.0000952958421947,-16.368645,-1.192746,17.5613645592706,21.5231215609907,1,3.2e-10
0.9996372210814242,0.0,-0.0009287561751997,0.0000000000000000,-0.0168633903611601,0.0000000000000000,4.8309805631699803,3.0000953076211241,-16.309288,-1.189115,17.4984033386295,21.3936321359842,1,1.2e-11
0.9996375902484598,0.0,-0.0009276999525703,0.0000000000000000,-0.0168757520072445,0.0000000000000000,4.8299805631699808,3.0000953193777287,-16.250382,-1.185425,17.4358993202997,21.2654076147347,1,1.1e-09
0.9996379594869419,0.0,-0.0009266442162342,0.0000000000000000,-0.0168881287863038,0.0000000000000000,4.8289805631699805,3.0000953311120160,-16.190505,-1.181876,17.3723518478062,21.1346005996569,1,3.6e-10
0.9996383287970442,0.0,-0.0009255889649319,0.0000000000000000,-0.0169005207444085,0.0000000000000000,4.8279805631699801,3.0000953428239305,-16.131524,-1.178207,17.3097308496113,21.0062633242589,1,6.2e-12
0.9996386981776980,0.0,-0.0009245342001997,0.0000000000000000,-0.0169129278911528,0.0000000000000000,4.8269805631699807,3.0000953545134759,-16.072500,-1.174548,17.2470441222555,20.8778492432046,1,4.9e-11
0.9996390676282315,0.0,-0.0009234799226964,0.0000000000000000,-0.0169253502478293,0.0000000000000000,4.8259805631699804,3.0000953661806298,-16.013600,-1.170877,17.1844697642625,20.7498156522702,1,8.8e-11
0.9996394371479491,0.0,-0.0009224261331185,0.0000000000000000,-0.0169377878351782,0.0000000000000000,4.8249805631699800,3.0000953778253741,-15.954872,-1.167186,17.1220573376783,20.6222895652237,1,1.3e-11
0.9996398067361114,0.0,-0.0009213728322993,0.0000000000000000,-0.0169502406722598,0.0000000000000000,4.8239805631699806,3.0000953894476923,-15.896237,-1.163487,17.0597239084057,20.4950572759800,1,9.7e-12
0.9996401763920246,0.0,-0.0009203200209205,0.0000000000000000,-0.0169627087800181,0.0000000000000000,4.8229805631699803,3.0000954010475662,-15.837723,-1.159776,16.9974976728417,20.3681911125564,1,1.5e-11
0.9996405461149800,0.0,-0.0009192676997306,0.0000000000000000,-0.0169751921786395,0.0000000000000000,4.8219805631699808,3.0000954126249786,-15.779338,-1.156051,16.9353893382181,20.2417179823871,1,5.9e-12
0.9996409159042660,0.0,-0.0009182158694611,0.0000000000000000,-0.0169876908885034,0.0000000000000000,4.8209805631699805,3.0000954241799112,-15.721070,-1.152315,16.8733840997953,20.1155995535596,1,1.6e-11
0.9996412857591869,0.0,-0.0009171645308175,0.0000000000000000,-0.0170002049303745,0.0000000000000000,4.8199805631699801,3.0000954357123462,-15.662953,-1.148562,16.8115179233333,19.9899281136695,1,3.5e-11
0.9996416556790051,0.0,-0.0009161136845908,0.0000000000000000,-0.0170127343239249,0.0000000000000000,4.8189805631699807,3.0000954472222672,-15.604923,-1.144801,16.7497238861337,19.8645310436212,1,2.0e-12
0.9996420256630472,0.0,-0.0009150633314416,0.0000000000000000,-0.0170252790905612,0.0000000000000000,4.8179805631699804,3.0000954587096547,-15.547031,-1.141026,16.6880558042008,19.7395462624953,1,8.6e-12
0.9996423957105932,0.0,-0.0009140134721238,0.0000000000000000,-0.0170378392504860,0.0000000000000000,4.8169805631699800,3.0000954701744931,-15.489253,-1.137238,16.6264877152261,19.6149066625752,1,4.2e-11
0.9996427658209430,0.0,-0.0009129641073317,0.0000000000000000,-0.0170504148247010,0.0000000000000000,4.8159805631699806,3.0000954816167629,-15.431628,-1.133434,16.5650618153882,19.4907207461321,1,1.0e-11
0.9996431359933773,0.0,-0.0009119152378208,0.0000000000000000,-0.0170630058334496,0.0000000000000000,4.8149805631699802,3.0000954930364476,-15.374128,-1.129617,16.5037463253278,19.3669063444167,1,1.6e-11
0.9996435062272176,0.0,-0.0009108668642643,0.0000000000000000,-0.0170756122980752,0.0000000000000000,4.8139805631699808,3.0000955044335300,-15.316739,-1.125789,16.4425281957106,19.2434288873056,1,9.5e-12
0.9996438765217373,0.0,-0.0009098189874157,0.0000000000000000,-0.0170882342388997,0.0000000000000000,4.8129805631699805,3.0000955158079914,-15.259472,-1.121948,16.3814194937149,19.1203195180104,1,5.1e-12
0.9996442468762443,0.0,-0.0009087716079609,0.0000000000000000,-0.0171008716771403,0.0000000000000000,4.8119805631699801,3.0000955271598149,-15.202347,-1.118091,16.3204389717651,18.9976262478578,1,1.3e-11
0.9996446172900693,0.0,-0.0009077247265615,0.0000000000000000,-0.0171135246343586,0.0000000000000000,4.8109805631699807,3.0000955384889836,-15.145289,-1.114229,16.2595086332821,18.8751461684545,1,1.1e-10
0.9996449877624008,0.0,-0.0009066783440977,0.0000000000000000,-0.0171261931293441,0.0000000000000000,4.8099805631699803,3.0000955497954762,-15.088465,-1.110338,16.1988058058776,18.7533398841382,1,2.3e-11
0.9996453582926421,0.0,-0.0009056324611089,0.0000000000000000,-0.0171388771852712,0.0000000000000000,4.8089805631699800,3.0000955610792794,-15.031702,-1.106444,16.1381458268343,18.6317271349480,1,2.1e-12
0.9996457288800742,0.0,-0.0009045870783038,0.0000000000000000,-0.0171515768231518,0.0000000000000000,4.8079805631699806,3.0000955723403742,-14.975072,-1.102534,16.0776052324013,18.5105062423203,1,1.5e-11
0.9996460995239612,0.0,-0.0009035421964973,0.0000000000000000,-0.0171642920627826,0.0000000000000000,4.8069805631699802,3.0000955835787426,-14.918572,-1.098611,16.0171807903042,18.3896683926312,1,2.2e-11
0.9996464702236399,0.0,-0.0009024978162714,0.0000000000000000,-0.0171770229268109,0.0000000000000000,4.8059805631699808,3.0000955947943666,-14.862217,-1.094671,15.9568890909823,18.2692561471056,1,9.4e-12
0.9996468409783895,0.0,-0.0009014539383775,0.0000000000000000,-0.0171897694358101,0.0000000000000000,4.8049805631699805,3.0000956059872306,-14.805970,-1.090720,15.8966902342509,18.1491659888749,1,4.3e-12
0.9996472117875200,0.0,-0.0009004105634930,0.0000000000000000,-0.0172025316113599,0.0000000000000000,4.8039805631699801,3.0000956171573150,-14.749852,-1.086756,15.8366055760413,18.0294526875574,1,1.8e-11
0.9996475826503359,0.0,-0.0008993676923047,0.0000000000000000,-0.0172153094749292,0.0000000000000000,4.8029805631699807,3.0000956283046034,-14.693872,-1.082775,15.7766459696293,17.9101439157715,1,1.0e-11
0.9996479535661312,0.0,-0.0008983253255165,0.0000000000000000,-0.0172281030477772,0.0000000000000000,4.8019805631699803,3.0000956394290772,-14.638021,-1.078781,15.7168018127650,17.7912145984072,1,6.7e-13
0.9996483245342148,0.0,-0.0008972834638048,0.0000000000000000,-0.0172409123515693,0.0000000000000000,4.8009805631699800,3.0000956505307199,-14.582298,-1.074772,15.6570705194100,17.6726574827940,1,4.7e-12
0.9996486955539036,0.0,-0.0008962421077910,0.0000000000000000,-0.0172537374084988,0.0000000000000000,4.7999805631699806,3.0000956616095178,-14.526525,-1.070774,15.5972627400262,17.5539806703073,1,3.9e-10
0.9996490666244481,0.0,-0.0008952012583616,0.0000000000000000,-0.0172665782381400,0.0000000000000000,4.7989805631699802,3.0000956726654393,-14.471231,-1.066714,15.5379438731796,17.4366518106523,1,4.0e-12
0.9996494377452249,0.0,-0.0008941609160516,0.0000000000000000,-0.0172794348635968,0.0000000000000000,4.7979805631699808,3.0000956836984853,-14.415712,-1.062687,15.4783600591374,17.3187115661017,1,4.1e-10
0.9996498089155011,0.0,-0.0008931210814014,0.0000000000000000,-0.0172923073084167,0.0000000000000000,4.7969805631699804,3.0000956947086217,-14.360691,-1.058596,15.4192869558219,17.2021774605064,1,5.2e-12
0.9996501801345872,0.0,-0.0008920817553026,0.0000000000000000,-0.0173051955917410,0.0000000000000000,4.7959805631699801,3.0000957056958426,-14.305615,-1.054515,15.3601314351872,17.0855054028844,1,8.9e-12
0.9996505514017937,0.0,-0.0008910429383509,0.0000000000000000,-0.0173180997364310,0.0000000000000000,4.7949805631699798,3.0000957166601263,-14.250664,-1.050421,15.3010846093352,16.9691923691839,1,2.0e-12
0.9996509227164257,0.0,-0.0008900046312196,0.0000000000000000,-0.0173310197643847,0.0000000000000000,4.7939805631699803,3.0000957276014559,-14.195839,-1.046312,15.2421489187952,16.8532443559360,1,2.3e-11
0.9996512940778058,0.0,-0.0008889668345346,0.0000000000000000,-0.0173439556981765,0.0000000000000000,4.7929805631699800,3.0000957385198119,-14.141197,-1.042182,15.1833858749406,16.7378209500736,1,7.4e-11
0.9996516654852128,0.0,-0.0008879295490710,0.0000000000000000,-0.0173569075584747,0.0000000000000000,4.7919805631699806,3.0000957494151792,-14.086618,-1.038046,15.1246651237926,16.6225824695632,1,1.8e-11
0.9996520369379702,0.0,-0.0008868927753993,0.0000000000000000,-0.0173698753685326,0.0000000000000000,4.7909805631699802,3.0000957602875395,-14.032185,-1.033893,15.0660767381426,16.5077632403873,1,5.1e-12
0.9996524084353996,0.0,-0.0008858565141955,0.0000000000000000,-0.0173828591504407,0.0000000000000000,4.7899805631699799,3.0000957711368752,-13.977891,-1.029723,15.0076137833486,16.3933444920874,1,9.3e-12
0.9996527799768012,0.0,-0.0008848207661222,0.0000000000000000,-0.0173958589263660,0.0000000000000000,4.7889805631699804,3.0000957819631680,-13.923752,-1.025536,14.9492913871484,16.2793654820407,1,3.6e-11
0.9996531515614876,0.0,-0.0008837855318500,0.0000000000000000,-0.0174088747184497,0.0000000000000000,4.7879805631699801,3.0000957927664009,-13.869708,-1.021338,14.8910460595397,16.1656601440365,1,9.1e-13
0.9996535231887813,0.0,-0.0008827508120105,0.0000000000000000,-0.0174219065494001,0.0000000000000000,4.7869805631699798,3.0000958035465564,-13.815815,-1.017122,14.8329380647977,16.0523850493468,1,5.4e-12
0.9996538948579815,0.0,-0.0008817166072693,0.0000000000000000,-0.0174349544414275,0.0000000000000000,4.7859805631699803,3.0000958143036165,-13.762052,-1.012892,14.7749447200492,15.9394810086631,1,6.7e-12
0.9996542665684088,0.0,-0.0008806829182677,0.0000000000000000,-0.0174480184171779,0.0000000000000000,4.7849805631699800,3.0000958250375640,-13.708418,-1.008646,14.7170641779906,15.8269426256121,1,6.3e-13
0.9996546383193688,0.0,-0.0008796497457259,0.0000000000000000,-0.0174610984983297,0.0000000000000000,4.7839805631699805,3.0000958357483825,-13.654870,-1.004391,14.6592505461063,15.7146492082970,1,1.1e-10
0.9996550101101891,0.0,-0.0008786170900945,0.0000000000000000,-0.0174741947098246,0.0000000000000000,4.7829805631699802,3.0000958464360514,-13.601549,-1.000108,14.6016558043210,15.6029985582486,1,1.3e-11
0.9996553819401802,0.0,-0.0008775849521959,0.0000000000000000,-0.0174873070722677,0.0000000000000000,4.7819805631699799,3.0000958571005558,-13.548326,-0.995814,14.5441404361572,15.4916245715207,1,6.5e-12
0.9996557538086613,0.0,-0.0008765533325890,0.0000000000000000,-0.0175004356093047,0.0000000000000000,4.7809805631699804,3.0000958677418792,-13.495159,-0.991515,14.4866596664569,15.3804104071073,1,1.4e-10
0.9996561257149360,0.0,-0.0008755222319879,0.0000000000000000,-0.0175135803429997,0.0000000000000000,4.7799805631699801,3.0000958783599985,-13.442260,-0.987181,14.4294412261589,15.2699503612327,1,2.9e-12
0.9996564976583405,0.0,-0.0008744916509439,0.0000000000000000,-0.0175267412971306,0.0000000000000000,4.7789805631699798,3.0000958889549021,-13.389421,-0.982842,14.3722608727708,15.1596581478664,1,1.4e-11
0.9996568696381848,0.0,-0.0008734615901194,0.0000000000000000,-0.0175399184943347,0.0000000000000000,4.7779805631699803,3.0000958995265701,-13.336715,-0.978486,14.3151978587960,15.0497407867880,1,3.1e-11
0.9996572416537826,0.0,-0.0008724320501569,0.0000000000000000,-0.0175531119574468,0.0000000000000000,4.7769805631699800,3.0000959100749864,-13.284092,-0.974122,14.2581974965315,14.9400546373406,1,1.6e-10
0.9996576137044705,0.0,-0.0008714030316462,0.0000000000000000,-0.0175663217101888,0.0000000000000000,4.7759805631699805,3.0000959206001285,-13.231740,-0.969723,14.2014630894423,14.8311308431118,1,7.8e-12
0.9996579857895564,0.0,-0.0008703745352455,0.0000000000000000,-0.0175795477751733,0.0000000000000000,4.7749805631699802,3.0000959311019839,-13.179441,-0.965318,14.1447591059871,14.7223531140110,1,3.7e-13
0.9996583579083590,0.0,-0.0008693465615776,0.0000000000000000,-0.0175927901756476,0.0000000000000000,4.7739805631699808,3.0000959415805344,-13.127270,-0.960898,14.0881659065826,14.6139313321872,1,2.3e-11
0.9996587300606022,0.0,-0.0008683191105218,0.0000000000000000,-0.0176060489452246,0.0000000000000000,4.7729805631699804,3.0000959520357644,-13.075246,-0.956460,14.0317036009756,14.5059109870964,1,3.9e-11
0.9996591022444273,0.0,-0.0008672921848816,0.0000000000000000,-0.0176193240769501,0.0000000000000000,4.7719805631699810,3.0000959624676460,-13.023363,-0.952005,13.9753676751155,14.3982995096705,1,4.0e-12
0.9996594744603373,0.0,-0.0008662657830878,0.0000000000000000,-0.0176326156245501,0.0000000000000000,4.7709805631699806,3.0000959728761729,-12.971602,-0.947535,13.9191353097852,14.2910171026537,1,1.6e-11
0.9996598467078217,0.0,-0.0008652399057208,0.0000000000000000,-0.0176459236136643,0.0000000000000000,4.7699805631699803,3.0000959832612937,-12.921375,-0.942860,13.8645541629321,14.1881133331389,1,2.9e-09
0.9996602189845245,0.0,-0.0008642145557025,0.0000000000000000,-0.0176592480308171,0.0000000000000000,4.7689805631699809,3.0000959936230815,-12.868506,-0.938542,13.8070479516265,14.0776322768412,1,6.4e-13
0.9996605912914518,0.0,-0.0008631897313161,0.0000000000000000,-0.0176725889368413,0.0000000000000000,4.7679805631699805,3.0000960039614282,-12.817124,-0.934025,13.7511418559720,13.9713951792868,1,7.1e-11
0.9996609636273921,0.0,-0.0008621654339141,0.0000000000000000,-0.0176859463435336,0.0000000000000000,4.7669805631699802,3.0000960142763446,-12.765951,-0.929482,13.6954346036285,13.8657414420193,1,1.3e-11
0.9996613359916379,0.0,-0.0008611416641592,0.0000000000000000,-0.0176993202737765,0.0000000000000000,4.7659805631699808,3.0000960245678150,-12.714874,-0.924927,13.6398023239632,13.7603465518387,1,1.1e-11
0.9996617083835388,0.0,-0.0008601184226135,0.0000000000000000,-0.0177127107519613,0.0000000000000000,4.7649805631699804,3.0000960348358223,-12.663917,-0.920357,13.5842708189006,13.6552772420942,1,2.6e-11
0.9996620808024328,0.0,-0.0008590957098705,0.0000000000000000,-0.0177261178020945,0.0000000000000000,4.7639805631699810,3.0000960450803493,-12.613011,-0.915781,13.5287644413193,13.5503342434222,1,2.4e-10
0.9996624532476049,0.0,-0.0008580735265740,0.0000000000000000,-0.0177395414475732,0.0000000000000000,4.7629805631699806,3.0000960553013729,-12.562460,-0.911159,13.4736190211663,13.4463998204429,1,2.1e-12
0.9996628257184391,0.0,-0.0008570518732529,0.0000000000000000,-0.0177529817132842,0.0000000000000000,4.7619805631699803,3.0000960654988815,-12.511961,-0.906531,13.4184986562847,13.3425906583881,1,6.6e-11
0.9996631982142316,0.0,-0.0008560307505511,0.0000000000000000,-0.0177664386226012,0.0000000000000000,4.7609805631699809,3.0000960756728570,-12.461540,-0.901893,13.3634340496196,13.2389874438153,1,8.6e-12
0.9996635707343334,0.0,-0.0008550101590236,0.0000000000000000,-0.0177799122002651,0.0000000000000000,4.7599805631699805,3.0000960858232788,-12.411287,-0.897233,13.3085216086655,13.1358426319315,1,1.3e-11
0.9996639432780289,0.0,-0.0008539900993424,0.0000000000000000,-0.0177934024693420,0.0000000000000000,4.7589805631699802,3.0000960959501310,-12.361219,-0.892550,13.2537826641201,13.0332129081109,1,1.2e-10
0.9996643158449449,0.0,-0.0008529705715878,0.0000000000000000,-0.0178069094610815,0.0000000000000000,4.7579805631699807,3.0000961060534084,-12.310742,-0.887921,13.1985565727481,12.9293556173068,1,9.2e-10
0.9996646884337979,0.0,-0.0008519515774038,0.0000000000000000,-0.0178204331854641,0.0000000000000000,4.7569805631699804,3.0000961161330588,-12.261353,-0.883149,13.1445046710722,12.8286492352252,1,2.9e-11
0.9996650610444471,0.0,-0.0008509331164678,0.0000000000000000,-0.0178339736791800,0.0000000000000000,4.7559805631699810,3.0000961261890970,-12.211658,-0.878417,13.0900816728558,12.7270212755366,1,5.2e-11
0.9996654336760815,0.0,-0.0008499151896041,0.0000000000000000,-0.0178475309634419,0.0000000000000000,4.7549805631699806,3.0000961362214960,-12.162062,-0.873673,13.0357340676450,12.6256477825249,1,9.4e-12
0.9996658063280291,0.0,-0.0008488977974128,0.0000000000000000,-0.0178611050625761,0.0000000000000000,4.7539805631699803,3.0000961462302365,-12.112632,-0.868907,12.9815373206750,12.5247269291599,1,1.3e-11
0.9996661789996288,0.0,-0.0008478809404557,0.0000000000000000,-0.0178746960014071,0.0000000000000000,4.7529805631699809,3.0000961562153017,-12.063340,-0.864123,12.9274608068336,12.4241775811000,1,1.6e-11
0.9996665516902187,0.0,-0.0008468646193074,0.0000000000000000,-0.0178883038046579,0.0000000000000000,4.7519805631699805,3.0000961661766734,-12.014194,-0.859319,12.8735123476381,12.3240201909553,1,4.6e-12
0.9996669243991410,0.0,-0.0008458488345275,0.0000000000000000,-0.0179019284972832,0.0000000000000000,4.7509805631699802,3.0000961761143357,-11.965175,-0.854499,12.8196718749493,12.2242012165337,1,1.6e-11
0.9996672971270055,0.0,-0.0008448335846913,0.0000000000000000,-0.0179155701351274,0.0000000000000000,4.7499805631699807,3.0000961860282285,-11.918396,-0.849387,12.7682956328490,12.1309033025341,1,4.3e-09
0.9996676698693432,0.0,-0.0008438188763311,0.0000000000000000,-0.0179292286504406,0.0000000000000000,4.7489805631699804,3.0000961959184558,-11.867553,-0.844803,12.7123515331039,12.0256736103424,1,4.2e-11
0.9996680426292908,0.0,-0.0008428047040632,0.0000000000000000,-0.0179429041606885,0.0000000000000000,4.7479805631699810,3.0000962057848795,-11.818966,-0.839925,12.6588890112760,11.9270101059196,1,2.3e-11
0.9996684154049427,0.0,-0.0008417910703951,0.0000000000000000,-0.0179565966606656,0.0000000000000000,4.7469805631699806,3.0000962156275213,-11.770497,-0.835032,12.6055230531479,11.8286530603245,1,4.9e-11
0.9996687881956379,0.0,-0.0008407779758916,0.0000000000000000,-0.0179703061754912,0.0000000000000000,4.7459805631699803,3.0000962254463643,-11.722204,-0.830115,12.5523184031219,11.7307728599096,1,3.0e-13
0.9996691610007163,0.0,-0.0008397654211114,0.0000000000000000,-0.0179840327303502,0.0000000000000000,4.7449805631699808,3.0000962352413914,-11.674027,-0.825182,12.4992086564274,11.6331941498288,1,1.1e-12
0.9996695338195269,0.0,-0.0008387534065979,0.0000000000000000,-0.0179977763507365,0.0000000000000000,4.7439805631699805,3.0000962450125832,-11.625972,-0.820232,12.4461993920096,11.5359310180676,1,3.5e-11
0.9996699066515038,0.0,-0.0008377419328061,0.0000000000000000,-0.0180115370643176,0.0000000000000000,4.7429805631699802,3.0000962547598995,-11.579244,-0.815111,12.3946459168925,11.4425577780019,1,2.4e-09
0.9996702794957257,0.0,-0.0008367310005647,0.0000000000000000,-0.0180253148899410,0.0000000000000000,4.7419805631699807,3.0000962644833944,-11.530338,-0.810268,12.3406073985108,11.3426798730337,1,9.3e-12
0.9996706523518167,0.0,-0.0008357206101183,0.0000000000000000,-0.0180391098601099,0.0000000000000000,4.7409805631699804,3.0000962741829778,-11.482699,-0.805261,12.2879563603266,11.2465105720510,1,3.5e-11
0.9996710252246427,0.0,-0.0008347107527899,0.0000000000000000,-0.0180529221425388,0.0000000000000000,4.7399805631699810,3.0000962838585106,-11.443610,-0.799161,12.2449012046715,11.1756299381857,1,1.7e-08
0.9996713980966976,0.0,-0.0008337014571110,0.0000000000000000,-0.0180667513294441,0.0000000000000000,4.7389805631699806,3.0000962935104099,-11.387902,-0.795182,12.1830839219899,11.0554517018176,1,3.5e-12
0.9996717709841960,0.0,-0.0008326926956072,0.0000000000000000,-0.0180805978804498,0.0000000000000000,4.7379805631699803,3.0000963031382248,-11.340713,-0.790114,12.1308279739916,10.9604699138348,1,9.6e-12
0.9996721438808620,0.0,-0.0008316844781563,0.0000000000000000,-0.0180944616767668,0.0000000000000000,4.7369805631699808,3.0000963127420808,-11.293669,-0.785025,12.0786976108197,10.8658670492228,1,3.0e-11
0.9996725167860556,0.0,-0.0008306768052743,0.0000000000000000,-0.0181083427446104,0.0000000000000000,4.7359805631699805,3.0000963223219608,-11.246750,-0.779919,12.0266706834705,10.7715839291570,1,1.9e-11
0.9996728897100335,0.0,-0.0008296696649476,0.0000000000000000,-0.0181222413448402,0.0000000000000000,4.7349805631699802,3.0000963318768195,-11.250315,-0.768455,12.0318167519241,10.8282566998936,1,1.0e-07
0.9996732626194405,0.0,-0.0008286630953515,0.0000000000000000,-0.0181361567989865,0.0000000000000000,4.7339805631699807,3.0000963414097237,-11.153252,-0.769657,11.9228863500373,10.5838668385190,1,1.7e-10
0.9996736355463230,0.0,-0.0008276570593347,0.0000000000000000,-0.0181500898382268,0.0000000000000000,4.7329805631699804,3.0000963509175680,-11.106854,-0.764478,11.8713345001146,10.4909765474777,1,1.4e-11
0.9996740084791601,0.0,-0.0008266515699902,0.0000000000000000,-0.0181640402537557,0.0000000000000000,4.7319805631699809,3.0000963604013662,-11.060497,-0.759293,11.8197886495963,10.3981460603200,1,5.3e-12
0.9996743814172925,0.0,-0.0008256466278364,0.0000000000000000,-0.0181780080719535,0.0000000000000000,4.7309805631699806,3.0000963698611001,-11.014298,-0.754085,11.7683843343390,10.3057340089225,1,1.1e-11
0.9996747543600832,0.0,-0.0008246422333833,0.0000000000000000,-0.0181919933193850,0.0000000000000000,4.7299805631699803,3.0000963792967514,-10.968235,-0.748857,11.7170941011314,10.2136671502656,1,1.3e-11
0.9996751273068880,0.0,-0.0008236383871424,0.0000000000000000,-0.0182059960226389,0.0000000000000000,4.7289805631699808,3.0000963887083021,-10.922300,-0.743611,11.6659094175661,10.1219225441827,1,1.2e-11
0.9996755002570699,0.0,-0.0008226350896183,0.0000000000000000,-0.0182200162084718,0.0000000000000000,4.7279805631699805,3.0000963980957343,-10.876532,-0.738342,11.6148751997458,10.0306186263150,1,1.3e-11
0.9996758732099855,0.0,-0.0008216323413231,0.0000000000000000,-0.0182340539035397,0.0000000000000000,4.7269805631699802,3.0000964074590302,-10.830889,-0.733053,11.5639426576794,9.9396257696390,1,2.9e-12
0.9996762461650044,0.0,-0.0008206301427559,0.0000000000000000,-0.0182481091345820,0.0000000000000000,4.7259805631699807,3.0000964167981810,-10.784986,-0.727794,11.5126707401551,9.8477746395288,1,8.1e-10
0.9996766191214701,0.0,-0.0008196284944322,0.0000000000000000,-0.0182621819288877,0.0000000000000000,4.7249805631699804,3.0000964261131440,-10.740047,-0.722413,11.4624628534389,9.7587838338247,1,1.8e-11
0.9996769920787567,0.0,-0.0008186273968484,0.0000000000000000,-0.0182762723129129,0.0000000000000000,4.7239805631699809,3.0000964354039259,-10.694829,-0.717063,11.4118930526275,9.6688742910806,1,3.1e-12
0.9996773650362301,0.0,-0.0008176268504932,0.0000000000000000,-0.0182903803140637,0.0000000000000000,4.7229805631699806,3.0000964446705005,-10.649744,-0.711694,11.3614328443997,9.5792948725923,1,3.2e-11
0.9996777379932558,0.0,-0.0008166268558612,0.0000000000000000,-0.0183045059595375,0.0000000000000000,4.7219805631699803,3.0000964539128496,-10.604828,-0.706300,11.3111258229010,9.4901607222250,1,1.4e-11
0.9996781109492436,0.0,-0.0008156274133769,0.0000000000000000,-0.0183186492781018,0.0000000000000000,4.7209805631699808,3.0000964631309386,-10.560983,-0.700772,11.2620098405904,9.4042233801196,1,1.8e-09
0.9996784839034168,0.0,-0.0008146285237436,0.0000000000000000,-0.0183328102923013,0.0000000000000000,4.7199805631699805,3.0000964723248011,-10.515408,-0.695451,11.2108566910662,9.3129226866099,1,1.3e-11
0.9996788568552868,0.0,-0.0008136301872361,0.0000000000000000,-0.0183469890343380,0.0000000000000000,4.7189805631699802,3.0000964814943676,-10.470916,-0.689994,11.1609089128702,9.2248559103921,1,5.8e-12
0.9996792298041706,0.0,-0.0008126324044215,0.0000000000000000,-0.0183611855279580,0.0000000000000000,4.7179805631699807,3.0000964906397112,-10.422521,-0.685001,11.1063990160457,9.1247177645308,1,8.0e-09
0.9996796027494425,0.0,-0.0008116351757567,0.0000000000000000,-0.0183753998071224,0.0000000000000000,4.7169805631699804,3.0000964997605930,-10.382360,-0.679016,11.0613766166543,9.0497970534662,1,3.6e-12
0.9996799756904867,0.0,-0.0008106385017130,0.0000000000000000,-0.0183896318936195,0.0000000000000000,4.7159805631699809,3.0000965088572173,-10.338204,-0.673506,11.0116849962268,8.9625194602840,1,1.8e-10
0.9996803486266320,0.0,-0.0008096423828329,0.0000000000000000,-0.0184038818163255,0.0000000000000000,4.7149805631699806,3.0000965179294883,-10.294386,-0.667951,10.9623412428892,8.8762016256851,1,2.8e-11
0.9996807215572794,0.0,-0.0008086468195481,0.0000000000000000,-0.0184181496036342,0.0000000000000000,4.7139805631699803,3.0000965269773929,-10.250603,-0.662388,10.9129928500243,8.7899063686336,1,1.6e-11
0.9996810944818102,0.0,-0.0008076518123096,0.0000000000000000,-0.0184324352838592,0.0000000000000000,4.7129805631699808,3.0000965360009109,-10.206972,-0.656802,10.8637767760923,8.7039969299887,1,2.2e-11
0.9996814673995816,0.0,-0.0008066573616190,0.0000000000000000,-0.0184467388845353,0.0000000000000000,4.7119805631699805,3.0000965450000252,-10.163478,-0.651194,10.8146739962063,8.6184226545217,1,1.3e-11
0.9996818403099771,0.0,-0.0008056634679295,0.0000000000000000,-0.0184610604339970,0.0000000000000000,4.7109805631699802,3.0000965539747173,-10.120136,-0.645564,10.7657025991860,8.5332308687547,1,2.0e-11
0.9996822132071249,0.0,-0.0008046701407809,0.0000000000000000,-0.0184753998074900,0.0000000000000000,4.7099805631699807,3.0000965629253558,-10.054162,-0.642573,10.6902078044085,8.3776546474930,1,4.4e-08
0.9996825861061397,0.0,-0.0008036773534077,0.0000000000000000,-0.0184897574923112,0.0000000000000000,4.7089805631699804,3.0000965718507597,-10.034047,-0.634218,10.6683162173554,8.3644247629232,1,3.5e-10
0.9996829589906474,0.0,-0.0008026851335317,0.0000000000000000,-0.0185041330571623,0.0000000000000000,4.7079805631699809,3.0000965807520812,-9.990966,-0.628541,10.6195102381892,8.2797700443026,1,2.1e-11
0.9996833318659603,0.0,-0.0008016934713980,0.0000000000000000,-0.0185185266981081,0.0000000000000000,4.7069805631699806,3.0000965896290430,-9.940401,-0.623721,10.5618596908478,8.1716089052334,1,1.5e-08
0.9996837047297126,0.0,-0.0008007023700103,0.0000000000000000,-0.0185329384096087,0.0000000000000000,4.7059805631699803,3.0000965984813517,-9.898209,-0.617927,10.5139897557353,8.0895123791404,1,1.4e-08
0.9996840775824750,0.0,-0.0007997118287855,0.0000000000000000,-0.0185473682392446,0.0000000000000000,4.7049805631699808,3.0000966073089996,-9.863082,-0.611318,10.4743996599560,8.0294689203625,1,7.8e-12
0.9996844504237763,0.0,-0.0007987218470284,0.0000000000000000,-0.0185618162241875,0.0000000000000000,4.7039805631699805,3.0000966161122333,-9.820733,-0.605534,10.4262610063705,7.9467116689854,1,3.8e-11
0.9996848232527560,0.0,-0.0007977324258817,0.0000000000000000,-0.0185762823866517,0.0000000000000000,4.7029805631699801,3.0000966248909036,-9.778444,-0.599736,10.3781440365872,7.8640410993846,1,2.3e-10
0.9996851960687404,0.0,-0.0007967435658891,0.0000000000000000,-0.0185907667541684,0.0000000000000000,4.7019805631699807,3.0000966336449846,-9.736530,-0.593889,10.3304219649063,7.7824508647882,1,1.8e-11
0.9996855688711906,0.0,-0.0007957552673456,0.0000000000000000,-0.0186052693579640,0.0000000000000000,4.7009805631699804,3.0000966423744631,-9.694843,-0.588010,10.2829181798592,7.7014697599204,1,4.2e-10
0.9996859416604497,0.0,-0.0007947675343853,0.0000000000000000,-0.0186197901979327,0.0000000000000000,4.6999805631699809,3.0000966510787963,-9.679184,-0.579204,10.2662454818113,7.7025458993852,1,5.1e-08
0.9996863144327814,0.0,-0.0007937803568680,0.0000000000000000,-0.0186343293827539,0.0000000000000000,4.6989805631699806,3.0000966597595506,-9.611251,-0.576257,10.1875046673622,7.5385109153619,1,2.2e-11
0.9996866871907626,0.0,-0.0007927937456676,0.0000000000000000,-0.0186488868645845,0.0000000000000000,4.6979805631699803,3.0000966684151171,-9.569788,-0.570333,10.1401172231695,7.4579220983022,1,2.3e-11
0.9996870599327102,0.0,-0.0007918076977526,0.0000000000000000,-0.0186634626982426,0.0000000000000000,4.6969805631699808,3.0000966770460091,-9.528447,-0.564388,10.0928237814996,7.3776100179701,1,7.0e-11
0.9996874326581554,0.0,-0.0007908222132977,0.0000000000000000,-0.0186780569173387,0.0000000000000000,4.6959805631699805,3.0000966856522076,-9.487339,-0.558410,10.0457569619564,7.2979251771811,1,5.2e-11
0.9996878053660653,0.0,-0.0007898372934883,0.0000000000000000,-0.0186926695390171,0.0000000000000000,4.6949805631699801,3.0000966942337062,-9.445698,-0.552484,9.9980012489251,7.2164340502322,1,1.1e-09
0.9996881780565704,0.0,-0.0007888529376524,0.0000000000000000,-0.0187073006066493,0.0000000000000000,4.6939805631699807,3.0000967027906555,-9.393330,-0.547719,9.9373326263943,7.1005319538228,1,2.3e-08
0.9996885507283909,0.0,-0.0007878691463284,0.0000000000000000,-0.0187219501598856,0.0000000000000000,4.6929805631699804,3.0000967113224828,-9.364274,-0.540403,9.9045541223084,7.0590199176948,1,7.6e-10
0.9996889233805575,0.0,-0.0007868859224675,0.0000000000000000,-0.0187366181787397,0.0000000000000000,4.6919805631699809,3.0000967198297150,-9.324083,-0.534296,9.8583788629761,6.9818155538211,1,3.8e-13
0.9996892960135055,0.0,-0.0007859032631994,0.0000000000000000,-0.0187513047460942,0.0000000000000000,4.6909805631699806,3.0000967283121782,-9.283669,-0.528204,9.8118810477432,6.9037710625092,1,5.2e-11
0.9996896686261278,0.0,-0.0007849211702417,0.0000000000000000,-0.0187660098725981,0.0000000000000000,4.6899805631699802,3.0000967367698399,-9.243373,-0.522091,9.7654729934947,6.8259891578729,1,5.3e-11
0.9996900412182326,0.0,-0.0007839396431048,0.0000000000000000,-0.0187807336031602,0.0000000000000000,4.6889805631699808,3.0000967452026583,-9.204874,-0.515779,9.7211807839307,6.7538699460341,1,3.2e-09
0.9996904137881006,0.0,-0.0007829586846644,0.0000000000000000,-0.0187954759276222,0.0000000000000000,4.6879805631699805,3.0000967536106864,-9.163184,-0.509799,9.6729807406660,6.6713549764041,1,1.2e-11
0.9996907863362214,0.0,-0.0007819782929100,0.0000000000000000,-0.0188102369160127,0.0000000000000000,4.6869805631699801,3.0000967619938335,-9.123335,-0.503613,9.6269486591390,6.5946411968026,1,4.3e-12
0.9996911588610911,0.0,-0.0007809984701147,0.0000000000000000,-0.0188250165686340,0.0000000000000000,4.6859805631699798,3.0000967703521031,-9.083604,-0.497407,9.5810070449511,6.5181973344478,1,5.4e-11
0.9996915313641008,0.0,-0.0007800192128634,0.0000000000000000,-0.0188398149753372,0.0000000000000000,4.6849805631699803,3.0000967786855544,-9.039874,-0.491608,9.5301401229040,6.4286026381149,1,8.0e-09
0.9996919038419712,0.0,-0.0007790405264983,0.0000000000000000,-0.0188546320924580,0.0000000000000000,4.6839805631699800,3.0000967869939559,-9.004629,-0.484916,9.4895433790362,6.3664656469852,1,1.3e-11
0.9996922762956462,0.0,-0.0007780624087275,0.0000000000000000,-0.0188694679892372,0.0000000000000000,4.6829805631699806,3.0000967952774946,-8.965380,-0.478633,9.4440179814300,6.2911842566711,1,3.1e-11
0.9996926487242583,0.0,-0.0007770848603502,0.0000000000000000,-0.0188843226914926,0.0000000000000000,4.6819805631699802,3.0000968035360867,-8.926251,-0.472327,9.3985828244621,6.2161620687840,1,2.6e-11
0.9996930211271882,0.0,-0.0007761078818308,0.0000000000000000,-0.0188991962290013,0.0000000000000000,4.6809805631699799,3.0000968117697169,-8.887006,-0.466024,9.3529472649973,6.1406220852346,1,4.8e-10
0.9996933935037385,0.0,-0.0007751314737044,0.0000000000000000,-0.0189140886306430,0.0000000000000000,4.6799805631699805,3.0000968199783538,-8.848429,-0.459643,9.3080732059396,6.0671355406917,1,6.8e-12
0.9996937658534427,0.0,-0.0007741556361616,0.0000000000000000,-0.0189289999305706,0.0000000000000000,4.6789805631699801,3.0000968281619924,-8.809748,-0.453264,9.2630146601925,5.9931724497773,1,1.8e-11
0.9996941381756544,0.0,-0.0007731803696690,0.0000000000000000,-0.0189439301587503,0.0000000000000000,4.6779805631699798,3.0000968363206102,-8.771195,-0.446861,9.2180545899318,5.9194891803242,1,7.4e-12
0.9996945104697876,0.0,-0.0007722056745983,0.0000000000000000,-0.0189588793467377,0.0000000000000000,4.6769805631699803,3.0000968444541880,-8.732805,-0.440432,9.1732360310536,5.8462002551818,1,2.4e-12
0.9996948827352572,0.0,-0.0007712315513167,0.0000000000000000,-0.0189738475261017,0.0000000000000000,4.6759805631699800,3.0000968525627112,-8.694364,-0.433997,9.1282953643305,5.7726003284117,1,3.7e-10
0.9996952549714461,0.0,-0.0007702580002535,0.0000000000000000,-0.0189888347278072,0.0000000000000000,4.6749805631699806,3.0000968606461522,-8.656436,-0.427502,9.0839302695468,5.7005543534853,1,4.5e-11
0.9996956271777888,0.0,-0.0007692850217318,0.0000000000000000,-0.0190038409841129,0.0000000000000000,4.6739805631699802,3.0000968687045018,-8.618496,-0.420997,9.0394899747965,5.6283219722554,1,2.1e-11
0.9996959993537033,0.0,-0.0007683126161189,0.0000000000000000,-0.0190188663269819,0.0000000000000000,4.6729805631699799,3.0000968767377372,-8.580731,-0.414465,8.9952062251550,5.5565220037079,1,5.6e-11
0.9996963714983509,0.0,-0.0007673407842524,0.0000000000000000,-0.0190339107797641,0.0000000000000000,4.6719805631699804,3.0000968847458709,-8.541153,-0.408096,8.9486033356433,5.4785372412812,1,3.6e-09
0.9996967436118100,0.0,-0.0007663695252571,0.0000000000000000,-0.0190489743972599,0.0000000000000000,4.6709805631699801,3.0000968927287968,-8.505519,-0.401337,8.9068514536983,5.4135321648528,1,2.2e-11
0.9996971156928592,0.0,-0.0007653988406814,0.0000000000000000,-0.0190640571897256,0.0000000000000000,4.6699805631699798,3.0000969006865832,-8.468153,-0.394733,8.8628809288858,5.3426095348264,1,2.4e-11
0.9996974877411210,0.0,-0.0007644287305075,0.0000000000000000,-0.0190791591964036,0.0000000000000000,4.6689805631699803,3.0000969086191813,-8.430930,-0.388104,8.8190278019634,5.2720130219508,1,3.3e-11
0.9996978597559961,0.0,-0.0007634591951170,0.0000000000000000,-0.0190942804492099,0.0000000000000000,4.6679805631699800,3.0000969165265752,-8.393877,-0.381448,8.7753247737422,5.2018300227962,1,1.6e-12
0.9996982317369258,0.0,-0.0007624902348341,0.0000000000000000,-0.0191094209810316,0.0000000000000000,4.6669805631699806,3.0000969244087479,-8.356744,-0.374787,8.7314588672903,5.1312220423602,1,3.9e-10
0.9996986036833121,0.0,-0.0007615218500255,0.0000000000000000,-0.0191245808243925,0.0000000000000000,4.6659805631699802,3.0000969322656710,-8.320166,-0.368064,8.6882270478208,5.0623216266276,1,1.5e-11
0.9996989755954203,0.0,-0.0007605540429572,0.0000000000000000,-0.0191397599892757,0.0000000000000000,4.6649805631699799,3.0000969400973561,-8.278738,-0.361768,8.6387964592071,4.9767876585019,1,9.1e-09
0.9996993474701193,0.0,-0.0007595868083091,0.0000000000000000,-0.0191549585745915,0.0000000000000000,4.6639805631699804,3.0000969479037227,-8.247053,-0.354577,8.6016270493133,4.9241862805578,1,1.4e-11
0.9996997193087859,0.0,-0.0007586201532864,0.0000000000000000,-0.0191701765221336,0.0000000000000000,4.6629805631699801,3.0000969556850099,-8.197291,-0.349002,8.5414705145192,4.8100130726249,1,2.5e-08
0.9997000911118048,0.0,-0.0007576540727198,0.0000000000000000,-0.0191854139626576,0.0000000000000000,4.6619805631699798,3.0000969634405812,-8.174529,-0.340988,8.5155144883743,4.7873924814267,1,1.0e-11
0.9997004628767815,0.0,-0.0007566885705884,0.0000000000000000,-0.0192006708532428,0.0000000000000000,4.6609805631699803,3.0000969711710166,-8.138485,-0.334155,8.4726371201162,4.7194871300189,1,1.3e-11
0.9997008346037420,0.0,-0.0007557236460250,0.0000000000000000,-0.0192159472522838,0.0000000000000000,4.6599805631699800,3.0000969788760967,-8.102590,-0.327296,8.4298841357838,4.6519225186701,1,1.1e-11
0.9997012062921874,0.0,-0.0007547592992412,0.0000000000000000,-0.0192312431953876,0.0000000000000000,4.6589805631699805,3.0000969865557989,-8.067280,-0.320374,8.3878111622626,4.5861850658519,1,8.1e-10
0.9997015779413245,0.0,-0.0007537955309456,0.0000000000000000,-0.0192465587090389,0.0000000000000000,4.6579805631699802,3.0000969942101214,-8.031288,-0.313497,8.3448002222239,4.5179447882661,1,7.7e-11
0.9997019495507814,0.0,-0.0007528323411279,0.0000000000000000,-0.0192618938330624,0.0000000000000000,4.6569805631699799,3.0000970018390287,-7.995783,-0.306566,8.3023456740526,4.4511999089053,1,1.6e-11
0.9997023211201416,0.0,-0.0007518697298110,0.0000000000000000,-0.0192772486062220,0.0000000000000000,4.6559805631699804,3.0000970094425026,-7.960756,-0.299580,8.2604367559081,4.3859192313664,1,5.1e-10
0.9997026926481921,0.0,-0.0007509076985581,0.0000000000000000,-0.0192926230410683,0.0000000000000000,4.6549805631699801,3.0000970170205354,-7.925311,-0.292617,8.2179234847061,4.3190310372329,1,2.3e-11
0.9997030641350110,0.0,-0.0007499462464392,0.0000000000000000,-0.0193080171928786,0.0000000000000000,4.6539805631699798,3.0000970245730993,-7.890313,-0.285602,8.1759159101750,4.2534992818087,1,6.1e-12
0.9997034355797348,0.0,-0.0007489853743711,0.0000000000000000,-0.0193234310855618,0.0000000000000000,4.6529805631699803,3.0000970321001765,-7.855472,-0.278560,8.1340426295075,4.1883324466638,1,5.4e-11
0.9997038069819948,0.0,-0.0007480250822304,0.0000000000000000,-0.0193388647604497,0.0000000000000000,4.6519805631699800,3.0000970396017519,-7.820709,-0.271498,8.0922018064860,4.1232550095444,1,2.6e-11
0.9997041783410310,0.0,-0.0007470653707685,0.0000000000000000,-0.0193543182446177,0.0000000000000000,4.6509805631699805,3.0000970470778037,-7.786144,-0.264406,8.0505482283039,4.0586834618761,1,9.6e-12
0.9997045496563153,0.0,-0.0007461062402264,0.0000000000000000,-0.0193697915738334,0.0000000000000000,4.6499805631699802,3.0000970545283030,-7.752424,-0.257232,8.0099267150443,3.9968812364171,1,1.3e-09
0.9997049209273461,0.0,-0.0007451476907336,0.0000000000000000,-0.0193852847846439,0.0000000000000000,4.6489805631699799,3.0000970619532632,-7.717443,-0.250145,7.9675876715420,3.9304775205500,1,1.3e-13
0.9997052921534917,0.0,-0.0007441897227984,0.0000000000000000,-0.0194007979091808,0.0000000000000000,4.6479805631699804,3.0000970693526341,-7.683310,-0.242975,7.9262851008556,3.8668541193721,1,4.1e-13
0.9997056633342243,0.0,-0.0007432323366354,0.0000000000000000,-0.0194163309832963,0.0000000000000000,4.6469805631699801,3.0000970767264081,-7.649223,-0.235787,7.8849708350575,3.8032006419690,1,1.9e-10
0.9997060344689863,0.0,-0.0007422755325488,0.0000000000000000,-0.0194318840415170,0.0000000000000000,4.6459805631699798,3.0000970840745769,-7.614488,-0.228634,7.8427284705307,3.7370592220437,1,1.9e-09
0.9997064055569076,0.0,-0.0007413193115619,0.0000000000000000,-0.0194474571090725,0.0000000000000000,4.6449805631699803,3.0000970913970266,-7.585416,-0.221036,7.8078929267537,3.6907821119117,1,6.7e-09
0.9997067765982415,0.0,-0.0007403636720007,0.0000000000000000,-0.0194630502484647,0.0000000000000000,4.6439805631699800,3.0000970986939470,-7.548253,-0.214036,7.7622925840481,3.6156349124812,1,1.9e-11
0.9997071475916555,0.0,-0.0007394086160770,0.0000000000000000,-0.0194786634676560,0.0000000000000000,4.6429805631699805,3.0000971059651387,-7.514832,-0.206737,7.7215657610482,3.5535576810769,1,1.8e-11
0.9997075185377666,0.0,-0.0007384541431106,0.0000000000000000,-0.0194942968250096,0.0000000000000000,4.6419805631699802,3.0000971132104839,-7.490852,-0.198731,7.6933271029974,3.5249440475076,1,1.7e-08
0.9997078894332365,0.0,-0.0007375002544678,0.0000000000000000,-0.0195099503129450,0.0000000000000000,4.6409805631699799,3.0000971204304245,-7.448473,-0.192059,7.6405290501165,3.4305181219798,1,1.3e-11
0.9997082602802909,0.0,-0.0007365469493639,0.0000000000000000,-0.0195256240098538,0.0000000000000000,4.6399805631699804,3.0000971276244806,-7.415510,-0.184681,7.6001872509861,3.3694694064584,1,1.6e-11
0.9997086310774468,0.0,-0.0007355942284488,0.0000000000000000,-0.0195413179369381,0.0000000000000000,4.6389805631699801,3.0000971347927874,-7.382641,-0.177280,7.5598962906055,3.3085545748587,1,1.1e-10
0.9997090018241335,0.0,-0.0007346420920240,0.0000000000000000,-0.0195570321294143,0.0000000000000000,4.6379805631699798,3.0000971419353335,-7.349482,-0.169884,7.5191365776292,3.2463797145594,1,1.0e-09
0.9997093725198254,0.0,-0.0007336905403725,0.0000000000000000,-0.0195727666238361,0.0000000000000000,4.6369805631699803,3.0000971490520754,-7.317504,-0.162390,7.4798912868592,3.1882639514166,1,1.0e-11
0.9997097431639530,0.0,-0.0007327395737584,0.0000000000000000,-0.0195885214556693,0.0000000000000000,4.6359805631699800,3.0000971561430188,-7.285126,-0.154907,7.4400307076069,3.1284939084435,1,1.1e-11
0.9997101137559568,0.0,-0.0007317891924963,0.0000000000000000,-0.0196042966606705,0.0000000000000000,4.6349805631699805,3.0000971632081348,-7.253040,-0.147389,7.4004881109528,3.0695729556654,1,2.6e-10
0.9997104842953034,0.0,-0.0007308393968253,0.0000000000000000,-0.0196200922754970,0.0000000000000000,4.6339805631699802,3.0000971702474093,-7.220839,-0.139862,7.3607120098893,3.0100207028337,1,4.7e-11
0.9997108547814195,0.0,-0.0007298901870730,0.0000000000000000,-0.0196359083356765,0.0000000000000000,4.6329805631699799,3.0000971772608178,-7.188867,-0.132303,7.3211670597150,2.9510837505213,1,1.2e-11
0.9997112252137785,0.0,-0.0007289415634693,0.0000000000000000,-0.0196517448783345,0.0000000000000000,4.6319805631699804,3.0000971842483430,-7.157082,-0.124716,7.2817990827753,2.8926159520283,1,6.4e-12
0.9997115955918165,0.0,-0.0007279935263161,0.0000000000000000,-0.0196676019394146,0.0000000000000000,4.6309805631699801,3.0000971912099659,-7.125435,-0.117103,7.2425416230509,2.8344387451608,1,1.3e-11
0.9997119659149961,0.0,-0.0007270460758628,0.0000000000000000,-0.0196834795559040,0.0000000000000000,4.6299805631699797,3.0000971981456677,-7.093911,-0.109466,7.2033715536525,2.7764894910985,1,2.4e-11
0.9997123361827573,0.0,-0.0007260992124035,0.0000000000000000,-0.0196993777640822,0.0000000000000000,4.6289805631699803,3.0000972050554280,-7.062556,-0.101801,7.1643527130294,2.7189393246943,1,1.7e-11
0.9997127063945439,0.0,-0.0007251529361941,0.0000000000000000,-0.0197152966009144,0.0000000000000000,4.6279805631699800,3.0000972119392273,-7.031471,-0.094103,7.1256276232293,2.6621707235060,1,2.2e-10
0.9997130765517253,0.0,-0.0007242072435464,0.0000000000000000,-0.0197312361679425,0.0000000000000000,4.6269805631699805,3.0000972187972410,-6.986959,-0.087186,7.0681915137934,2.5551452081207,1,2.5e-08
0.9997134466515090,0.0,-0.0007232621410470,0.0000000000000000,-0.0197471964139206,0.0000000000000000,4.6259805631699802,3.0000972256287404,-6.978255,-0.078128,7.0603651069432,2.5812637534195,1,1.6e-08
0.9997138166978456,0.0,-0.0007223176169294,0.0000000000000000,-0.0197631775723617,0.0000000000000000,4.6249805631699799,3.0000972324340225,-6.987138,-0.068076,7.0770101680980,2.6730248057012,1,9.0e-08
0.9997141866714063,0.0,-0.0007213737089012,0.0000000000000000,-0.0197791789805598,0.0000000000000000,4.6239805631699804,3.0000972392144440,-6.907978,-0.063089,6.9710831841448,2.4359646344278,1,6.7e-11
0.9997145565952710,0.0,-0.0007204303728312,0.0000000000000000,-0.0197952015184734,0.0000000000000000,4.6229805631699801,3.0000972459681559,-6.877417,-0.055274,6.9326760697140,2.3800052919602,1,6.2e-11
0.9997149264599560,0.0,-0.0007194876254972,0.0000000000000000,-0.0198112449099544,0.0000000000000000,4.6219805631699797,3.0000972526957916,-6.847040,-0.047431,6.8944409444350,2.3244970495095,1,1.2e-10
0.9997152962648765,0.0,-0.0007185454672294,0.0000000000000000,-0.0198273091912874,0.0000000000000000,4.6209805631699803,3.0000972593973310,-6.816885,-0.039558,6.8564347310554,2.2695930127881,1,3.1e-11
0.9997156660095310,0.0,-0.0007176038982206,0.0000000000000000,-0.0198433944011123,0.0000000000000000,4.6199805631699800,3.0000972660727654,-6.786180,-0.031696,6.8175660942283,2.2123621322917,1,1.2e-09
0.9997160356936090,0.0,-0.0007166629182245,0.0000000000000000,-0.0198595005869462,0.0000000000000000,4.6189805631699805,3.0000972727220421,-6.757458,-0.023713,6.7814202617076,2.1624270188709,1,9.9e-10
0.9997164053158091,0.0,-0.0007157225290540,0.0000000000000000,-0.0198756277577132,0.0000000000000000,4.6179805631699802,3.0000972793451868,-6.727114,-0.015796,6.7428895819501,2.1060836935743,1,8.0e-11
0.9997167748763830,0.0,-0.0007147827293579,0.0000000000000000,-0.0198917759806875,0.0000000000000000,4.6169805631699798,3.0000972859421600,-6.696861,-0.007855,6.7043976596520,2.0498284305830,1,1.2e-09
0.9997171443745191,0.0,-0.0007138435199377,0.0000000000000000,-0.0199079452845787,0.0000000000000000,4.6159805631699804,3.0000972925129261,-6.667921,0.000169,6.6676933108258,1.9983601161764,1,2.3e-10
0.9997175138097061,0.0,-0.0007129049009719,0.0000000000000000,-0.0199241357083345,0.0000000000000000,4.6149805631699801,3.0000972990574866,-6.638618,0.008193,6.6303843669990,1.9452550856819,1,1.6e-10
0.9997178831814097,0.0,-0.0007119668727248,0.0000000000000000,-0.0199403472896839,0.0000000000000000,4.6139805631699797,3.0000973055758409,-6.607561,0.016153,6.5904580462066,1.8851079608847,1,3.6e-09
0.9997182524891355,0.0,-0.0007110294353011,0.0000000000000000,-0.0199565800710135,0.0000000000000000,4.6129805631699803,3.0000973120679095,-6.579263,0.024262,6.5544166057299,1.8353778959895,1,2.2e-09
0.9997186217321772,0.0,-0.0007100925893194,0.0000000000000000,-0.0199728340835476,0.0000000000000000,4.6119805631699800,3.0000973185337028,-6.551505,0.032412,6.5190780835235,1.7875224920441,1,5.8e-11
0.9997189909101809,0.0,-0.0007091563347540,0.0000000000000000,-0.0199891093690127,0.0000000000000000,4.6109805631699805,3.0000973249732876,-6.517520,0.040305,6.4745942632669,1.7150929363298,1,9.8e-09
0.9997193600226256,0.0,-0.0007082206715197,0.0000000000000000,-0.0200054059767430,0.0000000000000000,4.6099805631699802,3.0000973313864292,-6.494118,0.048681,6.4454271204830,1.6837785147393,1,3.7e-11
0.9997197290689049,0.0,-0.0007072856002807,0.0000000000000000,-0.0200217239338206,0.0000000000000000,4.6089805631699798,3.0000973377733087,-6.465644,0.056852,6.4087882452646,1.6323839759945,1,1.3e-11
0.9997200980485188,0.0,-0.0007063511211085,0.0000000000000000,-0.0200380632837865,0.0000000000000000,4.6079805631699795,3.0000973441338386,-6.437292,0.065048,6.3722368903483,1.5812081550322,1,2.7e-11
0.9997204669609414,0.0,-0.0007054172342231,0.0000000000000000,-0.0200544240661551,0.0000000000000000,4.6069805631699801,3.0000973504680011,-6.409043,0.073266,6.3357463768613,1.5301789769887,1,1.1e-10
0.9997208358056573,0.0,-0.0007044839398203,0.0000000000000000,-0.0200708063210513,0.0000000000000000,4.6059805631699797,3.0000973567757740,-6.381037,0.081512,6.2995224259004,1.4798482271645,1,8.4e-12
0.9997212045821318,0.0,-0.0007035512381354,0.0000000000000000,-0.0200872100878728,0.0000000000000000,4.6049805631699803,3.0000973630571397,-6.353123,0.089781,6.2633429901213,1.4296195630370,1,3.8e-12
0.9997215732898406,0.0,-0.0007026191293779,0.0000000000000000,-0.0201036354066294,0.0000000000000000,4.6039805631699799,3.0000973693120776,-6.325332,0.098073,6.2272538931374,1.3796154459336,1,1.8e-11
0.9997219419282706,0.0,-0.0007016876137439,0.0000000000000000,-0.0201200823176879,0.0000000000000000,4.6029805631699796,3.0000973755405673,-6.297715,0.106390,6.1913320298325,1.3300417956806,1,2.5e-11
0.9997223104968911,0.0,-0.0007007566914571,0.0000000000000000,-0.0201365508609700,0.0000000000000000,4.6019805631699802,3.0000973817425916,-6.270169,0.114729,6.1554217593032,1.2804805558359,1,6.5e-11
0.9997226789951957,0.0,-0.0006998263626898,0.0000000000000000,-0.0201530410774843,0.0000000000000000,4.6009805631699798,3.0000973879181267,-6.242861,0.123094,6.1197744626105,1.2316060555676,1,2.9e-11
0.9997230474226582,0.0,-0.0006988966276670,0.0000000000000000,-0.0201695530073330,0.0000000000000000,4.5999805631699795,3.0000973940671560,-6.215611,0.131481,6.0841210549864,1.1826953087399,1,3.1e-11
0.9997234157787771,0.0,-0.0006979674865580,0.0000000000000000,-0.0201860866916640,0.0000000000000000,4.5989805631699801,3.0000974001896634,-6.188163,0.139880,6.0480716826031,1.1327010047666,1,7.3e-10
0.9997237840629833,0.0,-0.0006970389396349,0.0000000000000000,-0.0202026421701805,0.0000000000000000,4.5979805631699797,3.0000974062856143,-6.161594,0.148326,6.0132602649088,1.0860107923972,1,2.8e-11
0.9997241522748124,0.0,-0.0006961109862834,0.0000000000000000,-0.0202192194986114,0.0000000000000000,4.5969805631699803,3.0000974123549145,-6.142755,0.157021,5.9901509183160,1.0707271081135,1,1.5e-08
0.9997245204137422,0.0,-0.0006951836289123,0.0000000000000000,-0.0202358186769767,0.0000000000000000,4.5959805631699799,3.0000974183978060,-6.108149,0.165264,5.9428851001065,0.9905461218558,1,1.1e-12
0.9997248884813594,0.0,-0.0006942568607319,0.0000000000000000,-0.0202524398798991,0.0000000000000000,4.5949805631699796,3.0000974244138150,-6.097354,0.174208,5.9320130649597,1.0080431686493,1,3.0e-08
0.9997252564715560,0.0,-0.0006933306956743,0.0000000000000000,-0.0202690828769490,0.0000000000000000,4.5939805631699802,3.0000974304038177,-6.035949,0.181773,5.8431361547429,0.8161194946244,1,3.7e-08
0.9997256243879262,0.0,-0.0006924051236396,0.0000000000000000,-0.0202857479279948,0.0000000000000000,4.5929805631699798,3.0000974363664961,-6.029007,0.190841,5.8381718257259,0.8494652474399,1,2.1e-11
0.9997259922298751,0.0,-0.0006914801475190,0.0000000000000000,-0.0203024350031689,0.0000000000000000,4.5919805631699795,3.0000974423029887,-5.982191,0.198894,5.7712514660161,0.7164251485299,1,3.9e-08
0.9997263599971495,0.0,-0.0006905557620655,0.0000000000000000,-0.0203191442537943,0.0000000000000000,4.5909805631699800,3.0000974482123723,-5.973210,0.207915,5.7631257315596,0.7412324552710,1,7.0e-09
0.9997267276873834,0.0,-0.0006896319760134,0.0000000000000000,-0.0203358755615895,0.0000000000000000,4.5899805631699797,3.0000974540951897,-5.950977,0.216617,5.7342968216208,0.7104284443412,1,2.0e-10
0.9997270953029249,0.0,-0.0006887087822750,0.0000000000000000,-0.0203526291031338,0.0000000000000000,4.5889805631699803,3.0000974599513417,-5.924071,0.225228,5.6980576051322,0.6596827402823,1,2.5e-09
0.9997274628389525,0.0,-0.0006877861892215,0.0000000000000000,-0.0203694047662642,0.0000000000000000,4.5879805631699799,3.0000974657807191,-5.899797,0.233914,5.6658635189829,0.6198071696207,1,6.1e-11
0.9997278302986944,0.0,-0.0006868641900740,0.0000000000000000,-0.0203862027257304,0.0000000000000000,4.5869805631699796,3.0000974715833428,-5.874412,0.242595,5.6318204509696,0.5749254444492,1,1.1e-11
0.9997281976803928,0.0,-0.0006859427872773,0.0000000000000000,-0.0204030229802632,0.0000000000000000,4.5859805631699802,3.0000974773591937,-5.848143,0.251277,5.5962707390660,0.5259752537993,1,1.9e-09
0.9997285649836379,0.0,-0.0006850219809362,0.0000000000000000,-0.0204198655751307,0.0000000000000000,4.5849805631699798,3.0000974831082114,-5.823978,0.260018,5.5639659788338,0.4857071820021,1,2.0e-11
0.9997289322078359,0.0,-0.0006841017712693,0.0000000000000000,-0.0204367305508422,0.0000000000000000,4.5839805631699795,3.0000974888304150,-5.798949,0.268762,5.5301857284169,0.4414533223145,1,5.0e-12
0.9997292993525236,0.0,-0.0006831821584039,0.0000000000000000,-0.0204536179515660,0.0000000000000000,4.5829805631699800,3.0000974945257695,-5.774122,0.277526,5.4966273017803,0.3977679770100,1,9.8e-11
0.9997296664171850,0.0,-0.0006822631425591,0.0000000000000000,-0.0204705278189957,0.0000000000000000,4.5819805631699797,3.0000975001942747,-5.747961,0.286288,5.4608114600094,0.3479974471374,1,2.6e-09
0.9997300334013275,0.0,-0.0006813447237871,0.0000000000000000,-0.0204874601994607,0.0000000000000000,4.5809805631699803,3.0000975058358583,-5.724701,0.295115,5.4295782671751,0.3104978338043,1,2.4e-11
0.9997304003044567,0.0,-0.0006804269023274,0.0000000000000000,-0.0205044151333083,0.0000000000000000,4.5799805631699799,3.0000975114505746,-5.698225,0.303911,5.3930207668752,0.2586827469444,1,3.9e-09
0.9997307671260458,0.0,-0.0006795096783382,0.0000000000000000,-0.0205213926661441,0.0000000000000000,4.5789805631699796,3.0000975170383124,-5.675907,0.312785,5.3631314262500,0.2247322417667,1,2.9e-11
0.9997309505060414,0.0,-0.0006790512907348,0.0000000000000000,-0.0205298899154057,0.0000000000000000,4.5784805631699799,3.0000975198220710,-5.665035,0.317231,5.3486281445163,0.2089293646016,1,2.4e-09
0.9997311338656267,0.0,-0.0006785930519332,0.0000000000000000,-0.0205383928409844,0.0000000000000000,4.5779805631699793,3.0000975225991153,-5.652550,0.321661,5.3314585334001,0.1859667157862,1,1.7e-09
0.9997313172049367,0.0,-0.0006781349620330,0.0000000000000000,-0.0205469014486739,0.0000000000000000,4.5774805631699795,3.0000975253694313,-5.638820,0.326079,5.3122091057968,0.1574106576104,1,1.6e-09
0.9997315005227034,0.0,-0.0006776770232667,0.0000000000000000,-0.0205554157015274,0.0000000000000000,4.5769805631699798,3.0000975281329705,-5.627588,0.330533,5.2970436425757,0.1398152782006,1,3.2e-11
0.9997316838201360,0.0,-0.0006772192331477,0.0000000000000000,-0.0205639356526890,0.0000000000000000,4.5764805631699792,3.0000975308897733,-5.615576,0.334982,5.2805669543331,0.1186891867440,1,7.7e-11
0.9997318670967664,0.0,-0.0006767615924946,0.0000000000000000,-0.0205724612924284,0.0000000000000000,4.5759805631699795,3.0000975336398246,-5.603657,0.339437,5.2642190661123,0.0979011616446,1,4.6e-12
0.9997320503525077,0.0,-0.0006763041013687,0.0000000000000000,-0.0205809926253465,0.0000000000000000,4.5754805631699798,3.0000975363831257,-5.591639,0.343895,5.2476789646861,0.0765901737155,1,1.9e-10
0.9997322335873033,0.0,-0.0006758467597974,0.0000000000000000,-0.0205895296569730,0.0000000000000000,4.5749805631699800,3.0000975391196691,-5.579849,0.348359,5.2314906323179,0.0562153536300,1,2.6e-12
0.9997324168011315,0.0,-0.0006753895677105,0.0000000000000000,-0.0205980723943607,0.0000000000000000,4.5744805631699794,3.0000975418494598,-5.567652,0.352824,5.2145988496554,0.0339456023597,1,6.6e-10
0.9997325999937836,0.0,-0.0006749325254088,0.0000000000000000,-0.0206066208374866,0.0000000000000000,4.5739805631699797,3.0000975445724984,-5.554899,0.357288,5.1967489529991,0.0090999219791,1,2.5e-09
0.9997327831664713,0.0,-0.0006744756271029,0.0000000000000000,-0.0206151750998518,0.0000000000000000,4.5734805631699800,3.0000975472885707,-5.563377,0.361957,5.2143369071785,0.0793177198632,1,3.7e-08
0.9997329663159438,0.0,-0.0006740188890013,0.0000000000000000,-0.0206237348887546,0.0000000000000000,4.5729805631699794,3.0000975499982445,-5.532608,0.366260,5.1663407655050,-0.0264247369333,1,2.2e-11
0.9997331494450766,0.0,-0.0006735622953951,0.0000000000000000,-0.0206323004982402,0.0000000000000000,4.5724805631699796,3.0000975527009750,-5.520934,0.370747,5.1502155909332,-0.0466676085934,1,7.9e-11
0.9997333325529575,0.0,-0.0006731058513463,0.0000000000000000,-0.0206408718417598,0.0000000000000000,4.5719805631699799,3.0000975553969411,-5.508719,0.375234,5.1331524233470,-0.0694349267157,1,9.3e-10
0.9997335156394580,0.0,-0.0006726495569508,0.0000000000000000,-0.0206494489236679,0.0000000000000000,4.5714805631699793,3.0000975580861220,-5.497548,0.379734,5.1178187295976,-0.0875715173216,1,1.3e-11
0.9997336987045333,0.0,-0.0006721934122177,0.0000000000000000,-0.0206580317493802,0.0000000000000000,4.5709805631699796,3.0000975607685341,-5.485887,0.384234,5.1016343628925,-0.1079975427466,1,5.3e-11
0.9997338817481103,0.0,-0.0006717374171819,0.0000000000000000,-0.0206666203243015,0.0000000000000000,4.5704805631699799,3.0000975634441671,-5.474303,0.388738,5.0855524283695,-0.1281567574094,1,3.3e-11
0.9997340647698716,0.0,-0.0006712815721419,0.0000000000000000,-0.0206752146473565,0.0000000000000000,4.5699805631699792,3.0000975661130380,-5.461597,0.393239,5.0675400404027,-0.1534946325425,1,2.3e-09
0.9997342477706062,0.0,-0.0006708258760682,0.0000000000000000,-0.0206838147471630,0.0000000000000000,4.5694805631699795,3.0000975687751303,-5.447845,0.397738,5.0477072704157,-0.1837334837692,1,6.6e-09
0.9997344307493097,0.0,-0.0006703703302911,0.0000000000000000,-0.0206924206033535,0.0000000000000000,4.5689805631699798,3.0000975714303753,-5.439385,0.402277,5.0368615789990,-0.1898763663293,1,6.8e-10
0.9997346137063050,0.0,-0.0006699149356073,0.0000000000000000,-0.0207010322092033,0.0000000000000000,4.5684805631699792,3.0000975740788531,-5.427202,0.406795,5.0196408995207,-0.2131369058895,1,2.1e-09
0.9997347966409325,0.0,-0.0006694596892281,0.0000000000000000,-0.0207096496155438,0.0000000000000000,4.5679805631699795,3.0000975767204405,-5.426896,0.411389,5.0227243102654,-0.1819329464597,1,2.0e-08
0.9997349795548094,0.0,-0.0006690045912297,0.0000000000000000,-0.0207182728297384,0.0000000000000000,4.5674805631699797,3.0000975793554798,-5.405469,0.415859,4.9896342974133,-0.2477434876994,1,6.5e-11
0.9997351624464632,0.0,-0.0006685496439605,0.0000000000000000,-0.0207269018158107,0.0000000000000000,4.5669805631699800,3.0000975819837228,-5.383584,0.420336,4.9556184335038,-0.3160412039413,1,2.1e-08
0.9997353453156608,0.0,-0.0006680948474708,0.0000000000000000,-0.0207355365839603,0.0000000000000000,4.5664805631699794,3.0000975846049087,-5.382736,0.424933,4.9578048160074,-0.2872873441118,1,5.3e-12
0.9997355281630504,0.0,-0.0006676402003336,0.0000000000000000,-0.0207441771589916,0.0000000000000000,4.5659805631699797,3.0000975872194218,-5.371419,0.429476,4.9419343737478,-0.3069529670959,1,2.2e-11
0.9997357109928586,0.0,-0.0006671856953630,0.0000000000000000,-0.0207528236842793,0.0000000000000000,4.5654805631699800,3.0000975898276541,-5.315459,0.433812,4.8483568119847,-0.5350018357640,1,8.8e-08
0.9997358937914658,0.0,-0.0006667313555977,0.0000000000000000,-0.0207614757340090,0.0000000000000000,4.5649805631699794,3.0000975924280353,-5.348907,0.438575,4.9103214044165,-0.3459665653473,1,2.6e-11
0.9997360765723655,0.0,-0.0006662771580361,0.0000000000000000,-0.0207701337453637,0.0000000000000000,4.5644805631699796,3.0000975950221287,-5.337701,0.443131,4.8945604033672,-0.3653641679542,1,2.4e-11
0.9997362593309780,0.0,-0.0006658231103717,0.0000000000000000,-0.0207787975801810,0.0000000000000000,4.5639805631699799,3.0000975976094106,-5.326553,0.447691,4.8788731727265,-0.3845724916890,1,2.9e-11
0.9997364420673285,0.0,-0.0006653692124142,0.0000000000000000,-0.0207874672480904,0.0000000000000000,4.5634805631699793,3.0000976001898825,-5.315077,0.452253,4.8625841444628,-0.4054029853401,1,6.3e-10
0.9997366247811030,0.0,-0.0006649154647792,0.0000000000000000,-0.0207961427435722,0.0000000000000000,4.5629805631699796,3.0000976027635287,-5.304313,0.456822,4.8475125904357,-0.4229777731227,1,5.7e-11
0.9997368074725010,0.0,-0.0006644618668713,0.0000000000000000,-0.0208048240839018,0.0000000000000000,4.5624805631699799,3.0000976053303607,-5.293138,0.461393,4.8316934859271,-0.4425654801365,1,1.3e-10
0.9997369901413742,0.0,-0.0006640084189062,0.0000000000000000,-0.0208135112711353,0.0000000000000000,4.5619805631699792,3.0000976078903689,-5.282153,0.465969,4.8161801238407,-0.4613425300770,1,8.4e-12
0.9997371727876989,0.0,-0.0006635551208352,0.0000000000000000,-0.0208222043121279,0.0000000000000000,4.5614805631699795,3.0000976104435617,-5.270488,0.470547,4.7994402875173,-0.4834153927444,1,1.3e-09
0.9997373554100286,0.0,-0.0006631019753318,0.0000000000000000,-0.0208309031584289,0.0000000000000000,4.5609805631699798,3.0000976129899684,-5.255654,0.475118,4.7770688493942,-0.5205684743525,1,8.9e-09
0.9997375380122087,0.0,-0.0006626489748920,0.0000000000000000,-0.0208396079705805,0.0000000000000000,4.5604805631699792,3.0000976155294388,-5.249149,0.479719,4.7693887693778,-0.5183995520915,1,1.1e-10
0.9997377205903648,0.0,-0.0006621961268769,0.0000000000000000,-0.0208483186028921,0.0000000000000000,4.5599805631699795,3.0000976180621293,-5.238533,0.484310,4.7544176412260,-0.5357590918936,1,5.0e-10
0.9997379031446529,0.0,-0.0006617434288450,0.0000000000000000,-0.0208570350927722,0.0000000000000000,4.5594805631699797,3.0000976205884911,-5.189869,0.488806,4.6714528803479,-0.7352558678158,1,7.5e-08
0.9997380856781026,0.0,-0.0006612908810644,0.0000000000000000,-0.0208657574985214,0.0000000000000000,4.5589805631699800,3.0000976231070036,-5.217288,0.493504,4.7243766401230,-0.5707704722384,1,1.5e-09
0.9997382681876115,0.0,-0.0006608384830641,0.0000000000000000,-0.0208744857774093,0.0000000000000000,4.5584805631699794,3.0000976256191949,-5.205667,0.498104,4.7075304821610,-0.5931797541145,1,8.1e-11
0.9997384506740721,0.0,-0.0006603862352516,0.0000000000000000,-0.0208832199478272,0.0000000000000000,4.5579805631699797,3.0000976281245282,-5.195321,0.502710,4.6929358980237,-0.6095665330129,1,8.1e-10
0.9997386331399403,0.0,-0.0006599341331661,0.0000000000000000,-0.0208919601095927,0.0000000000000000,4.5574805631699800,3.0000976306229119,-5.192430,0.507337,4.6916820531672,-0.5902665869089,1,1.6e-08
0.9997388155777857,0.0,-0.0006594821897931,0.0000000000000000,-0.0209007059940694,0.0000000000000000,4.5569805631699793,3.0000976331146698,-5.173414,0.511931,4.6614828121246,-0.6484329127097,1,1.5e-12
0.9997389979938306,0.0,-0.0006590303948734,0.0000000000000000,-0.0209094578270904,0.0000000000000000,4.5564805631699796,3.0000976355995559,-5.154428,0.516530,4.6312041616496,-0.7068471895292,1,1.7e-08
0.9997391803878771,0.0,-0.0006585787458299,0.0000000000000000,-0.0209182156620454,0.0000000000000000,4.5559805631699799,3.0000976380773738,-5.155636,0.521174,4.6373772594820,-0.6676402622128,1,7.2e-09
0.9997393627603516,0.0,-0.0006581272450341,0.0000000000000000,-0.0209269794558818,0.0000000000000000,4.5554805631699793,3.0000976405486486,-5.128474,0.525763,4.5921378903212,-0.7661698004634,1,2.6e-08
0.9997395451065644,0.0,-0.0006576759002734,0.0000000000000000,-0.0209357490719050,0.0000000000000000,4.5549805631699796,3.0000976430125736,-5.141955,0.530438,4.6206328793174,-0.6672161698656,1,2.2e-08
0.9997397274301002,0.0,-0.0006572247034335,0.0000000000000000,-0.0209445246547155,0.0000000000000000,4.5544805631699798,3.0000976454700918,-5.119073,0.535043,4.5830895757840,-0.7451157565669,1,2.3e-09
0.9997399097304669,0.0,-0.0006567736563218,0.0000000000000000,-0.0209533061920063,0.0000000000000000,4.5539805631699792,3.0000976479205783,-5.109682,0.539678,4.5700150956771,-0.7575083944409,1,2.8e-11
0.9997400920023001,0.0,-0.0006563227706854,0.0000000000000000,-0.0209620934342859,0.0000000000000000,4.5534805631699795,3.0000976503649306,-5.039041,0.544194,4.4440513491622,-1.0721274931035,1,1.2e-07
0.9997402742602706,0.0,-0.0006558720131741,0.0000000000000000,-0.0209708871021791,0.0000000000000000,4.5529805631699798,3.0000976528009828,-5.088168,0.548953,4.5387983707893,-0.7958892872893,1,1.0e-09
0.9997404564898584,0.0,-0.0006554214167571,0.0000000000000000,-0.0209796864959847,0.0000000000000000,4.5524805631699792,3.0000976552308845,-5.076783,0.553594,4.5219866364270,-0.8183191279499,1,2.9e-09
0.9997406386954122,0.0,-0.0006549709705203,0.0000000000000000,-0.0209884918513202,0.0000000000000000,4.5519805631699795,3.0000976576539933,-5.059659,0.558225,4.4945486231817,-0.8691933163885,1,1.6e-08
0.9997408208774121,0.0,-0.0006545206748725,0.0000000000000000,-0.0209973031776638,0.0000000000000000,4.5514805631699797,3.0000976600700295,-5.057360,0.562891,4.4944403154869,-0.8469284540399,1,6.7e-11
0.9997410030355109,0.0,-0.0006540705292506,0.0000000000000000,-0.0210061204817560,0.0000000000000000,4.5509805631699800,3.0000976624792912,-5.047035,0.567543,4.4794962691161,-0.8643837415546,1,1.0e-11
0.9997411851697383,0.0,-0.0006536205338008,0.0000000000000000,-0.0210149437704133,0.0000000000000000,4.5504805631699794,3.0000976648816717,-5.036656,0.572198,4.4644218974876,-0.8821978307683,1,8.4e-11
0.9997413672801078,0.0,-0.0006531706884984,0.0000000000000000,-0.0210237730495757,0.0000000000000000,4.5499805631699797,3.0000976672772186,-5.021807,0.576845,4.4409922912331,-0.9223854505996,1,9.3e-09
0.9997415493661728,0.0,-0.0006527209939136,0.0000000000000000,-0.0210326083169851,0.0000000000000000,4.5494805631699800,3.0000976696657720,-5.016089,0.581517,4.4345408740501,-0.9171383221145,1,7.1e-11
0.9997417314280193,0.0,-0.0006522714500945,0.0000000000000000,-0.0210414495756863,0.0000000000000000,4.5489805631699793,3.0000976720474672,-5.007379,0.586186,4.4225000068943,-0.9268618641015,1,3.0e-09
0.9997419134661691,0.0,-0.0006518220556742,0.0000000000000000,-0.0210502968568668,0.0000000000000000,4.5484805631699796,3.0000976744224022,-4.987762,0.590825,4.3899787918029,-0.9914044187680,1,1.6e-08
0.9997420954851628,0.0,-0.0006513727998523,0.0000000000000000,-0.0210591503837740,0.0000000000000000,4.5479805631699799,3.0000976767905270,-4.962896,0.595447,4.3473707614902,-1.0829859790326,1,4.6e-08
0.9997422774713010,0.0,-0.0006509237170618,0.0000000000000000,-0.0210680094981672,0.0000000000000000,4.5474805631699793,3.0000976791511405,-4.981447,0.600210,4.3866347778478,-0.9554674190782,1,1.2e-08
0.9997424594348723,0.0,-0.0006504747742198,0.0000000000000000,-0.0210768748154901,0.0000000000000000,4.5469805631699796,3.0000976815053639,-4.968133,0.604876,4.3658572858116,-0.9885585287695,1,5.9e-09
0.9997426413761468,0.0,-0.0006500259804496,0.0000000000000000,-0.0210857462009874,0.0000000000000000,4.5464805631699798,3.0000976838526561,-4.952406,0.609534,4.3404284804712,-1.0341579821821,1,5.5e-09
0.9997428232950960,0.0,-0.0006495773321702,0.0000000000000000,-0.0210946237336946,0.0000000000000000,4.5459805631699792,3.0000976861925555,-4.977824,0.614357,4.3927549356664,-0.8717873111291,1,6.6e-08
0.9997430051842214,0.0,-0.0006491288462010,0.0000000000000000,-0.0211035070499226,0.0000000000000000,4.5454805631699795,3.0000976885263562,-4.934772,0.618907,4.3156273171051,-1.0556646735294,1,5.3e-10
0.9997431870525587,0.0,-0.0006486805024317,0.0000000000000000,-0.0211123965922746,0.0000000000000000,4.5449805631699798,3.0000976908528227,-4.927274,0.623604,4.3057114097628,-1.0598018905922,1,4.6e-09
0.9997433688944993,0.0,-0.0006482323122961,0.0000000000000000,-0.0211212921229937,0.0000000000000000,4.5444805631699792,3.0000976931723731,-4.920778,0.628310,4.2977050917429,-1.0588185283889,1,1.2e-08
0.9997435507124556,0.0,-0.0006477842718078,0.0000000000000000,-0.0211301937315800,0.0000000000000000,4.5439805631699794,3.0000976954850964,-4.905820,0.632977,4.2734904516087,-1.1012095267821,1,1.4e-09
0.9997437325058923,0.0,-0.0006473363809971,0.0000000000000000,-0.0211391014238995,0.0000000000000000,4.5434805631699797,3.0000976977908551,-4.895144,0.637666,4.2574209855827,-1.1218249866318,1,1.3e-10
0.9997439142745376,0.0,-0.0006468886406204,0.0000000000000000,-0.0211480151910024,0.0000000000000000,4.5429805631699800,3.0000977000896802,-4.885330,0.642363,4.2429744995765,-1.1381103008423,1,1.5e-11
0.9997440960183257,0.0,-0.0006464410506978,0.0000000000000000,-0.0211569350385977,0.0000000000000000,4.5424805631699794,3.0000977023815829,-4.875435,0.647061,4.2283412206140,-1.1549052409155,1,7.1e-11
0.9997442777372172,0.0,-0.0006459936111937,0.0000000000000000,-0.0211658609738601,0.0000000000000000,4.5419805631699797,3.0000977046665573,-4.865591,0.651761,4.2137777922508,-1.1715239026045,1,1.1e-10
0.9997444594306544,0.0,-0.0006455463232163,0.0000000000000000,-0.0211747929799863,0.0000000000000000,4.5414805631699799,3.0000977069446271,-4.853637,0.656449,4.1950873992366,-1.1991813732382,1,4.6e-09
0.9997446411000744,0.0,-0.0006450991835187,0.0000000000000000,-0.0211837311312149,0.0000000000000000,4.5409805631699793,3.0000977092157317,-4.844527,0.661158,4.1818816233965,-1.2121959335512,1,3.2e-09
0.9997448227439406,0.0,-0.0006446521952661,0.0000000000000000,-0.0211926753679115,0.0000000000000000,4.5404805631699796,3.0000977114799152,-4.834226,0.665860,4.1663274384348,-1.2314936630392,1,4.4e-09
0.9997450043626304,0.0,-0.0006442053576612,0.0000000000000000,-0.0212016257144322,0.0000000000000000,4.5399805631699799,3.0000977137371274,-4.826624,0.670587,4.1560197140379,-1.2367784564893,1,3.8e-11
0.9997451859563571,0.0,-0.0006437586699255,0.0000000000000000,-0.0212105821879754,0.0000000000000000,4.5394805631699793,3.0000977159875615,-4.805732,0.675197,4.1195950435466,-1.3118813029978,1,2.3e-08
0.9997453675244636,0.0,-0.0006433121336416,0.0000000000000000,-0.0212195447735649,0.0000000000000000,4.5389805631699796,3.0000977182307818,-4.806973,0.680009,4.1266290818774,-1.2708369218448,1,7.1e-10
0.9997455490674070,0.0,-0.0006428657474433,0.0000000000000000,-0.0212285134955450,0.0000000000000000,4.5384805631699798,3.0000977204671853,-4.797750,0.684729,4.1130743588593,-1.2848332814388,1,1.1e-10
0.9997457305849493,0.0,-0.0006424195118331,0.0000000000000000,-0.0212374883525295,0.0000000000000000,4.5379805631699792,3.0000977226966783,-4.785354,0.689417,4.0932186172048,-1.3156778656636,1,5.7e-09
0.9997459120784824,0.0,-0.0006419734241223,0.0000000000000000,-0.0212464694095937,0.0000000000000000,4.5374805631699795,3.0000977249191867,-4.775057,0.694126,4.0774582770049,-1.3356076717632,1,7.3e-09
0.9997460935443043,0.0,-0.0006415274915941,0.0000000000000000,-0.0212554565138989,0.0000000000000000,4.5369805631699798,3.0000977271350107,-4.742715,0.698575,4.0176615644245,-1.4731825792745,1,5.5e-08
0.9997462749845183,0.0,-0.0006410817082230,0.0000000000000000,-0.0212644498109358,0.0000000000000000,4.5364805631699792,3.0000977293433402,-4.757180,0.703583,4.0512617900481,-1.3612068355122,1,4.8e-09
0.9997464564007398,0.0,-0.0006406360737206,0.0000000000000000,-0.0212734493058368,0.0000000000000000,4.5359805631699794,3.0000977315449386,-4.750051,0.708338,4.0417341702872,-1.3645120367787,1,4.4e-11
0.9997466377906957,0.0,-0.0006401905905427,0.0000000000000000,-0.0212824549512022,0.0000000000000000,4.5354805631699797,3.0000977337396204,-4.739963,0.713056,4.0262763303112,-1.3836588334101,1,1.3e-09
0.9997468191549180,0.0,-0.0006397452579683,0.0000000000000000,-0.0212914667715767,0.0000000000000000,4.5349805631699800,3.0000977359273264,-4.730884,0.717790,4.0128077728852,-1.3975024507834,1,5.9e-10
0.9997470004944055,0.0,-0.0006393000737268,0.0000000000000000,-0.0213004848251801,0.0000000000000000,4.5344805631699794,3.0000977381078608,-4.738778,0.722791,4.0333983647630,-1.3204026814931,1,3.5e-08
0.9997471818061036,0.0,-0.0006388550442433,0.0000000000000000,-0.0213095089705985,0.0000000000000000,4.5339805631699797,3.0000977402818338,-4.712630,0.727261,3.9855944923308,-1.4259616270265,1,4.6e-10
0.9997473630928296,0.0,-0.0006384101634107,0.0000000000000000,-0.0213185393557397,0.0000000000000000,4.5334805631699799,3.0000977424486388,-4.702818,0.731987,3.9705600825409,-1.4440203311346,1,5.5e-10
0.9997475443520542,0.0,-0.0006379654361903,0.0000000000000000,-0.0213275758859554,0.0000000000000000,4.5329805631699793,3.0000977446081336,-4.721418,0.737232,4.0129251197202,-1.3088031234934,1,5.8e-08
0.9997477255870918,0.0,-0.0006375208563081,0.0000000000000000,-0.0213366186798024,0.0000000000000000,4.5324805631699796,3.0000977467612486,-4.689042,0.741551,3.9522798644895,-1.4486803263204,1,9.6e-09
0.9997479067972916,0.0,-0.0006370764240766,0.0000000000000000,-0.0213456677535390,0.0000000000000000,4.5319805631699799,3.0000977489071663,-4.675261,0.746203,3.9290720027206,-1.4886104728704,1,2.8e-11
0.9997480879799703,0.0,-0.0006366321454823,0.0000000000000000,-0.0213547229860863,0.0000000000000000,4.5314805631699793,3.0000977510460465,-4.665999,0.750942,3.9150262188355,-1.5040741143762,1,6.0e-11
0.9997482691364981,0.0,-0.0006361880174612,0.0000000000000000,-0.0213637844467282,0.0000000000000000,4.5309805631699795,3.0000977531779398,-4.656809,0.755684,3.9010974996378,-1.5192368182778,1,5.4e-11
0.9997484502667962,0.0,-0.0006357440400613,0.0000000000000000,-0.0213728521410843,0.0000000000000000,4.5304805631699798,3.0000977553028432,-4.647672,0.760427,3.8872472426287,-1.5342013189576,1,4.6e-12
0.9997486313708177,0.0,-0.0006353002132720,0.0000000000000000,-0.0213819260760093,0.0000000000000000,4.5299805631699792,3.0000977574207557,-4.638516,0.765171,3.8733276160258,-1.5493623698214,1,3.5e-11
0.9997488124484950,0.0,-0.0006348565371415,0.0000000000000000,-0.0213910062573578,0.0000000000000000,4.5294805631699795,3.0000977595316667,-4.629895,0.769928,3.8604816436778,-1.5616696753225,1,1.0e-09
0.9997489934971715,0.0,-0.0006344130163659,0.0000000000000000,-0.0214000925944663,0.0000000000000000,4.5289805631699798,3.0000977616353928,-4.638398,0.775137,3.8830241634565,-1.4795172524049,1,3.8e-08
0.9997491745246336,0.0,-0.0006339696366600,0.0000000000000000,-0.0214091853888396,0.0000000000000000,4.5284805631699792,3.0000977637325121,-4.611328,0.779412,3.8319583860975,-1.5938742897578,1,8.2e-11
0.9997493555230534,0.0,-0.0006335264122375,0.0000000000000000,-0.0214182843539467,0.0000000000000000,4.5279805631699794,3.0000977658224466,-4.600891,0.784121,3.8152420353539,-1.6165444006617,1,2.9e-09
0.9997495364949238,0.0,-0.0006330833383506,0.0000000000000000,-0.0214273895950705,0.0000000000000000,4.5274805631699797,3.0000977679053418,-4.593309,0.788911,3.8044472175580,-1.6234259306000,1,9.6e-11
0.9997497174398987,0.0,-0.0006326404157793,0.0000000000000000,-0.0214365011018089,0.0000000000000000,4.5269805631699800,3.0000977699812452,-4.584273,0.793660,3.7905904686683,-1.6384865855961,1,4.3e-11
0.9997498983583767,0.0,-0.0006321976434601,0.0000000000000000,-0.0214456189033754,0.0000000000000000,4.5264805631699794,3.0000977720501378,-4.575350,0.798413,3.7769380509253,-1.6530154323173,1,8.0e-13
0.9997500792501089,0.0,-0.0006317550218281,0.0000000000000000,-0.0214547429973855,0.0000000000000000,4.5259805631699797,3.0000977741120152,-4.566513,0.803168,3.7634355697621,-1.6671559291290,1,1.7e-10
0.9997502601150797,0.0,-0.0006313125507949,0.0000000000000000,-0.0214638733923447,0.0000000000000000,4.5254805631699799,3.0000977761668794,-4.557558,0.807920,3.7496531103534,-1.6820551369897,1,2.8e-11
0.9997504409535386,0.0,-0.0006308702294154,0.0000000000000000,-0.0214730101138361,0.0000000000000000,4.5249805631699793,3.0000977782147342,-4.548177,0.812656,3.7349352746226,-1.6994606585090,1,1.1e-09
0.9997506217645030,0.0,-0.0006304280606107,0.0000000000000000,-0.0214821531109197,0.0000000000000000,4.5244805631699796,3.0000977802555298,-4.540976,0.817472,3.7248145365124,-1.7046196549621,1,2.4e-09
0.9997508025486608,0.0,-0.0006299860418318,0.0000000000000000,-0.0214913024393795,0.0000000000000000,4.5239805631699799,3.0000977822893415,-4.531005,0.822184,3.7087777884747,-1.7255641422796,1,7.8e-11
0.9997509833058972,0.0,-0.0006295441735482,0.0000000000000000,-0.0215004580984343,0.0000000000000000,4.5234805631699793,3.0000977843161105,-4.522307,0.826944,3.6954168756868,-1.7393863603669,1,1.0e-10
0.9997511640363074,0.0,-0.0006291024555615,0.0000000000000000,-0.0215096200991266,0.0000000000000000,4.5229805631699795,3.0000977863358496,-4.513315,0.831692,3.6813930504845,-1.7549918135933,1,4.2e-10
0.9997513447391041,0.0,-0.0006286608890528,0.0000000000000000,-0.0215187884218604,0.0000000000000000,4.5224805631699798,3.0000977883485569,-4.504835,0.836461,3.6684386392776,-1.7677503528393,1,1.2e-10
0.9997515254149673,0.0,-0.0006282194728408,0.0000000000000000,-0.0215279630997729,0.0000000000000000,4.5219805631699792,3.0000977903542303,-4.495911,0.841209,3.6544981084775,-1.7831536087229,1,3.7e-10
0.9997517060635893,0.0,-0.0006277782073380,0.0000000000000000,-0.0215371441306354,0.0000000000000000,4.5214805631699795,3.0000977923528618,-4.487415,0.845977,3.6414473149168,-1.7961972907298,1,1.6e-11
0.9997518866851515,0.0,-0.0006273370919485,0.0000000000000000,-0.0215463315336987,0.0000000000000000,4.5209805631699798,3.0000977943444465,-4.479518,0.850773,3.6296645758688,-1.8058753269736,1,1.6e-09
0.9997520672789101,0.0,-0.0006268961286719,0.0000000000000000,-0.0215555252734113,0.0000000000000000,4.5204805631699791,3.0000977963290416,-4.466438,0.855310,3.6065882401661,-1.8456606248324,1,8.0e-09
0.9997522478454605,0.0,-0.0006264553150880,0.0000000000000000,-0.0215647254081866,0.0000000000000000,4.5199805631699794,3.0000977983065034,-4.461573,0.860258,3.6013450205159,-1.8379327447153,1,5.4e-11
0.9997524283845395,0.0,-0.0006260146525451,0.0000000000000000,-0.0215739319154660,0.0000000000000000,4.5194805631699797,3.0000978002769836,-4.450671,0.864893,3.5829112957313,-1.8653669740104,1,5.0e-09
0.9997526088961607,0.0,-0.0006255741405085,0.0000000000000000,-0.0215831448150489,0.0000000000000000,4.5189805631699800,3.0000978022403575,-4.444409,0.869777,3.5745915641498,-1.8658668264450,1,6.9e-11
0.9997527893801689,0.0,-0.0006251337793179,0.0000000000000000,-0.0215923641050690,0.0000000000000000,4.5184805631699794,3.0000978041967028,-4.435905,0.874539,3.5613391807314,-1.8795207381724,1,4.6e-11
0.9997529698367181,0.0,-0.0006246935685203,0.0000000000000000,-0.0216015898024218,0.0000000000000000,4.5179805631699796,3.0000978061460044,-4.426337,0.879236,3.5457076484437,-1.8995259574184,1,2.4e-09
0.9997531502652561,0.0,-0.0006242535091037,0.0000000000000000,-0.0216108218933708,0.0000000000000000,4.5174805631699799,3.0000978080882197,-4.418979,0.884064,3.5349185542741,-1.9066416292174,1,6.0e-12
0.9997533306661166,0.0,-0.0006238136002868,0.0000000000000000,-0.0216200604017979,0.0000000000000000,4.5169805631699793,3.0000978100233455,-4.413887,0.889040,3.5291320397825,-1.9004494787395,1,7.3e-09
0.9997535110391949,0.0,-0.0006233738422044,0.0000000000000000,-0.0216293053279914,0.0000000000000000,4.5164805631699796,3.0000978119515431,-4.397323,0.893272,3.4978397618808,-1.9621902109937,1,1.1e-08
0.9997536913844340,0.0,-0.0006229342349027,0.0000000000000000,-0.0216385566844488,0.0000000000000000,4.5159805631699799,3.0000978138725301,-4.392470,0.898263,3.4925471638294,-1.9547098959706,1,2.8e-09
0.9997538717021202,0.0,-0.0006224947774858,0.0000000000000000,-0.0216478144929160,0.0000000000000000,4.5154805631699793,3.0000978157864759,-4.385290,0.903105,3.4820548380725,-1.9610917292996,1,2.2e-10
0.9997540519915354,0.0,-0.0006220554715111,0.0000000000000000,-0.0216570787275656,0.0000000000000000,4.5149805631699795,3.0000978176933608,-4.377008,0.907870,3.4690731759753,-1.9741113140940,1,1.1e-10
0.9997542322526464,0.0,-0.0006216163170419,0.0000000000000000,-0.0216663493919298,0.0000000000000000,4.5144805631699798,3.0000978195932846,-4.359004,0.911909,3.4341444666113,-2.0455607680110,1,2.2e-08
0.9997544124863036,0.0,-0.0006211773117203,0.0000000000000000,-0.0216756265505265,0.0000000000000000,4.5139805631699792,3.0000978214858978,-4.360524,0.917401,3.4431933251904,-1.9999666472387,1,1.2e-10
0.9997545926914024,0.0,-0.0006207384584146,0.0000000000000000,-0.0216849101412209,0.0000000000000000,4.5134805631699795,3.0000978233715943,-4.347888,0.921813,3.4202547463676,-2.0395232830966,1,9.6e-09
0.9997547728688114,0.0,-0.0006202997544792,0.0000000000000000,-0.0216942002323288,0.0000000000000000,4.5129805631699798,3.0000978252500974,-4.344680,0.926976,3.4186392194080,-2.0223479542192,1,1.5e-09
0.9997549530173655,0.0,-0.0006198612026775,0.0000000000000000,-0.0217034967681390,0.0000000000000000,4.5124805631699800,3.0000978271215817,-4.335784,0.931680,3.4041043651641,-2.0395607666014,1,1.0e-12
0.9997551331378476,0.0,-0.0006194228012148,0.0000000000000000,-0.0217127997962641,0.0000000000000000,4.5119805631699794,3.0000978289859699,-4.327208,0.936405,3.3902589058339,-2.0549540102214,1,8.8e-10
0.9997553132300590,0.0,-0.0006189845503961,0.0000000000000000,-0.0217221093170835,0.0000000000000000,4.5114805631699797,3.0000978308432593,-4.319027,0.941162,3.3772781647219,-2.0680605111024,1,9.5e-10
0.9997554932937651,0.0,-0.0006185464504957,0.0000000000000000,-0.0217314253313371,0.0000000000000000,4.5109805631699800,3.0000978326934442,-4.311683,0.945993,3.3661872408236,-2.0761511267565,1,8.0e-10
0.9997556733290887,0.0,-0.0006181085012704,0.0000000000000000,-0.0217407478513017,0.0000000000000000,4.5104805631699794,3.0000978345365441,-4.303083,0.950705,3.3521826060588,-2.0920067007149,1,3.1e-10
0.9997558533356903,0.0,-0.0006176707032343,0.0000000000000000,-0.0217500768728940,0.0000000000000000,4.5099805631699796,3.0000978363725372,-4.295024,0.955465,3.3393897074824,-2.1046495924306,1,2.7e-10
0.9997560333140598,0.0,-0.0006172330552185,0.0000000000000000,-0.0217594124285633,0.0000000000000000,4.5094805631699799,3.0000978382014236,-4.287108,0.960236,3.3268936715754,-2.1165190598829,1,3.5e-11
0.9997562132635800,0.0,-0.0006167955584526,0.0000000000000000,-0.0217687544980581,0.0000000000000000,4.5089805631699793,3.0000978400232259,-4.277382,0.964816,3.3101614883416,-2.1396627283603,1,3.8e-09
0.9997563931845503,0.0,-0.0006163582122292,0.0000000000000000,-0.0217781031055542,0.0000000000000000,4.5084805631699796,3.0000978418378756,-4.271062,0.969748,3.3013133232869,-2.1418582643240,1,9.2e-13
0.9997565730767247,0.0,-0.0006159210168932,0.0000000000000000,-0.0217874582489074,0.0000000000000000,4.5079805631699799,3.0000978436454333,-4.263076,0.974503,3.2885590432618,-2.1544518624051,1,2.1e-11
0.9997567529401089,0.0,-0.0006154839723373,0.0000000000000000,-0.0217968199380952,0.0000000000000000,4.5074805631699792,3.0000978454458767,-4.255095,0.979255,3.2757859927946,-2.1671083118636,1,8.4e-11
0.9997569327746568,0.0,-0.0006150470785424,0.0000000000000000,-0.0218061881806422,0.0000000000000000,4.5069805631699795,3.0000978472392004,-4.247108,0.984002,3.2629655987113,-2.1799036496816,1,2.2e-10
0.9997571125803042,0.0,-0.0006146103355317,0.0000000000000000,-0.0218155629831819,0.0000000000000000,4.5064805631699798,3.0000978490254018,-4.239313,0.988768,3.2505630655112,-2.1916014356650,1,2.7e-11
0.9997572923570128,0.0,-0.0006141737432724,0.0000000000000000,-0.0218249443534735,0.0000000000000000,4.5059805631699792,3.0000978508044804,-4.231347,0.993509,3.2377269808010,-2.2044647066231,1,1.7e-10
0.9997574721047011,0.0,-0.0006137373018232,0.0000000000000000,-0.0218343322974125,0.0000000000000000,4.5054805631699795,3.0000978525764328,-4.223438,0.998253,3.2249895480860,-2.2170786103745,1,3.0e-10
0.9997576518233252,0.0,-0.0006133010111545,0.0000000000000000,-0.0218437268228024,0.0000000000000000,4.5049805631699797,3.0000978543412526,-4.215752,1.003022,3.2127529192609,-2.2283751350486,1,3.4e-11
0.9997578315129750,0.0,-0.0006128648710136,0.0000000000000000,-0.0218531279422951,0.0000000000000000,4.5044805631699800,3.0000978560989493,-4.207209,1.007671,3.1984363971683,-2.2452120246338,1,1.6e-09
0.9997580111732866,0.0,-0.0006124288819626,0.0000000000000000,-0.0218625356502411,0.0000000000000000,4.5039805631699794,3.0000978578495237,-4.197779,1.012187,3.1819496698392,-2.2678233474928,1,5.4e-09
0.9997581908044161,0.0,-0.0006119930435465,0.0000000000000000,-0.0218719499646162,0.0000000000000000,4.5034805631699797,3.0000978595929371,-4.190299,1.016964,3.1700942706572,-2.2781452343587,1,4.8e-09
0.9997583704046086,0.0,-0.0006115573603415,0.0000000000000000,-0.0218813707953380,0.0000000000000000,4.5029805631699800,3.0000978613291536,-4.186326,1.022256,3.1666640901711,-2.2660995481406,1,3.8e-09
0.9997585499786336,0.0,-0.0006111218195132,0.0000000000000000,-0.0218907984218548,0.0000000000000000,4.5024805631699794,3.0000978630583068,-4.177814,1.026884,3.1522807810150,-2.2831707514537,1,2.0e-09
0.9997587295216700,0.0,-0.0006106864336702,0.0000000000000000,-0.0219002325827069,0.0000000000000000,4.5019805631699796,3.0000978647803027,-4.169239,1.031493,3.1377027071267,-2.3007634418038,1,6.6e-11
0.9997589090355049,0.0,-0.0006102511981302,0.0000000000000000,-0.0219096733863775,0.0000000000000000,4.5014805631699799,3.0000978664951305,-4.162099,1.036317,3.1265654621707,-2.3092365639257,1,1.1e-09
0.9997590885196991,0.0,-0.0006098161137116,0.0000000000000000,-0.0219191208212234,0.0000000000000000,4.5009805631699793,3.0000978682028192,-4.153966,1.040978,3.1129827178006,-2.3242140299821,1,7.3e-12
0.9997592679743494,0.0,-0.0006093811800263,0.0000000000000000,-0.0219285749032681,0.0000000000000000,4.5004805631699796,3.0000978699033469,-4.146387,1.045723,3.1007132930490,-2.3357182714966,1,7.1e-11
0.9997594473995779,0.0,-0.0006089463969937,0.0000000000000000,-0.0219380356436281,0.0000000000000000,4.4999805631699799,3.0000978715966649,-4.142557,1.051111,3.0976048060234,-2.3229289147780,1,8.8e-09
0.9997596267947859,0.0,-0.0006085117649904,0.0000000000000000,-0.0219475030349683,0.0000000000000000,4.4994805631699792,3.0000978732829240,-4.131387,1.055224,3.0764695893066,-2.3579840247820,1,4.3e-10
0.9997598061621478,0.0,-0.0006080772798172,0.0000000000000000,-0.0219569771843622,0.0000000000000000,4.4989805631699795,3.0000978749619378,-4.126484,1.060438,3.0707026290102,-2.3522907085621,1,6.6e-09
0.9997599854961710,0.0,-0.0006076429534361,0.0000000000000000,-0.0219664578296019,0.0000000000000000,4.4984805631699798,3.0000978766338675,-4.114965,1.064439,3.0485725304413,-2.3899937205220,1,2.7e-09
0.9997601648024962,0.0,-0.0006072087732206,0.0000000000000000,-0.0219759452615587,0.0000000000000000,4.4979805631699792,3.0000978782985621,-4.108622,1.069384,3.0392006124131,-2.3938816776953,1,5.2e-11
0.9997603440787314,0.0,-0.0006067747441670,0.0000000000000000,-0.0219854393741553,0.0000000000000000,4.4974805631699795,3.0000978799561002,-4.101186,1.074120,3.0270887822990,-2.4050493340915,1,3.2e-11
0.9997605233250718,0.0,-0.0006063408658364,0.0000000000000000,-0.0219949401851221,0.0000000000000000,4.4969805631699797,3.0000978816064663,-4.093480,1.078795,3.0142714470026,-2.4181020738662,1,5.7e-10
0.9997607025413744,0.0,-0.0006059071383643,0.0000000000000000,-0.0220044476985780,0.0000000000000000,4.4964805631699800,3.0000978832496572,-4.085700,1.083446,3.0012280307114,-2.4317667329070,1,1.4e-09
0.9997608817276775,0.0,-0.0006054735616146,0.0000000000000000,-0.0220139619254369,0.0000000000000000,4.4959805631699794,3.0000978848856557,-4.078858,1.088286,2.9905086374450,-2.4392831388123,1,8.7e-11
0.9997610608838439,0.0,-0.0006050401357079,0.0000000000000000,-0.0220234828695692,0.0000000000000000,4.4954805631699797,3.0000978865144838,-4.071009,1.092905,2.9772206490785,-2.4536229282952,1,1.2e-09
0.9997612400099680,0.0,-0.0006046068604309,0.0000000000000000,-0.0220330105441936,0.0000000000000000,4.4949805631699800,3.0000978881361084,-4.064494,1.097809,2.9672702902058,-2.4591301211740,1,7.9e-10
0.9997614191059594,0.0,-0.0006041737357046,0.0000000000000000,-0.0220425449574831,0.0000000000000000,4.4944805631699793,3.0000978897505459,-4.057999,1.102720,2.9573514721779,-2.4645684559055,1,2.8e-09
0.9997615981714578,0.0,-0.0006037407626303,0.0000000000000000,-0.0220520860925620,0.0000000000000000,4.4939805631699796,3.0000978913578371,-4.047250,1.106639,2.9365689712383,-2.4988145028440,1,5.4e-09
0.9997617772067475,0.0,-0.0006033079394703,0.0000000000000000,-0.0220616339947155,0.0000000000000000,4.4934805631699799,3.0000978929578777,-4.042079,1.111846,2.9299645584422,-2.4954924292495,1,3.5e-10
0.9997619562118423,0.0,-0.0006028752670515,0.0000000000000000,-0.0220711886544796,0.0000000000000000,4.4929805631699793,3.0000978945507391,-4.034957,1.116591,2.9183540387146,-2.5054567358838,1,1.6e-11
0.9997621351908499,0.0,-0.0006024427370646,0.0000000000000000,-0.0220807502719046,0.0000000000000000,4.4924805631699796,3.0000978961362952,-4.033824,1.122843,2.9220733608103,-2.4748740888813,1,1.4e-08
0.9997623141305656,0.0,-0.0006020103748785,0.0000000000000000,-0.0220903182641961,0.0000000000000000,4.4919805631699798,3.0000978977148600,-4.020535,1.126017,2.8945778369781,-2.5268963917535,1,7.8e-11
0.9997624930441806,0.0,-0.0006015781549265,0.0000000000000000,-0.0220998932335157,0.0000000000000000,4.4914805631699792,3.0000978992861138,-4.013296,1.130711,2.8825675692064,-2.5379607154698,1,2.2e-11
0.9997626719272414,0.0,-0.0006011460856943,0.0000000000000000,-0.0221094749898916,0.0000000000000000,4.4909805631699795,3.0000979008501578,-4.006153,1.135422,2.8707746129328,-2.5484635934946,1,5.5e-11
0.9997628507796978,0.0,-0.0006007141671774,0.0000000000000000,-0.0221190635400104,0.0000000000000000,4.4904805631699798,3.0000979024070302,-3.995698,1.139210,2.8503084625278,-2.5819476760044,1,7.9e-09
0.9997630296014610,0.0,-0.0006002823994372,0.0000000000000000,-0.0221286588925949,0.0000000000000000,4.4899805631699792,3.0000979039566080,-3.991865,1.144817,2.8470794922839,-2.5698009502905,1,4.1e-11
0.9997632083925021,0.0,-0.0005998507824358,0.0000000000000000,-0.0221382610533463,0.0000000000000000,4.4894805631699795,3.0000979054990085,-3.984781,1.149520,2.8353407629435,-2.5802025138015,1,9.9e-11
0.9997633871526235,0.0,-0.0005994193164262,0.0000000000000000,-0.0221478700250788,0.0000000000000000,4.4889805631699797,3.0000979070341707,-3.979199,1.154662,2.8275168585969,-2.5802536399854,1,3.7e-09
0.9997635658822170,0.0,-0.0005989880005828,0.0000000000000000,-0.0221574858334025,0.0000000000000000,4.4884805631699800,3.0000979085621444,-3.970618,1.158898,2.8117715569584,-2.6012911236583,1,6.4e-11
0.9997637445807794,0.0,-0.0005985568357433,0.0000000000000000,-0.0221671084674784,0.0000000000000000,4.4879805631699794,3.0000979100828746,-3.963550,1.163577,2.7999735027558,-2.6118923513139,1,7.1e-13
0.9997639232464661,0.0,-0.0005981258271136,0.0000000000000000,-0.0221767378192725,0.0000000000000000,4.4874805631699797,3.0000979115964284,-3.950617,1.166393,2.7725368243998,-2.6638837816759,1,1.4e-08
0.9997641018851522,0.0,-0.0005976949585461,0.0000000000000000,-0.0221863742561938,0.0000000000000000,4.4869805631699800,3.0000979131026484,-3.948377,1.172564,2.7735063389177,-2.6407401141510,1,2.8e-09
0.9997642804906737,0.0,-0.0005972642454987,0.0000000000000000,-0.0221960174379048,0.0000000000000000,4.4864805631699793,3.0000979146016848,-3.942154,1.177487,2.7638586928073,-2.6456879691882,1,9.8e-10
0.9997644590651671,0.0,-0.0005968336835158,0.0000000000000000,-0.0222056674757726,0.0000000000000000,4.4859805631699796,3.0000979160934773,-3.935608,1.182300,2.7533189245474,-2.6530170375833,1,1.3e-11
0.9997645661950880,0.0,-0.0005965754185118,0.0000000000000000,-0.0222114607991545,0.0000000000000000,4.4856805631699794,3.0000979169851103,-3.928640,1.184134,2.7388046377033,-2.6790883537520,1,6.8e-09
0.9997646733134686,0.0,-0.0005963172080485,0.0000000000000000,-0.0222172565908136,0.0000000000000000,4.4853805631699792,3.0000979178740752,-3.927384,1.187940,2.7396429515500,-2.6645517238476,1,2.4e-10
0.9997647804207979,0.0,-0.0005960590516376,0.0000000000000000,-0.0222230548635613,0.0000000000000000,4.4850805631699799,3.0000979187604639,-3.923223,1.190738,2.7326562714962,-2.6707203338850,1,2.0e-10
0.9997648875165275,0.0,-0.0005958009500584,0.0000000000000000,-0.0222288556004388,0.0000000000000000,4.4847805631699798,3.0000979196442490,-3.918966,1.193498,2.7253974417058,-2.6776086038631,1,9.7e-11
0.9997649946025937,0.0,-0.0005955428999225,0.0000000000000000,-0.0222346588781194,0.0000000000000000,4.4844805631699796,3.0000979205256777,-3.892859,1.188571,2.6585592109770,-2.8420598427967,1,5.4e-08
0.9997651016751562,0.0,-0.0005952849081399,0.0000000000000000,-0.0222404645523871,0.0000000000000000,4.4841805631699794,3.0000979214039742,-3.910764,1.199115,2.7116857413762,-2.6892840073198,1,4.3e-11
0.9997652087371279,0.0,-0.0005950269693140,0.0000000000000000,-0.0222462727333751,0.0000000000000000,4.4838805631699792,3.0000979222799633,-3.903715,1.200813,2.6967874959573,-2.7163855043121,1,7.1e-09
0.9997653157882959,0.0,-0.0005947690838748,0.0000000000000000,-0.0222520834211998,0.0000000000000000,4.4835805631699799,3.0000979231532727,-3.901809,1.204431,2.6958740312438,-2.7065269110246,1,1.8e-09
0.9997654228280383,0.0,-0.0005945112527654,0.0000000000000000,-0.0222578965925404,0.0000000000000000,4.4832805631699797,3.0000979240239913,-3.898510,1.207533,2.6911602745176,-2.7067181583782,1,2.1e-10
0.9997655298562805,0.0,-0.0005942534763270,0.0000000000000000,-0.0222637122424147,0.0000000000000000,4.4829805631699795,3.0000979248920969,-3.895340,1.210693,2.6867964168176,-2.7059891853320,1,2.5e-09
0.9997656368734383,0.0,-0.0005939957536998,0.0000000000000000,-0.0222695303919460,0.0000000000000000,4.4826805631699793,3.0000979257576121,-3.890138,1.213045,2.6768625368559,-2.7199906019692,1,2.7e-10
0.9997657438790699,0.0,-0.0005937380856591,0.0000000000000000,-0.0222753510251860,0.0000000000000000,4.4823805631699800,3.0000979266205010,-3.886122,1.215861,2.6701612956300,-2.7254505927030,1,1.1e-10
0.9997658508734065,0.0,-0.0005934804717613,0.0000000000000000,-0.0222811741540120,0.0000000000000000,4.4820805631699798,3.0000979274807760,-3.882081,1.218664,2.6633784138128,-2.7311323779461,1,4.4e-11
0.9997659578564151,0.0,-0.0005932229120296,0.0000000000000000,-0.0222869997794117,0.0000000000000000,4.4817805631699796,3.0000979283384379,-3.877884,1.221398,2.6561532606055,-2.7379882316010,1,3.8e-10
0.9997660648266344,0.0,-0.0005929654104326,0.0000000000000000,-0.0222928278158190,0.0000000000000000,4.4814805631699794,3.0000979291934260,-3.877555,1.225770,2.6595957726836,-2.7166597203034,1,8.8e-09
0.9997661717882194,0.0,-0.0005927079554908,0.0000000000000000,-0.0222986585171390,0.0000000000000000,4.4811805631699793,3.0000979300459112,-3.869981,1.227058,2.6430241153076,-2.7482241403975,1,1.1e-10
0.9997662787364119,0.0,-0.0005924505599069,0.0000000000000000,-0.0223044916020146,0.0000000000000000,4.4808805631699800,3.0000979308958269,-3.857787,1.226383,2.6135249017353,-2.8139295365417,1,2.0e-08
0.9997663856744738,0.0,-0.0005921932158604,0.0000000000000000,-0.0223103272556879,0.0000000000000000,4.4805805631699798,3.0000979317429217,-3.861699,1.232538,2.6287951388421,-2.7613869925263,1,4.1e-10
0.9997664926004868,0.0,-0.0005919359273832,0.0000000000000000,-0.0223161653795575,0.0000000000000000,4.4802805631699796,3.0000979325874968,-3.857874,1.235410,2.6225396198694,-2.7657073229380,1,8.4e-11
0.9997665995150734,0.0,-0.0005916786931480,0.0000000000000000,-0.0223220060082636,0.0000000000000000,4.4799805631699794,3.0000979334294571,-3.853831,1.238181,2.6156675082784,-2.7716616922227,1,1.9e-11
0.9997667064182157,0.0,-0.0005914215131463,0.0000000000000000,-0.0223278491438071,0.0000000000000000,4.4796805631699792,3.0000979342687915,-3.850328,1.241194,2.6102899670755,-2.7736741881353,1,1.3e-09
0.9997668133100063,0.0,-0.0005911643872142,0.0000000000000000,-0.0223336947909449,0.0000000000000000,4.4793805631699799,3.0000979351055403,-3.843882,1.242850,2.5966583233305,-2.7974898582284,1,4.8e-09
0.9997669201901703,0.0,-0.0005909073158011,0.0000000000000000,-0.0223395429424638,0.0000000000000000,4.4790805631699797,3.0000979359396172,-3.841897,1.246556,2.5955185605434,-2.7883221353775,1,1.9e-10
0.9997670270589490,0.0,-0.0005906502984675,0.0000000000000000,-0.0223453936088409,0.0000000000000000,4.4787805631699795,3.0000979367710987,-3.837724,1.249246,2.5882316891761,-2.7953928057949,1,2.7e-10
0.9997671339167321,0.0,-0.0005903933334724,0.0000000000000000,-0.0223512468302507,0.0000000000000000,4.4784805631699793,3.0000979375999317,-3.836977,1.253593,2.5905798619884,-2.7770284278516,1,7.8e-09
0.9997672407620108,0.0,-0.0005901364265460,0.0000000000000000,-0.0223571024825502,0.0000000000000000,4.4781805631699800,3.0000979384261908,-3.829908,1.254863,2.5751081896593,-2.8057204911974,1,6.9e-11
0.9997673475962954,0.0,-0.0005898795719231,0.0000000000000000,-0.0223629606939875,0.0000000000000000,4.4778805631699798,3.0000979392498048,-3.825752,1.257543,2.5678280779470,-2.8127887684663,1,4.1e-10
0.9997674544194040,0.0,-0.0005896227735929,0.0000000000000000,-0.0223688213813256,0.0000000000000000,4.4775805631699797,3.0000979400710048,-3.800200,1.250063,2.4994323029315,-2.9812012703191,1,5.5e-08
0.9997675612278469,0.0,-0.0005893660301451,0.0000000000000000,-0.0223746845577056,0.0000000000000000,4.4772805631699795,3.0000979408893138,-3.806895,1.257692,2.5231609863682,-2.9063688993714,1,2.8e-08
0.9997676680300238,0.0,-0.0005891093333222,0.0000000000000000,-0.0223805504489205,0.0000000000000000,4.4769805631699793,3.0000979417048943,-3.814361,1.266091,2.5489643883809,-2.8261688886599,1,7.4e-10
0.9997677748181761,0.0,-0.0005888526955842,0.0000000000000000,-0.0223864187453163,0.0000000000000000,4.4766805631699800,3.0000979425180132,-3.810126,1.268705,2.5414071924725,-2.8339892544976,1,1.5e-11
0.9997678815947683,0.0,-0.0005885961120573,0.0000000000000000,-0.0223922895674764,0.0000000000000000,4.4763805631699798,3.0000979433285013,-3.806234,1.271492,2.5348145224289,-2.8392696689738,1,7.6e-11
0.9997679883612608,0.0,-0.0005883395802091,0.0000000000000000,-0.0223981629784393,0.0000000000000000,4.4760805631699796,3.0000979441363618,-3.800935,1.273516,2.5241689320765,-2.8552684083233,1,3.4e-09
0.9997680951132600,0.0,-0.0005880831075918,0.0000000000000000,-0.0224040387968164,0.0000000000000000,4.4757805631699794,3.0000979449415937,-3.798774,1.277227,2.5225215662372,-2.8474930186825,1,1.0e-09
0.9997682018550775,0.0,-0.0005878266867628,0.0000000000000000,-0.0224099172045314,0.0000000000000000,4.4754805631699792,3.0000979457442067,-3.794455,1.279766,2.5146654129691,-2.8561223642577,1,2.5e-11
0.9997683085853213,0.0,-0.0005875703200852,0.0000000000000000,-0.0224157981462338,0.0000000000000000,4.4751805631699799,3.0000979465441846,-3.790565,1.282533,2.5080283191601,-2.8615415949270,1,4.3e-12
0.9997684153039430,0.0,-0.0005873140076289,0.0000000000000000,-0.0224216816218323,0.0000000000000000,4.4748805631699797,3.0000979473415343,-3.786647,1.285278,2.5012987582502,-2.8672099675645,1,7.2e-11
0.9997685220109469,0.0,-0.0005870577493647,0.0000000000000000,-0.0224275676337060,0.0000000000000000,4.4745805631699795,3.0000979481362551,-3.782743,1.288026,2.4945967585381,-2.8728111049972,1,1.2e-10
0.9997686287059517,0.0,-0.0005868015461389,0.0000000000000000,-0.0224334561625736,0.0000000000000000,4.4742805631699794,3.0000979489284054,-3.773977,1.287993,2.4737621214847,-2.9156822847158,1,1.3e-08
0.9997687353894813,0.0,-0.0005865453966195,0.0000000000000000,-0.0224393472457362,0.0000000000000000,4.4739805631699801,3.0000979497177584,-3.778764,1.295779,2.4922704314349,-2.8548151791604,1,9.5e-09
0.9997688420620463,0.0,-0.0005862892998962,0.0000000000000000,-0.0224452408999616,0.0000000000000000,4.4736805631699799,3.0000979505046312,-3.770985,1.296207,2.4742818829532,-2.8901970784648,1,5.0e-10
0.9997689487222701,0.0,-0.0005860332587772,0.0000000000000000,-0.0224511370633680,0.0000000000000000,4.4733805631699797,3.0000979512888990,-3.761273,1.295496,2.4505491942102,-2.9407164101031,1,1.5e-08
0.9997690553711336,0.0,-0.0005857772712260,0.0000000000000000,-0.0224570357897181,0.0000000000000000,4.4730805631699795,3.0000979520703868,-3.763217,1.301671,2.4608813060899,-2.9014387303995,1,6.7e-10
0.9997691620081154,0.0,-0.0005855213382247,0.0000000000000000,-0.0224629370523686,0.0000000000000000,4.4727805631699793,3.0000979528493121,-3.759641,1.304584,2.4550632890621,-2.9047415774350,1,5.5e-12
0.9997692686334112,0.0,-0.0005852654593986,0.0000000000000000,-0.0224688408635907,0.0000000000000000,4.4724805631699800,3.0000979536256058,-3.755771,1.307310,2.4483721349982,-2.9103517899336,1,8.9e-11
0.9997693752471513,0.0,-0.0005850096346256,0.0000000000000000,-0.0224747472289591,0.0000000000000000,4.4721805631699798,3.0000979543992532,-3.752475,1.310394,2.4433563382369,-2.9115555942164,1,1.3e-09
0.9997694818492810,0.0,-0.0005847538634561,0.0000000000000000,-0.0224806561588698,0.0000000000000000,4.4718805631699796,3.0000979551702511,-3.750820,1.314551,2.4431651901820,-2.9000492664912,1,6.8e-09
0.9997695884389379,0.0,-0.0005844981481454,0.0000000000000000,-0.0224865676017824,0.0000000000000000,4.4715805631699794,3.0000979559386738,-3.744409,1.315612,2.4289565780320,-2.9254809986511,1,1.6e-10
0.9997696950173004,0.0,-0.0005842424861078,0.0000000000000000,-0.0224924816223591,0.0000000000000000,4.4712805631699792,3.0000979567044248,-3.740555,1.318324,2.4222641639433,-2.9311161809151,1,3.3e-11
0.9997698015838853,0.0,-0.0005839868782991,0.0000000000000000,-0.0224983981988204,0.0000000000000000,4.4709805631699799,3.0000979574675370,-3.736793,1.321091,2.4158302685814,-2.9360755198877,1,1.3e-10
0.9997699081390340,0.0,-0.0005837313253514,0.0000000000000000,-0.0225043173238634,0.0000000000000000,4.4706805631699797,3.0000979582279728,-3.733738,1.324325,2.4114783909978,-2.9355727050734,1,2.0e-09
0.9997700146817716,0.0,-0.0005834758251606,0.0000000000000000,-0.0225102390310753,0.0000000000000000,4.4703805631699796,3.0000979589858496,-3.729152,1.326527,2.4025793309455,-2.9470203035206,1,4.4e-11
0.9997701212152061,0.0,-0.0005832203751563,0.0000000000000000,-0.0225161634038046,0.0000000000000000,4.4700805631699794,3.0000979597409074,-3.735868,1.336827,2.4272645332441,-2.8700532575205,1,2.7e-08
0.9997702277324474,0.0,-0.0005829649888593,0.0000000000000000,-0.0225220901092763,0.0000000000000000,4.4697805631699792,3.0000979604936049,-3.721445,1.331888,2.3890806857756,-2.9586389651103,1,4.6e-10
0.9997703342393360,0.0,-0.0005827096534656,0.0000000000000000,-0.0225280194592202,0.0000000000000000,4.4694805631699799,3.0000979612435761,-3.713755,1.331865,2.3707991127172,-2.9948180054124,1,1.1e-08
0.9997704407356305,0.0,-0.0005824543696999,0.0000000000000000,-0.0225339514402040,0.0000000000000000,4.4691805631699797,3.0000979619907726,-3.716133,1.338959,2.3827150997334,-2.9514933470653,1,5.3e-09
0.9997705472197604,0.0,-0.0005821991407881,0.0000000000000000,-0.0225398859720042,0.0000000000000000,4.4688805631699795,3.0000979627354263,-3.710716,1.340478,2.3712323678500,-2.9697873908272,1,9.4e-10
0.9997706536918858,0.0,-0.0005819439665810,0.0000000000000000,-0.0225458230624341,0.0000000000000000,4.4685805631699793,3.0000979634774567,-3.703582,1.340721,2.3545251065449,-3.0018399436315,1,7.9e-09
0.9997707601522343,0.0,-0.0005816888461010,0.0000000000000000,-0.0225517627368246,0.0000000000000000,4.4682805631699800,3.0000979642167676,-3.702912,1.345698,2.3573145888037,-2.9825658632382,1,9.4e-11
0.9997708666006666,0.0,-0.0005814337799124,0.0000000000000000,-0.0225577049817979,0.0000000000000000,4.4679805631699798,3.0000979649534840,-3.698312,1.347764,2.3482182142207,-2.9945882760872,1,2.2e-09
0.9997709730371214,0.0,-0.0005811787682659,0.0000000000000000,-0.0225636497952807,0.0000000000000000,4.4676805631699796,3.0000979656875315,-3.695449,1.351140,2.3443704948948,-2.9928009094056,1,5.7e-11
0.9997710794625534,0.0,-0.0005809238088772,0.0000000000000000,-0.0225695972310157,0.0000000000000000,4.4673805631699794,3.0000979664189793,-3.688752,1.351558,2.3288501471291,-3.0217484147866,1,7.8e-09
0.9997711858745491,0.0,-0.0005806689066445,0.0000000000000000,-0.0225755471758052,0.0000000000000000,4.4670805631699793,3.0000979671477146,-3.688452,1.356923,2.3327976659538,-2.9994481609223,1,1.2e-09
0.9997712922789485,0.0,-0.0005804140494211,0.0000000000000000,-0.0225814999132857,0.0000000000000000,4.4667805631699791,3.0000979678741286,-3.660633,1.341885,2.2521273944955,-3.1998642001269,1,6.3e-08
0.9997713986640874,0.0,-0.0005801592626539,0.0000000000000000,-0.0225874548610408,0.0000000000000000,4.4664805631699789,3.0000979685973146,-3.680654,1.362043,2.3187354483399,-3.0126709497213,1,1.1e-10
0.9997715050409325,0.0,-0.0005799045218494,0.0000000000000000,-0.0225934125811181,0.0000000000000000,4.4661805631699796,3.0000979693181495,-3.676464,1.364349,2.3107905320472,-3.0216931067516,1,1.2e-09
0.9997716114060252,0.0,-0.0005796498347975,0.0000000000000000,-0.0225993728984231,0.0000000000000000,4.4658805631699794,3.0000979700363084,-3.674398,1.368406,2.3093494984829,-3.0136122841033,1,3.0e-09
0.9997717177594651,0.0,-0.0005793952004963,0.0000000000000000,-0.0226053358361791,0.0000000000000000,4.4655805631699792,3.0000979707517756,-3.676973,1.376590,2.3221523408898,-2.9680671888948,1,1.9e-08
0.9997718241000747,0.0,-0.0005791406236589,0.0000000000000000,-0.0226113012876152,0.0000000000000000,4.4652805631699790,3.0000979714647369,-3.665845,1.372817,2.2928546413780,-3.0332759715795,1,1.6e-10
0.9997719304291109,0.0,-0.0005788860994350,0.0000000000000000,-0.0226172693671240,0.0000000000000000,4.4649805631699788,3.0000979721749803,-3.661197,1.374677,2.2834276037694,-3.0462175331291,1,2.8e-09
0.9997720367462195,0.0,-0.0005786316291389,0.0000000000000000,-0.0226232400462328,0.0000000000000000,4.4646805631699795,3.0000979728825494,-3.658590,1.378286,2.2803024777040,-3.0425904437615,1,1.3e-12
0.9997721430512960,0.0,-0.0005783772131050,0.0000000000000000,-0.0226292133184098,0.0000000000000000,4.4643805631699793,3.0000979735874784,-3.654917,1.380969,2.2738651679894,-3.0476800961945,1,7.3e-11
0.9997722493443513,0.0,-0.0005781228512341,0.0000000000000000,-0.0226351891878430,0.0000000000000000,4.4640805631699791,3.0000979742897562,-3.651281,1.383678,2.2675315638498,-3.0525024777722,1,6.3e-11
0.9997723556233546,0.0,-0.0005778685485574,0.0000000000000000,-0.0226411675415342,0.0000000000000000,4.4637805631699790,3.0000979749892362,-3.658811,1.397069,2.2958697463716,-2.9661653759448,1,2.9e-08
0.9997724618943998,0.0,-0.0005776142899124,0.0000000000000000,-0.0226471487273024,0.0000000000000000,4.4634805631699797,3.0000979756863533,-3.643877,1.388950,2.2544121199123,-3.0633530940651,1,4.5e-10
0.9997725681518027,0.0,-0.0005773600896391,0.0000000000000000,-0.0226531324178912,0.0000000000000000,4.4631805631699795,3.0000979763808115,-3.628793,1.381479,2.2120366369366,-3.1629373234297,1,3.1e-08
0.9997726743959113,0.0,-0.0005771059460103,0.0000000000000000,-0.0226591186589870,0.0000000000000000,4.4628805631699793,3.0000979770723299,-3.637010,1.394691,2.2429266959289,-3.0699283452127,1,5.3e-10
0.9997727806292694,0.0,-0.0005768518536258,0.0000000000000000,-0.0226651075716789,0.0000000000000000,4.4625805631699791,3.0000979777613854,-3.629529,1.393739,2.2244206753123,-3.1067732151658,1,9.8e-09
0.9997728868498369,0.0,-0.0005765978170321,0.0000000000000000,-0.0226710990556395,0.0000000000000000,4.4622805631699789,3.0000979784476920,-3.629557,1.399847,2.2295508453929,-3.0814994419572,1,1.4e-10
0.9997729930586102,0.0,-0.0005763438339646,0.0000000000000000,-0.0226770931637307,0.0000000000000000,4.4619805631699796,3.0000979791313802,-3.626375,1.402942,2.2245589144315,-3.0828369933143,1,9.6e-10
0.9997730992550450,0.0,-0.0005760899054508,0.0000000000000000,-0.0226830898731981,0.0000000000000000,4.4616805631699794,3.0000979798124221,-3.622539,1.405390,2.2174935187094,-3.0896253226026,1,2.9e-10
0.9997732054408252,0.0,-0.0005758360276787,0.0000000000000000,-0.0226890892760961,0.0000000000000000,4.4613805631699792,3.0000979804908563,-3.614703,1.403873,2.1977012852196,-3.1298653861422,1,1.1e-08
0.9997733116133040,0.0,-0.0005755822068068,0.0000000000000000,-0.0226950912315727,0.0000000000000000,4.4610805631699790,3.0000979811665118,-3.616441,1.411847,2.2083100842422,-3.0902347323839,1,3.1e-09
0.9997734177720298,0.0,-0.0005753284440384,0.0000000000000000,-0.0227010957088148,0.0000000000000000,4.4607805631699788,3.0000979818395876,-3.611703,1.413338,2.1983392024621,-3.1046640031804,1,2.1e-11
0.9997735239200561,0.0,-0.0005750747318839,0.0000000000000000,-0.0227071028885396,0.0000000000000000,4.4604805631699795,3.0000979825100011,-3.607290,1.415134,2.1893705468010,-3.1164741635660,1,2.3e-09
0.9997736300559136,0.0,-0.0005748210739110,0.0000000000000000,-0.0227131126878689,0.0000000000000000,4.4601805631699794,3.0000979831777648,-3.601951,1.415948,2.1774111770861,-3.1361429385602,1,7.1e-09
0.9997737361796996,0.0,-0.0005745674698060,0.0000000000000000,-0.0227191251173306,0.0000000000000000,4.4598805631699792,3.0000979838428128,-3.601057,1.421401,2.1796760354836,-3.1184626452753,1,1.6e-11
0.9997738422914820,0.0,-0.0005743139195150,0.0000000000000000,-0.0227251401786408,0.0000000000000000,4.4595805631699790,3.0000979845052260,-3.597871,1.424464,2.1745931077524,-3.1200875343851,1,9.7e-10
0.9997739483906202,0.0,-0.0005740604242531,0.0000000000000000,-0.0227311578440257,0.0000000000000000,4.4592805631699797,3.0000979851649894,-3.593995,1.426771,2.1672853642250,-3.1275549411855,1,4.9e-11
0.9997740544777777,0.0,-0.0005738069826770,0.0000000000000000,-0.0227371781485411,0.0000000000000000,4.4589805631699795,3.0000979858220838,-3.590457,1.429434,2.1610479251266,-3.1322200423402,1,2.0e-11
0.9997741605554985,0.0,-0.0005735535904045,0.0000000000000000,-0.0227432012045115,0.0000000000000000,4.4586805631699793,3.0000979864764941,-3.585480,1.430456,2.1501252937049,-3.1492259513057,1,4.0e-09
0.9997742666154745,0.0,-0.0005733002618253,0.0000000000000000,-0.0227492266512350,0.0000000000000000,4.4583805631699791,3.0000979871282807,-3.583410,1.434765,2.1486262371346,-3.1414276183689,1,1.5e-11
0.9997743726665358,0.0,-0.0005730469821028,0.0000000000000000,-0.0227552548722294,0.0000000000000000,4.4580805631699798,3.0000979877771226,-3.599035,1.462296,2.2041259985857,-2.9840948439588,1,5.2e-08
0.9997744787042442,0.0,-0.0005727937574318,0.0000000000000000,-0.0227612856893633,0.0000000000000000,4.4577805631699796,3.0000979884238168,-3.576407,1.440109,2.1362982900295,-3.1504118401950,1,1.1e-12
0.9997745847292632,0.0,-0.0005725405875592,0.0000000000000000,-0.0227673191264164,0.0000000000000000,4.4574805631699794,3.0000979890678434,-3.554756,1.423161,2.0705212571330,-3.3113217671095,1,5.0e-08
0.9997746907442857,0.0,-0.0005722874690020,0.0000000000000000,-0.0227733552893459,0.0000000000000000,4.4571805631699792,3.0000979897087068,-3.567635,1.443310,2.1181355040253,-3.1747319307483,1,4.9e-09
0.9997747967454760,0.0,-0.0005720344066442,0.0000000000000000,-0.0227793940329675,0.0000000000000000,4.4568805631699790,3.0000979903471308,-3.565355,1.447391,2.1159190252214,-3.1688820744013,1,1.6e-09
0.9997749027346688,0.0,-0.0005717813979035,0.0000000000000000,-0.0227854354318968,0.0000000000000000,4.4565805631699797,3.0000979909828907,-3.562433,1.450722,2.1115981321107,-3.1685643323903,1,8.8e-11
0.9997750087106400,0.0,-0.0005715284471907,0.0000000000000000,-0.0227914793833979,0.0000000000000000,4.4562805631699796,3.0000979916161685,-3.542183,1.434252,2.0499014817226,-3.3187641870122,1,4.6e-08
0.9997751146761471,0.0,-0.0005712755427472,0.0000000000000000,-0.0227975261655847,0.0000000000000000,4.4559805631699794,3.0000979922464164,-3.555601,1.456163,2.0996795824823,-3.1765428175563,1,1.9e-10
0.9997752206284305,0.0,-0.0005710226963030,0.0000000000000000,-0.0228035755043257,0.0000000000000000,4.4556805631699792,3.0000979928741982,-3.550231,1.456394,2.0872423742458,-3.1975297009847,1,5.1e-09
0.9997753265683483,0.0,-0.0005707699039842,0.0000000000000000,-0.0228096274936416,0.0000000000000000,4.4553805631699799,3.0000979934992622,-3.548625,1.461383,2.0872377909475,-3.1859163433621,1,3.3e-12
0.9997754324959481,0.0,-0.0005705171657338,0.0000000000000000,-0.0228156821355063,0.0000000000000000,4.4550805631699797,3.0000979941216772,-3.545280,1.464163,2.0814712302842,-3.1894204053703,1,2.7e-10
0.9997755384112336,0.0,-0.0005702644815492,0.0000000000000000,-0.0228217394308749,0.0000000000000000,4.4547805631699795,3.0000979947414890,-3.536445,1.459860,2.0574009695019,-3.2409198375127,1,1.5e-08
0.9997756443140909,0.0,-0.0005700118514832,0.0000000000000000,-0.0228277993840747,0.0000000000000000,4.4544805631699793,3.0000979953584945,-3.538275,1.469279,2.0688561182038,-3.1992824686656,1,1.0e-10
0.9997757502046124,0.0,-0.0005697592754801,0.0000000000000000,-0.0228338619945260,0.0000000000000000,4.4541805631699791,3.0000979959728924,-3.534848,1.471921,2.0627793278242,-3.2036170512553,1,1.1e-10
0.9997758560827531,0.0,-0.0005695067535550,0.0000000000000000,-0.0228399272649320,0.0000000000000000,4.4538805631699798,3.0000979965846164,-3.531479,1.474632,2.0568833418465,-3.2074834392495,1,2.7e-11
0.9997759619493148,0.0,-0.0005692542842207,0.0000000000000000,-0.0228459952350299,0.0000000000000000,4.4535805631699796,3.0000979971936381,-3.529367,1.479101,2.0551868438537,-3.2003596337630,1,3.6e-09
0.9997760678018369,0.0,-0.0005690018719551,0.0000000000000000,-0.0228520657923704,0.0000000000000000,4.4532805631699794,3.0000979978000393,-3.524640,1.479883,2.0447174768960,-3.2162134432643,1,2.9e-11
0.9997761736427651,0.0,-0.0005687495122627,0.0000000000000000,-0.0228581390534811,0.0000000000000000,4.4529805631699793,3.0000979984037377,-3.521234,1.482511,2.0386603092572,-3.2205195348018,1,4.5e-11
0.9997762794712709,0.0,-0.0005684972066359,0.0000000000000000,-0.0228642149821072,0.0000000000000000,4.4526805631699791,3.0000979990047583,-3.517880,1.485205,2.0327674369937,-3.2244008485431,1,6.7e-11
0.9997763852873521,0.0,-0.0005682449550847,0.0000000000000000,-0.0228702935797243,0.0000000000000000,4.4523805631699798,3.0000979996031112,-3.513714,1.486698,2.0241120582915,-3.2355256708198,1,2.1e-09
0.9997764910909891,0.0,-0.0005679927576271,0.0000000000000000,-0.0228763748478969,0.0000000000000000,4.4520805631699796,3.0000980001987871,-3.509489,1.488077,2.0152302677296,-3.2472482901264,1,4.5e-09
0.9997765968823612,0.0,-0.0005677406136432,0.0000000000000000,-0.0228824588037361,0.0000000000000000,4.4517805631699794,3.0000980007917466,-3.508410,1.494121,2.0170226242083,-3.2310166039051,1,2.0e-09
0.9997767026608237,0.0,-0.0005674885248021,0.0000000000000000,-0.0228885454075789,0.0000000000000000,4.4514805631699792,3.0000980013820646,-3.504353,1.495705,2.0086904813127,-3.2413083374536,1,3.0e-11
0.9997768084270428,0.0,-0.0005672364894968,0.0000000000000000,-0.0228946347011987,0.0000000000000000,4.4511805631699799,3.0000980019696928,-3.501003,1.498351,2.0027472222562,-3.2453505023484,1,6.7e-11
0.9997768264677545,0.0,-0.0005671935018619,0.0000000000000000,-0.0228956737008188,0.0000000000000000,4.4511293881517453,3.0000980020696653,-3.500429,1.498797,2.0017236731833,-3.2460660981644,1,6.5e-11
0.9997768448689153,0.0,-0.0005671496560664,0.0000000000000000,-0.0228967335614141,0.0000000000000000,4.4510771896080330,3.0000980021715562,-3.499847,1.499257,2.0006915693844,-3.2467648952408,1,7.2e-11
0.9997768636377226,0.0,-0.0005671049350200,0.0000000000000000,-0.0228978147033173,0.0000000000000000,4.4510239470681334,3.0000980022754020,-3.499216,1.499668,1.9995105184399,-3.2478140047867,1,2.7e-11
0.9997768827815047,0.0,-0.0005670593212898,0.0000000000000000,-0.0228989175553982,0.0000000000000000,4.4509696396510767,3.0000980023812374,-3.498625,1.500168,1.9984825640991,-3.2484213917402,1,1.8e-11
0.9997769023077583,0.0,-0.0005670127970756,0.0000000000000000,-0.0229000425558486,0.0000000000000000,4.4509142460583009,3.0000980024890991,-3.498016,1.500669,1.9974170691694,-3.2490856570571,1,4.9e-11
0.9997769222240989,0.0,-0.0005669653442644,0.0000000000000000,-0.0229011901506954,0.0000000000000000,4.4508577445651056,3.0000980025990240,-3.497371,1.501142,1.9962447712747,-3.2499871431861,1,1.1e-11
0.9997769425383258,0.0,-0.0005669169443406,0.0000000000000000,-0.0229023607961877,0.0000000000000000,4.4508001130123835,3.0000980027110495,-3.496721,1.501636,1.9950769132145,-3.2508340579604,1,5.8e-12
0.9997769632583723,0.0,-0.0005668675784463,0.0000000000000000,-0.0229035549571750,0.0000000000000000,4.4507413287977196,3.0000980028252133,-3.496066,1.502152,1.9939130570237,-3.2516263701165,1,6.6e-13
0.9997769843923358,0.0,-0.0005668172273458,0.0000000000000000,-0.0229047731080744,0.0000000000000000,4.4506813688666158,3.0000980029415545,-3.495389,1.502664,1.9926930710343,-3.2525207597479,1,2.2e-11
0.9997770059484756,0.0,-0.0005667658714213,0.0000000000000000,-0.0229060157329986,0.0000000000000000,4.4506202097034349,3.0000980030601125,-3.494695,1.503181,1.9914398376088,-3.2534564908906,1,5.2e-11
0.9997770279352134,0.0,-0.0005667134906639,0.0000000000000000,-0.0229072833259541,0.0000000000000000,4.4505578273221795,3.0000980031809266,-3.494030,1.503775,1.9903042452938,-3.2540375429196,1,3.4e-11
0.9997770503611425,0.0,-0.0005666600646687,0.0000000000000000,-0.0229085763910035,0.0000000000000000,4.4504941972570746,3.0000980033040374,-3.493305,1.504306,1.9889860457253,-3.2550490331117,1,9.0e-12
0.9997770732350222,0.0,-0.0005666055726268,0.0000000000000000,-0.0229098954424606,0.0000000000000000,4.4504292945529720,3.0000980034294868,-3.492562,1.504842,1.9876319178041,-3.2561060878788,1,6.1e-11
0.9997770965657907,0.0,-0.0005665499933168,0.0000000000000000,-0.0229112410051524,0.0000000000000000,4.4503630937555601,3.0000980035573153,-3.491838,1.505441,1.9863619510617,-3.2568932890308,1,2.4e-11
0.9997771203625596,0.0,-0.0005664933050999,0.0000000000000000,-0.0229126136145034,0.0000000000000000,4.4502955689013701,3.0000980036875662,-3.491092,1.506041,1.9850425211716,-3.2577596148238,1,5.7e-12
0.9997771446346303,0.0,-0.0005664354858971,0.0000000000000000,-0.0229140138171922,0.0000000000000000,4.4502266935076351,3.0000980038202818,-3.490326,1.506644,1.9836790681271,-3.2586896793691,1,1.9e-12
0.9997771693914742,0.0,-0.0005663765132118,0.0000000000000000,-0.0229154421704992,0.0000000000000000,4.4501564405618019,3.0000980039555070,-3.489533,1.507240,1.9822478382987,-3.2597447178225,1,3.2e-11
0.9997771946427642,0.0,-0.0005663163640893,0.0000000000000000,-0.0229168992434743,0.0000000000000000,4.4500847825110403,3.0000980040932848,-3.488721,1.507841,1.9807762751575,-3.2608518424296,1,7.2e-11
0.9997772203983594,0.0,-0.0005662550151199,0.0000000000000000,-0.0229183856167547,0.0000000000000000,4.4500116912513858,3.0000980042336605,-3.487975,1.508587,1.9795548931205,-3.2612494498528,1,1.2e-10
0.9997772466683182,0.0,-0.0005661924424366,0.0000000000000000,-0.0229199018827201,0.0000000000000000,4.4499371381167050,3.0000980043766790,-3.487125,1.509203,1.9780049696018,-3.2624514222731,1,5.7e-11
0.9997772734628971,0.0,-0.0005661286216919,0.0000000000000000,-0.0229214486460436,0.0000000000000000,4.4498610938674839,3.0000980045223886,-3.486242,1.509804,1.9763665335039,-3.2638284622151,1,5.0e-11
0.9997773007925597,0.0,-0.0005660635280614,0.0000000000000000,-0.0229230265236781,0.0000000000000000,4.4497835286793226,3.0000980046708343,-3.485388,1.510493,1.9748553658740,-3.2648144715776,1,2.8e-11
0.9997773286679693,0.0,-0.0005659971362364,0.0000000000000000,-0.0229246361450053,0.0000000000000000,4.4497044121312292,3.0000980048220640,-3.484535,1.511223,1.9733734140236,-3.2656649643499,1,4.2e-11
0.9997773571000097,0.0,-0.0005659294203977,0.0000000000000000,-0.0229262781525507,0.0000000000000000,4.4496237131937288,3.0000980049761261,-3.483622,1.511897,1.9717159316815,-3.2669148149559,1,6.1e-12
0.9997773860997757,0.0,-0.0005658603542217,0.0000000000000000,-0.0229279532018471,0.0000000000000000,4.4495414002166473,3.0000980051330699,-3.482709,1.512614,1.9700851913190,-3.2680332232556,1,6.8e-12
0.9997774156785902,0.0,-0.0005657899108570,0.0000000000000000,-0.0229296619620702,0.0000000000000000,4.4494574409167340,3.0000980052929447,-3.481759,1.513312,1.9683556194204,-3.2693479181269,1,6.2e-11
0.9997774458479860,0.0,-0.0005657180629360,0.0000000000000000,-0.0229314051157038,0.0000000000000000,4.4493718023649249,3.0000980054557997,-3.480821,1.514077,1.9667008548752,-3.2704028594150,1,3.0e-11
0.9997774766197443,0.0,-0.0005656447825289,0.0000000000000000,-0.0229331833598200,0.0000000000000000,4.4492844509735390,3.0000980056216866,-3.479878,1.514878,1.9650583418365,-3.2713608333264,1,4.0e-11
0.9997775080058634,0.0,-0.0005655700411786,0.0000000000000000,-0.0229349974051533,0.0000000000000000,4.4491953524829562,3.0000980057906572,-3.478908,1.515680,1.9633506853484,-3.2724228940219,1,8.4e-11
0.9997775400185911,0.0,-0.0005654938098484,0.0000000000000000,-0.0229368479774846,0.0000000000000000,4.4491044719483028,3.0000980059627640,-3.477881,1.516435,1.9614818419566,-3.2738393135718,1,2.4e-11
0.9997775726704118,0.0,-0.0005654160589350,0.0000000000000000,-0.0229387358173341,0.0000000000000000,4.4490117737256707,3.0000980061380589,-3.476836,1.517207,1.9595814692203,-3.2752691627553,1,3.2e-11
0.9997776059740623,0.0,-0.0005653367582497,0.0000000000000000,-0.0229406616804889,0.0000000000000000,4.4489172214581529,3.0000980063165956,-3.475824,1.518085,1.9578286668847,-3.2762425802983,1,6.1e-11
0.9997776399425288,0.0,-0.0005652558770120,0.0000000000000000,-0.0229426263381625,0.0000000000000000,4.4488207780615641,3.0000980064984279,-3.474732,1.518878,1.9558325823252,-3.2777809937889,1,1.5e-11
0.9997776745890563,0.0,-0.0005651733838301,0.0000000000000000,-0.0229446305775371,0.0000000000000000,4.4487224057099137,3.0000980066836114,-3.473624,1.519694,1.9538135983581,-3.2793061731495,1,7.9e-11
0.9997777099271546,0.0,-0.0005650892466920,0.0000000000000000,-0.0229466752020585,0.0000000000000000,4.4486220658205564,3.0000980068722010,-3.472560,1.520639,1.9519845746212,-3.2802598225452,1,4.3e-11
0.9997777459705980,0.0,-0.0005650034329628,0.0000000000000000,-0.0229487610314791,0.0000000000000000,4.4485197190390222,3.0000980070642540,-3.471406,1.521484,1.9498784721028,-3.2818625085082,1,3.0e-11
0.9997777827334342,0.0,-0.0005649159093524,0.0000000000000000,-0.0229508889027509,0.0000000000000000,4.4484153252236354,3.0000980072598247,-3.470261,1.522399,1.9478384463206,-3.2832148099568,1,1.6e-11
0.9997778202299942,0.0,-0.0005648266419251,0.0000000000000000,-0.0229530596698638,0.0000000000000000,4.4483088434297020,3.0000980074589729,-3.469091,1.523327,1.9457492557418,-3.2846167476334,1,1.0e-11
0.9997778584748875,0.0,-0.0005647355960734,0.0000000000000000,-0.0229552742044900,0.0000000000000000,4.4482002318934795,3.0000980076617552,-3.467926,1.524322,1.9437161922725,-3.2857913365790,1,7.5e-11
0.9997778974830190,0.0,-0.0005646427365067,0.0000000000000000,-0.0229575333963535,0.0000000000000000,4.4480894480157849,3.0000980078682304,-3.466662,1.525202,1.9413779422699,-3.2876822643127,1,5.4e-11
0.9997779372695806,0.0,-0.0005645480272470,0.0000000000000000,-0.0229598381533602,0.0000000000000000,4.4479764483452513,3.0000980080784583,-3.465443,1.526222,1.9392353156114,-3.2889776401233,1,9.9e-12
0.9997779778500794,0.0,-0.0005644514315892,0.0000000000000000,-0.0229621894026886,0.0000000000000000,4.4478611885613546,3.0000980082924982,-3.464180,1.527227,1.9369803300730,-3.2904816680202,1,1.8e-11
0.9997780192403100,0.0,-0.0005643529121353,0.0000000000000000,-0.0229645880899308,0.0000000000000000,4.4477436234568835,3.0000980085104096,-3.462887,1.528240,1.9346608212508,-3.2920674365211,1,9.3e-12
0.9997780614563962,0.0,-0.0005642524307336,0.0000000000000000,-0.0229670351807650,0.0000000000000000,4.4476237069203366,3.0000980087322549,-3.461584,1.529300,1.9323473896824,-3.2935486107992,1,4.2e-11
0.9997781045147797,0.0,-0.0005641499484735,0.0000000000000000,-0.0229695316610548,0.0000000000000000,4.4475013919177959,3.0000980089580946,-3.460218,1.530313,1.9298590500395,-3.2953968927589,1,3.0e-11
0.9997781484322122,0.0,-0.0005640454257143,0.0000000000000000,-0.0229720785362445,0.0000000000000000,4.4473766304743485,3.0000980091879912,-3.458852,1.531394,1.9274136660714,-3.2970404657461,1,2.9e-11
0.9997781932258005,0.0,-0.0005639388219946,0.0000000000000000,-0.0229746768337122,0.0000000000000000,4.4472493736554810,3.0000980094220058,-3.457471,1.532515,1.9249585351974,-3.2986155949727,1,2.0e-12
0.9997782389129731,0.0,-0.0005638300960862,0.0000000000000000,-0.0229773276014412,0.0000000000000000,4.4471195715476695,3.0000980096602037,-3.456035,1.533608,1.9223583235399,-3.3004743795936,1,4.5e-11
0.9997782855115070,0.0,-0.0005637192059502,0.0000000000000000,-0.0229800319092358,0.0000000000000000,4.4469871732388802,3.0000980099026462,-3.454599,1.534771,1.9198008591444,-3.3021236065099,1,1.8e-11
0.9997783330395332,0.0,-0.0005636061087148,0.0000000000000000,-0.0229827908493305,0.0000000000000000,4.4468521267986043,3.0000980101493990,-3.453119,1.535927,1.9171377245899,-3.3039494939362,1,3.5e-11
0.9997783815155428,0.0,-0.0005634907606615,0.0000000000000000,-0.0229856055368373,0.0000000000000000,4.4467143792574726,3.0000980104005248,-3.451626,1.537135,1.9144786750328,-3.3056632376532,1,8.1e-12
0.9997784309583869,0.0,-0.0005633731172347,0.0000000000000000,-0.0229884771095811,0.0000000000000000,4.4465738765863936,3.0000980106560902,-3.450070,1.538302,1.9116464922411,-3.3077261030526,1,7.9e-11
0.9997784813872972,0.0,-0.0005632531329842,0.0000000000000000,-0.0229914067296391,0.0000000000000000,4.4464305636754657,3.0000980109161595,-3.448526,1.539570,1.9089058947548,-3.3094440078418,1,3.3e-11
0.9997785328218783,0.0,-0.0005631307615815,0.0000000000000000,-0.0229943955830182,0.0000000000000000,4.4462843843122553,3.0000980111807967,-3.446917,1.540796,1.9059879718268,-3.3115179376969,1,8.6e-11
0.9997785852821206,0.0,-0.0005630059558042,0.0000000000000000,-0.0229974448801464,0.0000000000000000,4.4461352811597248,3.0000980114500688,-3.445295,1.542079,1.9030749917793,-3.3134692247019,1,9.1e-11
0.9997786387884243,0.0,-0.0005628786674677,0.0000000000000000,-0.0230005558576795,0.0000000000000000,4.4459831957338789,3.0000980117240426,-3.443658,1.543417,1.9001608390990,-3.3153118436688,1,5.1e-11
0.9997786933615700,0.0,-0.0005627488474926,0.0000000000000000,-0.0230037297769387,0.0000000000000000,4.4458280683805640,3.0000980120027831,-3.441981,1.544766,1.8971616179787,-3.3172628055654,1,3.4e-11
0.9997787490227679,0.0,-0.0005626164458021,0.0000000000000000,-0.0230069679265678,0.0000000000000000,4.4456698382522957,3.0000980122863572,-3.440274,1.546145,1.8941130976902,-3.3192265014065,1,1.0e-11
0.9997788057936380,0.0,-0.0005624814113569,0.0000000000000000,-0.0230102716218022,0.0000000000000000,4.4455084432842256,3.0000980125748313,-3.438520,1.547521,1.8909493913372,-3.3213728500650,1,3.1e-11
0.9997788636962291,0.0,-0.0005623436921175,0.0000000000000000,-0.0230136422055128,0.0000000000000000,4.4453438201698292,3.0000980128682722,-3.436741,1.548942,1.8877589023844,-3.3234684670178,1,2.5e-11
0.9997789227530242,0.0,-0.0005622032350327,0.0000000000000000,-0.0230170810486420,0.0000000000000000,4.4451759043360388,3.0000980131667476,-3.434916,1.550366,1.8844620908774,-3.3257189291567,1,5.5e-11
0.9997789829869479,0.0,-0.0005620599860139,0.0000000000000000,-0.0230205895509701,0.0000000000000000,4.4450046299179125,3.0000980134703230,-3.433092,1.551890,1.8812301273378,-3.3276745009978,1,1.7e-11
0.9997790444213835,0.0,-0.0005619138899106,0.0000000000000000,-0.0230241691418522,0.0000000000000000,4.4448299297327925,3.0000980137790663,-3.431193,1.553361,1.8777902894305,-3.3300454596699,1,2.6e-11
0.9997791070801675,0.0,-0.0005617648905096,0.0000000000000000,-0.0230278212804331,0.0000000000000000,4.4446517352538795,3.0000980140930436,-3.429275,1.554893,1.8743418280063,-3.3323086408721,1,2.5e-11
0.9997791709876103,0.0,-0.0005616129304954,0.0000000000000000,-0.0230315474567474,0.0000000000000000,4.4444699765833837,3.0000980144123215,-3.427310,1.556436,1.8707933784023,-3.3347002409681,1,5.0e-11
0.9997792361684991,0.0,-0.0005614579514369,0.0000000000000000,-0.0230353491922106,0.0000000000000000,4.4442845824250652,3.0000980147369654,-3.425315,1.558022,1.8672009302627,-3.3370713329797,1,5.7e-11
0.9997793026481125,0.0,-0.0005612998937662,0.0000000000000000,-0.0230392280403472,0.0000000000000000,4.4440954800562409,3.0000980150670431,-3.423328,1.559736,1.8637055907161,-3.3390508112277,1,7.0e-11
0.9997793704522215,0.0,-0.0005611386967602,0.0000000000000000,-0.0230431855873811,0.0000000000000000,4.4439025952992317,3.0000980154026196,-3.421227,1.561320,1.8598651423441,-3.3417912361601,1,2.5e-11
0.9997794396071072,0.0,-0.0005609742985119,0.0000000000000000,-0.0230472234532057,0.0000000000000000,4.4437058524922577,3.0000980157437591,-3.419151,1.563073,1.8561839793922,-3.3439721110295,1,6.5e-11
0.9997795101395724,0.0,-0.0005608066359110,0.0000000000000000,-0.0230513432920033,0.0000000000000000,4.4435051744597223,3.0000980160905271,-3.417003,1.564789,1.8523144004986,-3.3464991969965,1,6.2e-11
0.9997795820769377,0.0,-0.0005606356446235,0.0000000000000000,-0.0230555467929204,0.0000000000000000,4.4433004824819013,3.0000980164429882,-3.414800,1.566510,1.8483217322180,-3.3491987316957,1,1.9e-11
0.9997796554470687,0.0,-0.0005604612590705,0.0000000000000000,-0.0230598356809352,0.0000000000000000,4.4430916962640437,3.0000980168012057,-3.412577,1.568306,1.8443244435639,-3.3517587073197,1,3.2e-11
0.9997797302783742,0.0,-0.0005602834123937,0.0000000000000000,-0.0230642117177581,0.0000000000000000,4.4428787339048554,3.0000980171652412,-3.410305,1.570122,1.8402267577281,-3.3544261040867,1,2.6e-11
0.9997798065998221,0.0,-0.0005601020364442,0.0000000000000000,-0.0230686767025007,0.0000000000000000,4.4426615118643262,3.0000980175351573,-3.407998,1.571989,1.8360772718121,-3.3570712324669,1,4.1e-11
0.9997798844409508,0.0,-0.0005599170617543,0.0000000000000000,-0.0230732324725269,0.0000000000000000,4.4424399449309231,3.0000980179110144,-3.405657,1.573916,1.8318855911032,-3.3596658315609,1,8.6e-11
0.9997799638318732,0.0,-0.0005597284175115,0.0000000000000000,-0.0230778809043346,0.0000000000000000,4.4422139461881338,3.0000980182928725,-3.403215,1.575746,1.8274005403050,-3.3628627297434,1,4.0e-11
0.9997800448033006,0.0,-0.0005595360315324,0.0000000000000000,-0.0230826239145679,0.0000000000000000,4.4419834269803502,3.0000980186807906,-3.400800,1.577778,1.8230971334387,-3.3654185660107,1,4.5e-11
0.9997801273865414,0.0,-0.0005593398302343,0.0000000000000000,-0.0230874634608476,0.0000000000000000,4.4417482968780488,3.0000980190748239,-3.398286,1.579726,1.8185160498552,-3.3685293037644,1,2.6e-11
0.9997802116135183,0.0,-0.0005591397386271,0.0000000000000000,-0.0230924015424037,0.0000000000000000,4.4415084636422364,3.0000980194750304,-3.395742,1.581748,1.8139074007795,-3.3715387199042,1,5.1e-11
0.9997802975167833,0.0,-0.0005589356802557,0.0000000000000000,-0.0230974402016921,0.0000000000000000,4.4412638331883061,3.0000980198814622,-3.393174,1.583864,1.8092974183951,-3.3743751045770,1,7.5e-12
0.9997803851295182,0.0,-0.0005587275772078,0.0000000000000000,-0.0231025815245423,0.0000000000000000,4.4410143095489945,3.0000980202941734,-3.390538,1.585972,1.8045248279361,-3.3774559516134,1,2.4e-11
0.9997804744855618,0.0,-0.0005585153500602,0.0000000000000000,-0.0231078276418551,0.0000000000000000,4.4407597948367643,3.0000980207132129,-3.387862,1.588141,1.7996946224371,-3.3805039085178,1,1.5e-11
0.9997805656194146,0.0,-0.0005582989178576,0.0000000000000000,-0.0231131807304190,0.0000000000000000,4.4405001892053395,3.0000980211386294,-3.385136,1.590350,1.7947713471963,-3.3836079323287,1,8.4e-12
0.9997806585662450,0.0,-0.0005580781980953,0.0000000000000000,-0.0231186430136646,0.0000000000000000,4.4402353908104510,3.0000980215704702,-3.382354,1.592588,1.7897346887528,-3.3868175272403,1,1.8e-11
0.9997807533619147,0.0,-0.0005578531066843,0.0000000000000000,-0.0231242167629989,0.0000000000000000,4.4399652957698619,3.0000980220087774,-3.379549,1.594937,1.7847046608717,-3.3898159144504,1,5.2e-11
0.9997808500429862,0.0,-0.0005576235579121,0.0000000000000000,-0.0231299042990540,0.0000000000000000,4.4396897981225791,3.0000980224535931,-3.376654,1.597237,1.7794415562213,-3.3932248018617,1,1.4e-11
0.9997809486467376,0.0,-0.0005573894644198,0.0000000000000000,-0.0231357079927099,0.0000000000000000,4.4394087897872199,3.0000980229049561,-3.373703,1.599572,1.7740675526052,-3.3967217514671,1,3.6e-11
0.9997810492111679,0.0,-0.0005571507371831,0.0000000000000000,-0.0231416302659503,0.0000000000000000,4.4391221605195126,3.0000980233629013,-3.370719,1.602004,1.7686706041953,-3.4000733872303,1,2.5e-11
0.9997811517750174,0.0,-0.0005569072854759,0.0000000000000000,-0.0231476735932374,0.0000000000000000,4.4388297978690110,3.0000980238274595,-3.367713,1.604567,1.7632931422021,-3.4031651896228,1,8.2e-11
0.9997812563777945,0.0,-0.0005566590168190,0.0000000000000000,-0.0231538405032291,0.0000000000000000,4.4385315871349720,3.0000980242986621,-3.364596,1.607033,1.7576076088978,-3.4068477795239,1,2.5e-11
0.9997813630597613,0.0,-0.0005564058369730,0.0000000000000000,-0.0231601335793558,0.0000000000000000,4.4382274113212166,3.0000980247765323,-3.361461,1.609649,1.7519603472947,-3.4102135873844,1,8.1e-11
0.9997814718619736,0.0,-0.0005561476499074,0.0000000000000000,-0.0231665554611939,0.0000000000000000,4.4379171510901649,3.0000980252610936,-3.358223,1.612189,1.7460350916737,-3.4140833623083,1,1.1e-12
0.9997815828262830,0.0,-0.0005558843577463,0.0000000000000000,-0.0231731088462555,0.0000000000000000,4.4376006847160072,3.0000980257523611,-3.354963,1.614879,1.7401396452234,-3.4176503378462,1,3.0e-11
0.9997816959953544,0.0,-0.0005556158607572,0.0000000000000000,-0.0231797964908095,0.0000000000000000,4.4372778880368040,3.0000980262503480,-3.351634,1.617592,1.7340977063429,-3.4213699564134,1,3.0e-11
0.9997818114126822,0.0,-0.0005553420573047,0.0000000000000000,-0.0231866212115859,0.0000000000000000,4.4369486344057405,3.0000980267550625,-3.348248,1.620362,1.7279510167608,-3.4251290839349,1,3.5e-11
0.9997819291226129,0.0,-0.0005550628438110,0.0000000000000000,-0.0231935858873801,0.0000000000000000,4.4366127946413689,3.0000980272665081,-3.344798,1.623180,1.7216858963019,-3.4289590382853,1,3.5e-11
0.9997820491703416,0.0,-0.0005547781147438,0.0000000000000000,-0.0232006934598843,0.0000000000000000,4.4362702369767737,3.0000980277846820,-3.341285,1.626044,1.7152952689442,-3.4328738283359,1,2.8e-11
0.9997821716019482,0.0,-0.0005544877625625,0.0000000000000000,-0.0232079469357208,0.0000000000000000,4.4359208270078430,3.0000980283095768,-3.337707,1.628957,1.7087819370519,-3.4368615216234,1,1.6e-11
0.9997822964644034,0.0,-0.0005541916776845,0.0000000000000000,-0.0232153493879294,0.0000000000000000,4.4355644276404371,3.0000980288411783,-3.334056,1.631896,1.7021140346276,-3.4410005954795,1,2.3e-11
0.9997824238055881,0.0,-0.0005538897484532,0.0000000000000000,-0.0232229039574155,0.0000000000000000,4.4352008990364862,3.0000980293794663,-3.330345,1.634907,1.6953454165028,-3.4451459746095,1,4.7e-11
0.9997825536743076,0.0,-0.0005535818611051,0.0000000000000000,-0.0232306138545103,0.0000000000000000,4.4348300985590150,3.0000980299244135,-3.326595,1.638056,1.6885548719237,-3.4490878159175,1,8.5e-12
0.9997826861203186,0.0,-0.0005532678997132,0.0000000000000000,-0.0232384823611519,0.0000000000000000,4.4344518807161313,3.0000980304759861,-3.322758,1.641203,1.6815640808466,-3.4532857132541,1,4.8e-12
0.9997828211943308,0.0,-0.0005529477461751,0.0000000000000000,-0.0232465128318943,0.0000000000000000,4.4340660971037442,3.0000980310341419,-3.318884,1.644511,1.6745675706820,-3.4572281345918,1,9.6e-11
0.9997829589480381,0.0,-0.0005526212801622,0.0000000000000000,-0.0232547086960333,0.0000000000000000,4.4336725963472645,3.0000980315988333,-3.314884,1.647690,1.6672183071501,-3.4618137160385,1,1.2e-11
0.9997830994341338,0.0,-0.0005522883790656,0.0000000000000000,-0.0232630734598153,0.0000000000000000,4.4332712240421328,3.0000980321700004,-3.310841,1.651016,1.6598399809495,-3.4661946505168,1,7.6e-12
0.9997832427063184,0.0,-0.0005519489179935,0.0000000000000000,-0.0232716107073093,0.0000000000000000,4.4328618226929910,3.0000980327475779,-3.306715,1.654366,1.6522847465534,-3.4707504437925,1,3.1e-11
0.9997833888193299,0.0,-0.0005516027696992,0.0000000000000000,-0.0232803241032160,0.0000000000000000,4.4324442316518571,3.0000980333314882,-3.302577,1.657989,1.6448321523188,-3.4747484803852,1,1.2e-10
0.9997835378289727,0.0,-0.0005512498045401,0.0000000000000000,-0.0232892173948220,0.0000000000000000,4.4320182870549463,3.0000980339216454,-3.298307,1.661468,1.6370062677354,-3.4794220974866,1,7.9e-11
0.9997836897921060,0.0,-0.0005508898904574,0.0000000000000000,-0.0232982944134280,0.0000000000000000,4.4315838217581609,3.0000980345179542,-3.293969,1.665035,1.6290674410047,-3.4840880597647,1,6.2e-11
0.9997838447666917,0.0,-0.0005505228929235,0.0000000000000000,-0.0233075590768321,0.0000000000000000,4.4311406652713954,3.0000980351203070,-3.289558,1.668677,1.6209976189380,-3.4887881067980,1,5.4e-11
0.9997840028118038,0.0,-0.0005501486748923,0.0000000000000000,-0.0233170153915917,0.0000000000000000,4.4306886436914912,3.0000980357285836,-3.285060,1.672343,1.6127377682345,-3.4936700559811,1,9.5e-12
0.9997841639876417,0.0,-0.0005497670967705,0.0000000000000000,-0.0233266674548571,0.0000000000000000,4.4302275796337893,3.0000980363426528,-3.280500,1.676136,1.6043954806586,-3.4984484174935,1,1.5e-11
0.9997843283555676,0.0,-0.0005493780163626,0.0000000000000000,-0.0233365194569999,0.0000000000000000,4.4297572921623853,3.0000980369623713,-3.275842,1.679924,1.5958290733687,-3.5034859037554,1,3.9e-11
0.9997844959781123,0.0,-0.0005489812888269,0.0000000000000000,-0.0233465756838721,0.0000000000000000,4.4292775967189426,3.0000980375875805,-3.271116,1.683824,1.5871555631903,-3.5084722686618,1,6.0e-11
0.9997846669190017,0.0,-0.0005485767666437,0.0000000000000000,-0.0233568405189589,0.0000000000000000,4.4287883050500438,3.0000980382181086,-3.266334,1.687901,1.5784325050145,-3.5132522910746,1,8.7e-13
0.9997848412431798,0.0,-0.0005481642995530,0.0000000000000000,-0.0233673184462254,0.0000000000000000,4.4282892251331614,3.0000980388537695,-3.261454,1.691980,1.5694843677098,-3.5182758877102,1,4.5e-12
0.9997850190168330,0.0,-0.0005477437345132,0.0000000000000000,-0.0233780140526069,0.0000000000000000,4.4277801611010830,3.0000980394943588,-3.256460,1.696001,1.5602560794174,-3.5236799712908,1,8.5e-11
0.9997852003073984,0.0,-0.0005473149156741,0.0000000000000000,-0.0233889320301056,0.0000000000000000,4.4272609131647691,3.0000980401396582,-3.251418,1.700252,1.5510146731759,-3.5287646717150,1,6.2e-11
0.9997853851836065,0.0,-0.0005468776842928,0.0000000000000000,-0.0234000771794422,0.0000000000000000,4.4267312775348300,3.0000980407894304,-3.246309,1.704668,1.5416887606502,-3.5337091754443,1,2.0e-11
0.9997855737154915,0.0,-0.0005464318787185,0.0000000000000000,-0.0234114544120545,0.0000000000000000,4.4261910463412137,3.0000980414434202,-3.241091,1.709058,1.5321046028793,-3.5389583326798,1,2.9e-11
0.9997857659744163,0.0,-0.0005459773343281,0.0000000000000000,-0.0234230687533211,0.0000000000000000,4.4256400075514177,3.0000980421013534,-3.235757,1.713391,1.5222370141894,-3.5445707797770,1,5.1e-11
0.9997859620330932,0.0,-0.0005455138834866,0.0000000000000000,-0.0234349253453344,0.0000000000000000,4.4250779448869926,3.0000980427629353,-3.230383,1.718040,1.5124034485271,-3.5497160694253,1,2.4e-11
0.9997861619656164,0.0,-0.0005450413554852,0.0000000000000000,-0.0234470294502465,0.0000000000000000,4.4245046377384183,3.0000980434278501,-3.224919,1.722775,1.5023973644568,-3.5549235140324,1,9.7e-11
0.9997863658474754,0.0,-0.0005445595765133,0.0000000000000000,-0.0234593864528602,0.0000000000000000,4.4239198610781640,3.0000980440957581,-3.219295,1.727231,1.4919259930652,-3.5609458183083,1,5.2e-11
0.9997865737555934,0.0,-0.0005440683695714,0.0000000000000000,-0.0234720018648086,0.0000000000000000,4.4233233853721838,3.0000980447662995,-3.213637,1.732075,1.4815257115767,-3.5663846715506,1,1.3e-11
0.9997867857683380,0.0,-0.0005435675544587,0.0000000000000000,-0.0234848813268946,0.0000000000000000,4.4227149764893872,3.0000980454390866,-3.207850,1.736812,1.4707987032001,-3.5722649355281,1,8.7e-11
0.9997870019655486,0.0,-0.0005430569477109,0.0000000000000000,-0.0234980306128282,0.0000000000000000,4.4220943956094496,3.0000980461137070,-3.202022,1.741931,1.4601151217014,-3.5776197497020,1,8.3e-12
0.9997872224285742,0.0,-0.0005425363625258,0.0000000000000000,-0.0235114556333092,0.0000000000000000,4.4214613991287877,3.0000980467897231,-3.196057,1.746896,1.4490694115525,-3.5834933051173,1,3.2e-11
0.9997874472402875,0.0,-0.0005420056087402,0.0000000000000000,-0.0235251624390127,0.0000000000000000,4.4208157385644986,3.0000980474666656,-3.190050,1.752291,1.4380793799298,-3.5887957535528,1,1.1e-10
0.9997876764851065,0.0,-0.0005414644927634,0.0000000000000000,-0.0235391572245612,0.0000000000000000,4.4201571604564664,3.0000980481440376,-3.183856,1.757216,1.4265135815141,-3.5951554709901,1,4.2e-11
0.9997879102490397,0.0,-0.0005409128175211,0.0000000000000000,-0.0235534463327075,0.0000000000000000,4.4194854062675022,3.0000980488213109,-3.177623,1.762613,1.4150186598488,-3.6008898655954,1,2.8e-12
0.9997881486196970,0.0,-0.0005403503824055,0.0000000000000000,-0.0235680362580512,0.0000000000000000,4.4188002122814041,3.0000980494979230,-3.171289,1.768099,1.4033265632924,-3.6066859482345,1,4.4e-11
0.9997883916863205,0.0,-0.0005397769832273,0.0000000000000000,-0.0235829336511462,0.0000000000000000,4.4181013094989865,3.0000980501732788,-3.164811,1.773385,1.3912560811934,-3.6130049708749,1,5.3e-11
0.9997886395398136,0.0,-0.0005391924121461,0.0000000000000000,-0.0235981453230869,0.0000000000000000,4.4173884235320600,3.0000980508467459,-3.158278,1.779099,1.3791959039133,-3.6188331859228,1,5.0e-12
0.9997888922727687,0.0,-0.0005385964576298,0.0000000000000000,-0.0236136782496250,0.0000000000000000,4.4166612744951914,3.0000980515176550,-3.151623,1.784772,1.3668530040421,-3.6249210653924,1,6.8e-13
0.9997891499794960,0.0,-0.0005379889043876,0.0000000000000000,-0.0236295395759959,0.0000000000000000,4.4159195768953481,3.0000980521852969,-3.144893,1.790784,1.3544430419406,-3.6307029856821,1,9.6e-11
0.9997894127560497,0.0,-0.0005373695333181,0.0000000000000000,-0.0236457366215056,0.0000000000000000,4.4151630395192676,3.0000980528489212,-3.137985,1.796305,1.3415054401534,-3.6373616217004,1,4.9e-11
0.9997896807002541,0.0,-0.0005367381214674,0.0000000000000000,-0.0236622768840906,0.0000000000000000,4.4143913653185267,3.0000980535077342,-3.131024,1.802364,1.3286018483302,-3.6434369451125,1,1.6e-11
0.9997899539117462,0.0,-0.0005360944419349,0.0000000000000000,-0.0236791680463095,0.0000000000000000,4.4136042512924467,3.0000980541608966,-3.123943,1.808429,1.3154406198204,-3.6496747244026,1,1.9e-11
0.9997902324919784,0.0,-0.0005354382638611,0.0000000000000000,-0.0236964179792933,0.0000000000000000,4.4128013883683552,3.0000980548075202,-3.116771,1.814759,1.3021460804681,-3.6557453029042,1,3.4e-11
0.9997905165442850,0.0,-0.0005347693523320,0.0000000000000000,-0.0237140347493210,0.0000000000000000,4.4119824612797292,3.0000980554466707,-3.109434,1.820652,1.2883886212921,-3.6624916607061,1,9.7e-11
0.9997908061738723,0.0,-0.0005340874683527,0.0000000000000000,-0.0237320266223672,0.0000000000000000,4.4111471484416045,3.0000980560773569,-3.102074,1.827557,1.2748255360940,-3.6682082916459,1,7.3e-11
0.9997911014878789,0.0,-0.0005333923687667,0.0000000000000000,-0.0237504020705848,0.0000000000000000,4.4102951218236699,3.0000980566985365,-3.094531,1.833819,1.2607158924965,-3.6747992280471,1,8.0e-13
0.9997914025953962,0.0,-0.0005326838061996,0.0000000000000000,-0.0237691697781802,0.0000000000000000,4.4094260468207001,3.0000980573091081,-3.086881,1.840226,1.2464116446431,-3.6813473138243,1,5.3e-11
0.9997917096074873,0.0,-0.0005319615290281,0.0000000000000000,-0.0237883386468626,0.0000000000000000,4.4085395821202802,3.0000980579079113,-3.079193,1.847706,1.2322524499970,-3.6869683706915,1,1.6e-10
0.9997920226372390,0.0,-0.0005312252812763,0.0000000000000000,-0.0238079178033800,0.0000000000000000,4.4076353795680854,3.0000980584937231,-3.071301,1.854179,1.2174479194376,-3.6936913706225,1,6.5e-11
0.9997923417997774,0.0,-0.0005304748025897,0.0000000000000000,-0.0238279166053368,0.0000000000000000,4.4067130840301854,3.0000980590652535,-3.063323,1.861166,1.2025656769694,-3.7000440715378,1,7.8e-11
0.9997926672122999,0.0,-0.0005297098281788,0.0000000000000000,-0.0238483446479132,0.0000000000000000,4.4057723332526351,3.0000980596211471,-3.055213,1.868027,1.1873803393484,-3.7065984787752,1,3.5e-11
0.9997929989941214,0.0,-0.0005289300887252,0.0000000000000000,-0.0238692117719444,0.0000000000000000,4.4048127577183669,3.0000980601599725,-3.047005,1.875330,1.1720693367841,-3.7128885380569,1,6.7e-11
0.9997933372666800,0.0,-0.0005281353103742,0.0000000000000000,-0.0238905280697906,0.0000000000000000,4.4038339805008544,3.0000980606802261,-3.038647,1.882214,1.1563767684277,-3.7195639494157,1,9.2e-12
0.9997936821535955,0.0,-0.0005273252146256,0.0000000000000000,-0.0239123038944462,0.0000000000000000,4.4028356171151843,3.0000980611803247,-3.030212,1.889979,1.1406602968735,-3.7256953361750,1,6.4e-11
0.9997940337806824,0.0,-0.0005264995183097,0.0000000000000000,-0.0239345498663229,0.0000000000000000,4.4018172753657714,3.0000980616586030,-3.021648,1.897773,1.1246738188575,-3.7319067692361,1,1.1e-10
0.9997943922759879,0.0,-0.0005256579335188,0.0000000000000000,-0.0239572768818282,0.0000000000000000,4.4007785551911676,3.0000980621133109,-3.012932,1.905018,1.1082990872339,-3.7384928349655,1,5.0e-11
0.9997947577698320,0.0,-0.0005248001675319,0.0000000000000000,-0.0239804961222758,0.0000000000000000,4.3997190485057116,3.0000980625426044,-3.004120,1.913018,1.0918235961703,-3.7447053210526,1,8.6e-11
0.9997951303948173,0.0,-0.0005239259227944,0.0000000000000000,-0.0240042190615566,0.0000000000000000,4.3986383390377641,3.0000980629445504,-2.995196,1.921562,1.0751703559633,-3.7507329505456,1,1.6e-10
0.9997955102858931,0.0,-0.0005230348968149,0.0000000000000000,-0.0240284574766505,0.0000000000000000,4.3975360021649559,3.0000980633171137,-2.986085,1.928252,1.0579495458644,-3.7575668643231,1,1.1e-11
0.9997958975803515,0.0,-0.0005221267821491,0.0000000000000000,-0.0240532234558427,0.0000000000000000,4.3964116047457500,3.0000980636581573,-2.976904,1.936874,1.0407787674105,-3.7636125484128,1,6.4e-11
0.9997962924178929,0.0,-0.0005212012663084,0.0000000000000000,-0.0240785294095423,0.0000000000000000,4.3952647049478397,3.0000980639654378,-2.967546,2.000992,1.0230896028358,-3.7703186615878,1,7.6e-11
0.9997966949406335,0.0,-0.0005202580317262,0.0000000000000000,-0.0241043880798863,0.0000000000000000,4.3940948520728549,3.0000980642365969,-2.958098,2.001165,1.0053563671082,-3.7764594845722,1,7.7e-11
0.9997971052931575,0.0,-0.0005192967556836,0.0000000000000000,-0.0241308125518338,0.0000000000000000,4.3929015863776071,3.0000980644691593,-2.948548,1.961354,0.9875137729866,-3.7821936112928,1,1.7e-11
0.9997975236225118,0.0,-0.0005183171102989,0.0000000000000000,-0.0241578162628518,0.0000000000000000,4.3916844388914633,3.0000980646605284,-2.938818,2.002033,0.9691385876485,-3.7885950311781,1,8.9e-11
0.9997979500782939,0.0,-0.0005173187623905,0.0000000000000000,-0.0241854130168043,0.0000000000000000,4.3904429312304440,3.0000980648079754,-2.928993,2.002040,0.9507041332766,-3.7944426061352,1,6.6e-11
0.9997983848126319,0.0,-0.0005163013735028,0.0000000000000000,-0.0242136169935217,0.0000000000000000,4.3891765754069176,3.0000980649086393,-2.919072,1.938474,0.9322137231727,-3.7997190274000,1,8.9e-11
0.9997988279802408,0.0,-0.0005152645998173,0.0000000000000000,-0.0242424427621913,0.0000000000000000,4.3878848736358043,3.0000980649595186,-2.908937,2.006306,0.9129932790727,-3.8061377433832,1,8.9e-11
0.9997992797384572,0.0,-0.0005142080920861,0.0000000000000000,-0.0242719052947204,0.0000000000000000,4.3865673181367457,3.0000980649574629,-2.898742,2.106816,0.8939317287705,-3.8114176557324,1,1.3e-11
0.9997997402472417,0.0,-0.0005131314956294,0.0000000000000000,-0.0243020199775989,0.0000000000000000,4.3852233909319409,3.0000980648991695,-2.888380,2.015444,0.8744109860198,-3.8171281577054,1,3.1e-11
0.9998002096692472,0.0,-0.0005120344502277,0.0000000000000000,-0.0243328026276799,0.0000000000000000,4.3838525636402572,3.0000980647811719,-2.877916,2.021470,0.8548217573754,-3.8222626708378,1,4.7e-11
0.9998006881698146,0.0,-0.0005109165901128,0.0000000000000000,-0.0243642695053625,0.0000000000000000,4.3824542972666931,3.0000980645998401,-2.867302,2.031334,0.8348691399735,-3.8275640140551,1,4.7e-11
0.9998011759170243,0.0,-0.0005097775439054,0.0000000000000000,-0.0243964373303340,0.0000000000000000,4.3810280419877419,3.0000980643513637,-2.856543,2.042062,0.8145916513465,-3.8329244648056,1,6.4e-12
0.9998016730817075,0.0,-0.0005086169345762,0.0000000000000000,-0.0244293232969486,0.0000000000000000,4.3795732369322060,3.0000980640317518,-2.845667,2.051386,0.7941673723942,-3.8378809505917,1,7.9e-12
0.9998021798374906,0.0,-0.0005074343793918,0.0000000000000000,-0.0244629450910520,0.0000000000000000,4.3780893099575682,3.0000980636368197,-2.834628,2.062591,0.7733032143835,-3.8431703225870,1,1.1e-10
0.9998026963607997,0.0,-0.0005062294898859,0.0000000000000000,-0.0244973209065843,0.0000000000000000,4.3765756774216173,3.0000980631621808,-2.823522,2.070407,0.7526015094485,-3.8472517575956,1,4.9e-11
0.9998032228309174,0.0,-0.0005050018717981,0.0000000000000000,-0.0245324694641316,0.0000000000000000,4.3750317439494903,3.0000980626032412,-2.812209,2.081940,0.7311925031039,-3.8523271011074,1,1.0e-10
0.9998037594299767,0.0,-0.0005037511250468,0.0000000000000000,-0.0245684100290643,0.0000000000000000,4.3734569021957288,3.0000980619551854,-2.800824,2.090837,0.7099346362693,-3.8562066457448,1,6.5e-12
0.9998043063430048,0.0,-0.0005024768437016,0.0000000000000000,-0.0246051624308166,0.0000000000000000,4.3718505326014085,3.0000980612129675,-2.789280,2.100941,0.6882747261821,-3.8602865966240,1,8.9e-12
0.9998048637579330,0.0,-0.0005011786159337,0.0000000000000000,-0.0246427470834873,0.0000000000000000,4.3702120031462908,3.0000980603713043,-2.777590,2.111620,0.6662853160402,-3.8643734545074,1,4.7e-11
0.9998054318656320,0.0,-0.0004998560239870,0.0000000000000000,-0.0246811850070345,0.0000000000000000,4.3685406690957373,3.0000980594246593,-2.765799,2.121254,0.6442843488820,-3.8676535896268,1,4.3e-11
0.9998060108599230,0.0,-0.0004985086441485,0.0000000000000000,-0.0247204978493118,0.0000000000000000,4.3668358727423264,3.0000980583672372,-2.753824,2.132663,0.6216949829403,-3.8715788571126,1,9.6e-11
0.9998066009375949,0.0,-0.0004971360467237,0.0000000000000000,-0.0247607079091165,0.0000000000000000,4.3650969431420465,3.0000980571929636,-2.741756,2.142865,0.5991561208521,-3.8745246237658,1,5.1e-11
0.9998072022984249,0.0,-0.0004957377960149,0.0000000000000000,-0.0248018381603376,0.0000000000000000,4.3633231958449583,3.0000980558954811,-2.729573,2.152672,0.5765215870903,-3.8768539075282,1,7.8e-11
0.9998078151452093,0.0,-0.0004943134502740,0.0000000000000000,-0.0248439122779921,0.0000000000000000,4.3615139326202774,3.0000980544681322,-2.717212,2.163868,0.5533377861503,-3.8797040438535,1,1.5e-12
0.9998084396837364,0.0,-0.0004928625617346,0.0000000000000000,-0.0248869546630946,0.0000000000000000,4.3596684411753577,3.0000980529039443,-2.704735,2.174677,0.5300512227535,-3.8819401184278,1,1.7e-12
0.9998090761228480,0.0,-0.0004913846765407,0.0000000000000000,-0.0249309904721755,0.0000000000000000,4.3577859948691655,3.0000980511956201,-2.692142,2.185113,0.5066813970606,-3.8835070275664,1,8.7e-11
0.9998097246744124,0.0,-0.0004898793347763,0.0000000000000000,-0.0249760456449284,0.0000000000000000,4.3558658524192593,3.0000980493355174,-2.679407,2.195927,0.4830171740584,-3.8849295826272,1,1.2e-10
0.9998103855533519,0.0,-0.0004883460704310,0.0000000000000000,-0.0250221469354364,0.0000000000000000,4.3539072576028195,3.0000980473156384,-2.666505,2.207659,0.4588755826185,-3.8866604539711,1,8.3e-12
0.9998110589776331,0.0,-0.0004867844114137,0.0000000000000000,-0.0250693219434458,0.0000000000000000,4.3519094389511199,3.0000980451276078,-2.653514,2.218423,0.4348599738668,-3.8871771879559,1,6.8e-11
0.9998117451682899,0.0,-0.0004851938795392,0.0000000000000000,-0.0251175991482567,0.0000000000000000,4.3498716094375798,3.0000980427626631,-2.640371,2.229731,0.4104867393891,-3.8876887655720,1,4.8e-11
0.9998124443494020,0.0,-0.0004835739905346,0.0000000000000000,-0.0251670079435110,0.0000000000000000,4.3477929661590400,3.0000980402116300,-2.627099,2.241092,0.3859192684711,-3.8877793028070,1,2.9e-11
0.9998131567481020,0.0,-0.0004819242540566,0.0000000000000000,-0.0252175786738109,0.0000000000000000,4.3456726900101641,3.0000980374649067,-2.613686,2.252748,0.3610705181831,-3.8876611982800,1,4.5e-11
0.9998138825945686,0.0,-0.0004802441736971,0.0000000000000000,-0.0252693426734930,0.0000000000000000,4.3435099453508395,3.0000980345124453,-2.600166,2.263907,0.3362427812789,-3.8865739724981,1,5.8e-12
0.9998146221220133,0.0,-0.0004785332470032,0.0000000000000000,-0.0253223323071062,0.0000000000000000,4.3413038796663272,3.0000980313437275,-2.586490,2.275757,0.3109858064387,-3.8856383657873,1,9.4e-11
0.9998153755666792,0.0,-0.0004767909654800,0.0000000000000000,-0.0253765810126564,0.0000000000000000,4.3390536232200825,3.0000980279477498,-2.572726,2.286713,0.2859339067691,-3.8832678529512,1,3.1e-11
0.9998161431677961,0.0,-0.0004750168146722,0.0000000000000000,-0.0254321233446741,0.0000000000000000,4.3367582886986575,3.0000980243129942,-2.558822,2.298000,0.2606047160720,-3.8806628094916,1,8.7e-11
0.9998169251676011,0.0,-0.0004732102741199,0.0000000000000000,-0.0254889950239198,0.0000000000000000,4.3344169708493636,3.0000980204274086,-2.544766,2.309863,0.2348871559969,-3.8780954911031,1,6.6e-12
0.9998177218112642,0.0,-0.0004713708174848,0.0000000000000000,-0.0255472329840742,0.0000000000000000,4.3320287461091791,3.0000980162783817,-2.530599,2.321393,0.2091718760913,-3.8745918096383,1,1.5e-11
0.9998185333469021,0.0,-0.0004694979125119,0.0000000000000000,-0.0256068754267368,0.0000000000000000,4.3295926722261688,3.0000980118527152,-2.516305,2.332980,0.1832983079888,-3.8705496224916,1,1.2e-11
0.9998193600255049,0.0,-0.0004675910211557,0.0000000000000000,-0.0256679618740254,0.0000000000000000,4.3271077878717348,3.0000980071366010,-2.501884,2.344633,0.1572658557943,-3.8659689179729,1,6.6e-12
0.9998202021009287,0.0,-0.0004656495995798,0.0000000000000000,-0.0257305332284388,0.0000000000000000,4.3245731122447282,3.0000980021155899,-2.487328,2.356554,0.1309808077382,-3.8610805648900,1,1.0e-10
0.9998210598298258,0.0,-0.0004636730982522,0.0000000000000000,-0.0257946318330844,0.0000000000000000,4.3219876446662138,3.0000979967745627,-2.472690,2.367486,0.1050545566089,-3.8543751327169,1,7.4e-11
0.9998219334715992,0.0,-0.0004616609620206,0.0000000000000000,-0.0258603015360852,0.0000000000000000,4.3193503641651096,3.0000979910976997,-2.457873,2.379759,0.0783619999860,-3.8486298102043,1,1.3e-10
0.9998228232883458,0.0,-0.0004596126301728,0.0000000000000000,-0.0259275877593463,0.0000000000000000,4.3166602290544231,3.0000979850684448,-2.442998,2.390494,0.0523298333954,-3.8403305834447,1,9.2e-11
0.9998237295447899,0.0,-0.0004575275365404,0.0000000000000000,-0.0259965375699945,0.0000000000000000,4.3139161764975240,3.0000979786694817,-2.427955,2.402355,0.0256302402547,-3.8327481079719,1,1.7e-11
0.9998246525082056,0.0,-0.0004554051095834,0.0000000000000000,-0.0260671997568057,0.0000000000000000,4.3111171220644326,3.0000979718826839,2.413406,-2.412824,-0.0007448523962,-3.8234478474230,1,9.1e-11
0.9998255924483491,0.0,-0.0004532447724940,0.0000000000000000,-0.0261396249107132,0.0000000000000000,4.3082619592776368,3.0000979646890884,2.425007,-2.397550,-0.0274961264701,-3.8141526824327,1,2.2e-11
0.9998265496373484,0.0,-0.0004510459433226,0.0000000000000000,-0.0262138655093851,0.0000000000000000,4.3053495591470483,3.0000979570688537,2.436329,-2.382168,-0.0541830342274,-3.8037876904045,1,1.3e-11
0.9998275243496251,0.0,-0.0004488080350742,0.0000000000000000,-0.0262899760082717,0.0000000000000000,4.3023787696940303,3.0000979490012156,2.447107,-2.366687,-0.0806469518736,-3.7919735185060,1,1.4e-10
0.9998285168617799,0.0,-0.0004465304558585,0.0000000000000000,-0.0263680129355190,0.0000000000000000,4.2993484154637036,3.0000979404644488,2.458133,-2.351079,-0.1073141520794,-3.7797573084418,1,1.6e-10
0.9998295274524838,0.0,-0.0004442126090058,0.0000000000000000,-0.0264480349940262,0.0000000000000000,4.2962572970255186,3.0000979314358167,2.469197,-2.335352,-0.1340663707157,-3.7668569704547,1,1.4e-10
0.9998305564023320,0.0,-0.0004418538932448,0.0000000000000000,-0.0265301031678540,0.0000000000000000,4.2931041904612313,3.0000979218915296,2.480334,-2.319506,-0.1609215901295,-3.7533234312351,1,6.1e-11
0.9998316039937307,0.0,-0.0004394537028391,0.0000000000000000,-0.0266142808373058,0.0000000000000000,4.2898878468403465,3.0000979118066908,2.491594,-2.303542,-0.1879058000105,-3.7392274233940,1,9.9e-11
0.9998326705107311,0.0,-0.0004370114277502,0.0000000000000000,-0.0267006339001634,0.0000000000000000,4.2866069916821408,3.0000979011552453,2.501047,-2.287521,-0.2138759129161,-3.7218210831973,1,2.4e-10
0.9998337562388815,0.0,-0.0004345264538283,0.0000000000000000,-0.0267892309003974,0.0000000000000000,4.2832603244038188,3.0000978899099287,2.512303,-2.271330,-0.2409501674164,-3.7062276108164,1,1.6e-11
0.9998348614650384,0.0,-0.0004319981630001,0.0000000000000000,-0.0268801431652932,0.0000000000000000,4.2798465177543346,3.0000978780422010,2.521915,-2.255075,-0.2670757364809,-3.6875142506083,1,1.7e-10
0.9998359864771881,0.0,-0.0004294259334567,0.0000000000000000,-0.0269734449519250,0.0000000000000000,4.2763642172332803,3.0000978655221981,2.532389,-2.238684,-0.2937500073392,-3.6692946011474,1,3.3e-11
0.9998371315642441,0.0,-0.0004268091398735,0.0000000000000000,-0.0270692136026610,0.0000000000000000,4.2728120404940819,3.0000978523186586,2.542179,-2.222201,-0.3200295068638,-3.6493198418561,1,3.8e-11
0.9998382970158265,0.0,-0.0004241471536267,0.0000000000000000,-0.0271675297112731,0.0000000000000000,4.2691885767309055,3.0000978383988608,2.551783,-2.205614,-0.3462089220825,-3.6283133586212,1,3.0e-11
0.9998394831220332,0.0,-0.0004214393430174,0.0000000000000000,-0.0272684773004802,0.0000000000000000,4.2654923860485319,3.0000978237285527,2.561966,-2.188907,-0.3727649869172,-3.6074247835669,1,2.3e-10
0.9998406901731713,0.0,-0.0004186850735437,0.0000000000000000,-0.0273721440101978,0.0000000000000000,4.2617219988141439,3.0000978082718786,2.569765,-2.172143,-0.3978162248486,-3.5822062941500,1,1.5e-10
0.9998419184595169,0.0,-0.0004158837081073,0.0000000000000000,-0.0274786213018299,0.0000000000000000,4.2578759149907839,3.0000977919913012,2.579200,-2.155240,-0.4239033779207,-3.5587057332598,1,4.5e-11
0.9998431682710011,0.0,-0.0004130346073261,0.0000000000000000,-0.0275880046730390,0.0000000000000000,4.2539526034505473,3.0000977748475215,2.587158,-2.138260,-0.4490328442304,-3.5322251948783,1,1.1e-10
0.9998444398969070,0.0,-0.0004101371297953,0.0000000000000000,-0.0277003938903825,0.0000000000000000,4.2499505012673753,3.0000977567993878,2.596436,-2.121157,-0.4750071593604,-3.5070348613611,1,2.3e-10
0.9998457336255491,0.0,-0.0004071906323630,0.0000000000000000,-0.0278158932384712,0.0000000000000000,4.2458680129879314,3.0000977378038143,2.604049,-2.103978,-0.4998750589394,-3.4785693034179,1,1.7e-10
0.9998470497439059,0.0,-0.0004041944704518,0.0000000000000000,-0.0279346117859327,0.0000000000000000,4.2417035098791116,3.0000977178156791,2.609324,-2.086724,-0.5231641813826,-3.4457717137063,1,4.8e-10
0.9998483885372494,0.0,-0.0004011479983783,0.0000000000000000,-0.0280566636717358,0.0000000000000000,4.2374553291511567,3.0000976967877291,2.618790,-2.069329,-0.5492049407552,-3.4187656714404,1,2.2e-10
0.9998497502887420,0.0,-0.0003980505696409,0.0000000000000000,-0.0281821684144933,0.0000000000000000,4.2331217731549735,3.0000976746704673,2.625128,-2.051867,-0.5731238899899,-3.3862178969724,1,1.2e-10
0.9998511352789958,0.0,-0.0003949015373101,0.0000000000000000,-0.0283112512417478,0.0000000000000000,4.2287011085512436,3.0000976514120512,2.630947,-2.034312,-0.5966465213548,-3.3521845934704,1,1.0e-11
0.9998525437856309,0.0,-0.0003917002543332,0.0000000000000000,-0.0284440434486704,0.0000000000000000,4.2241915654506599,3.0000976269581705,2.636816,-2.016664,-0.6201521181155,-3.3175703326427,1,7.9e-13
0.9998538910569355,0.0,-0.0003886392212276,0.0000000000000000,-0.0285725256077833,0.0000000000000000,4.2198648340803917,3.0000976028017767,2.642562,-1.999972,-0.6423787562271,-3.2847624485735,1,1.9e-10
0.9998539760827717,0.0,-0.0003884460739130,0.0000000000000000,-0.0285806827821038,0.0000000000000000,4.2195913365222202,3.0000976012519249,2.643007,-1.998925,-0.6438269796728,-3.2828251494799,1,2.3e-10
0.9998554324405308,0.0,-0.0003851383498679,0.0000000000000000,-0.0287213138564308,0.0000000000000000,4.2148985760679851,3.0000975742336919,2.647600,-1.981098,-0.6663469285244,-3.2449466137354,1,1.4e-10
0.9998569131244501,0.0,-0.0003817764370353,0.0000000000000000,-0.0288660886016494,0.0000000000000000,4.2101113990613594,3.0000975458409931,2.650302,-1.963175,-0.6874882790551,-3.2034820110472,1,3.4e-10
0.9998584183949165,0.0,-0.0003783596916375,0.0000000000000000,-0.0290151667500868,0.0000000000000000,4.2052278801466674,3.0000975160083487,2.655865,-1.945179,-0.7105477777806,-3.1659525255593,1,1.3e-10
0.9998599485065259,0.0,-0.0003748874716783,0.0000000000000000,-0.0291687163627247,0.0000000000000000,4.2002460525964809,3.0000974846671196,2.659385,-1.927089,-0.7321145062649,-3.1246435177029,1,1.7e-10
0.9998615037074150,0.0,-0.0003713591373894,0.0000000000000000,-0.0293269143983174,0.0000000000000000,4.1951639072230646,3.0000974517453494,2.661648,-1.908907,-0.7527187955427,-3.0808125396173,1,2.1e-11
0.9998630842385537,0.0,-0.0003677740515934,0.0000000000000000,-0.0294899473351311,0.0000000000000000,4.1899793912409420,3.0000974171675954,2.664410,-1.890650,-0.7735937064588,-3.0372643609540,1,1.6e-10
0.9998646903329864,0.0,-0.0003641315801636,0.0000000000000000,-0.0296580118433788,0.0000000000000000,4.1846904070750233,3.0000973808547391,2.665114,-1.872289,-0.7929227349156,-2.9899808225494,1,9.6e-11
0.9998663222150230,0.0,-0.0003604310924434,0.0000000000000000,-0.0298313155190061,0.0000000000000000,4.1792948111101653,3.0000973427238034,2.666749,-1.853864,-0.8128252601161,-2.9437175126207,1,6.0e-11
0.9998679800993955,0.0,-0.0003566719616663,0.0000000000000000,-0.0300100776841823,0.0000000000000000,4.1737904123764320,3.0000973026877427,2.667330,-1.835348,-0.8318838443354,-2.8953629000835,1,9.8e-11
0.9998696641903418,0.0,-0.0003528535654049,0.0000000000000000,-0.0301945302599211,0.0000000000000000,4.1681749711633724,3.0000972606552314,2.666584,-1.816733,-0.8498944339248,-2.8445221447559,1,4.4e-11
0.9998713746806520,0.0,-0.0003489752859887,0.0000000000000000,-0.0303849187219219,0.0000000000000000,4.1624461975566751,3.0000972165304298,2.665914,-1.798048,-0.8678617736043,-2.7934371759773,1,3.6e-12
0.9998731117506335,0.0,-0.0003450365109561,0.0000000000000000,-0.0305815031453703,0.0000000000000000,4.1566017498883454,3.0000971702127472,2.663937,-1.779263,-0.8847849266374,-2.7399673088799,1,1.1e-10
0.9998748755670374,0.0,-0.0003410366334666,0.0000000000000000,-0.0307845593530479,0.0000000000000000,4.1506392330917912,3.0000971215965806,2.661435,-1.760394,-0.9012249822150,-2.6853757111194,1,1.9e-10
0.9998766662819020,0.0,-0.0003369750527309,0.0000000000000000,-0.0309943801753274,0.0000000000000000,4.1445561969504796,3.0000970705710341,2.657604,-1.741419,-0.9165935428006,-2.6284435314429,1,4.2e-10
0.9998784840313348,0.0,-0.0003328511744249,0.0000000000000000,-0.0312112768371741,0.0000000000000000,4.1383501342281885,3.0000970170196388,2.653838,-1.722376,-0.9319065583541,-2.5713829891024,1,4.5e-10
0.9998803289342125,0.0,-0.0003286644110773,0.0000000000000000,-0.0314355804879306,0.0000000000000000,4.1320184786667742,3.0000969608200312,2.652611,-1.703353,-0.9489884012160,-2.5180485932667,1,2.8e-10
0.9998822010908187,0.0,-0.0003244141824576,0.0000000000000000,-0.0316676438903215,0.0000000000000000,4.1255586028349027,3.0000969018436208,2.647885,-1.684153,-0.9634047338205,-2.4591057495586,1,3.4e-10
0.9998841005813767,0.0,-0.0003200999159252,0.0000000000000000,-0.0319078432898758,0.0000000000000000,4.1189678158090768,3.0000968399552379,2.639181,-1.664742,-0.9747835130183,-2.3939102022617,1,3.5e-10
0.9998860274645116,0.0,-0.0003157210467655,0.0000000000000000,-0.0321565804873253,0.0000000000000000,4.1122433606649178,3.0000967750127536,2.636162,-1.645476,-0.9902754617029,-2.3373273641222,1,4.2e-10
0.9998879817756195,0.0,-0.0003112770184703,0.0000000000000000,-0.0324142851422858,0.0000000000000000,4.1053824117534949,3.0000967068666649,2.628014,-1.625946,-1.0018771882189,-2.2728189016767,1,2.0e-10
0.9998899635251319,0.0,-0.0003067672829943,0.0000000000000000,-0.0326814173370768,0.0000000000000000,4.0983820717326234,3.0000966353596699,2.619724,-1.606337,-1.0132853999085,-2.2080607481425,1,1.0e-10
0.9998919726966865,0.0,-0.0003021913009403,0.0000000000000000,-0.0329584704392119,0.0000000000000000,4.0912393683187966,3.0000965603261838,2.609786,-1.586583,-1.0233842477253,-2.1408181210690,1,1.8e-10
0.9998940092451821,0.0,-0.0002975485417050,0.0000000000000000,-0.0332459743017272,0.0000000000000000,4.0839512507184619,3.0000964815918443,2.599966,-1.566754,-1.0334948851328,-2.0737796899595,1,2.9e-10
0.9998960730947302,0.0,-0.0002928384835107,0.0000000000000000,-0.0335444988541788,0.0000000000000000,4.0765145856913874,3.0000963989729601,2.590690,-1.546870,-1.0439491356660,-2.0075853507417,1,1.3e-10
0.9998981641364879,0.0,-0.0002880606133850,0.0000000000000000,-0.0338546581372708,0.0000000000000000,4.0689261531885004,3.0000963122759230,2.583247,-1.526996,-1.0557311730653,-1.9441161954311,1,5.2e-10
