x0,y0,z0,xd0,yd0,zd0,Tp,JC,stabilityIndex1,stabilityIndex2,alpha,beta,impactFlag,error
1.0000878331497982,0.0,0.0043718428936470,0.0000000000000000,-0.0001118158252574,0.0000000000000000,2.5928234394120322,3.0000669947368563,2.011654,1.490019,-3.5009642339499,4.9963353692790,0,3.9e-10
1.0000912602851706,0.0,0.0043717980045459,0.0000000000000000,-0.0001129570610168,0.0000000000000000,2.5928734394120321,3.0000669964087039,2.012738,1.489898,-3.5019919277898,4.9978047839521,0,3.7e-10
1.0000945077649774,0.0,0.0043717528833201,0.0000000000000000,-0.0001140372274486,0.0000000000000000,2.5929234394120320,3.0000669980804981,2.013726,1.489777,-3.5029850125488,4.9992282380715,0,5.1e-10
1.0000976011230860,0.0,0.0043717075630832,0.0000000000000000,-0.0001150649921767,0.0000000000000000,2.5929734394120318,3.0000669997522458,2.014787,1.489656,-3.5040113177361,5.0006856876368,0,3.4e-10
1.0001005603537503,0.0,0.0043716620698865,0.0000000000000000,-0.0001160471429707,0.0000000000000000,2.5930234394120322,3.0000670014239446,2.015873,1.489536,-3.5050651264816,5.0022001200738,0,4.0e-10
1.0001034014697328,0.0,0.0043716164246291,0.0000000000000000,-0.0001169891163441,0.0000000000000000,2.5930734394120321,3.0000670030955940,2.016805,1.489415,-3.5060330074527,5.0035752392264,0,2.9e-10
1.0001087793459074,0.0,0.0043715247434049,0.0000000000000000,-0.0001187695046165,0.0000000000000000,2.5931734394120318,3.0000670064387354,2.019099,1.489173,-3.5081802341580,5.0066501316940,0,1.6e-10
1.0001138152149949,0.0,0.0043714326236059,0.0000000000000000,-0.0001204334804302,0.0000000000000000,2.5932734394120320,3.0000670097816862,2.021719,1.488931,-3.5104774965526,5.0099383698729,0,2.2e-10
1.0001185668224308,0.0,0.0043713401407383,0.0000000000000000,-0.0001220006562694,0.0000000000000000,2.5933734394120318,3.0000670131244358,2.024090,1.488689,-3.5126629802287,5.0130658896193,0,3.7e-10
1.0001230772911500,0.0,0.0043712473509398,0.0000000000000000,-0.0001234856805579,0.0000000000000000,2.5934734394120320,3.0000670164669847,2.026675,1.488447,-3.5149472215123,5.0163344462550,0,1.9e-10
1.0001273798296380,0.0,0.0043711542972577,0.0000000000000000,-0.0001248998357680,0.0000000000000000,2.5935734394120318,3.0000670198093364,2.028961,1.488206,-3.5170942284404,5.0194022439208,0,1.1e-10
1.0001315006559526,0.0,0.0043710610138465,0.0000000000000000,-0.0001262520308773,0.0000000000000000,2.5936734394120320,3.0000670231514892,2.031449,1.487964,-3.5193320534437,5.0225995160325,0,1.9e-10
1.0001354609006381,0.0,0.0043709675281427,0.0000000000000000,-0.0001275494472218,0.0000000000000000,2.5937734394120318,3.0000670264934435,2.033861,1.487722,-3.5215372727843,5.0257493437838,0,1.8e-10
1.0001392778893736,0.0,0.0043708738627410,0.0000000000000000,-0.0001287979740648,0.0000000000000000,2.5938734394120320,3.0000670298351984,2.036266,1.487479,-3.5237397723707,5.0288949422292,0,1.4e-11
1.0001429660395915,0.0,0.0043707800362363,0.0000000000000000,-0.0001300025128296,0.0000000000000000,2.5939734394120317,3.0000670331767560,2.038813,1.487237,-3.5260080659758,5.0321341797554,0,1.8e-10
1.0001465374986176,0.0,0.0043706860645470,0.0000000000000000,-0.0001311671939131,0.0000000000000000,2.5940734394120319,3.0000670365181130,2.041305,1.486995,-3.5282497001320,5.0353333960942,0,1.1e-10
1.0001500026181429,0.0,0.0043705919609836,0.0000000000000000,-0.0001322955376597,0.0000000000000000,2.5941734394120317,3.0000670398592733,2.043765,1.486753,-3.5304787132819,5.0385132905960,0,2.4e-10
1.0001533703018457,0.0,0.0043704977372738,0.0000000000000000,-0.0001333905726246,0.0000000000000000,2.5942734394120319,3.0000670432002319,2.046242,1.486511,-3.5327151445323,5.0417031265099,0,1.4e-10
1.0001566482770079,0.0,0.0043704034032819,0.0000000000000000,-0.0001344549274084,0.0000000000000000,2.5943734394120317,3.0000670465409924,2.048718,1.486268,-3.5349514493137,5.0448909116761,0,1.1e-10
1.0001598432993457,0.0,0.0043703089678269,0.0000000000000000,-0.0001354909006655,0.0000000000000000,2.5944734394120319,3.0000670498815545,2.051169,1.486026,-3.5371780977580,5.0480646282237,0,1.0e-10
1.0001629613167686,0.0,0.0043702144385876,0.0000000000000000,-0.0001365005164479,0.0000000000000000,2.5945734394120317,3.0000670532219180,2.053689,1.485783,-3.5394350502357,5.0512796336174,0,1.2e-10
1.0001660075975281,0.0,0.0043701198224571,0.0000000000000000,-0.0001374855678035,0.0000000000000000,2.5946734394120319,3.0000670565620817,2.056137,1.485541,-3.5416602082427,5.0544483262667,0,6.8e-11
1.0001689868362971,0.0,0.0043700251253908,0.0000000000000000,-0.0001384476528582,0.0000000000000000,2.5947734394120321,3.0000670599020487,2.058623,1.485298,-3.5439028505629,5.0576409974161,0,1.6e-10
1.0001719032342666,0.0,0.0043699303530634,0.0000000000000000,-0.0001393882019936,0.0000000000000000,2.5948734394120319,3.0000670632418123,2.061109,1.485056,-3.5461457812078,5.0608325348352,0,8.8e-11
1.0001747605737996,0.0,0.0043698355101379,0.0000000000000000,-0.0001403085030450,0.0000000000000000,2.5949734394120321,3.0000670665813796,2.063594,1.484813,-3.5483886039121,5.0640226944852,0,8.1e-11
1.0001775622708504,0.0,0.0043697406011102,0.0000000000000000,-0.0001412097195819,0.0000000000000000,2.5950734394120318,3.0000670699207483,2.066083,1.484571,-3.5506343007165,5.0672163003889,0,1.2e-10
1.0001803114234975,0.0,0.0043696456300338,0.0000000000000000,-0.0001420929067487,0.0000000000000000,2.5951734394120320,3.0000670732599168,2.068565,1.484328,-3.5528769497293,5.0704040286143,0,1.0e-10
1.0001830108532177,0.0,0.0043695506005173,0.0000000000000000,-0.0001429590258299,0.0000000000000000,2.5952734394120318,3.0000670765988868,2.071043,1.484085,-3.5551177918055,5.0735881411869,0,7.7e-11
1.0001856631371011,0.0,0.0043694555158956,0.0000000000000000,-0.0001438089549101,0.0000000000000000,2.5953734394120320,3.0000670799376574,2.073531,1.483843,-3.5573640923719,5.0767788217393,0,9.7e-11
1.0001882706369960,0.0,0.0043693603792212,0.0000000000000000,-0.0001446434988807,0.0000000000000000,2.5954734394120318,3.0000670832762291,2.076032,1.483600,-3.5596162805844,5.0799763195396,0,1.1e-10
1.0001908355241831,0.0,0.0043692651932762,0.0000000000000000,-0.0001454633979118,0.0000000000000000,2.5955734394120320,3.0000670866146022,2.078498,1.483357,-3.5618531499348,5.0831514569541,0,2.4e-11
1.0001933597982102,0.0,0.0043691699606753,0.0000000000000000,-0.0001462693334514,0.0000000000000000,2.5956734394120318,3.0000670899527768,2.081007,1.483114,-3.5641098000530,5.0863532215536,0,1.0e-10
1.0001958453075410,0.0,0.0043690746839288,0.0000000000000000,-0.0001470619358840,0.0000000000000000,2.5957734394120320,3.0000670932907472,2.083483,1.482871,-3.5663520337279,5.0895333383808,0,8.5e-12
1.0001982937662515,0.0,0.0043689793650212,0.0000000000000000,-0.0001478417896991,0.0000000000000000,2.5958734394120317,3.0000670966285221,2.085983,1.482628,-3.5686054812966,5.0927281867882,0,2.6e-11
1.0002007067635479,0.0,0.0043688840061110,0.0000000000000000,-0.0001486094369057,0.0000000000000000,2.5959734394120320,3.0000670999660972,2.088487,1.482385,-3.5708612744151,5.0959248901844,0,5.7e-11
1.0002030857785236,0.0,0.0043687886091010,0.0000000000000000,-0.0001493653820498,0.0000000000000000,2.5960734394120317,3.0000671033034725,2.090974,1.482142,-3.5731098165754,5.0991106012474,0,5.8e-11
1.0002054321903762,0.0,0.0043686931757322,0.0000000000000000,-0.0001501100955761,0.0000000000000000,2.5961734394120319,3.0000671066406501,2.093476,1.481899,-3.5753652217017,5.1023044481662,0,1.0e-10
1.0002077472868036,0.0,0.0043685977077558,0.0000000000000000,-0.0001508440171325,0.0000000000000000,2.5962734394120317,3.0000671099776270,2.095965,1.481656,-3.5776152540489,5.1054897119838,0,6.0e-11
1.0002100322735203,0.0,0.0043685022066536,0.0000000000000000,-0.0001515675579464,0.0000000000000000,2.5963734394120319,3.0000671133144041,2.098466,1.481412,-3.5798710904231,5.1086820637861,0,7.0e-11
1.0002122882804456,0.0,0.0043684066738932,0.0000000000000000,-0.0001522811038454,0.0000000000000000,2.5964734394120317,3.0000671166509827,2.100956,1.481169,-3.5821225951632,5.1118670968442,0,6.3e-11
1.0002145163685308,0.0,0.0043683111108211,0.0000000000000000,-0.0001529850169287,0.0000000000000000,2.5965734394120319,3.0000671199873619,2.103464,1.480926,-3.5843820633619,5.1150618953597,0,7.2e-11
1.0002167175350871,0.0,0.0043682155187717,0.0000000000000000,-0.0001536796377894,0.0000000000000000,2.5966734394120317,3.0000671233235412,2.105961,1.480683,-3.5866373743358,5.1182499335080,0,3.3e-11
1.0002188927197855,0.0,0.0043681198989078,0.0000000000000000,-0.0001543652872649,0.0000000000000000,2.5967734394120319,3.0000671266595211,2.108461,1.480439,-3.5888948262271,5.1214396761815,0,2.2e-11
1.0002210428085199,0.0,0.0043680242523929,0.0000000000000000,-0.0001550422679546,0.0000000000000000,2.5968734394120321,3.0000671299953021,2.110960,1.480196,-3.5911519584801,5.1246279536698,0,4.6e-11
1.0002231686382432,0.0,0.0043679285802807,0.0000000000000000,-0.0001557108657932,0.0000000000000000,2.5969734394120318,3.0000671333308837,2.113466,1.479952,-3.5934123317494,5.1278192594274,0,9.7e-11
1.0002252709999242,0.0,0.0043678328836425,0.0000000000000000,-0.0001563713509380,0.0000000000000000,2.5970734394120321,3.0000671366662646,2.115968,1.479709,-3.5956715678166,5.1310080245994,0,4.4e-11
1.0002273506428128,0.0,0.0043677371633749,0.0000000000000000,-0.0001570239794855,0.0000000000000000,2.5971734394120318,3.0000671400014465,2.118467,1.479465,-3.5979296587893,5.1341941838081,0,5.0e-11
1.0002294082768008,0.0,0.0043676414204039,0.0000000000000000,-0.0001576689940278,0.0000000000000000,2.5972734394120320,3.0000671433364290,2.120973,1.479222,-3.6001913731750,5.1373839498894,0,8.5e-11
1.0002314445756624,0.0,0.0043675456556230,0.0000000000000000,-0.0001583066248622,0.0000000000000000,2.5973734394120318,3.0000671466712121,2.123477,1.478978,-3.6024527430873,5.1405721458577,0,3.9e-11
1.0002334601785545,0.0,0.0043674498699014,0.0000000000000000,-0.0001589370905805,0.0000000000000000,2.5974734394120320,3.0000671500057932,2.125987,1.478734,-3.6047170615870,5.1437631280871,0,6.5e-11
1.0002354556953612,0.0,0.0043673540638760,0.0000000000000000,-0.0001595605995371,0.0000000000000000,2.5975734394120318,3.0000671533401775,2.128492,1.478490,-3.6069794621868,5.1469503176211,0,8.7e-11
1.0002374317045288,0.0,0.0043672582384200,0.0000000000000000,-0.0001601773497332,0.0000000000000000,2.5976734394120320,3.0000671566743602,2.130998,1.478247,-3.6092428784676,5.1501378762692,0,2.9e-11
1.0002393887580685,0.0,0.0043671623941650,0.0000000000000000,-0.0001607875298066,0.0000000000000000,2.5977734394120318,3.0000671600083444,2.133508,1.478003,-3.6115085877819,5.1533273320477,0,3.8e-11
1.0002413273825550,0.0,0.0043670665317972,0.0000000000000000,-0.0001613913199990,0.0000000000000000,2.5978734394120320,3.0000671633421292,2.136018,1.477759,-3.6137746159975,5.1565159620126,0,6.3e-11
1.0002432480798269,0.0,0.0043669706520386,0.0000000000000000,-0.0001619888920230,0.0000000000000000,2.5979734394120317,3.0000671666757128,2.138527,1.477515,-3.6160407049539,5.1597035747418,0,2.5e-11
1.0002451513304627,0.0,0.0043668747553777,0.0000000000000000,-0.0001625804102411,0.0000000000000000,2.5980734394120319,3.0000671700090979,2.141041,1.477271,-3.6183089671912,5.1628930539476,0,7.1e-11
1.0002470375925787,0.0,0.0043667788425332,0.0000000000000000,-0.0001631660314912,0.0000000000000000,2.5981734394120317,3.0000671733422819,2.143552,1.477027,-3.6205769859639,5.1660809088266,0,3.5e-11
1.0002489073058145,0.0,0.0043666829139782,0.0000000000000000,-0.0001637459061772,0.0000000000000000,2.5982734394120319,3.0000671766752665,2.146066,1.476783,-3.6228461602792,5.1692692467203,0,1.6e-11
1.0002507608905513,0.0,0.0043665869702462,0.0000000000000000,-0.0001643201784416,0.0000000000000000,2.5983734394120317,3.0000671800080512,2.148581,1.476539,-3.6251162551791,5.1724576260264,0,1.0e-11
1.0002525987494666,0.0,0.0043664910118799,0.0000000000000000,-0.0001648889859073,0.0000000000000000,2.5984734394120319,3.0000671833406369,2.151093,1.476295,-3.6273855452599,5.1756438259560,0,3.6e-11
1.0002544212689977,0.0,0.0043663950393864,0.0000000000000000,-0.0001654524610274,0.0000000000000000,2.5985734394120317,3.0000671866730224,2.153606,1.476051,-3.6296557937837,5.1788302161741,0,1.6e-11
1.0002562288198282,0.0,0.0043662990532251,0.0000000000000000,-0.0001660107307268,0.0000000000000000,2.5986734394120319,3.0000671900052085,2.156121,1.475806,-3.6319273971922,5.1820171111763,0,2.4e-11
1.0002580217580546,0.0,0.0043662030538437,0.0000000000000000,-0.0001665639169781,0.0000000000000000,2.5987734394120316,3.0000671933371938,2.158642,1.475562,-3.6342017745350,5.1852065858257,0,9.5e-11
1.0002598004261203,0.0,0.0043661070416877,0.0000000000000000,-0.0001671121371862,0.0000000000000000,2.5988734394120319,3.0000671966689798,2.161158,1.475318,-3.6364744215803,5.1883927044065,0,5.4e-11
1.0002615651518902,0.0,0.0043660110172952,0.0000000000000000,-0.0001676555035808,0.0000000000000000,2.5989734394120321,3.0000672000005615,2.163676,1.475074,-3.6387487559388,5.1915798905338,0,4.2e-11
1.0002633162536267,0.0,0.0043659149807770,0.0000000000000000,-0.0001681941254062,0.0000000000000000,2.5990734394120318,3.0000672033319491,2.166197,1.474829,-3.6410245024039,5.1947677451336,0,4.9e-11
1.0002650540346660,0.0,0.0043658189327632,0.0000000000000000,-0.0001687281064409,0.0000000000000000,2.5991734394120320,3.0000672066631342,2.168715,1.474585,-3.6432989340641,5.1979527397730,0,5.0e-11
1.0002667787884694,0.0,0.0043657228736613,0.0000000000000000,-0.0001692575475413,0.0000000000000000,2.5992734394120318,3.0000672099941172,2.171236,1.474340,-3.6455756238960,5.2011396103274,0,4.4e-11
1.0002684907985666,0.0,0.0043656268036251,0.0000000000000000,-0.0001697825454895,0.0000000000000000,2.5993734394120320,3.0000672133249027,2.173760,1.474096,-3.6478541183935,5.2043275899772,0,1.4e-11
1.0002701903375819,0.0,0.0043655307230971,0.0000000000000000,-0.0001703031942159,0.0000000000000000,2.5994734394120318,3.0000672166554887,2.176283,1.473851,-3.6501324055233,5.2075142782598,0,3.0e-11
1.0002718776682642,0.0,0.0043654346324817,0.0000000000000000,-0.0001708195836016,0.0000000000000000,2.5995734394120320,3.0000672199858731,2.178806,1.473606,-3.6524109841511,5.2107001334486,0,5.5e-11
1.0002735530445515,0.0,0.0043653385320159,0.0000000000000000,-0.0001713318007941,0.0000000000000000,2.5996734394120318,3.0000672233160586,2.181328,1.473362,-3.6546897450604,5.2138851787349,0,3.7e-11
1.0002752167119484,0.0,0.0043652424220203,0.0000000000000000,-0.0001718399300330,0.0000000000000000,2.5997734394120320,3.0000672266460437,2.183854,1.473117,-3.6569706236570,5.2170718203226,0,2.4e-11
1.0002768689070762,0.0,0.0043651463028688,0.0000000000000000,-0.0001723440524992,0.0000000000000000,2.5998734394120318,3.0000672299758273,2.186380,1.472872,-3.6592518006318,5.2202576492241,0,6.1e-11
1.0002785098595088,0.0,0.0043650501747940,0.0000000000000000,-0.0001728442470794,0.0000000000000000,2.5999734394120320,3.0000672333054115,2.188907,1.472628,-3.6615338337565,5.2234435258889,0,3.8e-11
1.0002801397904530,0.0,0.0043649540380899,0.0000000000000000,-0.0001733405895929,0.0000000000000000,2.6000734394120317,3.0000672366347949,2.191435,1.472383,-3.6638165329452,5.2266290934038,0,3.0e-11
1.0002817589146233,0.0,0.0043648578929689,0.0000000000000000,-0.0001738331537482,0.0000000000000000,2.6001734394120319,3.0000672399639798,2.193965,1.472138,-3.6661007855423,5.2298155003259,0,6.9e-11
1.0002833674385432,0.0,0.0043647617398745,0.0000000000000000,-0.0001743220105105,0.0000000000000000,2.6002734394120317,3.0000672432929609,2.196493,1.471893,-3.6683844141831,5.2330000682047,0,3.4e-11
1.0002849655639565,0.0,0.0043646655788999,0.0000000000000000,-0.0001748072290074,0.0000000000000000,2.6003734394120319,3.0000672466217426,2.199022,1.471648,-3.6706693097717,5.2361850756213,0,1.7e-11
1.0002865534850915,0.0,0.0043645694103614,0.0000000000000000,-0.0001752888762589,0.0000000000000000,2.6004734394120317,3.0000672499503245,2.201554,1.471403,-3.6729557524966,5.2393709527032,0,1.5e-11
1.0002881313912830,0.0,0.0043644732343714,0.0000000000000000,-0.0001757670169775,0.0000000000000000,2.6005734394120319,3.0000672532787078,2.204083,1.471158,-3.6752410941205,5.2425543270120,0,2.1e-11
1.0002896994645636,0.0,0.0043643770513242,0.0000000000000000,-0.0001762417138630,0.0000000000000000,2.6006734394120317,3.0000672566068891,2.206617,1.470913,-3.6775290513961,5.2457398743483,0,7.7e-12
1.0002912578822678,0.0,0.0043642808614124,0.0000000000000000,-0.0001767130277626,0.0000000000000000,2.6007734394120319,3.0000672599348688,2.209150,1.470668,-3.6798171220904,5.2489244359007,0,1.3e-11
1.0002928068170787,0.0,0.0043641846647954,0.0000000000000000,-0.0001771810181168,0.0000000000000000,2.6008734394120321,3.0000672632626491,2.211684,1.470422,-3.6821058519271,5.2521087285031,0,3.3e-11
1.0002943464357752,0.0,0.0043640884616653,0.0000000000000000,-0.0001776457421016,0.0000000000000000,2.6009734394120319,3.0000672665902304,2.214219,1.470177,-3.6843953661283,5.2552929316339,0,4.7e-12
1.0002958769003496,0.0,0.0043639922523222,0.0000000000000000,-0.0001781072556057,0.0000000000000000,2.6010734394120321,3.0000672699176105,2.216755,1.469932,-3.6866858541021,5.2584771927497,0,4.7e-11
1.0002973983677024,0.0,0.0043638960369662,0.0000000000000000,-0.0001785656123099,0.0000000000000000,2.6011734394120318,3.0000672732447886,2.219292,1.469687,-3.6889772586953,5.2616615136284,0,1.3e-11
1.0002989109921567,0.0,0.0043637998156608,0.0000000000000000,-0.0001790208655077,0.0000000000000000,2.6012734394120320,3.0000672765717677,2.221829,1.469441,-3.6912690051079,5.2648451359294,0,1.3e-11
1.0003004149219963,0.0,0.0043637035886420,0.0000000000000000,-0.0001794730661242,0.0000000000000000,2.6013734394120318,3.0000672798985479,2.224366,1.469196,-3.6935614786352,5.2680285899860,0,4.0e-11
1.0003019103005648,0.0,0.0043636073562949,0.0000000000000000,-0.0001799222634156,0.0000000000000000,2.6014734394120320,3.0000672832251234,2.226906,1.468950,-3.6958554863947,5.2712127955762,0,2.4e-11
1.0003033972698241,0.0,0.0043635111185851,0.0000000000000000,-0.0001803685063155,0.0000000000000000,2.6015734394120318,3.0000672865514990,2.229445,1.468705,-3.6981494100133,5.2743958575271,0,2.8e-11
1.0003048759663866,0.0,0.0043634148756608,0.0000000000000000,-0.0001808118416662,0.0000000000000000,2.6016734394120320,3.0000672898776757,2.231984,1.468459,-3.7004437765102,5.2775783582431,0,2.6e-11
1.0003063465230040,0.0,0.0043633186278162,0.0000000000000000,-0.0001812523152539,0.0000000000000000,2.6017734394120318,3.0000672932036507,2.234527,1.468214,-3.7027402031033,5.2807622458445,0,3.0e-11
1.0003078090694830,0.0,0.0043632223751542,0.0000000000000000,-0.0001816899717691,0.0000000000000000,2.6018734394120320,3.0000672965294255,2.237069,1.467968,-3.7050365113233,5.2839449116578,0,1.3e-11
1.0003092637319058,0.0,0.0043631261178391,0.0000000000000000,-0.0001821248545817,0.0000000000000000,2.6019734394120317,3.0000672998549986,2.239612,1.467722,-3.7073338876634,5.2871277982113,0,2.8e-11
1.0003107106330986,0.0,0.0043630298560359,0.0000000000000000,-0.0001825570059624,0.0000000000000000,2.6020734394120320,3.0000673031803720,2.242155,1.467477,-3.7096315399624,5.2903099397916,0,1.7e-11
1.0003121498928162,0.0,0.0043629335899023,0.0000000000000000,-0.0001829864671794,0.0000000000000000,2.6021734394120317,3.0000673065055441,2.244701,1.467231,-3.7119310229929,5.2934931534029,0,1.8e-11
1.0003135816276323,0.0,0.0043628373195879,0.0000000000000000,-0.0001834132783293,0.0000000000000000,2.6022734394120319,3.0000673098305146,2.247246,1.466985,-3.7142303852616,5.2966751826595,0,1.4e-11
1.0003150059516501,0.0,0.0043627410451422,0.0000000000000000,-0.0001838374786754,0.0000000000000000,2.6023734394120317,3.0000673131552871,2.249792,1.466739,-3.7165309340931,5.2998575426407,0,4.2e-11
1.0003164229747064,0.0,0.0043626447669343,0.0000000000000000,-0.0001842591061994,0.0000000000000000,2.6024734394120319,3.0000673164798544,2.252340,1.466493,-3.7188323773900,5.3030399068626,0,2.0e-11
1.0003178328060742,0.0,0.0043625484848539,0.0000000000000000,-0.0001846781984843,0.0000000000000000,2.6025734394120317,3.0000673198042227,2.254886,1.466247,-3.7211335582112,5.3062208701207,0,3.9e-11
1.0003192355510404,0.0,0.0043624521991221,0.0000000000000000,-0.0001850947916558,0.0000000000000000,2.6026734394120319,3.0000673231283916,2.257436,1.466001,-3.7234364982525,5.3094028511293,0,7.7e-12
1.0003206313120452,0.0,0.0043623559098543,0.0000000000000000,-0.0001855089211282,0.0000000000000000,2.6027734394120317,3.0000673264523603,2.259984,1.465755,-3.7257394765124,5.3125838132064,0,8.0e-11
1.0003220201894991,0.0,0.0043622596173234,0.0000000000000000,-0.0001859206216284,0.0000000000000000,2.6028734394120319,3.0000673297761242,2.262535,1.465509,-3.7280441933625,5.3157657303647,0,1.0e-11
1.0003234022820557,0.0,0.0043621633214235,0.0000000000000000,-0.0001863299270084,0.0000000000000000,2.6029734394120321,3.0000673330996905,2.265086,1.465263,-3.7303490928818,5.3189468138736,0,1.8e-11
1.0003247776849267,0.0,0.0043620670224101,0.0000000000000000,-0.0001867368700766,0.0000000000000000,2.6030734394120318,3.0000673364230548,2.267638,1.465017,-3.7326547750308,5.3221277440523,0,2.4e-11
1.0003261464914723,0.0,0.0043619707204404,0.0000000000000000,-0.0001871414831254,0.0000000000000000,2.6031734394120321,3.0000673397462161,2.270191,1.464771,-3.7349614166396,5.3253087290427,0,1.4e-11
1.0003275087935248,0.0,0.0043618744155189,0.0000000000000000,-0.0001875437978097,0.0000000000000000,2.6032734394120318,3.0000673430691780,2.272744,1.464524,-3.7372684725799,5.3284891161354,0,1.4e-11
1.0003288646801189,0.0,0.0043617781078064,0.0000000000000000,-0.0001879438447797,0.0000000000000000,2.6033734394120320,3.0000673463919383,2.275298,1.464278,-3.7395763950294,5.3316694886651,0,1.7e-11
1.0003302142385297,0.0,0.0043616817974034,0.0000000000000000,-0.0001883416541904,0.0000000000000000,2.6034734394120318,3.0000673497144978,2.277854,1.464032,-3.7418852299355,5.3348498264608,0,2.2e-11
1.0003315575540526,0.0,0.0043615854843770,0.0000000000000000,-0.0001887372554164,0.0000000000000000,2.6035734394120320,3.0000673530368585,2.280410,1.463785,-3.7441948010902,5.3380299636197,0,7.0e-12
1.0003328947097283,0.0,0.0043614891689294,0.0000000000000000,-0.0001891306771608,0.0000000000000000,2.6036734394120318,3.0000673563590157,2.282967,1.463539,-3.7465053789168,5.3412102170698,0,6.1e-12
1.0003342257867711,0.0,0.0043613928511869,0.0000000000000000,-0.0001895219474539,0.0000000000000000,2.6037734394120320,3.0000673596809699,2.285524,1.463292,-3.7488164852499,5.3443899885683,0,3.4e-11
1.0003355508661622,0.0,0.0043612965310679,0.0000000000000000,-0.0001899110941763,0.0000000000000000,2.6038734394120318,3.0000673630027253,2.288082,1.463046,-3.7511282019109,5.3475694213491,0,4.1e-11
1.0003368700248660,0.0,0.0043612002087746,0.0000000000000000,-0.0001902981439410,0.0000000000000000,2.6039734394120320,3.0000673663242807,2.290642,1.462799,-3.7534407795638,5.3507488039145,0,1.8e-11
1.0003381833391776,0.0,0.0043611038844550,0.0000000000000000,-0.0001906831230894,0.0000000000000000,2.6040734394120317,3.0000673696456333,2.293201,1.462553,-3.7557540872775,5.3539279550473,0,1.5e-11
1.0003394908840024,0.0,0.0043610075581704,0.0000000000000000,-0.0001910660575036,0.0000000000000000,2.6041734394120319,3.0000673729667837,2.295763,1.462306,-3.7580686123623,5.3571074190067,0,1.1e-11
1.0003407927326908,0.0,0.0043609112299388,0.0000000000000000,-0.0001914469725318,0.0000000000000000,2.6042734394120317,3.0000673762877348,2.298325,1.462059,-3.7603835773646,5.3602863605379,0,1.4e-11
1.0003420889563184,0.0,0.0043608148999389,0.0000000000000000,-0.0001918258926273,0.0000000000000000,2.6043734394120319,3.0000673796084838,2.300886,1.461813,-3.7626988606199,5.3634646007715,0,1.5e-11
1.0003433796248458,0.0,0.0043607185683025,0.0000000000000000,-0.0001922028420413,0.0000000000000000,2.6044734394120317,3.0000673829290285,2.303450,1.461566,-3.7650153920404,5.3666432168209,0,2.2e-11
1.0003446648078413,0.0,0.0043606222349092,0.0000000000000000,-0.0001925778448086,0.0000000000000000,2.6045734394120319,3.0000673862493765,2.306014,1.461319,-3.7673328074286,5.3698217571844,0,3.0e-11
1.0003459445714780,0.0,0.0043605259000645,0.0000000000000000,-0.0001929509237582,0.0000000000000000,2.6046734394120317,3.0000673895695207,2.308578,1.461072,-3.7696504697006,5.3729995685558,0,1.2e-11
1.0003472189820799,0.0,0.0043604295637496,0.0000000000000000,-0.0001933221018517,0.0000000000000000,2.6047734394120319,3.0000673928894637,2.311144,1.460825,-3.7719693623501,5.3761776826878,0,9.1e-12
1.0003484881041862,0.0,0.0043603332260369,0.0000000000000000,-0.0001936914013269,0.0000000000000000,2.6048734394120321,3.0000673962092055,2.313711,1.460578,-3.7742890546642,5.3793556627717,0,1.4e-11
1.0003497520004578,0.0,0.0043602368870934,0.0000000000000000,-0.0001940588438707,0.0000000000000000,2.6049734394120319,3.0000673995287443,2.316278,1.460331,-3.7766093793160,5.3825333010553,0,1.8e-11
1.0003510107338349,0.0,0.0043601405468632,0.0000000000000000,-0.0001944244512804,0.0000000000000000,2.6050734394120321,3.0000674028480834,2.318846,1.460084,-3.7789303601855,5.3857106274568,0,1.3e-11
1.0003522643644689,0.0,0.0043600442055233,0.0000000000000000,-0.0001947882443916,0.0000000000000000,2.6051734394120318,3.0000674061672203,2.321415,1.459837,-3.7812522104309,5.3888878907572,0,5.0e-11
1.0003535129520398,0.0,0.0043599478630380,0.0000000000000000,-0.0001951502436568,0.0000000000000000,2.6052734394120320,3.0000674094861575,2.323985,1.459590,-3.7835747605941,5.3920648718873,0,8.5e-11
1.0003547565548780,0.0,0.0043598515196633,0.0000000000000000,-0.0001955104695264,0.0000000000000000,2.6053734394120318,3.0000674128048899,2.326555,1.459343,-3.7858981122088,5.3952417139653,0,1.3e-11
1.0003559952304606,0.0,0.0043597551753145,0.0000000000000000,-0.0001958689416911,0.0000000000000000,2.6054734394120320,3.0000674161234233,2.329127,1.459096,-3.7882221611468,5.3984182895696,0,2.0e-11
1.0003572290347937,0.0,0.0043596588301282,0.0000000000000000,-0.0001962256795181,0.0000000000000000,2.6055734394120318,3.0000674194417538,2.331699,1.458848,-3.7905469526845,5.4015946490394,0,1.6e-11
1.0003584580232867,0.0,0.0043595624841021,0.0000000000000000,-0.0001965807022363,0.0000000000000000,2.6056734394120320,3.0000674227598849,2.334272,1.458601,-3.7928726586892,5.4047709834902,0,7.4e-11
1.0003596822496066,0.0,0.0043594661374594,0.0000000000000000,-0.0001969340285078,0.0000000000000000,2.6057734394120318,3.0000674260778104,2.336845,1.458354,-3.7951989678907,5.4079469302571,0,7.4e-12
1.0003609017671240,0.0,0.0043593697901319,0.0000000000000000,-0.0001972856766471,0.0000000000000000,2.6058734394120320,3.0000674293955365,2.339420,1.458106,-3.7975263532730,5.4111230231019,0,1.6e-11
1.0003621166280681,0.0,0.0043592734421994,0.0000000000000000,-0.0001976356648100,0.0000000000000000,2.6059734394120317,3.0000674327130610,2.341996,1.457859,-3.7998542278041,5.4142986250997,0,1.2e-11
1.0003633268833139,0.0,0.0043591770937789,0.0000000000000000,-0.0001979840106271,0.0000000000000000,2.6060734394120320,3.0000674360303825,2.344572,1.457611,-3.8021829156608,5.4174740670139,0,2.0e-11
1.0003645325831543,0.0,0.0043590807448995,0.0000000000000000,-0.0001983307314608,0.0000000000000000,2.6061734394120317,3.0000674393475029,2.347149,1.457364,-3.8045123386934,5.4206492897254,0,2.3e-11
1.0003657337770255,0.0,0.0043589843956076,0.0000000000000000,-0.0001986758444542,0.0000000000000000,2.6062734394120319,3.0000674426644216,2.349726,1.457116,-3.8068426280707,5.4238244255814,0,6.2e-12
1.0003669305132090,0.0,0.0043588880459960,0.0000000000000000,-0.0001990193663274,0.0000000000000000,2.6063734394120317,3.0000674459811387,2.352305,1.456869,-3.8091736120179,5.4269992816136,0,8.0e-12
1.0003681228394501,0.0,0.0043587916960816,0.0000000000000000,-0.0001993613136340,0.0000000000000000,2.6064734394120319,3.0000674492976538,2.354885,1.456621,-3.8115054163366,5.4301739938126,0,8.1e-12
1.0003693108022731,0.0,0.0043586953459914,0.0000000000000000,-0.0001997017025089,0.0000000000000000,2.6065734394120317,3.0000674526139663,2.357465,1.456373,-3.8138380716781,5.4333485888355,0,4.0e-11
1.0003704944475371,0.0,0.0043585989957152,0.0000000000000000,-0.0002000405487589,0.0000000000000000,2.6066734394120319,3.0000674559300773,2.360046,1.456125,-3.8161713491232,5.4365228248972,0,1.2e-11
1.0003716738205102,0.0,0.0043585026453575,0.0000000000000000,-0.0002003778681555,0.0000000000000000,2.6067734394120317,3.0000674592459871,2.362628,1.455878,-3.8185053790280,5.4396968513896,0,2.1e-11
1.0003728489654173,0.0,0.0043584062949345,0.0000000000000000,-0.0002007136759729,0.0000000000000000,2.6068734394120319,3.0000674625616948,2.365211,1.455630,-3.8208402088146,5.4428707009874,0,6.9e-12
1.0003740199257634,0.0,0.0043583099445278,0.0000000000000000,-0.0002010479873271,0.0000000000000000,2.6069734394120321,3.0000674658772000,2.367794,1.455382,-3.8231757767010,5.4460443242656,0,1.8e-11
1.0003751867444262,0.0,0.0043582135941921,0.0000000000000000,-0.0002013808171073,0.0000000000000000,2.6070734394120318,3.0000674691925027,2.370378,1.455134,-3.8255121485187,5.4492177711954,0,8.7e-12
1.0003763494634004,0.0,0.0043581172439888,0.0000000000000000,-0.0002017121798381,0.0000000000000000,2.6071734394120321,3.0000674725076037,2.372964,1.454886,-3.8278494095518,5.4523911489802,0,4.8e-11
1.0003775081243262,0.0,0.0043580208938795,0.0000000000000000,-0.0002020420899056,0.0000000000000000,2.6072734394120318,3.0000674758225037,2.375549,1.454638,-3.8301872006503,5.4555640617402,0,2.5e-11
1.0003786627674296,0.0,0.0043579245440354,0.0000000000000000,-0.0002023705613545,0.0000000000000000,2.6073734394120320,3.0000674791372011,2.378136,1.454390,-3.8325258886640,5.4587368985477,0,2.2e-11
1.0003798134329067,0.0,0.0043578281944534,0.0000000000000000,-0.0002026976080650,0.0000000000000000,2.6074734394120318,3.0000674824516964,2.380723,1.454142,-3.8348652304499,5.4619094244692,0,9.5e-12
1.0003809601601312,0.0,0.0043577318451860,0.0000000000000000,-0.0002030232437348,0.0000000000000000,2.6075734394120320,3.0000674857659888,2.383312,1.453894,-3.8372055174521,5.4650819145146,0,8.8e-12
1.0003821029878592,0.0,0.0043576354962388,0.0000000000000000,-0.0002033474817526,0.0000000000000000,2.6076734394120318,3.0000674890800809,2.385901,1.453645,-3.8395464831639,5.4682540991799,0,4.6e-11
1.0003832419538907,0.0,0.0043575391477822,0.0000000000000000,-0.0002036703354029,0.0000000000000000,2.6077734394120320,3.0000674923939696,2.388491,1.453397,-3.8418881527150,5.4714260143684,0,1.3e-11
1.0003843770957703,0.0,0.0043574427997536,0.0000000000000000,-0.0002039918174587,0.0000000000000000,2.6078734394120318,3.0000674957076554,2.391082,1.453149,-3.8442306822211,5.4745978020839,0,1.3e-11
1.0003855084502298,0.0,0.0043573464522564,0.0000000000000000,-0.0002043119409008,0.0000000000000000,2.6079734394120320,3.0000674990211391,2.393673,1.452901,-3.8465738922587,5.4777692947629,0,1.5e-11
1.0003866360540727,0.0,0.0043572501052340,0.0000000000000000,-0.0002046307183124,0.0000000000000000,2.6080734394120317,3.0000675023344217,2.396266,1.452652,-3.8489178823791,5.4809405738098,0,1.1e-11
1.0003877599422382,0.0,0.0043571537588488,0.0000000000000000,-0.0002049481619357,0.0000000000000000,2.6081734394120319,3.0000675056475017,2.398859,1.452404,-3.8512627173847,5.4841117230084,0,1.0e-11
1.0003888801501597,0.0,0.0043570574131078,0.0000000000000000,-0.0002052642840921,0.0000000000000000,2.6082734394120317,3.0000675089603792,2.401453,1.452155,-3.8536082102231,5.4872825488394,0,8.1e-12
1.0003899967123899,0.0,0.0043569610680315,0.0000000000000000,-0.0002055790967234,0.0000000000000000,2.6083734394120319,3.0000675122730547,2.404048,1.451907,-3.8559545582204,5.4904532389410,0,4.7e-12
1.0003911096628786,0.0,0.0043568647236883,0.0000000000000000,-0.0002058926116638,0.0000000000000000,2.6084734394120317,3.0000675155855268,2.406644,1.451658,-3.8583016471151,5.4936236814789,0,2.2e-11
1.0003922190350873,0.0,0.0043567683801061,0.0000000000000000,-0.0002062048404862,0.0000000000000000,2.6085734394120319,3.0000675188977972,2.409240,1.451410,-3.8606494644983,5.4967938788531,0,5.4e-12
1.0003933248620596,0.0,0.0043566720373268,0.0000000000000000,-0.0002065157947154,0.0000000000000000,2.6086734394120317,3.0000675222098656,2.411837,1.451161,-3.8629980105417,5.4999638004430,0,3.5e-12
1.0003944271760863,0.0,0.0043565756954350,0.0000000000000000,-0.0002068254855972,0.0000000000000000,2.6087734394120319,3.0000675255217302,2.414435,1.450912,-3.8653474368883,5.5031336199615,0,3.6e-11
1.0003955260094914,0.0,0.0043564793543569,0.0000000000000000,-0.0002071339242528,0.0000000000000000,2.6088734394120321,3.0000675288333940,2.417034,1.450664,-3.8676975898940,5.5063031686639,0,9.9e-12
1.0003966213934103,0.0,0.0043563830142434,0.0000000000000000,-0.0002074411216055,0.0000000000000000,2.6089734394120319,3.0000675321448549,2.419634,1.450415,-3.8700484333641,5.5094724220247,0,2.1e-11
1.0003977133590816,0.0,0.0043562866750600,0.0000000000000000,-0.0002077470884723,0.0000000000000000,2.6090734394120321,3.0000675354561137,2.422234,1.450166,-3.8724000957175,5.5126415130355,0,6.0e-12
1.0003988019366887,0.0,0.0043561903369381,0.0000000000000000,-0.0002080518353946,0.0000000000000000,2.6091734394120318,3.0000675387671687,2.424835,1.449917,-3.8747525501354,5.5158103866623,0,6.1e-12
1.0003998871567608,0.0,0.0043560939998056,0.0000000000000000,-0.0002083553728635,0.0000000000000000,2.6092734394120320,3.0000675420780225,2.427437,1.449668,-3.8771057027459,5.5189789795779,0,1.9e-11
1.0004009690486826,0.0,0.0043559976637749,0.0000000000000000,-0.0002086577112511,0.0000000000000000,2.6093734394120318,3.0000675453886725,2.430041,1.449419,-3.8794597339770,5.5221474474852,0,2.1e-11
1.0004020476417161,0.0,0.0043559013288627,0.0000000000000000,-0.0002089588606420,0.0000000000000000,2.6094734394120320,3.0000675486991200,2.432644,1.449170,-3.8818144043681,5.5253155575137,0,4.3e-12
1.0004031229647030,0.0,0.0043558049950860,0.0000000000000000,-0.0002092588310874,0.0000000000000000,2.6095734394120318,3.0000675520093654,2.435249,1.448921,-3.8841698946657,5.5284834941523,0,5.2e-12
1.0004041950460225,0.0,0.0043557086624708,0.0000000000000000,-0.0002095576324434,0.0000000000000000,2.6096734394120320,3.0000675553194096,2.437854,1.448672,-3.8865261759812,5.5316512191933,0,3.7e-11
1.0004052639136103,0.0,0.0043556123310830,0.0000000000000000,-0.0002098552744594,0.0000000000000000,2.6097734394120318,3.0000675586292496,2.440460,1.448423,-3.8888831965826,5.5348186885432,0,2.2e-11
1.0004063295947376,0.0,0.0043555160010077,0.0000000000000000,-0.0002101517666879,0.0000000000000000,2.6098734394120320,3.0000675619388852,2.443067,1.448174,-3.8912409122187,5.5379858528631,0,8.8e-12
1.0004073921170207,0.0,0.0043554196721640,0.0000000000000000,-0.0002104471186108,0.0000000000000000,2.6099734394120317,3.0000675652483206,2.445675,1.447925,-3.8935995236316,5.5411529189186,0,5.1e-12
1.0004084515069507,0.0,0.0043553233446540,0.0000000000000000,-0.0002107413394596,0.0000000000000000,2.6100734394120320,3.0000675685575522,2.448283,1.447675,-3.8959587573271,5.5443195921470,0,7.1e-12
1.0004095077910455,0.0,0.0043552270185032,0.0000000000000000,-0.0002110344386090,0.0000000000000000,2.6101734394120317,3.0000675718665808,2.450893,1.447426,-3.8983188659795,5.5474861396410,0,1.2e-11
1.0004105609952763,0.0,0.0043551306937257,0.0000000000000000,-0.0002113264249386,0.0000000000000000,2.6102734394120319,3.0000675751754069,2.453503,1.447177,-3.9006797257051,5.5506524431832,0,2.8e-12
1.0004116111452950,0.0,0.0043550343703763,0.0000000000000000,-0.0002116173074520,0.0000000000000000,2.6103734394120317,3.0000675784840305,2.456114,1.446927,-3.9030413178270,5.5538184671242,0,8.8e-12
1.0004126582664599,0.0,0.0043549380484645,0.0000000000000000,-0.0002119070949611,0.0000000000000000,2.6104734394120319,3.0000675817924507,2.458726,1.446678,-3.9054036515798,5.5569842352820,0,4.2e-12
1.0004137023837689,0.0,0.0043548417280140,0.0000000000000000,-0.0002121957961625,0.0000000000000000,2.6105734394120317,3.0000675851006693,2.461338,1.446428,-3.9077667581652,5.5601497646296,0,2.3e-11
1.0004147435216457,0.0,0.0043547454091220,0.0000000000000000,-0.0002124834196098,0.0000000000000000,2.6106734394120319,3.0000675884086832,2.463952,1.446179,-3.9101307361400,5.5633151564586,0,8.9e-12
1.0004157817045758,0.0,0.0043546490917553,0.0000000000000000,-0.0002127699738278,0.0000000000000000,2.6107734394120317,3.0000675917164950,2.466566,1.445929,-3.9124953554776,5.5664801850365,0,3.5e-11
1.0004168169564938,0.0,0.0043545527759271,0.0000000000000000,-0.0002130554670462,0.0000000000000000,2.6108734394120319,3.0000675950241047,2.469181,1.445680,-3.9148608233048,5.5696450459968,0,2.0e-11
1.0004178493008264,0.0,0.0043544564617210,0.0000000000000000,-0.0002133399075765,0.0000000000000000,2.6109734394120321,3.0000675983315106,2.471797,1.445430,-3.9172270106451,5.5728096258903,0,1.8e-11
1.0004188787611104,0.0,0.0043543601491472,0.0000000000000000,-0.0002136233035507,0.0000000000000000,2.6110734394120318,3.0000676016387131,2.474414,1.445180,-3.9195939087116,5.5759739005185,0,5.6e-12
1.0004199053601730,0.0,0.0043542638382520,0.0000000000000000,-0.0002139056629526,0.0000000000000000,2.6111734394120321,3.0000676049457127,2.477031,1.444931,-3.9219616426031,5.5791379984377,0,2.8e-11
1.0004209291209309,0.0,0.0043541675289977,0.0000000000000000,-0.0002141869936998,0.0000000000000000,2.6112734394120318,3.0000676082525102,2.479649,1.444681,-3.9243301032202,5.5823018147989,0,1.9e-11
1.0004219500655458,0.0,0.0043540712214753,0.0000000000000000,-0.0002144673035922,0.0000000000000000,2.6113734394120320,3.0000676115591034,2.482268,1.444431,-3.9266993152015,5.5854653641346,0,5.1e-12
1.0004229682161236,0.0,0.0043539749157297,0.0000000000000000,-0.0002147466002872,0.0000000000000000,2.6114734394120318,3.0000676148654932,2.484888,1.444181,-3.9290693364630,5.5886287061184,0,4.8e-11
1.0004239835947542,0.0,0.0043538786116854,0.0000000000000000,-0.0002150248915341,0.0000000000000000,2.6115734394120320,3.0000676181716810,2.487509,1.443931,-3.9314400968581,5.5917917704457,0,7.4e-12
1.0004249962227383,0.0,0.0043537823094322,0.0000000000000000,-0.0002153021847083,0.0000000000000000,2.6116734394120318,3.0000676214776663,2.490130,1.443681,-3.9338116792724,5.5949546432149,0,4.8e-11
1.0004260061213304,0.0,0.0043536860090498,0.0000000000000000,-0.0002155784873229,0.0000000000000000,2.6117734394120320,3.0000676247834472,2.492753,1.443431,-3.9361839542982,5.5981171808258,0,3.4e-12
1.0004270133114499,0.0,0.0043535897105157,0.0000000000000000,-0.0002158538065877,0.0000000000000000,2.6118734394120318,3.0000676280890248,2.495376,1.443181,-3.9385569817769,5.6012794653031,0,1.9e-11
1.0004280178139504,0.0,0.0043534934138373,0.0000000000000000,-0.0002161281497901,0.0000000000000000,2.6119734394120320,3.0000676313943995,2.498000,1.442931,-3.9409308493941,5.6044415643459,0,2.8e-11
1.0004290196492591,0.0,0.0043533971190284,0.0000000000000000,-0.0002164015240547,0.0000000000000000,2.6120734394120317,3.0000676346995725,2.500624,1.442681,-3.9433054063114,5.6076033366519,0,1.4e-11
1.0004300188373998,0.0,0.0043533008261758,0.0000000000000000,-0.0002166739363756,0.0000000000000000,2.6121734394120320,3.0000676380045395,2.503250,1.442431,-3.9456807711748,5.6107648868241,0,1.8e-11
1.0004310153984055,0.0,0.0043532045352852,0.0000000000000000,-0.0002169453937679,0.0000000000000000,2.6122734394120317,3.0000676413093044,2.505876,1.442181,-3.9480569034827,5.6139261842485,0,1.4e-11
1.0004320093519921,0.0,0.0043531082463468,0.0000000000000000,-0.0002172159030884,0.0000000000000000,2.6123734394120319,3.0000676446138663,2.508504,1.441930,-3.9504338132609,5.6170872349163,0,1.3e-11
1.0004330007175088,0.0,0.0043530119594074,0.0000000000000000,-0.0002174854710666,0.0000000000000000,2.6124734394120317,3.0000676479182244,2.511131,1.441680,-3.9528114128872,5.6202479550603,0,5.5e-12
1.0004339895142842,0.0,0.0043529156744624,0.0000000000000000,-0.0002177541045111,0.0000000000000000,2.6125734394120319,3.0000676512223801,2.513760,1.441430,-3.9551898566908,5.6234084861244,0,3.8e-11
1.0004349757611268,0.0,0.0043528193915970,0.0000000000000000,-0.0002180218099693,0.0000000000000000,2.6126734394120317,3.0000676545263310,2.516390,1.441179,-3.9575689556878,5.6265686583274,0,3.8e-12
1.0004359594767709,0.0,0.0043527231107966,0.0000000000000000,-0.0002182885939622,0.0000000000000000,2.6127734394120319,3.0000676578300789,2.519020,1.440929,-3.9599489164869,5.6297286547752,0,3.4e-12
1.0004369406797857,0.0,0.0043526268320811,0.0000000000000000,-0.0002185544630108,0.0000000000000000,2.6128734394120317,3.0000676611336230,2.521651,1.440678,-3.9623296118635,5.6328883608211,0,7.3e-12
1.0004379193883357,0.0,0.0043525305554850,0.0000000000000000,-0.0002188194233949,0.0000000000000000,2.6129734394120319,3.0000676644369637,2.524283,1.440428,-3.9647110450246,5.6360477794632,0,1.4e-11
1.0004388956206001,0.0,0.0043524342810090,0.0000000000000000,-0.0002190834815593,0.0000000000000000,2.6130734394120321,3.0000676677401019,2.526916,1.440177,-3.9670933026971,5.6392069794529,0,8.2e-12
1.0004398693943122,0.0,0.0043523380087072,0.0000000000000000,-0.0002193466436584,0.0000000000000000,2.6131734394120318,3.0000676710430345,2.529550,1.439927,-3.9694762815315,5.6423658737246,0,3.4e-11
1.0004408407271281,0.0,0.0043522417385500,0.0000000000000000,-0.0002196089157673,0.0000000000000000,2.6132734394120321,3.0000676743457664,2.532184,1.439676,-3.9718600360993,5.6455245176080,0,3.7e-12
1.0004418096363703,0.0,0.0043521454706312,0.0000000000000000,-0.0002198703040972,0.0000000000000000,2.6133734394120318,3.0000676776482926,2.534819,1.439425,-3.9742445527500,5.6486828852111,0,1.9e-11
1.0004427761393586,0.0,0.0043520492049018,0.0000000000000000,-0.0002201308145967,0.0000000000000000,2.6134734394120320,3.0000676809506168,2.537455,1.439175,-3.9766297866799,5.6518409423946,0,3.4e-12
1.0004437402529667,0.0,0.0043519529414355,0.0000000000000000,-0.0002203904532022,0.0000000000000000,2.6135734394120318,3.0000676842527358,2.540092,1.438924,-3.9790158556887,5.6549987917216,0,3.2e-12
1.0004447019941021,0.0,0.0043518566802016,0.0000000000000000,-0.0002206492257813,0.0000000000000000,2.6136734394120320,3.0000676875546528,2.542730,1.438673,-3.9814026538958,5.6581563354469,0,4.0e-11
1.0004456613791912,0.0,0.0043517604213010,0.0000000000000000,-0.0002209071381985,0.0000000000000000,2.6137734394120318,3.0000676908563642,2.545368,1.438422,-3.9837902202901,5.6613136108302,0,1.4e-11
1.0004466184248013,0.0,0.0043516641646828,0.0000000000000000,-0.0002211641961234,0.0000000000000000,2.6138734394120320,3.0000676941578730,2.548007,1.438171,-3.9861785084879,5.6644705717625,0,8.4e-12
1.0004475731470064,0.0,0.0043515679104055,0.0000000000000000,-0.0002214204052185,0.0000000000000000,2.6139734394120318,3.0000676974591771,2.550648,1.437920,-3.9885676093425,5.6676273068075,0,3.9e-12
1.0004485255619833,0.0,0.0043514716584475,0.0000000000000000,-0.0002216757711357,0.0000000000000000,2.6140734394120320,3.0000677007602783,2.553288,1.437669,-3.9909574716177,5.6707837600019,0,1.9e-11
1.0004494756854316,0.0,0.0043513754088752,0.0000000000000000,-0.0002219302993769,0.0000000000000000,2.6141734394120317,3.0000677040611756,2.555930,1.437418,-3.9933480861831,5.6739399247276,0,7.4e-12
1.0004504235330898,0.0,0.0043512791616816,0.0000000000000000,-0.0002221839954523,0.0000000000000000,2.6142734394120319,3.0000677073618691,2.558573,1.437167,-3.9957394683662,5.6770958130183,0,3.9e-12
1.0004513691204300,0.0,0.0043511829168802,0.0000000000000000,-0.0002224368647562,0.0000000000000000,2.6143734394120317,3.0000677106623583,2.561216,1.436916,-3.9981316398208,5.6802514464237,0,1.2e-11
1.0004523124627200,0.0,0.0043510866745136,0.0000000000000000,-0.0002226889126601,0.0000000000000000,2.6144734394120319,3.0000677139626442,2.563860,1.436665,-4.0005245422827,5.6834067703934,0,2.9e-12
1.0004532535750845,0.0,0.0043509904345862,0.0000000000000000,-0.0002229401444197,0.0000000000000000,2.6145734394120317,3.0000677172627257,2.566505,1.436413,-4.0029182046163,5.6865618127481,0,7.4e-12
1.0004541924725341,0.0,0.0043508941971151,0.0000000000000000,-0.0002231905653150,0.0000000000000000,2.6146734394120319,3.0000677205626038,2.569151,1.436162,-4.0053126157157,5.6897165568652,0,6.3e-12
1.0004551291698418,0.0,0.0043507979621229,0.0000000000000000,-0.0002234401805272,0.0000000000000000,2.6147734394120317,3.0000677238622786,2.571797,1.435911,-4.0077078149527,5.6928710397279,0,4.8e-12
1.0004560636816535,0.0,0.0043507017296198,0.0000000000000000,-0.0002236889951694,0.0000000000000000,2.6148734394120319,3.0000677271617482,2.574444,1.435659,-4.0101037755372,5.6960252365964,0,8.5e-12
1.0004569960223255,0.0,0.0043506054996520,0.0000000000000000,-0.0002239370142361,0.0000000000000000,2.6149734394120321,3.0000677304610139,2.577093,1.435408,-4.0125004820606,5.6991791306147,0,1.0e-11
1.0004579262063329,0.0,0.0043505092721896,0.0000000000000000,-0.0002241842428438,0.0000000000000000,2.6150734394120319,3.0000677337600763,2.579741,1.435157,-4.0148979438773,5.7023327320427,0,1.5e-12
1.0004588542476969,0.0,0.0043504130472891,0.0000000000000000,-0.0002244306858834,0.0000000000000000,2.6151734394120321,3.0000677370589339,2.582391,1.434905,-4.0172962420024,5.7054861074645,0,5.8e-12
1.0004597801604551,0.0,0.0043503168249461,0.0000000000000000,-0.0002246763482749,0.0000000000000000,2.6152734394120318,3.0000677403575877,2.585042,1.434654,-4.0196952262244,5.7086391307869,0,3.0e-11
1.0004607039584448,0.0,0.0043502206052279,0.0000000000000000,-0.0002249212349090,0.0000000000000000,2.6153734394120320,3.0000677436560368,2.587693,1.434402,-4.0220949866128,5.7117918750520,0,5.0e-11
1.0004616256553109,0.0,0.0043501243880666,0.0000000000000000,-0.0002251653504412,0.0000000000000000,2.6154734394120318,3.0000677469542834,2.590345,1.434150,-4.0244955337627,5.7149443428655,0,7.2e-12
1.0004625452645812,0.0,0.0043500281735575,0.0000000000000000,-0.0002254086997725,0.0000000000000000,2.6155734394120320,3.0000677502523243,2.592998,1.433899,-4.0268967705269,5.7180964667000,0,1.5e-11
1.0004634627999343,0.0,0.0043499319616390,0.0000000000000000,-0.0002256512875490,0.0000000000000000,2.6156734394120318,3.0000677535501623,2.595652,1.433647,-4.0292988809924,5.7212483885646,0,4.8e-12
1.0004643782742741,0.0,0.0043498357523921,0.0000000000000000,-0.0002258931183945,0.0000000000000000,2.6157734394120320,3.0000677568477947,2.598307,1.433395,-4.0317016911456,5.7243999602591,0,3.7e-12
1.0004652917008829,0.0,0.0043497395458028,0.0000000000000000,-0.0002261341969167,0.0000000000000000,2.6158734394120318,3.0000677601452237,2.600962,1.433143,-4.0341052793160,5.7275512511332,0,1.3e-11
1.0004662030926115,0.0,0.0043496433419318,0.0000000000000000,-0.0002263745277363,0.0000000000000000,2.6159734394120320,3.0000677634424484,2.603618,1.432892,-4.0365096195480,5.7307022390357,0,1.2e-11
1.0004671124624296,0.0,0.0043495471407252,0.0000000000000000,-0.0002266141151496,0.0000000000000000,2.6160734394120317,3.0000677667394688,2.606275,1.432640,-4.0389147106341,5.7338529182984,0,5.1e-12
1.0004680198229585,0.0,0.0043494509422394,0.0000000000000000,-0.0002268529637630,0.0000000000000000,2.6161734394120320,3.0000677700362850,2.608933,1.432388,-4.0413205929372,5.7370033227420,0,8.2e-12
1.0004689251867922,0.0,0.0043493547464880,0.0000000000000000,-0.0002270910779899,0.0000000000000000,2.6162734394120317,3.0000677733328973,2.611592,1.432136,-4.0437271935135,5.7401533942185,0,1.1e-11
1.0004698285663423,0.0,0.0043492585534869,0.0000000000000000,-0.0002273284621568,0.0000000000000000,2.6163734394120319,3.0000677766293045,2.614251,1.431884,-4.0461345636408,5.7433031709776,0,1.1e-11
1.0004707299739570,0.0,0.0043491623632524,0.0000000000000000,-0.0002275651206049,0.0000000000000000,2.6164734394120317,3.0000677799255073,2.616911,1.431632,-4.0485427219102,5.7464526670119,0,1.8e-11
1.0004716294217575,0.0,0.0043490661757860,0.0000000000000000,-0.0002278010575544,0.0000000000000000,2.6165734394120319,3.0000677832215059,2.619572,1.431380,-4.0509516580724,5.7496018740257,0,3.3e-12
1.0004725269218626,0.0,0.0043489699911149,0.0000000000000000,-0.0002280362772895,0.0000000000000000,2.6166734394120317,3.0000677865172993,2.622234,1.431127,-4.0533613444295,5.7527507668940,0,1.1e-11
1.0004734224861609,0.0,0.0043488738092423,0.0000000000000000,-0.0002282707839596,0.0000000000000000,2.6167734394120319,3.0000677898128898,2.624897,1.430875,-4.0557718065710,5.7558993693105,0,2.4e-12
1.0004743161264380,0.0,0.0043487776302079,0.0000000000000000,-0.0002285045817122,0.0000000000000000,2.6168734394120317,3.0000677931082746,2.627560,1.430623,-4.0581829730442,5.7590476181880,0,2.0e-11
1.0004752078544381,0.0,0.0043486814539876,0.0000000000000000,-0.0002287376746478,0.0000000000000000,2.6169734394120319,3.0000677964034552,2.630224,1.430371,-4.0605949492677,5.7621955988696,0,5.9e-12
1.0004760976816516,0.0,0.0043485852806488,0.0000000000000000,-0.0002289700668644,0.0000000000000000,2.6170734394120321,3.0000677996984311,2.632889,1.430118,-4.0630076418241,5.7653432400455,0,2.7e-11
1.0004769856196787,0.0,0.0043484891101297,0.0000000000000000,-0.0002292017623416,0.0000000000000000,2.6171734394120318,3.0000678029932035,2.635555,1.429866,-4.0654211517328,5.7684906118062,0,5.3e-12
1.0004778716796714,0.0,0.0043483929425227,0.0000000000000000,-0.0002294327650668,0.0000000000000000,2.6172734394120321,3.0000678062877699,2.638222,1.429614,-4.0678353845402,5.7716376457353,0,2.0e-11
1.0004787558729664,0.0,0.0043482967777848,0.0000000000000000,-0.0002296630789577,0.0000000000000000,2.6173734394120318,3.0000678095821325,2.640889,1.429361,-4.0702503877515,5.7747843763145,0,2.1e-12
1.0004796382106267,0.0,0.0043482006159716,0.0000000000000000,-0.0002298927079740,0.0000000000000000,2.6174734394120320,3.0000678128762908,2.643558,1.429109,-4.0726661640089,5.7779308041062,0,8.7e-12
1.0004805187036812,0.0,0.0043481044570663,0.0000000000000000,-0.0002301216559275,0.0000000000000000,2.6175734394120318,3.0000678161702434,2.646227,1.428856,-4.0750827118546,5.7810769273684,0,1.9e-12
1.0004813973630136,0.0,0.0043480083011004,0.0000000000000000,-0.0002303499266903,0.0000000000000000,2.6176734394120320,3.0000678194639923,2.648897,1.428603,-4.0775000081780,5.7842227261120,0,8.3e-12
1.0004822741993928,0.0,0.0043479121480877,0.0000000000000000,-0.0002305775239813,0.0000000000000000,2.6177734394120318,3.0000678227575364,2.651567,1.428351,-4.0799180327658,5.7873681869485,0,4.4e-11
1.0004831492234603,0.0,0.0043478159980206,0.0000000000000000,-0.0002308044516007,0.0000000000000000,2.6178734394120320,3.0000678260508749,2.654239,1.428098,-4.0823368744189,5.7905133719744,0,1.4e-12
1.0004840224459786,0.0,0.0043477198509092,0.0000000000000000,-0.0002310307133152,0.0000000000000000,2.6179734394120318,3.0000678293440100,2.656911,1.427845,-4.0847564389841,5.7936582135154,0,1.2e-11
1.0004848938770348,0.0,0.0043476237068423,0.0000000000000000,-0.0002312563126460,0.0000000000000000,2.6180734394120320,3.0000678326369390,2.659584,1.427593,-4.0871768290935,5.7968027860642,0,1.6e-11
1.0004857635273330,0.0,0.0043475275657352,0.0000000000000000,-0.0002314812533486,0.0000000000000000,2.6181734394120317,3.0000678359296638,2.662258,1.427340,-4.0895978868591,5.7999469680747,0,7.9e-12
1.0004866314070846,0.0,0.0043474314276382,0.0000000000000000,-0.0002317055390721,0.0000000000000000,2.6182734394120319,3.0000678392221838,2.664933,1.427087,-4.0920197437220,5.8030908622205,0,1.1e-11
1.0004874975263638,0.0,0.0043473352925727,0.0000000000000000,-0.0002319291732680,0.0000000000000000,2.6183734394120317,3.0000678425144982,2.667608,1.426834,-4.0944423867079,5.8062344508183,0,2.2e-11
1.0004883618953118,0.0,0.0043472391605478,0.0000000000000000,-0.0002321521595781,0.0000000000000000,2.6184734394120319,3.0000678458066083,2.670285,1.426581,-4.0968657559685,5.8093776953827,0,9.2e-12
1.0004892245238308,0.0,0.0043471430315850,0.0000000000000000,-0.0002323745014474,0.0000000000000000,2.6185734394120317,3.0000678490985133,2.672962,1.426328,-4.0992899255526,5.8125206435902,0,6.5e-12
1.0004900854219083,0.0,0.0043470469056653,0.0000000000000000,-0.0002325962024173,0.0000000000000000,2.6186734394120319,3.0000678523902127,2.675640,1.426075,-4.1017148455883,5.8156632602994,0,2.0e-12
1.0004909445992607,0.0,0.0043469507828210,0.0000000000000000,-0.0002328172658578,0.0000000000000000,2.6187734394120317,3.0000678556817086,2.678318,1.425822,-4.1041405033664,5.8188055374969,0,1.8e-12
1.0004918020655702,0.0,0.0043468546630738,0.0000000000000000,-0.0002330376952168,0.0000000000000000,2.6188734394120319,3.0000678589729985,2.680998,1.425569,-4.1065669010642,5.8219474707008,0,1.0e-11
1.0004926578304785,0.0,0.0043467585464127,0.0000000000000000,-0.0002332574938857,0.0000000000000000,2.6189734394120321,3.0000678622640837,2.683678,1.425316,-4.1089941259667,5.8250891297551,0,9.2e-12
1.0004935119035494,0.0,0.0043466624328466,0.0000000000000000,-0.0002334766651433,0.0000000000000000,2.6190734394120319,3.0000678655549642,2.686359,1.425063,-4.1114220765743,5.8282304353805,0,7.0e-12
1.0004943642939974,0.0,0.0043465663224374,0.0000000000000000,-0.0002336952123595,0.0000000000000000,2.6191734394120321,3.0000678688456390,2.689041,1.424809,-4.1138508003309,5.8313714170185,0,4.4e-12
1.0004952150113582,0.0,0.0043464702151470,0.0000000000000000,-0.0002339131388123,0.0000000000000000,2.6192734394120318,3.0000678721361087,2.691724,1.424556,-4.1162802654579,5.8345120590219,0,1.7e-12
1.0004960640648373,0.0,0.0043463741110036,0.0000000000000000,-0.0002341304478181,0.0000000000000000,2.6193734394120320,3.0000678754263737,2.694408,1.424303,-4.1187105113109,5.8376523791468,0,1.1e-11
1.0004969114635227,0.0,0.0043462780100150,0.0000000000000000,-0.0002343471424070,0.0000000000000000,2.6194734394120318,3.0000678787164330,2.697092,1.424049,-4.1211415009277,5.8407923595770,0,5.6e-12
1.0004977572165852,0.0,0.0043461819121881,0.0000000000000000,-0.0002345632259557,0.0000000000000000,2.6195734394120320,3.0000678820062880,2.699777,1.423796,-4.1235732622213,5.8439320153460,0,1.1e-12
1.0004986013329762,0.0,0.0043460858175457,0.0000000000000000,-0.0002347787015860,0.0000000000000000,2.6196734394120318,3.0000678852959375,2.702463,1.423543,-4.1260057531736,5.8470713151060,0,2.9e-12
1.0004994438216055,0.0,0.0043459897260962,0.0000000000000000,-0.0002349935724212,0.0000000000000000,2.6197734394120320,3.0000678885853809,2.705150,1.423289,-4.1284390416056,5.8502103041095,0,6.5e-12
1.0005002846913145,0.0,0.0043458936378457,0.0000000000000000,-0.0002352078415733,0.0000000000000000,2.6198734394120318,3.0000678918746204,2.707838,1.423035,-4.1308731129228,5.8533489784737,0,4.2e-12
1.0005011239508113,0.0,0.0043457975528295,0.0000000000000000,-0.0002354215121269,0.0000000000000000,2.6199734394120320,3.0000678951636530,2.710526,1.422782,-4.1333078985389,5.8564872804892,0,4.1e-11
1.0005019616089132,0.0,0.0043457014709892,0.0000000000000000,-0.0002356345871494,0.0000000000000000,2.6200734394120317,3.0000678984524813,2.713215,1.422528,-4.1357434499379,5.8596252480760,0,1.2e-11
1.0005027976740444,0.0,0.0043456053924009,0.0000000000000000,-0.0002358470696197,0.0000000000000000,2.6201734394120320,3.0000679017411045,2.715905,1.422275,-4.1381797919644,5.8627628994540,0,6.3e-12
1.0005036321548046,0.0,0.0043455093170630,0.0000000000000000,-0.0002360589625940,0.0000000000000000,2.6202734394120317,3.0000679050295225,2.718596,1.422021,-4.1406168645474,5.8659001862684,0,1.9e-12
1.0005044650596098,0.0,0.0043454132449753,0.0000000000000000,-0.0002362702690161,0.0000000000000000,2.6203734394120319,3.0000679083177344,2.721288,1.421767,-4.1430546971098,5.8690371331601,0,7.0e-12
1.0005052963968284,0.0,0.0043453171761664,0.0000000000000000,-0.0002364809918629,0.0000000000000000,2.6204734394120317,3.0000679116057407,2.723980,1.421513,-4.1454933140636,5.8721737612682,0,1.3e-11
1.0005061261747530,0.0,0.0043452211106253,0.0000000000000000,-0.0002366911339954,0.0000000000000000,2.6205734394120319,3.0000679148935419,2.726673,1.421259,-4.1479326777834,5.8753100304544,0,1.3e-11
1.0005069544017209,0.0,0.0043451250483793,0.0000000000000000,-0.0002369006985014,0.0000000000000000,2.6206734394120317,3.0000679181811378,2.729367,1.421006,-4.1503727722289,5.8784459368020,0,9.8e-11
1.0005077810855534,0.0,0.0043450289893999,0.0000000000000000,-0.0002371096878091,0.0000000000000000,2.6207734394120319,3.0000679214685282,2.732062,1.420752,-4.1528136792722,5.8815815336531,0,3.4e-12
1.0005086062346322,0.0,0.0043449329337475,0.0000000000000000,-0.0002373181051986,0.0000000000000000,2.6208734394120317,3.0000679247557129,2.734758,1.420498,-4.1552553164093,5.8847167664686,0,3.3e-12
1.0005094298569197,0.0,0.0043448368813816,0.0000000000000000,-0.0002375259533449,0.0000000000000000,2.6209734394120319,3.0000679280426934,2.737454,1.420244,-4.1576977348782,5.8878516671912,0,3.3e-11
1.0005102519601550,0.0,0.0043447408324002,0.0000000000000000,-0.0002377332350360,0.0000000000000000,2.6210734394120321,3.0000679313294656,2.740151,1.419990,-4.1601408893914,5.8909862009099,0,2.7e-12
1.0005110725524560,0.0,0.0043446447867093,0.0000000000000000,-0.0002379399530835,0.0000000000000000,2.6211734394120318,3.0000679346160344,2.742849,1.419735,-4.1625848251692,5.8941204018302,0,1.6e-11
1.0005118916414188,0.0,0.0043445487443923,0.0000000000000000,-0.0002381461101554,0.0000000000000000,2.6212734394120321,3.0000679379023962,2.745548,1.419481,-4.1650295015957,5.8972542392719,0,2.1e-12
1.0005127092347594,0.0,0.0043444527054878,0.0000000000000000,-0.0002383517090438,0.0000000000000000,2.6213734394120318,3.0000679411885516,2.748248,1.419227,-4.1674749524834,5.9003877338059,0,1.1e-10
1.0005135253404882,0.0,0.0043443566698071,0.0000000000000000,-0.0002385567524261,0.0000000000000000,2.6214734394120320,3.0000679444745049,2.750948,1.418973,-4.1699211507670,5.9035208698109,0,1.5e-12
1.0005143399658107,0.0,0.0043442606375723,0.0000000000000000,-0.0002387612429964,0.0000000000000000,2.6215734394120318,3.0000679477602503,2.753650,1.418719,-4.1723681277913,5.9066536681322,0,4.9e-12
1.0005151531184024,0.0,0.0043441646087225,0.0000000000000000,-0.0002389651834010,0.0000000000000000,2.6216734394120320,3.0000679510457897,2.756352,1.418464,-4.1748158507730,5.9097860980436,0,3.0e-12
1.0005159648057727,0.0,0.0043440685832592,0.0000000000000000,-0.0002391685763210,0.0000000000000000,2.6217734394120318,3.0000679543311235,2.759055,1.418210,-4.1772643219782,5.9129181670923,0,1.3e-11
1.0005167750351762,0.0,0.0043439725612089,0.0000000000000000,-0.0002393714242377,0.0000000000000000,2.6218734394120320,3.0000679576162517,2.761758,1.417955,-4.1797135916999,5.9160499086395,0,2.1e-12
1.0005175838140794,0.0,0.0043438765425690,0.0000000000000000,-0.0002395737298647,0.0000000000000000,2.6219734394120318,3.0000679609011747,2.764463,1.417701,-4.1821635781486,5.9191812582608,0,2.8e-12
1.0005183911497697,0.0,0.0043437805273424,0.0000000000000000,-0.0002397754957507,0.0000000000000000,2.6220734394120320,3.0000679641858912,2.767168,1.417446,-4.1846143564476,5.9223122773098,0,6.2e-12
1.0005191970493956,0.0,0.0043436845155556,0.0000000000000000,-0.0002399767244090,0.0000000000000000,2.6221734394120317,3.0000679674704016,2.769874,1.417192,-4.1870658789467,5.9254429265606,0,5.1e-12
1.0005200015201587,0.0,0.0043435885072079,0.0000000000000000,-0.0002401774183884,0.0000000000000000,2.6222734394120319,3.0000679707547064,2.772581,1.416937,-4.1895181439270,5.9285732037278,0,7.2e-12
1.0005208045691365,0.0,0.0043434925023015,0.0000000000000000,-0.0002403775801708,0.0000000000000000,2.6223734394120317,3.0000679740388057,2.775289,1.416683,-4.1919712110688,5.9317031459167,0,8.9e-12
1.0005216062033839,0.0,0.0043433965008625,0.0000000000000000,-0.0002405772122880,0.0000000000000000,2.6224734394120319,3.0000679773226984,2.777997,1.416428,-4.1944249996751,5.9348327003325,0,6.0e-12
1.0005224064298850,0.0,0.0043433005028769,0.0000000000000000,-0.0002407763171615,0.0000000000000000,2.6225734394120317,3.0000679806063855,2.780706,1.416173,-4.1968795824919,5.9379619158788,0,8.5e-12
1.0005232052555646,0.0,0.0043432045083562,0.0000000000000000,-0.0002409748972253,0.0000000000000000,2.6226734394120319,3.0000679838898670,2.783416,1.415918,-4.1993349019464,5.9410907524691,0,2.7e-11
1.0005240026872746,0.0,0.0043431085173592,0.0000000000000000,-0.0002411729550442,0.0000000000000000,2.6227734394120317,3.0000679871731410,2.786127,1.415664,-4.2017909745756,5.9442192201227,0,3.9e-11
1.0005247987317754,0.0,0.0043430125298193,0.0000000000000000,-0.0002413704927690,0.0000000000000000,2.6228734394120319,3.0000679904562100,2.788839,1.415409,-4.2042478230251,5.9473473317616,0,3.8e-12
1.0005255933959094,0.0,0.0043429165457909,0.0000000000000000,-0.0002415675129838,0.0000000000000000,2.6229734394120321,3.0000679937390733,2.791552,1.415154,-4.2067054285733,5.9504750752166,0,7.0e-12
1.0005263866863037,0.0,0.0043428205652737,0.0000000000000000,-0.0002417640179626,0.0000000000000000,2.6230734394120319,3.0000679970217301,2.794265,1.414899,-4.2091637776402,5.9536024378319,0,4.5e-12
1.0005271786096783,0.0,0.0043427245882677,0.0000000000000000,-0.0002419600101229,0.0000000000000000,2.6231734394120321,3.0000680003041804,2.796979,1.414644,-4.2116229002641,5.9567294442068,0,1.3e-11
1.0005279691725872,0.0,0.0043426286147724,0.0000000000000000,-0.0002421554917343,0.0000000000000000,2.6232734394120318,3.0000680035864260,2.799694,1.414389,-4.2140827750509,5.9598560740703,0,1.2e-11
1.0005287583815214,0.0,0.0043425326448321,0.0000000000000000,-0.0002423504651265,0.0000000000000000,2.6233734394120320,3.0000680068684642,2.802409,1.414134,-4.2165434084523,5.9629823309179,0,8.8e-12
1.0005295462430106,0.0,0.0043424366784313,0.0000000000000000,-0.0002425449325927,0.0000000000000000,2.6234734394120318,3.0000680101502959,2.805126,1.413879,-4.2190048108150,5.9661082225091,0,2.7e-12
1.0005303327634862,0.0,0.0043423407155801,0.0000000000000000,-0.0002427388964173,0.0000000000000000,2.6235734394120320,3.0000680134319220,2.807843,1.413624,-4.2214669825520,5.9692337489535,0,2.4e-12
1.0005311179493144,0.0,0.0043422447562864,0.0000000000000000,-0.0002429323588240,0.0000000000000000,2.6236734394120318,3.0000680167133420,2.810561,1.413368,-4.2239298921306,5.9723588868738,0,7.4e-12
1.0005319018067698,0.0,0.0043421488005709,0.0000000000000000,-0.0002431253220568,0.0000000000000000,2.6237734394120320,3.0000680199945546,2.813280,1.413113,-4.2263935475238,5.9754836407829,0,1.1e-11
1.0005326843423372,0.0,0.0043420528483974,0.0000000000000000,-0.0002433177884015,0.0000000000000000,2.6238734394120318,3.0000680232755625,2.816000,1.412858,-4.2288579936267,5.9786080362098,0,5.5e-12
1.0005334655620512,0.0,0.0043419568998195,0.0000000000000000,-0.0002435097599930,0.0000000000000000,2.6239734394120320,3.0000680265563640,2.818721,1.412603,-4.2313231858778,5.9817320502508,0,1.1e-12
1.0005342454721342,0.0,0.0043418609548370,0.0000000000000000,-0.0002437012390323,0.0000000000000000,2.6240734394120317,3.0000680298369575,2.821442,1.412347,-4.2337891383281,5.9848556828884,0,4.4e-12
1.0005350240787285,0.0,0.0043417650134390,0.0000000000000000,-0.0002438922276362,0.0000000000000000,2.6241734394120320,3.0000680331173464,2.824164,1.412092,-4.2362558519044,5.9879789365621,0,1.7e-11
1.0005358013879158,0.0,0.0043416690756657,0.0000000000000000,-0.0002440827280872,0.0000000000000000,2.6242734394120317,3.0000680363975283,2.826887,1.411836,-4.2387233105239,5.9911018060324,0,1.8e-12
1.0005365774057269,0.0,0.0043415731414952,0.0000000000000000,-0.0002442727423892,0.0000000000000000,2.6243734394120319,3.0000680396775028,2.829611,1.411581,-4.2411915402878,5.9942243007120,0,3.9e-12
1.0005373521381753,0.0,0.0043414772109452,0.0000000000000000,-0.0002444622727351,0.0000000000000000,2.6244734394120317,3.0000680429572730,2.832335,1.411325,-4.2436605250040,5.9973464065539,0,2.1e-12
1.0005381255911154,0.0,0.0043413812840478,0.0000000000000000,-0.0002446513213056,0.0000000000000000,2.6245734394120319,3.0000680462368337,2.835061,1.411070,-4.2461302621838,6.0004681277263,0,1.9e-11
1.0005388977706624,0.0,0.0043412853607357,0.0000000000000000,-0.0002448398898797,0.0000000000000000,2.6246734394120317,3.0000680495161904,2.837787,1.410814,-4.2486007791261,6.0035894774383,0,8.0e-12
1.0005396686824293,0.0,0.0043411894410989,0.0000000000000000,-0.0002450279808541,0.0000000000000000,2.6247734394120319,3.0000680527953394,2.840514,1.410558,-4.2510720265753,6.0067104236310,0,1.7e-11
1.0005404383323095,0.0,0.0043410935251003,0.0000000000000000,-0.0002452155960974,0.0000000000000000,2.6248734394120317,3.0000680560742823,2.843241,1.410303,-4.2535440434992,6.0098309902520,0,1.7e-12
1.0005412067255393,0.0,0.0043409976169213,0.0000000000000000,-0.0002454027464892,0.0000000000000000,2.6249734394120319,3.0000680593528961,2.846027,1.410047,-4.2560462099047,6.0129690507776,1,3.7e-11
1.0005781404686431,0.0,0.0043362068089008,0.0000000000000000,-0.0002541969059876,0.0000000000000000,2.6299734394120318,3.0000682230257762,2.983399,1.397204,-4.3806117681483,6.1684381264990,1,1.6e-11
1.0006125306283693,0.0,0.0043314259124398,0.0000000000000000,-0.0002620187679581,0.0000000000000000,2.6349734394120317,3.0000683861788082,3.122853,1.384254,-4.5071109719457,6.3228316967881,1,4.0e-11
1.0006448089436717,0.0,0.0043266554972800,0.0000000000000000,-0.0002690221068945,0.0000000000000000,2.6399734394120316,3.0000685488086836,3.264293,1.371197,-4.6354908953544,6.4759915579296,1,1.8e-11
1.0006752962464234,0.0,0.0043218960087328,0.0000000000000000,-0.0002753217417846,0.0000000000000000,2.6449734394120314,3.0000687109119317,3.407715,1.358034,-4.7657466182727,6.6277867632055,1,2.0e-11
1.0007042386216185,0.0,0.0043171477970529,0.0000000000000000,-0.0002810060334922,0.0000000000000000,2.6499734394120313,3.0000688724853251,3.553086,1.344767,-4.8978561515811,6.7780819310954,1,3.8e-11
1.0007318297492802,0.0,0.0043124111592261,0.0000000000000000,-0.0002861447878103,0.0000000000000000,2.6549734394120317,3.0000690335254343,3.700440,1.331395,-5.0318345017614,6.9267458093544,1,2.0e-11
1.0007582253375447,0.0,0.0043076863520708,0.0000000000000000,-0.0002907943445179,0.0000000000000000,2.6599734394120316,3.0000691940287476,3.849736,1.317919,-5.1676547664732,7.0736405941056,1,2.1e-11
1.0007835527596456,0.0,0.0043029735963740,0.0000000000000000,-0.0002950009000956,0.0000000000000000,2.6649734394120319,3.0000693539918801,4.000966,1.304341,-5.3053084755928,7.2186293998756,1,1.2e-12
1.0008079178131937,0.0,0.0042982730937593,0.0000000000000000,-0.0002988029620355,0.0000000000000000,2.6699734394120318,3.0000695134113093,4.154122,1.290662,-5.4447857461963,7.3615741931142,1,8.4e-12
1.0008314095058524,0.0,0.0042935850224308,0.0000000000000000,-0.0003022330043817,0.0000000000000000,2.6749734394120317,3.0000696722836624,4.309199,1.276881,-5.5860798582084,7.5023340006510,1,8.2e-12
1.0008541035638274,0.0,0.0042889095537999,0.0000000000000000,-0.0003053187648501,0.0000000000000000,2.6799734394120316,3.0000698306053288,4.466166,1.263000,-5.7291671376410,7.6407709736047,1,1.5e-11
1.0008760650562210,0.0,0.0042842468400364,0.0000000000000000,-0.0003080841002597,0.0000000000000000,2.6849734394120315,3.0000699883729500,4.625020,1.249019,-5.8740401821676,7.7767420055487,1,1.3e-12
1.0008973503804939,0.0,0.0042795970310683,0.0000000000000000,-0.0003105497794974,0.0000000000000000,2.6899734394120314,3.0000701455829422,4.785742,1.234940,-6.0206821706089,7.9101057769856,1,1.0e-11
1.0009180087991567,0.0,0.0042749602668086,0.0000000000000000,-0.0003127339813940,0.0000000000000000,2.6949734394120313,3.0000703022318014,4.948314,1.220764,-6.1690771196769,8.0407197370815,1,8.1e-12
1.0009380836483885,0.0,0.0042703366809282,0.0000000000000000,-0.0003146527458054,0.0000000000000000,2.6999734394120316,3.0000704583160229,5.112717,1.206490,-6.3192066416839,8.1684417367228,1,3.2e-12
1.0009576132780282,0.0,0.0042657264005290,0.0000000000000000,-0.0003163202958146,0.0000000000000000,2.7049734394120315,3.0000706138321402,5.278936,1.192120,-6.4710562906297,8.2931260225320,1,7.6e-12
1.0009766318364031,0.0,0.0042611295525432,0.0000000000000000,-0.0003177493484970,0.0000000000000000,2.7099734394120318,3.0000707687765646,5.446953,1.177654,-6.6246075342560,8.4146284130440,1,8.7e-12
1.0009951698766970,0.0,0.0042565462554591,0.0000000000000000,-0.0003189513029228,0.0000000000000000,2.7149734394120317,3.0000709231458460,5.616745,1.163094,-6.7798395794509,8.5328051286020,1,1.7e-12
1.0010132548696988,0.0,0.0042519766276541,0.0000000000000000,-0.0003199364454432,0.0000000000000000,2.7199734394120316,3.0000710769364431,5.788293,1.148441,-6.9367333492781,8.6475105685441,1,7.4e-12
1.0010309116225586,0.0,0.0042474207841632,0.0000000000000000,-0.0003207140915649,0.0000000000000000,2.7249734394120315,3.0000712301448349,5.961573,1.133694,-7.0952672968932,8.7585999313313,1,4.2e-12
1.0010481626282173,0.0,0.0042428788360336,0.0000000000000000,-0.0003212927157606,0.0000000000000000,2.7299734394120314,3.0000713827675454,6.136565,1.118855,-7.2554201068589,8.8659274541145,1,3.6e-13
1.0010650283546683,0.0,0.0042383508938950,0.0000000000000000,-0.0003216800533821,0.0000000000000000,2.7349734394120313,3.0000715348010525,6.313244,1.103925,-7.4171690500897,8.9693477315978,1,7.6e-12
1.0010815274955804,0.0,0.0042338370680663,0.0000000000000000,-0.0003218832052242,0.0000000000000000,2.7399734394120316,3.0000716862417893,6.491586,1.088904,-7.5804901746315,9.0687160701233,1,3.4e-11
1.0010976771703157,0.0,0.0042293374590467,0.0000000000000000,-0.0003219086664999,0.0000000000000000,2.7449734394120315,3.0000718370864288,6.671565,1.073794,-7.7453591567137,9.1638864687256,1,2.1e-12
1.0011134931184615,0.0,0.0042248521762527,0.0000000000000000,-0.0003217624702501,0.0000000000000000,2.7499734394120319,3.0000719873313471,6.853156,1.058595,-7.9117506933241,9.2547144327717,1,4.4e-12
1.0011289898362550,0.0,0.0042203813214836,0.0000000000000000,-0.0003214501691958,0.0000000000000000,2.7549734394120318,3.0000721369731020,7.036332,1.043307,-8.0796387626312,9.3410547431101,1,1.4e-12
1.0011441807190751,0.0,0.0042159249961340,0.0000000000000000,-0.0003209769219393,0.0000000000000000,2.7599734394120317,3.0000722860082347,7.221063,1.027932,-8.2489954340203,9.4227641312188,1,6.0e-12
1.0011590781723159,0.0,0.0042114833014277,0.0000000000000000,-0.0003203475282714,0.0000000000000000,2.7649734394120316,3.0000724344332599,7.407321,1.012471,-8.4197924224323,9.4996992651595,1,5.5e-12
1.0011736937105071,0.0,0.0042070563358745,0.0000000000000000,-0.0003195664556355,0.0000000000000000,2.7699734394120314,3.0000725822447492,7.595078,0.996924,-8.5920015952245,9.5717156560018,1,2.9e-13
1.0011880380478588,0.0,0.0042026441982663,0.0000000000000000,-0.0003186378873040,0.0000000000000000,2.7749734394120313,3.0000727294392417,7.784300,0.981292,-8.7655920476651,9.6386723620017,1,2.1e-12
1.0012021211708644,0.0,0.0041982469854538,0.0000000000000000,-0.0003175657343775,0.0000000000000000,2.7799734394120317,3.0000728760133133,7.974957,0.965576,-8.9405328801875,9.7004278938333,1,1.3e-12
1.0012159524080944,0.0,0.0041938647935948,0.0000000000000000,-0.0003163536717633,0.0000000000000000,2.7849734394120316,3.0000730219635408,8.167016,0.949777,-9.1167922997619,9.7568415948834,1,9.1e-13
1.0012295404876483,0.0,0.0041894977177774,0.0000000000000000,-0.0003150051496977,0.0000000000000000,2.7899734394120319,3.0000731672865188,8.360443,0.933895,-9.2943373631490,9.8077741627318,1,1.7e-12
1.0012428935932349,0.0,0.0041851458523636,0.0000000000000000,-0.0003135234254265,0.0000000000000000,2.7949734394120318,3.0000733119788454,8.555203,0.917931,-9.4731339795078,9.8530878244611,1,1.9e-12
1.0012560194078901,0.0,0.0041808092905455,0.0000000000000000,-0.0003119115691163,0.0000000000000000,2.7999734394120317,3.0000734560371414,8.751261,0.901887,-9.6531477840578,9.8926448307194,1,3.5e-12
1.0012689251572873,0.0,0.0041764881260882,0.0000000000000000,-0.0003101724862341,0.0000000000000000,2.8049734394120316,3.0000735994579983,8.948581,0.885762,-9.8343426506849,9.9263105343503,1,3.0e-11
1.0012816176480008,0.0,0.0041721824472027,0.0000000000000000,-0.0003083089242005,0.0000000000000000,2.8099734394120315,3.0000737422381585,9.147125,0.869557,-10.0166819307263,9.9539499812555,1,1.5e-12
1.0012941032990419,0.0,0.0041678923481463,0.0000000000000000,-0.0003063234952060,0.0000000000000000,2.8149734394120314,3.0000738843741805,9.346853,0.853274,-10.2001278730765,9.9754314733142,1,1.7e-12
1.0013063881735782,0.0,0.0041636179176834,0.0000000000000000,-0.0003042186754386,0.0000000000000000,2.8199734394120313,3.0000740258627729,9.547728,0.836914,-10.3846417738944,9.9906239794961,1,3.2e-12
1.0013184780063895,0.0,0.0041593592453175,0.0000000000000000,-0.0003019968244221,0.0000000000000000,2.8249734394120316,3.0000741667006152,9.749708,0.820476,-10.5701838688905,9.9993988895590,1,1.7e-12
1.0013303782275766,0.0,0.0041551164192306,0.0000000000000000,-0.0002996601870248,0.0000000000000000,2.8299734394120315,3.0000743068844180,9.952752,0.803961,-10.7567137231220,10.0016286976691,1,3.0e-13
1.0013420939857003,0.0,0.0041508895272564,0.0000000000000000,-0.0002972109072169,0.0000000000000000,2.8349734394120318,3.0000744464108973,10.156818,0.787372,-10.9441895097927,9.9971888579238,1,6.4e-12
1.0013536301679000,0.0,0.0041466786566282,0.0000000000000000,-0.0002946510338476,0.0000000000000000,2.8399734394120317,3.0000745852767814,10.361862,0.770707,-11.1325686221103,9.9859567131492,1,3.5e-12
1.0013649914175149,0.0,0.0041424838934283,0.0000000000000000,-0.0002919825238490,0.0000000000000000,2.8449734394120316,3.0000747234788254,10.567840,0.753968,-11.3218075499004,9.9678115878664,1,4.8e-12
1.0013761821515326,0.0,0.0041383053231030,0.0000000000000000,-0.0002892072517190,0.0000000000000000,2.8499734394120315,3.0000748610137999,10.774706,0.737156,-11.5118618378264,9.9426349954660,1,1.3e-12
1.0013872065762586,0.0,0.0041341430305188,0.0000000000000000,-0.0002863270154577,0.0000000000000000,2.8549734394120314,3.0000749978784880,10.982415,0.720271,-11.7026858022649,9.9103117157454,1,4.6e-13
1.0013980687009338,0.0,0.0041299970997077,0.0000000000000000,-0.0002833435406288,0.0000000000000000,2.8599734394120313,3.0000751340696947,11.190919,0.703314,-11.8942330309574,9.8707285185770,1,3.1e-13
1.0014087723500547,0.0,0.0041258676140423,0.0000000000000000,-0.0002802584839107,0.0000000000000000,2.8649734394120316,3.0000752695842414,11.400170,0.686286,-12.0864559481422,9.8237752715767,1,1.1e-12
1.0014193211750237,0.0,0.0041217546559837,0.0000000000000000,-0.0002770734371022,0.0000000000000000,2.8699734394120315,3.0000754044189719,11.610119,0.669187,-12.2793061085866,9.7693443392239,1,2.0e-11
1.0014297186703969,0.0,0.0041176583081042,0.0000000000000000,-0.0002737899432343,0.0000000000000000,2.8749734394120319,3.0000755385707301,11.820715,0.652019,-12.4727339274798,9.7073321131859,1,4.4e-12
1.0014399681715576,0.0,0.0041135786509228,0.0000000000000000,-0.0002704094723002,0.0000000000000000,2.8799734394120318,3.0000756720364099,12.031908,0.634782,-12.6666893624965,9.6376357142013,1,2.6e-13
1.0014500728766551,0.0,0.0041095157651900,0.0000000000000000,-0.0002669334537223,0.0000000000000000,2.8849734394120317,3.0000758048129046,12.243645,0.617476,-12.8611208089484,9.5601577392992,1,1.0e-12
1.0014600358484325,0.0,0.0041054697306657,0.0000000000000000,-0.0002633632639216,0.0000000000000000,2.8899734394120316,3.0000759368971299,12.455873,0.600103,-13.0559758118300,9.4748034980815,1,1.1e-12
1.0014698600240024,0.0,0.0041014406264013,0.0000000000000000,-0.0002597002338042,0.0000000000000000,2.8949734394120314,3.0000760682860252,12.668539,0.582662,-13.2512012823273,9.3814810147103,1,2.1e-12
1.0014795482209706,0.0,0.0040974285309241,0.0000000000000000,-0.0002559456500350,0.0000000000000000,2.8999734394120313,3.0000761989765423,12.881587,0.565156,-13.4467427739553,9.2801027434009,1,9.3e-13
1.0014891031456683,0.0,0.0040934335216283,0.0000000000000000,-0.0002521007568982,0.0000000000000000,2.9049734394120317,3.0000763289656676,13.094962,0.547583,-13.6425452549519,9.1705840397568,1,8.7e-13
1.0014985273979944,0.0,0.0040894556756468,0.0000000000000000,-0.0002481667615323,0.0000000000000000,2.9099734394120316,3.0000764582503936,13.308606,0.529946,-13.8385524630148,9.0528445355002,1,2.4e-12
1.0015078234784813,0.0,0.0040854950691054,0.0000000000000000,-0.0002441448323799,0.0000000000000000,2.9149734394120319,3.0000765868277441,13.522463,0.512245,-14.0347073158156,8.9268076671650,1,1.0e-12
1.0015169937926143,0.0,0.0040815517775929,0.0000000000000000,-0.0002400361037329,0.0000000000000000,2.9199734394120318,3.0000767146947571,13.736472,0.494479,-14.2309517531736,8.7924007768376,1,2.8e-12
1.0015260406564128,0.0,0.0040776258756214,0.0000000000000000,-0.0002358416756889,0.0000000000000000,2.9249734394120317,3.0000768418485033,13.950576,0.476651,-14.4272268748948,8.6495551409667,1,2.9e-13
1.0015349663012121,0.0,0.0040737174373799,0.0000000000000000,-0.0002315626179363,0.0000000000000000,2.9299734394120316,3.0000769682860642,14.164713,0.458760,-14.6234727313857,8.4982066888503,1,2.1e-12
1.0015437728780061,0.0,0.0040698265362178,0.0000000000000000,-0.0002271999702319,0.0000000000000000,2.9349734394120315,3.0000770940045469,14.378821,0.440808,-14.8196285156100,8.3382955118865,1,3.0e-13
1.0015524624610370,0.0,0.0040659532445539,0.0000000000000000,-0.0002227547427360,0.0000000000000000,2.9399734394120314,3.0000772190010845,14.592839,0.422794,-15.0156326010805,8.1697658127412,1,2.6e-12
1.0015610370526977,0.0,0.0040620976344738,0.0000000000000000,-0.0002182279209369,0.0000000000000000,2.9449734394120313,3.0000773432728240,14.806702,0.404720,-15.2114222819451,7.9925670617756,1,3.2e-12
1.0015694985858252,0.0,0.0040582597767622,0.0000000000000000,-0.0002136204620034,0.0000000000000000,2.9499734394120316,3.0000774668169501,15.020348,0.386586,-15.4069340934012,7.8066527602324,1,9.1e-13
1.0015778489279825,0.0,0.0040544397418445,0.0000000000000000,-0.0002089332998030,0.0000000000000000,2.9549734394120315,3.0000775896306591,15.233711,0.368392,-15.6021037121729,7.6119814199338,1,1.0e-12
1.0015860898844038,0.0,0.0040506375993272,0.0000000000000000,-0.0002041673450513,0.0000000000000000,2.9599734394120318,3.0000777117111737,15.446726,0.350140,-15.7968658951457,7.4085164191771,1,2.2e-12
1.0015942232010409,0.0,0.0040468534182414,0.0000000000000000,-0.0001993234872875,0.0000000000000000,2.9649734394120317,3.0000778330557352,15.659325,0.331830,-15.9911544410216,7.1962266182598,1,2.3e-12
1.0016022505667108,0.0,0.0040430872662946,0.0000000000000000,-0.0001944025917848,0.0000000000000000,2.9699734394120316,3.0000779536616244,15.871441,0.313461,-16.1849025186415,6.9750850905832,1,3.2e-13
1.0016101736168157,0.0,0.0040393392110152,0.0000000000000000,-0.0001894055066088,0.0000000000000000,2.9749734394120315,3.0000780735261303,16.083006,0.295036,-16.3780422490895,6.7450710067443,1,1.5e-12
1.0016179939348000,0.0,0.0040356093188973,0.0000000000000000,-0.0001843330589621,0.0000000000000000,2.9799734394120314,3.0000781926465732,16.293950,0.276555,-16.5705050565002,6.5061684249265,1,2.6e-13
1.0016257130551829,0.0,0.0040318976556961,0.0000000000000000,-0.0001791860579853,0.0000000000000000,2.9849734394120313,3.0000783110202973,16.504204,0.258017,-16.7622215459901,6.2583667860100,1,2.4e-12
1.0016333324652809,0.0,0.0040282042863968,0.0000000000000000,-0.0001739652950247,0.0000000000000000,2.9899734394120316,3.0000784286446716,16.713697,0.239424,-16.9531214896606,6.0016613465506,1,5.5e-13
1.0016408536074703,0.0,0.0040245292752108,0.0000000000000000,-0.0001686715443476,0.0000000000000000,2.9949734394120315,3.0000785455170895,16.922358,0.220776,-17.1431339133193,5.7360527090539,1,3.3e-13
1.0016482778812139,0.0,0.0040208726855202,0.0000000000000000,-0.0001633055641251,0.0000000000000000,2.9999734394120319,3.0000786616349711,17.130113,0.202074,-17.3321870073653,5.4615475586488,1,3.2e-13
1.0016556066448188,0.0,0.0040172345799963,0.0000000000000000,-0.0001578680971285,0.0000000000000000,3.0049734394120318,3.0000787769957600,17.336891,0.183318,-17.5202082173011,5.1781584302502,1,2.8e-12
1.0016628412171058,0.0,0.0040136150204631,0.0000000000000000,-0.0001523598710148,0.0000000000000000,3.0099734394120317,3.0000788915969268,17.542616,0.164508,-17.7071243651707,4.8859033448327,1,5.0e-12
1.0016699828790876,0.0,0.0040100140677538,0.0000000000000000,-0.0001467815981649,0.0000000000000000,3.0149734394120316,3.0000790054359716,17.747216,0.145646,-17.8928614695611,4.5848065953689,1,1.2e-12
1.0016770328758859,0.0,0.0040064317823241,0.0000000000000000,-0.0001411339794529,0.0000000000000000,3.0199734394120314,3.0000791185104121,17.950614,0.126731,-18.0773447776272,4.2748991332885,1,1.1e-12
1.0016839924175764,0.0,0.0040028682234942,0.0000000000000000,-0.0001354177006315,0.0000000000000000,3.0249734394120313,3.0000792308177964,18.152735,0.107764,-18.2604989376379,3.9562175118019,1,9.5e-13
1.0016908626811551,0.0,0.0039993234498326,0.0000000000000000,-0.0001296334355697,0.0000000000000000,3.0299734394120317,3.0000793423557028,18.353502,0.088746,-18.4422479626810,3.6288047658566,1,8.8e-13
1.0016976448115058,0.0,0.0039957975190915,0.0000000000000000,-0.0001237818454944,0.0000000000000000,3.0349734394120316,3.0000794531217307,18.552838,0.069677,-18.6225150683509,3.2927106623550,1,4.1e-14
1.0017043399228973,0.0,0.0039922904882364,0.0000000000000000,-0.0001178635802838,0.0000000000000000,3.0399734394120319,3.0000795631135087,18.750665,0.050558,-18.8012230061349,2.9479910491045,1,1.1e-12
1.0017109491001472,0.0,0.0039888024133115,0.0000000000000000,-0.0001118792783543,0.0000000000000000,3.0449734394120318,3.0000796723286940,18.946906,0.031388,-18.9782937840294,2.5947088038750,1,1.7e-12
1.0017174733995031,0.0,0.0039853333497125,0.0000000000000000,-0.0001058295671437,0.0000000000000000,3.0499734394120317,3.0000797807649651,19.141480,0.012169,-19.1536489111001,2.2329332153876,1,6.2e-13
1.0017239138502076,0.0,0.0039818833517301,0.0000000000000000,-0.0000997150637318,0.0000000000000000,3.0549734394120316,3.0000798884200361,19.334309,-0.007099,-19.3272092761912,1.8627404227489,1,2.5e-13
1.0017302714550793,0.0,0.0039784524729752,0.0000000000000000,-0.0000935363748723,0.0000000000000000,3.0599734394120315,3.0000799952916419,19.525312,-0.026416,-19.4988952144908,1.4842135731424,1,8.7e-13
1.0017365471918147,0.0,0.0039750407662078,0.0000000000000000,-0.0000872940979651,0.0000000000000000,3.0649734394120314,3.0000801013775482,19.714408,-0.045782,-19.6686265424327,1.0974426817360,1,1.6e-12
1.0017427420137190,0.0,0.0039716482832502,0.0000000000000000,-0.0000809888205977,0.0000000000000000,3.0699734394120313,3.0000802066755479,19.901517,-0.065195,-19.8363225994094,0.7025246848591,1,2.7e-13
1.0017488568505906,0.0,0.0039682750751622,0.0000000000000000,-0.0000746211212832,0.0000000000000000,3.0749734394120316,3.0000803111834609,20.086558,-0.084655,-20.0019022132710,0.2995638083614,1,3.1e-13
1.0017548926098998,0.0,0.0039649211920647,0.0000000000000000,-0.0000681915701179,0.0000000000000000,3.0799734394120315,3.0000804148991356,20.269447,-0.104163,-20.1652837363067,-0.1113285101148,1,4.9e-13
1.0017608501772508,0.0,0.0039615866832463,0.0000000000000000,-0.0000617007286310,0.0000000000000000,3.0849734394120318,3.0000805178204506,20.450103,-0.123717,-20.3263851211710,-0.5300336736282,1,5.2e-14
1.0017667304172000,0.0,0.0039582715971234,0.0000000000000000,-0.0000551491499316,0.0000000000000000,3.0899734394120317,3.0000806199453098,20.628442,-0.143318,-20.4851238973347,-0.9564256908411,1,1.1e-12
1.0017725341740551,0.0,0.0039549759811397,0.0000000000000000,-0.0000485373789924,0.0000000000000000,3.0949734394120316,3.0000807212716478,20.804382,-0.162964,-20.6414172361087,-1.3903712858507,1,2.5e-13
1.0017782622728042,0.0,0.0039516998820073,0.0000000000000000,-0.0000418659539356,0.0000000000000000,3.0999734394120315,3.0000808217974271,20.977838,-0.182656,-20.7951819207200,-1.8317295150100,1,3.1e-13
1.0017839155193844,0.0,0.0039484433454780,0.0000000000000000,-0.0000351354048786,0.0000000000000000,3.1049734394120314,3.0000809215206381,21.148727,-0.202393,-20.9463343531456,-2.2803517179744,1,2.6e-13
1.0017894947015766,0.0,0.0039452064163734,0.0000000000000000,-0.0000283462547236,0.0000000000000000,3.1099734394120313,3.0000810204393025,21.316965,-0.222174,-21.0947907596251,-2.7360821119413,1,7.3e-13
1.0017950005896132,0.0,0.0039419891387203,0.0000000000000000,-0.0000214990197837,0.0000000000000000,3.1149734394120316,3.0000811185514671,21.482467,-0.242000,-21.2404669689384,-3.1987567245976,1,5.4e-13
1.0018004339367015,0.0,0.0039387915555098,0.0000000000000000,-0.0000145942092653,0.0000000000000000,3.1199734394120315,3.0000812158552139,21.645148,-0.261870,-21.3832786701204,-3.6682043492015,1,1.4e-12
1.0018057954796971,0.0,0.0039356137089570,0.0000000000000000,-0.0000076323262197,0.0000000000000000,3.1249734394120319,3.0000813123486476,21.804924,-0.281782,-21.5231412178246,-4.1442453808074,1,6.5e-13
1.0018110859394591,0.0,0.0039324556402791,0.0000000000000000,-0.0000006138670164,0.0000000000000000,3.1299734394120318,3.0000814080299070,21.961708,-0.301738,-21.6599698475086,-4.6266927344015,1,2.9e-13
1.0018163060216283,0.0,0.0039293173898658,0.0000000000000000,0.0000064606775880,0.0000000000000000,3.1349734394120317,3.0000815028971579,22.115417,-0.321737,-21.7936796573385,-5.1153514660080,1,8.7e-13
1.0018214564168122,0.0,0.0039261989970741,0.0000000000000000,0.0000135908235749,0.0000000000000000,3.1399734394120316,3.0000815969485979,22.265964,-0.341778,-21.9241855499602,-5.6100184199749,1,4.7e-13
1.0018265378013953,0.0,0.0039231005004432,0.0000000000000000,0.0000207760920150,0.0000000000000000,3.1449734394120314,3.0000816901824514,22.413263,-0.361861,-22.0514023545551,-6.1104824606401,1,1.9e-12
1.0018315508377573,0.0,0.0039200219375835,0.0000000000000000,0.0000280160097744,0.0000000000000000,3.1499734394120313,3.0000817825969750,22.557230,-0.381985,-22.1752448562972,-6.6165244697050,1,1.6e-12
1.0018364961748536,0.0,0.0039169633451179,0.0000000000000000,0.0000353101093050,0.0000000000000000,3.1549734394120317,3.0000818741904545,22.697778,-0.402150,-22.2956277849827,-7.1279171794862,1,1.3e-12
1.0018413744485248,0.0,0.0039139247587854,0.0000000000000000,0.0000426579281280,0.0000000000000000,3.1599734394120316,3.0000819649612058,22.834822,-0.422356,-22.4124658907975,-7.6444252256629,1,7.9e-13
1.0018461862820272,0.0,0.0039109062133321,0.0000000000000000,0.0000500590091738,0.0000000000000000,3.1649734394120319,3.0000820549075753,22.968276,-0.442602,-22.5256738710071,-8.1658047135468,1,1.3e-12
1.0018509322862950,0.0,0.0039079077426910,0.0000000000000000,0.0000575129000045,0.0000000000000000,3.1699734394120318,3.0000821440279384,23.098054,-0.462888,-22.6351666303039,-8.6918040298422,1,7.9e-14
1.0018556130603891,0.0,0.0039049293797152,0.0000000000000000,0.0000650191534411,0.0000000000000000,3.1749734394120317,3.0000822323207021,23.224072,-0.483213,-22.7408590652356,-9.2221629262865,1,1.7e-13
1.0018602291918854,0.0,0.0039019711564086,0.0000000000000000,0.0000725773267300,0.0000000000000000,3.1799734394120316,3.0000823197843030,23.346242,-0.503576,-22.8426662229299,-9.7566128434855,1,7.5e-13
1.0018647812571484,0.0,0.0038990331037707,0.0000000000000000,0.0000801869819136,0.0000000000000000,3.1849734394120315,3.0000824064172100,23.464482,-0.523978,-22.9405033442000,-10.2948770498815,1,1.3e-12
1.0018692698217617,0.0,0.0038961152519031,0.0000000000000000,0.0000878476852582,0.0000000000000000,3.1899734394120314,3.0000824922179188,23.578704,-0.544418,-23.0342858483314,-10.8366701845414,1,6.5e-14
1.0018736954406713,0.0,0.0038932176299181,0.0000000000000000,0.0000955590077692,0.0000000000000000,3.1949734394120317,3.0000825771849584,23.688824,-0.564895,-23.1239294250200,-11.3816987886285,1,5.9e-13
1.0018780586587499,0.0,0.0038903402659933,0.0000000000000000,0.0001033205242874,0.0000000000000000,3.1999734394120316,3.0000826613168892,23.794759,-0.585409,-23.2093499958733,-11.9296606530721,1,3.0e-13
1.0018823600108751,0.0,0.0038874831873462,0.0000000000000000,0.0001111318140541,0.0000000000000000,3.2049734394120315,3.0000827446123006,23.896423,-0.605959,-23.2904638169754,-12.4802452576649,1,4.4e-13
1.0018866000223299,0.0,0.0038846464202092,0.0000000000000000,0.0001189924602762,0.0000000000000000,3.2099734394120318,3.0000828270698130,23.993732,-0.626544,-23.3671875381118,-13.0331338206880,1,6.5e-13
1.0018907792090550,0.0,0.0038818299899029,0.0000000000000000,0.0001269020500127,0.0000000000000000,3.2149734394120317,3.0000829086880785,24.086603,-0.647165,-23.4394380843188,-13.5879984745725,1,7.0e-13
1.0018948980778504,0.0,0.0038790339207188,0.0000000000000000,0.0001348601744222,0.0000000000000000,3.2199734394120316,3.0000829894657803,24.174952,-0.667819,-23.5071329466743,-14.1445036030964,1,9.5e-13
1.0018989571267718,0.0,0.0038762582360837,0.0000000000000000,0.0001428664279607,0.0000000000000000,3.2249734394120315,3.0000830694016303,24.258698,-0.688508,-23.5701899504032,-14.7023043274314,1,3.8e-13
1.0019029568452784,0.0,0.0038735029583427,0.0000000000000000,0.0001509204091010,0.0000000000000000,3.2299734394120314,3.0000831484943742,24.337757,-0.709229,-23.6285275101356,-15.2610477278322,1,2.2e-13
1.0019068977144610,0.0,0.0038707681089234,0.0000000000000000,0.0001590217197759,0.0000000000000000,3.2349734394120317,3.0000832267427882,24.412047,-0.729983,-23.6820645566456,-15.8203721974294,1,2.0e-13
1.0019107802073330,0.0,0.0038680537082766,0.0000000000000000,0.0001671699653960,0.0000000000000000,3.2399734394120316,3.0000833041456785,24.481488,-0.750768,-23.7307205979493,-16.3799075547697,1,6.4e-13
1.0019146047889991,0.0,0.0038653597759192,0.0000000000000000,0.0001753647546755,0.0000000000000000,3.2449734394120315,3.0000833807018830,24.545999,-0.771583,-23.7744157282882,-16.9392748493059,1,3.7e-13
1.0019183719169382,0.0,0.0038626863303227,0.0000000000000000,0.0001836056997861,0.0000000000000000,3.2499734394120319,3.0000834564102714,24.605499,-0.792428,-23.8130707787547,-17.4980869941615,1,8.5e-13
1.0019220820411205,0.0,0.0038600333889865,0.0000000000000000,0.0001918924161671,0.0000000000000000,3.2549734394120318,3.0000835312697456,24.659909,-0.813302,-23.8466072424075,-18.0559481820795,1,2.7e-12
1.0019257356042979,0.0,0.0038574009685662,0.0000000000000000,0.0002002245221607,0.0000000000000000,3.2599734394120317,3.0000836052792326,24.709151,-0.834203,-23.8749472863275,-18.6124535051887,1,1.6e-13
1.0019293330421637,0.0,0.0038547890845589,0.0000000000000000,0.0002086016394100,0.0000000000000000,3.2649734394120316,3.0000836784377003,24.753145,-0.855131,-23.8980139893944,-19.1671903801355,1,1.4e-12
1.0019328747834506,0.0,0.0038521977515245,0.0000000000000000,0.0002170233928348,0.0000000000000000,3.2699734394120314,3.0000837507441416,24.791816,-0.876085,-23.9157311955504,-19.7197373283942,1,9.2e-13
1.0019363612503098,0.0,0.0038496269831446,0.0000000000000000,0.0002254894098112,0.0000000000000000,3.2749734394120313,3.0000838221975821,24.825086,-0.897063,-23.9280235535266,-20.2696638839405,1,6.7e-14
1.0019397928582929,0.0,0.0038470767920321,0.0000000000000000,0.0002339993209226,0.0000000000000000,3.2799734394120317,3.0000838927970772,24.852881,-0.918064,-23.9348167240956,-20.8165317341618,1,3.8e-13
1.0019431700165788,0.0,0.0038445471898244,0.0000000000000000,0.0002425527597225,0.0000000000000000,3.2849734394120316,3.0000839625417179,24.875124,-0.939087,-23.9360372191128,-21.3598934672430,1,7.1e-13
1.0019464931282913,0.0,0.0038420381872462,0.0000000000000000,0.0002511493620376,0.0000000000000000,3.2899734394120315,3.0000840314306210,24.891742,-0.960129,-23.9316125946817,-21.8992934448956,1,4.6e-12
1.0019497625903173,0.0,0.0038395497938135,0.0000000000000000,0.0002597887673283,0.0000000000000000,3.2949734394120318,3.0000840994629425,24.902663,-0.981191,-23.9214715194889,-22.4342681476193,1,7.2e-14
1.0019529787938755,0.0,0.0038370820184046,0.0000000000000000,0.0002684706166491,0.0000000000000000,3.2999734394120317,3.0000841666378602,24.907813,-1.002270,-23.9055435346989,-22.9643441872479,1,7.4e-13
1.0019561421243124,0.0,0.0038346348686583,0.0000000000000000,0.0002771945544387,0.0000000000000000,3.3049734394120316,3.0000842329545909,24.907123,-1.023364,-23.8837594948117,-23.4890410381122,1,5.2e-13
1.0019592529614645,0.0,0.0038322083513244,0.0000000000000000,0.0002859602273842,0.0000000000000000,3.3099734394120315,3.0000842984123786,24.900522,-1.044471,-23.8560512930217,-24.0078689839888,1,3.7e-13
1.0019623116796932,0.0,0.0038298024721521,0.0000000000000000,0.0002947672847546,0.0000000000000000,3.3149734394120314,3.0000843630105001,24.887942,-1.065590,-23.8223520791017,-24.5203302810035,1,1.1e-12
1.0019653186480491,0.0,0.0038274172359096,0.0000000000000000,0.0003036153783532,0.0000000000000000,3.3199734394120317,3.0000844267482636,24.869314,-1.086718,-23.7825962282189,-25.0259186285230,1,2.7e-13
1.0019682742304081,0.0,0.0038250526463699,0.0000000000000000,0.0003125041623648,0.0000000000000000,3.3249734394120316,3.0000844896250092,24.844572,-1.107852,-23.7367194430782,-25.5241197150115,1,3.5e-13
1.0019711787856023,0.0,0.0038227087063307,0.0000000000000000,0.0003214332933288,0.0000000000000000,3.3299734394120315,3.0000845516401076,24.813651,-1.128992,-23.6846586971744,-26.0144104990809,1,4.1e-13
1.0019740326675257,0.0,0.0038203854176477,0.0000000000000000,0.0003304024300708,0.0000000000000000,3.3349734394120318,3.0000846127929601,24.776486,-1.150133,-23.6263523645499,-26.4962598622106,1,2.8e-12
1.0019768362252424,0.0,0.0038180827810738,0.0000000000000000,0.0003394112340072,0.0000000000000000,3.3399734394120317,3.0000846730830015,24.733014,-1.171274,-23.5617403097026,-26.9691289571994,1,1.4e-14
1.0019795898031512,0.0,0.0038158007965435,0.0000000000000000,0.0003484593683849,0.0000000000000000,3.3449734394120316,3.0000847325096962,24.683174,-1.192410,-23.4907637117304,-27.4324697644317,1,4.1e-13
1.0019822937410550,0.0,0.0038135394629334,0.0000000000000000,0.0003575464988695,0.0000000000000000,3.3499734394120315,3.0000847910725388,24.626905,-1.213540,-23.4133653401842,-27.8857266978520,1,1.2e-12
1.0019849483742520,0.0,0.0038112987780891,0.0000000000000000,0.0003666722934893,0.0000000000000000,3.3549734394120314,3.0000848487710590,24.564148,-1.234659,-23.3294895434097,-28.3283363314991,1,4.6e-14
1.0019875540337351,0.0,0.0038090787389772,0.0000000000000000,0.0003758364220023,0.0000000000000000,3.3599734394120317,3.0000849056048140,24.494845,-1.255763,-23.2390821724766,-28.7597265670813,1,7.4e-13
1.0019901110461529,0.0,0.0038068793415208,0.0000000000000000,0.0003850385566536,0.0000000000000000,3.3649734394120316,3.0000849615733935,24.418941,-1.276850,-23.1420907798168,-29.1793178160943,1,1.0e-13
1.0019926197340454,0.0,0.0038047005807212,0.0000000000000000,0.0003942783714678,0.0000000000000000,3.3699734394120315,3.0000850166764175,24.336378,-1.297914,-23.0384645201049,-29.5865220380164,1,7.6e-13
1.0019950804159687,0.0,0.0038025424505028,0.0000000000000000,0.0004035555425466,0.0000000000000000,3.3749734394120319,3.0000850709135412,24.247105,-1.318951,-22.9281543660314,-29.9807439826482,1,1.9e-12
1.0019974934059970,0.0,0.0038004049440643,0.0000000000000000,0.0004128697485886,0.0000000000000000,3.3799734394120318,3.0000851242844404,24.151069,-1.339956,-22.8111129044189,-30.3613795050287,1,1.8e-12
1.0019998590150807,0.0,0.0037982880532648,0.0000000000000000,0.0004222206693334,0.0000000000000000,3.3849734394120317,3.0000851767888363,24.048219,-1.360925,-22.6872946892511,-30.7278179472519,1,8.2e-13
1.0020021775498620,0.0,0.0037961917693050,0.0000000000000000,0.0004316079869575,0.0000000000000000,3.3899734394120316,3.0000852284264705,23.938507,-1.381851,-22.5566559836273,-31.0794399067485,1,2.4e-13
1.0020044493133962,0.0,0.0037941160822865,0.0000000000000000,0.0004410313855207,0.0000000000000000,3.3949734394120314,3.0000852791971195,23.821883,-1.402728,-22.4191550050998,-31.4156187933873,1,7.1e-13
1.0020066746051015,0.0,0.0037920609813897,0.0000000000000000,0.0004504905509071,0.0000000000000000,3.3999734394120313,3.0000853291005893,23.698302,-1.423550,-22.2747518157644,-31.7357199199624,1,2.4e-13
1.0020088537208323,0.0,0.0037900264548090,0.0000000000000000,0.0004599851709312,0.0000000000000000,3.4049734394120317,3.0000853781367174,23.567719,-1.444310,-22.1234085350910,-32.0391016037836,1,3.0e-13
1.0020109869529938,0.0,0.0037880124897979,0.0000000000000000,0.0004695149351414,0.0000000000000000,3.4099734394120316,3.0000854263053713,23.430091,-1.465001,-21.9650892304807,-32.3251143384329,1,7.1e-13
1.0020130745904594,0.0,0.0037860190724795,0.0000000000000000,0.0004790795355638,0.0000000000000000,3.4149734394120315,3.0000854736064539,23.285375,-1.485615,-21.7997601888022,-32.5931024168825,1,1.3e-11
1.0020151169191673,0.0,0.0037840461886677,0.0000000000000000,0.0004886786637623,0.0000000000000000,3.4199734394120318,3.0000855200398835,23.133532,-1.506143,-21.6273891811670,-32.8423983830147,1,2.4e-13
1.0020171142212826,0.0,0.0037820938222962,0.0000000000000000,0.0004983120161906,0.0000000000000000,3.4249734394120317,3.0000855656056307,22.974522,-1.526575,-21.4479469632821,-33.0723338209303,1,5.6e-13
1.0020190667761106,0.0,0.0037801619569446,0.0000000000000000,0.0005079792890980,0.0000000000000000,3.4299734394120316,3.0000856103036821,22.808308,-1.546902,-21.2614059061556,-33.2822290509167,1,1.3e-13
1.0020209748597668,0.0,0.0037782505751300,0.0000000000000000,0.0005176801807930,0.0000000000000000,3.4349734394120315,3.0000856541340575,22.634855,-1.567114,-21.0677407003290,-33.4713981171680,1,1.8e-13
1.0020228387453105,0.0,0.0037763596584049,0.0000000000000000,0.0005274143913839,0.0000000000000000,3.4399734394120314,3.0000856970968077,22.454126,-1.587198,-20.8669282760074,-33.6391480019409,1,2.4e-13
1.0020246587028245,0.0,0.0037744891873981,0.0000000000000000,0.0005371816226081,0.0000000000000000,3.4449734394120317,3.0000857391920142,22.266090,-1.607142,-20.6589478409870,-33.7847786705664,1,1.1e-12
1.0020264349994608,0.0,0.0037726391417715,0.0000000000000000,0.0005469815778863,0.0000000000000000,3.4499734394120316,3.0000857804197887,22.070714,-1.626933,-20.4437809846805,-33.9075836922576,1,1.9e-12
1.0020281678995215,0.0,0.0037708095003426,0.0000000000000000,0.0005568139621005,0.0000000000000000,3.4549734394120315,3.0000858207802708,21.867968,-1.646557,-20.2214114848330,-34.0068485699828,1,4.5e-13
1.0020298576644993,0.0,0.0037690002408950,0.0000000000000000,0.0005666784819742,0.0000000000000000,3.4599734394120318,3.0000858602736327,21.657822,-1.665996,-19.9918256646600,-34.0818532299461,1,6.2e-13
1.0020315045531407,0.0,0.0037672113403528,0.0000000000000000,0.0005765748456728,0.0000000000000000,3.4649734394120317,3.0000858989000743,21.440248,-1.685236,-19.7550122203516,-34.1318705802787,1,5.5e-13
1.0020331088214947,0.0,0.0037654427747169,0.0000000000000000,0.0005865027629853,0.0000000000000000,3.4699734394120316,3.0000859366598274,21.215218,-1.704256,-19.5109622593360,-34.1561665454155,1,6.7e-14
1.0020346707229877,0.0,0.0037636945190882,0.0000000000000000,0.0005964619452105,0.0000000000000000,3.4749734394120315,3.0000859735531500,20.982707,-1.723038,-19.2596693976272,-34.1540007104514,1,2.9e-12
1.0020361905084816,0.0,0.0037619665475428,0.0000000000000000,0.0006064521052173,0.0000000000000000,3.4799734394120314,3.0000860095803348,20.742689,-1.741559,-19.0011298983028,-34.1246271495224,1,4.9e-13
1.0020376684262755,0.0,0.0037602588334540,0.0000000000000000,0.0006164729573223,0.0000000000000000,3.4849734394120317,3.0000860447416993,20.495140,-1.759797,-18.7353423569513,-34.0672918975044,1,3.7e-13
1.0020391047222015,0.0,0.0037585713491382,0.0000000000000000,0.0006265242174447,0.0000000000000000,3.4899734394120316,3.0000860790375921,20.240034,-1.777726,-18.4623081025670,-33.9812358407122,0,7.1e-13
1.0020404996396584,0.0,0.0037569040660469,0.0000000000000000,0.0006366056029763,0.0000000000000000,3.4949734394120315,3.0000861124683906,19.977349,-1.795318,-18.1820310864432,-33.8656937335337,0,4.3e-14
1.0020418534196760,0.0,0.0037552569547774,0.0000000000000000,0.0006467168326536,0.0000000000000000,3.4999734394120319,3.0000861450345027,19.707061,-1.812543,-17.8945178581367,-33.7198938447943,0,1.9e-13
1.0020431663009437,0.0,0.0037536299849897,0.0000000000000000,0.0006568576267962,0.0000000000000000,3.5049734394120318,3.0000861767363634,19.429146,-1.829368,-17.5997776705155,-33.5430586709305,0,9.4e-13
1.0020444385198481,0.0,0.0037520231255197,0.0000000000000000,0.0006670277070994,0.0000000000000000,3.5099734394120317,3.0000862075744386,19.143580,-1.845757,-17.2978224566042,-33.3344045733971,0,7.4e-13
1.0020456703105227,0.0,0.0037504363442701,0.0000000000000000,0.0006772267967415,0.0000000000000000,3.5149734394120316,3.0000862375492208,18.850339,-1.861672,-16.9886669554866,-33.0931426899313,0,1.0e-12
1.0020468619049392,0.0,0.0037488696082717,0.0000000000000000,0.0006874546202919,0.0000000000000000,3.5199734394120314,3.0000862666612327,18.549397,-1.877068,-16.6723286236546,-32.8184781006420,0,1.2e-13
1.0020480135328498,0.0,0.0037473228837392,0.0000000000000000,0.0006977109036821,0.0000000000000000,3.5249734394120313,3.0000862949110250,18.240727,-1.891899,-16.3488276827373,-32.5096100963776,0,7.4e-14
1.0020491254219226,0.0,0.0037457961359727,0.0000000000000000,0.0007079953742967,0.0000000000000000,3.5299734394120317,3.0000863222991772,17.924300,-1.906113,-16.0181872368835,-32.1657329700018,0,9.6e-13
1.0020501977977483,0.0,0.0037442893294765,0.0000000000000000,0.0007183077607144,0.0000000000000000,3.5349734394120316,3.0000863488262950,17.600085,-1.919652,-15.6804331531410,-31.7860350488135,0,6.3e-14
1.0020512308838436,0.0,0.0037428024278087,0.0000000000000000,0.0007286477931943,0.0000000000000000,3.5399734394120315,3.0000863744930166,17.268048,-1.932454,-15.3355942392902,-31.3696999754622,0,4.2e-13
1.0020522249017374,0.0,0.0037413353937752,0.0000000000000000,0.0007390152030983,0.0000000000000000,3.5449734394120318,3.0000863993000038,16.928150,-1.944448,-14.9837021301118,-30.9159057144325,0,1.8e-13
1.0020531800710430,0.0,0.0037398881893038,0.0000000000000000,0.0007494097230335,0.0000000000000000,3.5499734394120317,3.0000864232479487,16.580349,-1.955557,-14.6247914039099,-30.4238254382912,0,1.4e-12
1.0020540966090909,0.0,0.0037384607756268,0.0000000000000000,0.0007598310875541,0.0000000000000000,3.5549734394120316,3.0000864463375660,16.224596,-1.965696,-14.2588994037240,-29.8926259515357,0,1.6e-11
1.0020549747322509,0.0,0.0037370531124923,0.0000000000000000,0.0007702790316178,0.0000000000000000,3.5599734394120315,3.0000864685696165,15.860835,-1.974768,-13.8860670890691,-29.3214748875681,0,6.1e-13
1.0020558146538161,0.0,0.0037356651598670,0.0000000000000000,0.0007807532922278,0.0000000000000000,3.5649734394120314,3.0000864899448612,15.489004,-1.982666,-13.5063373535423,-28.7095263152424,0,4.3e-13
1.0020566165860287,0.0,0.0037342968762298,0.0000000000000000,0.0007912536072013,0.0000000000000000,3.5699734394120317,3.0000865104641048,15.109027,-1.989270,-13.1197567519203,-28.0559354193992,0,1.2e-13
1.0020573807390907,0.0,0.0037329482193561,0.0000000000000000,0.0008017797160466,0.0000000000000000,3.5749734394120316,3.0000865301281778,14.720819,-1.994444,-12.7263747094344,-27.3598517316432,0,4.2e-13
1.0020581073215016,0.0,0.0037316191462694,0.0000000000000000,0.0008123313592387,0.0000000000000000,3.5799734394120315,3.0000865489379351,14.324279,-1.998036,-12.3262436217217,-26.6204199829034,0,4.1e-14
1.0020587965399954,0.0,0.0037303096131797,0.0000000000000000,0.0008229082786523,0.0000000000000000,3.5849734394120318,3.0000865668942605,13.919290,-1.999871,-11.9194189635896,-25.8367809751733,0,1.1e-13
1.0020588102180772,0.0,0.0037302830911533,0.0000000000000000,0.0008231243955414,0.0000000000000000,3.5850754802283582,3.0000865672518362,13.910936,-1.999889,-11.9110471324762,-25.8203220258838,0,4.1e-13
1.0020588238806800,0.0,0.0037302565772576,0.0000000000000000,0.0008233405228289,0.0000000000000000,3.5851775210446850,3.0000865676090571,13.902578,-1.999906,-11.9026725223427,-25.8038441588810,0,5.3e-13
1.0020588375278110,0.0,0.0037302300714754,0.0000000000000000,0.0008235566605480,0.0000000000000000,3.5852795618610114,3.0000865679659223,13.894217,-1.999922,-11.8942951665441,-25.7873476524180,0,6.9e-14
1.0020588511594712,0.0,0.0037302035738117,0.0000000000000000,0.0008237728086755,0.0000000000000000,3.5853816026773377,3.0000865683224331,13.885852,-1.999937,-11.8859150501192,-25.7708323616112,0,3.3e-13
1.0020588647756594,0.0,0.0037301770842669,0.0000000000000000,0.0008239889672230,0.0000000000000000,3.5854836434936646,3.0000865686785887,13.877484,-1.999952,-11.8775321546026,-25.7542981226214,0,4.6e-13
1.0020588783763884,0.0,0.0037301506028493,0.0000000000000000,0.0008242051361364,0.0000000000000000,3.5855856843099909,3.0000865690343890,13.869112,-1.999965,-11.8691465106184,-25.7377451806681,0,4.2e-13
1.0020588919616444,0.0,0.0037301241295331,0.0000000000000000,0.0008244213155084,0.0000000000000000,3.5856877251263177,3.0000865693898349,13.860737,-1.999978,-11.8607581190046,-25.7211735311676,0,6.3e-13
1.0020589055314364,0.0,0.0037300976643429,0.0000000000000000,0.0008246375052710,0.0000000000000000,3.5857897659426441,3.0000865697449250,13.852357,-1.999990,-11.8523669416327,-25.7045828412706,0,2.6e-13
1.0020589190857701,0.0,0.0037300712072624,0.0000000000000000,0.0008248537054346,0.0000000000000000,3.5858918067589705,3.0000865700996604,13.843975,-2.000002,-11.8439730213061,-25.6879734636261,0,2.4e-13
1.0020589326246450,0.0,0.0037300447582354,0.0000000000000000,0.0008250699161767,0.0000000000000000,3.5859938475752973,3.0000865704540427,13.835589,-2.000012,-11.8355764095986,-25.6713458325707,0,6.1e-12
1.0020589461480449,0.0,0.0037300183174632,0.0000000000000000,0.0008252861369655,0.0000000000000000,3.5860958883916236,3.0000865708080666,13.827199,-2.000022,-11.8271769003802,-25.6546981429068,0,4.1e-13
1.0020589596559988,0.0,0.0037299918847419,0.0000000000000000,0.0008255023683160,0.0000000000000000,3.5861979292079500,3.0000865711617370,13.818805,-2.000031,-11.8187746832659,-25.6380320465885,0,7.5e-13
1.0020589731484952,0.0,0.0037299654601283,0.0000000000000000,0.0008257186100735,0.0000000000000000,3.5862999700242768,3.0000865715150522,13.810408,-2.000038,-11.8103697316196,-25.6213472799664,0,4.3e-13
1.0020589866255325,0.0,0.0037299390436173,0.0000000000000000,0.0008259348622637,0.0000000000000000,3.5864020108406032,3.0000865718680134,13.802008,-2.000046,-11.8019620280332,-25.6046436893622,0,3.8e-13
1.0020590000871492,0.0,0.0037299126352804,0.0000000000000000,0.0008261511246428,0.0000000000000000,3.5865040516569300,3.0000865722206180,13.793603,-2.000052,-11.7935514951269,-25.5879206095875,0,4.1e-12
1.0020590135332712,0.0,0.0037298862349704,0.0000000000000000,0.0008263673976986,0.0000000000000000,3.5866060924732563,3.0000865725728691,13.785196,-2.000057,-11.7851383292220,-25.5711796892275,0,4.9e-13
1.0020590269639673,0.0,0.0037298598428163,0.0000000000000000,0.0008265836809934,0.0000000000000000,3.5867081332895827,3.0000865729247650,13.776784,-2.000062,-11.7767223481399,-25.5544193660729,0,4.3e-13
1.0020590403792080,0.0,0.0037298334587743,0.0000000000000000,0.0008267999746983,0.0000000000000000,3.5868101741059095,3.0000865732763051,13.768369,-2.000066,-11.7683036065376,-25.5376401051694,0,2.6e-13
1.0020590537790128,0.0,0.0037298070828357,0.0000000000000000,0.0008270162787756,0.0000000000000000,3.5869122149222359,3.0000865736274913,13.759951,-2.000068,-11.7598821231361,-25.5208420435747,0,8.6e-13
1.0020590671633713,0.0,0.0037297807150266,0.0000000000000000,0.0008272325932126,0.0000000000000000,3.5870142557385623,3.0000865739783222,13.751528,-2.000070,-11.7514578607732,-25.5040248529044,0,5.1e-13
1.0020590805322853,0.0,0.0037297543553216,0.0000000000000000,0.0008274489180430,0.0000000000000000,3.5871162965548891,3.0000865743287983,13.743102,-2.000072,-11.7430308623647,-25.4871888940561,0,4.1e-13
1.0020590938857570,0.0,0.0037297280037244,0.0000000000000000,0.0008276652532663,0.0000000000000000,3.5872183373712154,3.0000865746789191,13.734673,-2.000072,-11.7346011185304,-25.4703340685378,0,1.1e-13
1.0020591072237011,0.0,0.0037297016602263,0.0000000000000000,0.0008278815991368,0.0000000000000000,3.5873203781875418,3.0000865750286847,13.726240,-2.000071,-11.7261686365138,-25.4534604191167,0,1.9e-12
1.0020591205463982,0.0,0.0037296753248696,0.0000000000000000,0.0008280979547774,0.0000000000000000,3.5874224190038686,3.0000865753780963,13.717803,-2.000070,-11.7177333661269,-25.4365675414289,0,6.8e-13
1.0020591338535680,0.0,0.0037296489976100,0.0000000000000000,0.0008283143210842,0.0000000000000000,3.5875244598201950,3.0000865757271531,13.709363,-2.000068,-11.7092953483057,-25.4196557332076,0,2.0e-13
1.0020591471452964,0.0,0.0037296226784515,0.0000000000000000,0.0008285306977863,0.0000000000000000,3.5876265006365218,3.0000865760758550,13.700919,-2.000065,-11.7008546028158,-25.4027251667437,0,7.6e-13
1.0020591604216011,0.0,0.0037295963674205,0.0000000000000000,0.0008287470848081,0.0000000000000000,3.5877285414528481,3.0000865764242013,13.692472,-2.000061,-11.6924110845545,-25.3857754412614,0,1.5e-13
1.0020591736824718,0.0,0.0037295700644851,0.0000000000000000,0.0008289634822231,0.0000000000000000,3.5878305822691745,3.0000865767721931,13.684021,-2.000056,-11.6839648300560,-25.3688068556136,0,1.6e-13
1.0020591869279158,0.0,0.0037295437696640,0.0000000000000000,0.0008291798899840,0.0000000000000000,3.5879326230855013,3.0000865771198302,13.675566,-2.000050,-11.6755158319012,-25.3518193472702,0,5.8e-13
1.0020592001579363,0.0,0.0037295174829531,0.0000000000000000,0.0008293963080955,0.0000000000000000,3.5880346639018277,3.0000865774671124,13.667108,-2.000044,-11.6670640650014,-25.3348126777297,0,3.5e-13
1.0020592133725277,0.0,0.0037294912043477,0.0000000000000000,0.0008296127365782,0.0000000000000000,3.5881367047181540,3.0000865778140393,13.658646,-2.000036,-11.6586095597611,-25.3177870977148,0,5.9e-13
1.0020592265716779,0.0,0.0037294649338067,0.0000000000000000,0.0008298291755689,0.0000000000000000,3.5882387455344809,3.0000865781606123,13.650180,-2.000028,-11.6501523602419,-25.3007429742245,0,3.4e-12
1.0020592397554493,0.0,0.0037294386714580,0.0000000000000000,0.0008300456245945,0.0000000000000000,3.5883407863508072,3.0000865785068291,13.641711,-2.000019,-11.6416923115235,-25.2836789690758,0,5.6e-13
1.0020592529238417,0.0,0.0037294124172037,0.0000000000000000,0.0008302620839081,0.0000000000000000,3.5884428271671336,3.0000865788526920,13.633238,-2.000009,-11.6332295341338,-25.2665961024076,0,3.3e-12
1.0020592660766903,0.0,0.0037293861709902,0.0000000000000000,0.0008304785540216,0.0000000000000000,3.5885448679834604,3.0000865791982010,13.624762,-1.999998,-11.6247640870932,-25.2494948569099,0,1.4e-13
1.0020592792141978,0.0,0.0037293599329225,0.0000000000000000,0.0008306950342100,0.0000000000000000,3.5886469087997868,3.0000865795433538,13.616282,-1.999986,-11.6162958576427,-25.2323742769442,0,4.7e-13
1.0020592923362430,0.0,0.0037293337029416,0.0000000000000000,0.0008309115249091,0.0000000000000000,3.5887489496161136,3.0000865798881522,13.607798,-1.999973,-11.6078248977493,-25.2152347712177,0,1.8e-12
1.0020593054429452,0.0,0.0037293074811027,0.0000000000000000,0.0008311280256814,0.0000000000000000,3.5888509904324399,3.0000865802325958,13.599311,-1.999960,-11.5993511415460,-25.1980757859628,0,6.9e-13
1.0020593185342059,0.0,0.0037292812673473,0.0000000000000000,0.0008313445369230,0.0000000000000000,3.5889530312487663,3.0000865805766841,13.590820,-1.999945,-11.5908746813125,-25.1808980872983,0,1.3e-13
1.0020593316100554,0.0,0.0037292550616965,0.0000000000000000,0.0008315610585042,0.0000000000000000,3.5890550720650931,3.0000865809204194,13.582326,-1.999930,-11.5823954681557,-25.1637012493999,0,1.6e-13
1.0020593446705008,0.0,0.0037292288641509,0.0000000000000000,0.0008317775904123,0.0000000000000000,3.5891571128814195,3.0000865812637985,13.573827,-1.999914,-11.5739135150297,-25.1464853600890,0,3.9e-13
1.0020593577155152,0.0,0.0037292026747308,0.0000000000000000,0.0008319941326706,0.0000000000000000,3.5892591536977458,3.0000865816068218,13.565326,-1.999897,-11.5654288016115,-25.1292502491273,0,1.6e-12
1.0020593707451753,0.0,0.0037291764933765,0.0000000000000000,0.0008322106852166,0.0000000000000000,3.5893611945140727,3.0000865819494926,13.556820,-1.999879,-11.5569413721453,-25.1119962792126,0,8.8e-13
1.0020593837594121,0.0,0.0037291503201396,0.0000000000000000,0.0008324272481086,0.0000000000000000,3.5894632353303990,3.0000865822918081,13.548311,-1.999860,-11.5484511961519,-25.0947231699690,0,7.6e-13
1.0020593967582385,0.0,0.0037291241550007,0.0000000000000000,0.0008326438213584,0.0000000000000000,3.5895652761467258,3.0000865826337688,13.539798,-1.999840,-11.5399582909726,-25.0774310627014,0,3.6e-13
1.0020594097416731,0.0,0.0037290979979752,0.0000000000000000,0.0008328604048971,0.0000000000000000,3.5896673169630522,3.0000865829753747,13.531282,-1.999819,-11.5314626209221,-25.0601196396521,0,4.8e-13
1.0020594227096986,0.0,0.0037290718490258,0.0000000000000000,0.0008330769988457,0.0000000000000000,3.5897693577793786,3.0000865833166253,13.522762,-1.999798,-11.5229642529299,-25.0427894628747,0,1.9e-12
1.0020594356623547,0.0,0.0037290457082171,0.0000000000000000,0.0008332936029495,0.0000000000000000,3.5898713985957054,3.0000865836575215,13.514238,-1.999775,-11.5144630900772,-25.0254396908138,0,3.2e-14
1.0020594485996004,0.0,0.0037290195754920,0.0000000000000000,0.0008335102174528,0.0000000000000000,3.5899734394120317,3.0000865839980633,13.505711,-1.999752,-11.5059592153044,-25.0080710194824,0,1.7e-13
1.0020600637036723,0.0,0.0037277489878520,0.0000000000000000,0.0008441369199908,0.0000000000000000,3.5949734394120316,3.0000866002502793,13.083378,-1.997452,-11.0859259291094,-24.1334224697736,0,2.4e-13
1.0020606420539315,0.0,0.0037264978040942,0.0000000000000000,0.0008547881318881,0.0000000000000000,3.5999734394120315,3.0000866156518722,12.652094,-1.992711,-10.6593837391523,-23.2119638548803,0,1.4e-12
1.0020611838504694,0.0,0.0037252659773385,0.0000000000000000,0.0008654635999117,0.0000000000000000,3.6049734394120314,3.0000866302038296,12.211625,-1.985225,-10.2264002824300,-22.2428192387878,0,8.4e-14
1.0020616892917698,0.0,0.0037240534598620,0.0000000000000000,0.0008761630722847,0.0000000000000000,3.6099734394120317,3.0000866439071676,11.761687,-1.974641,-9.7870463917424,-21.2251099061385,0,3.0e-13
1.0020621585747778,0.0,0.0037228602032316,0.0000000000000000,0.0008868862982311,0.0000000000000000,3.6149734394120316,3.0000866567629272,11.301940,-1.960544,-9.3413959022273,-20.1579528046443,0,1.0e-12
1.0020625918948884,0.0,0.0037216861582250,0.0000000000000000,0.0008976330283374,0.0000000000000000,3.6199734394120315,3.0000866687721759,10.831967,-1.942441,-8.8895258315259,-19.0404621102488,0,8.3e-13
1.0020629894459827,0.0,0.0037205312749764,0.0000000000000000,0.0009084030140961,0.0000000000000000,3.6249734394120319,3.0000866799360049,10.351258,-1.919742,-8.4315161728807,-17.8717475534501,0,1.3e-13
1.0020633514204538,0.0,0.0037193955027276,0.0000000000000000,0.0009191960086732,0.0000000000000000,3.6299734394120318,3.0000866902555332,9.859181,-1.891731,-7.9674501358084,-16.6509166205995,0,5.9e-14
1.0020636780092260,0.0,0.0037182787901013,0.0000000000000000,0.0009300117660723,0.0000000000000000,3.6349734394120317,3.0000866997319049,9.354943,-1.857529,-7.4974139983460,-15.3770733386787,0,1.4e-13
1.0020639694017843,0.0,0.0037171810849613,0.0000000000000000,0.0009408500415732,0.0000000000000000,3.6399734394120316,3.0000867083662879,8.837537,-1.816040,-7.0214971348217,-14.0493186786576,0,6.0e-13
1.0020642257862162,0.0,0.0037161023344578,0.0000000000000000,0.0009517105916078,0.0000000000000000,3.6449734394120314,3.0000867161598759,8.305665,-1.765873,-6.5397920397446,-12.6667508460188,0,7.2e-13
1.0020644473488816,0.0,0.0037150424858723,0.0000000000000000,0.0009625931737802,0.0000000000000000,3.6499734394120313,3.0000867231138648,7.757614,-1.705223,-6.0523930275708,-11.2284534243501,0,9.6e-11
1.0020646342759776,0.0,0.0037140014824289,0.0000000000000000,0.0009734975469979,0.0000000000000000,3.6549734394120317,3.0000867292295648,7.191084,-1.631681,-5.5594025822943,-9.7335544771442,0,1.6e-12
1.0020647867505474,0.0,0.0037129792716400,0.0000000000000000,0.0009844234712285,0.0000000000000000,3.6599734394120316,3.0000867345081792,6.602846,-1.541927,-5.0609187706649,-8.1811097951879,0,6.4e-13
1.0020649049555161,0.0,0.0037119757970891,0.0000000000000000,0.0009953707074343,0.0000000000000000,3.6649734394120315,3.0000867389510182,5.988226,-1.431178,-4.5570476445617,-6.5702183228202,0,5.1e-14
1.0020649890721964,0.0,0.0037109910024199,0.0000000000000000,0.0010063390179224,0.0000000000000000,3.6699734394120318,3.0000867425594002,5.340021,-1.292124,-4.0478972062870,-4.8999662893365,0,4.7e-13
1.0020650392805903,0.0,0.0037100248306320,0.0000000000000000,0.0010173281661130,0.0000000000000000,3.6749734394120317,3.0000867453346660,4.646196,-1.112617,-3.5335784944800,-3.1694375137117,0,6.3e-13
1.0020650557594457,0.0,0.0037090772240796,0.0000000000000000,0.0010283379164956,0.0000000000000000,3.6799734394120316,3.0000867472781776,3.883881,-0.869675,-3.0142056050235,-1.3777138432387,0,3.3e-13
1.0020650386862515,0.0,0.0037081481244139,0.0000000000000000,0.0010393680347973,0.0000000000000000,3.6849734394120315,3.0000867483913245,2.998165,-0.508269,-2.4898956823492,0.4761246991027,0,4.6e-13
1.0020649882372883,0.0,0.0037072374727207,0.0000000000000000,0.0010504182876376,0.0000000000000000,3.6899734394120314,3.0000867486755154,1.734146,0.226625,-1.9607688700887,2.3930001209371,0,1.5e-12
1.0020649045875540,0.0,0.0037063452093189,0.0000000000000000,0.0010614884431603,0.0000000000000000,3.6949734394120317,3.0000867481321878,1.127884,0.299065,-1.4269484604001,4.3738347327258,0,2.8e-14
1.0020647879109366,0.0,0.0037054712740227,0.0000000000000000,0.0010725782701586,0.0000000000000000,3.6999734394120316,3.0000867467627961,0.764502,0.124058,-0.8885605949517,6.4195537433943,0,1.9e-13
1.0020646383800873,0.0,0.0037046156059395,0.0000000000000000,0.0010836875388531,0.0000000000000000,3.7049734394120315,3.0000867445688226,0.308957,0.036778,-0.3457345060790,8.5310826097534,0,1.7e-13
1.0020644561665080,0.0,0.0037037781435850,0.0000000000000000,0.0010948160204572,0.0000000000000000,3.7099734394120318,3.0000867415517694,-0.184054,-0.017344,0.2013976479840,10.7093483208409,0,2.4e-13
1.0020642414405692,0.0,0.0037029588248724,0.0000000000000000,0.0011059634872373,0.0000000000000000,3.7149734394120317,3.0000867377131617,-0.698313,-0.054388,0.7527007315965,12.9552785463866,0,8.4e-13
1.0020639943714882,0.0,0.0037021575870888,0.0000000000000000,0.0011171297126689,0.0000000000000000,3.7199734394120316,3.0000867330545478,-1.226812,-0.081225,1.3080367200481,15.2698021437908,0,2.2e-13
1.0020637151272862,0.0,0.0037013743668584,0.0000000000000000,0.0011283144717265,0.0000000000000000,3.7249734394120315,3.0000867275774987,-1.765879,-0.101386,1.8672645253853,17.6538470255066,0,8.7e-12
1.0020634038752665,0.0,0.0037006091005939,0.0000000000000000,0.0011395175385128,0.0000000000000000,3.7299734394120314,3.0000867212836031,-2.313331,-0.116910,2.4302406816529,20.1083467014586,0,1.3e-12
1.0020630607810530,0.0,0.0036998617235147,0.0000000000000000,0.0011507386913107,0.0000000000000000,3.7349734394120317,3.0000867141744791,-2.867751,-0.129067,2.9968181155075,22.6342273912425,0,3.7e-13
1.0020626860097468,0.0,0.0036991321702702,0.0000000000000000,0.0011619777082054,0.0000000000000000,3.7399734394120316,3.0000867062517687,-3.428149,-0.138699,3.5668469703770,25.2324157045902,0,4.0e-11
1.0020622797248069,0.0,0.0036984203766240,0.0000000000000000,0.0011732343651418,0.0000000000000000,3.7449734394120315,3.0000866975171010,-3.993790,-0.146386,4.1401764282578,27.9038579784059,0,3.5e-13
1.0020618420893459,0.0,0.0036977262750801,0.0000000000000000,0.0011845084449243,0.0000000000000000,3.7499734394120314,3.0000866879721828,-4.564105,-0.152545,4.7166499363151,30.6494687532188,0,2.7e-13
1.0020613732649930,0.0,0.0036970497994022,0.0000000000000000,0.0011957997275570,0.0000000000000000,3.7549734394120318,3.0000866776187034,-5.138630,-0.157480,5.2961101742590,33.4701833352702,0,5.6e-13
1.0020608734125109,0.0,0.0036963908823511,0.0000000000000000,0.0012071079949472,0.0000000000000000,3.7599734394120317,3.0000866664583832,-5.716972,-0.161424,5.8783966158680,36.3669312051859,0,3.1e-12
1.0020603426915522,0.0,0.0036957494562291,0.0000000000000000,0.0012184330304299,0.0000000000000000,3.7649734394120316,3.0000866544929603,-6.298792,-0.164554,6.4633462033886,39.3406427702910,0,3.1e-13
1.0020597812609366,0.0,0.0036951254527032,0.0000000000000000,0.0012297746179173,0.0000000000000000,3.7699734394120314,3.0000866417241978,-6.883785,-0.167008,7.0507930169590,42.3922451489360,0,9.9e-14
1.0020591892784321,0.0,0.0036945188031229,0.0000000000000000,0.0012411325424089,0.0000000000000000,3.7749734394120318,3.0000866281538752,-7.471672,-0.168897,7.6405688652992,45.5226681250826,0,1.1e-11
1.0020585669008231,0.0,0.0036939294378765,0.0000000000000000,0.0012525065907841,0.0000000000000000,3.7799734394120317,3.0000866137837985,-8.062193,-0.170309,8.2325023853982,48.7328335226482,0,5.8e-13
1.0020579142837034,0.0,0.0036933572872764,0.0000000000000000,0.0012638965507834,0.0000000000000000,3.7849734394120316,3.0000865986157859,-8.655104,-0.171317,8.8264202760588,52.0236683946050,0,2.3e-11
1.0020572315828795,0.0,0.0036928022816394,0.0000000000000000,0.0012753022075602,0.0000000000000000,3.7899734394120315,3.0000865826516723,-9.250169,-0.171979,9.4221473665503,55.3961050922537,0,3.4e-13
1.0020565189514599,0.0,0.0036922643494905,0.0000000000000000,0.0012867233539139,0.0000000000000000,3.7949734394120318,3.0000865658933251,-9.847160,-0.172345,10.0195043970597,58.8510558762096,0,1.8e-12
1.0020557765428675,0.0,0.0036917434199195,0.0000000000000000,0.0012981597788026,0.0000000000000000,3.7999734394120317,3.0000865483426216,-10.445856,-0.172455,10.6183110428504,62.3894460282716,0,3.3e-13
1.0020550045093024,0.0,0.0036912394220881,0.0000000000000000,0.0013096112714810,0.0000000000000000,3.8049734394120316,3.0000865300014432,-11.046040,-0.172344,11.2183852312486,66.0122062414129,0,8.6e-11
1.0020542030019193,0.0,0.0036907522811649,0.0000000000000000,0.0013210776315736,0.0000000000000000,3.8099734394120315,3.0000865108717583,-11.647497,-0.172042,11.8195385200952,69.7202165677932,0,1.8e-12
1.0020533721713043,0.0,0.0036902819272704,0.0000000000000000,0.0013325586451178,0.0000000000000000,3.8149734394120314,3.0000864909554523,-12.250014,-0.171572,12.4215864389920,73.5144287185898,0,3.9e-13
1.0020525121669379,0.0,0.0036898282865190,0.0000000000000000,0.0013440541091175,0.0000000000000000,3.8199734394120317,3.0000864702544963,-12.853382,-0.170957,13.0243382568236,77.3957435900586,0,8.4e-13
1.0020516231375123,0.0,0.0036893912854636,0.0000000000000000,0.0013555638189762,0.0000000000000000,3.8249734394120316,3.0000864487708618,-13.457389,-0.170214,13.6276021079714,81.3650714488295,0,1.5e-12
1.0020507052308629,0.0,0.0036889708502012,0.0000000000000000,0.0013670875713027,0.0000000000000000,3.8299734394120315,3.0000864265065430,-14.061825,-0.169359,14.2311839508643,85.4233186764041,0,3.9e-13
1.0020497585939767,0.0,0.0036885669065085,0.0000000000000000,0.0013786251633917,0.0000000000000000,3.8349734394120318,3.0000864034635457,-14.666482,-0.168406,14.8348878679158,89.5713906536338,0,3.5e-13
1.0020487833730478,0.0,0.0036881793796918,0.0000000000000000,0.0013901763938050,0.0000000000000000,3.8399734394120317,3.0000863796438964,-15.271149,-0.167367,15.4385158888076,93.8101886640373,0,2.5e-13
1.0020477797134009,0.0,0.0036878081946863,0.0000000000000000,0.0014017410620536,0.0000000000000000,3.8449734394120316,3.0000863550496399,-15.875615,-0.166253,16.0418681569672,98.1406111246947,0,3.0e-13
1.0020467477597748,0.0,0.0036874532762321,0.0000000000000000,0.0014133189678407,0.0000000000000000,3.8499734394120315,3.0000863296828344,-16.479671,-0.165072,16.6447431816359,102.5635558766778,0,2.0e-11
1.0020456876553119,0.0,0.0036871145478871,0.0000000000000000,0.0014249099149715,0.0000000000000000,3.8549734394120314,3.0000863035455656,-17.083104,-0.163833,17.2469367276917,107.0799050043166,0,3.3e-13
1.0020445995435621,0.0,0.0036867919341041,0.0000000000000000,0.0014365137034233,0.0000000000000000,3.8599734394120317,3.0000862766399208,-17.685702,-0.162542,17.8482443267283,111.6905561056396,0,2.8e-12
1.0020434835664380,0.0,0.0036864853579779,0.0000000000000000,0.0014481301379098,0.0000000000000000,3.8649734394120316,3.0000862489680160,-18.287252,-0.161207,18.4484586802711,116.3963878910918,0,2.9e-12
1.0020423398653482,0.0,0.0036861947427855,0.0000000000000000,0.0014597590223012,0.0000000000000000,3.8699734394120315,3.0000862205319758,-18.887539,-0.159832,19.0473714610990,121.1982825927383,0,3.2e-13
1.0020411685809099,0.0,0.0036859200111556,0.0000000000000000,0.0014714001622985,0.0000000000000000,3.8749734394120314,3.0000861913339474,-19.486349,-0.158423,19.6447724803641,126.0971138587527,0,3.2e-13
1.0020399698529547,0.0,0.0036856610855256,0.0000000000000000,0.0014830533642599,0.0000000000000000,3.8799734394120318,3.0000861613760899,-20.083466,-0.156984,20.2404502356012,131.0937530896522,0,2.8e-13
1.0020387438205873,0.0,0.0036854178879589,0.0000000000000000,0.0014947184356043,0.0000000000000000,3.8849734394120317,3.0000861306605806,-20.678673,-0.155519,20.8341917523155,136.1890661856062,0,1.2e-13
1.0020374906221658,0.0,0.0036851903402365,0.0000000000000000,0.0015063951846180,0.0000000000000000,3.8899734394120316,3.0000860991896108,-21.271751,-0.154031,21.4257827570329,141.3839148146121,0,1.2e-13
1.0020362103953158,0.0,0.0036849783637865,0.0000000000000000,0.0015180834206131,0.0000000000000000,3.8949734394120314,3.0000860669653888,-21.862483,-0.152524,22.0150076433627,146.6791547781983,0,2.4e-12
1.0020349032769316,0.0,0.0036847818798307,0.0000000000000000,0.0015297829538237,0.0000000000000000,3.8999734394120318,3.0000860339901361,-22.450649,-0.151001,22.6016497359499,152.0756386292861,0,1.3e-12
1.0020335694031413,0.0,0.0036846008091114,0.0000000000000000,0.0015414935957157,0.0000000000000000,3.9049734394120317,3.0000860002660912,-23.036027,-0.149464,23.1854909899880,157.5742100488355,0,1.4e-12
1.0020322089094793,0.0,0.0036844350723180,0.0000000000000000,0.0015532151581123,0.0000000000000000,3.9099734394120316,3.0000859657955057,-23.618398,-0.147915,23.7663125743826,163.1757111705968,0,2.0e-12
1.0020308219306138,0.0,0.0036842845896446,0.0000000000000000,0.0015649474545528,0.0000000000000000,3.9149734394120315,3.0000859305806484,-24.197538,-0.146356,24.3438944060142,168.8809744098718,0,2.4e-13
1.0020294086006445,0.0,0.0036841492811876,0.0000000000000000,0.0015766902989003,0.0000000000000000,3.9199734394120318,3.0000858946238003,-24.773226,-0.144790,24.9180157157101,174.6908296376391,0,1.2e-12
1.0020279690529275,0.0,0.0036840290667177,0.0000000000000000,0.0015884435061956,0.0000000000000000,3.9249734394120317,3.0000858579272558,-25.345238,-0.143217,25.4884547680953,180.6060986395600,0,4.2e-12
1.0020265034201070,0.0,0.0036839238656450,0.0000000000000000,0.0016002068927227,0.0000000000000000,3.9299734394120316,3.0000858204933283,-25.913349,-0.141640,26.0549890090805,186.6275959119111,0,7.6e-13
1.0020250118341907,0.0,0.0036838335973382,0.0000000000000000,0.0016119802752141,0.0000000000000000,3.9349734394120315,3.0000857823243394,-26.477335,-0.140060,26.6173953639916,192.7561320564492,0,5.7e-13
1.0020234944265130,0.0,0.0036837581808265,0.0000000000000000,0.0016237634714859,0.0000000000000000,3.9399734394120314,3.0000857434226265,-27.036972,-0.138478,27.1754500521581,198.9925093789401,0,4.1e-13
1.0020219513277304,0.0,0.0036836975349144,0.0000000000000000,0.0016355563004364,0.0000000000000000,3.9449734394120317,3.0000857037905395,-27.592033,-0.136896,27.7289287818906,205.3375235842071,0,2.4e-12
1.0020203826677818,0.0,0.0036836515781223,0.0000000000000000,0.0016473585819845,0.0000000000000000,3.9499734394120316,3.0000856634304469,-28.142294,-0.135313,28.2776067196905,211.7919616981549,0,2.8e-13
1.0020187885760565,0.0,0.0036836202288976,0.0000000000000000,0.0016591701365940,0.0000000000000000,3.9549734394120315,3.0000856223447214,-28.687527,-0.133732,28.8212588012844,218.3566057953049,0,3.8e-13
1.0020171691812747,0.0,0.0036836034053888,0.0000000000000000,0.0016709907859287,0.0000000000000000,3.9599734394120318,3.0000855805357554,-29.227507,-0.132152,29.3596595868882,225.0322289888977,0,2.7e-13
1.0020155246114300,0.0,0.0036836010255630,0.0000000000000000,0.0016828203526129,0.0000000000000000,3.9649734394120317,3.0000855380059508,-29.762008,-0.130576,29.8925834278589,231.8195967089762,0,7.4e-14
1.0020138549939797,0.0,0.0036836130072041,0.0000000000000000,0.0016946586600304,0.0000000000000000,3.9699734394120316,3.0000854947577236,-30.290802,-0.129003,30.4198045457059,238.7194663813438,0,1.7e-12
1.0020121604556398,0.0,0.0036836392679586,0.0000000000000000,0.0017065055326484,0.0000000000000000,3.9749734394120315,3.0000854507935002,-30.813664,-0.127434,30.9410971694135,245.7325883622432,0,4.1e-13
1.0020104411226396,0.0,0.0036836797252191,0.0000000000000000,0.0017183607956821,0.0000000000000000,3.9799734394120314,3.0000854061157214,-31.330366,-0.125869,31.4562354601910,252.8597026705942,0,3.5e-13
1.0020086971204474,0.0,0.0036837342962422,0.0000000000000000,0.0017302242755521,0.0000000000000000,3.9849734394120317,3.0000853607268390,-31.840684,-0.124310,31.9649937497155,260.1015417668366,0,2.3e-12
1.0020069285741369,0.0,0.0036838028982330,0.0000000000000000,0.0017420957988128,0.0000000000000000,3.9899734394120316,3.0000853146293145,-32.344390,-0.122756,32.4671466249436,267.4588303654157,0,2.0e-13
1.0020051356078641,0.0,0.0036838854480571,0.0000000000000000,0.0017539751941121,0.0000000000000000,3.9949734394120315,3.0000852678256238,-32.841260,-0.121209,32.9624688399667,274.9322819240147,0,1.7e-12
1.0020033183454937,0.0,0.0036839818626276,0.0000000000000000,0.0017658622897204,0.0000000000000000,3.9999734394120314,3.0000852203182533,-33.331068,-0.119668,33.4507356288496,282.5226028445521,0,7.3e-13
1.0020014769099617,0.0,0.0036840920585782,0.0000000000000000,0.0017777569163051,0.0000000000000000,4.0049734394120318,3.0000851721096988,-33.813589,-0.118133,33.9317226138303,290.2304888693856,0,1.9e-12
1.0019996114238419,0.0,0.0036842159524038,0.0000000000000000,0.0017896589043291,0.0000000000000000,4.0099734394120317,3.0000851232024690,-34.288600,-0.116606,34.4052059044397,298.0566248314297,0,5.1e-12
1.0019977220092966,0.0,0.0036843534607940,0.0000000000000000,0.0018015680844793,0.0000000000000000,4.0149734394120316,3.0000850735990818,-34.755876,-0.115086,34.8709624578569,306.0016906693409,0,6.1e-13
1.0019958087874217,0.0,0.0036845044998602,0.0000000000000000,0.0018134842903272,0.0000000000000000,4.0199734394120314,3.0000850233020682,-35.215196,-0.113574,35.3287696545261,314.0663499689928,0,3.1e-13
1.0019938718790866,0.0,0.0036846689859334,0.0000000000000000,0.0018254073548455,0.0000000000000000,4.0249734394120313,3.0000849723139664,-35.666336,-0.112070,35.7784058654066,322.2512603552550,0,7.3e-13
1.0019919114044995,0.0,0.0036848468351369,0.0000000000000000,0.0018373371123014,0.0000000000000000,4.0299734394120312,3.0000849206373261,-36.109077,-0.110574,36.2196502566738,330.5570669661236,0,3.4e-13
1.0019899274832633,0.0,0.0036850379635298,0.0000000000000000,0.0018492733979446,0.0000000000000000,4.0349734394120320,3.0000848682747079,-36.543197,-0.109086,36.6522830147048,338.9844055211670,0,3.8e-13
1.0019879202344772,0.0,0.0036852422870786,0.0000000000000000,0.0018612160477060,0.0000000000000000,4.0399734394120319,3.0000848152286808,-36.968479,-0.107606,37.0760853444133,347.5338999127262,0,1.5e-13
1.0019858897766627,0.0,0.0036854597216964,0.0000000000000000,0.0018731648984358,0.0000000000000000,4.0449734394120318,3.0000847615018236,-37.384704,-0.106136,37.4908396131652,356.2061634514174,0,6.8e-14
1.0019838362277618,0.0,0.0036856901832123,0.0000000000000000,0.0018851197879153,0.0000000000000000,4.0499734394120317,3.0000847070967249,-37.791656,-0.104673,37.8963294088016,365.0017979457872,0,1.7e-13
1.0019817597051688,0.0,0.0036859335873905,0.0000000000000000,0.0018970805548566,0.0000000000000000,4.0549734394120316,3.0000846520159827,-38.189119,-0.103220,38.2923396388509,373.9213937934380,0,6.5e-13
1.0019796603258042,0.0,0.0036861898499857,0.0000000000000000,0.0019090470384917,0.0000000000000000,4.0599734394120315,3.0000845962622034,-38.576881,-0.101776,38.6786566153565,382.9655297389015,0,2.3e-13
1.0019775382059277,0.0,0.0036864588866536,0.0000000000000000,0.0019210190793734,0.0000000000000000,4.0649734394120314,3.0000845398380029,-38.954727,-0.100341,39.0550681302550,392.1347723879328,0,1.2e-12
1.0019753934613462,0.0,0.0036867406130240,0.0000000000000000,0.0019329965186820,0.0000000000000000,4.0699734394120313,3.0000844827460051,-39.322448,-0.098915,39.4213635424268,401.4296758930692,0,9.5e-15
1.0019732262073031,0.0,0.0036870349447197,0.0000000000000000,0.0019449791984200,0.0000000000000000,4.0749734394120321,3.0000844249888430,-39.679836,-0.097498,39.7773338926096,410.8507827425677,0,1.3e-12
1.0019710365584946,0.0,0.0036873417973659,0.0000000000000000,0.0019569669614641,0.0000000000000000,4.0799734394120319,3.0000843665691566,-40.026681,-0.096091,40.1227719778650,420.3986232776586,0,1.4e-12
1.0019688246292060,0.0,0.0036876610864820,0.0000000000000000,0.0019689596514429,0.0000000000000000,4.0849734394120318,3.0000843074895975,-40.362779,-0.094693,40.4574723726477,430.0737130561973,0,2.3e-13
1.0019665905330273,0.0,0.0036879927276534,0.0000000000000000,0.0019809571130834,0.0000000000000000,4.0899734394120317,3.0000842477528207,-40.687927,-0.093304,40.7812316250431,439.8765567340330,0,1.2e-13
1.0019643343831306,0.0,0.0036883366364244,0.0000000000000000,0.0019929591917850,0.0000000000000000,4.0949734394120316,3.0000841873614923,-41.001923,-0.091925,41.0938482554398,449.8076446134922,0,1.3e-12
1.0019620562921787,0.0,0.0036886927284003,0.0000000000000000,0.0020049657336514,0.0000000000000000,4.0999734394120315,3.0000841263182831,-41.304568,-0.090555,41.3951228991915,459.8674547631992,0,6.3e-13
1.0019597563722868,0.0,0.0036890609190952,0.0000000000000000,0.0020169765859271,0.0000000000000000,4.1049734394120314,3.0000840646258746,-41.595663,-0.089195,41.6848583187935,470.0564497514479,0,7.4e-13
1.0019574347351079,0.0,0.0036894411241497,0.0000000000000000,0.0020289915963397,0.0000000000000000,4.1099734394120313,3.0000840022869530,-41.875015,-0.087845,41.9628595778530,480.3750803701313,0,1.0e-13
1.0019550914917457,0.0,0.0036898332591380,0.0000000000000000,0.0020410106137473,0.0000000000000000,4.1149734394120312,3.0000839393042131,-42.142431,-0.086503,42.2289340437680,490.8237817913795,0,9.6e-13
1.0019527267526125,0.0,0.0036902372392784,0.0000000000000000,0.0020530334889002,0.0000000000000000,4.1199734394120320,3.0000838756803629,-42.397720,-0.085172,42.4828914029270,501.4029688138382,0,4.6e-11
1.0019503406286581,0.0,0.0036906529816985,0.0000000000000000,0.0020650600677203,0.0000000000000000,4.1249734394120319,3.0000838114180892,-42.640694,-0.083850,42.7245443491612,512.1130713418925,0,5.9e-12
1.0019479332284731,0.0,0.0036910804005099,0.0000000000000000,0.0020770902067635,0.0000000000000000,4.1299734394120318,3.0000837465201275,-42.871170,-0.082538,42.9537073528693,522.9544573932051,0,7.2e-14
1.0019455046617238,0.0,0.0036915194118590,0.0000000000000000,0.0020891237559343,0.0000000000000000,4.1349734394120317,3.0000836809891953,-43.088963,-0.081235,43.1701980671636,533.9275091557968,0,3.2e-11
1.0019430550371780,0.0,0.0036919699324328,0.0000000000000000,0.0021011605665119,0.0000000000000000,4.1399734394120316,3.0000836148280059,-43.293895,-0.079941,43.3738369880204,545.0326046417140,0,2.9e-13
1.0019405844628193,0.0,0.0036924318771898,0.0000000000000000,0.0021132004939962,0.0000000000000000,4.1449734394120314,3.0000835480393073,-43.485789,-0.078658,43.5644470347652,556.2700753341604,0,2.3e-13
1.0019380930464290,0.0,0.0036929051624081,0.0000000000000000,0.0021252433921153,0.0000000000000000,4.1499734394120313,3.0000834806258330,-43.664471,-0.077384,43.7418543052373,567.6402585054200,0,9.2e-13
1.0019355808952755,0.0,0.0036933897041315,0.0000000000000000,0.0021372891159074,0.0000000000000000,4.1549734394120312,3.0000834125903268,-43.829769,-0.076119,43.9058878152839,579.1434711087697,0,8.3e-13
1.0019330481160853,0.0,0.0036938854184375,0.0000000000000000,0.0021493375215070,0.0000000000000000,4.1599734394120320,3.0000833439355414,-43.981516,-0.074864,44.0563796285498,590.7800129543306,0,2.7e-13
1.0019304948151961,0.0,0.0036943922215578,0.0000000000000000,0.0021613884654787,0.0000000000000000,4.1649734394120319,3.0000832746642287,-44.119547,-0.073618,44.1931649553664,602.5501694888893,0,8.4e-13
1.0019279210984124,0.0,0.0036949100297338,0.0000000000000000,0.0021734418055811,0.0000000000000000,4.1699734394120318,3.0000832047791532,-44.243700,-0.072382,44.3160822063467,614.4542080823570,0,2.6e-12
1.0019253270711750,0.0,0.0036954387594399,0.0000000000000000,0.0021854973996290,0.0000000000000000,4.1749734394120317,3.0000831342830776,-44.353817,-0.071156,44.4249730846084,626.4923824159581,0,5.4e-14
1.0019227128383572,0.0,0.0036959783270981,0.0000000000000000,0.0021975551070615,0.0000000000000000,4.1799734394120316,3.0000830631787743,-44.449744,-0.069939,44.5196826426843,638.6649266859442,0,3.8e-13
1.0019200785044373,0.0,0.0036965286493426,0.0000000000000000,0.0022096147875858,0.0000000000000000,4.1849734394120315,3.0000829914690179,-44.531329,-0.068731,44.6000593661942,650.9720601363275,0,1.9e-12
1.0019174241734468,0.0,0.0036970896428475,0.0000000000000000,0.0022216763018229,0.0000000000000000,4.1899734394120314,3.0000829191565899,-44.598423,-0.067532,44.6659552425768,663.4139837322915,0,2.2e-13
1.0019147499489471,0.0,0.0036976612244989,0.0000000000000000,0.0022337395110496,0.0000000000000000,4.1949734394120313,3.0000828462442737,-44.650882,-0.066343,44.7172258263391,675.9908830630419,0,2.0e-13
1.0019120559342301,0.0,0.0036982433109528,0.0000000000000000,0.0022458042774946,0.0000000000000000,4.1999734394120321,3.0000827727348653,-44.688567,-0.065164,44.7537303513158,688.7029188690229,0,3.6e-11
1.0019093422314884,0.0,0.0036988358201483,0.0000000000000000,0.0022578704637670,0.0000000000000000,4.2049734394120319,3.0000826986311360,-44.711338,-0.063993,44.7753316088384,701.5502594370479,0,1.9e-12
1.0019066089434450,0.0,0.0036994386685000,0.0000000000000000,0.0022699379336741,0.0000000000000000,4.2099734394120318,3.0000826239359051,-44.719064,-0.062832,44.7818963809449,714.5330191319899,0,3.9e-14
1.0019038561716966,0.0,0.0037000517736056,0.0000000000000000,0.0022820065517209,0.0000000000000000,4.2149734394120317,3.0000825486519642,-44.711615,-0.061680,44.7732951491324,727.6513177991787,0,1.5e-12
1.0019010840177935,0.0,0.0037006750529371,0.0000000000000000,0.0022940761828007,0.0000000000000000,4.2199734394120316,3.0000824727821209,-44.688865,-0.060538,44.7494023635303,740.9052493170301,0,1.4e-11
1.0018954819664838,0.0,0.0037019518056966,0.0000000000000000,0.0023182179472877,0.0000000000000000,4.2299734394120314,3.0000823192959523,-44.596980,-0.058280,44.6552594946944,767.8203206240811,0,5.1e-13
1.0018898035918529,0.0,0.0037032682699336,0.0000000000000000,0.0023423621633244,0.0000000000000000,4.2399734394120312,3.0000821634999015,-44.442485,-0.056059,44.4985435053484,795.2786354754512,0,2.9e-11
1.0018840496897843,0.0,0.0037046237913673,0.0000000000000000,0.0023665077783305,0.0000000000000000,4.2499734394120319,3.0000820054165245,-44.224523,-0.053873,44.2783965649728,823.2802931189112,0,2.9e-11
1.0018782210493518,0.0,0.0037060177187213,0.0000000000000000,0.0023906537503168,0.0000000000000000,4.2599734394120317,3.0000818450684261,-43.942305,-0.051724,43.9940288538251,851.8250965534107,0,4.5e-13
1.0018723184529681,0.0,0.0037074494043530,0.0000000000000000,0.0024147990487995,0.0000000000000000,4.2699734394120314,3.0000816824782288,-43.595110,-0.049610,43.6447201173004,880.9125505957106,0,1.4e-13
1.0018663426767729,0.0,0.0037089182024329,0.0000000000000000,0.0024389426557254,0.0000000000000000,4.2799734394120321,3.0000815176686220,-43.182290,-0.047532,43.2298221311506,910.5418231087596,0,6.2e-11
1.0018602944903376,0.0,0.0037104234728444,0.0000000000000000,0.0024630835608013,0.0000000000000000,4.2899734394120319,3.0000813506622794,-42.703270,-0.045489,42.7487582666506,940.7118113135435,0,2.8e-12
1.0018541746570966,0.0,0.0037119645756240,0.0000000000000000,0.0024872207696986,0.0000000000000000,4.2999734394120317,3.0000811814819643,-42.157548,-0.043480,42.2010281083681,971.4210285972508,0,8.0e-14
1.0018479839342012,0.0,0.0037135408765657,0.0000000000000000,0.0025113532950773,0.0000000000000000,4.3099734394120315,3.0000810101504238,-41.544700,-0.041506,41.5862055447512,1002.6677073851890,0,4.2e-13
1.0018417230726411,0.0,0.0037151517445962,0.0000000000000000,0.0025354801616351,0.0000000000000000,4.3199734394120313,3.0000808366904304,-40.864376,-0.039565,40.9039416212881,1034.4497402583197,0,9.6e-13
1.0018353928173747,0.0,0.0037167965524495,0.0000000000000000,0.0025596004044996,0.0000000000000000,4.3299734394120319,3.0000806611247763,-40.116306,-0.037659,40.1539652470701,1066.7646886337780,0,1.9e-13
1.0018289939073879,0.0,0.0037184746768515,0.0000000000000000,0.0025837130691447,0.0000000000000000,4.3399734394120317,3.0000804834762604,-39.300298,-0.035786,39.3360841057665,1099.6097805690440,0,2.7e-13
1.0018225270757632,0.0,0.0037201854985507,0.0000000000000000,0.0026078172114242,0.0000000000000000,4.3499734394120315,3.0000803037676933,-38.416239,-0.033946,38.4501855402074,1132.9819068607446,0,7.4e-13
1.0018159930497741,0.0,0.0037219284024780,0.0000000000000000,0.0026319118973785,0.0000000000000000,4.3599734394120313,3.0000801220218869,-37.464098,-0.032139,37.4962372712424,1166.8776186937409,0,2.0e-13
1.0018093925507481,0.0,0.0037237027798348,0.0000000000000000,0.0026559961992539,0.0000000000000000,4.3699734394120320,3.0000799382616194,-36.443920,-0.030365,36.4742852063938,1201.2931748973829,0,2.9e-10
1.0018027262951756,0.0,0.0037255080183464,0.0000000000000000,0.0026800692144249,0.0000000000000000,4.3799734394120318,3.0000797525098015,-35.355844,-0.028623,35.3844675657288,1236.2242984218490,0,9.5e-14
1.0017959949927311,0.0,0.0037273435220431,0.0000000000000000,0.0027041300272543,0.0000000000000000,4.3899734394120316,3.0000795647891354,-34.200075,-0.026913,34.2269880003172,1271.6666567176803,0,1.4e-13
1.0017891993484067,0.0,0.0037292086917411,0.0000000000000000,0.0027281777468692,0.0000000000000000,4.3999734394120313,3.0000793751224442,-32.976908,-0.025235,33.0021429449699,1307.6153804063488,0,7.2e-12
1.0017823400615207,0.0,0.0037311029346796,0.0000000000000000,0.0027522114885927,0.0000000000000000,4.4099734394120320,3.0000791835325100,-31.686720,-0.023588,31.7103084744501,1344.0652974094978,0,9.9e-14
1.0017754178261264,0.0,0.0037330256632134,0.0000000000000000,0.0027762303764330,0.0000000000000000,4.4199734394120318,3.0000789900420921,-30.329970,-0.021973,30.3519423367198,1381.0108950651379,0,6.4e-12
1.0017684333299557,0.0,0.0037349762945712,0.0000000000000000,0.0028002335462341,0.0000000000000000,4.4299734394120316,3.0000787946739140,-28.907195,-0.020388,28.9275834263747,1418.4463227832055,0,4.8e-11
1.0017613872591284,0.0,0.0037369542503472,0.0000000000000000,0.0028242201348783,0.0000000000000000,4.4399734394120314,3.0000785974507433,-27.419022,-0.018834,27.4378554699241,1456.3653424061013,0,2.1e-13
1.0017542802894577,0.0,0.0037389589580184,0.0000000000000000,0.0028481892999035,0.0000000000000000,4.4499734394120321,3.0000783983952264,-25.866149,-0.017310,25.8834586621250,1494.7614303191961,0,1.1e-11
1.0017471130949847,0.0,0.0037409898495635,0.0000000000000000,0.0028721402009251,0.0000000000000000,4.4599734394120318,3.0000781975300401,-24.249362,-0.015816,24.2651773227137,1533.6276740727947,0,7.1e-14
1.0017398863440632,0.0,0.0037430463624431,0.0000000000000000,0.0028960720067837,0.0000000000000000,4.4699734394120316,3.0000779948778176,-22.569523,-0.014351,22.5838742126063,1572.9568382013151,0,4.2e-13
1.0017326006999892,0.0,0.0037451279391987,0.0000000000000000,0.0029199838961588,0.0000000000000000,4.4799734394120314,3.0000777904611557,-20.827575,-0.012917,20.8404919006992,1612.7413380658834,0,2.7e-12
1.0017252568213542,0.0,0.0037472340278844,0.0000000000000000,0.0029438750555501,0.0000000000000000,4.4899734394120312,3.0000775843026148,-19.024540,-0.011511,19.0360509773458,1652.9732538770863,0,3.3e-13
1.0017178553617379,0.0,0.0037493640817213,0.0000000000000000,0.0029677446807230,0.0000000000000000,4.4999734394120319,3.0000773764247128,-17.161516,-0.010134,17.1716495054551,1693.6443265495559,0,5.9e-13
1.0017103969702057,0.0,0.0037515175594758,0.0000000000000000,0.0029915919750892,0.0000000000000000,4.5099734394120317,3.0000771668499300,-15.239676,-0.008786,15.2484615393529,1734.7459656698352,0,5.4e-14
1.0017028822910892,0.0,0.0037536939254082,0.0000000000000000,0.0030154161505531,0.0000000000000000,4.5199734394120314,3.0000769556006994,-13.260270,-0.007466,13.2677360951617,1776.2692495524132,0,4.0e-14
1.0016953119641510,0.0,0.0037558926493007,0.0000000000000000,0.0030392164271101,0.0000000000000000,4.5299734394120312,3.0000767426994068,-11.224622,-0.006174,11.2307956541957,1818.2049305852977,0,4.4e-13
1.0016876866246449,0.0,0.0037581132065421,0.0000000000000000,0.0030629920327262,0.0000000000000000,4.5399734394120319,3.0000765281683881,-9.134125,-0.004910,9.1390346981119,1860.5434390473051,0,2.5e-13
1.0016800069033887,0.0,0.0037603550781382,0.0000000000000000,0.0030867422032780,0.0000000000000000,4.5499734394120317,3.0000763120299303,-6.990245,-0.003673,6.9939181936994,1903.2748867953294,0,4.3e-13
1.0016722734268118,0.0,0.0037626177507777,0.0000000000000000,0.0031104661824475,0.0000000000000000,4.5599734394120315,3.0000760943062645,-4.794516,-0.002463,4.7969797970351,1946.3890730801079,0,1.4e-13
1.0016644868170570,0.0,0.0037649007168791,0.0000000000000000,0.0031341632215128,0.0000000000000000,4.5699734394120313,3.0000758750195664,-2.548539,-0.001281,2.5498200766161,1989.8754896509229,0,2.9e-13
1.0016566476920392,0.0,0.0037672034746706,0.0000000000000000,0.0031578325790719,0.0000000000000000,4.5799734394120319,3.0000756541919538,-0.253979,-0.000125,0.2541042298281,2033.7233303222336,0,2.1e-11
1.0016487566652668,0.0,0.0037695255279332,0.0000000000000000,0.0031814735226000,0.0000000000000000,4.5899734394120317,3.0000754318454823,2.087434,0.001005,-2.0884383927642,2077.9214801355224,0,2.2e-11
1.0016408143467626,0.0,0.0037718663863949,0.0000000000000000,0.0032050853246229,0.0000000000000000,4.5999734394120315,3.0000752080021580,4.473910,0.002108,-4.4760180100566,2122.4585413849672,0,9.7e-13
1.0016328213417571,0.0,0.0037742255658482,0.0000000000000000,0.0032286672666472,0.0000000000000000,4.6099734394120313,3.0000749826839046,6.903602,0.003185,-6.9067874135296,2167.3228450908387,0,2.9e-14
1.0016247782518912,0.0,0.0037766025874961,0.0000000000000000,0.0032522186371445,0.0000000000000000,4.6199734394120320,3.0000747559125953,9.374604,0.004237,-9.3788410707734,2212.5024278331775,0,1.3e-11
1.0016166856749866,0.0,0.0037789969790807,0.0000000000000000,0.0032757387305041,0.0000000000000000,4.6299734394120318,3.0000745277100260,11.884957,0.005264,-11.8902208474280,2257.9850739432263,0,1.8e-13
1.0016085442047380,0.0,0.0037814082734306,0.0000000000000000,0.0032992268498562,0.0000000000000000,4.6399734394120316,3.0000742980979358,14.432650,0.006265,-14.4389154443707,2303.7582905621675,0,1.0e-13
1.0016003544312400,0.0,0.0037838360098286,0.0000000000000000,0.0033226823040844,0.0000000000000000,4.6499734394120313,3.0000740670979855,17.015624,0.007242,-17.0228653172879,2349.8093426816572,0,6.6e-14
1.0015921169408282,0.0,0.0037862797333491,0.0000000000000000,0.0033461044091583,0.0000000000000000,4.6599734394120320,3.0000738347317659,19.631770,0.008194,-19.6399640790186,2396.1252484400925,0,6.6e-13
1.0015838323161776,0.0,0.0037887389950017,0.0000000000000000,0.0033694924877928,0.0000000000000000,4.6699734394120318,3.0000736010207953,22.278940,0.009121,-22.2880612861560,2442.6927896692114,0,3.9e-13
1.0015755011363840,0.0,0.0037912133517582,0.0000000000000000,0.0033928458692907,0.0000000000000000,4.6799734394120316,3.0000733659865184,24.954940,0.010025,-24.9649652496245,2489.4985220846270,0,1.2e-13
1.0015671239770019,0.0,0.0037937023665239,0.0000000000000000,0.0034161638895671,0.0000000000000000,4.6899734394120314,3.0000731296503029,27.657541,0.010905,-27.6684457032085,2536.5287837498472,0,8.7e-14
1.0015587014101310,0.0,0.0037962056081752,0.0000000000000000,0.0034394458909701,0.0000000000000000,4.6999734394120321,3.0000728920334407,30.384475,0.011761,-30.3962366118570,2583.7697047362799,0,2.7e-13
1.0015502340044604,0.0,0.0037987226515390,0.0000000000000000,0.0034626912222667,0.0000000000000000,4.7099734394120318,3.0000726531571451,33.133445,0.012594,-33.1460390333654,2631.2072172092689,0,6.8e-14
1.0015417223253373,0.0,0.0038012530774075,0.0000000000000000,0.0034858992385303,0.0000000000000000,4.7199734394120316,3.0000724130425476,35.902119,0.013405,-35.9155240354484,2678.8270657896132,0,3.2e-12
1.0015331669348224,0.0,0.0038037964730549,0.0000000000000000,0.0035090693001076,0.0000000000000000,4.7299734394120314,3.0000721717106953,38.688146,0.014192,-38.7023382377081,2726.6148440142206,0,1.1e-10
1.0015245683918248,0.0,0.0038063524295112,0.0000000000000000,0.0035322007774918,0.0000000000000000,4.7399734394120321,3.0000719291825839,41.489136,0.014957,-41.5040926186008,2774.5558645124975,0,4.9e-13
1.0015159272519676,0.0,0.0038089205470795,0.0000000000000000,0.0035552930412731,0.0000000000000000,4.7499734394120319,3.0000716854790763,44.302695,0.015699,-44.3183946017087,2822.6354584750470,0,9.2e-14
1.0015072440678716,0.0,0.0038115004297656,0.0000000000000000,0.0035783454720827,0.0000000000000000,4.7599734394120317,3.0000714406209852,47.126401,0.016420,-47.1428214112041,2870.8386930099978,0,2.6e-13
1.0014985193888088,0.0,0.0038140916863722,0.0000000000000000,0.0036013574594490,0.0000000000000000,4.7699734394120314,3.0000711946290504,49.957810,0.017119,-49.9749287114438,2919.1504366428417,0,3.4e-10
1.0014897537621663,0.0,0.0038166939383078,0.0000000000000000,0.0036243283832403,0.0000000000000000,4.7799734394120312,3.0000709475238483,52.794502,0.017796,-52.8122977554699,2967.5558137418684,0,3.6e-14
1.0014809477307820,0.0,0.0038193068028564,0.0000000000000000,0.0036472576524434,0.0000000000000000,4.7899734394120319,3.0000706993259838,55.633992,0.018452,-55.6524438503932,3016.0392680354298,0,4.8e-13
1.0014721018357007,0.0,0.0038219299104613,0.0000000000000000,0.0036701446646791,0.0000000000000000,4.7999734394120317,3.0000704500558930,58.473833,0.019087,-58.4929209912727,3064.5855911592207,0,2.2e-10
1.0014632166149153,0.0,0.0038245628933438,0.0000000000000000,0.0036929888338060,0.0000000000000000,4.8099734394120315,3.0000701997339636,61.311541,0.019702,-61.3312428469044,3113.1791196782196,0,2.3e-13
1.0014542926036283,0.0,0.0038272053931897,0.0000000000000000,0.0037157895694152,0.0000000000000000,4.8199734394120313,3.0000699483804611,64.144669,0.020296,-64.1649644459526,3161.8045207540090,0,6.2e-13
1.0014453303343755,0.0,0.0038298570551072,0.0000000000000000,0.0037385462933246,0.0000000000000000,4.8299734394120319,3.0000696960155850,66.970747,0.020869,-66.9916161609248,3210.4461270403744,0,1.7e-13
1.0014363303370390,0.0,0.0038325175305948,0.0000000000000000,0.0037612584313093,0.0000000000000000,4.8399734394120317,3.0000694426594374,69.787318,0.021423,-69.8087409681313,3259.0882851264087,0,5.0e-13
1.0014272931389208,0.0,0.0038351864769368,0.0000000000000000,0.0037839254146455,0.0000000000000000,4.8499734394120315,3.0000691883320281,72.591934,0.021957,-72.6138907070565,3307.7153019810944,0,4.6e-13
1.0014182192647887,0.0,0.0038378635571838,0.0000000000000000,0.0038065466800777,0.0000000000000000,4.8599734394120313,3.0000689330532753,75.382158,0.022471,-75.4046289494750,3356.3114565647011,0,6.2e-13
1.0014091092373256,0.0,0.0038405484399994,0.0000000000000000,0.0038291216682854,0.0000000000000000,4.8699734394120320,3.0000686768430214,78.155572,0.022966,-78.1785379262159,3404.8610531874119,0,1.1e-10
1.0013999635752018,0.0,0.0038432408001820,0.0000000000000000,0.0038516498314327,0.0000000000000000,4.8799734394120318,3.0000684197209533,80.909759,0.023442,-80.9332010123369,3453.3482258817812,0,2.6e-13
1.0013907827970960,0.0,0.0038459403175674,0.0000000000000000,0.0038741306178830,0.0000000000000000,4.8899734394120316,3.0000681617067548,83.642347,0.023899,-83.6662463449772,3501.7573670153620,0,6.9e-14
1.0013815674177753,0.0,0.0038486466780784,0.0000000000000000,0.0038965634874017,0.0000000000000000,4.8999734394120313,3.0000679028199539,86.350971,0.024338,-86.3753087627729,3550.0727228711289,0,2.9e-13
1.0013723179501763,0.0,0.0038513595741480,0.0000000000000000,0.0039189479015800,0.0000000000000000,4.9099734394120320,3.0000676430799862,89.033302,0.024758,-89.0580607888368,3598.2786918565703,0,2.2e-10
1.0013630349048164,0.0,0.0038540786996985,0.0000000000000000,0.0039412833351831,0.0000000000000000,4.9199734394120318,3.0000673825062480,91.687011,0.025161,-91.7121712664551,3646.3593996835489,0,1.3e-11
1.0013537187902246,0.0,0.0038568037601744,0.0000000000000000,0.0039635692569775,0.0000000000000000,4.9299734394120316,3.0000671211179526,94.309841,0.025545,-94.3353860019051,3694.2994831545329,0,9.1e-11
1.0013443701129274,0.0,0.0038595344636209,0.0000000000000000,0.0039858051455094,0.0000000000000000,4.9399734394120314,3.0000668589342667,96.899553,0.025912,-96.9254654389874,3742.0834615941048,0,4.6e-11
1.0013349893771109,0.0,0.0038622705223058,0.0000000000000000,0.0040079904882527,0.0000000000000000,4.9499734394120321,3.0000665959742672,99.453926,0.026261,-99.4801874621953,3789.6957513210946,0,5.2e-12
1.0013255770850096,0.0,0.0038650116557203,0.0000000000000000,0.0040301247736120,0.0000000000000000,4.9599734394120318,3.0000663322569152,101.970797,0.026594,-101.9973905316741,3837.1210788702447,0,8.0e-11
1.0013161337366561,0.0,0.0038677575891465,0.0000000000000000,0.0040522074953091,0.0000000000000000,4.9699734394120316,3.0000660678010593,104.448046,0.026909,-104.4749545287858,3884.3442803363669,0,3.9e-13
1.0013066598305378,0.0,0.0038705080510314,0.0000000000000000,0.0040742381549808,0.0000000000000000,4.9799734394120314,3.0000658026254934,106.883576,0.027208,-106.9107840777681,3931.3501291958401,0,4.9e-11
1.0012971558631705,0.0,0.0038732627783195,0.0000000000000000,0.0040962162546363,0.0000000000000000,4.9899734394120321,3.0000655367488580,109.275358,0.027490,-109.3028480331810,3978.1237140419125,0,1.3e-11
1.0012876223288352,0.0,0.0038760215102505,0.0000000000000000,0.0041181413063774,0.0000000000000000,4.9999734394120319,3.0000652701897392,111.621395,0.027756,-111.6491510483947,4024.6501437179759,0,5.2e-13
1.0012780597197839,0.0,0.0038787839925183,0.0000000000000000,0.0041400128268086,0.0000000000000000,5.0099734394120317,3.0000650029665965,113.919739,0.028006,-113.9477450623075,4070.9146563489508,0,1.3e-10
1.0012684685285334,0.0,0.0038815499777912,0.0000000000000000,0.0041618303287098,0.0000000000000000,5.0199734394120314,3.0000647350978089,116.168516,0.028240,-116.1967562862444,4116.9028872434665,0,4.7e-13
1.0012588492426278,0.0,0.0038843192208376,0.0000000000000000,0.0041835933440637,0.0000000000000000,5.0299734394120321,3.0000644666016254,118.365871,0.028459,-118.3943296210915,4162.6002851122830,0,3.7e-12
1.0012492023500408,0.0,0.0038870914836262,0.0000000000000000,0.0042053014004792,0.0000000000000000,5.0399734394120319,3.0000641974962177,120.510026,0.028662,-120.5386878412030,4207.9927176376750,0,3.4e-13
1.0012395283365498,0.0,0.0038898665327886,0.0000000000000000,0.0042269540328884,0.0000000000000000,5.0499734394120317,3.0000639277996437,122.599254,0.028850,-122.6281037651556,4253.0661765556088,0,1.9e-12
1.0012298276862885,0.0,0.0038926441400191,0.0000000000000000,0.0042485507812458,0.0000000000000000,5.0599734394120315,3.0000636575298625,124.631885,0.029023,-124.6609085351521,4297.8068562550052,0,1.4e-13
1.0012201008819523,0.0,0.0038954240817431,0.0000000000000000,0.0042700911909080,0.0000000000000000,5.0699734394120313,3.0000633867047357,126.606304,0.029182,-126.6354854594286,4342.2010900144114,0,1.6e-10
1.0012103484039412,0.0,0.0038982061408236,0.0000000000000000,0.0042915748104966,0.0000000000000000,5.0799734394120319,3.0000631153419937,128.520983,0.029326,-128.5503096583219,4386.2357271232968,0,6.4e-13
1.0012005707322023,0.0,0.0039009901029624,0.0000000000000000,0.0043130011962296,0.0000000000000000,5.0899734394120317,3.0000628434593035,130.374416,0.029456,-130.4038717259816,4429.8973958728229,0,2.0e-13
1.0011907683444308,0.0,0.0039037757602320,0.0000000000000000,0.0043343699075908,0.0000000000000000,5.0999734394120315,3.0000625710742006,132.165185,0.029572,-132.1947569007866,4473.1732618128799,0,1.2e-12
1.0011809417170230,0.0,0.0039065629092467,0.0000000000000000,0.0043556805095036,0.0000000000000000,5.1099734394120313,3.0000622982041212,133.891933,0.029674,-133.9216067297441,4516.0506573829316,0,3.4e-12
1.0011710913249083,0.0,0.0039093513515273,0.0000000000000000,0.0043769325718061,0.0000000000000000,5.1199734394120320,3.0000620248663972,74.050882,61.532247,-135.5831292429863,4558.5171783966089,0,1.4e-12
1.0011612176415823,0.0,0.0039121408933547,0.0000000000000000,0.0043981256694685,0.0000000000000000,5.1299734394120318,3.0000617510782512,78.879674,58.298424,-137.1780978067535,4600.5606720984106,0,1.4e-12
1.0011513211391203,0.0,0.0039149313458034,0.0000000000000000,0.0044192593824685,0.0000000000000000,5.1399734394120316,3.0000614768568035,82.376673,56.328680,-138.7053529916690,4642.1692552829882,0,1.1e-11
1.0011414022882241,0.0,0.0039177225248673,0.0000000000000000,0.0044403332954883,0.0000000000000000,5.1499734394120313,3.0000612022190616,85.252325,54.911480,-140.1638051507366,4683.3313398664559,0,3.5e-13
1.0011314615582239,0.0,0.0039205142509551,0.0000000000000000,0.0044613469987260,0.0000000000000000,5.1599734394120320,3.0000609271819307,87.724283,53.828147,-141.5524300202977,4724.0355911183851,0,2.9e-13
1.0011214994170994,0.0,0.0039233063493354,0.0000000000000000,0.0044823000871117,0.0000000000000000,5.1699734394120318,3.0000606517622042,89.893410,52.976864,-142.8702742897379,4764.2709836417926,0,2.8e-12
1.0011115163314168,0.0,0.0039260986499128,0.0000000000000000,0.0045031921608405,0.0000000000000000,5.1799734394120316,3.0000603759765645,91.815789,52.300665,-144.1164533602032,4804.0267815310344,0,1.1e-11
1.0011015127665746,0.0,0.0039288909868949,0.0000000000000000,0.0045240228251557,0.0000000000000000,5.1899734394120314,3.0000600998415941,93.526038,51.764115,-145.2901525682121,4843.2925541002369,0,2.9e-11
1.0010914891866303,0.0,0.0039316831997043,0.0000000000000000,0.0045447916896168,0.0000000000000000,5.1999734394120321,3.0000598233737512,95.046994,51.343636,-146.3906290995777,4882.0581978470791,0,1.5e-11
1.0010814460542601,0.0,0.0039344751316193,0.0000000000000000,0.0045654983700904,0.0000000000000000,5.2099734394120318,3.0000595465893922,96.394374,51.022831,-147.4172054631777,4920.3138761427408,0,1.9e-11
1.0010713838309433,0.0,0.0039372666305518,0.0000000000000000,0.0045861424870516,0.0000000000000000,5.2199734394120316,3.0000592695047628,97.579306,50.789971,-148.3692770034922,4958.0500979280187,0,3.9e-11
1.0010613029768327,0.0,0.0039400575490241,0.0000000000000000,0.0046067236657400,0.0000000000000000,5.2299734394120314,3.0000589921359939,98.609780,50.636537,-149.2463167524851,4995.2577682468273,0,5.6e-11
1.0010512039511190,0.0,0.0039428477439152,0.0000000000000000,0.0046272415369234,0.0000000000000000,5.2399734394120312,3.0000587144991022,99.491470,50.556373,-150.0478431471001,5031.9278879111480,0,1.2e-12
1.0010410872111186,0.0,0.0039456370763247,0.0000000000000000,0.0046476957369354,0.0000000000000000,5.2499734394120319,3.0000584366099914,100.228396,50.545078,-150.7734737763634,5068.0520668344989,0,4.0e-12
1.0010309532130512,0.0,0.0039484254099846,0.0000000000000000,0.0046680859100125,0.0000000000000000,5.2599734394120317,3.0000581584844759,100.823171,50.599698,-151.4228692475596,5103.6219986948472,0,1.7e-10
1.0010208024139735,0.0,0.0039512126197436,0.0000000000000000,0.0046884116907652,0.0000000000000000,5.2699734394120314,3.0000578801381916,101.277370,50.718440,-151.9958099009970,5138.6302175297233,0,1.8e-10
1.0010106352658112,0.0,0.0039539985743769,0.0000000000000000,0.0047086727440131,0.0000000000000000,5.2799734394120321,3.0000576015867306,101.591386,50.900660,-152.4920465585375,5173.0686357836084,0,5.9e-13
1.0010004522220377,0.0,0.0039567831542330,0.0000000000000000,0.0047288687206712,0.0000000000000000,5.2899734394120319,3.0000573228455334,101.764868,51.146635,-152.9115025648802,5206.9305264215191,0,5.5e-11
1.0009902537342885,0.0,0.0039595662412803,0.0000000000000000,0.0047489992838885,0.0000000000000000,5.2999734394120317,3.0000570439299299,101.796398,51.457703,-153.2541016717004,5240.2088696720220,0,6.9e-13
1.0009800402527944,0.0,0.0039623477222495,0.0000000000000000,0.0047690641005847,0.0000000000000000,5.3099734394120315,3.0000567648551311,101.683616,51.836250,-153.5198654345239,5272.8972897714457,0,1.1e-12
1.0009698122266693,0.0,0.0039651274876679,0.0000000000000000,0.0047890628435995,0.0000000000000000,5.3199734394120313,3.0000564856362328,101.422998,52.285870,-153.7088672646898,5304.9896304453505,0,8.5e-13
1.0009595701037599,0.0,0.0039679054321748,0.0000000000000000,0.0048089951910033,0.0000000000000000,5.3299734394120319,3.0000562062882099,101.009669,52.811579,-153.8212481424136,5336.4801123240613,0,8.9e-13
1.0009493143306989,0.0,0.0039706814544509,0.0000000000000000,0.0048288608261508,0.0000000000000000,5.3399734394120317,3.0000559268259219,100.437055,53.420158,-153.8572124458461,5367.3633036749789,0,4.3e-12
1.0009390453524214,0.0,0.0039734554567632,0.0000000000000000,0.0048486594392749,0.0000000000000000,5.3499734394120315,3.0000556472641007,99.696346,54.120681,-153.8170268380716,5397.6341169598481,0,2.5e-11
1.0009287636140944,0.0,0.0039762273467255,0.0000000000000000,0.0048683907209395,0.0000000000000000,5.3599734394120313,3.0000553676173696,98.775684,54.925338,-153.7010223879625,5427.2878509220482,0,1.9e-12
1.0009184695575117,0.0,0.0039789970338160,0.0000000000000000,0.0048880543744821,0.0000000000000000,5.3699734394120320,3.0000550879002161,97.658812,55.850772,-153.5095845407688,5456.3200849663372,0,3.9e-12
1.0009081636247219,0.0,0.0039817644327554,0.0000000000000000,0.0049076501035891,0.0000000000000000,5.3799734394120318,3.0000548081270177,96.322842,56.920318,-153.2431597007332,5484.7267741327778,0,4.0e-11
1.0008978462556579,0.0,0.0039845294618180,0.0000000000000000,0.0049271776191838,0.0000000000000000,5.3899734394120316,3.0000545283120172,94.734223,58.168043,-152.9022658433263,5512.5043434960771,0,7.2e-11
1.0008875178893570,0.0,0.0039872920426665,0.0000000000000000,0.0049466366383265,0.0000000000000000,5.3999734394120313,3.0000542484693415,92.840586,59.646858,-152.4874438909600,5539.6492559879225,0,3.1e-11
1.0008771789630269,0.0,0.0039900521013157,0.0000000000000000,0.0049660268821620,0.0000000000000000,5.4099734394120320,3.0000539686129901,90.552746,61.446605,-151.9993516053719,5566.1588862681656,0,4.2e-10
1.0008668299147436,0.0,0.0039928095674014,0.0000000000000000,0.0049853480765562,0.0000000000000000,5.4199734394120318,3.0000536887568474,87.693446,63.745126,-151.4385723490435,5592.0297846095073,0,2.3e-11
1.0008564711774459,0.0,0.0039955643737389,0.0000000000000000,0.0050045999567551,0.0000000000000000,5.4299734394120316,3.0000534089146491,83.790169,67.015742,-150.8059114855522,5617.2603828711290,0,3.6e-13
1.0008461031854059,0.0,0.0039983164570273,0.0000000000000000,0.0050237822608736,0.0000000000000000,5.4399734394120314,3.0000531291000261,150.075491,0.026619,-150.1021101854094,5641.8484091512219,0,9.5e-11
1.0008357263710044,0.0,0.0040010657581731,0.0000000000000000,0.0050428947319438,0.0000000000000000,5.4499734394120321,3.0000528493264711,149.301627,0.026370,-149.3279961930672,5665.7922675569098,0,1.7e-10
1.0008253411641772,0.0,0.0040038122217293,0.0000000000000000,0.0050619371204856,0.0000000000000000,5.4599734394120318,3.0000525696073255,148.458343,0.026113,-148.4844558472517,5689.0907881077292,0,2.8e-13
1.0008149479950350,0.0,0.0040065557940931,0.0000000000000000,0.0050809091826360,0.0000000000000000,5.4699734394120316,3.0000522899558568,147.546525,0.025849,-147.5723742143841,5711.7427091166956,0,1.1e-12
1.0008045472911813,0.0,0.0040092964279623,0.0000000000000000,0.0050998106768085,0.0000000000000000,5.4799734394120314,3.0000520103851511,146.567185,0.025579,-146.5927644003572,5733.7478464501492,0,5.7e-10
1.0007941394787827,0.0,0.0040120340747329,0.0000000000000000,0.0051186413775923,0.0000000000000000,5.4899734394120312,3.0000517309082042,145.521203,0.025302,-145.5465050756588,5755.1047408969989,0,1.0e-11
1.0007837249828175,0.0,0.0040147686956114,0.0000000000000000,0.0051374010503457,0.0000000000000000,5.4999734394120319,3.0000514515378383,144.409742,0.025018,-144.4347605737839,5775.8144572918918,0,9.0e-13
1.0007733042258811,0.0,0.0040175002505332,0.0000000000000000,0.0051560894779902,0.0000000000000000,5.5099734394120317,3.0000511722867627,143.233844,0.024728,-143.2585723704244,5795.8769088768076,0,2.8e-11
1.0007628776315061,0.0,0.0040202287058576,0.0000000000000000,0.0051747064391502,0.0000000000000000,5.5199734394120314,3.0000508931675713,141.994631,0.024432,-142.0190628506128,5815.2927194501117,0,9.4e-13
1.0007524456179486,0.0,0.0040229540282579,0.0000000000000000,0.0051932517297888,0.0000000000000000,5.5299734394120321,3.0000506141926913,140.693253,0.024130,-140.7173828129676,5834.0627342835378,0,1.9e-12
1.0007420086042491,0.0,0.0040256761894566,0.0000000000000000,0.0052117251444615,0.0000000000000000,5.5399734394120319,3.0000503353744379,139.330899,0.023822,-139.3547204413506,5852.1881389376886,0,3.7e-11
1.0007315670072372,0.0,0.0040283951651697,0.0000000000000000,0.0052301264836486,0.0000000000000000,5.5499734394120317,3.0000500567249708,137.908795,0.023508,-137.9323034193205,5869.6704730994443,0,1.1e-12
1.0007211212419636,0.0,0.0040311109325443,0.0000000000000000,0.0052484555564256,0.0000000000000000,5.5599734394120315,3.0000497782563387,136.428187,0.023189,-136.4513759347411,5886.5114424319436,0,1.0e-12
1.0007106717217882,0.0,0.0040338234731720,0.0000000000000000,0.0052667121758807,0.0000000000000000,5.5699734394120313,3.0000494999804341,134.890357,0.022864,-134.9132217222846,5902.7131303340520,0,1.8e-11
1.0007002188583138,0.0,0.0040365327714837,0.0000000000000000,0.0052848961615839,0.0000000000000000,5.5799734394120319,3.0000492219090180,133.296609,0.022534,-133.3191437351422,5918.2778299994479,0,8.9e-12
1.0006897630613474,0.0,0.0040392388151127,0.0000000000000000,0.0053030073387764,0.0000000000000000,5.5899734394120317,3.0000489440537126,131.648277,0.022199,-131.6704761374139,5933.2081589968857,0,1.6e-12
1.0006793047387730,0.0,0.0040419415946667,0.0000000000000000,0.0053210455390583,0.0000000000000000,5.5999734394120315,3.0000486664260002,129.946713,0.021859,-129.9685723233440,5947.5069638287641,0,2.7e-11
1.0006688442968203,0.0,0.0040446411044721,0.0000000000000000,0.0053390105985648,0.0000000000000000,5.6099734394120313,3.0000483890372180,128.193300,0.021515,-128.2148145474557,5961.1774128156230,0,3.6e-12
1.0006583821395003,0.0,0.0040473373406380,0.0000000000000000,0.0053569023617505,0.0000000000000000,5.6199734394120320,3.0000481118985767,126.389430,0.021165,-126.4105957473457,5974.2228482771425,0,3.5e-11
1.0006479186691684,0.0,0.0040500303036746,0.0000000000000000,0.0053747206769347,0.0000000000000000,5.6299734394120318,3.0000478350211264,124.536506,0.020811,-124.5573177028159,5986.6467794180235,0,8.2e-11
1.0006374542860590,0.0,0.0040527199962517,0.0000000000000000,0.0053924653988199,0.0000000000000000,5.6399734394120316,3.0000475584157926,122.635982,0.020453,-122.6564351095986,5998.4532687512819,0,5.3e-11
1.0006269893884352,0.0,0.0040554064250316,0.0000000000000000,0.0054101363875152,0.0000000000000000,5.6499734394120313,3.0000472820933366,120.689291,0.020091,-120.7093818721140,6009.6463065498729,0,9.5e-12
1.0006165243723970,0.0,0.0040580895976836,0.0000000000000000,0.0054277335113687,0.0000000000000000,5.6599734394120320,3.0000470060644062,118.697890,0.019724,-118.7176142910224,6020.2301946107891,0,2.2e-14
1.0006060596321245,0.0,0.0040607695263111,0.0000000000000000,0.0054452566424322,0.0000000000000000,5.6699734394120318,3.0000467303394847,116.663247,0.019354,-116.6826010229667,6030.2094614509506,0,3.2e-11
1.0005955955594128,0.0,0.0040634462257610,0.0000000000000000,0.0054627056591005,0.0000000000000000,5.6799734394120316,3.0000464549289094,114.586850,0.018979,-114.6058298869809,6039.5889275479722,0,5.5e-13
1.0005851325441977,0.0,0.0040661197132184,0.0000000000000000,0.0054800804460402,0.0000000000000000,5.6899734394120314,3.0000461798428848,112.470179,0.018602,-112.4887809617418,6048.3734898644298,0,4.3e-13
1.0005746709740027,0.0,0.0040687900090038,0.0000000000000000,0.0054973808935813,0.0000000000000000,5.6999734394120321,3.0000459050914619,110.314731,0.018220,-110.3329513461428,6056.5683320390253,0,5.1e-12
1.0005642112342048,0.0,0.0040714571360812,0.0000000000000000,0.0055146068979695,0.0000000000000000,5.7099734394120318,3.0000456306845500,108.122005,0.017835,-108.1398406930674,6064.1788115090249,0,2.0e-11
1.0005537537075984,0.0,0.0040741211204139,0.0000000000000000,0.0055317583617014,0.0000000000000000,5.7199734394120316,3.0000453566318979,105.893500,0.017447,-105.9109468638570,6071.2104274791709,0,7.3e-12
1.0005432987751171,0.0,0.0040767819902929,0.0000000000000000,0.0055488351924750,0.0000000000000000,5.7299734394120314,3.0000450829431307,103.630725,0.017056,-103.6477810018779,6077.6689550093297,0,1.8e-13
1.0005328468150094,0.0,0.0040794397769391,0.0000000000000000,0.0055658373043868,0.0000000000000000,5.7399734394120312,3.0000448096277101,101.335183,0.016662,-101.3518443649608,6083.5602547998787,0,1.0e-12
1.0005223982031930,0.0,0.0040820945141612,0.0000000000000000,0.0055827646172316,0.0000000000000000,5.7499734394120319,3.0000445366949533,99.008376,0.016265,-99.0246411936817,6088.8903863386859,0,7.9e-12
1.0005119533131248,0.0,0.0040847462384952,0.0000000000000000,0.0055996170565077,0.0000000000000000,5.7599734394120317,3.0000442641540297,96.651809,0.015865,-96.6676745143834,6093.6655766648109,0,1.8e-12
1.0005015125157919,0.0,0.0040873949889058,0.0000000000000000,0.0056163945537419,0.0000000000000000,5.7699734394120314,3.0000439920139605,94.266978,0.015463,-94.2824410993260,6097.8921850802481,0,2.1e-12
1.0004910761796375,0.0,0.0040900408069806,0.0000000000000000,0.0056330970461897,0.0000000000000000,5.7799734394120321,3.0000437202836188,91.855376,0.015058,-91.8704340134883,6101.5767265414243,0,5.8e-12
1.0004806446705887,0.0,0.0040926837369858,0.0000000000000000,0.0056497244766362,0.0000000000000000,5.7899734394120319,3.0000434489717263,89.418488,0.014651,-89.4331387665433,6104.7258441025851,0,1.4e-12
1.0004702183518901,0.0,0.0040953238254581,0.0000000000000000,0.0056662767939797,0.0000000000000000,5.7999734394120317,3.0000431780868562,86.957795,0.014241,-86.9720363460531,6107.3463371682592,0,2.8e-12
1.0004597975842089,0.0,0.0040979611215584,0.0000000000000000,0.0056827539525972,0.0000000000000000,5.8099734394120315,3.0000429076374338,84.474766,0.013830,-84.4885954924044,6109.4451020575843,0,8.8e-13
1.0004493827255037,0.0,0.0041005956768435,0.0000000000000000,0.0056991559126416,0.0000000000000000,5.8199734394120313,3.0000426376317333,81.970861,0.013416,-81.9842768185994,6111.0291675354674,0,3.4e-12
1.0004389741311119,0.0,0.0041032275453834,0.0000000000000000,0.0057154826394494,0.0000000000000000,5.8299734394120319,3.0000423680778794,79.447538,0.013001,-79.4605383123817,6112.1057384455489,0,9.7e-11
1.0004285721532826,0.0,0.0041058567832763,0.0000000000000000,0.0057317341057317,0.0000000000000000,5.8399734394120317,3.0000420989838421,76.906209,0.012583,-76.9187926289368,6112.6818699174037,0,2.4e-12
1.0004181771419314,0.0,0.0041084834493503,0.0000000000000000,0.0057479102874405,0.0000000000000000,5.8499734394120315,3.0000418303574516,74.348325,0.012165,-74.3604893439803,6112.7651001632385,0,2.4e-11
1.0004077894439969,0.0,0.0041111076049831,0.0000000000000000,0.0057640111669545,0.0000000000000000,5.8599734394120322,3.0000415622063743,71.775280,0.011744,-71.7870242331443,6112.3627535183241,0,3.3e-13
1.0003974094033723,0.0,0.0041137293130794,0.0000000000000000,0.0057800367329794,0.0000000000000000,5.8699734394120320,3.0000412945381405,69.188476,0.011323,-69.1997984279352,6111.4823998547326,0,2.4e-13
1.0003870373612349,0.0,0.0041163486393615,0.0000000000000000,0.0057959869789094,0.0000000000000000,5.8799734394120318,3.0000410273601212,66.589289,0.010899,-66.6001883578519,6110.1316201125792,0,2.4e-12
1.0003766736557869,0.0,0.0041189656516919,0.0000000000000000,0.0058118619037481,0.0000000000000000,5.8899734394120316,3.0000407606795387,63.979080,0.010475,-63.9895552119821,6108.3180814639882,0,1.6e-12
1.0003663186222940,0.0,0.0041215804200502,0.0000000000000000,0.0058276615119464,0.0000000000000000,5.8999734394120313,3.0000404945034673,61.359193,0.010050,-61.3692430273589,6106.0495230523093,0,8.0e-13
1.0003559725929883,0.0,0.0041241930166654,0.0000000000000000,0.0058433858132959,0.0000000000000000,5.9099734394120320,3.0000402288388299,58.730954,0.009624,-58.7405774828330,6103.3337457096659,0,7.9e-14
1.0003456358971796,0.0,0.0041268035159168,0.0000000000000000,0.0058590348228619,0.0000000000000000,5.9199734394120318,3.0000399636923980,56.095662,0.009197,-56.1048582050798,6100.1785564912516,0,7.2e-11
1.0003353088608262,0.0,0.0041294119941606,0.0000000000000000,0.0058746085611258,0.0000000000000000,5.9299734394120316,3.0000396990707987,53.454621,0.008769,-53.4633896195882,6096.5919907518582,0,3.3e-12
1.0003249918072659,0.0,0.0041320185300260,0.0000000000000000,0.0058901070535636,0.0000000000000000,5.9399734394120314,3.0000394349805042,50.809078,0.008340,-50.8174177661602,6092.5818549720207,0,5.0e-12
1.0003146850563216,0.0,0.0041346232041415,0.0000000000000000,0.0059055303309829,0.0000000000000000,5.9499734394120321,3.0000391714278387,48.160285,0.007911,-48.1681958475388,6088.1561975937675,0,1.5e-11
1.0003043889248719,0.0,0.0041372260996335,0.0000000000000000,0.0059208784284745,0.0000000000000000,5.9599734394120318,3.0000389084189734,45.509471,0.007481,-45.5169522485368,6083.3230733616347,0,1.5e-10
1.0002941037267086,0.0,0.0041398272994301,0.0000000000000000,0.0059361513893678,0.0000000000000000,5.9699734394120316,3.0000386459599588,42.857805,0.007052,-42.8648567767519,6078.0903290911938,0,4.9e-13
1.0002838297721399,0.0,0.0041424268918425,0.0000000000000000,0.0059513492572258,0.0000000000000000,5.9799734394120314,3.0000383840566514,40.206497,0.006621,-40.2131187413716,6072.4662418286962,0,2.8e-12
1.0002735673684571,0.0,0.0041450249648575,0.0000000000000000,0.0059664720837450,0.0000000000000000,5.9899734394120312,3.0000381227147903,37.556690,0.006191,-37.5628807262162,6066.4588201345450,0,1.9e-13
1.0002633168191766,0.0,0.0041476216077013,0.0000000000000000,0.0059815199279708,0.0000000000000000,5.9999734394120319,3.0000378619399592,34.909467,0.005761,-34.9152267916416,6060.0758580295778,0,5.7e-10
1.0002530784267138,0.0,0.0041502169161175,0.0000000000000000,0.0059964928410491,0.0000000000000000,6.0099734394120317,3.0000376017376054,32.266055,0.005330,-32.2713855279756,6053.3262573795173,0,1.5e-10
1.0002428524865739,0.0,0.0041528109811905,0.0000000000000000,0.0060113908973524,0.0000000000000000,6.0199734394120314,3.0000373421130067,29.627443,0.004900,-29.6323429896346,6046.2174991404709,0,6.3e-11
1.0002326392935377,0.0,0.0041554038985166,0.0000000000000000,0.0060262141674873,0.0000000000000000,6.0299734394120321,3.0000370830713181,26.994636,0.004470,-26.9991054871086,6038.7573630682182,0,5.7e-10
1.0002224391391348,0.0,0.0041579957689629,0.0000000000000000,0.0060409627179238,0.0000000000000000,6.0399734394120319,3.0000368246175459,24.368825,0.004041,-24.3728653938718,6030.9549697038228,0,1.7e-11
1.0002122523099768,0.0,0.0041605866893769,0.0000000000000000,0.0060556366357681,0.0000000000000000,6.0499734394120317,3.0000365667565361,21.750873,0.003611,-21.7544849141175,6022.8174822136907,0,4.0e-12
1.0002020790904211,0.0,0.0041631767619102,0.0000000000000000,0.0060702360023585,0.0000000000000000,6.0599734394120315,3.0000363094930065,19.141813,0.003183,-19.1449954460244,6014.3532897062969,0,2.6e-11
1.0001919197612281,0.0,0.0041657660895425,0.0000000000000000,0.0060847609061315,0.0000000000000000,6.0699734394120313,3.0000360528315277,16.542591,0.002755,-16.5453456386253,6005.5703972735819,0,4.1e-11
1.0001817745996640,0.0,0.0041683547766810,0.0000000000000000,0.0060992114404136,0.0000000000000000,6.0799734394120319,3.0000357967765279,13.954129,0.002327,-13.9564561197749,5996.4767764624794,0,5.7e-11
1.0001716438795079,0.0,0.0041709429301843,0.0000000000000000,0.0061135877014590,0.0000000000000000,6.0899734394120317,3.0000355413322857,11.377348,0.001900,-11.3792484289974,5987.0805293989515,0,1.2e-11
1.0001615278714193,0.0,0.0041735306575624,0.0000000000000000,0.0061278897911184,0.0000000000000000,6.0999734394120315,3.0000352865029560,8.813111,0.001474,-8.8145849560492,5977.3895305703727,0,1.2e-12
1.0001514268423439,0.0,0.0041761180684904,0.0000000000000000,0.0061421178149117,0.0000000000000000,6.1099734394120322,3.0000350322925375,6.262268,0.001049,-6.2633170407701,5967.4117068552523,0,1.1e-12
1.0001413410558126,0.0,0.0041787052740416,0.0000000000000000,0.0061562718825044,0.0000000000000000,6.1199734394120320,3.0000347787048987,3.725648,0.000625,-3.7262739118502,5957.1549712594369,0,6.1e-11
1.0001312707720613,0.0,0.0041812923868748,0.0000000000000000,0.0061703521077646,0.0000000000000000,6.1299734394120318,3.0000345257437635,1.204036,0.000202,-1.2042383769170,5946.6270738958810,0,6.9e-13
1.0001212162475999,0.0,0.0041838795210994,0.0000000000000000,0.0061843586083579,0.0000000000000000,6.1399734394120316,3.0000342734127257,-1.301785,-0.000219,1.3020044994366,5935.8358874019059,0,5.4e-12
1.0001111777356653,0.0,0.0041864667924049,0.0000000000000000,0.0061982915058310,0.0000000000000000,6.1499734394120313,3.0000340217152357,-3.791073,-0.000640,3.7917131779869,5924.7891311251606,0,7.6e-13
1.0001011554858683,0.0,0.0041890543178111,0.0000000000000000,0.0062121509258735,0.0000000000000000,6.1599734394120320,3.0000337706546123,-6.263110,-0.001059,6.2641695672564,5913.4944892373705,0,1.0e-12
1.0000911497442251,0.0,0.0041916422160623,0.0000000000000000,0.0062259369974894,0.0000000000000000,6.1699734394120318,3.0000335202340342,-8.717193,-0.001477,8.7186695643579,5901.9596534620132,0,1.5e-10
1.0000811607541455,0.0,0.0041942306063644,0.0000000000000000,0.0062396498542896,0.0000000000000000,6.1799734394120316,3.0000332704565658,-11.152695,-0.001893,11.1545888495031,5890.1919723046822,0,1.4e-10
1.0000711887539564,0.0,0.0041968196109779,0.0000000000000000,0.0062532896315573,0.0000000000000000,6.1899734394120314,3.0000330213251076,-13.568912,-0.002308,13.5712199491227,5878.1993096178594,0,2.2e-11
1.0000612339797690,0.0,0.0041994093518526,0.0000000000000000,0.0062668564706346,0.0000000000000000,6.1999734394120321,3.0000327728424527,-15.965272,-0.002722,15.9679936262235,5865.9888712038128,0,1.1e-12
1.0000512966636950,0.0,0.0042019999531963,0.0000000000000000,0.0062803505145706,0.0000000000000000,6.2099734394120318,3.0000325250112549,-18.341170,-0.003133,18.3443038609228,5853.5681232360448,0,7.8e-12
1.0000413770344645,0.0,0.0042045915402731,0.0000000000000000,0.0062937719102598,0.0000000000000000,6.2199734394120316,3.0000322778340411,-20.696041,-0.003543,20.6995847672946,5840.9443855529316,0,5.0e-14
1.0000314753171304,0.0,0.0042071842396190,0.0000000000000000,0.0063071208081545,0.0000000000000000,6.2299734394120314,3.0000320313132072,-23.029343,-0.003951,23.0332940647857,5828.1249147006702,0,3.6e-11
1.0000215917331881,0.0,0.0042097781784054,0.0000000000000000,0.0063203973625952,0.0000000000000000,6.2399734394120312,3.0000317854510299,-25.340553,-0.004358,25.3449107703371,5815.1169200244767,0,1.5e-10
1.0000117265022235,0.0,0.0042123734863953,0.0000000000000000,0.0063336017282387,0.0000000000000000,6.2499734394120319,3.0000315402496582,-27.629217,-0.004762,27.6339795090666,5801.9273156470626,0,1.5e-10
1.0000018798370283,0.0,0.0042149702942597,0.0000000000000000,0.0063467340656818,0.0000000000000000,6.2599734394120317,3.0000312957110866,-29.894804,-0.005165,29.8999685579200,5788.5634364747448,0,3.9e-12
0.9999920519498291,0.0,0.0042175687320446,0.0000000000000000,0.0063597945386166,0.0000000000000000,6.2699734394120314,3.0000310518372402,-32.136911,-0.005565,32.1424755080491,5775.0320496814711,0,8.0e-13
0.9999822430481702,0.0,0.0042201689328744,0.0000000000000000,0.0063727833120974,0.0000000000000000,6.2799734394120321,3.0000308086298832,-34.355104,-0.005963,34.3610673822996,5761.3400788753761,0,2.8e-11
0.9999724533364125,0.0,0.0042227710299899,0.0000000000000000,0.0063857005550740,0.0000000000000000,6.2899734394120319,3.0000305660906759,-36.548991,-0.006359,36.5553503332723,5747.4943062496841,0,1.0e-11
0.9999626830152808,0.0,0.0042253751585152,0.0000000000000000,0.0063985464385350,0.0000000000000000,6.2999734394120317,3.0000303242211439,-38.718193,-0.006753,38.7249461031198,5733.5014541728206,0,1.1e-11
0.9999529322821674,0.0,0.0042279814539968,0.0000000000000000,0.0064113211365597,0.0000000000000000,6.3099734394120315,3.0000300830227120,-40.862351,-0.007145,40.8694955541608,5719.3681850850735,0,4.3e-11
0.9999432013311607,0.0,0.0042305900527028,0.0000000000000000,0.0064240248265636,0.0000000000000000,6.3199734394120313,3.0000298424966840,-42.981148,-0.007534,42.9886820613322,5705.1009953960329,0,4.3e-11
0.9999334903525972,0.0,0.0042332010935867,0.0000000000000000,0.0064366576865839,0.0000000000000000,6.3299734394120319,3.0000296026442275,-45.074264,-0.007921,45.0821848745787,5690.7063817526505,0,9.4e-11
0.9999237995332368,0.0,0.0042358147151370,0.0000000000000000,0.0064492198988943,0.0000000000000000,6.3399734394120317,3.0000293634664135,-47.141400,-0.008306,47.1497058670790,5676.1907688810006,0,2.4e-11
0.9999141290574602,0.0,0.0042384310558171,0.0000000000000000,0.0064617116485237,0.0000000000000000,6.3499734394120315,3.0000291249642270,-49.182311,-0.008688,49.1909988464512,5661.5603863007655,0,1.9e-11
0.9999044791048863,0.0,0.0042410502583360,0.0000000000000000,0.0064741331204743,0.0000000000000000,6.3599734394120322,3.0000288871384724,-51.196732,-0.009067,51.2057994290300,5646.8214788111291,0,7.0e-11
0.9998948498526995,0.0,0.0042436724634657,0.0000000000000000,0.0064864845045118,0.0000000000000000,6.3699734394120320,3.0000286499898983,-53.184455,-0.009444,53.1938987387448,5631.9801125975409,0,6.7e-13
0.9998852414743754,0.0,0.0042462978133659,0.0000000000000000,0.0064987659915640,0.0000000000000000,6.3799734394120318,3.0000284135191411,-55.145254,-0.009818,55.1550728718752,5617.0423890785187,0,1.1e-11
0.9998756541403341,0.0,0.0042489264518843,0.0000000000000000,0.0065109777741900,0.0000000000000000,6.3899734394120316,3.0000281777267124,-57.078952,-0.010190,57.0891416965479,5602.0142153355373,0,3.9e-12
0.9998660880173363,0.0,0.0042515585232380,0.0000000000000000,0.0065231200476301,0.0000000000000000,6.3999734394120313,3.0000279426130252,-58.985374,-0.010559,58.9959327434450,5586.9014590298493,0,1.7e-12
0.9998565432687235,0.0,0.0042541941725013,0.0000000000000000,0.0065351930093977,0.0000000000000000,6.4099734394120320,3.0000277081783819,-60.864372,-0.010925,60.8752971721984,5571.7098807841840,0,3.8e-12
0.9998470200551245,0.0,0.0042568335458870,0.0000000000000000,0.0065471968576314,0.0000000000000000,6.4199734394120318,3.0000274744229887,-62.715813,-0.011288,62.7271011014023,5556.4451536805882,0,3.9e-12
0.9998375185332254,0.0,0.0042594767898071,0.0000000000000000,0.0065591317939324,0.0000000000000000,6.4299734394120316,3.0000272413469449,-64.539581,-0.011649,64.5512302160625,5541.1128679686253,0,4.3e-12
0.9998280388572159,0.0,0.0042621240521418,0.0000000000000000,0.0065709980198365,0.0000000000000000,6.4399734394120314,3.0000270089502541,-66.335580,-0.012007,66.3475863931430,5525.7185112904344,0,8.4e-12
0.9998185811770827,0.0,0.0042647754805580,0.0000000000000000,0.0065827957409601,0.0000000000000000,6.4499734394120321,3.0000267772328169,-68.103728,-0.012361,68.1160889988828,5510.2675013435310,0,8.6e-12
0.9998091456406429,0.0,0.0042674312247194,0.0000000000000000,0.0065945251616928,0.0000000000000000,6.4599734394120318,3.0000265461944360,-69.843958,-0.012713,69.8566709816981,5494.7651449004825,0,1.8e-12
0.9997997323921938,0.0,0.0042700914347708,0.0000000000000000,0.0066061864888909,0.0000000000000000,6.4699734394120316,3.0000263158348135,-71.556225,-0.013062,71.5692865357852,5479.2166497489134,0,1.9e-11
0.9997903415718031,0.0,0.0042727562589046,0.0000000000000000,0.0066177799346108,0.0000000000000000,6.4799734394120314,3.0000260861535835,-73.240489,-0.013408,73.2538964118670,5463.6272139360699,0,2.0e-11
0.9997809733183590,0.0,0.0042754258501300,0.0000000000000000,0.0066293057060165,0.0000000000000000,6.4899734394120312,3.0000258571502485,-74.896739,-0.013750,74.9104891824937,5448.0018239475958,0,7.7e-12
0.9997716277663290,0.0,0.0042781003604357,0.0000000000000000,0.0066407640146722,0.0000000000000000,6.4999734394120319,3.0000256288242277,-76.524966,-0.014090,76.5390560345539,5432.3454441705198,0,9.2e-12
0.9997623050475045,0.0,0.0042807799414088,0.0000000000000000,0.0066521550744725,0.0000000000000000,6.5099734394120317,3.0000254011748679,-78.125194,-0.014426,78.1396203339961,5416.6629319049644,0,1.8e-10
0.9997530052898366,0.0,0.0042834647456739,0.0000000000000000,0.0066634790994178,0.0000000000000000,6.5199734394120314,3.0000251742014252,-79.697413,-0.014759,79.7121724398831,5400.9591435141047,0,1.1e-11
0.9997437286196028,0.0,0.0042861549276604,0.0000000000000000,0.0066747363040689,0.0000000000000000,6.5299734394120321,3.0000249479030430,-81.241691,-0.015089,81.2567800947380,5385.2386897111619,0,1.7e-11
0.9997344751591796,0.0,0.0042888506408741,0.0000000000000000,0.0066859269053096,0.0000000000000000,6.5399734394120319,3.0000247222788046,-82.758071,-0.015416,82.7734870589369,5369.5062029633282,0,3.0e-13
0.9997252450282524,0.0,0.0042915520404339,0.0000000000000000,0.0066970511197672,0.0000000000000000,6.5499734394120317,3.0000244973276944,-84.246613,-0.015740,84.2623528277455,5353.7661967225595,0,1.6e-13
0.9997160383434441,0.0,0.0042942592814058,0.0000000000000000,0.0067081091658900,0.0000000000000000,6.5599734394120315,3.0000242730486204,-85.707393,-0.016060,85.7234529962330,5338.0231047582238,0,2.4e-12
0.9997068552183931,0.0,0.0042969725198270,0.0000000000000000,0.0067191012626579,0.0000000000000000,6.5699734394120313,3.0000240494403978,-87.140497,-0.016377,87.1568739322357,5322.2812670370849,0,3.1e-13
0.9996976957640600,0.0,0.0042996919117546,0.0000000000000000,0.0067300276300190,0.0000000000000000,6.5799734394120319,3.0000238265017756,-88.546023,-0.016691,88.5627134664161,5306.5449476057547,0,1.5e-12
0.9996885600883596,0.0,0.0043024176140497,0.0000000000000000,0.0067408884886528,0.0000000000000000,6.5899734394120317,3.0000236042314135,-89.924079,-0.017001,89.9410800885967,5290.8183205387559,0,2.9e-12
0.9996794482964591,0.0,0.0043051497841012,0.0000000000000000,0.0067516840597548,0.0000000000000000,6.5999734394120315,3.0000233826278961,-91.274784,-0.017308,91.2920923025934,5275.1054746509635,0,7.8e-12
0.9996703604907060,0.0,0.0043078885795250,0.0000000000000000,0.0067624145654919,0.0000000000000000,6.6099734394120322,3.0000231616897315,-92.598269,-0.017612,92.6158808748761,5259.4104197009574,0,1.9e-13
0.9996612967706232,0.0,0.0043106341585714,0.0000000000000000,0.0067730802283857,0.0000000000000000,6.6199734394120320,3.0000229414153523,-93.894671,-0.017912,93.9125832215549,5243.7370813706548,0,4.3e-13
0.9996522572330603,0.0,0.0043133866798336,0.0000000000000000,0.0067836812715592,0.0000000000000000,6.6299734394120318,3.0000227218031177,-95.164140,-0.018209,95.1823482769964,5228.0893040371147,0,3.7e-12
0.9996432419726146,0.0,0.0043161463026500,0.0000000000000000,0.0067942179178880,0.0000000000000000,6.6399734394120316,3.0000225028513157,-96.406836,-0.018502,96.4253376458196,5212.4708405106667,0,9.1e-11
0.9996342510790459,0.0,0.0043189131857447,0.0000000000000000,0.0068046903935586,0.0000000000000000,6.6499734394120313,3.0000222845581530,-97.622911,-0.018792,97.6417025232015,5196.8854055574138,0,3.6e-13
0.9996252846427307,0.0,0.0043216874896415,0.0000000000000000,0.0068150989208698,0.0000000000000000,6.6599734394120320,3.0000220669217827,-98.812554,-0.019078,98.8316318764254,5181.3365748375327,0,1.4e-12
0.9996163427494557,0.0,0.0043244693742771,0.0000000000000000,0.0068254437249905,0.0000000000000000,6.6699734394120318,3.0000218499402838,-99.975942,-0.019361,99.9953026208363,5165.8278852977983,0,3.0e-13
0.9996074254824882,0.0,0.0043272590003291,0.0000000000000000,0.0068357250311365,0.0000000000000000,6.6799734394120316,3.0000216336116590,-101.113264,-0.019640,101.1329036208900,5150.3627869673783,0,9.9e-12
0.9995985329229390,0.0,0.0043300565287358,0.0000000000000000,0.0068459430642121,0.0000000000000000,6.6899734394120314,3.0000214179338549,-102.224715,-0.019916,102.2446300836302,5134.9446515768159,0,5.9e-11
0.9995896651493476,0.0,0.0043328621204076,0.0000000000000000,0.0068560980501114,0.0000000000000000,6.6999734394120321,3.0000212029047550,-103.310505,-0.020188,103.3306925202683,5119.5767934623418,0,5.1e-13
0.9995808222376362,0.0,0.0043356759386492,0.0000000000000000,0.0068661902116854,0.0000000000000000,6.7099734394120318,3.0000209885221594,-104.370824,-0.020456,104.3912794876368,5104.2623704839671,0,2.9e-10
0.9995720042609665,0.0,0.0043384981413198,0.0000000000000000,0.0068762197806963,0.0000000000000000,6.7199734394120316,3.0000207747838541,-105.405929,-0.020721,105.4266503875483,5089.0046966126929,0,1.8e-12
0.9995632112907139,0.0,0.0043413288944599,0.0000000000000000,0.0068861869767237,0.0000000000000000,6.7299734394120314,3.0000205616875020,-106.416004,-0.020983,106.4369866371206,5073.8066994712253,0,9.8e-14
0.9995544433954991,0.0,0.0043441683592996,0.0000000000000000,0.0068960920271360,0.0000000000000000,6.7399734394120312,3.0000203492307462,-107.401289,-0.021241,107.4225296357459,5058.6714396241086,0,1.3e-12
0.9995457006415669,0.0,0.0043470166985820,0.0000000000000000,0.0069059351574067,0.0000000000000000,6.7499734394120319,3.0000201374111648,-108.362017,-0.021495,108.3835120329637,5043.6018584258209,0,5.7e-13
0.9995369830928629,0.0,0.0043498740753253,0.0000000000000000,0.0069157165928528,0.0000000000000000,6.7599734394120317,3.0000199262262739,-109.298426,-0.021746,109.3201717974815,5028.6008285952194,0,6.7e-13
0.9995282908110246,0.0,0.0043527406528198,0.0000000000000000,0.0069254365585970,0.0000000000000000,6.7699734394120323,3.0000197156735360,-110.210759,-0.021993,110.2327512868794,5013.6711542329276,0,2.3e-12
0.9995196238554345,0.0,0.0043556165945359,0.0000000000000000,0.0069350952796243,0.0000000000000000,6.7799734394120321,3.0000195057503616,-111.099262,-0.022236,111.1214977818889,4998.8155761159596,0,2.7e-13
0.9995109822831980,0.0,0.0043585020642470,0.0000000000000000,0.0069446929806340,0.0000000000000000,6.7899734394120319,3.0000192964541035,-111.964186,-0.022476,111.9866622287160,4984.0367669981724,0,6.3e-12
0.9995023661488747,0.0,0.0043613972262381,0.0000000000000000,0.0069542298861784,0.0000000000000000,6.7999734394120317,3.0000190877820527,-112.805786,-0.022712,112.8284983235448,4969.3373282243301,0,1.5e-11
0.9994937755063750,0.0,0.0043643022439163,0.0000000000000000,0.0069637062195839,0.0000000000000000,6.8099734394120315,3.0000188797314933,-113.624322,-0.022945,113.6472669513664,4954.7198209412309,0,3.4e-13
0.9994852104051167,0.0,0.0043672172824049,0.0000000000000000,0.0069731222054132,0.0000000000000000,6.8199734394120313,3.0000186722995936,-114.420054,-0.023174,114.4432279899317,4940.1867175687312,0,2.7e-13
0.9994766708939901,0.0,0.0043701425060606,0.0000000000000000,0.0069824780666672,0.0000000000000000,6.8299734394120311,3.0000184654835182,-115.193248,-0.023399,115.2166468550104,4925.7404448642092,0,4.6e-13
0.9994681570194147,0.0,0.0043730780796765,0.0000000000000000,0.0069917740261989,0.0000000000000000,6.8399734394120317,3.0000182592803704,-115.944171,-0.023620,115.9677913928520,4911.3833666710143,0,1.1e-12
0.9994596688246774,0.0,0.0043760241687594,0.0000000000000000,0.0070010103066683,0.0000000000000000,6.8499734394120315,3.0000180536871901,-116.673085,-0.023838,116.6969234612480,4897.1177507013999,0,2.1e-10
0.9994512063553148,0.0,0.0043789809367660,0.0000000000000000,0.0070101871291561,0.0000000000000000,6.8599734394120322,3.0000178487010443,-117.380288,-0.024053,117.4043405946443,4882.9459567398562,0,2.1e-12
0.9994427696484262,0.0,0.0043819485505670,0.0000000000000000,0.0070193047160052,0.0000000000000000,6.8699734394120320,3.0000176443188455,-118.066030,-0.024263,118.0902934878667,4868.8700718251876,0,1.3e-11
0.9994343587438423,0.0,0.0043849271753829,0.0000000000000000,0.0070283632868866,0.0000000000000000,6.8799734394120318,3.0000174405375390,-118.730595,-0.024471,118.7550657232931,4854.8922479407165,0,3.8e-13
0.9994259736775974,0.0,0.0043879169766103,0.0000000000000000,0.0070373630627267,0.0000000000000000,6.8899734394120316,3.0000172373540015,-119.374263,-0.024674,119.3989366453934,4841.0145841070434,0,1.2e-11
0.9994176144846543,0.0,0.0043909181196351,0.0000000000000000,0.0070463042628768,0.0000000000000000,6.8999734394120313,3.0000170347650834,-119.997313,-0.024874,120.0221870561918,4827.2391199713802,0,4.0e-12
0.9994092811976978,0.0,0.0043939307709369,0.0000000000000000,0.0070551871057132,0.0000000000000000,6.9099734394120311,3.0000168327675749,-120.600027,-0.025070,120.6250972993162,4813.5678105829174,0,3.3e-12
0.9994009738473217,0.0,0.0043969550962501,0.0000000000000000,0.0070640118099708,0.0000000000000000,6.9199734394120318,3.0000166313582368,-121.182688,-0.025262,121.2079502634579,4800.0025991302773,0,1.8e-12
0.9993926924629541,0.0,0.0043999912618445,0.0000000000000000,0.0070727785925134,0.0000000000000000,6.9299734394120316,3.0000164305337922,-121.745578,-0.025451,121.7710290974971,4786.5453526938854,0,5.5e-12
0.9993844370721388,0.0,0.0044030394334774,0.0000000000000000,0.0070814876700530,0.0000000000000000,6.9399734394120323,3.0000162302909383,-122.288981,-0.025637,122.3146181636701,4773.1979141656284,0,1.4e-12
0.9993762077002437,0.0,0.0044060997781111,0.0000000000000000,0.0070901392582899,0.0000000000000000,6.9499734394120321,3.0000160306263082,-122.813183,-0.025818,122.8390019667414,4759.9620488361734,0,8.6e-12
0.9993680043712125,0.0,0.0044091724618612,0.0000000000000000,0.0070987335724676,0.0000000000000000,6.9599734394120318,3.0000158315365208,-123.318470,-0.025997,123.3444663025566,4746.8395074085556,0,1.1e-11
0.9993598271074364,0.0,0.0044122576514062,0.0000000000000000,0.0071072708265095,0.0000000000000000,6.9699734394120316,3.0000156330181520,-123.805126,-0.026171,123.8312968328113,4733.8319765230772,0,8.0e-13
0.9993516759294698,0.0,0.0044153555134040,0.0000000000000000,0.0071157512336728,0.0000000000000000,6.9799734394120314,3.0000154350677470,-124.273436,-0.026342,124.2997785100620,4720.9410991405539,0,4.8e-13
0.9993435508563755,0.0,0.0044184662143701,0.0000000000000000,0.0071241750065698,0.0000000000000000,6.9899734394120312,3.0000152376818194,-124.723689,-0.026510,124.7501982791755,4708.1684971442137,0,3.7e-11
0.9993354519054838,0.0,0.0044215899218029,0.0000000000000000,0.0071325423559308,0.0000000000000000,6.9999734394120319,3.0000150408568405,-125.156165,-0.026673,125.1828382709427,4695.5156855295618,0,3.5e-13
0.9993273790927970,0.0,0.0044247268019985,0.0000000000000000,0.0071408534928828,0.0000000000000000,7.0099734394120317,3.0000148445892654,-125.571153,-0.026834,125.5979867788752,4682.9842303568512,0,6.2e-12
0.9993193324325842,0.0,0.0044278770221935,0.0000000000000000,0.0071491086267535,0.0000000000000000,7.0199734394120323,3.0000146488755082,-125.968937,-0.026990,125.9959272449358,4670.5755965992703,0,2.2e-11
0.9993113119376280,0.0,0.0044310407491095,0.0000000000000000,0.0071573079666485,0.0000000000000000,7.0299734394120321,3.0000144537119584,-126.349802,-0.027144,126.3769456919226,4658.2912595083471,0,2.1e-11
0.9993033176200290,0.0,0.0044342181499088,0.0000000000000000,0.0071654517191440,0.0000000000000000,7.0399734394120319,3.0000142590949865,-126.714031,-0.027293,126.7413245674596,4646.1326027223595,0,9.0e-11
0.9992953494884451,0.0,0.0044374093929760,0.0000000000000000,0.0071735400907947,0.0000000000000000,7.0499734394120317,3.0000140650208933,-127.061902,-0.027440,127.0893412569881,4634.1009272702140,0,1.9e-12
0.9992874075524680,0.0,0.0044406146442741,0.0000000000000000,0.0071815732876704,0.0000000000000000,7.0599734394120315,3.0000138714860070,-127.393702,-0.027582,127.4212845715427,4622.1976637238586,0,2.4e-12
0.9992794918186645,0.0,0.0044438340718715,0.0000000000000000,0.0071895515136365,0.0000000000000000,7.0699734394120313,3.0000136784865936,-127.709709,-0.027721,127.7374300805589,4610.4240442621722,0,8.5e-11
0.9992716022937058,0.0,0.0044470678422501,0.0000000000000000,0.0071974749726738,0.0000000000000000,7.0799734394120311,3.0000134860189189,-128.010207,-0.027857,128.0380641175022,4598.7814261888952,0,3.5e-12
0.9992637389812993,0.0,0.0044503161237410,0.0000000000000000,0.0072053438662905,0.0000000000000000,7.0899734394120317,3.0000132940791957,-128.295469,-0.027990,128.3234584055420,4587.2709546915739,0,1.4e-12
0.9992559018849656,0.0,0.0044535790836699,0.0000000000000000,0.0072131583955941,0.0000000000000000,7.0999734394120315,3.0000131026636310,-128.565773,-0.028119,128.5938916378204,4575.8938506331624,0,1.2e-11
0.9992480910064139,0.0,0.0044568568894298,0.0000000000000000,0.0072209187610114,0.0000000000000000,7.1099734394120322,3.0000129117684007,-128.821396,-0.028244,128.8496402247629,4564.6513073578681,0,1.8e-13
0.9992403063461446,0.0,0.0044601497087306,0.0000000000000000,0.0072286251613507,0.0000000000000000,7.1199734394120320,3.0000127213896572,-129.062611,-0.028366,129.0909775683771,4553.5444598575705,0,1.5e-11
0.9992325479047175,0.0,0.0044634577091606,0.0000000000000000,0.0072362777932726,0.0000000000000000,7.1299734394120318,3.0000125315235477,-129.289692,-0.028485,129.3181769174271,4542.5744112340144,0,5.3e-11
0.9992248156795409,0.0,0.0044667810589871,0.0000000000000000,0.0072438768532334,0.0000000000000000,7.1399734394120316,3.0000123421661704,-129.502906,-0.028600,129.5315060297218,4531.7422031839615,0,3.0e-12
0.9992171096677233,0.0,0.0044701199254011,0.0000000000000000,0.0072514225374790,0.0000000000000000,7.1499734394120313,3.0000121533136164,-129.702525,-0.028712,129.7312374167528,4521.0489644190166,0,1.9e-13
0.9992094298654074,0.0,0.0044734744762498,0.0000000000000000,0.0072589150395929,0.0000000000000000,7.1599734394120311,3.0000119649619612,-129.888816,-0.028821,129.9176372203509,4510.4957072798952,0,4.6e-12
0.9992017762674946,0.0,0.0044768448796557,0.0000000000000000,0.0072663545521518,0.0000000000000000,7.1699734394120318,3.0000117771072499,-130.062044,-0.028926,130.0909705199940,4500.0834245365331,0,5.1e-13
0.9991941488677060,0.0,0.0044802313033581,0.0000000000000000,0.0072737412668956,0.0000000000000000,7.1799734394120316,3.0000115897455166,-130.222473,-0.029028,130.2515010223267,4489.8131112868577,0,1.5e-12
0.9991865476587992,0.0,0.0044836339153351,0.0000000000000000,0.0072810753740874,0.0000000000000000,7.1899734394120323,3.0000114028727722,-130.370363,-0.029127,130.3994902379525,4479.6857272022653,0,1.7e-12
0.9991789726324317,0.0,0.0044870528836800,0.0000000000000000,0.0072883570627066,0.0000000000000000,7.1999734394120321,3.0000112164850115,-130.505975,-0.029223,130.5351974088030,4469.7022043695451,0,2.6e-12
0.9991714237793258,0.0,0.0044904883764513,0.0000000000000000,0.0072955865205116,0.0000000000000000,7.2099734394120318,3.0000110305782082,-130.629565,-0.029315,130.6588800289272,4459.8634607971935,0,4.1e-13
0.9991639010890959,0.0,0.0044939405617303,0.0000000000000000,0.0073027639340146,0.0000000000000000,7.2199734394120316,3.0000108451483238,-130.741389,-0.029404,130.7707931782758,4450.1703922484594,0,3.4e-12
0.9991564045504816,0.0,0.0044974096075915,0.0000000000000000,0.0073098894884762,0.0000000000000000,7.2299734394120314,3.0000106601913021,-130.841700,-0.029490,130.8711901150114,4440.6238817303511,0,5.1e-13
0.9991489341512206,0.0,0.0045008956823706,0.0000000000000000,0.0073169633677044,0.0000000000000000,7.2399734394120312,3.0000104757030677,-130.930748,-0.029573,130.9603214244754,4431.2247782857412,0,2.8e-12
0.9991414898782417,0.0,0.0045043989542245,0.0000000000000000,0.0073239857542975,0.0000000000000000,7.2499734394120319,3.0000102916795330,-131.008783,-0.029653,131.0384358331771,4421.9739263637630,0,3.6e-13
0.9991340717174090,0.0,0.0045079195915288,0.0000000000000000,0.0073309568295403,0.0000000000000000,7.2599734394120317,3.0000101081165940,-131.076050,-0.029729,131.1057794868553,4412.8721455517571,0,8.3e-13
0.9991266796536195,0.0,0.0045114577624583,0.0000000000000000,0.0073378767737598,0.0000000000000000,7.2699734394120323,3.0000099250101302,-131.132794,-0.029803,131.1625968182319,4403.9202647061411,0,2.3e-11
0.9991193136717372,0.0,0.0045150136358834,0.0000000000000000,0.0073447457644063,0.0000000000000000,7.2799734394120321,3.0000097423560135,-131.179255,-0.029873,131.2091281000305,4395.1190096833507,0,4.8e-13
0.9991119737545086,0.0,0.0045185873798184,0.0000000000000000,0.0073515639799069,0.0000000000000000,7.2899734394120319,3.0000095601500920,-131.215673,-0.029941,131.2456138432454,4386.4692207636717,0,2.0e-12
0.9991046598847489,0.0,0.0045221791629620,0.0000000000000000,0.0073583315957559,0.0000000000000000,7.2999734394120317,3.0000093783882091,-131.242285,-0.030005,131.2722903448555,4377.9716350081271,0,3.1e-13
0.9990973720438333,0.0,0.0045257891544571,0.0000000000000000,0.0073650487863144,0.0000000000000000,7.3099734394120315,3.0000091970661797,-131.259325,-0.030066,131.2893911509535,4369.6269683410819,0,6.8e-11
0.9990901102140334,0.0,0.0045294175212096,0.0000000000000000,0.0073717157255221,0.0000000000000000,7.3199734394120313,3.0000090161798516,-131.267026,-0.030125,131.2971508527372,4361.4360625231111,0,3.1e-14
0.9990828743743939,0.0,0.0045330644339547,0.0000000000000000,0.0073783325841636,0.0000000000000000,7.3299734394120311,3.0000088357249926,-131.265616,-0.030180,131.2957957030232,4353.3995092117329,0,3.6e-11
0.9990756645049139,0.0,0.0045367300600449,0.0000000000000000,0.0073848995338944,0.0000000000000000,7.3399734394120317,3.0000086556974122,-131.255323,-0.030232,131.2855551101043,4345.5181336822789,0,3.6e-13
0.9990684805844208,0.0,0.0045404145691725,0.0000000000000000,0.0073914167428767,0.0000000000000000,7.3499734394120315,3.0000084760928813,-131.236370,-0.030282,131.2666520226091,4337.7925620211372,0,6.5e-13
0.9990613225911245,0.0,0.0045441181299721,0.0000000000000000,0.0073978843791082,0.0000000000000000,7.3599734394120322,3.0000082969071711,-131.208980,-0.030329,131.2393089156248,4330.2235117521695,0,2.6e-13
0.9990541905025124,0.0,0.0045478409114299,0.0000000000000000,0.0074043026089527,0.0000000000000000,7.3699734394120320,3.0000081181360390,-131.173373,-0.030372,131.2037452826124,4322.8116685409095,0,2.8e-13
0.9990470842954621,0.0,0.0045515830828453,0.0000000000000000,0.0074106715971127,0.0000000000000000,7.3799734394120318,3.0000079397752293,-131.129764,-0.030413,131.1601777490907,4315.5576882380810,0,2.5e-11
0.9990400039461864,0.0,0.0045553448126805,0.0000000000000000,0.0074169915078350,0.0000000000000000,7.3899734394120316,3.0000077618204877,-131.078370,-0.030452,131.1088217151959,4308.4623002150456,0,1.6e-13
0.9990329494303519,0.0,0.0045591262708545,0.0000000000000000,0.0074232625025725,0.0000000000000000,7.3999734394120313,3.0000075842675322,-131.019401,-0.030487,131.0498881074607,4301.5261052815258,0,3.7e-13
0.9990259207230202,0.0,0.0045629276263053,0.0000000000000000,0.0074294847423848,0.0000000000000000,7.4099734394120311,3.0000074071120868,-130.953067,-0.030520,130.9835867766232,4294.7497898044485,0,9.8e-12
0.9990189177985666,0.0,0.0045667490489148,0.0000000000000000,0.0074356583864394,0.0000000000000000,7.4199734394120318,3.0000072303498508,-130.879574,-0.030550,130.9101241318530,4288.1339739068562,0,7.3e-13
0.9990119406310206,0.0,0.0045705907077121,0.0000000000000000,0.0074417835928815,0.0000000000000000,7.4299734394120316,3.0000070539765331,-130.799128,-0.030577,130.8297049412176,4281.6793336709652,0,4.4e-13
0.9990049891937355,0.0,0.0045744527724640,0.0000000000000000,0.0074478605181938,0.0000000000000000,7.4399734394120323,3.0000068779878202,-65.497136,-65.245394,130.7425308584087,4275.3865002483390,0,3.1e-13
0.9989980634595768,0.0,0.0045783354128798,0.0000000000000000,0.0074538893175253,0.0000000000000000,7.4499734394120321,3.0000067023793946,-65.470003,-65.178798,130.6488011747278,4269.2561119407192,0,1.1e-13
0.9989911634009194,0.0,0.0045822387987775,0.0000000000000000,0.0074598701446048,0.0000000000000000,7.4599734394120318,3.0000065271469309,-130.518070,-0.030643,130.5487126655658,4263.2888036469285,0,1.3e-13
0.9989842889896570,0.0,0.0045861631000969,0.0000000000000000,0.0074658031517446,0.0000000000000000,7.4699734394120316,3.0000063522860931,-130.411800,-0.030660,130.4424595931391,4257.4852071796759,0,1.7e-12
0.9989774401972074,0.0,0.0045901084868379,0.0000000000000000,0.0074716884899111,0.0000000000000000,7.4799734394120314,3.0000061777925415,-130.299560,-0.030674,130.3302337876645,4251.8459581725301,0,1.2e-13
0.9989706169945517,0.0,0.0045940751292119,0.0000000000000000,0.0074775263085529,0.0000000000000000,7.4899734394120312,3.0000060036619245,-130.181539,-0.030686,130.2122245012118,4246.3716826482114,0,9.8e-14
0.9989638193522358,0.0,0.0045980631974915,0.0000000000000000,0.0074833167557757,0.0000000000000000,7.4999734394120319,3.0000058298898855,-130.057923,-0.030695,130.0886185761700,4241.0630118892432,0,2.6e-13
0.9989570472403960,0.0,0.0046020728620528,0.0000000000000000,0.0074890599782893,0.0000000000000000,7.5099734394120317,3.0000056564720614,-129.928898,-0.030702,129.9596004079752,4235.9205791530148,0,2.8e-12
0.9989503006286858,0.0,0.0046061042935659,0.0000000000000000,0.0074947561213439,0.0000000000000000,7.5199734394120323,3.0000054834040775,-129.794645,-0.030706,129.8253518847352,4230.9450112570485,0,3.4e-12
0.9989435794865571,0.0,0.0046101576626448,0.0000000000000000,0.0075004053287067,0.0000000000000000,7.5299734394120321,3.0000053106815581,-129.655344,-0.030708,129.6860524934033,4226.1369390600912,0,5.4e-14
0.9989368837829058,0.0,0.0046142331401287,0.0000000000000000,0.0075060077429412,0.0000000000000000,7.5399734394120319,3.0000051383001178,-129.511171,-0.030708,129.5418793593087,4221.4970033473601,0,1.2e-13
0.9989302134863600,0.0,0.0046183308970350,0.0000000000000000,0.0075115635050254,0.0000000000000000,7.5499734394120317,3.0000049662553634,-129.362302,-0.030705,129.3930071446511,4217.0258382802194,0,6.5e-13
0.9989235685652026,0.0,0.0046224511044946,0.0000000000000000,0.0075170727545906,0.0000000000000000,7.5599734394120315,3.0000047945428974,-129.208908,-0.030700,129.2396081462893,4212.7240847670928,0,3.5e-14
0.9989169489873673,0.0,0.0046265939338399,0.0000000000000000,0.0075225356298329,0.0000000000000000,7.5699734394120313,3.0000046231583144,-129.051160,-0.030693,129.0818523109498,4208.5923862539876,0,8.6e-14
0.9989103547200626,0.0,0.0046307595569504,0.0000000000000000,0.0075279522676876,0.0000000000000000,7.5799734394120311,3.0000044520971922,-128.889224,-0.030683,128.9199073397566,4204.6313926392704,0,1.1e-11
0.9989037857318079,0.0,0.0046349481446102,0.0000000000000000,0.0075333228024672,0.0000000000000000,7.5899734394120317,3.0000042813551491,-128.723268,-0.030671,128.7539385540315,4200.8417352203242,0,6.7e-11
0.9988972419887256,0.0,0.0046391598688383,0.0000000000000000,0.0075386473705596,0.0000000000000000,7.5999734394120315,3.0000041109277222,-128.553451,-0.030657,128.5841081329267,4197.2241302273751,0,1.5e-13
0.9988907234576569,0.0,0.0046433949022911,0.0000000000000000,0.0075439261024108,0.0000000000000000,7.6099734394120322,3.0000039408104984,-128.379937,-0.030641,128.4105777667984,4193.7791866357675,0,2.4e-13
0.9988842301052614,0.0,0.0046476534168276,0.0000000000000000,0.0075491591298526,0.0000000000000000,7.6199734394120320,3.0000037709990419,-128.202883,-0.030622,128.2335055275240,4190.5075942684953,0,9.6e-14
0.9988777618978153,0.0,0.0046519355848716,0.0000000000000000,0.0075543465826457,0.0000000000000000,7.6299734394120318,3.0000036014889107,-128.022446,-0.030602,128.0530476121246,4187.4100309375181,0,8.8e-13
0.9988713188013465,0.0,0.0046562415792380,0.0000000000000000,0.0075594885889189,0.0000000000000000,7.6399734394120316,3.0000034322756561,-127.838779,-0.030579,127.8693580557107,4184.4871685189228,0,2.3e-11
0.9988649007818227,0.0,0.0046605715722030,0.0000000000000000,0.0075645852763590,0.0000000000000000,7.6499734394120313,3.0000032633548290,-127.652034,-0.030555,127.6825883378810,4181.7397326308674,0,5.7e-12
0.9988585078042407,0.0,0.0046649257370753,0.0000000000000000,0.0075696367707427,0.0000000000000000,7.6599734394120311,3.0000030947219627,-127.462361,-0.030528,127.4928887590039,4179.1684693488105,0,6.0e-11
0.9988521398354272,0.0,0.0046693042477614,0.0000000000000000,0.0075746431938417,0.0000000000000000,7.6699734394120318,3.0000029263726100,-127.269907,-0.030499,127.3004059000832,4176.7738995652862,0,3.2e-14
0.9988457968393468,0.0,0.0046737072770981,0.0000000000000000,0.0075796046709589,0.0000000000000000,7.6799734394120316,3.0000027583022826,-127.074817,-0.030469,127.1052857681023,4174.5569266528400,0,6.4e-12
0.9988394787815508,0.0,0.0046781349988322,0.0000000000000000,0.0075845213227663,0.0000000000000000,7.6899734394120323,3.0000025905065155,-126.877236,-0.030436,126.9076715326497,4172.5182396513728,0,2.6e-12
0.9988331856269431,0.0,0.0046825875871427,0.0000000000000000,0.0075893932692095,0.0000000000000000,7.6999734394120321,3.0000024229808249,-126.677303,-0.030402,126.7077042752680,4170.6585651211026,0,3.5e-13
0.9988269173402923,0.0,0.0046870652163075,0.0000000000000000,0.0075942206288540,0.0000000000000000,7.7099734394120318,3.0000022557207231,-126.475158,-0.030365,126.5055232473958,4168.9786571634049,0,9.8e-13
0.9988206738862383,0.0,0.0046915680607938,0.0000000000000000,0.0075990035190188,0.0000000000000000,7.7199734394120316,3.0000020887217183,-126.270939,-0.030327,126.3012655936903,4167.4792857707171,0,1.6e-13
0.9988144552293361,0.0,0.0046960962953911,0.0000000000000000,0.0076037420555177,0.0000000000000000,7.7299734394120314,3.0000019219793139,-126.064780,-0.030287,126.0950664849283,4166.1612253184758,0,1.3e-13
0.9988082613339928,0.0,0.0047006500951648,0.0000000000000000,0.0076084363528393,0.0000000000000000,7.7399734394120312,3.0000017554890048,-125.856814,-0.030245,125.8870591380128,4165.0252660445467,0,3.3e-13
0.9988020921645060,0.0,0.0047052296354824,0.0000000000000000,0.0076130865241051,0.0000000000000000,7.7499734394120319,3.0000015892462826,-125.647173,-0.030202,125.6773748364578,4164.0722114313267,0,5.0e-13
0.9987959476850936,0.0,0.0047098350919839,0.0000000000000000,0.0076176926810561,0.0000000000000000,7.7599734394120317,3.0000014232466312,-125.435987,-0.030156,125.4661429658398,4163.3028788485944,0,9.4e-13
0.9987898278588123,0.0,0.0047144666396946,0.0000000000000000,0.0076222549359144,0.0000000000000000,7.7699734394120323,3.0000012574855281,-125.223382,-0.030109,125.2534920303937,4162.7183225499557,0,1.8e-10
0.9987837326530717,0.0,0.0047191244575351,0.0000000000000000,0.0076267733920801,0.0000000000000000,7.7799734394120321,3.0000010919584561,-125.009484,-0.030061,125.0395447096162,4162.3187210035430,0,1.6e-13
0.9987776620279669,0.0,0.0047238087188482,0.0000000000000000,0.0076312481638225,0.0000000000000000,7.7899734394120319,3.0000009266608747,-124.794418,-0.030010,124.8244283589359,4162.1057319792399,0,1.0e-10
0.9987716159502037,0.0,0.0047285196032382,0.0000000000000000,0.0076356793525244,0.0000000000000000,7.7999734394120317,3.0000007615882431,-124.578304,-0.029959,124.6082624289521,4162.0796216120325,0,1.7e-13
0.9987655943820796,0.0,0.0047332572861029,0.0000000000000000,0.0076400670661515,0.0000000000000000,7.8099734394120315,3.0000005967360228,-124.361264,-0.029905,124.3911688090511,4162.2416723224542,0,1.8e-13
0.9987595972880361,0.0,0.0047380219456263,0.0000000000000000,0.0076444114072537,0.0000000000000000,7.8199734394120313,3.0000004320996623,-124.143415,-0.029850,124.1732655261857,4162.5926646002845,0,1.4e-13
0.9987536246319313,0.0,0.0047428137598233,0.0000000000000000,0.0076487124779853,0.0000000000000000,7.8299734394120319,3.0000002676746029,-123.924876,-0.029794,123.9546694462438,4163.1335185540684,0,7.8e-12
0.9987476763775791,0.0,0.0047476329067718,0.0000000000000000,0.0076529703795022,0.0000000000000000,7.8399734394120317,3.0000001034562849,-123.705760,-0.029736,123.7354956808566,4163.8652026459185,0,1.0e-12
0.9987417524888552,0.0,0.0047524795653445,0.0000000000000000,0.0076571852110904,0.0000000000000000,7.8499734394120315,2.9999999394401362,-123.486182,-0.029676,123.5158578320193,4164.7886603421948,0,1.5e-13
0.9987358529295803,0.0,0.0047573539144963,0.0000000000000000,0.0076613570710767,0.0000000000000000,7.8599734394120322,2.9999997756215837,-123.266253,-0.029615,123.2958677948564,4165.9048861411720,0,6.3e-12
0.9987299776637291,0.0,0.0047622561337367,0.0000000000000000,0.0076654860561532,0.0000000000000000,7.8699734394120320,2.9999996119960435,-123.046083,-0.029553,123.0756358245475,4167.2148590375200,0,2.5e-13
0.9987241266550684,0.0,0.0047671864028141,0.0000000000000000,0.0076695722620567,0.0000000000000000,7.8799734394120318,2.9999994485589272,-122.825781,-0.029489,122.8552707485061,4168.7196260509099,0,2.4e-13
0.9987182998672517,0.0,0.0047721449021994,0.0000000000000000,0.0076736157830938,0.0000000000000000,7.8899734394120316,2.9999992853056341,-122.605456,-0.029424,122.6348799526120,4170.4202461829809,0,1.6e-11
0.9987124972651236,0.0,0.0047771318119612,0.0000000000000000,0.0076776167116696,0.0000000000000000,7.8999734394120313,2.9999991222315794,-122.385211,-0.029358,122.4145686324029,4172.3177083431092,0,5.0e-13
0.9987067188118450,0.0,0.0047821473137333,0.0000000000000000,0.0076815751398166,0.0000000000000000,7.9099734394120311,2.9999989593321352,-122.165151,-0.029290,122.1944415342380,4174.4131680158180,0,1.0e-12
0.9987009644716762,0.0,0.0047871915888758,0.0000000000000000,0.0076854911577447,0.0000000000000000,7.9199734394120318,2.9999987966026906,-121.945380,-0.029221,121.9746012594305,4176.7077141224072,0,5.9e-12
0.9986952342088093,0.0,0.0047922648194510,0.0000000000000000,0.0076893648540809,0.0000000000000000,7.9299734394120316,2.9999986340386222,-121.725998,-0.029151,121.7551494571799,4179.2024698786054,0,5.8e-13
0.9986895279874277,0.0,0.0047973671876856,0.0000000000000000,0.0076931963168084,0.0000000000000000,7.9399734394120323,2.9999984716352985,-121.507106,-0.029080,121.5361857592933,4181.8985891460525,0,2.9e-12
0.9986838457717568,0.0,0.0048024988766746,0.0000000000000000,0.0076969856319976,0.0000000000000000,7.9499734394120321,2.9999983093880789,-121.288802,-0.029008,121.3178091193449,4184.7972493293264,0,2.1e-13
0.9986781875261934,0.0,0.0048076600696505,0.0000000000000000,0.0077007328848077,0.0000000000000000,7.9599734394120318,2.9999981472923181,-121.071183,-0.028934,121.1001166607529,4187.8996472981435,0,1.7e-13
0.9986725532151632,0.0,0.0048128509505773,0.0000000000000000,0.0077044381588384,0.0000000000000000,7.9699734394120316,2.9999979853433594,-120.854345,-0.028859,120.8832045390369,4191.2070073708901,0,3.8e-12
0.9986669428032202,0.0,0.0048180717036561,0.0000000000000000,0.0077081015367194,0.0000000000000000,7.9799734394120314,2.9999978235365412,-120.638384,-0.028783,120.6671673049455,4194.7205832609206,0,3.2e-13
0.9986613562552920,0.0,0.0048233225133915,0.0000000000000000,0.0077117230994882,0.0000000000000000,7.9899734394120312,2.9999976618672006,-120.423392,-0.028707,120.4520984030518,4198.4416460973262,0,1.1e-11
0.9986557935352927,0.0,0.0048286035666791,0.0000000000000000,0.0077153029267335,0.0000000000000000,7.9999734394120319,2.9999975003306281,-120.209462,-0.028629,120.2380908062476,4202.3714970001201,0,2.3e-13
0.9986502546089688,0.0,0.0048339150478718,0.0000000000000000,0.0077188410973353,0.0000000000000000,8.0099734394120325,2.9999973389221650,-119.996685,-0.028550,120.0252348701909,4206.5114663657023,0,3.1e-13
0.9986447394409950,0.0,0.0048392571440061,0.0000000000000000,0.0077223376884764,0.0000000000000000,8.0199734394120323,2.9999971776371015,-119.785151,-0.028470,119.8136208145292,4210.8629122593156,0,1.9e-12
0.9986392479966133,0.0,0.0048446300420177,0.0000000000000000,0.0077257927761283,0.0000000000000000,8.0299734394120321,2.9999970164707332,-119.574949,-0.028389,119.6033373965298,4215.4272092703122,0,5.9e-14
0.9986337802409855,0.0,0.0048500339296115,0.0000000000000000,0.0077292064350305,0.0000000000000000,8.0399734394120319,2.9999968554183414,-119.366165,-0.028307,119.3944724421658,4220.2057828005409,0,2.9e-12
0.9986283361397303,0.0,0.0048554689947277,0.0000000000000000,0.0077325787386473,0.0000000000000000,8.0499734394120317,2.9999966944752035,-119.158888,-0.028224,119.1871123960576,4225.2000549773993,0,1.9e-12
0.9986229156576618,0.0,0.0048609354264012,0.0000000000000000,0.0077359097598804,0.0000000000000000,8.0599734394120315,2.9999965336365699,-118.953202,-0.028141,118.9813429417982,4230.4115965224719,0,5.6e-11
0.9986175187638500,0.0,0.0048664334139598,0.0000000000000000,0.0077391995661531,0.0000000000000000,8.0699734394120313,2.9999963728977357,-118.749192,-0.028056,118.7772479209435,4235.8412940053477,0,2.5e-10
0.9986121454178318,0.0,0.0048719631470117,0.0000000000000000,0.0077424482332165,0.0000000000000000,8.0799734394120328,2.9999962122538850,-118.546943,-0.027971,118.5749137080747,4241.4920152509621,0,6.3e-12
0.9986067955909960,0.0,0.0048775248162854,0.0000000000000000,0.0077456558250266,0.0000000000000000,8.0899734394120308,2.9999960517002950,-118.346535,-0.027885,118.3744196920105,4247.3641556554676,0,2.4e-13
0.9986014692479245,0.0,0.0048831186131955,0.0000000000000000,0.0077488224098662,0.0000000000000000,8.0999734394120324,2.9999958912321723,-118.148050,-0.027798,118.1758488238870,4253.4596689156542,0,4.4e-12
0.9985961663551112,0.0,0.0048887447296571,0.0000000000000000,0.0077519480534798,0.0000000000000000,8.1099734394120322,2.9999957308447311,-117.951571,-0.027711,117.9792820027264,4259.7801769659909,0,1.2e-12
0.9985908868791330,0.0,0.0048944033579404,0.0000000000000000,0.0077550328208369,0.0000000000000000,8.1199734394120320,2.9999955705331720,-117.757176,-0.027623,117.7847989173296,4266.3273653723427,0,7.1e-12
0.9985856307862281,0.0,0.0049000946907143,0.0000000000000000,0.0077580767766798,0.0000000000000000,8.1299734394120318,2.9999954102926791,-117.564944,-0.027534,117.5924779090455,4273.1030489756085,0,1.2e-10
0.9985803980452443,0.0,0.0049058189240697,0.0000000000000000,0.0077610799786856,0.0000000000000000,8.1399734394120316,2.9999952501184386,-117.374955,-0.027444,117.4023994771003,4280.1085195619553,0,1.1e-13
0.9985751886215329,0.0,0.0049115762502896,0.0000000000000000,0.0077640424923607,0.0000000000000000,8.1499734394120313,2.9999950900056067,-117.187285,-0.027354,117.2146387883307,4287.3460040045811,0,6.0e-13
0.9985700024831395,0.0,0.0049173668654841,0.0000000000000000,0.0077669643758675,0.0000000000000000,8.1599734394120311,2.9999949299493389,-117.002010,-0.027263,117.0292732376981,4294.8171445043317,0,2.3e-13
0.9985648395976978,0.0,0.0049231909656784,0.0000000000000000,0.0077698456876869,0.0000000000000000,8.1699734394120327,2.9999947699447747,-116.819207,-0.027171,116.8463787226929,4302.5237823878106,0,4.6e-13
0.9985596999330616,0.0,0.0049290487476534,0.0000000000000000,0.0077726864850607,0.0000000000000000,8.1799734394120307,2.9999946099870414,-116.638951,-0.027079,116.6660304293726,4310.4677932758714,0,1.9e-13
0.9985545834571715,0.0,0.0049349404089136,0.0000000000000000,0.0077754868242355,0.0000000000000000,8.1899734394120323,2.9999944500712488,-116.461316,-0.026987,116.4883027177073,4318.6511104684323,0,1.5e-11
0.9985494901387005,0.0,0.0049408661478034,0.0000000000000000,0.0077782467593994,0.0000000000000000,8.1999734394120321,2.9999942901925039,-116.286376,-0.026894,116.3132697273067,4327.0756336142695,0,5.7e-12
0.9985444199458712,0.0,0.0049468261634075,0.0000000000000000,0.0077809663446373,0.0000000000000000,8.2099734394120318,2.9999941303458866,-116.114204,-0.026800,116.1410043482796,4335.7433932739013,0,1.5e-12
0.9985393728475266,0.0,0.0049528206555431,0.0000000000000000,0.0077836456322300,0.0000000000000000,8.2199734394120316,2.9999939705264707,-115.944873,-0.026706,115.9715791937794,4344.6564208620202,0,9.0e-13
0.9985343488130617,0.0,0.0049588498251262,0.0000000000000000,0.0077862846725905,0.0000000000000000,8.2299734394120314,2.9999938107293169,-115.778456,-0.026611,115.8050666372525,4353.8167107880299,0,5.2e-11
0.9985293478105554,0.0,0.0049649138731029,0.0000000000000000,0.0077888835178184,0.0000000000000000,8.2399734394120312,2.9999936509494534,-115.615021,-0.026516,115.6415369094657,4363.2266104439423,0,6.9e-12
0.9985243698105982,0.0,0.0049710130018711,0.0000000000000000,0.0077914422149090,0.0000000000000000,8.2499734394120310,2.9999934911819270,-115.454641,-0.026421,115.4810618284067,4372.8881268535060,0,6.9e-11
0.9985194147831308,0.0,0.0049771474157333,0.0000000000000000,0.0077939608108044,0.0000000000000000,8.2599734394120325,2.9999933314217335,-115.297387,-0.026325,115.3237118001618,4382.8032502024944,0,2.8e-12
0.9985144826974709,0.0,0.0049833173175788,0.0000000000000000,0.0077964393531562,0.0000000000000000,8.2699734394120323,2.9999931716638777,-115.143328,-0.026229,115.1695563332679,4392.9745432414757,0,3.6e-12
0.9985095735242284,0.0,0.0049895229127451,0.0000000000000000,0.0077988778866102,0.0000000000000000,8.2799734394120321,2.9999930119033360,-114.992533,-0.026132,115.0186648764071,4403.4041643859655,0,1.6e-13
0.9985046872339058,0.0,0.0049957644070286,0.0000000000000000,0.0078012764551769,0.0000000000000000,8.2899734394120319,2.9999928521350716,-114.845071,-0.026035,114.8711063600491,4414.0944682344725,0,3.8e-13
0.9984998237973539,0.0,0.0050020420072073,0.0000000000000000,0.0078036351015603,0.0000000000000000,8.2999734394120317,2.9999926923540303,-114.701011,-0.025938,114.7269493166420,4425.0478296201418,0,6.9e-14
0.9984949831856733,0.0,0.0050083559209728,0.0000000000000000,0.0078059538673123,0.0000000000000000,8.3099734394120315,2.9999925325551406,-114.560421,-0.025841,114.5862618837902,4436.2666786552963,0,2.4e-14
0.9984901653702564,0.0,0.0050147063569499,0.0000000000000000,0.0078082327927904,0.0000000000000000,8.3199734394120313,2.9999923727333138,-114.423369,-0.025743,114.4491118188534,4447.7534910416252,0,4.0e-13
0.9984853703228537,0.0,0.0050210935244284,0.0000000000000000,0.0078104719175657,0.0000000000000000,8.3299734394120328,2.9999922128834426,-114.289921,-0.025645,114.3155660315687,4459.5107451115764,0,4.1e-11
0.9984805980157175,0.0,0.0050275176348099,0.0000000000000000,0.0078126712779751,0.0000000000000000,8.3399734394120308,2.9999920530004065,-114.160146,-0.025547,114.1856932018271,4471.5410194981541,0,8.7e-11
0.9984758484197215,0.0,0.0050339788989685,0.0000000000000000,0.0078148309133912,0.0000000000000000,8.3499734394120324,2.9999918930790437,-114.034110,-0.025449,114.0595584387673,4483.8472244796403,0,1.1e-13
0.9984711215089191,0.0,0.0050404775295586,0.0000000000000000,0.0078169508576985,0.0000000000000000,8.3599734394120322,2.9999917331142067,-113.911879,-0.025350,113.9372289359172,4496.4316620986256,0,3.3e-12
0.9984664172556815,0.0,0.0050470137402326,0.0000000000000000,0.0078190311457345,0.0000000000000000,8.3699734394120320,2.9999915731007092,-113.793520,-0.025251,113.8187709498421,4509.2971936241647,0,1.7e-12
0.9984617356331068,0.0,0.0050535877456453,0.0000000000000000,0.0078210718108181,0.0000000000000000,8.3799734394120318,2.9999914130333449,-113.679098,-0.025153,113.7042505132820,4522.4466122091471,0,1.9e-13
0.9984570766147908,0.0,0.0050601997609362,0.0000000000000000,0.0078230728854628,0.0000000000000000,8.3899734394120316,2.9999912529068955,-113.568679,-0.025054,113.5937329870191,4535.8827245358243,0,3.0e-11
0.9984524401740696,0.0,0.0050668500044849,0.0000000000000000,0.0078250343993368,0.0000000000000000,8.3999734394120313,2.9999910927161011,-113.462331,-0.024954,113.4872855517212,4549.6085305623737,0,2.5e-12
0.9984478262853792,0.0,0.0050735386926438,0.0000000000000000,0.0078269563834962,0.0000000000000000,8.4099734394120311,2.9999909324557081,-113.360117,-0.024855,113.3849722061708,4563.6268752816850,0,2.8e-12
0.9984432349230685,0.0,0.0050802660448240,0.0000000000000000,0.0078288388660226,0.0000000000000000,8.4199734394120327,2.9999907721204262,-113.262103,-0.024756,113.2868588827810,4577.9407963991798,0,3.6e-13
0.9984386660617766,0.0,0.0050870322811609,0.0000000000000000,0.0078306818744008,0.0000000000000000,8.4299734394120307,2.9999906117049431,-113.168354,-0.024657,113.1930108402892,4592.5533725241830,0,4.1e-13
0.9984341196765456,0.0,0.0050938376229177,0.0000000000000000,0.0078324854348751,0.0000000000000000,8.4399734394120323,2.9999904512039262,-113.078936,-0.024557,113.1034932715739,4607.4677272178469,0,1.7e-13
0.9984295957427274,0.0,0.0051006822925301,0.0000000000000000,0.0078342495725317,0.0000000000000000,8.4499734394120321,2.9999902906120184,-112.993913,-0.024458,113.0183713276540,4622.6870493204160,0,4.9e-13
0.9984250942359849,0.0,0.0051075665136037,0.0000000000000000,0.0078359743113215,0.0000000000000000,8.4599734394120318,2.9999901299238396,-112.913351,-0.024359,112.9377100876467,4638.2145947534764,0,1.4e-12
0.9984206151323649,0.0,0.0051144905109360,0.0000000000000000,0.0078376596739961,0.0000000000000000,8.4699734394120316,2.9999899691339866,-112.837315,-0.024259,112.8615746350183,4654.0536670627316,0,1.9e-13
0.9984161584081740,0.0,0.0051214545105892,0.0000000000000000,0.0078393056821872,0.0000000000000000,8.4799734394120314,2.9999898082370287,-112.765870,-0.024160,112.7900300515423,4670.2076544296642,0,1.8e-13
0.9984117240401190,0.0,0.0051284587398238,0.0000000000000000,0.0078409123563419,0.0000000000000000,8.4899734394120312,2.9999896472275132,-112.699081,-0.024061,112.7231414474799,4686.6799961338156,0,1.2e-13
0.9984073120052112,0.0,0.0051355034271896,0.0000000000000000,0.0078424797157657,0.0000000000000000,8.4999734394120310,2.9999894860999605,-112.637013,-0.023961,112.6609739777601,4703.4742045866451,0,1.6e-13
0.9984029222808156,0.0,0.0051425888024832,0.0000000000000000,0.0078440077786188,0.0000000000000000,8.5099734394120325,2.9999893248488645,-112.579731,-0.023862,112.6035928696917,4720.5938624545097,0,2.6e-12
0.9983985548448241,0.0,0.0051497150967899,0.0000000000000000,0.0078454965617884,0.0000000000000000,8.5199734394120323,2.9999891634686948,-112.527300,-0.023763,112.5510634851888,4738.0425480425038,0,3.2e-11
0.9983942096747849,0.0,0.0051568825427785,0.0000000000000000,0.0078469460813445,0.0000000000000000,8.5299734394120321,2.9999890019538866,-112.479787,-0.023664,112.5034512199217,4755.8241611914927,0,1.1e-13
0.9983898867496136,0.0,0.0051640913739718,0.0000000000000000,0.0078483563517737,0.0000000000000000,8.5399734394120319,2.9999888402988582,-112.437256,-0.023565,112.4608216818405,4773.9423193900884,0,1.8e-13
0.9983855860479037,0.0,0.0051713418256096,0.0000000000000000,0.0078497273866843,0.0000000000000000,8.5499734394120317,2.9999886784979921,-112.399774,-0.023467,112.4232406060760,4792.4009437068353,0,1.1e-12
0.9983813075488062,0.0,0.0051786341342063,0.0000000000000000,0.0078510591984418,0.0000000000000000,8.5599734394120315,2.9999885165456459,-112.367406,-0.023368,112.3907739316496,4811.2039664407730,0,7.6e-14
0.9983770512317767,0.0,0.0051859685377335,0.0000000000000000,0.0078523517982939,0.0000000000000000,8.5699734394120313,2.9999883544361454,-112.340218,-0.023270,112.3634877909685,4830.3554045894271,0,1.3e-12
0.9983728170766684,0.0,0.0051933452754746,0.0000000000000000,0.0078536051963802,0.0000000000000000,8.5799734394120328,2.9999881921637876,-112.318277,-0.023172,112.3414484923209,4849.8593533593266,0,2.8e-13
0.9983686050637148,0.0,0.0052007645883258,0.0000000000000000,0.0078548194015646,0.0000000000000000,8.5899734394120308,2.9999880297228381,-112.301649,-0.023073,112.3247227144469,4869.7199654154174,0,6.7e-12
0.9983644151732642,0.0,0.0052082267185328,0.0000000000000000,0.0078559944218199,0.0000000000000000,8.5999734394120324,2.9999878671075328,-112.290401,-0.022976,112.3133772034591,4889.9415934244589,0,3.7e-11
0.9983602473868469,0.0,0.0052157319097421,0.0000000000000000,0.0078571302634489,0.0000000000000000,8.6099734394120322,2.9999877043120797,-112.284601,-0.022878,112.3074793625760,4910.5283329043159,0,2.7e-13
0.9983561016852658,0.0,0.0052232804075192,0.0000000000000000,0.0078582269321674,0.0000000000000000,8.6199734394120320,2.9999875413306443,-112.284316,-0.022781,112.3070965641435,4931.4847914608799,0,1.3e-11
0.9983519780503014,0.0,0.0052308724582465,0.0000000000000000,0.0078592844325529,0.0000000000000000,8.6299734394120318,2.9999873781573716,-112.289613,-0.022684,112.3122963844405,4952.8154681361757,0,1.5e-12
0.9983478764641329,0.0,0.0052385083106733,0.0000000000000000,0.0078603027674857,0.0000000000000000,8.6399734394120316,2.9999872147863629,-112.300561,-0.022587,112.3231473183151,4974.5248767254579,0,3.2e-13
0.9983437969091770,0.0,0.0052461882146179,0.0000000000000000,0.0078612819391602,0.0000000000000000,8.6499734394120313,2.9999870512116931,-112.317228,-0.022490,112.3397177936072,4996.6177187955382,0,4.4e-13
0.9983397393682568,0.0,0.0052539124216620,0.0000000000000000,0.0078622219485074,0.0000000000000000,8.6599734394120311,2.9999868874273976,-112.339683,-0.022394,112.3620767583372,5019.0987604089678,0,4.1e-13
0.9983357038246127,0.0,0.0052616811849879,0.0000000000000000,0.0078631227952850,0.0000000000000000,8.6699734394120327,2.9999867234274795,-112.367996,-0.022298,112.3902936013914,5041.9728531071269,0,2.5e-13
0.9983316902618415,0.0,0.0052694947594560,0.0000000000000000,0.0078639844781404,0.0000000000000000,8.6799734394120307,2.9999865592059050,-112.402236,-0.022202,112.4244381299659,5065.2449468525056,0,1.6e-13
0.9983276986639442,0.0,0.0052773534015830,0.0000000000000000,0.0078648069945675,0.0000000000000000,8.6899734394120323,2.9999863947566032,-112.442474,-0.022106,112.4645806191225,5088.9200851357446,0,1.2e-13
0.9983237290153080,0.0,0.0052852573696023,0.0000000000000000,0.0078655903409113,0.0000000000000000,8.6999734394120321,2.9999862300734677,-112.488781,-0.022011,112.5107918276471,5113.0034103323915,0,5.8e-13
0.9983197813007205,0.0,0.0052932069234767,0.0000000000000000,0.0078663345123708,0.0000000000000000,8.7099734394120318,2.9999860651503516,-112.541227,-0.021916,112.5631430384264,5137.5001577757957,0,1.4e-13
0.9983158555053504,0.0,0.0053012023249209,0.0000000000000000,0.0078670395030060,0.0000000000000000,8.7199734394120316,2.9999858999810729,-112.599884,-0.021822,112.6217060353050,5162.4156742375699,0,1.6e-12
0.9983119516147942,0.0,0.0053092438374249,0.0000000000000000,0.0078677053057138,0.0000000000000000,8.7299734394120314,2.9999857345594072,-112.664825,-0.021728,112.6865531863626,5187.7553927514264,0,8.0e-13
0.9983080696152333,0.0,0.0053173317261623,0.0000000000000000,0.0078683319120646,0.0000000000000000,8.7399734394120312,2.9999855688790973,-112.736124,-0.021634,112.7577575745243,5213.5248112369527,0,2.8e-11
0.9983042094924075,0.0,0.0053254662586730,0.0000000000000000,0.0078689193132811,0.0000000000000000,8.7499734394120310,2.9999854029338242,-112.813852,-0.021540,112.8353921916572,5239.7297412466905,0,2.8e-12
0.9983003712337462,0.0,0.0053336477035493,0.0000000000000000,0.0078694674982044,0.0000000000000000,8.7599734394120325,2.9999852367172584,-112.898084,-0.021447,112.9195317053485,5266.3757898618896,0,3.8e-12
0.9982965548261920,0.0,0.0053418763317813,0.0000000000000000,0.0078699764554507,0.0000000000000000,8.7699734394120306,2.9999850702230066,-112.988896,-0.021355,113.0102506195513,5293.4688891516107,0,2.3e-13
0.9982927602574003,0.0,0.0053501524161900,0.0000000000000000,0.0078704461720926,0.0000000000000000,8.7799734394120321,2.9999849034446409,-113.086362,-0.021262,113.1076244415885,5321.0150103926680,0,2.5e-13
0.9982889875158785,0.0,0.0053584762311713,0.0000000000000000,0.0078708766338886,0.0000000000000000,8.7899734394120319,2.9999847363756951,-113.190559,-0.021170,113.2117295933015,5349.0200627954773,0,1.0e-10
0.9982852365884236,0.0,0.0053668480543139,0.0000000000000000,0.0078712678267906,0.0000000000000000,8.7999734394120317,2.9999845690096261,-113.301563,-0.021079,113.3226416306811,5377.4908916229579,0,1.9e-11
0.9982815074656609,0.0,0.0053752681637311,0.0000000000000000,0.0078716197330638,0.0000000000000000,8.8099734394120315,2.9999844013398960,-113.419452,-0.020988,113.4404396885921,5406.4331371067765,0,8.2e-14
0.9982778001361003,0.0,0.0053837368400607,0.0000000000000000,0.0078719323361543,0.0000000000000000,8.8199734394120313,2.9999842333598887,-113.544304,-0.020897,113.5652010952564,5435.8535630905408,0,3.0e-13
0.9982741145894876,0.0,0.0053922543662304,0.0000000000000000,0.0078722056172942,0.0000000000000000,8.8299734394120328,2.9999840650629475,-113.676198,-0.020807,113.6970050543771,5465.7587251829227,0,3.3e-12
0.9982704508159463,0.0,0.0054008210271729,0.0000000000000000,0.0078724395567014,0.0000000000000000,8.8399734394120308,2.9999838964423704,-113.815214,-0.020717,113.8359314317084,5496.1553158738334,0,3.6e-13
0.9982668088059795,0.0,0.0054094371098315,0.0000000000000000,0.0078726341335305,0.0000000000000000,8.8499734394120324,2.9999837274914043,-113.961433,-0.020628,113.9820607803933,5527.0501920037250,0,5.5e-13
0.9982631885505365,0.0,0.0054181029033659,0.0000000000000000,0.0078727893257194,0.0000000000000000,8.8599734394120304,2.9999835582032501,-114.114936,-0.020539,114.1354745601738,5558.4503246381828,0,3.0e-13
0.9982595900409929,0.0,0.0054268186991118,0.0000000000000000,0.0078729051100553,0.0000000000000000,8.8699734394120320,2.9999833885710565,-114.275805,-0.020450,114.2962550655091,5590.3628207096053,0,6.8e-13
0.9982560132691645,0.0,0.0054355847905931,0.0000000000000000,0.0078729814621561,0.0000000000000000,8.8799734394120318,2.9999832185879223,-114.444123,-0.020362,114.4644854767176,5622.7949206925159,0,3.3e-13
0.9982524582272774,0.0,0.0054444014735992,0.0000000000000000,0.0078730183565042,0.0000000000000000,8.8899734394120316,2.9999830482468934,-114.619975,-0.020274,114.6402498357768,5655.7540129623603,0,5.1e-14
0.9982489249087436,0.0,0.0054532690455204,0.0000000000000000,0.0078730157656380,0.0000000000000000,8.8999734394120313,2.9999828775409854,-114.803447,-0.020187,114.8236337907573,5689.2474690294348,0,8.0e-11
0.9982454133044421,0.0,0.0054621878086844,0.0000000000000000,0.0078729736639874,0.0000000000000000,8.9099734394120311,2.9999827064630744,-114.994621,-0.020101,115.0147212432190,5723.2834319908998,0,9.2e-14
0.9982419234101290,0.0,0.0054711580638275,0.0000000000000000,0.0078728920202520,0.0000000000000000,8.9199734394120327,2.9999825350061116,-115.193587,-0.020014,115.2136010566588,5757.8692572082882,0,1.7e-12
0.9982384552190782,0.0,0.0054801801166661,0.0000000000000000,0.0078727708049471,0.0000000000000000,8.9299734394120307,2.9999823631629052,-115.400432,-0.019929,115.4203604522980,5793.0130691921477,0,1.0e-12
0.9982350087253655,0.0,0.0054892542747239,0.0000000000000000,0.0078726099870992,0.0000000000000000,8.9399734394120323,2.9999821909262252,-115.615244,-0.019843,115.6350878382544,5828.7231327671798,0,6.4e-11
0.9982315839248196,0.0,0.0054983808478163,0.0000000000000000,0.0078724095331103,0.0000000000000000,8.9499734394120321,2.9999820182888008,-115.838116,-0.019758,115.8578743350130,5865.0073335097331,0,3.1e-12
0.9982281808116914,0.0,0.0055075601485278,0.0000000000000000,0.0078721694103583,0.0000000000000000,8.9599734394120318,2.9999818452432758,-116.069135,-0.019674,116.0888095433854,5901.8745661467601,0,1.5e-11
0.9982247993823575,0.0,0.0055167924915584,0.0000000000000000,0.0078718895833879,0.0000000000000000,8.9699734394120316,2.9999816717822596,-116.308396,-0.019590,116.3279861624911,5939.3331819558825,0,7.6e-12
0.9982214396327448,0.0,0.0055260781944316,0.0000000000000000,0.0078715700163839,0.0000000000000000,8.9799734394120314,2.9999814978982871,-116.555990,-0.019507,116.5754969383147,5977.3920858092870,0,1.1e-11
0.9982181015594568,0.0,0.0055354175774071,0.0000000000000000,0.0078712106720747,0.0000000000000000,8.9899734394120330,2.9999813235838326,-116.812012,-0.019424,116.8314361060704,6016.0602231689454,0,9.7e-13
0.9982147851601558,0.0,0.0055448109630533,0.0000000000000000,0.0078708115113915,0.0000000000000000,8.9999734394120310,2.9999811488313184,-117.076558,-0.019342,117.0958997263142,6055.3464922408421,0,8.5e-11
0.9982114904304472,0.0,0.0055542586764205,0.0000000000000000,0.0078703724973326,0.0000000000000000,9.0099734394120325,2.9999809736330758,-117.349721,-0.019260,117.3689812896127,6095.2610343160113,0,1.4e-10
0.9982082173716703,0.0,0.0055637610457083,0.0000000000000000,0.0078698935846187,0.0000000000000000,9.0199734394120306,2.9999807979814346,-117.631605,-0.019178,117.6507834117990,6135.8119990758232,0,2.7e-11
0.9982049659800423,0.0,0.0055733184018606,0.0000000000000000,0.0078693747341002,0.0000000000000000,9.0299734394120321,2.9999806218685836,-117.922304,-0.019097,117.9414017709541,6177.0099479728724,0,2.0e-12
0.9982017362547877,0.0,0.0055829310782280,0.0000000000000000,0.0078688159023991,0.0000000000000000,9.0399734394120319,2.9999804452866830,-118.221920,-0.019017,118.2409367404132,6218.8646049760082,0,2.3e-12
0.9981985281954655,0.0,0.0055925994112274,0.0000000000000000,0.0078682170448054,0.0000000000000000,9.0499734394120317,2.9999802682278220,-118.530553,-0.018937,118.5494899464335,6261.3859767586146,0,1.2e-12
0.9981953418020550,0.0,0.0056023237399395,0.0000000000000000,0.0078675781156624,0.0000000000000000,9.0599734394120315,2.9999800906840224,-118.848306,-0.018858,118.8671640968922,6304.5842623759672,0,2.7e-11
0.9981921770745257,0.0,0.0056121044067987,0.0000000000000000,0.0078668990683060,0.0000000000000000,9.0699734394120313,2.9999799126472255,-119.175284,-0.018779,119.1940627559722,6348.4700984537976,0,8.5e-14
0.9981890340140225,0.0,0.0056219417565215,0.0000000000000000,0.0078661798545718,0.0000000000000000,9.0799734394120328,2.9999797341093140,-119.511591,-0.018701,119.5302914562573,6393.0539688886029,0,2.3e-13
0.9981859126216839,0.0,0.0056318361372332,0.0000000000000000,0.0078654204252773,0.0000000000000000,9.0899734394120308,2.9999795550620916,-119.857334,-0.018623,119.8759566251361,6438.3468135056637,0,2.7e-12
0.9981828128992476,0.0,0.0056417878999897,0.0000000000000000,0.0078646207299811,0.0000000000000000,9.0999734394120324,2.9999793754972890,-120.212621,-0.018545,120.2311661848368,6484.3597054630882,0,5.5e-13
0.9981797348489210,0.0,0.0056517973988763,0.0000000000000000,0.0078637807170153,0.0000000000000000,9.1099734394120322,2.9999791954065618,-120.577561,-0.018468,120.5960294094090,6531.1039617127080,0,2.1e-12
0.9981766784733443,0.0,0.0056618649911410,0.0000000000000000,0.0078629003335154,0.0000000000000000,9.1199734394120320,2.9999790147814900,-120.952265,-0.018392,120.9706569499738,6578.5911327410686,0,2.8e-12
0.9981736437757454,0.0,0.0056719910370202,0.0000000000000000,0.0078619795254243,0.0000000000000000,9.1299734394120318,2.9999788336135773,-121.336845,-0.018316,121.3551609521790,6626.8329267891877,0,1.3e-11
0.9981706307596778,0.0,0.0056821759004002,0.0000000000000000,0.0078610182371576,0.0000000000000000,9.1399734394120316,2.9999786518942444,-121.731414,-0.018241,121.7496550522324,6675.8414242242379,0,1.5e-13
0.9981676394292924,0.0,0.0056924199477913,0.0000000000000000,0.0078600164124268,0.0000000000000000,9.1499734394120313,2.9999784696148386,-122.136088,-0.018166,122.1542541652012,6725.6287933758049,0,4.2e-13
0.9981646697892013,0.0,0.0057027235493704,0.0000000000000000,0.0078589739933016,0.0000000000000000,9.1599734394120311,2.9999782867666211,-122.550984,-0.018091,122.5690749025771,6776.2075202770693,0,4.0e-12
0.9981617218444055,0.0,0.0057130870786486,0.0000000000000000,0.0078578909208063,0.0000000000000000,9.1699734394120327,2.9999781033407689,-122.976218,-0.018018,122.9942352277521,6827.5903636928460,0,2.4e-13
0.9981587956005439,0.0,0.0057235109123762,0.0000000000000000,0.0078567671345848,0.0000000000000000,9.1799734394120307,2.9999779193283809,-123.411911,-0.017944,123.4298548135353,6879.7902756198691,0,2.4e-13
0.9981558910636344,0.0,0.0057339954308430,0.0000000000000000,0.0078556025731209,0.0000000000000000,9.1899734394120323,2.9999777347204653,-123.858184,-0.017871,123.8760547806994,6932.8205110111348,0,6.0e-13
0.9981530082385767,0.0,0.0057445410167373,0.0000000000000000,0.0078543971762505,0.0000000000000000,9.1999734394120321,2.9999775495079404,-124.315155,-0.017799,124.3329547366590,6986.6954689415743,0,4.0e-10
0.9981501471373954,0.0,0.0057551480604251,0.0000000000000000,0.0078531508719765,0.0000000000000000,9.2099734394120318,2.9999773636816576,-124.782962,-0.017727,124.8006885341279,7041.4262215905401,0,8.7e-12
0.9981473077624664,0.0,0.0057658169494720,0.0000000000000000,0.0078518636032174,0.0000000000000000,9.2199734394120316,2.9999771772323465,-125.261717,-0.017655,125.2793723014716,7097.0296325929230,0,2.9e-11
0.9981444901223008,0.0,0.0057765480814941,0.0000000000000000,0.0078505353013258,0.0000000000000000,9.2299734394120314,2.9999769901506199,-125.751551,-0.017584,125.7691361174237,7153.5195348898706,0,2.6e-10
0.9981416942295185,0.0,0.0057873418499166,0.0000000000000000,0.0078491658953714,0.0000000000000000,9.2399734394120330,2.9999768024271565,-126.252599,-0.017514,126.2701132597910,7210.9088811602815,0,3.5e-13
0.9981389200889099,0.0,0.0057981986608388,0.0000000000000000,0.0078477553196794,0.0000000000000000,9.2499734394120310,2.9999766140523128,-126.764986,-0.017444,126.7824302959528,7269.2144056768766,0,5.5e-14
0.9981361677113827,0.0,0.0058091189186728,0.0000000000000000,0.0078463035026872,0.0000000000000000,9.2599734394120325,2.9999764250164924,-127.288847,-0.017374,127.3062214810457,7328.4507279096406,0,6.1e-12
0.9981334371070139,0.0,0.0058201030330289,0.0000000000000000,0.0078448103726138,0.0000000000000000,9.2699734394120306,2.9999762353099682,-127.824316,-0.017305,127.8416214411575,7388.6333394111389,0,8.1e-13
0.9981307282862408,0.0,0.0058311514173732,0.0000000000000000,0.0078432758565689,0.0000000000000000,9.2799734394120321,2.9999760449229118,-128.371530,-0.017237,128.3887662996803,7449.7781484692014,0,4.7e-12
0.9981280412601645,0.0,0.0058422644890387,0.0000000000000000,0.0078416998802736,0.0000000000000000,9.2899734394120319,2.9999758538453971,-128.930626,-0.017169,128.9477941843139,7511.9012776063828,0,2.5e-13
0.9981253760399458,0.0,0.0058534426694538,0.0000000000000000,0.0078400823685845,0.0000000000000000,9.2999734394120317,2.9999756620673899,-129.501743,-0.017101,129.5188443683723,7575.0194565303809,0,8.2e-11
0.9981227326385906,0.0,0.0058646863845146,0.0000000000000000,0.0078384232432936,0.0000000000000000,9.3099734394120315,2.9999754695787599,-130.085027,-0.017034,130.1020602888436,7639.1489413663849,0,1.1e-12
0.9981201110677085,0.0,0.0058759960634661,0.0000000000000000,0.0078367224275671,0.0000000000000000,9.3199734394120313,2.9999752763692613,-130.680617,-0.016967,130.6975837986801,7704.3074875532584,0,1.9e-12
0.9981175113407965,0.0,0.0058873721399097,0.0000000000000000,0.0078349798411471,0.0000000000000000,9.3299734394120328,2.9999750824285578,-131.288660,-0.016901,131.3055609173511,7770.5125474996230,0,8.2e-11
0.9981149334711220,0.0,0.0058988150531737,0.0000000000000000,0.0078331954040371,0.0000000000000000,9.3399734394120308,2.9999748877461552,-131.909304,-0.016835,131.9261391107180,7837.7816932103697,0,5.5e-13
0.9981123774730821,0.0,0.0059103252444573,0.0000000000000000,0.0078313690333118,0.0000000000000000,9.3499734394120324,2.9999746923115174,-132.542698,-0.016769,132.5594675205791,7906.1335217769029,0,6.0e-13
0.9981098433612196,0.0,0.0059219031609848,0.0000000000000000,0.0078295006457138,0.0000000000000000,9.3599734394120322,2.9999744961139485,-133.188993,-0.016704,133.2056974818885,7975.5865505328229,0,2.8e-12
0.9981073311506421,0.0,0.0059335492540379,0.0000000000000000,0.0078275901564401,0.0000000000000000,9.3699734394120320,2.9999742991426488,-133.848343,-0.016640,133.8649821656090,8046.1598267990476,0,2.5e-13
0.9981048408570408,0.0,0.0059452639793445,0.0000000000000000,0.0078256374793271,0.0000000000000000,9.3799734394120318,2.9999741013867025,-134.520901,-0.016576,134.5374768048422,8117.8727500683035,0,2.9e-13
0.9981023724967815,0.0,0.0059570477971985,0.0000000000000000,0.0078236425265944,0.0000000000000000,9.3899734394120316,2.9999739028350758,-135.206827,-0.016512,135.2233388830048,8190.7450676302178,0,3.3e-11
0.9980999260860410,0.0,0.0059689011727680,0.0000000000000000,0.0078216052101338,0.0000000000000000,9.3999734394120313,2.9999737034765999,-135.906278,-0.016448,135.9227268974824,8264.7972470040222,0,5.7e-13
0.9980975016425991,0.0,0.0059808245755644,0.0000000000000000,0.0078195254389481,0.0000000000000000,9.4099734394120311,2.9999735033000046,-136.619417,-0.016386,136.6358029318851,8340.0497079744237,0,8.0e-13
0.9980950991840861,0.0,0.0059928184800902,0.0000000000000000,0.0078174031216466,0.0000000000000000,9.4199734394120327,2.9999733022938821,-137.346407,-0.016323,137.3627301720448,8416.5235996478223,0,2.9e-12
0.9980927187287504,0.0,0.0060048833657443,0.0000000000000000,0.0078152381653353,0.0000000000000000,9.4299734394120307,2.9999731004466939,-138.087413,-0.016261,138.1036740689204,8494.2404561033909,0,9.1e-13
0.9980903602954915,0.0,0.0060170197166901,0.0000000000000000,0.0078130304755700,0.0000000000000000,9.4399734394120323,2.9999728977467792,-138.842603,-0.016199,138.8588022878166,8573.2222461037054,0,6.4e-13
0.9980880239036914,0.0,0.0060292280221868,0.0000000000000000,0.0078107799566069,0.0000000000000000,9.4499734394120321,2.9999726941823415,-139.612147,-0.016138,139.6282846229276,8653.4913868479416,0,3.1e-12
0.9980857095733854,0.0,0.0060415087765700,0.0000000000000000,0.0078084865111271,0.0000000000000000,9.4599734394120318,2.9999724897414510,-140.396216,-0.016077,140.4122931963466,8735.0707160390812,0,3.6e-11
0.9980834173245910,0.0,0.0060538624792353,0.0000000000000000,0.0078061500411798,0.0000000000000000,9.4699734394120316,2.9999722844120362,-141.194985,-0.016016,141.2110014000012,8817.9838957750235,0,1.1e-11
0.9980811471788681,0.0,0.0060662896348057,0.0000000000000000,0.0078037704461139,0.0000000000000000,9.4799734394120314,2.9999720781818993,-142.008630,-0.015956,142.0245864153174,8902.2544545404890,0,2.9e-12
0.9980788991575119,0.0,0.0060787907533072,0.0000000000000000,0.0078013476248471,0.0000000000000000,9.4899734394120330,2.9999718710386878,-142.837330,-0.015896,142.8532264110548,8987.9069302481330,0,5.9e-13
0.9980766732826707,0.0,0.0060913663500285,0.0000000000000000,0.0077988814745312,0.0000000000000000,9.4999734394120310,2.9999716629699140,-143.681266,-0.015837,143.6971022260619,9074.9661897702317,0,5.8e-12
0.9980744695769302,0.0,0.0061040169458112,0.0000000000000000,0.0077963718909845,0.0000000000000000,9.5099734394120325,2.9999714539629379,-144.540619,-0.015778,144.5563968259521,9163.4576967988705,0,2.1e-13
0.9980722880635274,0.0,0.0061167430668704,0.0000000000000000,0.0077938187685421,0.0000000000000000,9.5199734394120306,2.9999712440049771,-145.415577,-0.015719,145.4312955481805,9253.4073876237999,0,9.4e-12
0.9980701287663066,0.0,0.0061295452452367,0.0000000000000000,0.0077912219999165,0.0000000000000000,9.5299734394120321,2.9999710330830935,-146.306326,-0.015660,146.3219861811116,9344.8417192452362,0,1.8e-13
0.9980679917094690,0.0,0.0061424240184653,0.0000000000000000,0.0077885814767199,0.0000000000000000,9.5399734394120319,2.9999708211841969,-147.213056,-0.015602,147.2286584464930,9437.7878395605840,0,3.0e-13
0.9980658769179200,0.0,0.0061553799299998,0.0000000000000000,0.0077858970888575,0.0000000000000000,9.5499734394120317,2.9999706082950408,-148.135960,-0.015544,148.1515046654960,9532.2733790065940,0,2.8e-13
0.9980637844171087,0.0,0.0061684135291197,0.0000000000000000,0.0077831687248090,0.0000000000000000,9.5599734394120315,2.9999703944022187,-149.075233,-0.015487,149.0907194554535,9628.3265720570853,0,4.3e-12
0.9980617142329774,0.0,0.0061815253710917,0.0000000000000000,0.0077803962716456,0.0000000000000000,9.5699734394120313,2.9999701794921623,-150.031070,-0.015429,150.0464997014801,9725.9763043287167,0,2.9e-13
0.9980596663921303,0.0,0.0061947160171956,0.0000000000000000,0.0077775796148552,0.0000000000000000,9.5799734394120328,2.9999699635511399,-151.003672,-0.015373,151.0190447995200,9825.2520099968751,0,1.3e-12
0.9980576409216730,0.0,0.0062079860348951,0.0000000000000000,0.0077747186384867,0.0000000000000000,9.5899734394120308,2.9999697465652497,-151.993240,-0.015316,152.0085564318979,9926.1838140967902,0,5.3e-13
0.9980556378492955,0.0,0.0062213359978513,0.0000000000000000,0.0077718132250917,0.0000000000000000,9.5999734394120324,2.9999695285204222,-152.999979,-0.015260,153.0152387205310,10028.8024613187226,0,1.8e-12
0.9980536572032936,0.0,0.0062347664860040,0.0000000000000000,0.0077688632556847,0.0000000000000000,9.6099734394120322,2.9999693094024131,-154.024095,-0.015204,154.0392982086497,10133.1393521117388,0,3.7e-12
0.9980516990124211,0.0,0.0062482780859820,0.0000000000000000,0.0077658686098099,0.0000000000000000,9.6199734394120320,2.9999690891967981,-155.065796,-0.015148,155.0809438086022,10239.2266253841735,0,1.2e-12
0.9980497633061571,0.0,0.0062618713905448,0.0000000000000000,0.0077628291654199,0.0000000000000000,9.6299734394120318,2.9999688678889798,-156.125295,-0.015092,156.1403869264007,10347.0970487434897,0,1.9e-12
0.9980478501144872,0.0,0.0062755469993122,0.0000000000000000,0.0077597447989687,0.0000000000000000,9.6399734394120316,2.9999686454641745,-157.202804,-0.015037,157.2178414168811,10456.7841121664551,0,2.2e-12
0.9980459594679366,0.0,0.0062893055186302,0.0000000000000000,0.0077566153853813,0.0000000000000000,9.6499734394120313,2.9999684219074116,-158.298542,-0.014982,158.3135235148040,10568.3220873969403,0,9.6e-13
0.9980440913976943,0.0,0.0063031475615704,0.0000000000000000,0.0077534407979853,0.0000000000000000,9.6599734394120311,2.9999681972035326,-159.412725,-0.014927,159.4276520108660,10681.7459262435113,0,4.5e-13
0.9980422459354242,0.0,0.0063170737482098,0.0000000000000000,0.0077502209086381,0.0000000000000000,9.6699734394120327,2.9999679713371861,-160.545575,-0.014873,160.5604480294260,10797.0914277015545,0,1.5e-11
0.9980404231135956,0.0,0.0063310847056446,0.0000000000000000,0.0077469555873719,0.0000000000000000,9.6799734394120307,2.9999677442928254,-161.697317,-0.014818,161.7121354919467,10914.3949998714161,0,4.6e-14
0.9980386229649638,0.0,0.0063451810680903,0.0000000000000000,0.0077436447030138,0.0000000000000000,9.6899734394120323,2.9999675160547024,-162.868176,-0.014764,162.8829403337766,11033.6940945410315,0,3.0e-13
0.9980368455230084,0.0,0.0063593634770327,0.0000000000000000,0.0077402881226268,0.0000000000000000,9.6999734394120321,2.9999672866068678,-164.058381,-0.014710,164.0730911831294,11155.0268823043098,0,2.3e-11
0.9980350908220217,0.0,0.0063736325813885,0.0000000000000000,0.0077368857114021,0.0000000000000000,9.7099734394120318,2.9999670559331646,-165.268163,-0.014657,165.2828194999987,11278.4321852923495,0,2.4e-12
0.9980333588964956,0.0,0.0063879890374296,0.0000000000000000,0.0077334373334156,0.0000000000000000,9.7199734394120316,2.9999668240172257,-166.497755,-0.014603,166.5123586040952,11403.9500191283332,0,7.6e-13
0.9980316497816193,0.0,0.0064024335089045,0.0000000000000000,0.0077299428510357,0.0000000000000000,9.7299734394120314,2.9999665908424720,-167.747395,-0.014550,167.7619443896801,11531.6212226243224,0,6.0e-11
0.9980299635137095,0.0,0.0064169666681168,0.0000000000000000,0.0077264021241977,0.0000000000000000,9.7399734394120330,2.9999663563920969,-169.017320,-0.014497,169.0318163463044,11661.4870006960409,0,3.1e-12
0.9980283001288328,0.0,0.0064315891939149,0.0000000000000000,0.0077228150124694,0.0000000000000000,9.7499734394120310,2.9999661206490864,-170.307771,-0.014444,170.3222146912344,11793.5903338163280,0,6.1e-13
0.9980266596641971,0.0,0.0064463017739629,0.0000000000000000,0.0077191813729591,0.0000000000000000,9.7599734394120325,2.9999658835961909,-171.618992,-0.014391,171.6333832271237,11927.9746147285550,0,9.8e-13
0.9980250421575023,0.0,0.0064611051038047,0.0000000000000000,0.0077155010612873,0.0000000000000000,9.7699734394120306,2.9999656452159336,-172.951230,-0.014338,172.9655679923654,12064.6843194828762,0,2.7e-13
0.9980234476470502,0.0,0.0064759998871798,0.0000000000000000,0.0077117739314335,0.0000000000000000,9.7799734394120321,2.9999654054906029,-174.304732,-0.014286,174.3190174524468,12203.7649295997671,0,5.2e-13
0.9980218761717440,0.0,0.0064909868361847,0.0000000000000000,0.0077079998356851,0.0000000000000000,9.7899734394120319,2.9999651644022487,-175.679749,-0.014233,175.6939825296462,12345.2629447132913,0,2.3e-12
0.9980203277710581,0.0,0.0065060666713431,0.0000000000000000,0.0077041786247143,0.0000000000000000,9.7999734394120317,2.9999649219326794,-177.076535,-0.014181,177.0907164963957,12489.2259557301550,0,2.2e-11
0.9980188024853577,0.0,0.0065212401216810,0.0000000000000000,0.0077003101471922,0.0000000000000000,9.8099734394120315,2.9999646780634586,-178.495346,-0.014129,178.5094753861230,12635.7023895968578,0,8.3e-12
0.9980173003550928,0.0,0.0065365079257740,0.0000000000000000,0.0076963942503683,0.0000000000000000,9.8199734394120313,2.9999644327758839,-179.936440,-0.014077,179.9505172103113,12784.7422039408702,0,3.4e-12
0.9980158214218294,0.0,0.0065518708296792,0.0000000000000000,0.0076924307798127,0.0000000000000000,9.8299734394120328,2.9999641860510184,-181.400077,-0.014025,181.4141025230575,12936.3960783697039,0,1.2e-12
0.9980143657272672,0.0,0.0065673295891996,0.0000000000000000,0.0076884195797224,0.0000000000000000,9.8399734394120308,2.9999639378696501,-182.886520,-0.013973,182.9004938600574,13090.7162273065805,0,6.3e-11
0.9980129333147344,0.0,0.0065828849702119,0.0000000000000000,0.0076843604904772,0.0000000000000000,9.8499734394120324,2.9999636882123033,-184.396036,-0.013922,184.4099577233858,13247.7552835017450,0,1.6e-12
0.9980115242267839,0.0,0.0065985377461507,0.0000000000000000,0.0076802533538535,0.0000000000000000,9.8599734394120322,2.9999634370592330,-185.928890,-0.013870,185.9427604780893,13407.5681484385786,0,2.3e-12
0.9980101385075441,0.0,0.0066142887010728,0.0000000000000000,0.0076760980077573,0.0000000000000000,9.8699734394120320,2.9999631843904191,-187.485354,-0.013819,187.4991724166562,13570.2102412822533,0,6.4e-13
0.9980087762015007,0.0,0.0066301386283899,0.0000000000000000,0.0076718942888694,0.0000000000000000,9.8799734394120318,2.9999629301855588,-189.065699,-0.013767,189.0794656341683,13735.7384642185025,0,7.5e-14
0.9980074373537998,0.0,0.0066460883312832,0.0000000000000000,0.0076676420320424,0.0000000000000000,9.8899734394120316,2.9999626744240633,-190.670199,-0.013716,190.6839144670161,13904.2110041042652,0,9.4e-13
0.9980061220102224,0.0,0.0066621386228649,0.0000000000000000,0.0076633410703343,0.0000000000000000,9.8999734394120313,2.9999624170850536,-192.299131,-0.013664,192.3127954302386,14075.6873767226898,0,5.3e-13
0.9980048302171810,0.0,0.0066782903263380,0.0000000000000000,0.0076589912349897,0.0000000000000000,9.9099734394120311,2.9999621581473530,-193.952774,-0.013613,193.9663871642583,14250.2284766233061,0,1.7e-13
0.9980035620217639,0.0,0.0066945442751702,0.0000000000000000,0.0076545923553692,0.0000000000000000,9.9199734394120327,2.9999618975894822,-195.631409,-0.013562,195.6449704521156,14427.8965627963935,0,1.2e-11
0.9980023174715552,0.0,0.0067109013133227,0.0000000000000000,0.0076501442591692,0.0000000000000000,9.9299734394120307,2.9999616353896519,-197.335317,-0.013510,197.3488279444019,14608.7554738336949,0,1.8e-13
0.9980010966150097,0.0,0.0067273622952341,0.0000000000000000,0.0076456467719730,0.0000000000000000,9.9399734394120323,2.9999613715257638,-199.064785,-0.013459,199.0782445387820,14792.8703068532413,0,7.7e-13
0.9979998995010705,0.0,0.0067439280862123,0.0000000000000000,0.0076410997176688,0.0000000000000000,9.9499734394120321,2.9999611059753932,-200.820099,-0.013408,200.8335068855792,14980.3078247186168,0,2.4e-13
0.9979987261793781,0.0,0.0067605995624935,0.0000000000000000,0.0076365029182145,0.0000000000000000,9.9599734394120318,2.9999608387157943,-202.601547,-0.013357,202.6149035684080,15171.1362933112323,0,1.6e-13
0.9979975767002186,0.0,0.0067773776114527,0.0000000000000000,0.0076318561936788,0.0000000000000000,9.9699734394120316,2.9999605697238860,-204.409419,-0.013306,204.4227249719771,15365.4255730561708,0,1.1e-12
0.9979964511144802,0.0,0.0067942631318639,0.0000000000000000,0.0076271593622643,0.0000000000000000,9.9799734394120314,2.9999602989762484,-206.244009,-0.013254,206.2572631916873,15563.2471997454159,0,1.2e-11
0.9979953494738911,0.0,0.0068112570337039,0.0000000000000000,0.0076224122400917,0.0000000000000000,9.9899734394120330,2.9999600264491231,-208.105609,-0.013203,208.1188120942931,15764.6742182074177,0,3.5e-13
0.9979942718305688,0.0,0.0068283602391168,0.0000000000000000,0.0076176146415842,0.0000000000000000,9.9999734394120310,2.9999597521183885,-209.994515,-0.013152,210.0076669866478,15969.7816287204660,0,7.1e-13
0.9979932182374707,0.0,0.0068455736818313,0.0000000000000000,0.0076127663790607,0.0000000000000000,10.0099734394120325,2.9999594759595718,-211.911024,-0.013100,211.9241247852391,16178.6460252446996,0,3.5e-14
0.9979921887480525,0.0,0.0068628983077251,0.0000000000000000,0.0076078672630678,0.0000000000000000,10.0199734394120306,2.9999591979478337,-213.855435,-0.013049,213.8684836505076,16391.3459652170059,0,3.7e-11
0.9979911834169808,0.0,0.0068803350751329,0.0000000000000000,0.0076029171013971,0.0000000000000000,10.0299734394120321,2.9999589180579633,-215.828046,-0.012998,215.8410437216166,16607.9613322642290,0,3.2e-11
0.9979902022985178,0.0,0.0068978849546612,0.0000000000000000,0.0075979157014948,0.0000000000000000,10.0399734394120319,2.9999586362643629,-217.829159,-0.012946,217.8421051320134,16828.5749206718610,0,3.4e-13
0.9979892454486463,0.0,0.0069155489298219,0.0000000000000000,0.0075928628670684,0.0000000000000000,10.0499734394120317,2.9999583525410567,-219.859076,-0.012895,219.8719702973628,17053.2704879687553,0,7.7e-13
0.9979883129235021,0.0,0.0069333279969964,0.0000000000000000,0.0075877584007204,0.0000000000000000,10.0599734394120315,2.9999580668616699,-221.918099,-0.012843,221.9309420849376,17282.1342712753576,0,1.3e-12
0.9979874047799928,0.0,0.0069512231657689,0.0000000000000000,0.0075826021028327,0.0000000000000000,10.0699734394120313,2.9999577791994234,-224.006533,-0.012791,224.0193243703023,17515.2544598518798,0,7.4e-13
0.9979865210756883,0.0,0.0069692354590910,0.0000000000000000,0.0075773937717433,0.0000000000000000,10.0799734394120328,2.9999574895271306,-226.124682,-0.012740,226.1374217664655,17752.7213661577844,0,1.2e-12
0.9979856618688600,0.0,0.0069873659135539,0.0000000000000000,0.0075721332037046,0.0000000000000000,10.0899734394120308,2.9999571978171837,-228.272852,-0.012688,228.2855395572100,17994.6274320552839,0,7.9e-13
0.9979848272184254,0.0,0.0070056155795872,0.0000000000000000,0.0075668201929343,0.0000000000000000,10.0999734394120324,2.9999569040415484,-230.451348,-0.012636,230.4639834850677,18241.0673431331379,0,9.9e-13
0.9979840171840214,0.0,0.0070239855217466,0.0000000000000000,0.0075614545314902,0.0000000000000000,10.1099734394120322,2.9999566081717552,-232.660476,-0.012584,232.6730596761622,18492.1380289913905,0,6.6e-12
0.9979832318262479,0.0,0.0070424768184040,0.0000000000000000,0.0075560360093117,0.0000000000000000,10.1199734394120320,2.9999563101788991,-234.900543,-0.012531,234.9130746260464,18747.9384496263337,0,1.5e-10
0.9979824712050170,0.0,0.0070610905645136,0.0000000000000000,0.0075505644146385,0.0000000000000000,10.1299734394120318,2.9999560100335874,-237.171855,-0.012479,237.1843339526140,19008.5713583233919,0,6.4e-13
0.9979817353830909,0.0,0.0070798278669529,0.0000000000000000,0.0075450395327706,0.0000000000000000,10.1399734394120316,2.9999557077060155,-239.474718,-0.012427,239.4871446041793,19274.1397763666500,0,4.7e-13
0.9979810244224361,0.0,0.0070986898496466,0.0000000000000000,0.0075394611474465,0.0000000000000000,10.1499734394120313,2.9999554031658744,-241.809438,-0.012374,241.8218121906887,19544.7507448581964,0,4.3e-13
0.9979803383860733,0.0,0.0071176776514210,0.0000000000000000,0.0075338290400840,0.0000000000000000,10.1599734394120311,2.9999550963823802,-244.176321,-0.012321,244.1886420732897,19820.5135172573355,0,5.7e-13
0.9979796773377332,0.0,0.0071367924267526,0.0000000000000000,0.0075281429898908,0.0000000000000000,10.1699734394120327,2.9999547873242598,-246.575671,-0.012268,246.5879389157917,20101.5399986779703,0,4.9e-13
0.9979790413418053,0.0,0.0071560353460496,0.0000000000000000,0.0075224027739163,0.0000000000000000,10.1799734394120307,2.9999544759597399,-249.007791,-0.012215,249.0200064510459,20387.9448411265876,0,2.2e-12
0.9979784304634121,0.0,0.0071754075959345,0.0000000000000000,0.0075166081669269,0.0000000000000000,10.1899734394120323,2.9999541622565333,-251.472985,-0.012162,251.4851473028593,20679.8454683473501,0,1.1e-12
0.9979778447682717,0.0,0.0071949103793369,0.0000000000000000,0.0075107589416415,0.0000000000000000,10.1999734394120321,2.9999538461818349,-253.971554,-0.012109,253.9836625878102,20977.3622657275264,0,2.4e-11
0.9979772843230399,0.0,0.0072145449167990,0.0000000000000000,0.0075048548680082,0.0000000000000000,10.2099734394120318,2.9999535277022962,-256.503797,-0.012055,256.5158523103889,21280.6183628201288,0,8.2e-13
0.9979767491947308,0.0,0.0072343124447584,0.0000000000000000,0.0074988957144322,0.0000000000000000,10.2199734394120316,2.9999532067840415,-259.070012,-0.012001,259.0820138966242,21589.7402169736270,0,3.5e-13
0.9979762394512781,0.0,0.0072542142178724,0.0000000000000000,0.0074928812465559,0.0000000000000000,10.2299734394120314,2.9999528833926292,-261.670496,-0.011947,261.6824431310237,21904.8572050795556,0,4.8e-13
0.9979757551612578,0.0,0.0072742515083355,0.0000000000000000,0.0074868112278380,0.0000000000000000,10.2399734394120330,2.9999525574930530,-264.305540,-0.011893,264.3174332855271,22226.1019518540088,0,3.1e-13
0.9979752963939418,0.0,0.0072944256064056,0.0000000000000000,0.0074806854194116,0.0000000000000000,10.2499734394120310,2.9999522290497298,-266.975436,-0.011839,266.9872749363207,22553.6103761110644,0,7.2e-13
0.9979748632193052,0.0,0.0073147378207177,0.0000000000000000,0.0074745035800811,0.0000000000000000,10.2599734394120325,2.9999518980264845,-269.680471,-0.011784,269.6922556760720,22887.5217595267313,0,1.0e-12
0.9979744557097449,0.0,0.0073351894791325,0.0000000000000000,0.0074682654636186,0.0000000000000000,10.2699734394120306,2.9999515643865515,-272.420931,-0.011730,272.4326610232234,23227.9770266389860,0,5.9e-10
0.9979740739314543,0.0,0.0073557819266346,0.0000000000000000,0.0074619708320951,0.0000000000000000,10.2799734394120321,2.9999512280925029,-275.197093,-0.011675,275.2087678677234,23575.1280087311934,0,2.0e-13
0.9979737179616961,0.0,0.0073765165305577,0.0000000000000000,0.0074556194291819,0.0000000000000000,10.2899734394120319,2.9999508891063518,-278.009237,-0.011620,278.0208566029277,23929.1191617654949,0,1.6e-13
0.9979733878715162,0.0,0.0073973946760835,0.0000000000000000,0.0074492110068123,0.0000000000000000,10.2999734394120317,2.9999505473894228,-280.857634,-0.011564,280.8691982663062,24290.1060611699431,0,4.4e-13
0.9979730837343137,0.0,0.0074184177690389,0.0000000000000000,0.0074427453119457,0.0000000000000000,10.3099734394120315,2.9999502029023941,-283.742552,-0.011509,283.7540603642757,24658.2463904252036,0,3.0e-11
0.9979728056245348,0.0,0.0074395872357807,0.0000000000000000,0.0074362220885898,0.0000000000000000,10.3199734394120313,2.9999498556052786,-286.664253,-0.011453,286.6757054535305,25033.7014287826241,0,2.2e-13
0.9979725536167922,0.0,0.0074609045236068,0.0000000000000000,0.0074296410790569,0.0000000000000000,10.3299734394120328,2.9999495054573986,-289.622994,-0.011396,289.6343902537996,25416.6371045413071,0,4.3e-12
0.9979723277868277,0.0,0.0074823711010966,0.0000000000000000,0.0074230020226341,0.0000000000000000,10.3399734394120308,2.9999491524173814,-292.619026,-0.011340,292.6303657580053,25807.2231048224749,0,2.0e-11
0.9979721282108197,0.0,0.0075039884587501,0.0000000000000000,0.0074163046562326,0.0000000000000000,10.3499734394120324,2.9999487964431366,-295.652593,-0.011283,295.6638763063579,26205.6336265150021,0,2.6e-13
0.9979719549658711,0.0,0.0075257581088904,0.0000000000000000,0.0074095487142923,0.0000000000000000,10.3599734394120322,2.9999484374918466,-298.723933,-0.011227,298.7351595279257,26612.0471634341520,0,5.9e-13
0.9979718081296450,0.0,0.0075476815866418,0.0000000000000000,0.0074027339286618,0.0000000000000000,10.3699734394120320,2.9999480755199470,-301.833276,-0.011169,301.8444455294349,27026.6468297575375,0,6.8e-13
0.9979716877805576,0.0,0.0075697604500674,0.0000000000000000,0.0073958600286271,0.0000000000000000,10.3799734394120318,2.9999477104831098,-304.980845,-0.011112,304.9919565349315,27449.6203795467336,0,7.9e-13
0.9979715939977158,0.0,0.0075919962806854,0.0000000000000000,0.0073889267408984,0.0000000000000000,10.3899734394120316,2.9999473423362266,-308.166852,-0.011054,308.1779062961412,27881.1603857777845,0,3.8e-13
0.9979715268609370,0.0,0.0076143906839099,0.0000000000000000,0.0073819337895713,0.0000000000000000,10.3999734394120313,2.9999469710333964,-311.391503,-0.010996,311.4024995603187,28321.4643346145240,0,2.5e-12
0.9979714864507093,0.0,0.0076369452895634,0.0000000000000000,0.0073748808961553,0.0000000000000000,10.4099734394120311,2.9999465965278969,-314.654994,-0.010938,314.6659314604789,28770.7348293436371,0,2.7e-12
0.9979714728482867,0.0,0.0076596617522543,0.0000000000000000,0.0073677677794277,0.0000000000000000,10.4199734394120327,2.9999462187721804,-317.957508,-0.010879,317.9683869176089,29229.1796065966264,0,1.1e-12
0.9979714861355590,0.0,0.0076825417519786,0.0000000000000000,0.0073605941555893,0.0000000000000000,10.4299734394120307,2.9999458377178425,-321.299219,-0.010821,321.3100400056834,29697.0118396577309,0,1.8e-12
0.9979715263951380,0.0,0.0077055869945579,0.0000000000000000,0.0073533597381091,0.0000000000000000,10.4399734394120323,2.9999454533156111,-324.680292,-0.010761,324.6910532695641,30174.4501804274987,0,5.5e-13
0.9979715937103392,0.0,0.0077287992121659,0.0000000000000000,0.0073460642377497,0.0000000000000000,10.4499734394120321,2.9999450655153224,-328.100875,-0.010702,328.1115770675323,30661.7189516601247,0,8.9e-13
0.9979716881651615,0.0,0.0077521801638611,0.0000000000000000,0.0073387073625453,0.0000000000000000,10.4599734394120318,2.9999446742659015,-331.561107,-0.010642,331.5717488147853,31159.0482989162883,0,3.8e-13
0.9979718098442936,0.0,0.0077757316361144,0.0000000000000000,0.0073312888177970,0.0000000000000000,10.4699734394120316,2.9999442795153448,-335.061110,-0.010582,335.0716922566916,31666.6743749940979,0,4.4e-12
0.9979719588331606,0.0,0.0077994554433711,0.0000000000000000,0.0073238083059514,0.0000000000000000,10.4799734394120314,2.9999438812106920,-338.600995,-0.010522,338.6115166795608,32184.8394340947088,0,8.0e-13
0.9979721352178049,0.0,0.0078233534286044,0.0000000000000000,0.0073162655267798,0.0000000000000000,10.4899734394120330,2.9999434792980102,-342.180855,-0.010461,342.1913160918727,32713.7921613464641,0,1.0e-12
0.9979723390850025,0.0,0.0078474274639193,0.0000000000000000,0.0073086601771429,0.0000000000000000,10.4999734394120310,2.9999430737223705,-345.800768,-0.010400,345.8111683721014,33253.7876808195142,0,1.8e-12
0.9979725705222153,0.0,0.0078716794511246,0.0000000000000000,0.0073009919510823,0.0000000000000000,10.5099734394120325,2.9999426644278206,-349.460796,-0.010339,349.4711344161199,33805.0878486437432,0,1.2e-12
0.9979728296175626,0.0,0.0078961113223592,0.0000000000000000,0.0072932605397804,0.0000000000000000,10.5199734394120306,2.9999422513573664,-353.160980,-0.010277,353.1712571648030,34367.9614079444364,0,1.5e-12
0.9979731164598605,0.0,0.0079207250406572,0.0000000000000000,0.0072854656315433,0.0000000000000000,10.5299734394120321,2.9999418344529420,-356.901346,-0.010215,356.9115606896799,34942.6841921911691,0,1.3e-12
0.9979734311386046,0.0,0.0079455226007190,0.0000000000000000,0.0072776069117250,0.0000000000000000,10.5399734394120319,2.9999414136553906,-360.681897,-0.010153,360.6920491975079,35529.5393324104371,0,9.1e-13
0.9979737737439413,0.0,0.0079705060294474,0.0000000000000000,0.0072696840627802,0.0000000000000000,10.5499734394120317,2.9999409889044339,-364.502616,-0.010090,364.5127059527184,36128.8174545629226,0,6.5e-13
0.9979741443667023,0.0,0.0079956773866645,0.0000000000000000,0.0072616967641892,0.0000000000000000,10.5599734394120315,2.9999405601386475,-368.363465,-0.010027,368.3734922435949,36740.8169137998630,0,3.3e-13
0.9979745430983836,0.0,0.0080210387658102,0.0000000000000000,0.0072536446924444,0.0000000000000000,10.5699734394120313,2.9999401272954325,-372.264383,-0.009964,372.2743462408974,37365.8440008404868,0,1.3e-13
0.9979749700311347,0.0,0.0080465922946447,0.0000000000000000,0.0072455275210360,0.0000000000000000,10.5799734394120328,2.9999396903109887,-376.205282,-0.009900,376.2151818257790,38004.2131788429688,0,4.1e-13
0.9979754252577573,0.0,0.0080723401359802,0.0000000000000000,0.0072373449204211,0.0000000000000000,10.5899734394120308,2.9999392491202843,-380.186051,-0.009836,380.1958873815898,38656.2473223034176,0,3.2e-12
0.9979759088717268,0.0,0.0080982844884317,0.0000000000000000,0.0072290965579833,0.0000000000000000,10.5999734394120324,2.9999388036570256,-384.206553,-0.009772,384.2163245577223,39322.2779604489479,0,9.5e-13
0.9979764209671276,0.0,0.0081244275871694,0.0000000000000000,0.0072207820980379,0.0000000000000000,10.6099734394120322,2.9999383538536306,-388.266620,-0.009707,388.2763268732872,40002.6455119023885,0,6.0e-12
0.9979769616387160,0.0,0.0081507717047300,0.0000000000000000,0.0072124012017951,0.0000000000000000,10.6199734394120320,2.9999378996411896,-392.366057,-0.009642,392.3756984943681,40697.6996011339797,0,2.8e-13
0.9979775309818633,0.0,0.0081773191518064,0.0000000000000000,0.0072039535273059,0.0000000000000000,10.6299734394120318,2.9999374409494406,-396.504636,-0.009576,396.5142126501830,41407.7992317161916,0,2.3e-13
0.9979781290925751,0.0,0.0082040722780920,0.0000000000000000,0.0071954387294775,0.0000000000000000,10.6399734394120316,2.9999369777067315,-400.682100,-0.009511,400.6916102850831,42133.3131506239952,0,4.8e-13
0.9979787560674844,0.0,0.0082310334731246,0.0000000000000000,0.0071868564600167,0.0000000000000000,10.6499734394120313,2.9999365098399866,-404.898154,-0.009445,404.9075984725358,42874.6200907499806,0,7.8e-13
0.9979794120037870,0.0,0.0082582051671820,0.0000000000000000,0.0071782063674776,0.0000000000000000,10.6599734394120311,2.9999360372746704,-409.152471,-0.009378,409.1618488469594,43632.1091043422275,0,1.3e-11
0.9979800969994514,0.0,0.0082855898321396,0.0000000000000000,0.0071694880969545,0.0000000000000000,10.6699734394120327,2.9999355599347539,-413.444685,-0.009311,413.4539958598169,44406.1797036413118,0,9.7e-13
0.9979808111528004,0.0,0.0083131899824678,0.0000000000000000,0.0071607012905928,0.0000000000000000,10.6799734394120307,2.9999350777426708,-417.774391,-0.009244,417.7836352481458,45197.2425071177204,0,3.3e-12
0.9979815545629258,0.0,0.0083410081761197,0.0000000000000000,0.0071518455870141,0.0000000000000000,10.6899734394120323,2.9999345906192860,-422.141145,-0.009177,422.1503220654920,46005.7192239785363,0,4.7e-12
0.9979823273294699,0.0,0.0083690470154950,0.0000000000000000,0.0071429206215508,0.0000000000000000,10.6999734394120321,2.9999340984838541,-426.544460,-0.009109,426.5535688709704,46832.0431288104737,0,1.9e-12
0.9979831295525543,0.0,0.0083973091478841,0.0000000000000000,0.0071339260266153,0.0000000000000000,10.7099734394120318,2.9999336012539808,-430.983803,-0.009040,430.9928439209066,47676.6596083667901,0,1.1e-10
0.9979839613330299,0.0,0.0084257972693210,0.0000000000000000,0.0071248614298478,0.0000000000000000,10.7199734394120316,2.9999330988455477,-435.458597,-0.008972,435.4675687858099,48540.0256355672609,0,1.5e-11
0.9979848227722081,0.0,0.0084545141211471,0.0000000000000000,0.0071157264570916,0.0000000000000000,10.7299734394120314,2.9999325911727253,-439.968214,-0.008903,439.9771173232698,49422.6118454436655,0,1.3e-12
0.9979857139718928,0.0,0.0084834624934061,0.0000000000000000,0.0071065207301914,0.0000000000000000,10.7399734394120330,2.9999320781479053,-444.511978,-0.008834,444.5208117363783,50324.9010644749433,0,1.0e-12
0.9979866350345051,0.0,0.0085126452270774,0.0000000000000000,0.0070972438672800,0.0000000000000000,10.7499734394120310,2.9999315596816296,-449.089158,-0.008764,449.0979220117392,51247.3898111197777,0,2.1e-12
0.9979875860629691,0.0,0.0085420652136499,0.0000000000000000,0.0070878954831153,0.0000000000000000,10.7599734394120325,2.9999310356825646,-453.698969,-0.008694,453.7076627657889,52190.5883424639105,0,1.6e-12
0.9979885671607116,0.0,0.0085717253967628,0.0000000000000000,0.0070784751889465,0.0000000000000000,10.7699734394120306,2.9999305060574510,-458.340568,-0.008623,458.3491910372040,53155.0211489629583,0,1.0e-13
0.9979895784316585,0.0,0.0086016287734465,0.0000000000000000,0.0070689825924333,0.0000000000000000,10.7799734394120321,2.9999299707110483,-463.013051,-0.008553,463.0216037273823,54141.2273328910960,0,6.6e-13
0.9979906199802301,0.0,0.0086317783953688,0.0000000000000000,0.0070594172976288,0.0000000000000000,10.7899734394120319,2.9999294295460843,-467.715454,-0.008481,467.7239350335043,55149.7610818918110,0,2.2e-13
0.9979916919114104,0.0,0.0086621773701195,0.0000000000000000,0.0070497789048231,0.0000000000000000,10.7999734394120317,2.9999288824632004,-472.446744,-0.008410,472.4551535985177,56181.1920399690352,0,3.7e-11
0.9979927943302306,0.0,0.0086928288626631,0.0000000000000000,0.0070400670112267,0.0000000000000000,10.8099734394120315,2.9999283293608894,-477.205822,-0.008338,477.2141605095859,57236.1061917399420,0,2.4e-12
0.9979939273427891,0.0,0.0087237360964903,0.0000000000000000,0.0070302812094404,0.0000000000000000,10.8199734394120313,2.9999277701354510,-481.991519,-0.008266,481.9997847528165,58315.1054944695061,0,2.6e-13
0.9979950910551965,0.0,0.0087549023552625,0.0000000000000000,0.0070204210889412,0.0000000000000000,10.8299734394120328,2.9999272046809189,-486.802589,-0.008193,486.8107818897704,59418.8092588109794,0,5.6e-13
0.9979962855740749,0.0,0.0087863309841625,0.0000000000000000,0.0070104862352812,0.0000000000000000,10.8399734394120308,2.9999266328890037,-491.637710,-0.008120,491.6458300638077,60547.8542109565533,0,4.1e-13
0.9979975110064442,0.0,0.0088180253914276,0.0000000000000000,0.0070004762302040,0.0000000000000000,10.8499734394120324,2.9999260546490296,-496.495480,-0.008047,496.5035269510828,61702.8951289884208,0,6.8e-13
0.9979987674596982,0.0,0.0088499890499020,0.0000000000000000,0.0069903906516079,0.0000000000000000,10.8599734394120322,2.9999254698478679,-501.374413,-0.007973,501.3823864077960,62884.6053943959996,0,1.4e-12
0.9980000550415977,0.0,0.0088822254986402,0.0000000000000000,0.0069802290735087,0.0000000000000000,10.8699734394120320,2.9999248783698671,-506.272936,-0.007899,506.2808349732621,64093.6775605913863,0,6.1e-13
0.9980013738602356,0.0,0.0089147383445593,0.0000000000000000,0.0069699910660060,0.0000000000000000,10.8799734394120318,2.9999242800967858,-256.948602,-254.248607,511.1972082792427,65330.8239450274268,0,7.3e-13
0.9980027240240202,0.0,0.0089475312641429,0.0000000000000000,0.0069596761952498,0.0000000000000000,10.8899734394120316,2.9999236749077154,-259.708581,-256.421167,516.1297473137462,66596.7772423824936,0,3.2e-13
0.9980041056416706,0.0,0.0089806080052004,0.0000000000000000,0.0069492840233801,0.0000000000000000,10.8999734394120331,2.9999230626790059,-521.068919,-0.007675,521.0765945235939,67892.2911469342653,0,1.6e-13
0.9980055188221743,0.0,0.0090139723886782,0.0000000000000000,0.0069388141085100,0.0000000000000000,10.9099734394120311,2.9999224432841918,-526.028190,-0.007600,526.0357898074808,69218.1410062725481,0,1.2e-12
0.9980069636747748,0.0,0.0090476283105346,0.0000000000000000,0.0069282660046731,0.0000000000000000,10.9199734394120327,2.9999218165939054,-530.997742,-0.007524,531.0052663722221,70575.1244985587400,0,1.4e-12
0.9980084403089506,0.0,0.0090815797436709,0.0000000000000000,0.0069176392617805,0.0000000000000000,10.9299734394120307,2.9999211824757963,-535.975398,-0.007448,535.9828463880981,71964.0623178973910,0,2.6e-12
0.9980099488342233,0.0,0.0091158307398897,0.0000000000000000,0.0069069334258117,0.0000000000000000,10.9399734394120323,2.9999205407944438,-540.958865,-0.007372,540.9662369083676,73385.7989758887707,0,5.2e-11
0.9980114893609366,0.0,0.0091503854321220,0.0000000000000000,0.0068961480376425,0.0000000000000000,10.9499734394120321,2.9999198914112708,-545.945728,-0.007295,545.9530234217400,74841.2031529431843,0,2.1e-12
0.9980130619986447,0.0,0.0091852480362236,0.0000000000000000,0.0068852826352183,0.0000000000000000,10.9599734394120318,2.9999192341844449,-550.933451,-0.007218,550.9406686038942,76331.1692312684754,0,1.4e-12
0.9980146668576398,0.0,0.0092204228535115,0.0000000000000000,0.0068743367513395,0.0000000000000000,10.9699734394120316,2.9999185689687855,-555.919363,-0.007141,555.9265039348774,77856.6173364150309,0,1.1e-12
0.9980163040481762,0.0,0.0092559142728511,0.0000000000000000,0.0068633099146494,0.0000000000000000,10.9799734394120314,2.9999178956156669,-560.900663,-0.007063,560.9077261307590,79418.4945187407138,0,2.3e-12
0.9980179736805570,0.0,0.0092917267730422,0.0000000000000000,0.0068522016494314,0.0000000000000000,10.9899734394120330,2.9999172139729109,-565.874407,-0.006985,565.8813916131329,81017.7755332399684,0,1.1e-11
0.9980196758651784,0.0,0.0093278649252776,0.0000000000000000,0.0068410114754582,0.0000000000000000,10.9999734394120310,2.9999165238846817,-570.837504,-0.006907,570.8444108839910,82655.4636816820857,0,1.7e-12
0.9980214107123616,0.0,0.0093643333955727,0.0000000000000000,0.0068297389081162,0.0000000000000000,11.0099734394120325,2.9999158251913753,-575.786715,-0.006828,575.7935429554336,84332.5917956865305,0,1.4e-12
0.9980231783324585,0.0,0.0094011369474418,0.0000000000000000,0.0068183834581766,0.0000000000000000,11.0199734394120306,2.9999151177295045,-580.718640,-0.006749,580.7253893214771,86050.2230837095849,0,1.0e-12
0.9980249788358351,0.0,0.0094382804444524,0.0000000000000000,0.0068069446317216,0.0000000000000000,11.0299734394120321,2.9999144013315830,-585.629718,-0.006670,585.6363875301477,87809.4520669574413,0,3.5e-11
0.9980268123323840,0.0,0.0094757688534428,0.0000000000000000,0.0067954219306227,0.0000000000000000,11.0399734394120319,2.9999136758259870,-590.516217,-0.006590,590.5228066309287,89611.4059598688182,0,6.9e-13
0.9980286789324323,0.0,0.0095136072465192,0.0000000000000000,0.0067838148513867,0.0000000000000000,11.0499734394120317,2.9999129410368548,-595.374227,-0.006510,595.3807371009598,91457.2449056219630,0,6.5e-13
0.9980305787457476,0.0,0.0095518008049126,0.0000000000000000,0.0067721228861987,0.0000000000000000,11.0599734394120315,2.9999121967839275,-600.199658,-0.006430,600.2060876106798,93348.1638590183138,0,2.9e-12
0.9980325118819880,0.0,0.0095903548216020,0.0000000000000000,0.0067603455222932,0.0000000000000000,11.0699734394120313,2.9999114428824227,-604.988227,-0.006349,604.9945761715277,95285.3932652595540,0,1.2e-11
0.9980344784505405,0.0,0.0096292747046348,0.0000000000000000,0.0067484822420502,0.0000000000000000,11.0799734394120328,2.9999106791428884,-609.735455,-0.006269,609.7417235033994,97270.2002707875072,0,4.7e-12
0.9980364785604967,0.0,0.0096685659803639,0.0000000000000000,0.0067365325228761,0.0000000000000000,11.0899734394120308,2.9999099053710574,-614.436657,-0.006188,614.4428451165969,99303.8899714220315,0,1.9e-12
0.9980385123206104,0.0,0.0097082342969140,0.0000000000000000,0.0067244958371610,0.0000000000000000,11.0999734394120324,2.9999091213676885,-619.086938,-0.006106,619.0930438653253,101387.8065891695587,0,1.3e-12
0.9980405798392327,0.0,0.0097482854277264,0.0000000000000000,0.0067123716522185,0.0000000000000000,11.1099734394120322,2.9999083269284079,-623.681177,-0.006025,623.6872018653694,103523.3347147328313,0,3.1e-12
0.9980426812242691,0.0,0.0097887252752252,0.0000000000000000,0.0067001594302237,0.0000000000000000,11.1199734394120320,2.9999075218435394,-628.214029,-0.005943,628.2199723454431,105711.9006246875797,0,4.8e-13
0.9980448165831401,0.0,0.0098295598746364,0.0000000000000000,0.0066878586281150,0.0000000000000000,11.1299734394120318,2.9999067058979345,-632.679910,-0.005861,632.6857708284770,107954.9736501981824,0,1.4e-11
0.9980469860227035,0.0,0.0098707953979283,0.0000000000000000,0.0066754686975400,0.0000000000000000,11.1399734394120316,2.9999058788707895,-637.072988,-0.005778,637.0787662415821,110254.0677115202416,0,2.9e-12
0.9980491896492294,0.0,0.0099124381579578,0.0000000000000000,0.0066629890847715,0.0000000000000000,11.1499734394120331,2.9999050405354568,-641.387177,-0.005696,641.3928723679134,112610.7423849834449,0,4.8e-12
0.9980514275682777,0.0,0.0099544946127459,0.0000000000000000,0.0066504192306512,0.0000000000000000,11.1599734394120311,2.9999041906592487,-645.616125,-0.005613,645.6217375079777,115026.6050912385836,0,7.7e-11
0.9980536998848589,0.0,0.0099969713695478,0.0000000000000000,0.0066377585704114,0.0000000000000000,11.1699734394120327,2.9999033290032413,-649.753206,-0.005530,649.7587359355755,117503.3110092077404,0,1.9e-12
0.9980560067029423,0.0,0.0100398751902247,0.0000000000000000,0.0066250065337779,0.0000000000000000,11.1799734394120307,2.9999024553220468,-653.791510,-0.005446,653.7969561157365,120042.5676135297253,0,2.8e-12
0.9980583481258583,0.0,0.0100832129952387,0.0000000000000000,0.0066121625446289,0.0000000000000000,11.1899734394120323,2.9999015693636073,-657.723829,-0.005363,657.7291916132652,122646.1334458371130,0,1.0e-11
0.9980607242558310,0.0,0.0101269918689046,0.0000000000000000,0.0065992260213172,0.0000000000000000,11.1999734394120321,2.9999006708689597,-661.542652,-0.005279,661.5479309379165,125315.8213267123792,0,1.1e-12
0.9980631351943325,0.0,0.0101712190646462,0.0000000000000000,0.0065861963759131,0.0000000000000000,11.2099734394120318,2.9998997595719925,-665.240149,-0.005195,665.2453438985037,128053.4996458845999,0,4.1e-12
0.9980655810416059,0.0,0.0102159020101380,0.0000000000000000,0.0065730730147931,0.0000000000000000,11.2199734394120316,2.9998988351992013,-668.808162,-0.005111,668.8132731708981,130861.0943648913089,0,1.4e-11
0.9980680618968172,0.0,0.0102610483130555,0.0000000000000000,0.0065598553381033,0.0000000000000000,11.2299734394120314,2.9998978974694248,-672.238193,-0.005027,672.2432199744549,133740.5912417932996,0,1.9e-12
0.9980705778579069,0.0,0.0103066657666934,0.0000000000000000,0.0065465427398723,0.0000000000000000,11.2399734394120330,2.9998969460935716,-675.521392,-0.004942,675.5263341186450,136694.0369633096270,0,1.2e-11
0.9980731290215368,0.0,0.0103527623561431,0.0000000000000000,0.0065331346077370,0.0000000000000000,11.2499734394120310,2.9998959807743413,-678.648542,-0.004857,678.6533992448745,139723.5421876808978,0,2.6e-12
0.9980757154829609,0.0,0.0103993462644450,0.0000000000000000,0.0065196303229972,0.0000000000000000,11.2599734394120325,2.9998950012059225,-681.610050,-0.004772,681.6148218652365,142831.2828017162974,0,5.8e-12
0.9980783373359842,0.0,0.0104464258791786,0.0000000000000000,0.0065060292603504,0.0000000000000000,11.2699734394120306,2.9998940070736895,-684.395929,-0.004687,684.4006163517948,146019.5027635296865,0,3.8e-12
0.9980809946726318,0.0,0.0104940097992148,0.0000000000000000,0.0064923307882444,0.0000000000000000,11.2799734394120321,2.9998929980538707,-686.995794,-0.004602,687.0003960758644,149290.5152516489907,0,1.5e-10
0.9980836875840988,0.0,0.0105421068419968,0.0000000000000000,0.0064785342667592,0.0000000000000000,11.2899734394120319,2.9998919738132246,-689.398823,-0.004516,689.4033394093901,152646.7088370968704,0,2.7e-12
0.9980864161585827,0.0,0.0105907260504585,0.0000000000000000,0.0064646390513876,0.0000000000000000,11.2999734394120317,2.9998909340086715,-691.593783,-0.004431,691.5982135572347,156090.5426084497594,0,2.3e-12
0.9980891804832273,0.0,0.0106398767012153,0.0000000000000000,0.0064506444890143,0.0000000000000000,11.3099734394120315,2.9998898782869343,-693.568976,-0.004345,693.5733215554100,159624.5558513965225,0,2.1e-12
0.9980919806430018,0.0,0.0106895683123344,0.0000000000000000,0.0064365499196789,0.0000000000000000,11.3199734394120313,2.9998888062841513,-695.312246,-0.004259,695.3165050017246,163251.3673823137651,0,1.5e-12
0.9980948167207804,0.0,0.0107398106517499,0.0000000000000000,0.0064223546760644,0.0000000000000000,11.3299734394120328,2.9998877176254708,-696.810952,-0.004173,696.8151251760007,166973.6784846808296,0,2.7e-12
0.9980976887972279,0.0,0.0107906137460067,0.0000000000000000,0.0064080580833220,0.0000000000000000,11.3399734394120308,2.9998866119246297,-698.051958,-0.004087,698.0560454909155,170794.2762937488151,0,4.7e-12
0.9981005969506687,0.0,0.0108419878893712,0.0000000000000000,0.0063936594589249,0.0000000000000000,11.3499734394120324,2.9998854887835087,-699.021615,-0.004001,699.0256157775377,174716.0360488098231,0,2.6e-12
0.9981035412569624,0.0,0.0108939436533627,0.0000000000000000,0.0063791581124701,0.0000000000000000,11.3599734394120322,2.9998843477916739,-699.705739,-0.003915,699.7096534911798,178741.9247677962121,0,2.0e-12
0.9981065217893492,0.0,0.0109464918966789,0.0000000000000000,0.0063645533455374,0.0000000000000000,11.3699734394120320,2.9998831885258843,-700.089598,-0.003828,700.0934261144658,182875.0043013516115,0,3.0e-11
0.9981095386183685,0.0,0.0109996437756817,0.0000000000000000,0.0063498444514133,0.0000000000000000,11.3799734394120318,2.9998820105495891,-700.157893,-0.003742,700.1616347140649,187118.4330777161231,0,1.0e-12
0.9981125918115935,0.0,0.0110534107550963,0.0000000000000000,0.0063350307150460,0.0000000000000000,11.3899734394120316,2.9998808134123891,-699.894735,-0.003655,699.8983898495159,191475.4728183546395,0,5.1e-12
0.9981156814335924,0.0,0.0111078046195437,0.0000000000000000,0.0063201114126895,0.0000000000000000,11.3999734394120331,2.9998795966494787,-699.283629,-0.003569,699.2871977327047,195949.4883259693743,0,1.4e-12
0.9981188075457036,0.0,0.0111628374853637,0.0000000000000000,0.0063050858117623,0.0000000000000000,11.4099734394120311,2.9998783597810563,-698.307454,-0.003482,698.3109357952543,200543.9536860456574,0,9.7e-12
0.9981219702058735,0.0,0.0112185218130684,0.0000000000000000,0.0062899531706230,0.0000000000000000,11.4199734394120327,2.9998771023117090,-696.948440,-0.003395,696.9518354715591,205262.4542252959218,0,1.7e-12
0.9981251694684838,0.0,0.0112748704203793,0.0000000000000000,0.0062747127383042,0.0000000000000000,11.4299734394120307,2.9998758237297616,-695.188148,-0.003309,695.1914570173129,210108.6922019878111,0,6.8e-13
0.9981284053841519,0.0,0.0113318964958931,0.0000000000000000,0.0062593637543075,0.0000000000000000,11.4399734394120323,2.9998745235065964,-693.007449,-0.003222,693.0106714333979,215086.4892367829452,0,6.3e-12
0.9981316779995489,0.0,0.0113896136133852,0.0000000000000000,0.0062439054482997,0.0000000000000000,11.4499734394120321,2.9998732010959364,-690.386500,-0.003135,690.3896348618177,220199.7917120576021,0,1.5e-12
0.9981349873572080,0.0,0.0114480357467598,0.0000000000000000,0.0062283370398315,0.0000000000000000,11.4599734394120318,2.9998718559330904,-687.304718,-0.003049,687.3077664698847,225452.6745273881825,0,4.2e-11
0.9981383334951560,0.0,0.0115071772860206,0.0000000000000000,0.0062126577383109,0.0000000000000000,11.4699734394120316,2.9998704874341553,-683.740771,-0.002962,683.7437323987726,230849.3438614030601,0,5.8e-12
0.9981417164470008,0.0,0.0115670530533305,0.0000000000000000,0.0061968667421445,0.0000000000000000,11.4799734394120314,2.9998690949951943,-679.672527,-0.002875,679.6754018596649,236394.1471855047857,0,1.8e-13
0.9981451362413569,0.0,0.0116276783207608,0.0000000000000000,0.0061809632390176,0.0000000000000000,11.4899734394120330,2.9998676779913427,-675.077052,-0.002789,675.0798404977453,242091.5734916488873,0,9.2e-11
0.9981485929018150,0.0,0.0116890688283944,0.0000000000000000,0.0061649464052397,0.0000000000000000,11.4999734394120310,2.9998662357758836,-669.930588,-0.002702,669.9332895934288,247946.2540538575558,0,1.0e-11
0.9981520864465210,0.0,0.0117512408032588,0.0000000000000000,0.0061488154055243,0.0000000000000000,11.5099734394120325,2.9998647676792780,-664.208495,-0.002615,664.2111105152578,253962.9819178466569,0,3.5e-12
0.9981556168880078,0.0,0.0118142109796625,0.0000000000000000,0.0061325693925911,0.0000000000000000,11.5199734394120306,2.9998632730081223,-657.885258,-0.002529,657.8877872801199,260146.7035108120472,0,4.7e-12
0.9981591842328522,0.0,0.0118779966202128,0.0000000000000000,0.0061162075068000,0.0000000000000000,11.5299734394120321,2.9998617510440670,-650.934446,-0.002443,650.9368886085009,266502.5291387829930,0,9.1e-12
0.9981627884813606,0.0,0.0119426155381314,0.0000000000000000,0.0060997288757674,0.0000000000000000,11.5399734394120319,2.9998602010426643,-643.328679,-0.002356,643.3310353674437,273035.7408782294369,0,4.3e-12
0.9981664296272448,0.0,0.0120080861205765,0.0000000000000000,0.0060831326139638,0.0000000000000000,11.5499734394120317,2.9998586222321539,-635.039610,-0.002270,635.0418804745730,279751.7947260112269,0,4.3e-12
0.9981701076572704,0.0,0.0120744273534053,0.0000000000000000,0.0060664178222698,0.0000000000000000,11.5599734394120315,2.9998570138121794,-626.037887,-0.002184,626.0400707142010,286656.3307213353692,0,1.8e-12
0.9981738225508809,0.0,0.0121416588471042,0.0000000000000000,0.0060495835875472,0.0000000000000000,11.5699734394120313,2.9998553749524284,-616.293124,-0.002098,616.2952219647600,293755.1771134205628,0,1.3e-11
0.9981775742798206,0.0,0.0122098008642317,0.0000000000000000,0.0060326289821449,0.0000000000000000,11.5799734394120328,2.9998537047911973,-605.773877,-0.002012,605.7758896246776,301054.3567262556171,0,6.0e-12
0.9981813628077043,0.0,0.0122788743482706,0.0000000000000000,0.0060155530634212,0.0000000000000000,11.5899734394120308,2.9998520024338680,-594.447602,-0.001927,594.4495284839491,308560.0974534559064,0,7.3e-12
0.9981851880895846,0.0,0.0123489009541810,0.0000000000000000,0.0059983548732280,0.0000000000000000,11.5999734394120324,2.9998502669512956,-582.280628,-0.001841,582.2824691363905,316278.8361578026088,0,6.1e-12
0.9981890500714746,0.0,0.0124199030805850,0.0000000000000000,0.0059810334373753,0.0000000000000000,11.6099734394120322,2.9998484973780992,-569.238126,-0.001756,569.2398814549516,324217.2277944936650,0,4.0e-11
0.9981929486898971,0.0,0.0124919039038379,0.0000000000000000,0.0059635877650048,0.0000000000000000,11.6199734394120320,2.9998466927108498,-555.284077,-0.001671,555.2857476328239,332382.1503603112651,0,6.8e-12
0.9981968838713569,0.0,0.0125649274139833,0.0000000000000000,0.0059460168479706,0.0000000000000000,11.6299734394120318,2.9998448519061403,-540.381235,-0.001586,540.3828203804670,340780.7158420660417,0,1.7e-10
0.9982008555314599,0.0,0.0126389984527472,0.0000000000000000,0.0059283196607351,0.0000000000000000,11.6399734394120316,2.9998429738785495,-524.491051,-0.001501,524.4925520476795,349420.2966934357537,0,7.6e-12
0.9982048635750311,0.0,0.0127141427539783,0.0000000000000000,0.0059104951586173,0.0000000000000000,11.6499734394120331,2.9998410574984624,-507.573744,-0.001417,507.5751602830744,358308.4869372794055,0,8.9e-12
0.9982089078948100,0.0,0.0127903869862496,0.0000000000000000,0.0058925422780935,0.0000000000000000,11.6599734394120311,2.9998391015897621,-489.588153,-0.001332,489.5894858754152,367453.1601533341454,0,2.9e-12
0.9982129883710357,0.0,0.0128677587980011,0.0000000000000000,0.0058744599357153,0.0000000000000000,11.6699734394120327,2.9998371049273724,-470.491755,-0.001248,470.4930036126593,376862.4577182622743,0,2.2e-11
0.9982171048707120,0.0,0.0129462868655631,0.0000000000000000,0.0058562470273543,0.0000000000000000,11.6799734394120307,2.9998350662346369,-450.240610,-0.001165,450.2417747718630,386544.8025568767916,0,9.5e-12
0.9982212572468164,0.0,0.0130260009440021,0.0000000000000000,0.0058379024274434,0.0000000000000000,11.6899734394120323,2.9998329841805318,-428.789336,-0.001081,428.7904169620858,396508.9066953462898,0,9.5e-12
0.9982254453375076,0.0,0.0131069319211612,0.0000000000000000,0.0058194249880786,0.0000000000000000,11.6999734394120321,2.9998308573766854,-406.091060,-0.000998,406.0920584648956,406763.7841505659744,0,9.8e-12
0.9982296689651617,0.0,0.0131891118750065,0.0000000000000000,0.0058008135382976,0.0000000000000000,11.7099734394120318,2.9998286843742101,-382.097382,-0.000916,382.0982975957448,417318.7636543684057,0,7.2e-12
0.9982339279355115,0.0,0.0132725741347072,0.0000000000000000,0.0057820668830020,0.0000000000000000,11.7199734394120316,2.9998264636603023,-356.758330,-0.000833,356.7591628158586,428183.4990081968717,0,4.5e-11
0.9982382220365433,0.0,0.0133573533454709,0.0000000000000000,0.0057631838021521,0.0000000000000000,11.7299734394120314,2.9998241936546246,-330.022308,-0.000751,330.0230588011920,439367.9867366713006,0,7.2e-12
0.9982425510374955,0.0,0.0134434855378023,0.0000000000000000,0.0057441630496245,0.0000000000000000,11.7399734394120330,2.9998218727054247,-301.836096,-0.000669,301.8367654031054,450882.5638072064612,0,1.7e-11
0.9982469146875976,0.0,0.0135310082010336,0.0000000000000000,0.0057250033522946,0.0000000000000000,11.7499734394120310,2.9998194990853864,-272.144763,-0.000588,272.1453514277153,462737.9372757008532,0,1.5e-12
0.9982513127148482,0.0,0.0136199603619302,0.0000000000000000,0.0057057034088760,0.0000000000000000,11.7599734394120325,2.9998170709871830,-240.891636,-0.000507,240.8921427996025,474945.1935553536750,0,1.3e-12
0.9982557448246463,0.0,0.0137103826684982,0.0000000000000000,0.0056862618887777,0.0000000000000000,11.7699734394120306,2.9998145865187107,-208.018264,-0.000427,208.0186902141048,487515.8091700132936,0,8.3e-12
0.9982602106983127,0.0,0.0138023174794963,0.0000000000000000,0.0056666774309354,0.0000000000000000,11.7799734394120321,2.9998120436979678,-173.464375,-0.000347,173.4647217700546,500461.6673314276268,0,3.5e-13
0.9982647099915088,0.0,0.0138958089601208,0.0000000000000000,0.0056469486425320,0.0000000000000000,11.7899734394120319,2.9998094404475633,-137.167818,-0.000267,137.1680847204593,513795.0777821072261,0,1.1e-11
0.9982692423325358,0.0,0.0139909031843637,0.0000000000000000,0.0056270740976846,0.0000000000000000,11.7999734394120317,2.9998067745888046,-99.064535,-0.000188,99.0647226216665,527528.7857909075683,0,4.5e-12
0.9982738073204064,0.0,0.0140876482445960,0.0000000000000000,0.0056070523361868,0.0000000000000000,11.8099734394120315,2.9998040438353422,-59.088496,-0.000109,59.0886050552370,541675.9986603521975,0,1.1e-12
0.9982784045229718,0.0,0.0141860943690233,0.0000000000000000,0.0055868818618525,0.0000000000000000,11.8199734394120313,2.9998012457863195,-17.171667,-0.000031,17.1716981483779,556250.3954023520928,0,1.1e-11
0.9982830334747705,0.0,0.0142862940475368,0.0000000000000000,0.0055665611411766,0.0000000000000000,11.8299734394120328,2.9997983779189905,26.755631,0.000047,-26.7556782107653,571266.0199237396009,0,2.2e-09
0.9982876936739105,0.0,0.0143883021674220,0.0000000000000000,0.0055460886021268,0.0000000000000000,11.8399734394120308,2.9997954375807430,72.766805,0.000124,-72.7669290857499,586737.9444652823731,0,2.2e-11
0.9982923845811382,0.0,0.0144921761577170,0.0000000000000000,0.0055254626315964,0.0000000000000000,11.8499734394120324,2.9997924219805117,120.934976,0.000201,-120.9351769264141,602681.0016274197260,0,4.7e-12
0.9982971056153627,0.0,0.0145979761464962,0.0000000000000000,0.0055046815747318,0.0000000000000000,11.8599734394120322,2.9997893281794430,171.337089,0.000277,-171.3373657295730,619111.0952817484504,0,1.9e-11
0.9983018561514526,0.0,0.0147057651286525,0.0000000000000000,0.0054837437326698,0.0000000000000000,11.8699734394120320,2.9997861530808314,224.051935,0.000352,-224.0522877466321,636044.5794747187756,0,4.0e-12
0.9983066355167493,0.0,0.0148156091473981,0.0000000000000000,0.0054626473608263,0.0000000000000000,11.8799734394120318,2.9997828934191912,279.160578,0.000427,-279.1610052431275,653498.4008777971612,0,1.9e-11
0.9983114429874207,0.0,0.0149275774899758,0.0000000000000000,0.0054413906670405,0.0000000000000000,11.8899734394120316,2.9997795457484058,336.746445,0.000501,-336.7469465210844,671490.1374592289794,0,2.3e-11
0.9983162777844944,0.0,0.0150417428990505,0.0000000000000000,0.0054199718096302,0.0000000000000000,11.8999734394120331,2.9997761064288482,396.895353,0.000575,-396.8959279635013,690038.0154193256749,0,4.6e-12
0.9983211390694979,0.0,0.0151581818012914,0.0000000000000000,0.0053983888954227,0.0000000000000000,11.9099734394120311,2.9997725716133825,459.695531,0.000648,-459.6961788757868,709160.9290467245737,0,2.2e-11
0.9983260259396995,0.0,0.0152769745548451,0.0000000000000000,0.0053766399776598,0.0000000000000000,11.9199734394120327,2.9997689372321044,525.237747,0.000721,-525.2384674395839,728878.4902859136928,0,3.9e-12
0.9983309374228504,0.0,0.0153982057175403,0.0000000000000000,0.0053547230539451,0.0000000000000000,11.9299734394120307,2.9997651989757195,593.615265,0.000792,-593.6160573909054,749211.0312087999191,0,2.4e-11
0.9983358724714391,0.0,0.0155219643379771,0.0000000000000000,0.0053326360640481,0.0000000000000000,11.9399734394120323,2.9997613522773854,664.923940,0.000863,-664.9248028840525,770179.6470792363398,0,5.6e-12
0.9983408299564065,0.0,0.0156483442718018,0.0000000000000000,0.0053103768875905,0.0000000000000000,11.9499734394120321,2.9997573922928580,739.262335,0.000934,-739.2632686363401,791806.2462029235903,0,1.1e-10
0.9983458086597836,0.0,0.0157774445256783,0.0000000000000000,0.0052879433425918,0.0000000000000000,11.9599734394120318,2.9997533138787609,816.731518,0.001003,-816.7325215617725,814113.5220624825452,0,1.0e-11
0.9983508072677147,0.0,0.0159093696324452,0.0000000000000000,0.0052653331816639,0.0000000000000000,11.9699734394120316,2.9997491115687573,897.435513,0.001072,-897.4365852042750,837125.0779106421396,0,1.5e-11
0.9983558243611451,0.0,0.0160442300597923,0.0000000000000000,0.0052425440913637,0.0000000000000000,11.9799734394120314,2.9997447795473833,981.481008,0.001140,-981.4821481783754,860865.3921051284997,0,1.3e-11
0.9983608584067077,0.0,0.0161821426572402,0.0000000000000000,0.0052195736892260,0.0000000000000000,11.9899734394120330,2.9997403116212711,1068.977593,0.001207,-1068.9788002716741,885359.8970645554364,0,1.6e-10
0.9983659077461947,0.0,0.0163232311448949,0.0000000000000000,0.0051964195216930,0.0000000000000000,11.9999734394120310,2.9997357011874564,1160.037553,0.001274,-1160.0388267176902,910634.9495915768202,0,1.5e-10
0.9983709705849408,0.0,0.0164676266494550,0.0000000000000000,0.0051730790617929,0.0000000000000000,12.0099734394120325,2.9997309411983983,1254.776268,0.001340,-1254.7776077253100,936717.9670335712144,0,3.0e-11
0.9983760449784321,0.0,0.0166154682917912,0.0000000000000000,0.0051495497079873,0.0000000000000000,12.0199734394120306,2.9997260241233352,1353.312111,0.001404,-1353.3135149072043,963637.4436247278936,0,1.0e-11
0.9983811288183270,0.0,0.0167669038335225,0.0000000000000000,0.0051258287813946,0.0000000000000000,12.0299734394120321,2.9997209419054935,1455.765866,0.001468,-1455.7673348005931,991422.8083010260016,0,1.3e-09
0.9983862198157106,0.0,0.0169220903898017,0.0000000000000000,0.0051019135246365,0.0000000000000000,12.0399734394120319,2.9997156859145861,1562.264339,0.001531,-1562.2658706503362,1020105.4482901685406,0,1.8e-09
0.9983913154836086,0.0,0.0170811952124439,0.0000000000000000,0.0050778011007089,0.0000000000000000,12.0499734394120317,2.9997102468941335,1672.931050,0.001594,-1672.9326437609197,1049716.2282359604724,0,8.9e-12
0.9983964131157663,0.0,0.0172443965603203,0.0000000000000000,0.0050534885916794,0.0000000000000000,12.0599734394120315,2.9997046149026505,1787.899585,0.001655,-1787.9012401128373,1080289.1384258267935,0,6.4e-12
0.9984015097640822,0.0,0.0174118846587898,0.0000000000000000,0.0050289729991159,0.0000000000000000,12.0699734394120313,2.9996987792481611,1907.303468,0.001715,-1907.3051834421872,1111858.6163942513522,0,9.8e-10
0.9984066022140603,0.0,0.0175838627679083,0.0000000000000000,0.0050042512412377,0.0000000000000000,12.0799734394120328,2.9996927284148671,2031.278453,0.001775,-2031.2802280923279,1144460.1577780779917,0,2.3e-12
0.9984116869526285,0.0,0.0177605483650864,0.0000000000000000,0.0049793201597231,0.0000000000000000,12.0899734394120308,2.9996864499811080,2159.966313,0.001833,-2159.9681461573327,1178131.4986028389540,0,1.0e-11
0.9984167601382946,0.0,0.0179421744688817,0.0000000000000000,0.0049541765156563,0.0000000000000000,12.0999734394120324,2.9996799305270549,1466.349915,827.162277,-2293.5121918179575,1212911.3341175492387,0,5.8e-12
0.9984218175621098,0.0,0.0181289911126310,0.0000000000000000,0.0049288169956655,0.0000000000000000,12.1099734394120322,2.9996731555309033,1695.498443,736.561026,-2432.0594696866283,1248840.0735419970006,0,2.3e-11
0.9984268546054991,0.0,0.0183212669956382,0.0000000000000000,0.0049032382157812,0.0000000000000000,12.1199734394120320,2.9996661092516623,1898.353680,677.406846,-2575.7605254690661,1285959.7782935027499,0,3.7e-11
0.9984318661917531,0.0,0.0185192913354570,0.0000000000000000,0.0048774367278103,0.0000000000000000,12.1299734394120318,2.9996587745965275,2091.616752,633.152406,-2724.7691580734559,1324314.1797077823430,0,7.6e-11
0.9984368467305647,0.0,0.0187233759512168,0.0000000000000000,0.0048514090280735,0.0000000000000000,12.1399734394120316,2.9996511329703881,2281.381528,597.859884,-2879.2414118446495,1363948.4959049546160,0,2.5e-09
0.9984417900544544,0.0,0.0189338576136759,0.0000000000000000,0.0048251515682450,0.0000000000000000,12.1499734394120331,2.9996431641045751,2470.719245,568.623641,-3039.3428866802296,1404911.3740724856034,0,3.2e-11
0.9984466893458160,0.0,0.0191511007015974,0.0000000000000000,0.0047986607711023,0.0000000000000000,12.1599734394120311,2.9996348458614426,2661.451385,543.781871,-3205.2332556302836,1447251.0126529214904,0,1.9e-11
0.9984515370524797,0.0,0.0193755002162719,0.0000000000000000,0.0047719330486510,0.0000000000000000,12.1699734394120327,2.9996261540105977,2854.797405,522.284814,-3377.0822186276419,1491019.3311898382381,0,1.2e-10
0.9984563247902961,0.0,0.0196074852094394,0.0000000000000000,0.0047449648267936,0.0000000000000000,12.1799734394120307,2.9996170619719411,3051.637506,503.424163,-3555.0616687933057,1536270.0574670629576,0,1.1e-11
0.9984610432300481,0.0,0.0198475226961556,0.0000000000000000,0.0047177525757281,0.0000000000000000,12.1899734394120323,2.9996075405194875,3252.648903,486.697805,-3739.3467075290810,1583059.0805414197966,0,1.8e-12
0.9984656819653008,0.0,0.0200961221348684,0.0000000000000000,0.0046902928491989,0.0000000000000000,12.1999734394120321,2.9995975574388174,3458.380369,471.736074,-3930.1164431838461,1631444.7782459910959,0,2.2e-11
0.9984702293584873,0.0,0.0203538405757374,0.0000000000000000,0.0046625823325905,0.0000000000000000,12.2099734394120318,2.9995870771293704,3669.295032,458.258605,-4127.5536369699803,1681488.0212991433218,0,2.1e-11
0.9984746723597231,0.0,0.0206212885983559,0.0000000000000000,0.0046346179043236,0.0000000000000000,12.2199734394120316,2.9995760601408690,3885.797221,446.047548,-4331.8447690300300,1733252.3215629523620,0,1.3e-11
0.9984789962934028,0.0,0.0208991371870190,0.0000000000000000,0.0046063967124327,0.0000000000000000,12.2299734394120314,2.9995644626307030,4108.249821,434.930211,-4543.1800313563590,1786803.9598041661084,0,4.1e-11
0.9984831846055070,0.0,0.0211881257244357,0.0000000000000000,0.0045779162706247,0.0000000000000000,12.2399734394120330,2.9995522357259570,4336.986265,424.767358,-4761.7536224847672,1842212.1966845784336,0,2.7e-10
0.9984872185628583,0.0,0.0214890713264637,0.0000000000000000,0.0045491745791858,0.0000000000000000,12.2499734394120310,2.9995393247698185,4572.318415,415.445122,-4987.7635371077067,1899549.3807856757194,0,8.8e-10
0.9984910768940289,0.0,0.0218028797937387,0.0000000000000000,0.0045201702761126,0.0000000000000000,12.2599734394120325,2.9995256684269700,4814.540248,406.869292,-5221.4095394264305,1958890.5805789940059,0,8.2e-11
0.9984947353569462,0.0,0.0221305585232803,0.0000000000000000,0.0044909028290590,0.0000000000000000,12.2699734394120306,2.9995111976159601,5063.938705,398.960870,-5462.8995751393859,2020315.3918314147741,0,2.2e-11
0.9984981662173592,0.0,0.0224732318108163,0.0000000000000000,0.0044613727763649,0.0000000000000000,12.2799734394120321,2.9994958342279383,5320.788808,391.653239,-5712.4420471647463,2083906.1708615347743,0,7.1e-11
0.9985013376140837,0.0,0.0228321590880873,0.0000000000000000,0.0044315820337892,0.0000000000000000,12.2899734394120319,2.9994794895797585,5585.360286,384.889634,-5970.2499204323176,2149749.2762894053012,0,2.6e-11
0.9985042127827473,0.0,0.0232087567877897,0.0000000000000000,0.0044015342846808,0.0000000000000000,12.2999734394120317,2.9994620625344277,5857.919398,378.621339,-6236.5407375053464,2217935.2874136716127,0,1.1e-10
0.9985067490995615,0.0,0.0236046247251245,0.0000000000000000,0.0043712354794430,0.0000000000000000,12.3099734394120315,2.9994434372017102,6138.728578,372.806321,-6511.5348993448897,2288558.8165623247623,0,4.2e-11
0.9985088968948791,0.0,0.0240215781485087,0.0000000000000000,0.0043406944780716,0.0000000000000000,12.3199734394120313,2.9994234801043484,6428.044550,367.408162,-6795.4527123919752,2361718.0338017195463,0,4.2e-09
0.9985105979689071,0.0,0.0244616869635788,0.0000000000000000,0.0043099238825676,0.0000000000000000,12.3299734394120328,2.9994020366581040,6726.143180,362.394725,-7088.5379054185032,2437520.8100111298263,0,5.7e-11
0.9985117837211644,0.0,0.0249273241215393,0.0000000000000000,0.0042789411208911,0.0000000000000000,12.3399734394120308,2.9993789267619668,7033.269761,357.738405,-7391.0081662289176,2516072.7069912143052,0,8.1e-11
0.9985123727673366,0.0,0.0254212258250513,0.0000000000000000,0.0042477698729757,0.0000000000000000,12.3499734394120324,2.9993539392225617,7349.690013,353.414585,-7703.1045976998957,2597489.6427526995540,0,4.2e-11
0.9985122678770770,0.0,0.0259465671433186,0.0000000000000000,0.0042164419592520,0.0000000000000000,12.3599734394120322,2.9993268246335196,7675.666040,349.401637,-8025.0676772987927,2681892.2821484394372,0,2.5e-11
0.9985113519933163,0.0,0.0265070579492267,0.0000000000000000,0.0041849998685465,0.0000000000000000,12.3699734394120320,2.9992972861820388,8011.461194,345.680456,-8357.1416497031223,2769407.5577639825642,0,2.5e-11
0.9985094829967303,0.0,0.0271070660029403,0.0000000000000000,0.0041535001773755,0.0000000000000000,12.3799734394120318,2.9992649676367464,8357.339537,342.234142,-8699.5736790742940,2860168.9285243675113,0,1.6e-10
0.9985064867287365,0.0,0.0277517768055174,0.0000000000000000,0.0041220182316021,0.0000000000000000,12.3899734394120316,2.9992294374455395,8713.568312,339.047721,-9052.6160322441538,2954317.4735615104437,0,1.1e-10
0.9985021475587994,0.0,0.0284474040282240,0.0000000000000000,0.0040906546428733,0.0000000000000000,12.3999734394120331,2.9991901673767853,9080.407758,336.108028,-9416.5157862595024,3051999.9473586976528,0,3.7e-09
0.9984961954259612,0.0,0.0292014706993874,0.0000000000000000,0.0040595444389812,0.0000000000000000,12.4099734394120311,2.9991465033669611,9458.135735,333.403269,-9791.5390039663289,3153375.3693123683333,0,6.1e-09
0.9984882877112100,0.0,0.0300231912718235,0.0000000000000000,0.0040288701841666,0.0000000000000000,12.4199734394120327,2.9990976250112462,9847.035461,330.923067,-10177.9585286973270,3258613.1800448149443,0,1.3e-11
0.9984779833726720,0.0,0.0309240006190666,0.0000000000000000,0.0039988811364252,0.0000000000000000,12.4299734394120307,2.9990424881262792,10247.354716,328.658633,-10576.0133488981464,3367883.5881104916334,0,1.3e-09
0.9984647051767284,0.0,0.0319183021854904,0.0000000000000000,0.0039699218724180,0.0000000000000000,12.4399734394120323,2.9989797414331134,10659.357752,326.602204,-10985.9599554999568,3481371.7302034571767,0,4.5e-09
0.9984476831008480,0.0,0.0330245521031450,0.0000000000000000,0.0039424761382060,0.0000000000000000,12.4499734394120321,2.9989076025086181,11083.347258,324.746909,-11408.0941668262258,3599284.7613863125443,0,5.2e-10
0.9984258669360679,0.0,0.0342668747290450,0.0000000000000000,0.0039172360289858,0.0000000000000000,12.4599734394120318,2.9988236674602438,11519.553868,323.087494,-11842.6413619397117,3721825.7882740646601,0,5.9e-12
0.9983977865070832,0.0,0.0356775499608407,0.0000000000000000,0.0038952149638926,0.0000000000000000,12.4699734394120316,2.9987246084994168,11968.246820,321.619528,-12289.8663475093708,3849223.8893518298864,0,2.1e-09
0.9983613186620137,0.0,0.0373009934054270,0.0000000000000000,0.0038779398733463,0.0000000000000000,12.4799734394120314,2.9986056730509696,12429.644261,320.340007,-12749.9842679406484,3981714.3314902633429,0,3.4e-10
0.9983132789944160,0.0,0.0392004274961298,0.0000000000000000,0.0038677946869522,0.0000000000000000,12.4899734394120330,2.9984598117859642,12903.962018,319.247158,-13223.2091761140910,4119555.2008583843708,0,7.7e-10
0.9982486613752708,0.0,0.0414697163944627,0.0000000000000000,0.0038686726339686,0.0000000000000000,12.4999734394120310,2.9982760650222673,13391.352114,318.340942,-13709.6930556470525,4263017.6439557075500,0,5.5e-09
0.9981591081819672,0.0,0.0442559156899055,0.0000000000000000,0.0038873135981840,0.0000000000000000,12.5099734394120325,2.9980363380173776,13891.785793,317.623846,-14209.4096386724505,4412364.4284744560719,0,4.0e-11
0.9980295087164681,0.0,0.0478064148052111,0.0000000000000000,0.0039363340757787,0.0000000000000000,12.5199734394120306,2.9977082780085751,14405.075646,317.101331,-14722.1769769763923,4567870.6556150615215,0,1.8e-10
