x0,y0,z0,xd0,yd0,zd0,Tp,JC,stabilityIndex1,stabilityIndex2,alpha,beta,impactFlag,error
0.9971753734315589,0.0,-0.0000020549929212,0.0000000000000000,-0.0038341782530554,0.0000000000000000,4.8293616995574444,3.0001429781187832,2.000000,-1.987725,-0.0122746518619,-1.9754506972278,0,1.6e-12
0.9971753748506130,0.0,-0.0000033385375967,0.0000000000000000,-0.0038341816088831,0.0000000000000000,4.8293626995574437,3.0001429780711639,2.000000,-1.987726,-0.0122742589654,-1.9754514841690,0,4.3e-12
0.9971753762696669,0.0,-0.0000042507247841,0.0000000000000000,-0.0038341849647126,0.0000000000000000,4.8293636995574438,3.0001429780235456,2.000000,-1.987726,-0.0122738657931,-1.9754522706073,0,5.3e-12
0.9971753776887194,0.0,-0.0000049991473559,0.0000000000000000,-0.0038341883205410,0.0000000000000000,4.8293646995574440,3.0001429779759272,2.000000,-1.987727,-0.0122734719692,-1.9754530558227,0,3.2e-13
0.9971753791077718,0.0,-0.0000056492724381,0.0000000000000000,-0.0038341916763698,0.0000000000000000,4.8293656995574441,3.0001429779283080,2.000000,-1.987727,-0.0122730790684,-1.9754538428528,0,4.2e-12
0.9971753805268244,0.0,-0.0000062319398619,0.0000000000000000,-0.0038341950322031,0.0000000000000000,4.8293666995574442,3.0001429778806896,2.000000,-1.987727,-0.0122726858308,-1.9754546292187,0,1.1e-12
0.9971753819458755,0.0,-0.0000067646032790,0.0000000000000000,-0.0038341983880324,0.0000000000000000,4.8293676995574444,3.0001429778330713,2.000000,-1.987728,-0.0122722925956,-1.9754554156205,0,2.0e-12
0.9971753833649267,0.0,-0.0000072582801648,0.0000000000000000,-0.0038342017438646,0.0000000000000000,4.8293686995574436,3.0001429777854534,2.000000,-1.987728,-0.0122718995242,-1.9754562024104,0,3.8e-12
0.9971753847839784,0.0,-0.0000077204531953,0.0000000000000000,-0.0038342050997001,0.0000000000000000,4.8293696995574438,3.0001429777378346,2.000000,-1.987728,-0.0122715058480,-1.9754569880395,0,8.9e-13
0.9971753862030285,0.0,-0.0000081564788770,0.0000000000000000,-0.0038342084555337,0.0000000000000000,4.8293706995574439,3.0001429776902162,2.000000,-1.987729,-0.0122711128801,-1.9754577750647,0,1.3e-12
0.9971753876220785,0.0,-0.0000085703494996,0.0000000000000000,-0.0038342118113684,0.0000000000000000,4.8293716995574441,3.0001429776425983,2.000000,-1.987729,-0.0122707197236,-1.9754585617480,0,2.9e-12
0.9971753890411271,0.0,-0.0000089651335890,0.0000000000000000,-0.0038342151672004,0.0000000000000000,4.8293726995574442,3.0001429775949799,2.000000,-1.987730,-0.0122703268534,-1.9754593490166,0,7.1e-12
0.9971753904601770,0.0,-0.0000093432511309,0.0000000000000000,-0.0038342185230408,0.0000000000000000,4.8293736995574443,3.0001429775473607,2.000000,-1.987730,-0.0122699332351,-1.9754601347811,0,4.7e-12
0.9971753918792259,0.0,-0.0000097066499184,0.0000000000000000,-0.0038342218788791,0.0000000000000000,4.8293746995574436,3.0001429774997428,2.000000,-1.987730,-0.0122695400806,-1.9754609216428,0,3.9e-12
0.9971753932982739,0.0,-0.0000100569255845,0.0000000000000000,-0.0038342252347161,0.0000000000000000,4.8293756995574437,3.0001429774521249,2.000000,-1.987731,-0.0122691469366,-1.9754617084018,0,6.1e-12
0.9971753947173226,0.0,-0.0000103954049669,0.0000000000000000,-0.0038342285905587,0.0000000000000000,4.8293766995574439,3.0001429774045065,2.000000,-1.987731,-0.0122687534048,-1.9754624945362,0,1.9e-12
0.9971753961363697,0.0,-0.0000107232048769,0.0000000000000000,-0.0038342319463978,0.0000000000000000,4.8293776995574440,3.0001429773568886,2.000000,-1.987732,-0.0122683599567,-1.9754632808131,0,2.3e-12
0.9971753975554168,0.0,-0.0000110412767096,0.0000000000000000,-0.0038342353022391,0.0000000000000000,4.8293786995574441,3.0001429773092707,2.000000,-1.987732,-0.0122679667744,-1.9754640676708,0,3.0e-12
0.9971753989744636,0.0,-0.0000113504383110,0.0000000000000000,-0.0038342386580814,0.0000000000000000,4.8293796995574443,3.0001429772616524,2.000000,-1.987732,-0.0122675734186,-1.9754648541352,0,2.9e-12
0.9971754003935098,0.0,-0.0000116513989740,0.0000000000000000,-0.0038342420139250,0.0000000000000000,4.8293806995574444,3.0001429772140344,2.000000,-1.987733,-0.0122671798866,-1.9754656403981,0,3.5e-13
0.9971754018125560,0.0,-0.0000119447786345,0.0000000000000000,-0.0038342453697692,0.0000000000000000,4.8293816995574437,3.0001429771664165,2.000000,-1.987733,-0.0122667866222,-1.9754664270305,0,2.6e-12
0.9971754032316017,0.0,-0.0000122311227792,0.0000000000000000,-0.0038342487256148,0.0000000000000000,4.8293826995574438,3.0001429771187986,2.000000,-1.987734,-0.0122663932084,-1.9754672136038,0,9.6e-14
0.9971754046506462,0.0,-0.0000125109144433,0.0000000000000000,-0.0038342520814590,0.0000000000000000,4.8293836995574440,3.0001429770711807,2.000000,-1.987734,-0.0122660001891,-1.9754680008570,0,4.4e-12
0.9971754060696911,0.0,-0.0000127845839307,0.0000000000000000,-0.0038342554373067,0.0000000000000000,4.8293846995574441,3.0001429770235628,2.000000,-1.987734,-0.0122656069610,-1.9754687877642,0,5.2e-12
0.9971754074887355,0.0,-0.0000130525163193,0.0000000000000000,-0.0038342587931545,0.0000000000000000,4.8293856995574442,3.0001429769759449,2.000000,-1.987735,-0.0122652136290,-1.9754695745235,0,3.7e-12
0.9971754089077796,0.0,-0.0000133150579447,0.0000000000000000,-0.0038342621490041,0.0000000000000000,4.8293866995574444,3.0001429769283270,2.000000,-1.987735,-0.0122648201363,-1.9754703609257,0,3.2e-12
0.9971754103268231,0.0,-0.0000135725216681,0.0000000000000000,-0.0038342655048537,0.0000000000000000,4.8293876995574436,3.0001429768807091,2.000000,-1.987736,-0.0122644267899,-1.9754711477154,0,3.4e-12
0.9971754117458659,0.0,-0.0000138251910430,0.0000000000000000,-0.0038342688607034,0.0000000000000000,4.8293886995574438,3.0001429768330916,2.000000,-1.987736,-0.0122640334445,-1.9754719345395,0,3.0e-12
0.9971754131649082,0.0,-0.0000140733244408,0.0000000000000000,-0.0038342722165544,0.0000000000000000,4.8293896995574439,3.0001429767854737,2.000000,-1.987736,-0.0122636400107,-1.9754727211957,0,1.7e-12
0.9971754145839508,0.0,-0.0000143171577074,0.0000000000000000,-0.0038342755724074,0.0000000000000000,4.8293906995574440,3.0001429767378558,2.000000,-1.987737,-0.0122632467569,-1.9754735081447,0,3.6e-12
0.9971754160029925,0.0,-0.0000145569069000,0.0000000000000000,-0.0038342789282602,0.0000000000000000,4.8293916995574442,3.0001429766902383,2.000000,-1.987737,-0.0122628527706,-1.9754742937622,0,8.5e-13
0.9971754174220340,0.0,-0.0000147927705688,0.0000000000000000,-0.0038342822841146,0.0000000000000000,4.8293926995574443,3.0001429766426213,2.000000,-1.987738,-0.0122624598836,-1.9754750815023,0,2.9e-12
0.9971754188410750,0.0,-0.0000150249317427,0.0000000000000000,-0.0038342856399698,0.0000000000000000,4.8293936995574436,3.0001429765950030,2.000000,-1.987738,-0.0122620660985,-1.9754758676375,0,4.4e-13
0.9971754202601155,0.0,-0.0000152535594447,0.0000000000000000,-0.0038342889958253,0.0000000000000000,4.8293946995574437,3.0001429765473859,2.000000,-1.987738,-0.0122616730064,-1.9754766550687,0,3.3e-12
0.9971754216791553,0.0,-0.0000154788102217,0.0000000000000000,-0.0038342923516811,0.0000000000000000,4.8293956995574439,3.0001429764997680,2.000000,-1.987739,-0.0122612794028,-1.9754774414917,0,1.9e-12
0.9971754230981953,0.0,-0.0000157008295198,0.0000000000000000,-0.0038342957075394,0.0000000000000000,4.8293966995574440,3.0001429764521510,2.000000,-1.987739,-0.0122608863671,-1.9754782291447,0,5.2e-12
0.9971754245172346,0.0,-0.0000159197524774,0.0000000000000000,-0.0038342990633966,0.0000000000000000,4.8293976995574441,3.0001429764045331,2.000000,-1.987740,-0.0122604934787,-1.9754790170733,0,1.1e-11
0.9971754259362737,0.0,-0.0000161357050939,0.0000000000000000,-0.0038343024192577,0.0000000000000000,4.8293986995574443,3.0001429763569161,2.000000,-1.987740,-0.0122600998990,-1.9754798036440,0,8.1e-12
0.9971754273553122,0.0,-0.0000163488051071,0.0000000000000000,-0.0038343057751182,0.0000000000000000,4.8293996995574444,3.0001429763092986,2.000000,-1.987740,-0.0122597058299,-1.9754805893265,0,2.6e-12
0.9971754287743503,0.0,-0.0000165591626401,0.0000000000000000,-0.0038343091309795,0.0000000000000000,4.8294006995574437,3.0001429762616816,2.000000,-1.987741,-0.0122593122653,-1.9754813760367,0,2.2e-12
0.9971754301933879,0.0,-0.0000167668809319,0.0000000000000000,-0.0038343124868415,0.0000000000000000,4.8294016995574438,3.0001429762140641,2.000000,-1.987741,-0.0122589190209,-1.9754821633638,0,4.1e-12
0.9971754316124253,0.0,-0.0000169720568725,0.0000000000000000,-0.0038343158427047,0.0000000000000000,4.8294026995574439,3.0001429761664471,2.000000,-1.987741,-0.0122585252530,-1.9754829497043,0,2.8e-12
0.9971754330314623,0.0,-0.0000171747816218,0.0000000000000000,-0.0038343191985685,0.0000000000000000,4.8294036995574441,3.0001429761188296,2.000000,-1.987742,-0.0122581320603,-1.9754837371483,0,3.9e-12
0.9971754344504986,0.0,-0.0000173751408608,0.0000000000000000,-0.0038343225544339,0.0000000000000000,4.8294046995574442,3.0001429760712131,2.000000,-1.987742,-0.0122577383479,-1.9754845236686,0,3.6e-13
0.9971754358695347,0.0,-0.0000175732156166,0.0000000000000000,-0.0038343259102996,0.0000000000000000,4.8294056995574444,3.0001429760235956,2.000000,-1.987743,-0.0122573447342,-1.9754853103862,0,5.2e-13
0.9971754372885705,0.0,-0.0000177690822343,0.0000000000000000,-0.0038343292661671,0.0000000000000000,4.8294066995574436,3.0001429759759790,2.000000,-1.987743,-0.0122569515055,-1.9754860979227,0,1.2e-12
0.9971754387076056,0.0,-0.0000179628129685,0.0000000000000000,-0.0038343326220339,0.0000000000000000,4.8294076995574438,3.0001429759283620,2.000000,-1.987743,-0.0122565582267,-1.9754868853574,0,4.1e-12
0.9971754401266405,0.0,-0.0000181544761872,0.0000000000000000,-0.0038343359779028,0.0000000000000000,4.8294086995574439,3.0001429758807450,2.000000,-1.987744,-0.0122561644213,-1.9754876717685,0,2.6e-12
0.9971754415456748,0.0,-0.0000183441366854,0.0000000000000000,-0.0038343393337719,0.0000000000000000,4.8294096995574440,3.0001429758331279,2.000000,-1.987744,-0.0122557707741,-1.9754884585460,0,5.2e-13
0.9971754429647086,0.0,-0.0000185318561120,0.0000000000000000,-0.0038343426896331,0.0000000000000000,4.8294106995574442,3.0001429757855105,2.000000,-1.987745,-0.0122553808567,-1.9754892525281,0,4.5e-11
0.9971754443837425,0.0,-0.0000187176924319,0.0000000000000000,-0.0038343460455135,0.0000000000000000,4.8294116995574443,3.0001429757378939,2.000000,-1.987745,-0.0122549839876,-1.9754900331367,0,3.0e-12
0.9971754458027756,0.0,-0.0000189017016103,0.0000000000000000,-0.0038343494013855,0.0000000000000000,4.8294126995574445,3.0001429756902769,2.000000,-1.987745,-0.0122545901910,-1.9754908197448,0,1.7e-12
0.9971754472218084,0.0,-0.0000190839363640,0.0000000000000000,-0.0038343527572586,0.0000000000000000,4.8294136995574437,3.0001429756426603,2.000000,-1.987746,-0.0122541968918,-1.9754916073289,0,3.9e-12
0.9971754486408406,0.0,-0.0000192644470416,0.0000000000000000,-0.0038343561131317,0.0000000000000000,4.8294146995574438,3.0001429755950433,2.000000,-1.987746,-0.0122538035296,-1.9754923947633,0,4.8e-12
0.9971754500598727,0.0,-0.0000194432816899,0.0000000000000000,-0.0038343594690072,0.0000000000000000,4.8294156995574440,3.0001429755474267,2.000000,-1.987747,-0.0122534096070,-1.9754931811298,0,1.8e-12
0.9971754514789041,0.0,-0.0000196204860892,0.0000000000000000,-0.0038343628248827,0.0000000000000000,4.8294166995574441,3.0001429754998097,2.000000,-1.987747,-0.0122530163896,-1.9754939689636,0,3.4e-12
0.9971754528979357,0.0,-0.0000197961041504,0.0000000000000000,-0.0038343661807604,0.0000000000000000,4.8294176995574443,3.0001429754521931,2.000000,-1.987747,-0.0122526225524,-1.9754947556349,0,1.3e-12
0.9971754543169662,0.0,-0.0000199701774665,0.0000000000000000,-0.0038343695366370,0.0000000000000000,4.8294186995574444,3.0001429754045765,2.000000,-1.987748,-0.0122522293014,-1.9754955434211,0,5.2e-12
0.9971754557359963,0.0,-0.0000201427462954,0.0000000000000000,-0.0038343728925151,0.0000000000000000,4.8294196995574437,3.0001429753569600,2.000000,-1.987748,-0.0122518355456,-1.9754963302443,0,5.1e-12
0.9971754571550262,0.0,-0.0000203138489474,0.0000000000000000,-0.0038343762483940,0.0000000000000000,4.8294206995574438,3.0001429753093438,2.000000,-1.987749,-0.0122514422876,-1.9754971180552,0,5.7e-12
0.9971754585740559,0.0,-0.0000204835221447,0.0000000000000000,-0.0038343796042749,0.0000000000000000,4.8294216995574439,3.0001429752617272,2.000000,-1.987749,-0.0122510484399,-1.9754979047679,0,5.0e-12
0.9971754599930850,0.0,-0.0000206518010926,0.0000000000000000,-0.0038343829601566,0.0000000000000000,4.8294226995574441,3.0001429752141102,2.000000,-1.987749,-0.0122506547265,-1.9754986917988,0,2.4e-12
0.9971754614121136,0.0,-0.0000208187196342,0.0000000000000000,-0.0038343863160383,0.0000000000000000,4.8294236995574442,3.0001429751664941,2.000000,-1.987750,-0.0122502611564,-1.9754994790711,0,3.2e-12
0.9971754628311419,0.0,-0.0000209843102405,0.0000000000000000,-0.0038343896719215,0.0000000000000000,4.8294246995574444,3.0001429751188775,2.000000,-1.987750,-0.0122498677521,-1.9755002667378,0,5.6e-12
0.9971754642501695,0.0,-0.0000211486040582,0.0000000000000000,-0.0038343930278047,0.0000000000000000,4.8294256995574436,3.0001429750712614,2.000000,-1.987751,-0.0122494737483,-1.9755010532035,0,2.6e-12
0.9971754656691972,0.0,-0.0000213116311385,0.0000000000000000,-0.0038343963836905,0.0000000000000000,4.8294266995574437,3.0001429750236452,2.000000,-1.987751,-0.0122490802178,-1.9755018407059,0,4.2e-12
0.9971754670882240,0.0,-0.0000214734202829,0.0000000000000000,-0.0038343997395752,0.0000000000000000,4.8294276995574439,3.0001429749760287,2.000000,-1.987751,-0.0122486864433,-1.9755026277125,0,1.2e-12
0.9971754685072507,0.0,-0.0000216339992996,0.0000000000000000,-0.0038344030954624,0.0000000000000000,4.8294286995574440,3.0001429749284125,2.000000,-1.987752,-0.0122482928587,-1.9755034151297,0,2.0e-12
0.9971754699262768,0.0,-0.0000217933949150,0.0000000000000000,-0.0038344064513493,0.0000000000000000,4.8294296995574442,3.0001429748807964,2.000000,-1.987752,-0.0122478991354,-1.9755042023515,0,2.6e-12
0.9971754713453026,0.0,-0.0000219516329118,0.0000000000000000,-0.0038344098072377,0.0000000000000000,4.8294306995574443,3.0001429748331798,2.000000,-1.987752,-0.0122475056054,-1.9755049898595,0,2.0e-12
0.9971754727643281,0.0,-0.0000221087381645,0.0000000000000000,-0.0038344131631270,0.0000000000000000,4.8294316995574444,3.0001429747855637,2.000000,-1.987753,-0.0122471119737,-1.9755057773333,0,3.2e-12
0.9971754741833530,0.0,-0.0000222647346314,0.0000000000000000,-0.0038344165190172,0.0000000000000000,4.8294326995574437,3.0001429747379480,2.000000,-1.987753,-0.0122467181664,-1.9755065643952,0,2.4e-12
0.9971754756023776,0.0,-0.0000224196454710,0.0000000000000000,-0.0038344198749081,0.0000000000000000,4.8294336995574438,3.0001429746903314,2.000000,-1.987754,-0.0122463244993,-1.9755073517618,0,2.0e-12
0.9971754770214016,0.0,-0.0000225734930123,0.0000000000000000,-0.0038344232308000,0.0000000000000000,4.8294346995574440,3.0001429746427157,2.000000,-1.987754,-0.0122459307230,-1.9755081389972,0,1.9e-12
0.9971754784404254,0.0,-0.0000227262988790,0.0000000000000000,-0.0038344265866930,0.0000000000000000,4.8294356995574441,3.0001429745950996,2.000000,-1.987754,-0.0122455374665,-1.9755089272735,0,5.6e-12
0.9971754798594490,0.0,-0.0000228780839346,0.0000000000000000,-0.0038344299425871,0.0000000000000000,4.8294366995574443,3.0001429745474835,2.000000,-1.987755,-0.0122451434277,-1.9755097140111,0,2.5e-12
0.9971754812784716,0.0,-0.0000230288683239,0.0000000000000000,-0.0038344332984812,0.0000000000000000,4.8294376995574444,3.0001429744998678,2.000000,-1.987755,-0.0122447496672,-1.9755105012853,0,3.1e-12
0.9971754826974942,0.0,-0.0000231786716390,0.0000000000000000,-0.0038344366543772,0.0000000000000000,4.8294386995574436,3.0001429744522516,2.000000,-1.987756,-0.0122443561202,-1.9755112890397,0,2.6e-12
0.9971754841165161,0.0,-0.0000233275127360,0.0000000000000000,-0.0038344400102733,0.0000000000000000,4.8294396995574438,3.0001429744046360,2.000000,-1.987756,-0.0122439622474,-1.9755120762383,0,2.7e-12
0.9971754855355380,0.0,-0.0000234754099545,0.0000000000000000,-0.0038344433661709,0.0000000000000000,4.8294406995574439,3.0001429743570198,2.000000,-1.987756,-0.0122435685647,-1.9755128637449,0,3.1e-12
0.9971754869545592,0.0,-0.0000236223809927,0.0000000000000000,-0.0038344467220683,0.0000000000000000,4.8294416995574441,3.0001429743094041,2.000000,-1.987757,-0.0122431752160,-1.9755136520129,0,5.7e-12
0.9971754883735821,0.0,-0.0000237684431856,0.0000000000000000,-0.0038344500779751,0.0000000000000000,4.8294426995574442,3.0001429742617889,2.000000,-1.987757,-0.0122427800152,-1.9755144367049,0,1.0e-11
0.9971754897926005,0.0,-0.0000239136127334,0.0000000000000000,-0.0038344534338681,0.0000000000000000,4.8294436995574443,3.0001429742141728,2.000000,-1.987758,-0.0122423873906,-1.9755152263703,0,3.0e-12
0.9971754912116205,0.0,-0.0000240579062518,0.0000000000000000,-0.0038344567897690,0.0000000000000000,4.8294446995574436,3.0001429741665571,2.000000,-1.987758,-0.0122419938612,-1.9755160143674,0,4.5e-12
0.9971754926306404,0.0,-0.0000242013392645,0.0000000000000000,-0.0038344601456730,0.0000000000000000,4.8294456995574437,3.0001429741189414,2.000000,-1.987758,-0.0122415994911,-1.9755168006698,0,2.3e-12
0.9971754940496594,0.0,-0.0000243439270044,0.0000000000000000,-0.0038344635015738,0.0000000000000000,4.8294466995574439,3.0001429740713261,2.000000,-1.987759,-0.0122412059736,-1.9755175887459,0,2.3e-12
0.9971754954686782,0.0,-0.0000244856841830,0.0000000000000000,-0.0038344668574774,0.0000000000001191,4.8294476995574440,3.0001429740237104,2.000000,-1.987759,-0.0122408121971,-1.9755183762199,0,4.8e-12
0.9971756373684832,0.0,-0.0000359401004080,0.0000000000000000,-0.0038348024523940,0.0000000000000538,4.8295476995574447,3.0001429692623396,2.000000,-1.987799,-0.0122013995452,-1.9755972029083,0,6.5e-12
0.9971757792641801,0.0,-0.0000445390667309,0.0000000000000000,-0.0038351380563254,-0.0000000000000845,4.8296476995574444,3.0001429645013356,2.000000,-1.987838,-0.0121619167410,-1.9756761671861,0,4.3e-12
0.9971759211557698,0.0,-0.0000517267984984,0.0000000000000000,-0.0038354736692731,0.0000000000000266,4.8297476995574442,3.0001429597406992,2.000000,-1.987878,-0.0121223648886,-1.9757552709526,0,2.7e-12
0.9971760630432527,0.0,-0.0000580300825286,0.0000000000000000,-0.0038358092912369,-0.0000000000000086,4.8298476995574449,3.0001429549804288,2.000000,-1.987917,-0.0120827433242,-1.9758345127136,0,1.9e-12
0.9971762049266291,0.0,-0.0000637119679486,0.0000000000000000,-0.0038361449222156,0.0000000000002085,4.8299476995574446,3.0001429502205261,2.000000,-1.987957,-0.0120430533699,-1.9759138948699,0,1.5e-11
0.9971763468059009,0.0,-0.0000689263000010,0.0000000000000000,-0.0038364805622215,-0.0000000000000082,4.8300476995574444,3.0001429454609898,2.000000,-1.987997,-0.0120032921449,-1.9759934118199,0,3.1e-12
0.9971764886810683,0.0,-0.0000737722875461,0.0000000000000000,-0.0038368162112460,-0.0000000000000013,4.8301476995574442,3.0001429407018207,2.000000,-1.988037,-0.0119634624788,-1.9760730686683,0,5.1e-12
0.9971766305521319,0.0,-0.0000783183350078,0.0000000000000000,-0.0038371518692930,-0.0000000000000233,4.8302476995574448,3.0001429359430181,2.000000,-1.988076,-0.0119235632906,-1.9761528632282,0,5.3e-12
0.9971767724190931,0.0,-0.0000826139722210,0.0000000000000000,-0.0038374875363675,-0.0000000000000063,4.8303476995574446,3.0001429311845826,2.000000,-1.988116,-0.0118835948245,-1.9762327957673,0,5.5e-12
0.9971769142819525,0.0,-0.0000866964292362,0.0000000000000000,-0.0038378232124705,0.0000000000000080,4.8304476995574444,3.0001429264265136,2.000000,-1.988156,-0.0118435567666,-1.9763128655047,0,2.1e-12
0.9971770561407106,0.0,-0.0000905945302729,0.0000000000000000,-0.0038381588976000,0.0000000000000201,4.8305476995574441,3.0001429216688114,2.000000,-1.988197,-0.0118034495068,-1.9763930730055,0,2.9e-12
0.9971771979953683,0.0,-0.0000943311328945,0.0000000000000000,-0.0038384945917611,-0.0000000000000004,4.8306476995574448,3.0001429169114755,2.000000,-1.988237,-0.0117632730355,-1.9764734180567,0,1.5e-12
0.9971773398459266,0.0,-0.0000979247262226,0.0000000000000000,-0.0038388302949538,0.0000000000000041,4.8307476995574445,3.0001429121545060,2.000000,-1.988277,-0.0117230274465,-1.9765539007333,0,3.3e-12
0.9971774816923856,0.0,-0.0001013905175019,0.0000000000000000,-0.0038391660071783,-0.0000000000000195,4.8308476995574443,3.0001429073979033,2.000000,-1.988317,-0.0116827126247,-1.9766345205149,0,6.1e-12
0.9971776235347476,0.0,-0.0001047411941092,0.0000000000000000,-0.0038395017284446,-0.0000000000000180,4.8309476995574441,3.0001429026416671,2.000000,-1.988358,-0.0116423271866,-1.9767152746044,0,6.7e-12
0.9971777653730123,0.0,-0.0001079874720925,0.0000000000000000,-0.0038398374587434,0.0000000000000023,4.8310476995574447,3.0001428978857971,2.000000,-1.988398,-0.0116018749016,-1.9767961700360,0,6.1e-12
0.9971779072071797,0.0,-0.0001111385000770,0.0000000000000000,-0.0038401731980813,-0.0000000000000035,4.8311476995574445,3.0001428931302940,2.000000,-1.988439,-0.0115613514496,-1.9768771984629,0,3.0e-12
0.9971780490372526,0.0,-0.0001142021627014,0.0000000000000000,-0.0038405089464618,-0.0000000000000177,4.8312476995574443,3.0001428883751569,2.000000,-1.988479,-0.0115207595940,-1.9769583648178,0,3.9e-13
0.9971781908632306,0.0,-0.0001171853123803,0.0000000000000000,-0.0038408447038846,0.0000000000000140,4.8313476995574440,3.0001428836203861,2.000000,-1.988520,-0.0114800988601,-1.9770396682020,0,3.6e-13
0.9971783326851092,0.0,-0.0001200939491089,0.0000000000000000,-0.0038411804703337,0.0000000000000205,4.8314476995574447,3.0001428788659816,2.000000,-1.988561,-0.0114393690297,-1.9771211078692,0,6.3e-12
0.9971784745029046,0.0,-0.0001229333621416,0.0000000000000000,-0.0038415162458616,0.0000000000000190,4.8315476995574445,3.0001428741119431,2.000000,-1.988601,-0.0113985695920,-1.9772026826775,0,2.1e-12
0.9971786163166028,0.0,-0.0001257082422231,0.0000000000000000,-0.0038418520304207,0.0000000000000042,4.8316476995574442,3.0001428693582706,2.000000,-1.988642,-0.0113577011576,-1.9772843937516,0,1.7e-12
0.9971787581262093,0.0,-0.0001284227726543,0.0000000000000000,-0.0038421878240286,0.0000000000000060,4.8317476995574440,3.0001428646049644,2.000000,-1.988683,-0.0113167635839,-1.9773662403675,0,3.2e-13
0.9971788999317250,0.0,-0.0001310807028384,0.0000000000000000,-0.0038425236266872,-0.0000000000000043,4.8318476995574446,3.0001428598520241,2.000000,-1.988724,-0.0112757574084,-1.9774482237031,0,4.0e-12
0.9971790417331513,0.0,-0.0001336854088291,0.0000000000000000,-0.0038428594384003,-0.0000000000000264,4.8319476995574444,3.0001428550994502,2.000000,-1.988765,-0.0112346813389,-1.9775303408577,0,1.2e-12
0.9971791835304874,0.0,-0.0001362399433739,0.0000000000000000,-0.0038431952591644,0.0000000000000339,4.8320476995574442,3.0001428503472418,2.000000,-1.988806,-0.0111935372169,-1.9776125951938,0,3.8e-12
0.9971793253237355,0.0,-0.0001387470777418,0.0000000000000000,-0.0038435310889862,0.0000000000000026,4.8321476995574448,3.0001428455953998,2.000000,-1.988848,-0.0111523236113,-1.9776949838588,0,2.6e-12
0.9971794671128961,0.0,-0.0001412093367079,0.0000000000000000,-0.0038438669278654,-0.0000000000000025,4.8322476995574446,3.0001428408439232,2.000000,-1.988889,-0.0111110408561,-1.9777775074054,0,1.3e-12
0.9971796088979700,0.0,-0.0001436290282447,0.0000000000000000,-0.0038442027758041,0.0000000000000016,4.8323476995574444,3.0001428360928126,2.000000,-1.988930,-0.0110696893040,-1.9778601660972,0,1.2e-12
0.9971797506789580,0.0,-0.0001460082687171,0.0000000000000000,-0.0038445386328045,0.0000000000000004,4.8324476995574441,3.0001428313420679,2.000000,-1.988972,-0.0110282689218,-1.9779429598269,0,2.0e-12
0.9971798924558603,0.0,-0.0001483490044354,0.0000000000000000,-0.0038448744988658,-0.0000000000000007,4.8325476995574448,3.0001428265916887,2.000000,-1.989013,-0.0109867795964,-1.9780258882333,0,2.6e-12
0.9971800342286783,0.0,-0.0001506530302184,0.0000000000000000,-0.0038452103739931,0.0000000000000016,4.8326476995574446,3.0001428218416759,2.000000,-1.989055,-0.0109452212019,-1.9781089507943,0,1.1e-12
0.9971801759974124,0.0,-0.0001529220053994,0.0000000000000000,-0.0038455462581831,-0.0000000000000293,4.8327476995574443,3.0001428170920272,2.000000,-1.989096,-0.0109035943030,-1.9781921484842,0,4.9e-12
0.9971803177620643,0.0,-0.0001551574677138,0.0000000000000000,-0.0038458821514449,-0.0000000000000161,4.8328476995574441,3.0001428123427454,2.000000,-1.989138,-0.0108618980901,-1.9782754795047,0,2.3e-12
0.9971804595226335,0.0,-0.0001573608454421,0.0000000000000000,-0.0038462180537741,-0.0000000000000085,4.8329476995574447,3.0001428075938290,2.000000,-1.989180,-0.0108201333514,-1.9783589452287,0,2.1e-12
0.9971806012791221,0.0,-0.0001595334680194,0.0000000000000000,-0.0038465539651780,0.0000000000000009,4.8330476995574445,3.0001428028452777,2.000000,-1.989221,-0.0107782992498,-1.9784425438641,0,3.7e-12
0.9971807430315296,0.0,-0.0001616765753411,0.0000000000000000,-0.0038468898856494,0.0000000000000101,4.8331476995574443,3.0001427980970918,2.000000,-1.989263,-0.0107363970350,-1.9785262776360,0,4.3e-13
0.9971808847798576,0.0,-0.0001637913260050,0.0000000000000000,-0.0038472258151966,0.0000000000000161,4.8332476995574440,3.0001427933492715,2.000000,-1.989305,-0.0106944264562,-1.9786101458746,0,7.1e-12
0.9971810265241070,0.0,-0.0001658788045818,0.0000000000000000,-0.0038475617538225,0.0000000000000072,4.8333476995574447,3.0001427886018166,2.000000,-1.989347,-0.0106523858385,-1.9786941451372,0,3.2e-13
0.9971811682642782,0.0,-0.0001679400280623,0.0000000000000000,-0.0038478977015249,-0.0000000000000010,4.8334476995574445,3.0001427838547268,2.000000,-1.989389,-0.0106102773928,-1.9787782795916,0,2.5e-12
0.9971813100003718,0.0,-0.0001699759516275,0.0000000000000000,-0.0038482336583057,0.0000000000000126,4.8335476995574442,3.0001427791080029,2.000000,-1.989432,-0.0105681003044,-1.9788625473390,0,6.6e-12
0.9971814517323894,0.0,-0.0001719874737799,0.0000000000000000,-0.0038485696241701,-0.0000000000000014,4.8336476995574440,3.0001427743616431,2.000000,-1.989474,-0.0105258538509,-1.9789469468761,0,3.7e-12
0.9971815934603313,0.0,-0.0001739754409356,0.0000000000000000,-0.0038489055991185,0.0000000000000066,4.8337476995574447,3.0001427696156493,2.000000,-1.989516,-0.0104835388555,-1.9790314796281,0,6.8e-13
0.9971817351841981,0.0,-0.0001759406515742,0.0000000000000000,-0.0038492415831504,0.0000000000000398,4.8338476995574444,3.0001427648700210,2.000000,-1.989558,-0.0104411553824,-1.9791161456135,0,3.7e-12
0.9971819261913295,0.0,-0.0001785546577474,0.0000000000000000,-0.0038496944324149,0.0000000000000000,4.8339824782516860,3.0001427584745022,2.000000,-1.989616,-0.0103839233526,-1.9792304679680,0,3.6e-12
0.9971821206076329,0.0,-0.0001811761593782,0.0000000000000000,-0.0038501553992882,0.0000000000000000,4.8341196678919518,3.0001427519652597,2.000000,-1.989674,-0.0103255391290,-1.9793470815409,0,2.6e-12
0.9971823184818238,0.0,-0.0001838054556687,0.0000000000000000,-0.0038506246011461,0.0000000000000000,4.8342593031399508,3.0001427453406864,2.000000,-1.989734,-0.0102659818881,-1.9794660302589,0,4.6e-12
0.9971825198641047,0.0,-0.0001864428464848,0.0000000000000000,-0.0038511021589642,0.0000000000000000,4.8344014197173566,3.0001427385991235,2.000000,-1.989794,-0.0102052287141,-1.9795873564900,0,4.1e-12
0.9971827248061701,0.0,-0.0001890886322186,0.0000000000000000,-0.0038515881973282,0.0000000000000000,4.8345460544099197,3.0001427317388671,2.000000,-1.989856,-0.0101432568127,-1.9797111055168,0,2.5e-12
0.9971829333612132,0.0,-0.0001917431136673,0.0000000000000000,-0.0038520828444545,0.0000000000000000,4.8346932450723505,3.0001427247581596,1.999999,-1.989919,-0.0100800428026,-1.9798373244845,0,1.4e-12
0.9971831455839332,0.0,-0.0001944065919270,0.0000000000000000,-0.0038525862322089,0.0000000000000000,4.8348430306341035,3.0001427176551965,2.000000,-1.989984,-0.0100155625252,-1.9799660618381,0,2.1e-12
0.9971833615305437,0.0,-0.0001970793683073,0.0000000000000000,-0.0038530984961314,0.0000000000000000,4.8349954511058932,3.0001427104281237,2.000000,-1.990049,-0.0099497899976,-1.9800973653694,0,1.7e-12
0.9971835812587828,0.0,-0.0001997617442574,0.0000000000000000,-0.0038536197754637,0.0000000000000000,4.8351505475871077,3.0001427030750363,2.000000,-1.990116,-0.0098827001099,-1.9802312875587,0,3.2e-12
0.9971838048279235,0.0,-0.0002024540213031,0.0000000000000000,-0.0038541502131757,0.0000000000000000,4.8353083622740023,3.0001426955939792,1.999999,-1.990185,-0.0098142648122,-1.9803678782533,0,6.2e-13
0.9971840322987862,0.0,-0.0002051565010034,0.0000000000000000,-0.0038546899560017,0.0000000000000000,4.8354689384686003,3.0001426879829474,2.000000,-1.990255,-0.0097444580871,-1.9805071943433,0,2.9e-12
0.9971842637337507,0.0,-0.0002078694849085,0.0000000000000000,-0.0038552391544702,0.0000000000000000,4.8356323205885143,3.0001426802398834,2.000000,-1.990326,-0.0096732508000,-1.9806492898101,0,4.3e-12
0.9971844991967712,0.0,-0.0002105932745316,0.0000000000000000,-0.0038557979629446,0.0000000000000000,4.8357985541774795,3.0001426723626796,2.000000,-1.990398,-0.0096006131028,-1.9807942203181,0,3.0e-12
0.9971847387533916,0.0,-0.0002133281713345,0.0000000000000000,-0.0038563665396640,0.0000000000000000,4.8359676859165832,3.0001426643491764,2.000000,-1.990472,-0.0095265158686,-1.9809420467529,0,2.4e-12
0.9971849824707607,0.0,-0.0002160744767068,0.0000000000000000,-0.0038569450467819,0.0000000000000000,4.8361397636364556,3.0001426561971605,2.000000,-1.990548,-0.0094509277161,-1.9810928283121,0,1.6e-12
0.9971852304176501,0.0,-0.0002188324919681,0.0000000000000000,-0.0038575336504158,0.0000000000000000,4.8363148363299837,3.0001426479043669,1.999999,-1.990625,-0.0093738169062,-1.9812466275287,0,4.7e-13
0.9971854826644722,0.0,-0.0002216025183622,0.0000000000000000,-0.0038581325206923,0.0000000000000000,4.8364929541659851,3.0001426394684771,2.000000,-1.990703,-0.0092951510950,-1.9814035090346,0,3.6e-12
0.9971857392832999,0.0,-0.0002243848570676,0.0000000000000000,-0.0038587418318002,0.0000000000000000,4.8366741685034409,3.0001426308871166,2.000000,-1.990783,-0.0092148956495,-1.9815635366701,0,3.3e-12
0.9971860003478866,0.0,-0.0002271798092048,0.0000000000000000,-0.0038593617620408,0.0000000000000000,4.8368585319066222,3.0001426221578602,2.000000,-1.990865,-0.0091330160910,-1.9817267783961,0,1.7e-12
0.9971862659336873,0.0,-0.0002299876758501,0.0000000000000000,-0.0038599924938847,0.0000000000000000,4.8370460981608696,3.0001426132782227,2.000000,-1.990949,-0.0090494771719,-1.9818933041576,0,3.3e-12
0.9971865361178813,0.0,-0.0002328087580570,0.0000000000000000,-0.0038606342140326,0.0000000000000000,4.8372369222890486,3.0001426042456663,2.000000,-1.991034,-0.0089642419046,-1.9820631850113,0,3.4e-12
0.9971868109793949,0.0,-0.0002356433568715,0.0000000000000000,-0.0038612871134705,0.0000000000000000,4.8374310605688855,3.0001425950575946,2.000000,-1.991120,-0.0088772722959,-1.9822364933914,0,2.9e-12
0.9971870905989260,0.0,-0.0002384917733613,0.0000000000000000,-0.0038619513875382,0.0000000000000000,4.8376285705508382,3.0001425857113544,2.000000,-1.991209,-0.0087885297378,-1.9824133052187,0,2.5e-12
0.9971873750589696,0.0,-0.0002413543086385,0.0000000000000000,-0.0038626272359928,0.0000000000000000,4.8378295110768104,3.0001425762042340,2.000000,-1.991299,-0.0086979743129,-1.9825936975997,0,2.5e-12
0.9971876644438432,0.0,-0.0002442312638863,0.0000000000000000,-0.0038633148630769,0.0000000000000000,4.8380339422995515,3.0001425665334631,2.000000,-1.991392,-0.0086055647496,-1.9827777496553,0,1.7e-12
0.9971879588397145,0.0,-0.0002471229403914,0.0000000000000000,-0.0038640144775889,0.0000000000000000,4.8382419257026994,3.0001425566962121,2.000000,-1.991486,-0.0085112588599,-1.9829655430926,0,2.3e-12
0.9971882583346292,0.0,-0.0002500296395734,0.0000000000000000,-0.0038647262929597,0.0000000000000000,4.8384535241216264,3.0001425466895886,1.999997,-1.991582,-0.0084150131193,-1.9831571612527,0,1.6e-13
0.9971885630185404,0.0,-0.0002529516630136,0.0000000000000000,-0.0038654505273238,0.0000000000000000,4.8386688017649746,3.0001425365106402,2.000000,-1.991680,-0.0083167834717,-1.9833526916242,0,1.9e-12
0.9971888729833378,0.0,-0.0002558893124921,0.0000000000000000,-0.0038661874036003,0.0000000000000000,4.8388878242368376,3.0001425261563517,1.999996,-1.991780,-0.0082165230629,-1.9835522206757,0,1.6e-12
0.9971891883228797,0.0,-0.0002588428900185,0.0000000000000000,-0.0038669371495746,0.0000000000000000,4.8391106585597035,3.0001425156236432,2.000000,-1.991882,-0.0081141853529,-1.9837558405043,0,1.8e-12
0.9971895091330238,0.0,-0.0002618126978634,0.0000000000000000,-0.0038676999979795,0.0000000000000000,4.8393373731981510,3.0001425049093724,2.000000,-1.991986,-0.0080097213007,-1.9839636433417,0,8.9e-13
0.9971898355116608,0.0,-0.0002647990385967,0.0000000000000000,-0.0038684761865827,0.0000000000000000,4.8395680380831481,3.0001424940103303,2.000000,-1.992092,-0.0079030812059,-1.9841757254719,0,7.9e-13
0.9971901675587480,0.0,-0.0002678022151183,0.0000000000000000,-0.0038692659582757,0.0000000000000000,4.8398027246371758,3.0001424829232413,1.999995,-1.992201,-0.0077942134728,-1.9843921848109,0,9.5e-13
0.9971905053763437,0.0,-0.0002708225306906,0.0000000000000000,-0.0038700695611637,0.0000000000000000,4.8400415058000332,3.0001424716447631,2.000000,-1.992312,-0.0076830658884,-1.9846131233509,0,2.6e-12
0.9971908490686431,0.0,-0.0002738602889756,0.0000000000000000,-0.0038708872486605,0.0000000000000000,4.8402844560553184,3.0001424601714834,2.000000,-1.992425,-0.0075695833799,-1.9848386432934,0,3.0e-12
0.9971911987420154,0.0,-0.0002769157940662,0.0000000000000000,-0.0038717192795853,0.0000000000000000,4.8405316514577184,3.0001424484999215,1.999994,-1.992540,-0.0074537101421,-1.9850688512611,0,6.5e-13
0.9971915545050406,0.0,-0.0002799893505175,0.0000000000000000,-0.0038725659182592,0.0000000000000000,4.8407831696610124,3.0001424366265259,1.999994,-1.992658,-0.0073353893274,-1.9853038577419,0,1.3e-12
0.9971919164685487,0.0,-0.0002830812633818,0.0000000000000000,-0.0038734274346111,0.0000000000000000,4.8410390899467606,3.0001424245476711,1.999993,-1.992779,-0.0072145615625,-1.9855437744113,0,1.6e-12
0.9971922847456590,0.0,-0.0002861918382393,0.0000000000000000,-0.0038743041042784,0.0000000000000000,4.8412994932537829,3.0001424122596605,1.999993,-1.992902,-0.0070911656593,-1.9857887155813,0,6.9e-13
0.9971926594518206,0.0,-0.0002893213812261,0.0000000000000000,-0.0038751962087156,0.0000000000000000,4.8415644622084377,3.0001423997587215,1.999992,-1.993027,-0.0069651399701,-1.9860388015164,0,5.3e-13
0.9971930407048542,0.0,-0.0002924701990697,0.0000000000000000,-0.0038761040353057,0.0000000000000000,4.8418340811555316,3.0001423870410071,1.999992,-1.993155,-0.0068364200428,-1.9862941532612,0,2.6e-12
0.9971934286249945,0.0,-0.0002956385991145,0.0000000000000000,-0.0038770278774722,0.0000000000000000,4.8421084361901192,3.0001423741025919,1.999991,-1.993286,-0.0067049391812,-1.9865548945938,0,2.7e-12
0.9971938233349336,0.0,-0.0002988268893507,0.0000000000000000,-0.0038779680347938,0.0000000000000000,4.8423876151900345,3.0001423609394742,1.999991,-1.993420,-0.0065706294517,-1.9868211535904,0,2.9e-13
0.9971942090459921,0.0,-0.0003019089163380,0.0000000000000000,-0.0038788868991238,0.0000000000000000,4.8426604506062763,3.0001423480781719,1.999990,-1.993551,-0.0064388686101,-1.9870822702539,0,1.9e-12
0.9971945937035785,0.0,-0.0003049504831893,0.0000000000000000,-0.0038798033930257,0.0000000000000000,4.8429325618425016,3.0001423352536856,1.999989,-1.993682,-0.0063069625653,-1.9873435840932,0,4.8e-13
0.9971947642597095,0.0,-0.0003062891152485,0.0000000000000000,-0.0038802098084331,0.0000000000000000,4.8430532219363229,3.0001423295678813,1.999989,-1.993741,-0.0062483144824,-1.9874597402231,0,8.7e-14
0.9971949380563174,0.0,-0.0003076469842385,0.0000000000000000,-0.0038806239736448,0.0000000000000000,4.8431761787479228,3.0001423237743907,1.999989,-1.993800,-0.0061884501100,-1.9875782860459,0,6.2e-13
0.9971951151534371,0.0,-0.0003090242908810,0.0000000000000000,-0.0038810460333326,0.0000000000000000,4.8433014749916738,3.0001423178712328,1.999988,-1.993861,-0.0061273432767,-1.9876992734719,0,1.1e-12
0.9971952956122007,0.0,-0.0003104212366751,0.0000000000000000,-0.0038814761348542,0.0000000000000000,4.8434291541686711,3.0001423118563881,1.999988,-1.993923,-0.0060649663452,-1.9878227535721,0,7.7e-14
0.9971954794948583,0.0,-0.0003118380238921,0.0000000000000000,-0.0038819144283045,0.0000000000000000,4.8435592605819338,3.0001423057278034,1.999988,-1.993987,-0.0060012922152,-1.9879487811111,0,2.1e-12
0.9971956668647994,0.0,-0.0003132748555725,0.0000000000000000,-0.0038823610665713,0.0000000000000000,4.8436918393519024,3.0001422994833886,1.999987,-1.994051,-0.0059362921657,-1.9880774102986,0,1.4e-12
0.9971958577865742,0.0,-0.0003147319355238,0.0000000000000000,-0.0038828162053884,0.0000000000000000,4.8438269364322730,3.0001422931210140,1.999987,-1.994117,-0.0058699371540,-1.9882086971268,0,1.5e-12
0.9971960523259158,0.0,-0.0003162094683193,0.0000000000000000,-0.0038832800033923,0.0000000000000000,4.8439645986261866,3.0001422866385123,1.999987,-1.994185,-0.0058021973091,-1.9883426988954,0,1.8e-12
0.9971962505497637,0.0,-0.0003177076592973,0.0000000000000000,-0.0038837526221796,0.0000000000000000,4.8441048736027605,3.0001422800336779,1.999986,-1.994253,-0.0057330425274,-1.9884794750367,0,3.9e-12
0.9971964525262861,0.0,-0.0003192267145610,0.0000000000000000,-0.0038842342263660,0.0000000000000000,4.8442478099139912,3.0001422733042649,1.999986,-1.994324,-0.0056624406950,-1.9886190838707,0,1.9e-12
0.9971966583249038,0.0,-0.0003207668409788,0.0000000000000000,-0.0038847249836458,0.0000000000000000,4.8443934570120222,3.0001422664479849,1.999986,-1.994395,-0.0055903605391,-1.9887615883940,0,2.1e-12
0.9971968680163145,0.0,-0.0003223282461862,0.0000000000000000,-0.0038852250648536,0.0000000000000000,4.8445418652667884,3.0001422594625113,1.999985,-1.994468,-0.0055167689964,-1.9889070508754,0,1.7e-12
0.9971970816725176,0.0,-0.0003239111385882,0.0000000000000000,-0.0038857346440271,0.0000000000000000,4.8446930859840460,3.0001422523454733,1.999985,-1.994543,-0.0054416326513,-1.9890555361699,0,1.3e-12
0.9971972993668391,0.0,-0.0003255157273594,0.0000000000000000,-0.0038862538984702,0.0000000000000000,4.8448471714238206,3.0001422450944570,1.999984,-1.994619,-0.0053649169559,-1.9892071099925,0,2.2e-12
0.9971975211739571,0.0,-0.0003271422224513,0.0000000000000000,-0.0038867830088200,0.0000000000000000,4.8450041748192101,3.0001422377070059,1.999984,-1.994697,-0.0052865864502,-1.9893618394317,0,1.1e-12
0.9971977471699290,0.0,-0.0003287908345942,0.0000000000000000,-0.0038873221591128,0.0000000000000000,4.8451641503956369,3.0001422301806189,1.999983,-1.994777,-0.0052066051583,-1.9895197939625,0,1.0e-12
0.9971979774322177,0.0,-0.0003304617753023,0.0000000000000000,-0.0038878715368536,0.0000000000000000,4.8453271533905236,3.0001422225127468,1.999983,-1.994858,-0.0051249361035,-1.9896810445002,0,1.3e-12
0.9971982120397190,0.0,-0.0003321552568792,0.0000000000000000,-0.0038884313330853,0.0000000000000000,4.8454932400733783,3.0001422147007988,1.999982,-1.994941,-0.0050415411756,-1.9898456632436,0,1.3e-12
0.9971984510727897,0.0,-0.0003338714924248,0.0000000000000000,-0.0038890017424601,0.0000000000000000,4.8456624677663314,3.0001422067421322,1.999982,-1.995025,-0.0049563813997,-1.9900137242469,0,6.4e-13
0.9971986946132765,0.0,-0.0003356106958411,0.0000000000000000,-0.0038895829633140,0.0000000000000000,4.8458348948651180,3.0001421986340593,1.999981,-1.995112,-0.0048694169575,-1.9901853037164,0,6.0e-13
0.9971989427445449,0.0,-0.0003373730818401,0.0000000000000000,-0.0038901751977411,0.0000000000000000,4.8460105808605256,3.0001421903738428,1.999980,-1.995200,-0.0047806070801,-1.9903604797989,0,2.0e-12
0.9971991955515093,0.0,-0.0003391588659533,0.0000000000000000,-0.0038907786516699,0.0000000000000000,4.8461895863602873,3.0001421819586955,1.999980,-1.995290,-0.0046899089010,-1.9905393302427,0,4.2e-13
0.9971994531206628,0.0,-0.0003409682645364,0.0000000000000000,-0.0038913935349417,0.0000000000000000,4.8463719731115056,3.0001421733857776,1.999979,-1.995382,-0.0045972807842,-1.9907219395036,0,1.7e-12
0.9971997155401093,0.0,-0.0003428014947840,0.0000000000000000,-0.0038920200613909,0.0000000000000000,4.8465578040234849,3.0001421646522002,1.999978,-1.995476,-0.0045026777108,-1.9909083893913,0,2.0e-12
0.9971999828995947,0.0,-0.0003446587747354,0.0000000000000000,-0.0038926584489275,0.0000000000000000,4.8467471431911342,3.0001421557550199,1.999978,-1.995572,-0.0044060544932,-1.9910987657371,0,2.5e-12
0.9972002552905392,0.0,-0.0003465403232874,0.0000000000000000,-0.0038933089196197,0.0000000000000000,4.8469400559188323,3.0001421466912399,1.999977,-1.995670,-0.0043073645156,-1.9912931556253,0,1.5e-12
0.9972005328060710,0.0,-0.0003484463602032,0.0000000000000000,-0.0038939716997797,0.0000000000000000,4.8471366087448455,3.0001421374578094,1.999976,-1.995770,-0.0042065610024,-1.9914916508171,0,3.1e-12
0.9972008155410595,0.0,-0.0003503771061254,0.0000000000000000,-0.0038946470200526,0.0000000000000000,4.8473368694662433,3.0001421280516198,1.999975,-1.995872,-0.0041035938540,-1.9916943407610,0,3.7e-13
0.9972011035921501,0.0,-0.0003523327825871,0.0000000000000000,-0.0038953351155034,0.0000000000000000,4.8475409071643751,3.0001421184695074,1.999975,-1.995976,-0.0039984141179,-1.9919013221025,0,2.1e-13
0.9972013970577996,0.0,-0.0003543136120251,0.0000000000000000,-0.0038960362257104,0.0000000000000000,4.8477487922308828,3.0001421087082503,1.999974,-1.996083,-0.0038909700815,-1.9921126908817,0,2.6e-12
0.9972016960383120,0.0,-0.0003563198177904,0.0000000000000000,-0.0038967505948587,0.0000000000000000,4.8479605963942962,3.0001420987645657,1.999973,-1.996192,-0.0037812082681,-1.9923285447739,0,2.8e-13
0.9972020006358749,0.0,-0.0003583516241643,0.0000000000000000,-0.0038974784718347,0.0000000000000000,4.8481763927471704,3.0001420886351133,1.999972,-1.996303,-0.0036690752941,-1.9925489865886,0,1.1e-12
0.9972023109545981,0.0,-0.0003604092563695,0.0000000000000000,-0.0038982201103251,0.0000000000000000,4.8483962557738405,3.0001420783164887,1.999971,-1.996416,-0.0035545151302,-1.9927741195538,0,1.6e-12
0.9972026271005506,0.0,-0.0003624929405853,0.0000000000000000,-0.0038989757689161,0.0000000000000000,4.8486202613787386,3.0001420678052266,1.999970,-1.996532,-0.0034374711445,-1.9930040510026,0,1.8e-12
0.9972029491818001,0.0,-0.0003646029039582,0.0000000000000000,-0.0038997457111951,0.0000000000000000,4.8488484869153758,3.0001420570977979,1.999969,-1.996651,-0.0033178841905,-1.9932388888972,0,1.8e-12
0.9972032773084533,0.0,-0.0003667393746218,0.0000000000000000,-0.0039005302058568,0.0000000000000000,4.8490810112158487,3.0001420461906081,1.999968,-1.996772,-0.0031956945258,-1.9934787458849,0,9.8e-13
0.9972036115926960,0.0,-0.0003689025817058,0.0000000000000000,-0.0039013295268078,0.0000000000000000,4.8493179146210776,3.0001420350799952,1.999966,-1.996895,-0.0030708406749,-1.9937237371745,0,2.6e-12
0.9972039521488353,0.0,-0.0003710927553539,0.0000000000000000,-0.0039021439532781,0.0000000000000000,4.8495592790116175,3.0001420237622329,1.999965,-1.997022,-0.0029432587704,-1.9939739792784,0,1.3e-12
0.9972042990933410,0.0,-0.0003733101267356,0.0000000000000000,-0.0039029737699308,0.0000000000000000,4.8498051878391761,3.0001420122335234,1.999964,-1.997151,-0.0028128839860,-1.9942295933021,0,1.2e-12
0.9972046525448898,0.0,-0.0003755549280629,0.0000000000000000,-0.0039038192669767,0.0000000000000000,4.8500557261587547,3.0001420004899981,1.999962,-1.997283,-0.0026796495023,-1.9944907026162,0,1.8e-12
0.9972050126244087,0.0,-0.0003778273926040,0.0000000000000000,-0.0039046807402916,0.0000000000000000,4.8503109806615088,3.0001419885277216,1.999961,-1.997418,-0.0025434867299,-1.9947574338929,0,2.0e-12
0.9972053794551209,0.0,-0.0003801277546978,0.0000000000000000,-0.0039055584915347,0.0000000000000000,4.8505710397082842,3.0001419763426793,1.999960,-1.997555,-0.0024043251112,-1.9950299169679,0,1.3e-12
0.9972057456869017,0.0,-0.0003824098168044,0.0000000000000000,-0.0039064349365577,0.0000000000000000,4.8508306930073202,3.0001419641790621,1.999958,-1.997693,-0.0022649419523,-1.9953027084418,0,1.7e-12
0.9972060814750245,0.0,-0.0003844896292541,0.0000000000000000,-0.0039072386370004,0.0000000000000000,4.8510687787223166,3.0001419530279088,1.999957,-1.997820,-0.0021367515856,-1.9955534831047,0,6.8e-13
0.9972064236058710,0.0,-0.0003865965866169,0.0000000000000000,-0.0039080576282668,0.0000000000000000,4.8513113779339312,3.0001419416674411,1.999955,-1.997950,-0.0020057529252,-1.9958096420532,0,6.4e-13
0.9972067721977804,0.0,-0.0003887309345851,0.0000000000000000,-0.0039088921998733,0.0000000000000000,4.8515585754723958,3.0001419300938057,1.999954,-1.998082,-0.0018718785771,-1.9960713078274,0,7.1e-13
0.9972071273713283,0.0,-0.0003908929197676,0.0000000000000000,-0.0039097426469672,0.0000000000000000,4.8518104577937295,3.0001419183030755,1.999952,-1.998217,-0.0017350602705,-1.9963386077777,0,1.8e-12
0.9972074892493704,0.0,-0.0003930827896977,0.0000000000000000,-0.0039106092704423,0.0000000000000000,4.8520671130127893,3.0001419062912538,1.999951,-1.998355,-0.0015952270541,-1.9966116707231,0,4.4e-13
0.9972078505816496,0.0,-0.0003952565541634,0.0000000000000000,-0.0039114747105899,0.0000000000000000,4.8523233994809489,3.0001418942990359,1.999949,-1.998494,-0.0014551696100,-1.9968850417930,0,1.1e-12
0.9972082113757132,0.0,-0.0003974145255439,0.0000000000000000,-0.0039123389849561,0.0000000000000000,4.8525793224635336,3.0001418823261643,1.999947,-1.998632,-0.0013148874663,-1.9971587215109,0,1.6e-12
0.9972085716388959,0.0,-0.0003995570062497,0.0000000000000000,-0.0039132021105876,0.0000000000000000,4.8528348870767140,3.0001418703723899,1.999945,-1.998771,-0.0011743798291,-1.9974327096700,0,6.0e-13
0.9972089020075112,0.0,-0.0004015110558387,0.0000000000000000,-0.0039139937222617,0.0000000000000000,4.8530692609713446,3.0001418594118365,1.999944,-1.998899,-0.0010451531123,-1.9976845865777,0,9.3e-13
0.9972092386634532,0.0,-0.0004034919709884,0.0000000000000000,-0.0039148005056422,0.0000000000000000,4.8533081110189400,3.0001418482439690,1.999942,-1.999029,-0.0009130940181,-1.9979418675954,0,2.5e-12
0.9972095817246760,0.0,-0.0004055000134712,0.0000000000000000,-0.0039156227494935,0.0000000000000000,4.8535515217984226,3.0001418368649482,1.999940,-1.999162,-0.0007781351270,-1.9982046757785,0,9.5e-13
0.9972099313113563,0.0,-0.0004075354459520,0.0000000000000000,-0.0039164607481797,0.0000000000000000,4.8537995795052895,3.0001418252708620,1.999938,-1.999298,-0.0006402081921,-1.9984731391031,0,1.5e-12
0.9972102875459374,0.0,-0.0004095985319845,0.0000000000000000,-0.0039173148017810,0.0000000000000000,4.8540523719841504,3.0001418134577307,1.999936,-1.999437,-0.0004992414774,-1.9987473850650,0,2.9e-13
0.9972106505531741,0.0,-0.0004116895360067,0.0000000000000000,-0.0039181852162103,0.0000000000000000,4.8543099887619583,3.0001418014214973,1.999934,-1.999579,-0.0003551629133,-1.9990275477389,0,1.6e-12
0.9972110130610008,0.0,-0.0004137664468797,0.0000000000000000,-0.0039190545578375,0.0000000000000000,4.8545672695125290,3.0001417894033202,1.999932,-1.999722,-0.0002108474557,-1.9993080298262,0,1.8e-12
0.9972113455197027,0.0,-0.0004156614878506,0.0000000000000000,-0.0039198519472449,0.0000000000000000,4.8548032398093346,3.0001417783826749,1.999931,-1.999852,-0.0000781125202,-1.9995658790098,0,2.6e-12
0.9972116843337037,0.0,-0.0004175833312497,0.0000000000000000,-0.0039206646874500,0.0000000000000000,4.8550437368220081,3.0001417671526536,-1.999986,1.999929,0.0000575355862,-1.9998292628447,0,1.9e-12
0.9972120296226998,0.0,-0.0004195322500937,0.0000000000000000,-0.0039214930717835,0.0000000000000000,4.8552888464201081,3.0001417557093628,-2.000123,1.999926,0.0001961658163,-2.0000983075442,0,3.7e-13
0.9972123815086428,0.0,-0.0004215085183478,0.0000000000000000,-0.0039223373992647,0.0000000000000000,4.8555386561142999,3.0001417440488392,-2.000262,1.999924,0.0003378494169,-2.0003731419630,0,1.2e-12
0.9972127401157832,0.0,-0.0004235124109105,0.0000000000000000,-0.0039231979747204,0.0000000000000000,4.8557932550892229,3.0001417321670445,-2.000405,1.999922,0.0004826595761,-2.0006538974845,0,2.4e-13
0.9972130982607389,0.0,-0.0004255036644544,0.0000000000000000,-0.0039240575628661,0.0000000000000000,4.8560475438472315,3.0001417203020266,-2.000548,1.999920,0.0006277053188,-2.0009349675947,0,2.9e-12
0.9972134632494101,0.0,-0.0004275227740962,0.0000000000000000,-0.0039249337019850,0.0000000000000000,4.8563067101731754,3.0001417082117845,-2.000694,1.999918,0.0007759577055,-2.0012220993035,0,1.6e-12
0.9972138277706825,0.0,-0.0004295291708606,0.0000000000000000,-0.0039258088453882,0.0000000000000000,4.8565655631658835,3.0001416961385408,-2.000840,1.999915,0.0009244576228,-2.0015095582332,0,1.5e-12
0.9972141918298720,0.0,-0.0004315230635705,0.0000000000000000,-0.0039266830053816,0.0000000000000000,4.8568241065237139,3.0001416840821125,-2.000986,1.999913,0.0010732053087,-2.0017973433332,0,1.8e-12
0.9972145554321628,0.0,-0.0004335046553561,0.0000000000000000,-0.0039275561939610,0.0000000000000000,4.8570823438526656,3.0001416720423220,-2.001132,1.999910,0.0012222010782,-2.0020854534270,0,1.8e-12
0.9972149185826120,0.0,-0.0004354741438698,0.0000000000000000,-0.0039284284228258,0.0000000000000000,4.8573402786694748,3.0001416600189961,-2.001279,1.999908,0.0013714447422,-2.0023738882685,0,6.0e-13
0.9972152812861530,0.0,-0.0004374317214857,0.0000000000000000,-0.0039292997033848,0.0000000000000000,4.8575979144046393,3.0001416480119665,-2.001426,1.999905,0.0015209363842,-2.0026626469828,0,1.8e-12
0.9972156435476012,0.0,-0.0004393775754977,0.0000000000000000,-0.0039301700467706,0.0000000000000000,4.8578552544052398,3.0001416360210680,-2.001573,1.999903,0.0016706764632,-2.0029517278132,0,2.1e-12
0.9972160053716561,0.0,-0.0004413118883024,0.0000000000000000,-0.0039310394638450,0.0000000000000000,4.8581123019377026,3.0001416240461407,-2.001721,1.999900,0.0018206649446,-2.0032411299862,0,7.1e-13
0.9972163667629061,0.0,-0.0004432348375737,0.0000000000000000,-0.0039319079652092,0.0000000000000000,4.8583690601904372,3.0001416120870252,-2.001868,1.999897,0.0019709016848,-2.0035308527893,0,1.3e-13
0.9972167277258323,0.0,-0.0004451465964353,0.0000000000000000,-0.0039327755612117,0.0000000000000000,4.8586255322763341,3.0001416001435692,-2.002016,1.999895,0.0021213865717,-2.0038208953942,0,1.4e-12
0.9972170882648108,0.0,-0.0004470473336179,0.0000000000000000,-0.0039336422619582,0.0000000000000000,4.8588817212352131,3.0001415882156222,-2.002164,1.999892,0.0022721198568,-2.0041112562629,0,1.0e-12
0.9972174483841175,0.0,-0.0004489372136143,0.0000000000000000,-0.0039345080773170,0.0000000000000000,4.8591376300361313,3.0001415763030383,-2.002312,1.999889,0.0024231015250,-2.0044019340961,0,1.4e-12
0.9972175963702109,0.0,-0.0004497113546297,0.0000000000000000,-0.0039348639080498,0.0000000000000000,4.8592427974781245,3.0001415714081534,-2.002373,1.999888,0.0024852682152,-2.0045215733123,0,1.7e-12
0.9972177472968554,0.0,-0.0004504994020601,0.0000000000000000,-0.0039352268307688,0.0000000000000000,4.8593500577818913,3.0001415664162621,-2.002435,1.999887,0.0025487437919,-2.0046437029960,0,1.9e-12
0.9972179012221969,0.0,-0.0004513015795466,0.0000000000000000,-0.0039355969865756,0.0000000000000000,4.8594594524563890,3.0001415613254565,-2.002499,1.999885,0.0026135566830,-2.0047683777529,0,7.6e-13
0.9972180582055218,0.0,-0.0004521181134677,0.0000000000000000,-0.0039359745193741,0.0000000000000000,4.8595710238304672,3.0001415561337912,-2.002564,1.999884,0.0026797369852,-2.0048956511184,0,1.8e-12
0.9972182183072801,0.0,-0.0004529492329493,0.0000000000000000,-0.0039363595759285,0.0000000000000000,4.8596848150690191,3.0001415508392841,-2.002630,1.999883,0.0027473148420,-2.0050255793186,0,2.2e-12
0.9972183815891084,0.0,-0.0004537951698722,0.0000000000000000,-0.0039367523059214,0.0000000000000000,4.8598008701894591,3.0001415454399143,-2.002698,1.999881,0.0028163206756,-2.0051582208052,0,1.9e-12
0.9972185481138524,0.0,-0.0004546561588768,0.0000000000000000,-0.0039371528620117,0.0000000000000000,4.8599192340785260,3.0001415399336211,-2.002767,1.999880,0.0028867866414,-2.0052936332701,0,1.9e-12
0.9972187179455908,0.0,-0.0004555324373680,0.0000000000000000,-0.0039375613998936,0.0000000000000000,4.8600399525094229,3.0001415343183049,-2.002837,1.999879,0.0029587449746,-2.0054318770402,0,2.0e-12
0.9972188911496593,0.0,-0.0004564242455191,0.0000000000000000,-0.0039379780783584,0.0000000000000000,4.8601630721592963,3.0001415285918238,-2.002909,1.999877,0.0030322288219,-2.0055730135392,0,2.7e-12
0.9972190677926748,0.0,-0.0004573318262747,0.0000000000000000,-0.0039384030593548,0.0000000000000000,4.8602886406270605,3.0001415227519970,-2.002983,1.999876,0.0031072722531,-2.0057171056179,0,2.6e-12
0.9972192479425604,0.0,-0.0004582554253530,0.0000000000000000,-0.0039388365080537,0.0000000000000000,4.8604167064515806,3.0001415167965981,-2.003058,1.999874,0.0031839099271,-2.0058642177006,0,1.4e-12
0.9972194316685713,0.0,-0.0004591952912467,0.0000000000000000,-0.0039392785929123,0.0000000000000000,4.8605473191302142,3.0001415107233607,-2.003135,1.999873,0.0032621775583,-2.0060144154457,0,1.3e-12
0.9972196190413198,0.0,-0.0004601516752228,0.0000000000000000,-0.0039397294857393,0.0000000000000000,4.8606805291377251,3.0001415045299731,-2.003213,1.999871,0.0033421117217,-2.0061677658625,0,1.8e-12
0.9972198101328024,0.0,-0.0004611248313226,0.0000000000000000,-0.0039401893617623,0.0000000000000000,4.8608163879455724,3.0001414982140790,-2.003293,1.999869,0.0034237501083,-2.0063243373017,0,2.1e-12
0.9972200050164263,0.0,-0.0004621150163595,0.0000000000000000,-0.0039406583996973,0.0000000000000000,4.8609549480415835,3.0001414917732774,-2.003375,1.999868,0.0035071302753,-2.0064842016387,0,1.7e-12
0.9972202037670372,0.0,-0.0004631224899157,0.0000000000000000,-0.0039411367818174,0.0000000000000000,4.8610962629500225,3.0001414852051189,-2.003458,1.999866,0.0035922921050,-2.0066474295897,0,2.2e-12
0.9972204064609471,0.0,-0.0004641475143391,0.0000000000000000,-0.0039416246940244,0.0000000000000000,4.8612403872520566,3.0001414785071088,-2.003543,1.999864,0.0036792755344,-2.0068140954236,0,1.1e-12
0.9972206131759628,0.0,-0.0004651903547387,0.0000000000000000,-0.0039421223259233,0.0000000000000000,4.8613873766066327,3.0001414716767041,-2.003630,1.999862,0.0037681218521,-2.0069842743352,0,2.6e-12
0.9972208239914148,0.0,-0.0004662512789776,0.0000000000000000,-0.0039426298708944,0.0000000000000000,4.8615372877717702,3.0001414647113118,-2.003719,1.999860,0.0038588731147,-2.0071580438111,0,2.2e-12
0.9972210389881869,0.0,-0.0004673305576672,0.0000000000000000,-0.0039431475261705,0.0000000000000000,4.8616901786262812,3.0001414576082888,-2.003810,1.999858,0.0039515726699,-2.0073354826307,0,1.9e-12
0.9972212582487470,0.0,-0.0004684284641587,0.0000000000000000,-0.0039436754929143,0.0000000000000000,4.8618461081919246,3.0001414503649420,-2.003902,1.999856,0.0040462647742,-2.0075166716376,0,1.2e-12
0.9972214818571772,0.0,-0.0004695452745336,0.0000000000000000,-0.0039442139762976,0.0000000000000000,4.8620051366560046,3.0001414429785265,-2.003997,1.999854,0.0041429949546,-2.0077016933545,0,1.8e-12
0.9972217098992053,0.0,-0.0004706812675950,0.0000000000000000,-0.0039447631855818,0.0000000000000000,4.8621673253944202,3.0001414354462428,-2.004094,1.999852,0.0042418095815,-2.0078906328128,0,1.5e-12
0.9972219424622373,0.0,-0.0004718367248544,0.0000000000000000,-0.0039453233342001,0.0000000000000000,4.8623327369951799,3.0001414277652403,-2.004192,1.999850,0.0043427565324,-2.0080835763162,0,1.7e-12
0.9972221796353890,0.0,-0.0004730119305204,0.0000000000000000,-0.0039458946398424,0.0000000000000000,4.8625014352823843,3.0001414199326106,-2.004293,1.999847,0.0044458846738,-2.0082806125355,0,2.0e-12
0.9972224215095202,0.0,-0.0004742071714851,0.0000000000000000,-0.0039464773245405,0.0000000000000000,4.8626734853406930,3.0001414119453922,-2.004396,1.999845,0.0045512439792,-2.0084818324572,0,1.6e-12
0.9972226681772685,0.0,-0.0004754227373097,0.0000000000000000,-0.0039470716147565,0.0000000000000000,4.8628489535402828,3.0001414038005643,-2.004501,1.999843,0.0046588860094,-2.0086873287119,0,1.1e-12
0.9972229197330829,0.0,-0.0004766589202073,0.0000000000000000,-0.0039476777414718,0.0000000000000000,4.8630279075623069,3.0001413954950493,-2.004609,1.999840,0.0047688630900,-2.0088971971188,0,1.4e-12
0.9972231762732600,0.0,-0.0004779160150281,0.0000000000000000,-0.0039482959402784,0.0000000000000000,4.8632104164248640,3.0001413870257090,-2.004719,1.999837,0.0048812298949,-2.0091115335352,0,2.2e-12
0.9972234378959796,0.0,-0.0004791943192392,0.0000000000000000,-0.0039489264514725,0.0000000000000000,4.8633965505094938,3.0001413783893489,-2.004831,1.999835,0.0049960411003,-2.0093304392047,0,1.8e-12
0.9972237047013411,0.0,-0.0004804941329070,0.0000000000000000,-0.0039495695201504,0.0000000000000000,4.8635863815882017,3.0001413695827090,-2.004945,1.999832,0.0051133539340,-2.0095540150154,0,2.5e-12
0.9972239767914011,0.0,-0.0004818157586758,0.0000000000000000,-0.0039502253963044,0.0000000000000000,4.8637799828510335,3.0001413606024685,-2.005062,1.999829,0.0052332266286,-2.0097823655264,0,2.5e-12
0.9972242542702109,0.0,-0.0004831595017462,0.0000000000000000,-0.0039508943349232,0.0000000000000000,4.8639774289341986,3.0001413514452429,-2.005182,1.999826,0.0053557185737,-2.0100155983355,0,3.1e-12
0.9972245372438557,0.0,-0.0004845256698529,0.0000000000000000,-0.0039515765960929,0.0000000000000000,4.8641787959487646,3.0001413421075833,-2.005304,1.999823,0.0054808907997,-2.0102538232649,0,1.8e-12
0.9972248258204942,0.0,-0.0004859145732405,0.0000000000000000,-0.0039522724451013,0.0000000000000000,4.8643841615099301,3.0001413325859736,-2.005429,1.999820,0.0056088070673,-2.0104971504990,0,2.1e-12
0.9972251201103983,0.0,-0.0004873265246382,0.0000000000000000,-0.0039529821525419,0.0000000000000000,4.8645936047668892,3.0001413228768317,-2.005556,1.999817,0.0057395311794,-2.0107456961671,0,6.6e-13
0.9972254202259947,0.0,-0.0004887618392332,0.0000000000000000,-0.0039537059944242,0.0000000000000000,4.8648072064332961,3.0001413129765062,-2.005687,1.999814,0.0058731292531,-2.0109995776152,0,1.2e-12
0.9972257262819064,0.0,-0.0004902208346444,0.0000000000000000,-0.0039544442522822,0.0000000000000000,4.8650250488183460,3.0001413028812767,-2.005820,1.999810,0.0060096692106,-2.0112589149115,0,1.5e-12
0.9972260383949955,0.0,-0.0004917038308927,0.0000000000000000,-0.0039551972132875,0.0000000000000000,4.8652472158584867,3.0001412925873501,-2.005956,1.999807,0.0061492209454,-2.0115238306681,0,1.7e-12
0.9972263566844064,0.0,-0.0004932111503711,0.0000000000000000,-0.0039559651703647,0.0000000000000000,4.8654737931497696,3.0001412820908637,-2.006095,1.999803,0.0062918554588,-2.0117944518455,0,1.3e-12
0.9972266812716106,0.0,-0.0004947431178146,0.0000000000000000,-0.0039567484223087,0.0000000000000000,4.8657048679808508,3.0001412713878786,-2.006237,1.999799,0.0064376463714,-2.0120709068852,0,2.3e-12
0.9972270122804516,0.0,-0.0004963000602669,0.0000000000000000,-0.0039575472739039,0.0000000000000000,4.8659405293666689,3.0001412604743827,-2.006382,1.999795,0.0065866683440,-2.0123533289262,0,1.2e-12
0.9972273498371906,0.0,-0.0004978823070483,0.0000000000000000,-0.0039583620360480,0.0000000000000000,4.8661808680827949,3.0001412493462851,-2.006530,1.999791,0.0067389986431,-2.0126418532657,0,3.3e-13
0.9972276940705541,0.0,-0.0004994901897203,0.0000000000000000,-0.0039591930258763,0.0000000000000000,4.8664259767004836,3.0001412379994199,-2.006682,1.999787,0.0068947174575,-2.0129366166162,0,1.6e-12
0.9972280451117811,0.0,-0.0005011240420503,0.0000000000000000,-0.0039600405668896,0.0000000000000000,4.8666759496224339,3.0001412264295388,-2.006837,1.999783,0.0070539046802,-2.0132377637705,0,1.4e-12
0.9972284030946722,0.0,-0.0005027841999747,0.0000000000000000,-0.0039609049890846,0.0000000000000000,4.8669308831192728,3.0001412146323161,-2.006995,1.999778,0.0072166446552,-2.0135454383969,0,9.9e-13
0.9972287681556391,0.0,-0.0005044710015607,0.0000000000000000,-0.0039617866290877,0.0000000000000000,4.8671908753667763,3.0001412026033409,-2.007157,1.999774,0.0073830230918,-2.0138597892483,0,3.1e-12
0.9972291404337555,0.0,-0.0005061847869680,0.0000000000000000,-0.0039626858302909,0.0000000000000000,4.8674560264838496,3.0001411903381205,-2.007322,1.999769,0.0075531271444,-2.0141809704621,0,7.8e-13
0.9972295200708086,0.0,-0.0005079258984077,0.0000000000000000,-0.0039636029429910,0.0000000000000000,4.8677264385712729,3.0001411778320768,-2.007491,1.999764,0.0077270481710,-2.0145091362164,0,3.1e-12
0.9972299072113512,0.0,-0.0005096946801015,0.0000000000000000,-0.0039645383245310,0.0000000000000000,4.8680022157512379,3.0001411650805436,-2.007664,1.999759,0.0079048781209,-2.0148444479093,0,1.1e-12
0.9972303020027564,0.0,-0.0005114914782388,0.0000000000000000,-0.0039654923394471,0.0000000000000000,4.8682834642076811,3.0001411520787675,-2.007841,1.999754,0.0080867125191,-2.0151870687197,0,9.7e-13
0.9972307045952713,0.0,-0.0005133166409332,0.0000000000000000,-0.0039664653596152,0.0000000000000000,4.8685702922274370,3.0001411388219044,-2.008021,1.999748,0.0082726493156,-2.0155371661393,0,2.2e-12
0.9972311151420729,0.0,-0.0005151705181783,0.0000000000000000,-0.0039674577644027,0.0000000000000000,4.8688628102422271,3.0001411253050190,-2.008206,1.999743,0.0084627884337,-2.0158949129746,0,8.5e-13
0.9972315337993253,0.0,-0.0005170534618011,0.0000000000000000,-0.0039684699408244,0.0000000000000000,4.8691611308715030,3.0001411115230829,-2.008394,1.999737,0.0086572336789,-2.0162604837870,0,6.8e-13
0.9972319607262369,0.0,-0.0005189658254153,0.0000000000000000,-0.0039695022836998,0.0000000000000000,4.8694653689661545,3.0001410974709715,-2.008587,1.999731,0.0088560906768,-2.0166340594483,0,2.5e-12
0.9972323960851198,0.0,-0.0005209079643740,0.0000000000000000,-0.0039705551958145,0.0000000000000000,4.8697756416531064,3.0001410831434647,-2.008784,1.999725,0.0090594680009,-2.0170158250289,0,2.0e-12
0.9972328400414502,0.0,-0.0005228802357194,0.0000000000000000,-0.0039716290880859,0.0000000000000000,4.8700920683808224,3.0001410685352439,-2.008986,1.999718,0.0092674780389,-2.0174059683655,0,1.7e-12
0.9972332927639282,0.0,-0.0005248829981332,0.0000000000000000,-0.0039727243797313,0.0000000000000000,4.8704147709657324,3.0001410536408892,-2.009192,1.999712,0.0094802352673,-2.0178046836895,0,2.2e-12
0.9972337544245422,0.0,-0.0005269166118855,0.0000000000000000,-0.0039738414984412,0.0000000000000000,4.8707438736395998,3.0001410384548803,-2.009403,1.999705,0.0096978577280,-2.0182121692240,0,2.0e-12
0.9972342251986309,0.0,-0.0005289814387822,0.0000000000000000,-0.0039749808805542,0.0000000000000000,4.8710795030978522,3.0001410229715910,-2.009618,1.999698,0.0099204665331,-2.0186286282395,0,1.4e-12
0.9972347052649488,0.0,-0.0005310778421112,0.0000000000000000,-0.0039761429712380,0.0000000000000000,4.8714217885488944,3.0001410071852912,-2.009838,1.999690,0.0101481866237,-2.0190542679235,0,1.2e-12
0.9972351948057322,0.0,-0.0005332061865886,0.0000000000000000,-0.0039773282246728,0.0000000000000000,4.8717708617644204,3.0001409910901424,-2.010064,1.999683,0.0103811461925,-2.0194893006923,0,2.4e-12
0.9972356940067660,0.0,-0.0005353668383025,0.0000000000000000,-0.0039785371042395,0.0000000000000000,4.8721268571307457,3.0001409746801957,-2.010294,1.999675,0.0106194763324,-2.0199339456532,0,6.9e-13
0.9972362030574530,0.0,-0.0005375601646566,0.0000000000000000,-0.0039797700827119,0.0000000000000000,4.8724899117011864,3.0001409579493923,-2.010530,1.999666,0.0108633127162,-2.0203884251690,0,1.5e-12
0.9972367221508831,0.0,-0.0005397865343122,0.0000000000000000,-0.0039810276424520,0.0000000000000000,4.8728601652494952,3.0001409408915594,-2.010771,1.999658,0.0111127942108,-2.0208529679195,0,1.9e-12
0.9972372514839047,0.0,-0.0005420463171299,0.0000000000000000,-0.0039823102756124,0.0000000000000000,4.8732377603243870,3.0001409235004082,-2.011017,1.999649,0.0113680635148,-2.0213278084480,0,7.3e-13
0.9972377912571978,0.0,-0.0005443398841088,0.0000000000000000,-0.0039836184843405,0.0000000000000000,4.8736228423051688,3.0001409057695323,-2.011269,1.999640,0.0116292680824,-2.0218131849467,0,3.2e-12
0.9972383416753463,0.0,-0.0005466676073262,0.0000000000000000,-0.0039849527809867,0.0000000000000000,4.8740155594584955,3.0001408876924058,-2.011527,1.999630,0.0118965584800,-2.0223093436800,0,2.2e-12
0.9972389029469152,0.0,-0.0005490298598753,0.0000000000000000,-0.0039863136883214,0.0000000000000000,4.8744160629962821,3.0001408692623821,-2.011790,1.999620,0.0121700897098,-2.0228165363506,0,1.8e-12
0.9972394752845258,0.0,-0.0005514270158016,0.0000000000000000,-0.0039877017397520,0.0000000000000000,4.8748245071347887,3.0001408504726901,-2.012060,1.999610,0.0124500219283,-2.0233350186268,0,2.0e-12
0.9972400589049348,0.0,-0.0005538594500387,0.0000000000000000,-0.0039891174795473,0.0000000000000000,4.8752410491549014,3.0001408313164317,-2.012336,1.999599,0.0127365190452,-2.0238650542422,0,1.8e-12
0.9972406540291131,0.0,-0.0005563275383433,0.0000000000000000,-0.0039905614630665,0.0000000000000000,4.8756658494636369,3.0001408117865820,-2.012618,1.999588,0.0130297498511,-2.0244069123799,0,1.8e-12
0.9972412608823275,0.0,-0.0005588316572281,0.0000000000000000,-0.0039920342569931,0.0000000000000000,4.8760990716568937,3.0001407918759844,-2.012907,1.999577,0.0133298878321,-2.0249608686940,0,1.7e-12
0.9972418796942228,0.0,-0.0005613721838935,0.0000000000000000,-0.0039935364395731,0.0000000000000000,4.8765408825834786,3.0001407715773509,-2.013202,1.999565,0.0136371116526,-2.0255272049509,0,2.5e-12
0.9972425106989067,0.0,-0.0005639494961591,0.0000000000000000,-0.0039950686008619,0.0000000000000000,4.8769914524104214,3.0001407508832578,-2.013504,1.999552,0.0139516044591,-2.0261062105276,0,2.3e-12
0.9972431541350343,0.0,-0.0005665639723939,0.0000000000000000,-0.0039966313429711,0.0000000000000000,4.8774509546896230,3.0001407297861444,-2.013813,1.999539,0.0142735554147,-2.0266981799917,0,2.5e-12
0.9972438102458965,0.0,-0.0005692159914438,0.0000000000000000,-0.0039982252803271,0.0000000000000000,4.8779195664258452,3.0001407082783098,-2.014129,1.999526,0.0146031583368,-2.0273034161447,0,2.3e-12
0.9972444792795083,0.0,-0.0005719059325597,0.0000000000000000,-0.0039998510399301,0.0000000000000000,4.8783974681460824,3.0001406863519100,-2.014453,1.999512,0.0149406130213,-2.0279222279550,0,1.1e-12
0.9972451614886998,0.0,-0.0005746341753228,0.0000000000000000,-0.0040015092616231,0.0000000000000000,4.8788848439703312,3.0001406639989594,-2.014784,1.999498,0.0152861251226,-2.0285549312353,0,2.1e-12
0.9972458571312076,0.0,-0.0005774010995695,0.0000000000000000,-0.0040032005983636,0.0000000000000000,4.8793818816838002,3.0001406412113227,-2.015122,1.999482,0.0156399056026,-2.0292018499929,0,9.7e-13
0.9972465664697699,0.0,-0.0005802070853146,0.0000000000000000,-0.0040049257165052,0.0000000000000000,4.8798887728105731,3.0001406179807160,-2.015469,1.999467,0.0160021718239,-2.0298633151290,0,1.3e-12
0.9972472897722213,0.0,-0.0005830525126735,0.0000000000000000,-0.0040066852960802,0.0000000000000000,4.8804057126887646,3.0001405942987049,-2.015824,1.999451,0.0163731476579,-2.0305396642207,0,1.5e-12
0.9972480273115906,0.0,-0.0005859377617816,0.0000000000000000,-0.0040084800310953,0.0000000000000000,4.8809329005471946,3.0001405701566974,-2.016187,1.999434,0.0167530629243,-2.0312312436347,0,2.1e-12
0.9972487793661995,0.0,-0.0005888632127140,0.0000000000000000,-0.0040103106298280,0.0000000000000000,4.8814705395836144,3.0001405455459471,-2.016558,1.999416,0.0171421543503,-2.0319384067659,0,7.5e-13
0.9972495462197647,0.0,-0.0005918292454025,0.0000000000000000,-0.0040121778151342,0.0000000000000000,4.8820188370445079,3.0001405204575464,-2.016938,1.999398,0.0175406654120,-2.0326615149552,0,1.6e-12
0.9972503281614995,0.0,-0.0005948362395510,0.0000000000000000,-0.0040140823247593,0.0000000000000000,4.8825780043065121,3.0001404948824248,-2.017327,1.999379,0.0179488466227,-2.0334009374414,0,1.2e-12
0.9972511254862196,0.0,-0.0005978845745503,0.0000000000000000,-0.0040160249116594,0.0000000000000000,4.8831482569594717,3.0001404688113489,-2.017726,1.999359,0.0183669558428,-2.0341570514212,0,9.2e-13
0.9972519384944493,0.0,-0.0006009746293894,0.0000000000000000,-0.0040180063443280,0.0000000000000000,4.8837298148911819,3.0001404422349145,-2.018133,1.999338,0.0187952584316,-2.0349302420817,0,2.4e-12
0.9972527674925297,0.0,-0.0006041067825667,0.0000000000000000,-0.0040200274071307,0.0000000000000000,4.8843229023738282,3.0001404151435498,-2.018550,1.999316,0.0192340269233,-2.0357209036705,0,9.3e-13
0.9972536127927303,0.0,-0.0006072814119984,0.0000000000000000,-0.0040220889006482,0.0000000000000000,4.8849277481521813,3.0001403875275070,-2.018977,1.999294,0.0196835427100,-2.0365294370771,0,2.1e-12
0.9972544747133606,0.0,-0.0006104988949249,0.0000000000000000,-0.0040241916420266,0.0000000000000000,4.8855445855335624,3.0001403593768634,-2.019415,1.999271,0.0201440942355,-2.0373562536301,0,1.7e-12
0.9972553535788853,0.0,-0.0006137596078158,0.0000000000000000,-0.0040263364653363,0.0000000000000000,4.8861736524796244,3.0001403306815173,-2.019862,1.999246,0.0206159790307,-2.0382017718898,0,8.9e-13
0.9972562497200409,0.0,-0.0006170639262726,0.0000000000000000,-0.0040285242219380,0.0000000000000000,4.8868151916999842,3.0001403014311849,-2.020320,1.999221,0.0210995034406,-2.0390664183182,0,1.6e-12
0.9972571634739541,0.0,-0.0006204122249286,0.0000000000000000,-0.0040307557808586,0.0000000000000000,4.8874694507477390,3.0001402716153978,-2.020789,1.999194,0.0215949820277,-2.0399506295980,0,7.8e-13
0.9972580951842632,0.0,-0.0006238048773472,0.0000000000000000,-0.0040330320291772,0.0000000000000000,4.8881366821169072,3.0001402412234990,-2.021270,1.999167,0.0221027388629,-2.0408548500968,0,3.5e-13
0.9972590452012411,0.0,-0.0006272422559177,0.0000000000000000,-0.0040353538724159,0.0000000000000000,4.8888171433418295,3.0001402102446404,-2.021761,1.999138,0.0226231078947,-2.0417795319700,0,1.5e-12
0.9972600138819203,0.0,-0.0006307247317487,0.0000000000000000,-0.0040377222349440,0.0000000000000000,4.8895110970985733,3.0001401786677819,-2.022264,1.999108,0.0231564317049,-2.0427251383075,0,2.0e-12
0.9972610015902207,0.0,-0.0006342526745582,0.0000000000000000,-0.0040401380603890,0.0000000000000000,4.8902188113083760,3.0001401464816855,-2.022780,1.999077,0.0237030635938,-2.0436921392075,0,1.1e-12
0.9972620086970794,0.0,-0.0006378264525623,0.0000000000000000,-0.0040426023120602,0.0000000000000000,4.8909405592431661,3.0001401136749126,-2.023308,1.999044,0.0242633672278,-2.0446810134480,0,1.0e-12
0.9972630355805826,0.0,-0.0006414464323595,0.0000000000000000,-0.0040451159733789,0.0000000000000000,4.8916766196332100,3.0001400802358242,-2.023848,1.999010,0.0248377162854,-2.0456922491611,0,2.0e-13
0.9972640826261008,0.0,-0.0006451129788144,0.0000000000000000,-0.0040476800483215,0.0000000000000000,4.8924272767769228,3.0001400461525720,-2.024401,1.998975,0.0254264958874,-2.0467263421882,0,4.5e-13
0.9972651502264244,0.0,-0.0006488264549347,0.0000000000000000,-0.0040502955618720,0.0000000000000000,4.8931928206528825,3.0001400114131003,-2.024968,1.998938,0.0260301019753,-2.0477837975657,0,4.3e-13
0.9972662387819039,0.0,-0.0006525872217496,0.0000000000000000,-0.0040529635604851,0.0000000000000000,4.8939735470340970,3.0001399760051410,-2.025548,1.998899,0.0266489418806,-2.0488651288490,0,2.7e-13
0.9972673487005920,0.0,-0.0006563956381808,0.0000000000000000,-0.0040556851125629,0.0000000000000000,4.8947697576045668,3.0001399399162096,-2.026142,1.998858,0.0272834350333,-2.0499708572944,0,6.5e-13
0.9972684803983864,0.0,-0.0006602520609123,0.0000000000000000,-0.0040584613089387,0.0000000000000000,4.8955817600781870,3.0001399031336033,-2.026750,1.998816,0.0279340127971,-2.0511015127503,0,9.6e-13
0.9972696342991784,0.0,-0.0006641568442564,0.0000000000000000,-0.0040612932633770,0.0000000000000000,4.8964098683200374,3.0001398656443978,-2.027373,1.998772,0.0286011193354,-2.0522576323455,0,2.0e-12
0.9972708108350006,0.0,-0.0006681103400153,0.0000000000000000,-0.0040641821130824,0.0000000000000000,4.8972544024701063,3.0001398274354423,-2.028011,1.998726,0.0292852106808,-2.0534397629906,0,5.9e-13
0.9972720104461801,0.0,-0.0006721128973387,0.0000000000000000,-0.0040671290192237,0.0000000000000000,4.8981156890694972,3.0001397884933585,-2.028665,1.998678,0.0299867574317,-2.0546484560245,0,9.0e-13
0.9972732335814927,0.0,-0.0006761648625785,0.0000000000000000,-0.0040701351674684,0.0000000000000000,4.8989940611891658,3.0001397488045360,-2.029334,1.998628,0.0307062424876,-2.0558842728497,0,1.3e-12
0.9972744806983201,0.0,-0.0006802665791378,0.0000000000000000,-0.0040732017685316,0.0000000000000000,4.8998898585612451,3.0001397083551273,-2.030020,1.998576,0.0314441635895,-2.0571477794669,0,1.7e-12
0.9972757522628108,0.0,-0.0006844183873164,0.0000000000000000,-0.0040763300587385,0.0000000000000000,4.9008034277129964,3.0001396671310507,-2.030722,1.998521,0.0322010316297,-2.0584395508752,0,1.0e-12
0.9972770487500420,0.0,-0.0006886206241520,0.0000000000000000,-0.0040795213006008,0.0000000000000000,4.9017351221034504,3.0001396251179764,-2.031441,1.998463,0.0329773729338,-2.0597601665584,0,1.1e-12
0.9972783706441859,0.0,-0.0006928736232546,0.0000000000000000,-0.0040827767834071,0.0000000000000000,4.9026853022627863,3.0001395823013355,-2.032177,1.998404,0.0337737288874,-2.0611102114401,0,1.7e-13
0.9972797184386788,0.0,-0.0006971777146392,0.0000000000000000,-0.0040860978238290,0.0000000000000000,4.9036543359345037,3.0001395386663066,-2.032932,1.998341,0.0345906554442,-2.0624902772912,0,5.1e-13
0.9972810926363918,0.0,-0.0007015332245503,0.0000000000000000,-0.0040894857665406,0.0000000000000000,4.9046425982204465,3.0001394941978172,-2.033704,1.998275,0.0354287251605,-2.0639009588205,0,9.7e-13
0.9972824937498058,0.0,-0.0007059404752824,0.0000000000000000,-0.0040929419848561,0.0000000000000000,4.9056504717287268,3.0001394488805397,-2.034495,1.998207,0.0362885263411,-2.0653428554988,0,1.7e-12
0.9972839223011900,0.0,-0.0007103997849954,0.0000000000000000,-0.0040964678813822,0.0000000000000000,4.9066783467246182,3.0001394026988861,-2.035306,1.998135,0.0371706636399,-2.0668165702547,0,1.3e-12
0.9972853788227809,0.0,-0.0007149114675227,0.0000000000000000,-0.0041000648886874,0.0000000000000000,4.9077266212844659,3.0001393556370095,-2.036136,1.998060,0.0380757587567,-2.0683227086235,0,6.4e-13
0.9972868638569674,0.0,-0.0007194758321740,0.0000000000000000,-0.0041037344699882,0.0000000000000000,4.9087957014526848,3.0001393076787926,-2.036986,1.997982,0.0390044513903,-2.0698618758820,0,1.1e-12
0.9972883779564780,0.0,-0.0007240931835329,0.0000000000000000,-0.0041074781198536,0.0000000000000000,4.9098860014018948,3.0001392588078524,-2.037857,1.997900,0.0399573974325,-2.0714346817074,0,1.1e-12
0.9972899216845696,0.0,-0.0007287638212459,0.0000000000000000,-0.0041112973649266,0.0000000000000000,4.9109979435962661,3.0001392090075316,-2.038749,1.997814,0.0409352726969,-2.0730417311755,0,1.7e-12
0.9972914956152235,0.0,-0.0007334880398063,0.0000000000000000,-0.0041151937646677,0.0000000000000000,4.9121319589581347,3.0001391582608981,-2.039663,1.997724,0.0419387699998,-2.0746836313471,0,1.6e-12
0.9972931003333398,0.0,-0.0007382661283303,0.0000000000000000,-0.0041191689121138,0.0000000000000000,4.9132884870379527,3.0001391065507397,-2.040599,1.997630,0.0429686018974,-2.0763609847523,0,1.4e-12
0.9972947364349400,0.0,-0.0007430983703255,0.0000000000000000,-0.0041232244346590,0.0000000000000000,4.9144679761876366,3.0001390538595611,-2.041557,1.997531,0.0440254998740,-2.0780743904670,0,1.2e-12
0.9972964045273692,0.0,-0.0007479850434530,0.0000000000000000,-0.0041273619948570,0.0000000000000000,4.9156708837373895,3.0001390001695811,-2.042539,1.997428,0.0451102151640,-2.0798244421673,0,4.3e-13
0.9972981052295047,0.0,-0.0007529264192810,0.0000000000000000,-0.0041315832912435,0.0000000000000000,4.9168976761760579,3.0001389454627279,-2.043544,1.997320,0.0462235194411,-2.0816117253826,0,9.0e-13
0.9972998391719663,0.0,-0.0007579227630293,0.0000000000000000,-0.0041358900591805,0.0000000000000000,4.9181488293350988,3.0001388897206382,-2.044573,1.997207,0.0473662036480,-2.0834368194035,0,2.8e-13
0.9973016069973313,0.0,-0.0007629743333072,0.0000000000000000,-0.0041402840717256,0.0000000000000000,4.9194248285762274,3.0001388329246517,-2.045628,1.997089,0.0485390811081,-2.0853002892276,0,7.7e-13
0.9973034093603529,0.0,-0.0007680813818412,0.0000000000000000,-0.0041447671405215,0.0000000000000000,4.9207261689828181,3.0001387750558073,-2.046708,1.996965,0.0497429848974,-2.0872026902496,0,5.3e-13
0.9973052469281828,0.0,-0.0007732441531946,0.0000000000000000,-0.0041493411167128,0.0000000000000000,4.9220533555551329,3.0001387160948432,-2.047813,1.996835,0.0509787699338,-2.0891445619238,0,3.6e-13
0.9973071203805968,0.0,-0.0007784628844770,0.0000000000000000,-0.0041540078918849,0.0000000000000000,4.9234069034094583,3.0001386560221879,-2.048946,1.996698,0.0522473136415,-2.0911264248746,0,1.6e-12
0.9973090304102251,0.0,-0.0007837378050443,0.0000000000000000,-0.0041587693990338,0.0000000000000000,4.9247873379812201,3.0001385948179640,-2.050105,1.996556,0.0535495138629,-2.0931487834462,0,5.7e-13
0.9973109777227869,0.0,-0.0007890691361890,0.0000000000000000,-0.0041636276135569,0.0000000000000000,4.9261951952321636,3.0001385324619783,-2.051292,1.996406,0.0548862928172,-2.0952121148985,0,1.7e-12
0.9973129630373283,0.0,-0.0007944570908196,0.0000000000000000,-0.0041685845542755,0.0000000000000000,4.9276310218616777,3.0001384689337236,-2.052508,1.996249,0.0562585931326,-2.0973168755359,0,9.3e-13
0.9973149870864650,0.0,-0.0007999018731293,0.0000000000000000,-0.0041736422844857,0.0000000000000000,4.9290953755223406,3.0001384042123731,-2.053752,1.996085,0.0576673822247,-2.0994634885876,0,1.0e-13
0.9973170506166291,0.0,-0.0008054036782541,0.0000000000000000,-0.0041788029130377,0.0000000000000000,4.9305888250397780,3.0001383382767774,-2.055026,1.995912,0.0591136490779,-2.1016523479549,0,2.5e-13
0.9973191543883203,0.0,-0.0008109626919178,0.0000000000000000,-0.0041840685954468,0.0000000000000000,4.9321119506369175,3.0001382711054618,-2.056330,1.995732,0.0605984064365,-2.1038838101570,0,1.4e-12
0.9973212991763615,0.0,-0.0008165790900673,0.0000000000000000,-0.0041894415350362,0.0000000000000000,4.9336653441627254,3.0001382026766241,-2.057665,1.995542,0.0621226896519,-2.1061581930964,0,5.1e-13
0.9973234857701606,0.0,-0.0008222530384952,0.0000000000000000,-0.0041949239841169,0.0000000000000000,4.9352496093255134,3.0001381329681296,-2.059031,1.995344,0.0636875580727,-2.1084757687130,0,1.0e-12
0.9973257149739716,0.0,-0.0008279846924419,0.0000000000000000,-0.0042005182451881,0.0000000000000000,4.9368653619309200,3.0001380619575118,-2.060430,1.995136,0.0652940941150,-2.1108367603618,0,1.1e-12
0.9973279876071697,0.0,-0.0008337741962020,0.0000000000000000,-0.0042062266721968,0.0000000000000000,4.9385132301246308,3.0001379896219662,-2.061861,1.994917,0.0669434027768,-2.1132413392653,0,1.1e-12
0.9973303045045224,0.0,-0.0008396216826987,0.0000000000000000,-0.0042120516718112,0.0000000000000000,4.9401938546399649,3.0001379159383479,-2.063325,1.994688,0.0686366129400,-2.1156896154017,0,6.7e-13
0.9973326665164716,0.0,-0.0008455272730543,0.0000000000000000,-0.0042179957047489,0.0000000000000000,4.9419078890504045,3.0001378408831720,-2.064823,1.994448,0.0703748759966,-2.1181816347695,0,6.1e-13
0.9973350745094162,0.0,-0.0008514910761416,0.0000000000000000,-0.0042240612871312,0.0000000000000000,4.9436560000271719,3.0001377644326079,-2.066355,1.994196,0.0721593661420,-2.1207173721042,0,8.3e-13
0.9973375293660048,0.0,-0.0008575131881232,0.0000000000000000,-0.0042302509918927,0.0000000000000000,4.9454388676019514,3.0001376865624776,-2.067923,1.993932,0.0739912792988,-2.1232967257553,0,1.4e-12
0.9973400319854305,0.0,-0.0008635936919733,0.0000000000000000,-0.0042365674502234,0.0000000000000000,4.9472571854348635,3.0001376072482540,-2.069526,1.993654,0.0758718338975,-2.1259195080694,0,2.0e-12
0.9973425832837324,0.0,-0.0008697326569833,0.0000000000000000,-0.0042430133530600,0.0000000000000000,4.9491116610877945,3.0001375264650587,-2.071166,1.993363,0.0778022689553,-2.1285854408696,0,8.5e-13
0.9973451841941030,0.0,-0.0008759301382517,0.0000000000000000,-0.0042495914526239,0.0000000000000000,4.9510030163031820,3.0001374441876596,-2.072842,1.993058,0.0797838444809,-2.1312941449767,0,1.8e-12
0.9973478356672013,0.0,-0.0008821861761552,0.0000000000000000,-0.0042563045640056,0.0000000000000000,4.9529319872883741,3.0001373603904682,-2.074556,1.992738,0.0818178399978,-2.1340451334536,0,1.6e-12
0.9973505386714723,0.0,-0.0008885007958030,0.0000000000000000,-0.0042631555668007,0.0000000000000000,4.9548993250056688,3.0001372750475390,-2.076307,1.992402,0.0839055536537,-2.1368378018316,0,1.6e-12
0.9973532941934722,0.0,-0.0008948740064722,0.0000000000000000,-0.0042701474067974,0.0000000000000000,4.9569057954681437,3.0001371881325656,-2.078097,1.992049,0.0860483017990,-2.1396714175057,0,1.4e-12
0.9973561032382012,0.0,-0.0009013058010234,0.0000000000000000,-0.0042772830977205,0.0000000000000000,4.9589521800413952,3.0001370996188834,-2.079926,1.991679,0.0882474165548,-2.1425451115274,0,1.8e-12
0.9973589668294418,0.0,-0.0009077961552978,0.0000000000000000,-0.0042845657230293,0.0000000000000000,4.9610392757513067,3.0001370094794617,-2.081795,1.991290,0.0905042452133,-2.1454578655691,0,5.4e-13
0.9973618860101049,0.0,-0.0009143450274922,0.0000000000000000,-0.0042919984377768,0.0000000000000000,4.9631678955979561,3.0001369176869086,-2.083703,1.990883,0.0928201482211,-2.1484085011756,0,6.8e-13
0.9973648618425826,0.0,-0.0009209523575140,0.0000000000000000,-0.0042995844705303,0.0000000000000000,4.9653388688757989,3.0001368242134672,-2.085652,1.990455,0.0951964981478,-2.1513956651510,0,4.5e-13
0.9973678954091086,0.0,-0.0009276180663132,0.0000000000000000,-0.0043073271253556,0.0000000000000000,4.9675530415002340,3.0001367290310124,-2.087641,1.990006,0.0976346757333,-2.1544178204359,0,6.7e-13
0.9973709878121274,0.0,-0.0009343420551930,0.0000000000000000,-0.0043152297838700,0.0000000000000000,4.9698112763406979,3.0001366321110536,-2.089671,1.989535,0.1001360692363,-2.1574732278365,0,4.0e-13
0.9973741401746686,0.0,-0.0009411242050948,0.0000000000000000,-0.0043232959073639,0.0000000000000000,4.9721144535603994,3.0001365334247336,-2.091742,1.989040,0.1027020709718,-2.1605599325170,0,8.1e-13
0.9973773536407329,0.0,-0.0009479643758616,0.0000000000000000,-0.0043315290389962,0.0000000000000000,4.9744634709628395,3.0001364329428251,-2.093855,1.988521,0.1053340743153,-2.1636757483683,0,8.6e-13
0.9973806293756848,0.0,-0.0009548624054736,0.0000000000000000,-0.0043399328060682,0.0000000000000000,4.9768592443452420,3.0001363306357338,-2.096010,1.987976,0.1080334711420,-2.1668182387639,0,1.1e-12
0.9973839685666547,0.0,-0.0009618181092591,0.0000000000000000,-0.0043485109223742,0.0000000000000000,4.9793027078590413,3.0001362264734981,-2.098206,1.987405,0.1108016470650,-2.1699847010992,0,1.0e-12
0.9973873724229502,0.0,-0.0009688312790785,0.0000000000000000,-0.0043572671906402,0.0000000000000000,4.9817948143775537,3.0001361204257870,-2.100444,1.986804,0.1136399782017,-2.1731721453397,0,2.4e-12
0.9973908421764776,0.0,-0.0009759016824796,0.0000000000000000,-0.0043662055050464,0.0000000000000000,4.9843365358709892,3.0001360124619021,-2.102724,1.986174,0.1165498259020,-2.1763772753187,0,4.2e-13
0.9973943790821737,0.0,-0.0009830290618241,0.0000000000000000,-0.0043753298538461,0.0000000000000000,4.9869288637889415,3.0001359025507774,-2.105046,1.985513,0.1195325334007,-2.1795964633429,0,1.3e-12
0.9973979844184472,0.0,-0.0009902131333848,0.0000000000000000,-0.0043846443220762,0.0000000000000000,4.9895728094505003,3.0001357906609827,-2.107409,1.984819,0.1225894177680,-2.1828257328024,0,1.1e-12
0.9974016594876330,0.0,-0.0009974535864106,0.0000000000000000,-0.0043941530943737,0.0000000000000000,4.9922694044421476,3.0001356767607206,-2.109813,1.984091,0.1257217658837,-2.1860607293428,0,2.8e-13
0.9974054056164564,0.0,-0.0010047500821603,0.0000000000000000,-0.0044038604578949,0.0000000000000000,4.9950197010235824,3.0001355608178324,-2.112258,1.983327,0.1289308279215,-2.1892966942608,0,2.0e-13
0.9974092241565110,0.0,-0.0010121022529023,0.0000000000000000,-0.0044137708053479,0.0000000000000000,4.9978247725416374,3.0001354427997948,-2.114742,1.982525,0.1322178085548,-2.1925284408823,0,1.9e-13
0.9974131164847485,0.0,-0.0010195097008800,0.0000000000000000,-0.0044238886381419,0.0000000000000000,5.0006857138524410,3.0001353226737275,-2.117267,1.981683,0.1355838603524,-2.1957503222108,0,1.4e-12
0.9974170840039830,0.0,-0.0010269719972406,0.0000000000000000,-0.0044342185696588,0.0000000000000000,5.0036036417519938,3.0001352004063913,-2.119829,1.980799,0.1390300741309,-2.1989562023831,0,6.8e-13
0.9974211281434084,0.0,-0.0010344886809279,0.0000000000000000,-0.0044447653286557,0.0000000000000000,5.0065796954153265,3.0001350759641907,-2.122430,1.979872,0.1425574706623,-2.2021394207207,0,1.5e-13
0.9974252503591323,0.0,-0.0010420592575346,0.0000000000000000,-0.0044555337628020,0.0000000000000000,5.0096150368444023,3.0001349493131797,-2.125066,1.978899,0.1461669889743,-2.2052927608924,0,4.0e-13
0.9974294521347243,0.0,-0.0010496831981160,0.0000000000000000,-0.0044665288423629,0.0000000000000000,5.0127108513249423,3.0001348204190643,-2.127738,1.977879,0.1498594753040,-2.2084084134401,0,2.4e-13
0.9974337349817822,0.0,-0.0010573599379608,0.0000000000000000,-0.0044777556640299,0.0000000000000000,5.0158683478923498,3.0001346892472025,-2.130444,1.976808,0.1536356715501,-2.2114779353271,0,6.6e-13
0.9974381004405150,0.0,-0.0010650888753189,0.0000000000000000,-0.0044892194549151,0.0000000000000000,5.0190887598069169,3.0001345557626138,-2.133181,1.975685,0.1574962004998,-2.2144922125354,0,1.0e-12
0.9974425500803459,0.0,-0.0010728693700840,0.0000000000000000,-0.0045009255767119,0.0000000000000000,5.0223733450384875,3.0001344199299775,-2.135948,1.974506,0.1614415527278,-2.2174414129709,0,1.9e-12
0.9974470855005337,0.0,-0.0010807007424288,0.0000000000000000,-0.0045128795300329,0.0000000000000000,5.0257233867607773,3.0001342817136423,-2.138742,1.973270,0.1654720676182,-2.2203149491040,0,1.2e-12
0.9974517083308170,0.0,-0.0010885822713919,0.0000000000000000,-0.0045250869589375,0.0000000000000000,5.0291401938555325,3.0001341410776310,-2.141561,1.971973,0.1695879201151,-2.2231014196939,0,7.7e-13
0.9974564202320790,0.0,-0.0010965131934130,0.0000000000000000,-0.0045375536556576,0.0000000000000000,5.0326251014267296,3.0001339979856412,-2.144403,1.970613,0.1737890985274,-2.2257885681164,0,6.6e-13
0.9974612228970382,0.0,-0.0011044927008156,0.0000000000000000,-0.0045502855655333,0.0000000000000000,5.0361794713250116,3.0001338524010563,-2.147263,1.969187,0.1780753845862,-2.2283632281105,0,1.5e-13
0.9974661180509626,0.0,-0.0011125199402336,0.0000000000000000,-0.0045632887921720,0.0000000000000000,5.0398046926825693,3.0001337042869496,-2.150139,1.967692,0.1824463320253,-2.2308112658665,0,1.1e-12
0.9974711074524130,0.0,-0.0011205940109812,0.0000000000000000,-0.0045765696028451,0.0000000000000000,5.0435021824586723,3.0001335536060907,-2.153026,1.966125,0.1869012418274,-2.2331175234304,0,1.2e-12
0.9974761928940129,0.0,-0.0011287139633609,0.0000000000000000,-0.0045901344341312,0.0000000000000000,5.0472733859960668,3.0001334003209545,-2.155921,1.964481,0.1914391351989,-2.2352657595863,0,9.8e-13
0.9974813762032523,0.0,-0.0011368787969096,0.0000000000000000,-0.0046039898978333,0.0000000000000000,5.0511197775884575,3.0001332443937248,-2.158818,1.962759,0.1960587264995,-2.2372385818803,0,2.0e-12
0.9974866592433216,0.0,-0.0011450874585788,0.0000000000000000,-0.0046181427871708,0.0000000000000000,5.0550428610592952,3.0001330857863082,-2.161712,1.960954,0.2007583901441,-2.2390173853226,0,3.4e-13
0.9974920439139836,0.0,-0.0011533388408446,0.0000000000000000,-0.0046326000832793,0.0000000000000000,5.0590441703521032,3.0001329244603365,-2.164598,1.959062,0.2055361302239,-2.2405822741445,0,3.8e-13
0.9974975321524816,0.0,-0.0011616317797465,0.0000000000000000,-0.0046473689620267,0.0000000000000000,5.0631252701325717,3.0001327603771819,-2.167470,1.957080,0.2103895412140,-2.2419119964195,0,3.5e-13
0.9975031259344899,0.0,-0.0011699650528506,0.0000000000000000,-0.0046624568011753,0.0000000000000000,5.0672877564026653,3.0001325934979586,-2.170320,1.955004,0.2153157696801,-2.2429838644005,0,6.3e-13
0.9975088272751070,0.0,-0.0011783373771324,0.0000000000000000,-0.0046778711879052,0.0000000000000000,5.0715332571269878,3.0001324237835414,-2.173141,1.952829,0.2203114733027,-2.2437736714460,0,1.7e-12
0.9975146382298952,0.0,-0.0011867474067741,0.0000000000000000,-0.0046936199267238,0.0000000000000000,5.0758634328716576,3.0001322511945703,-2.175925,1.950552,0.2253727714474,-2.2442556164583,0,1.9e-12
0.9975205608959775,0.0,-0.0011951937308839,0.0000000000000000,-0.0047097110478120,0.0000000000000000,5.0802799774559464,3.0001320756914645,-2.178663,1.948168,0.2304952005275,-2.2444022050614,0,7.6e-13
0.9975265974131778,0.0,-0.0012036748711056,0.0000000000000000,-0.0047261528157812,0.0000000000000000,5.0847846186169683,3.0001318972344304,-2.181346,1.945672,0.2356736554802,-2.2441841712846,0,9.6e-13
0.9975327499652317,0.0,-0.0012121892791479,0.0000000000000000,-0.0047429537389400,0.0000000000000000,5.0893791186876678,3.0001317157834793,-2.183962,1.943060,0.2409023337553,-2.2435703783472,0,2.8e-13
0.9975390207810551,0.0,-0.0012207353342015,0.0000000000000000,-0.0047601225790577,0.0000000000000000,5.0940652752884059,3.0001315312984338,-2.186502,1.940327,0.2461746740521,-2.2425277185625,0,3.4e-13
0.9975454121360843,0.0,-0.0012293113402504,0.0000000000000000,-0.0047776683616798,0.0000000000000000,5.0988449220324350,3.0001313437389463,-2.188951,1.937468,0.2514832865064,-2.2410210171453,0,8.0e-13
0.9975519263536911,0.0,-0.0012379155232682,0.0000000000000000,-0.0047956003870357,0.0000000000000000,5.1037199292455568,3.0001311530645096,-2.191297,1.934477,0.2568198807964,-2.2390129263424,0,1.1e-13
0.9975585658066787,0.0,-0.0012465460282936,0.0000000000000000,-0.0048139282415829,0.0000000000000000,5.1086922047002767,3.0001309592344709,-2.193525,1.931350,0.2621751876659,-2.2364638163849,0,2.7e-13
0.9975653329188680,0.0,-0.0012552009163765,0.0000000000000000,-0.0048326618102367,0.0000000000000000,5.1137636943647786,3.0001307622080491,-2.195620,1.928081,0.2675388739791,-2.2333316652043,0,1.7e-13
0.9975722301667781,0.0,-0.0012638781613877,0.0000000000000000,-0.0048518112893379,0.0000000000000000,5.1189363831670498,3.0001305619443484,-2.197564,1.924664,0.2728994511874,-2.2295719447141,0,1.5e-13
0.9975792600814141,0.0,-0.0012725756466830,0.0000000000000000,-0.0048713872004255,0.0000000000000000,5.1242122957745035,3.0001303584023749,-2.199339,1.921095,0.2782441769954,-2.2251375024143,0,1.1e-12
0.9975864252501671,0.0,-0.0012812911616128,0.0000000000000000,-0.0048914004048662,0.0000000000000000,5.1295934973894548,3.0001301515410521,-2.200925,1.917366,0.2835589490782,-2.2199784428025,0,1.8e-13
0.9975937283188415,0.0,-0.0012900223978664,0.0000000000000000,-0.0049118621194281,0.0000000000000000,5.1350820945608255,3.0001299413192406,-2.202301,1.913473,0.2888281920795,-2.2140420008027,0,1.7e-13
0.9976011719938171,0.0,-0.0012987669456392,0.0000000000000000,-0.0049327839328668,0.0000000000000000,5.1406802360124688,3.0001297276957524,-2.203443,1.909408,0.2940347333868,-2.2072724203306,0,2.0e-13
0.9976087590443615,0.0,-0.0013075222896113,0.0000000000000000,-0.0049541778236185,0.0000000000000000,5.1463901134885139,3.0001295106293715,-2.204327,1.905167,0.2991596724951,-2.1996108232259,0,6.5e-13
0.9976164923051073,0.0,-0.0013162858047232,0.0000000000000000,-0.0049760561786939,0.0000000000000000,5.1522139626161634,3.0001292900788727,-2.204925,1.900743,0.3041822375821,-2.1909950834912,0,1.9e-13
0.9976243746787075,0.0,-0.0013250547517330,0.0000000000000000,-0.0049984318138829,0.0000000000000000,5.1581540637863839,3.0001290660030393,-2.205209,1.896129,0.3090796347268,-2.1813596920420,0,6.1e-13
0.9976324091386910,0.0,-0.0013338262725390,0.0000000000000000,-0.0050213179953907,0.0000000000000000,5.1642127430529579,3.0001288383606850,-2.205146,1.891319,0.3138268831487,-2.1706356271602,0,1.5e-12
0.9976405987325345,0.0,-0.0013425973852482,0.0000000000000000,-0.0050447284630363,0.0000000000000000,5.1703923730503973,3.0001286071106739,-2.204704,1.886308,0.3183966388666,-2.1587502243141,0,1.5e-12
0.9976489465849755,0.0,-0.0013513649789716,0.0000000000000000,-0.0050686774551665,0.0000000000000000,5.1766953739312296,3.0001283722119378,-2.203846,1.881087,0.3227590083006,-2.1456270361161,0,6.9e-13
0.9976574559015899,0.0,-0.0013601258083207,0.0000000000000000,-0.0050931797354482,0.0000000000000000,5.1831242143232128,3.0001281336235053,-2.202533,1.875652,0.3268813436424,-2.1311857086641,0,7.7e-13
0.9976661299726661,0.0,-0.0013688764875825,0.0000000000000000,-0.0051182506217353,0.0000000000000000,5.1896814123070669,3.0001278913045160,-2.200723,1.869995,0.3307280279206,-2.1153418448818,0,5.7e-13
0.9976749721773979,0.0,-0.0013776134845380,0.0000000000000000,-0.0051439060171924,0.0000000000000000,5.1963695364153422,3.0001276452142482,-2.198371,1.864111,0.3342602421719,-2.0980068777924,0,6.9e-13
0.9976839859884479,0.0,-0.0013863331139035,0.0000000000000000,-0.0051701624439640,0.0000000000000000,5.2031912066530808,3.0001273953121381,-2.195428,1.857992,0.3374357178422,-2.0790879424029,0,1.3e-12
0.9976931749769054,0.0,-0.0013950315303440,0.0000000000000000,-0.0051970370795928,0.0000000000000000,5.2101490955409968,3.0001271415578050,-2.191842,1.851633,0.3402084707215,-2.0584877529812,0,4.2e-13
0.9977025428176949,0.0,-0.0014037047210271,0.0000000000000000,-0.0052245477965352,0.0000000000000000,5.2172459291819306,3.0001268839110757,-2.187557,1.845028,0.3425285181470,-2.0361044814178,0,4.9e-13
0.9977120932954836,0.0,-0.0014123484976679,0.0000000000000000,-0.0052527132050882,0.0000000000000000,5.2244844883513997,3.0001266223320071,-2.182513,1.838171,0.3443415757110,-2.0118316431826,0,9.4e-13
0.9977218303111473,0.0,-0.0014209584880109,0.0000000000000000,-0.0052815527001278,0.0000000000000000,5.2318676096131416,3.0001263567809082,-2.176645,1.831056,0.3455887340174,-1.9855579876713,0,8.9e-13
0.9977317578888630,0.0,-0.0014295301266907,0.0000000000000000,-0.0053110865120917,0.0000000000000000,5.2393981864606145,3.0001260872183702,-2.169883,1.823677,0.3462061156845,-1.9571673901456,0,8.6e-13
0.9977418801839055,0.0,-0.0014380586454009,0.0000000000000000,-0.0053413357627117,0.0000000000000000,5.2470791704855033,3.0001258136052860,-2.162155,1.816030,0.3461245075109,-1.9265387580961,0,1.1e-12
0.9977522014912328,0.0,-0.0014465390622934,0.0000000000000000,-0.0053723225260662,0.0000000000000000,5.2549135725743943,3.0001255359028769,-2.153379,1.808110,0.3452689717370,-1.8935459366984,0,4.3e-13
0.9977627262549672,0.0,-0.0014549661705178,0.0000000000000000,-0.0054040698956167,0.0000000000000000,5.2629044641348814,3.0001252540727177,-2.143470,1.799912,0.3435584324991,-1.8580576232541,0,1.7e-12
0.9977734590788832,0.0,-0.0014633345257952,0.0000000000000000,-0.0054366020579810,0.0000000000000000,5.2710549783525051,3.0001249680767614,-2.132337,1.791432,0.3409052357112,-1.8199372924305,0,1.1e-12
0.9977844047380452,0.0,-0.0014716384329124,0.0000000000000000,-0.0054699443743348,0.0000000000000000,5.2793683114800682,3.0001246778773627,-2.119882,1.782667,0.3372146852966,-1.7790431205985,0,7.1e-13
0.9977953449256881,0.0,-0.0014797095697447,0.0000000000000000,-0.0055034381710065,0.0000000000000000,5.2876781355387790,3.0001243893108009,-2.106288,1.773796,0.3324919787343,-1.7361251116442,0,1.6e-12
0.9978062804182390,0.0,-0.0014875525266782,0.0000000000000000,-0.0055370872604092,0.0000000000000000,5.2959844636459170,3.0001241023614003,-2.091524,1.764826,0.3266977919409,-1.6911772533889,0,1.1e-13
0.9978069548186685,0.0,-0.0014880289331676,0.0000000000000000,-0.0055391680176890,0.0000000000000000,5.2964967104873715,3.0001240847140416,-2.090575,1.764270,0.3263044180057,-1.6883381523742,0,1.1e-12
0.9978076427092046,0.0,-0.0014885140036696,0.0000000000000000,-0.0055412910683373,0.0000000000000000,5.2970192016704898,3.0001240667195610,-2.089601,1.763702,0.3258988026482,-1.6854342218372,0,1.2e-12
0.9978083443599421,0.0,-0.0014890078775690,0.0000000000000000,-0.0055434572867157,0.0000000000000000,5.2975521420608143,3.0001240483712475,-2.088603,1.763123,0.3254805139248,-1.6824638384299,0,1.4e-12
0.9978090600464024,0.0,-0.0014895106957274,0.0000000000000000,-0.0055456675658921,0.0000000000000000,5.2980957406205036,3.0001240296622647,-2.087580,1.762531,0.3250491030357,-1.6794253331457,0,1.7e-12
0.9978097900496438,0.0,-0.0014900226004627,0.0000000000000000,-0.0055479228180711,0.0000000000000000,5.2986502104902469,3.0001240105856506,-2.086531,1.761927,0.3246041035489,-1.6763169900168,0,1.4e-12
0.9978105346563746,0.0,-0.0014905437355272,0.0000000000000000,-0.0055502239750318,0.0000000000000000,5.2992157690728172,3.0001239911343127,-2.085456,1.761311,0.3241450309386,-1.6731370438910,0,1.9e-12
0.9978112941590684,0.0,-0.0014910742460828,0.0000000000000000,-0.0055525719885798,0.0000000000000000,5.2997926381182916,3.0001239713010275,-2.084353,1.760682,0.3236713813312,-1.6698836801890,0,1.5e-12
0.9978120688560812,0.0,-0.0014916142786737,0.0000000000000000,-0.0055549678310075,0.0000000000000000,5.3003810438109822,3.0001239510784377,-2.083223,1.760040,0.3231826313304,-1.6665550314684,0,1.7e-12
0.9978128590517716,0.0,-0.0014921639811967,0.0000000000000000,-0.0055574124955700,0.0000000000000000,5.3009812168580996,3.0001239304590488,-2.082063,1.759385,0.3226782364986,-1.6631491776315,0,1.8e-12
0.9978136650566238,0.0,-0.0014927235028687,0.0000000000000000,-0.0055599069969709,0.0000000000000000,5.3015933925801946,3.0001239094352292,-2.080873,1.758716,0.3221576309020,-1.6596641433110,0,1.2e-12
0.9978144871873722,0.0,-0.0014932929941919,0.0000000000000000,-0.0055624523718626,0.0000000000000000,5.3022178110034037,3.0001238879992069,-2.079653,1.758033,0.3216202264290,-1.6560978950615,0,1.2e-12
0.9978153257671302,0.0,-0.0014938726069148,0.0000000000000000,-0.0055650496793582,0.0000000000000000,5.3028547169535463,3.0001238661430643,-2.078401,1.757336,0.3210654109933,-1.6524483418527,0,1.2e-12
0.9978161811255201,0.0,-0.0014944624939916,0.0000000000000000,-0.0055677000015592,0.0000000000000000,5.3035043601520968,3.0001238438587414,-2.077117,1.756624,0.3204925484615,-1.6487133308587,0,1.7e-12
0.9978170535988072,0.0,-0.0014950628095374,0.0000000000000000,-0.0055704044440956,0.0000000000000000,5.3041669953140822,3.0001238211380303,-2.075799,1.755898,0.3199009767482,-1.6448906474791,0,2.7e-12
0.9978179435300365,0.0,-0.0014956737087801,0.0000000000000000,-0.0055731641366815,0.0000000000000000,5.3048428822479332,3.0001237979725706,-2.074446,1.755156,0.3192900073522,-1.6409780119114,0,1.8e-12
0.9978188512691715,0.0,-0.0014962953480091,0.0000000000000000,-0.0055759802336860,0.0000000000000000,5.3055322859573364,3.0001237743538502,-2.073059,1.754400,0.3186589240886,-1.6369730770431,0,6.4e-13
0.9978197771732370,0.0,-0.0014969278845203,0.0000000000000000,-0.0055788539147192,0.0000000000000000,5.3062354767451225,3.0001237502732025,-2.071634,1.753627,0.3180069819126,-1.6328734260196,0,1.8e-12
0.9978207216064648,0.0,-0.0014975714765565,0.0000000000000000,-0.0055817863852341,0.0000000000000000,5.3069527303192334,3.0001237257218021,-2.070172,1.752838,0.3173334050548,-1.6286765724623,0,1.6e-12
0.9978216849404430,0.0,-0.0014982262832452,0.0000000000000000,-0.0055847788771456,0.0000000000000000,5.3076843279008061,3.0001237006906649,-2.068671,1.752033,0.3166373865540,-1.6243799547567,0,1.2e-12
0.9978226675542672,0.0,-0.0014988924645301,0.0000000000000000,-0.0055878326494682,0.0000000000000000,5.3084305563344252,3.0001236751706428,-2.067130,1.751211,0.3159180865129,-1.6199809352580,0,7.4e-13
0.9978236698346968,0.0,-0.0014995701811006,0.0000000000000000,-0.0055909489889679,0.0000000000000000,5.3091917082005757,3.0001236491524210,-2.065547,1.750372,0.3151746306639,-1.6154767973940,0,1.6e-12
0.9978246921763142,0.0,-0.0015002595943146,0.0000000000000000,-0.0055941292108374,0.0000000000000000,5.3099680819303483,3.0001236226265200,-2.063922,1.749516,0.3144061087857,-1.6108647438011,0,2.3e-12
0.9978257349816866,0.0,-0.0015009608661177,0.0000000000000000,-0.0055973746593847,0.0000000000000000,5.3107599819224385,3.0001235955832848,-2.062253,1.748642,0.3136115731239,-1.6061418929675,0,1.9e-12
0.9978267986615332,0.0,-0.0015016741589571,0.0000000000000000,-0.0056006867087485,0.0000000000000000,5.3115677186624897,3.0001235680128917,-2.060539,1.747749,0.3127900370893,-1.6013052757592,0,1.6e-12
0.9978278836348949,0.0,-0.0015023996356899,0.0000000000000000,-0.0056040667636268,0.0000000000000000,5.3123916088448215,3.0001235399053385,-2.058778,1.746838,0.3119404730997,-1.5963518338378,0,9.9e-13
0.9978289903293085,0.0,-0.0015031374594865,0.0000000000000000,-0.0056075162600328,0.0000000000000000,5.3132319754965973,3.0001235112504427,-2.056969,1.745908,0.3110618112499,-1.5912784149966,0,1.7e-12
0.9978301191809843,0.0,-0.0015038877937281,0.0000000000000000,-0.0056110366660688,0.0000000000000000,5.3140891481044727,3.0001234820378433,-2.055111,1.744958,0.3101529365902,-1.5860817727329,0,1.2e-12
0.9978312706349884,0.0,-0.0015046508018979,0.0000000000000000,-0.0056146294827252,0.0000000000000000,5.3149634627437825,3.0001234522569926,-2.053201,1.743988,0.3092126881841,-1.5807585597007,0,1.6e-12
0.9978324451454297,0.0,-0.0015054266474663,0.0000000000000000,-0.0056182962447026,0.0000000000000000,5.3158552622103139,3.0001234218971562,-2.051238,1.742998,0.3082398561930,-1.5753053270061,0,1.5e-12
0.9978336431756495,0.0,-0.0015062154937707,0.0000000000000000,-0.0056220385212574,0.0000000000000000,5.3167648961547149,3.0001233909474094,-2.049221,1.741988,0.3072331804348,-1.5697185187257,0,1.7e-12
0.9978348651984174,0.0,-0.0015070175038859,0.0000000000000000,-0.0056258579170746,0.0000000000000000,5.3176927212195944,3.0001233593966341,-2.047148,1.740956,0.3061913472602,-1.5639944704196,0,1.0e-12
0.9978361116961313,0.0,-0.0015078328404907,0.0000000000000000,-0.0056297560731677,0.0000000000000000,5.3186391011793690,3.0001233272335175,-2.045016,1.739903,0.3051129882087,-1.5581294027388,0,1.5e-12
0.9978373831610218,0.0,-0.0015086616657249,0.0000000000000000,-0.0056337346678016,0.0000000000000000,5.3196044070829087,3.0001232944465466,-2.042824,1.738828,0.3039966763308,-1.5521194207849,0,5.5e-13
0.9978386800953617,0.0,-0.0015095041410395,0.0000000000000000,-0.0056377954174502,0.0000000000000000,5.3205890173990404,3.0001232610240072,-2.040571,1.737730,0.3028409249476,-1.5459605060518,0,1.4e-12
0.9978400030116807,0.0,-0.0015103604270389,0.0000000000000000,-0.0056419400777793,0.0000000000000000,5.3215933181649619,3.0001232269539808,-2.038253,1.736609,0.3016441834759,-1.5396485169631,0,1.3e-12
0.9978413524329856,0.0,-0.0015112306833148,0.0000000000000000,-0.0056461704446621,0.0000000000000000,5.3226177031376345,3.0001231922243394,-2.035869,1.735465,0.3004048356447,-1.5331791808200,0,9.4e-13
0.9978427288929852,0.0,-0.0015121150682716,0.0000000000000000,-0.0056504883552271,0.0000000000000000,5.3236625739482015,3.0001231568227475,-2.033417,1.734296,0.2991211961396,-1.5265480906015,0,8.7e-13
0.9978441329363218,0.0,-0.0015130137389425,0.0000000000000000,-0.0056548956889387,0.0000000000000000,5.3247283402595080,3.0001231207366534,-2.030895,1.733103,0.2977915073523,-1.5197507008191,0,7.5e-13
0.9978455651188077,0.0,-0.0015139268507961,0.0000000000000000,-0.0056593943687126,0.0000000000000000,5.3258154199267684,3.0001230839532886,-2.028299,1.731885,0.2964139361760,-1.5127823222258,0,3.7e-13
0.9978470260076676,0.0,-0.0015148545575344,0.0000000000000000,-0.0056639863620677,0.0000000000000000,5.3269242391614604,3.0001230464596662,-2.025629,1.730642,0.2949865705613,-1.5056381168829,0,2.6e-13
0.9978485161817884,0.0,-0.0015157970108789,0.0000000000000000,-0.0056686736823166,0.0000000000000000,5.3280552326985013,3.0001230082425749,-2.022880,1.729373,0.2935074161408,-1.4983130923304,0,7.6e-13
0.9978500362319738,0.0,-0.0015167543603478,0.0000000000000000,-0.0056734583897937,0.0000000000000000,5.3292088439667742,3.0001229692885789,-2.020051,1.728076,0.2919743916480,-1.4908020986907,0,2.2e-13
0.9978515867612068,0.0,-0.0015177267530206,0.0000000000000000,-0.0056783425931258,0.0000000000000000,5.3303855252630754,3.0001229295840135,-2.017138,1.726753,0.2903853260573,-1.4830998196508,0,1.3e-13
0.9978531683849187,0.0,-0.0015187143332931,0.0000000000000000,-0.0056833284505448,0.0000000000000000,5.3315857379295464,3.0001228891149792,-2.014140,1.725402,0.2887379534777,-1.4752007694421,0,2.9e-13
0.9978547817312650,0.0,-0.0015197172426185,0.0000000000000000,-0.0056884181712462,0.0000000000000000,5.3328099525346691,3.0001228478673445,-2.011052,1.724022,0.2870299095219,-1.4670992851405,0,5.4e-13
0.9978564274414090,0.0,-0.0015207356192371,0.0000000000000000,-0.0056936140167920,0.0000000000000000,5.3340586490578854,3.0001228058267393,-2.007873,1.722614,0.2852587257990,-1.4587895226191,0,2.8e-13
0.9978581061698137,0.0,-0.0015217695978935,0.0000000000000000,-0.0056989183025649,0.0000000000000000,5.3353323170779268,3.0001227629785490,-2.004598,1.721176,0.2834218260104,-1.4502654480638,0,7.3e-13
0.9978598185845403,0.0,-0.0015228193095393,0.0000000000000000,-0.0057043333992728,0.0000000000000000,5.3366314559649188,3.0001227193079179,-2.001224,1.719708,0.2815165206546,-1.4415208318577,0,1.3e-12
0.9978615653675562,0.0,-0.0015238848810219,0.0000000000000000,-0.0057098617345051,0.0000000000000000,5.3379565750763422,3.0001226747997407,-1.997749,1.718209,0.2795400014851,-1.4325492422654,0,9.3e-13
0.9978633472150518,0.0,-0.0015249664347594,0.0000000000000000,-0.0057155057943465,0.0000000000000000,5.3393081939569305,3.0001226294386623,-1.994168,1.716678,0.2774893361619,-1.4233440383849,0,8.9e-13
0.9978651648377653,0.0,-0.0015260640883997,0.0000000000000000,-0.0057212681250490,0.0000000000000000,5.3406868425425778,3.0001225832090728,-1.990477,1.715116,0.2753614621014,-1.4138983629703,0,2.0e-12
0.9978670189613189,0.0,-0.0015271779544641,0.0000000000000000,-0.0057271513347674,0.0000000000000000,5.3420930613683435,3.0001225360951063,-1.986673,1.713520,0.2731531815169,-1.4042051320981,0,5.0e-13
0.9978689103265600,0.0,-0.0015283081399720,0.0000000000000000,-0.0057331580953448,0.0000000000000000,5.3435274017806416,3.0001224880806352,-1.982753,1.711891,0.2708611528130,-1.3942570333124,0,2.7e-13
0.9978708396899207,0.0,-0.0015294547460536,0.0000000000000000,-0.0057392911441930,0.0000000000000000,5.3449904261536823,3.0001224391492709,-1.978710,1.710228,0.2684818863238,-1.3840465104570,0,6.4e-13
0.9978728078237815,0.0,-0.0015306178675391,0.0000000000000000,-0.0057455532862185,0.0000000000000000,5.3464827081102770,3.0001223892843565,-1.974542,1.708531,0.2660117358598,-1.3735657591373,0,1.9e-13
0.9978748155168473,0.0,-0.0015317975925322,0.0000000000000000,-0.0057519473958307,0.0000000000000000,5.3480048327470771,3.0001223384689655,-1.970244,1.706797,0.2634468912325,-1.3628067182300,0,2.2e-13
0.9978768635745374,0.0,-0.0015329940019634,0.0000000000000000,-0.0057584764190311,0.0000000000000000,5.3495573968643457,3.0001222866859010,-1.965811,1.705027,0.2607833711370,-1.3517610588261,0,2.2e-13
0.9978789528193861,0.0,-0.0015342071691221,0.0000000000000000,-0.0057651433755811,0.0000000000000000,5.3511410092003526,3.0001222339176885,-1.961238,1.703221,0.2580170145971,-1.3404201759651,0,1.6e-13
0.9978810840914559,0.0,-0.0015354371591690,0.0000000000000000,-0.0057719513612549,0.0000000000000000,5.3527562906704889,3.0001221801465765,-1.956519,1.701376,0.2551434724268,-1.3287751787011,0,3.8e-13
0.9978832582487657,0.0,-0.0015366840286248,0.0000000000000000,-0.0057789035501876,0.0000000000000000,5.3544038746111973,3.0001221253545300,-1.951651,1.699493,0.2521581985065,-1.3168168793528,0,5.0e-13
0.9978854761677313,0.0,-0.0015379478248366,0.0000000000000000,-0.0057860031973111,0.0000000000000000,5.3560844070288187,3.0001220695232322,-1.946627,1.697570,0.2490564397458,-1.3045357846720,0,6.1e-13
0.9978877387436226,0.0,-0.0015392285854201,0.0000000000000000,-0.0057932536408984,0.0000000000000000,5.3577985468534521,3.0001220126340762,-1.941441,1.695608,0.2458332271184,-1.2919220820107,0,1.1e-12
0.9978900468910350,0.0,-0.0015405263376759,0.0000000000000000,-0.0058006583052072,0.0000000000000000,5.3595469661979402,3.0001219546681659,-1.936087,1.693604,0.2424833638989,-1.2789656325346,0,1.5e-13
0.9978924015443777,0.0,-0.0015418410979800,0.0000000000000000,-0.0058082207032403,0.0000000000000000,5.3613303506220742,3.0001218956063114,-1.930560,1.691559,0.2390014163423,-1.2656559541193,0,3.0e-13
0.9978948036583802,0.0,-0.0015431728711467,0.0000000000000000,-0.0058159444396197,0.0000000000000000,5.3631493994021415,3.0001218354290278,-1.924853,1.689471,0.2353817008725,-1.2519822137999,0,6.0e-14
0.9978972542086154,0.0,-0.0015445216497623,0.0000000000000000,-0.0058238332135890,0.0000000000000000,5.3650048258059133,3.0001217741165309,-1.918958,1.687339,0.2316182728074,-1.2379332126192,0,2.7e-13
0.9978997541920437,0.0,-0.0015458874134891,0.0000000000000000,-0.0058318908221446,0.0000000000000000,5.3668973573731940,3.0001217116487338,-1.912869,1.685164,0.2277049133078,-1.2234973737353,0,1.1e-12
0.9979023046275757,0.0,-0.0015472701283372,0.0000000000000000,-0.0058401211633074,0.0000000000000000,5.3688277362020473,3.0001216480052464,-1.906578,1.682943,0.2236351160031,-1.2086627295764,0,3.9e-13
0.9979049065566584,0.0,-0.0015486697459038,0.0000000000000000,-0.0058485282395436,0.0000000000000000,5.3707967192408184,3.0001215831653711,-1.900078,1.680676,0.2194020738482,-1.1934169048886,0,3.4e-13
0.9979075610438830,0.0,-0.0015500862025776,0.0000000000000000,-0.0058571161613399,0.0000000000000000,5.3728050785860688,3.0001215171081022,-1.893361,1.678363,0.2149986632384,-1.1777471063477,0,3.0e-13
0.9979102691776163,0.0,-0.0015515194187071,0.0000000000000000,-0.0058658891509450,0.0000000000000000,5.3748536017865600,3.0001214498121187,-1.886419,1.676001,0.2104174295961,-1.1616401044541,0,5.8e-13
0.9979130320706588,0.0,-0.0015529692977303,0.0000000000000000,-0.0058748515462877,0.0000000000000000,5.3769430921534029,3.0001213812557883,-1.879242,1.673591,0.2056505705209,-1.1450822199391,0,3.6e-13
0.9979158508609304,0.0,-0.0015544357252650,0.0000000000000000,-0.0058840078050843,0.0000000000000000,5.3790743690765117,3.0001213114171601,-1.871821,1.671131,0.2006899194505,-1.1280593056038,0,1.1e-13
0.9979187267121826,0.0,-0.0015559185681567,0.0000000000000000,-0.0058933625091386,0.0000000000000000,5.3812482683474929,3.0001212402739652,-1.864148,1.668621,0.1955269270870,-1.1105567319026,0,3.0e-13
0.9979216608147442,0.0,-0.0015574176734827,0.0000000000000000,-0.0059029203688619,0.0000000000000000,5.3834656424891127,3.0001211678036133,-1.856212,1.666059,0.1901526432759,-1.0925593677075,0,9.0e-13
0.9979246543862977,0.0,-0.0015589328675092,0.0000000000000000,-0.0059126862280114,0.0000000000000000,5.3857273610914760,3.0001210939831884,-1.848003,1.663445,0.1845576965784,-1.0740515641999,0,3.1e-13
0.9979277086726918,0.0,-0.0015604639546003,0.0000000000000000,-0.0059226650686739,0.0000000000000000,5.3880343111550753,3.0001210187894500,-1.839510,1.660778,0.1787322747243,-1.0550171332451,0,7.7e-13
0.9979308249487897,0.0,-0.0015620107160749,0.0000000000000000,-0.0059328620165021,0.0000000000000000,5.3903873974408461,3.0001209421988317,-1.830722,1.658056,0.1726661015367,-1.0354393314823,0,5.7e-13
0.9979340045193587,0.0,-0.0015635729090092,0.0000000000000000,-0.0059432823462272,0.0000000000000000,5.3927875428273948,3.0001208641874366,-1.821627,1.655279,0.1663484150719,-1.0153008375049,0,4.4e-13
0.9979372487200011,0.0,-0.0015651502649825,0.0000000000000000,-0.0059539314874656,0.0000000000000000,5.3952356886755490,3.0001207847310356,-1.812213,1.652445,0.1597679432931,-0.9945837323209,0,6.3e-13
0.9979405589181308,0.0,-0.0015667424887617,0.0000000000000000,-0.0059648150308332,0.0000000000000000,5.3977327952003957,3.0001207038050679,-1.802468,1.649555,0.1529128787398,-0.9732694772592,0,5.8e-13
0.9979439365139989,0.0,-0.0015683492569223,0.0000000000000000,-0.0059759387344017,0.0000000000000000,5.4002798418509803,3.0001206213846388,-1.792377,1.646606,0.1457708525420,-0.9513388906600,0,8.0e-13
0.9979473829417710,0.0,-0.0015699702164007,0.0000000000000000,-0.0059873085305125,0.0000000000000000,5.4028778276978340,3.0001205374445168,-1.781927,1.643598,0.1383289060782,-0.9287721257048,0,2.9e-13
0.9979508996706612,0.0,-0.0015716049829762,0.0000000000000000,-0.0059989305329727,0.0000000000000000,5.4055277718285106,3.0001204519591345,-1.771104,1.640530,0.1305734620787,-0.9055486451907,0,3.8e-13
0.9979544882061259,0.0,-0.0015732531396745,0.0000000000000000,-0.0060108110446727,0.0000000000000000,5.4082307137513155,3.0001203649025845,-1.759891,1.637401,0.1224902940148,-0.8816471959514,0,1.2e-12
0.9979581500911232,0.0,-0.0015749142350920,0.0000000000000000,-0.0060229565656455,0.0000000000000000,5.4109877138074252,3.0001202762486234,-1.748274,1.634209,0.1140644936289,-0.8570457831866,0,4.4e-13
0.9979618869074416,0.0,-0.0015765877816327,0.0000000000000000,-0.0060353738016082,0.0000000000000000,5.4137998535915841,3.0001201859706650,-1.736235,1.630955,0.1052804379873,-0.8317216400437,0,2.6e-13
0.9979657002771047,0.0,-0.0015782732536536,0.0000000000000000,-0.0060480696730208,0.0000000000000000,5.4166682363815930,3.0001200940417840,-1.723758,1.627636,0.0961217529498,-0.8056512024031,0,9.4e-13
0.9979695918638575,0.0,-0.0015799700855123,0.0000000000000000,-0.0060610513247039,0.0000000000000000,5.4195939875767962,3.0001200004347131,-1.710824,1.624253,0.0865712763287,-0.7788100771544,0,5.4e-13
0.9979735633747412,0.0,-0.0015816776695089,0.0000000000000000,-0.0060743261360638,0.0000000000000000,5.4225782551457904,3.0001199051218426,-1.697414,1.620803,0.0766110194064,-0.7511730087493,0,1.1e-13
0.9979776165617632,0.0,-0.0015833953537173,0.0000000000000000,-0.0060879017319659,0.0000000000000000,5.4256222100835840,3.0001198080752243,-1.683508,1.617286,0.0662221252747,-0.7227138485966,0,6.8e-13
0.9979817532236717,0.0,-0.0015851224396956,0.0000000000000000,-0.0061017859943198,0.0000000000000000,5.4287270468784499,3.0001197092665626,-1.669086,1.613701,0.0553848254973,-0.6934055206452,0,4.3e-13
0.9979859752078424,0.0,-0.0015868581800670,0.0000000000000000,-0.0061159870744353,0.0000000000000000,5.4318939839887141,3.0001196086672266,-1.654126,1.610047,0.0440783962320,-0.6632199817242,0,3.2e-13
0.9979902844122879,0.0,-0.0015886017759645,0.0000000000000000,-0.0061305134062050,0.0000000000000000,5.4351242643297493,3.0001195062482373,-1.638604,1.606323,0.0322811095730,-0.6321281871468,0,5.0e-13
0.9979946827878013,0.0,-0.0015903523743240,0.0000000000000000,-0.0061453737202029,0.0000000000000000,5.4384191557714407,3.0001194019802799,-1.622499,1.602528,0.0199701846106,-0.6001000479746,0,7.6e-13
0.9979991723402448,0.0,-0.0015921090650184,0.0000000000000000,-0.0061605770587657,0.0000000000000000,5.4417799516464180,3.0001192958336973,-1.605783,1.598662,0.0071217350071,-0.5671043901965,0,2.6e-13
0.9980037551329977,0.0,-0.0015938708778176,0.0000000000000000,-0.0061761327921575,0.0000000000000000,5.4452079712693502,3.0001191877784912,1.594722,-1.588433,-0.0062892849622,-0.5331089076324,0,5.7e-13
0.9980084332895778,0.0,-0.0015956367791601,0.0000000000000000,-0.0061920506359066,0.0000000000000000,5.4487045604676236,3.0001190777843294,1.590709,-1.570420,-0.0202891388615,-0.4980801182631,0,6.4e-13
0.9980132089964545,0.0,-0.0015974056687215,0.0000000000000000,-0.0062083406694358,0.0000000000000000,5.4522710921237447,3.0001189658205383,1.586621,-1.551715,-0.0349053663236,-0.4619833090606,0,3.0e-13
0.9980180845060709,0.0,-0.0015991763757616,0.0000000000000000,-0.0062250133561034,0.0000000000000000,5.4559089667298188,3.0001188518561115,1.582457,-1.532290,-0.0501668476444,-0.4247824878178,0,3.6e-13
0.9980230621400936,0.0,-0.0016009476552299,0.0000000000000000,-0.0062420795647926,0.0000000000000000,5.4596196129544872,3.0001187358597079,1.578216,-1.512112,-0.0661038684280,-0.3864403230633,0,1.2e-12
0.9980281442929190,0.0,-0.0016027181836089,0.0000000000000000,-0.0062595505932084,0.0000000000000000,5.4634044882227322,3.0001186177996546,1.573898,-1.491150,-0.0827481884347,-0.3469180835769,0,7.0e-13
0.9980333334354545,0.0,-0.0016044865544701,0.0000000000000000,-0.0062774381930455,0.0000000000000000,5.4672650793089828,3.0001184976439514,1.569501,-1.469368,-0.1001331146465,-0.3061755763389,0,7.6e-13
0.9980386321192104,0.0,-0.0016062512737145,0.0000000000000000,-0.0062957545972318,0.0000000000000000,5.4712029029439808,3.0001183753602674,1.565025,-1.446731,-0.1182935758477,-0.2641710750487,0,2.4e-12
0.9980440429807306,0.0,-0.0016080107544691,0.0000000000000000,-0.0063145125494555,0.0000000000000000,5.4752195064359208,3.0001182509159507,1.560468,-1.423202,-0.1372662013249,-0.2208612448523,0,1.8e-12
0.9980495687464028,0.0,-0.0016097633116022,0.0000000000000000,-0.0063337253362317,0.0000000000000000,5.4793164683064006,3.0001181242780275,1.555829,-1.398740,-0.1570894044867,-0.1762010655988,0,4.3e-13
0.9980552122376810,0.0,-0.0016115071558187,0.0000000000000000,-0.0063534068217600,0.0000000000000000,5.4834953989417787,3.0001179954132056,1.551108,-1.373305,-0.1778034686104,-0.1301437438372,0,6.5e-13
0.9980609763767855,0.0,-0.0016132403872955,0.0000000000000000,-0.0063735714859407,0.0000000000000000,5.4877579412605746,3.0001178642878772,1.546303,-1.346852,-0.1994506366226,-0.0826406185872,0,1.7e-13
0.9980668641929106,0.0,-0.0016149609887998,0.0000000000000000,-0.0063942344658378,0.0000000000000000,5.4921057713976298,3.0001177308681286,1.541412,-1.319337,-0.2220752056540,-0.0336410608400,0,3.7e-13
0.9980728788290192,0.0,-0.0016166668182391,0.0000000000000000,-0.0064154116010455,0.0000000000000000,5.4965405994058001,3.0001175951197334,1.536434,-1.290711,-0.2457236254929,0.0169076363618,0,1.7e-13
0.9980790235492832,0.0,-0.0016183556005761,0.0000000000000000,-0.0064371194833942,0.0000000000000000,5.5010641699760399,3.0001174570081690,1.531369,-1.260924,-0.2704446014398,0.0690603772038,0,4.2e-13
0.9980853017472537,0.0,-0.0016200249190336,0.0000000000000000,-0.0064593755115353,0.0000000000000000,5.5056782631768382,3.0001173164986121,1.526213,-1.229924,-0.2962892013265,0.1228743948504,0,1.0e-13
0.9980917169548483,0.0,-0.0016216722055063,0.0000000000000000,-0.0064821979510032,0.0000000000000000,5.5103846952140660,3.0001171735559486,1.520965,-1.197654,-0.3233109673195,0.1784093950174,0,3.4e-13
0.9980982728522615,0.0,-0.0016232947300810,0.0000000000000000,-0.0065056060004556,0.0000000000000000,5.5151853192124385,3.0001170281447789,1.515623,-1.164057,-0.3515660332079,0.2357277122009,0,4.9e-13
0.9981049732789168,0.0,-0.0016248895895530,0.0000000000000000,-0.0065296198648888,0.0000000000000000,5.5200820260199386,3.0001168802294211,1.510184,-1.129071,-0.3811132455485,0.2948944841987,0,4.9e-13
0.9981118222455984,0.0,-0.0016264536948083,0.0000000000000000,-0.0065542608367612,0.0000000000000000,5.5250767450367375,3.0001167297739197,1.504645,-1.092631,-0.4120142915123,0.3559778416405,0,5.7e-13
0.9981188239479242,0.0,-0.0016279837569224,0.0000000000000000,-0.0065795513860983,0.0000000000000000,5.5301714450703567,3.0001165767420526,1.499002,-1.054669,-0.4443338309227,0.4190491204426,0,1.3e-12
0.9981259827813442,0.0,-0.0016294762717999,0.0000000000000000,-0.0066055152608317,0.0000000000000000,5.5353681352190698,3.0001164210973363,1.493251,-1.015112,-0.4781396348729,0.4841830951344,0,1.9e-12
0.9981333033578841,0.0,-0.0016309275031484,0.0000000000000000,-0.0066321775988449,0.0000000000000000,5.5406688657858600,3.0001162628030351,1.487387,-0.973884,-0.5135027302378,0.5514582389647,0,3.8e-13
0.9981407905248814,0.0,-0.0016323334635495,0.0000000000000000,-0.0066595650534127,0.0000000000000000,5.5460757292256080,3.0001161018221696,1.481402,-0.930904,-0.5504975512343,0.6209570115661,0,3.8e-13
0.9981484493860285,0.0,-0.0016336898933439,0.0000000000000000,-0.0066877059341169,0.0000000000000000,5.5515908611286227,3.0001159381175260,1.475289,-0.886087,-0.5892020969644,0.6927661832872,0,5.2e-13
0.9981562853250562,0.0,-0.0016349922369951,0.0000000000000000,-0.0067166303655535,0.0000000000000000,5.5572164412441909,3.0001157716516667,1.469038,-0.839340,-0.6296980967910,0.7669771961175,0,1.8e-13
0.9981643040324877,0.0,-0.0016362356165388,0.0000000000000000,-0.0067463704667165,0.0000000000000000,5.5629546945484636,3.0001156023869386,1.462638,-0.790567,-0.6720711851911,0.8436865659494,0,3.0e-13
0.9981725115359585,0.0,-0.0016374148016440,0.0000000000000000,-0.0067769605544230,0.0000000000000000,5.5688078923618036,3.0001154302854895,1.456074,-0.739663,-0.7164110844566,0.9229963375406,0,2.9e-13
0.9981809142346951,0.0,-0.0016385241757215,0.0000000000000000,-0.0068084373748318,0.0000000000000000,5.5747783535217490,3.0001152553092800,1.449327,-0.686515,-0.7628117981623,1.0050145964893,0,4.4e-13
0.9981895189388679,0.0,-0.0016395576974011,0.0000000000000000,-0.0068408403679339,0.0000000000000000,5.5808684456189495,3.0001150774200975,1.442375,-0.631004,-0.8113718175142,1.0898560441400,0,1.3e-12
0.9981983329146810,0.0,-0.0016405088565512,0.0000000000000000,-0.0068742119709125,0.0000000000000000,5.5870805863050412,3.0001148965795776,1.435190,-0.572996,-0.8621943404281,1.1776426519901,0,5.8e-13
0.9982073639362565,0.0,-0.0016413706238428,0.0000000000000000,-0.0069085979675960,0.0000000000000000,5.5934172446833292,3.0001147127492227,1.427735,-0.512347,-0.9153875078995,1.2685044022362,0,4.9e-13
0.9982164347635865,0.0,-0.0016421212385042,0.0000000000000000,-0.0069433350866520,0.0000000000000000,5.5997516695055429,3.0001145296211025,1.420121,-0.450184,-0.9699370223600,1.3606846807851,0,3.3e-13
0.9982255477748784,0.0,-0.0016427592882235,0.0000000000000000,-0.0069784386515012,0.0000000000000000,5.6060838833145716,3.0001143471904848,1.412307,-0.386455,-1.0258519924087,1.4542073536720,0,2.1e-13
0.9982267313614929,0.0,-0.0016428336180868,0.0000000000000000,-0.0069830131167789,0.0000000000000000,5.6069039085400645,3.0001143236117755,1.411277,-0.378083,-1.0331947828201,1.4664204922808,0,1.2e-12
0.9982279394618919,0.0,-0.0016429074621204,0.0000000000000000,-0.0069876859704029,0.0000000000000000,5.6077403404553561,3.0001142995721946,1.410223,-0.369514,-1.0407086001710,1.4789022620237,0,2.0e-12
0.9982291726068074,0.0,-0.0016429807265709,0.0000000000000000,-0.0069924595008135,0.0000000000000000,5.6085935075035991,3.0001142750629479,1.409143,-0.360745,-1.0483978669283,1.4916590897892,0,1.8e-12
0.9982304313396746,0.0,-0.0016430533120861,0.0000000000000000,-0.0069973360581564,0.0000000000000000,5.6094637447135733,3.0001142500750824,1.408036,-0.351768,-1.0562671357264,1.5046975794497,0,1.2e-12
0.9982317162170052,0.0,-0.0016431251134277,0.0000000000000000,-0.0070023180563847,0.0000000000000000,5.6103513938323966,3.0001142245994830,1.406901,-0.342580,-1.0643210941361,1.5180245167468,0,9.7e-13
0.9982330278087745,0.0,-0.0016431960191669,0.0000000000000000,-0.0070074079754548,0.0000000000000000,5.6112568034609556,3.0001141986268691,1.405737,-0.333173,-1.0725645691767,1.5316468757872,0,1.3e-12
0.9982343666988241,0.0,-0.0016432659113655,0.0000000000000000,-0.0070126083636233,0.0000000000000000,5.6121803291921184,3.0001141721477951,1.404544,-0.323541,-1.0810025321419,1.5455718250441,0,1.6e-12
0.9982357334852814,0.0,-0.0016433346652398,0.0000000000000000,-0.0070179218398457,0.0000000000000000,5.6131223337517877,3.0001141451526445,1.403320,-0.313680,-1.0896401033395,1.5598067342878,0,2.2e-12
0.9982371287809960,0.0,-0.0016434021488062,0.0000000000000000,-0.0070233510962936,0.0000000000000000,5.6140831871428576,3.0001141176316288,1.402064,-0.303582,-1.0984825575166,1.5743591810277,0,1.2e-12
0.9982385532139959,0.0,-0.0016434682225084,0.0000000000000000,-0.0070288989009857,0.0000000000000000,5.6150632667921352,3.0001140895747835,1.400775,-0.293240,-1.1075353283809,1.5892369592892,0,1.6e-12
0.9982400074279620,0.0,-0.0016435327388242,0.0000000000000000,-0.0070345681005490,0.0000000000000000,5.6160629577002998,3.0001140609719683,1.399452,-0.282648,-1.1168040153450,1.6044480844819,0,8.4e-13
0.9982414920827239,0.0,-0.0016435955418514,0.0000000000000000,-0.0070403616231130,0.0000000000000000,5.6170826525949629,3.0001140318128625,1.398093,-0.271798,-1.1262943880400,1.6200008038037,0,8.2e-13
0.9982430078547778,0.0,-0.0016436564668708,0.0000000000000000,-0.0070462824813458,0.0000000000000000,5.6181227520868982,3.0001140020869608,1.396696,-0.260684,-1.1360123930755,1.6359036029569,0,1.7e-12
0.9982445554378273,0.0,-0.0016437153398853,0.0000000000000000,-0.0070523337756436,0.0000000000000000,5.6191836648295190,3.0001139717835721,1.395261,-0.249297,-1.1459641600951,1.6521652147083,0,1.8e-12
0.9982461355433501,0.0,-0.0016437719771338,0.0000000000000000,-0.0070585186974825,0.0000000000000000,5.6202658076816734,3.0001139408918180,1.393786,-0.237630,-1.1561560079425,1.6687946286506,0,2.2e-12
0.9982477489011897,0.0,-0.0016438261845774,0.0000000000000000,-0.0070648405329409,0.0000000000000000,5.6213696058738298,3.0001139094006275,1.392269,-0.225674,-1.1665944516285,1.6858010998236,0,1.5e-12
0.9982493962601761,0.0,-0.0016438777573576,0.0000000000000000,-0.0070713026664062,0.0000000000000000,5.6224954931777473,3.0001138772987361,1.390707,-0.213421,-1.1772862088003,1.7031941595642,0,1.6e-12
0.9982510783887760,0.0,-0.0016439264792231,0.0000000000000000,-0.0070779085844789,0.0000000000000000,5.6236439120796939,3.0001138445746820,1.389100,-0.200861,-1.1882382076864,1.7209836243920,0,1.8e-12
0.9982527960757752,0.0,-0.0016439721219243,0.0000000000000000,-0.0070846618800849,0.0000000000000000,5.6248153139573072,3.0001138112168029,1.387444,-0.187986,-1.1994575941598,1.7391796076937,0,1.6e-12
0.9982545501309944,0.0,-0.0016440144445726,0.0000000000000000,-0.0070915662568123,0.0000000000000000,5.6260101592601899,3.0001137772132336,1.385738,-0.174786,-1.2109517395512,1.7577925308957,0,2.1e-12
0.9982563413860424,0.0,-0.0016440531929632,0.0000000000000000,-0.0070986255334874,0.0000000000000000,5.6272289176943184,3.0001137425519051,1.383978,-0.161250,-1.2227282492527,1.7768331347593,0,1.7e-12
0.9982581706951059,0.0,-0.0016440880988566,0.0000000000000000,-0.0071058436490085,0.0000000000000000,5.6284720684103684,3.0001137072205366,1.382164,-0.147369,-1.2347949703248,1.7963124931230,0,2.1e-12
0.9982600389357845,0.0,-0.0016441188792198,0.0000000000000000,-0.0071132246674538,0.0000000000000000,5.6297401001960505,3.0001136712066390,1.380290,-0.133130,-1.2471600012623,1.8162420244045,0,2.6e-12
0.9982619470099652,0.0,-0.0016441452354198,0.0000000000000000,-0.0071207727834811,0.0000000000000000,5.6310335116725652,3.0001136344975063,1.378355,-0.118523,-1.2598317011365,1.8366335055455,0,6.9e-13
0.9982638958447522,0.0,-0.0016441668523696,0.0000000000000000,-0.0071284923280664,0.0000000000000000,5.6323528114952639,3.0001135970802157,1.376354,-0.103535,-1.2728186975401,1.8574990891400,0,2.2e-13
0.9982658863934371,0.0,-0.0016441833976219,0.0000000000000000,-0.0071363877745394,0.0000000000000000,5.6336985185586581,3.0001135589416252,1.374284,-0.088154,-1.2861298991613,1.8788513142654,0,4.6e-13
0.9982679196365342,0.0,-0.0016441945204061,0.0000000000000000,-0.0071444637450306,0.0000000000000000,5.6350711622058602,3.0001135200683691,1.372141,-0.072366,-1.2997745045542,1.9007031253514,0,1.8e-13
0.9982699965828701,0.0,-0.0016441998506056,0.0000000000000000,-0.0071527250172922,0.0000000000000000,5.6364712824425922,3.0001134804468546,1.369920,-0.056158,-1.3137620130249,1.9230678889980,0,7.5e-14
0.9982721182707377,0.0,-0.0016441989976703,0.0000000000000000,-0.0071611765319490,0.0000000000000000,5.6378994301558913,3.0001134400632621,1.367617,-0.039514,-1.3281022365850,1.9459594107166,0,4.0e-13
0.9982742857691196,0.0,-0.0016441915494588,0.0000000000000000,-0.0071698234002122,0.0000000000000000,5.6393561673376347,3.0001133989035371,1.365225,-0.022420,-1.3428053114670,1.9693919543097,0,1.6e-13
0.9982765001789853,0.0,-0.0016441770710058,0.0000000000000000,-0.0071786709120903,0.0000000000000000,5.6408420673130317,3.0001133569533924,1.362739,-0.004858,-1.3578817103450,1.9933802619727,0,4.9e-13
0.9982787626346689,0.0,-0.0016441551032086,0.0000000000000000,-0.0071877245451392,0.0000000000000000,5.6423577149742261,3.0001133141983027,1.360153,0.013189,-1.3733422555534,2.0179395747253,0,1.4e-13
0.9982810743053331,0.0,-0.0016441251614253,0.0000000000000000,-0.0071969899737968,0.0000000000000000,5.6439037070191640,3.0001132706235016,1.357458,0.031740,-1.3891981322067,2.0430856554141,0,2.5e-13
0.9982834363965289,0.0,-0.0016440867339787,0.0000000000000000,-0.0072064730793541,0.0000000000000000,5.6454806521958893,3.0001132262139798,1.354647,0.050814,-1.4054609024990,2.0688348117880,0,2.4e-13
0.9982858501518553,0.0,-0.0016440392805574,0.0000000000000000,-0.0072161799606129,0.0000000000000000,5.6470891715524507,3.0001131809544814,1.351710,0.070432,-1.4221425207078,2.0952039212555,0,2.8e-13
0.9982883168547314,0.0,-0.0016439822305049,0.0000000000000000,-0.0072261169452935,0.0000000000000000,5.6487298986925900,3.0001131348295020,1.348638,0.090618,-1.4392553481062,2.1222104582696,0,4.9e-13
0.9982908378302892,0.0,-0.0016439149809885,0.0000000000000000,-0.0072362906022620,0.0000000000000000,5.6504034800374221,3.0001130878232845,1.345417,0.111395,-1.4568121696809,2.1498725216514,0,6.6e-13
0.9982934144473971,0.0,-0.0016438368950365,0.0000000000000000,-0.0072467077546450,0.0000000000000000,5.6521105750933147,3.0001130399198188,1.342036,0.132790,-1.4748262107311,2.1782088652737,0,8.1e-13
0.9982960481208283,0.0,-0.0016437472994310,0.0000000000000000,-0.0072573754939215,0.0000000000000000,5.6538518567261882,3.0001129911028368,1.338480,0.154832,-1.4933111549448,2.2072389296007,0,9.1e-13
0.9982987403135851,0.0,-0.0016436454824458,0.0000000000000000,-0.0072683011950778,0.0000000000000000,5.6556280114424906,3.0001129413558116,1.334730,0.177551,-1.5122811631018,2.2369828757262,0,5.2e-13
0.9983014925393953,0.0,-0.0016435306914123,0.0000000000000000,-0.0072794925329302,0.0000000000000000,5.6574397396771001,3.0001128906619527,1.330768,0.200983,-1.5317508926026,2.2674616221338,0,8.8e-14
0.9983043063653966,0.0,-0.0016434021300987,0.0000000000000000,-0.0072909574997294,0.0000000000000000,5.6592877560884451,3.0001128390042080,1.326571,0.225165,-1.5517355182691,2.2986968832036,0,4.0e-13
0.9983071834150281,0.0,-0.0016432589558844,0.0000000000000000,-0.0073027044241734,0.0000000000000000,5.6611727898611566,3.0001127863652557,1.322112,0.250139,-1.5722507545488,2.3307112105909,0,1.4e-13
0.9983101253711496,0.0,-0.0016431002767086,0.0000000000000000,-0.0073147419919722,0.0000000000000000,5.6630955850165767,3.0001127327275063,1.317361,0.275952,-1.5933128779699,2.3635280383675,0,8.6e-13
0.9983131339794101,0.0,-0.0016429251477720,0.0000000000000000,-0.0073270792681208,0.0000000000000000,5.6650569007315097,3.0001126780731004,1.312281,0.302657,-1.6149387522939,2.3971717299349,0,1.2e-12
0.9983162110518942,0.0,-0.0016427325679642,0.0000000000000000,-0.0073397257210676,0.0000000000000000,5.6670575116656066,3.0001126223839041,1.306829,0.330317,-1.6371458537313,2.4316676301088,0,1.4e-13
0.9983193584710739,0.0,-0.0016425214759909,0.0000000000000000,-0.0073526912489733,0.0000000000000000,5.6690982082978421,3.0001125656415106,1.300952,0.359000,-1.6599522982448,2.4670421205624,0,5.0e-13
0.9983225781940988,0.0,-0.0016422907461655,0.0000000000000000,-0.0073659862082930,0.0000000000000000,5.6711797972725710,3.0001125078272368,1.294587,0.388790,-1.6833768712497,2.5033226785063,0,1.1e-12
0.9983258722574636,0.0,-0.0016420391838323,0.0000000000000000,-0.0073796214449423,0.0000000000000000,5.6733031017557236,3.0001124489221214,1.287654,0.419785,-1.7074390584387,2.5405379412422,0,7.5e-13
0.9983292427820932,0.0,-0.0016417655203766,0.0000000000000000,-0.0073936083283369,0.0000000000000000,5.6754689618017471,3.0001123889069254,1.280055,0.452104,-1.7321590780208,2.5787177769076,0,1.7e-12
0.9983326919788952,0.0,-0.0016414684077775,0.0000000000000000,-0.0074079587886442,0.0000000000000000,5.6776782347319834,3.0001123277621318,1.271665,0.485893,-1.7575579174179,2.6178933579975,0,1.9e-12
0.9983362221548336,0.0,-0.0016411464126480,0.0000000000000000,-0.0074226853576289,0.0000000000000000,5.6799317955252677,3.0001122654679411,1.262316,0.521341,-1.7836573700656,2.6580972449470,0,1.8e-12
0.9983398357195868,0.0,-0.0016407980097028,0.0000000000000000,-0.0074378012135246,0.0000000000000000,5.6822305372216091,3.0001122020042792,1.251789,0.558691,-1.8104800764008,2.6993634748191,0,2.4e-12
0.9983435351928619,0.0,-0.0016404215745826,0.0000000000000000,-0.0074533202304393,0.0000000000000000,5.6845753713399665,3.0001121373507904,1.239772,0.598277,-1.8380495682759,2.7417276581141,0,3.0e-12
0.9983473232124450,0.0,-0.0016400153759549,0.0000000000000000,-0.0074692570328580,0.0000000000000000,5.6869672283112420,3.0001120714868406,1.225815,0.640576,-1.8663903164522,2.7852270854165,0,6.2e-13
0.9983512025430928,0.0,-0.0016395775667985,0.0000000000000000,-0.0074856270559454,0.0000000000000000,5.6894070579277951,3.0001120043915210,1.209213,0.686315,-1.8955277809895,2.8299008453115,0,1.2e-13
0.9983551760863535,0.0,-0.0016391061747643,0.0000000000000000,-0.0075024466123353,0.0000000000000000,5.6918958298109938,3.0001119360436483,1.188767,0.736721,-1.9254884694219,2.8757899508182,0,1.4e-13
0.9983592468914709,0.0,-0.0016385990914872,0.0000000000000000,-0.0075197329664084,0.0000000000000000,5.6944345338985052,3.0001118664217690,1.162106,0.794194,-1.9562999974354,2.9229374818257,0,2.0e-13
0.9983634181675017,0.0,-0.0016380540607035,0.0000000000000000,-0.0075375044170182,0.0000000000000000,5.6970241809533695,3.0001117955041625,1.122986,0.865005,-1.9879911566769,2.9713887416510,0,1.4e-13
0.9983676932968251,0.0,-0.0016374686650052,0.0000000000000000,-0.0075557803899207,0.0000000000000000,5.6996658030971918,3.0001117232688483,1.023296,0.997296,-2.0205919897637,3.0211914305554,0,2.8e-13
0.9983720758502483,0.0,-0.0016368403110284,0.0000000000000000,-0.0075745815413360,0.0000000000000000,5.7023604543702282,3.0001116496935905,1.105986,0.948147,-2.0541338733610,3.0723958393466,0,9.3e-13
0.9983765696039463,0.0,-0.0016361662128435,0.0000000000000000,-0.0075939298743232,0.0000000000000000,5.7051092113216182,3.0001115747559064,1.157040,0.931610,-2.0886496106643,3.1250550659834,0,2.1e-13
0.9983811785585179,0.0,-0.0016354433732651,0.0000000000000000,-0.0076138488699817,0.0000000000000000,5.7079131736336439,3.0001114984330792,1.202175,0.921998,-2.1241735362253,3.1792252578084,0,9.1e-13
0.9983859069604980,0.0,-0.0016346685627503,0.0000000000000000,-0.0076343636358576,0.0000000000000000,5.7107734647846256,3.0001114207021673,1.244740,0.916002,-2.1607416329351,3.2349658860746,0,2.0e-13
0.9983907593267207,0.0,-0.0016338382954882,0.0000000000000000,-0.0076555010744011,0.0000000000000000,5.7136912327560001,3.0001113415400220,1.286044,0.912347,-2.1983916650783,3.2923400566523,0,5.1e-13
0.9983957404720227,0.0,-0.0016329488022005,0.0000000000000000,-0.0076772900749077,0.0000000000000000,5.7166676507902752,3.0001112609233043,1.326771,0.910393,-2.2371633317124,3.3514148628390,0,5.3e-13
0.9984008555408616,0.0,-0.0016319959990770,0.0000000000000000,-0.0076997617330807,0.0000000000000000,5.7197039182079852,3.0001111788285084,1.367334,0.909765,-2.2770984420638,3.4122617903492,0,2.5e-13
0.9984061100435573,0.0,-0.0016309754521414,0.0000000000000000,-0.0077229496032507,0.0000000000000000,5.7228012612935819,3.0001110952319903,1.408015,0.910226,-2.3182411186589,3.4749571836103,0,8.2e-13
0.9984115098980156,0.0,-0.0016298823361852,0.0000000000000000,-0.0077468899894083,0.0000000000000000,5.7259609342624991,3.0001110101100008,1.449019,0.911619,-2.3606380356955,3.5395827856939,0,8.7e-13
0.9984170614779915,0.0,-0.0016287113872123,0.0000000000000000,-0.0077716222826338,0.0000000000000000,5.7291842203245409,3.0001109234387253,1.490507,0.913831,-2.4043386980843,3.6062263687151,0,1.5e-12
0.9984227716691987,0.0,-0.0016274568470727,0.0000000000000000,-0.0077971893543247,0.0000000000000000,5.7324724328625454,3.0001108351943371,1.532610,0.916785,-2.4493957737908,3.6749824742570,0,1.2e-12
0.9984286479348969,0.0,-0.0016261123986434,0.0000000000000000,-0.0078236380169657,0.0000000000000000,5.7358269167501490,3.0001107453530582,1.575441,0.920425,-2.4958654900630,3.7459532905127,0,2.2e-12
0.9984346983930016,0.0,-0.0016246710894769,0.0000000000000000,-0.0078510195672244,0.0000000000000000,5.7392490498389348,3.0001106538912401,1.619099,0.924709,-2.5438081135092,3.8192496990367,0,3.5e-13
0.9984409319073175,0.0,-0.0016231252412768,0.0000000000000000,-0.0078793904302000,0.0000000000000000,5.7427402446537243,3.0001105607854557,1.663679,0.929610,-2.5932885313816,3.8949925368815,0,2.9e-13
0.9984473581961987,0.0,-0.0016214663418105,0.0000000000000000,-0.0079088129288415,0.0000000000000000,5.7463019503462016,3.0001104660126239,1.709268,0.935109,-2.6443769708471,3.9733141306444,0,4.1e-13
0.9984539879629395,0.0,-0.0016196849148533,0.0000000000000000,-0.0079393562098460,0.0000000000000000,5.7499356549723872,3.0001103695501650,1.755953,0.941197,-2.6971498885136,4.0543601827249,0,5.3e-13
0.9984608330534820,0.0,-0.0016177703623889,0.0000000000000000,-0.0079710973668628,0.0000000000000000,5.7536428881806305,3.0001102713761942,1.803821,0.947870,-2.7516910903614,4.1382921148941,0,6.2e-13
0.9984679066488370,0.0,-0.0016157107713879,0.0000000000000000,-0.0080041228152302,0.0000000000000000,5.7574252244260071,3.0001101714697755,1.852961,0.955132,-2.8080931527935,4.2252900167043,0,1.8e-13
0.9984752235021248,0.0,-0.0016134926748271,0.0000000000000000,-0.0080385299910652,0.0000000000000000,5.7612842868682126,3.0001100698112571,1.903467,0.962992,-2.8664592518347,4.3155564023777,0,6.4e-13
0.9984828002336817,0.0,-0.0016111007528187,0.0000000000000000,-0.0080744294739678,0.0000000000000000,5.7652217521689515,3.0001099663826940,1.955440,0.971465,-2.9269055485219,4.4093210672271,0,2.2e-13
0.9984906557027797,0.0,-0.0016085174542130,0.0000000000000000,-0.0081119476707947,0.0000000000000000,5.7692393564905737,3.0001098611684447,2.008991,0.980573,-2.9895643459026,4.5068474636392,0,1.6e-12
0.9984988114820225,0.0,-0.0016057225108923,0.0000000000000000,-0.0081512302544119,0.0000000000000000,5.7733389031248441,3.0001097541559507,2.064242,0.990346,-3.0545883354476,4.6084412159832,0,2.3e-12
0.9985072924717061,0.0,-0.0016026923046252,0.0000000000000000,-0.0081924466362458,0.0000000000000000,5.7775222723734707,3.0001096453368326,2.121336,1.000820,-3.1221564127725,4.7144617093419,0,1.0e-12
0.9985161277087785,0.0,-0.0015993990271675,0.0000000000000000,-0.0082357958830746,0.0000000000000000,5.7817914346009056,3.0001095347084217,2.180440,1.012042,-3.1924818039740,4.8253381962144,0,2.2e-12
0.9985253514523255,0.0,-0.0015958095436478,0.0000000000000000,-0.0082815146971944,0.0000000000000000,5.7861484678564308,3.0001094222759788,2.241754,1.024070,-3.2658236922601,4.9415927247353,0,2.6e-13
0.9985348090840230,0.0,-0.0015919651018557,0.0000000000000000,-0.0083289028205553,0.0000000000000000,5.7905066471394724,3.0001093103345116,2.304239,1.036712,-3.3409512606547,5.0613892738936,0,3.6e-13
0.9985439495440531,0.0,-0.0015880882337605,0.0000000000000000,-0.0083752119125810,0.0000000000000000,5.7946100310950355,3.0001092054622167,2.364297,1.049212,-3.4135091011260,5.1778249960448,0,4.9e-13
0.9985527897919372,0.0,-0.0015841841009794,0.0000000000000000,-0.0084204966125267,0.0000000000000000,5.7984737716454164,3.0001091072331483,2.422120,1.061553,-3.4836731429551,5.2911589077231,0,5.4e-13
0.9985613461349109,0.0,-0.0015802567914848,0.0000000000000000,-0.0084648114129622,0.0000000000000000,5.8021121318658366,3.0001090152513079,2.477898,1.073728,-3.5516254924139,5.4016617580736,0,2.6e-13
0.9985692665845761,0.0,-0.0015764875391341,0.0000000000000000,-0.0085062753241015,0.0000000000000000,5.8053885971512358,3.0001089329051940,2.529430,1.085196,-3.6146261669776,5.5048062077292,0,2.8e-12
0.9985772552521316,0.0,-0.0015725517054936,0.0000000000000000,-0.0085485457882876,0.0000000000000000,5.8086015400264221,3.0001088526674344,2.581389,1.096956,-3.6783448974856,5.6098468628052,0,2.5e-13
0.9985793603165837,0.0,-0.0015714916465495,0.0000000000000000,-0.0085597619341567,0.0000000000000000,5.8094324966797224,3.0001088320074349,2.595089,1.100088,-3.6951768408728,5.6377206798621,0,6.6e-13
0.9985815257419783,0.0,-0.0015703910393628,0.0000000000000000,-0.0085713342545058,0.0000000000000000,5.8102803561749408,3.0001088109691194,2.609190,1.103324,-3.7125138708062,5.6664876906261,0,1.3e-13
0.9985837541370455,0.0,-0.0015692475781070,0.0000000000000000,-0.0085832801489266,0.0000000000000000,5.8111454809600298,3.0001087895479457,2.623713,1.106669,-3.7303815468259,5.6961963790773,0,2.4e-13
0.9985860483026753,0.0,-0.0015680587580739,0.0000000000000000,-0.0085956184119391,0.0000000000000000,5.8120282434606780,3.0001087677396452,2.638679,1.110129,-3.7488078535791,5.7268999578722,0,8.1e-13
0.9985884112542067,0.0,-0.0015668218508598,0.0000000000000000,-0.0086083694018555,0.0000000000000000,5.8129290266760236,3.0001087455402891,2.654113,1.113710,-3.7678235603173,5.7586570698752,0,6.3e-13
0.9985908462473208,0.0,-0.0015655338753517,0.0000000000000000,-0.0086215552376564,0.0000000000000000,5.8138482248593597,3.0001087229463645,2.670043,1.117420,-3.7874626512380,5.7915326274960,0,8.2e-13
0.9985933568082923,0.0,-0.0015641915635932,0.0000000000000000,-0.0086352000298928,0.0000000000000000,5.8147862443022431,3.0001086999548741,2.686497,1.121265,-3.8077628431352,5.8255988227115,0,3.1e-13
0.9985959467695574,0.0,-0.0015627913203663,0.0000000000000000,-0.0086493301532121,0.0000000000000000,5.8157435042454333,3.0001086765634448,2.703512,1.125254,-3.8287662152439,5.8609363546019,0,9.0e-13
0.9985986203118093,0.0,-0.0015613291749909,0.0000000000000000,-0.0086639745702314,0.0000000000000000,5.8167204379467181,3.0001086527704772,2.721124,1.129396,-3.8505199771254,5.8976359268629,0,8.9e-13
0.9986013820141890,0.0,-0.0015598007234048,0.0000000000000000,-0.0086791652193147,0.0000000000000000,5.8177174939446177,3.0001086285753193,2.739376,1.133701,-3.8730774183895,5.9358000977293,0,7.5e-13
0.9986042369146018,0.0,-0.0015582010579779,0.0000000000000000,-0.0086949374826527,0.0000000000000000,5.8187351375690453,3.0001086039784912,2.758318,1.138181,-3.8964990884959,5.9755455786774,0,9.6e-13
0.9986071905828394,0.0,-0.0015565246816807,0.0000000000000000,-0.0087113307563427,0.0000000000000000,5.8197738527666445,3.0001085789819588,2.778007,1.142847,-3.9208542793941,6.0170061222461,0,7.1e-13
0.9986102492100775,0.0,-0.0015547654020636,0.0000000000000000,-0.0087283891515150,0.0000000000000000,5.8208341443317382,3.0001085535895000,2.798508,1.147715,-3.9462229088372,6.0603361892951,0,1.1e-12
0.9986134197195753,0.0,-0.0015529161988358,0.0000000000000000,-0.0087461623659974,0.0000000000000000,5.8219165406666811,3.0001085278071544,2.819897,1.152801,-3.9726979406764,6.1057156609941,0,8.3e-13
0.9986167099052269,0.0,-0.0015509690564209,0.0000000000000000,-0.0087647067811354,0.0000000000000000,5.8230215972426889,3.0001085016438345,2.842263,1.158125,-4.0003885321586,6.1533559664323,0,6.3e-13
0.9986201286072497,0.0,-0.0015489147493032,0.0000000000000000,-0.0087840868605130,0.0000000000000000,5.8241499010016318,3.0001084751121123,2.865715,1.163710,-4.0294241932301,6.2035081781430,0,2.2e-13
0.9986236859382600,0.0,-0.0015467425625922,0.0000000000000000,-0.0088043769606833,0.0000000000000000,5.8253020760432168,3.0001084482292959,2.890380,1.169581,-4.0599603635719,6.2564738676058,0,2.2e-12
0.9986273935791000,0.0,-0.0015444399218476,0.0000000000000000,-0.0088256637157128,0.0000000000000000,5.8264787911009313,3.0001084210188940,2.916415,1.175771,-4.0921860356003,6.3126199411192,0,4.1e-13
0.9986312651733658,0.0,-0.0015419918928844,0.0000000000000000,-0.0088480492389754,0.0000000000000000,5.8276807695602129,3.0001083935126647,2.944013,1.182321,-4.1263343763865,6.3723993139754,0,7.6e-13
0.9986353168651984,0.0,-0.0015393804903034,0.0000000000000000,-0.0088716555194879,0.0000000000000000,5.8289088031766036,3.0001083657535474,2.973418,1.189280,-4.1626978995787,6.4363804387004,0,1.6e-12
0.9986395680513825,0.0,-0.0015365836958781,0.0000000000000000,-0.0088966306181669,0.0000000000000000,5.8301637713267231,3.0001083377999729,3.004939,1.196712,-4.2016507110619,6.5052906046696,0,1.4e-12
0.9986440424652289,0.0,-0.0015335740209287,0.0000000000000000,-0.0089231576727874,0.0000000000000000,5.8314466687968629,3.0001083097323997,3.038981,1.204701,-4.2436822049561,6.5800815284471,0,1.4e-12
0.9986482897520417,0.0,-0.0015306509284325,0.0000000000000000,-0.0089485797345242,0.0000000000000000,5.8326274932308406,3.0001082844370113,3.072256,1.212475,-4.2847314752603,6.6535589734026,0,1.5e-12
0.9986527788721586,0.0,-0.0015274868308670,0.0000000000000000,-0.0089757216893604,0.0000000000000000,5.8338353258682067,3.0001082592064470,3.108622,1.220936,-4.3295580300665,6.7342838118842,0,3.7e-13
0.9986549252055620,0.0,-0.0015259453806960,0.0000000000000000,-0.0089888034102368,0.0000000000000000,5.8343978418191176,3.0001082477167356,3.126504,1.225088,-4.3515913837702,6.7741458661618,0,7.2e-13
0.9986571626729868,0.0,-0.0015243177614297,0.0000000000000000,-0.0090025162840334,0.0000000000000000,5.8349737073729173,3.0001082361512577,3.145523,1.229501,-4.3750248582399,6.8166720953586,0,1.2e-12
0.9986594995987578,0.0,-0.0015225942854318,0.0000000000000000,-0.0090169245668574,0.0000000000000000,5.8355634884318173,3.0001082245365924,3.165836,1.234218,-4.4000539814022,6.8622413448883,0,1.4e-12
0.9986619458481709,0.0,-0.0015207632810393,0.0000000000000000,-0.0090321050762138,0.0000000000000000,5.8361678257883201,3.0001082129073371,3.187632,1.239290,-4.4269212937973,6.9113238104398,0,2.2e-12
0.9986645132934553,0.0,-0.0015188104572336,0.0000000000000000,-0.0090481511074146,0.0000000000000000,5.8367874560098159,3.0001082013090588,3.211146,1.244787,-4.4559329394406,6.9645133011550,0,2.7e-12
0.9986672164839612,0.0,-0.0015167179779846,0.0000000000000000,-0.0090651781055369,0.0000000000000000,5.8374232408353519,3.0001081898027171,2.352376,2.135107,-4.4874833262864,7.0225752049334,0,3.3e-12
0.9986700736433247,0.0,-0.0015144630656417,0.0000000000000000,-0.0090833321683391,0.0000000000000000,5.8380762097187793,3.0001081784715362,2.421705,2.100388,-4.5220931120757,7.0865203894713,0,6.5e-13
0.9986731082148371,0.0,-0.0015120158033131,0.0000000000000000,-0.0091028033332487,0.0000000000000000,5.8387476234130666,3.0001081674321508,2.484559,2.075911,-4.5604702665559,7.1577240268930,0,1.1e-12
0.9986763513788409,0.0,-0.0015093354939064,0.0000000000000000,-0.0091238474234782,0.0000000000000000,5.8394390726486929,3.0001081568536834,2.547138,2.056476,-4.6036135496347,7.2381270193665,0,2.4e-12
0.9986798464185793,0.0,-0.0015063642236274,0.0000000000000000,-0.0091468243395210,0.0000000000000000,5.8401526381749687,3.0001081469927016,2.612858,2.040142,-4.6529998588290,7.3306007972508,0,1.6e-12
0.9986836569311662,0.0,-0.0015030144830900,0.0000000000000000,-0.0091722709839561,0.0000000000000000,5.8408911638730299,3.0001081382631525,2.685029,2.025925,-4.7109540572848,7.4396677197201,0,4.2e-12
0.9986878840612218,0.0,-0.0014991424697267,0.0000000000000000,-0.0092010567071743,0.0000000000000000,5.8416587488932867,3.0001081313942493,2.768244,2.013226,-4.7814702692419,7.5731016481272,0,2.6e-12
0.9986927088856740,0.0,-0.0014944800712483,0.0000000000000000,-0.0092347734943490,0.0000000000000000,5.8424616655311032,3.0001081278555564,2.870775,2.001603,-4.8723780226464,7.7461518692593,0,2.3e-12
0.9986985271269272,0.0,-0.0014884073896420,0.0000000000000000,-0.0092770140086196,0.0000000000000000,5.8433097685394886,3.0001081313856139,3.012313,1.990607,-5.0029200383590,7.9963312942600,0,2.4e-12
0.9987066913102992,0.0,-0.0014785765886465,0.0000000000000000,-0.0093408254707651,0.0000000000000000,5.8442072581668221,3.0001081583517943,3.273716,1.979308,-5.2530241844585,8.4796928762521,0,2.5e-12
0.9987087791394059,0.0,-0.0014756593895984,0.0000000000000000,-0.0093585267245712,0.0000000000000000,5.8443591958728618,3.0001081718744396,3.361969,1.977048,-5.3390169674893,8.6467736105303,0,3.3e-12
0.9987115710443357,0.0,-0.0014713164035710,0.0000000000000000,-0.0093837008595359,0.0000000000000000,5.8444868485447659,3.0001081971040762,3.504983,1.974378,-5.4793600492255,8.9201587200476,0,3.5e-12
0.9987152106604273,0.0,-0.0014642917991793,0.0000000000000000,-0.0094211258570592,0.0000000000000000,5.8444400188507712,3.0001082517758322,3.771822,1.971477,-5.7432989560153,9.4360598821057,0,4.1e-12
0.9987169000009153,0.0,-0.0014598515962667,0.0000000000000000,-0.0094424634946040,0.0000000000000000,5.8442467693792448,3.0001082958277308,3.967710,1.970356,-5.9380660074307,9.8178008922825,0,3.0e-12
0.9987176830374643,0.0,-0.0014571370802956,0.0000000000000000,-0.0094545536170703,0.0000000000000000,5.8440658487750996,3.0001083265793360,4.099469,1.969889,-6.0693577983606,10.0754990781723,0,3.7e-12
0.9987181499103936,0.0,-0.0014550584830162,0.0000000000000000,-0.0094633016062994,0.0000000000000000,5.8438951877458161,3.0001083521383367,4.207053,1.969629,-6.1766823675507,10.2863349155428,0,2.8e-12
0.9987184510124103,0.0,-0.0014533148842027,0.0000000000000000,-0.0094702907928173,0.0000000000000000,5.8437306651354337,3.0001083749412789,4.302021,1.969470,-6.2714907942945,10.4727005601736,0,2.6e-12
0.9987186468821423,0.0,-0.0014517799980301,0.0000000000000000,-0.0094761759308821,0.0000000000000000,5.8435698231478206,3.0001083960511994,4.389332,1.969370,-6.3587022520206,10.6442197380131,0,3.1e-12
0.9987187680646985,0.0,-0.0014503881088079,0.0000000000000000,-0.0094812941105235,0.0000000000000000,5.8434111158544129,3.0001084160362348,4.471611,1.969310,-6.4409214353408,10.8059899466343,0,4.4e-12
0.9987188321675718,0.0,-0.0014491003246395,0.0000000000000000,-0.0094858430373475,0.0000000000000000,5.8432535007554849,3.0001084352398819,4.550435,1.969279,-6.5197140016024,10.9610761800763,0,2.2e-12
0.9987188502729585,0.0,-0.0014478915572970,0.0000000000000000,-0.0094899491845962,0.0000000000000000,5.8430962330611429,3.0001084538879295,4.626836,1.969269,-6.5961057366096,11.1114871766304,0,3.1e-12
0.9987188298026507,0.0,-0.0014467445869750,0.0000000000000000,-0.0094936986418465,0.0000000000000000,5.8429387551871450,3.0001084721381215,4.701536,1.969277,-6.6708125236360,11.2586252634984,0,3.1e-12
0.9987187759598094,0.0,-0.0014456470255741,0.0000000000000000,-0.0094971528082693,0.0000000000000000,5.8427806332806824,3.0001084901059487,4.775061,1.969298,-6.7443590133450,11.4035185397109,0,2.4e-12
0.9987186925209509,0.0,-0.0014445896249968,0.0000000000000000,-0.0095003570930336,0.0000000000000000,5.8426215186128019,3.0001085078791934,4.847814,1.969331,-6.8171451989503,11.5469511456402,0,1.7e-12
0.9987185823013259,0.0,-0.0014435652709245,0.0000000000000000,-0.0095033460689250,0.0000000000000000,5.8424611229511942,3.0001085255266733,4.920112,1.969374,-6.8894862569647,11.6895412313482,0,2.1e-12
0.9987184474434114,0.0,-0.0014425683522842,0.0000000000000000,-0.0095061466900094,0.0000000000000000,5.8422992022149600,3.0001085431037660,4.992212,1.969426,-6.9616376482618,11.8317900829071,0,2.1e-12
0.9987182896037314,0.0,-0.0014415943489857,0.0000000000000000,-0.0095087803886608,0.0000000000000000,5.8421355452569452,3.0001085606560518,5.064327,1.969485,-7.0338116138244,11.9741144147333,0,3.4e-12
0.9987181100783028,0.0,-0.0014406395526794,0.0000000000000000,-0.0095112644918253,0.0000000000000000,5.8419699659420434,3.0001085782218011,5.136638,1.969551,-7.1061883979711,12.1168683348527,0,1.7e-12
0.9987179098894928,0.0,-0.0014397008718448,0.0000000000000000,-0.0095136132069082,0.0000000000000000,5.8418022974137553,3.0001085958337192,5.209301,1.969623,-7.1789241250651,12.2603587753471,0,2.6e-12
0.9987176898477544,0.0,-0.0014387756922659,0.0000000000000000,-0.0095158383258258,0.0000000000000000,5.8416323878536671,3.0001086135201991,5.282456,1.969701,-7.2521564574611,12.4048565599222,0,2.4e-12
0.9987174505965130,0.0,-0.0014378617748315,0.0000000000000000,-0.0095179497394318,0.0000000000000000,5.8414600972858226,3.0001086313062491,5.356225,1.969784,-7.3260087695882,12.5506045867023,0,3.5e-12
0.9987171926454601,0.0,-0.0014369571792837,0.0000000000000000,-0.0095199558205609,0.0000000000000000,5.8412852951265934,3.0001086492141886,5.430722,1.969871,-7.4005932734029,12.6978239417178,0,1.3e-12
0.9987169163956772,0.0,-0.0014360602062591,0.0000000000000000,-0.0095218637144574,0.0000000000000000,5.8411078582781260,3.0001086672641732,5.506050,1.969964,-7.4760134173448,12.8467186081717,0,5.7e-13
0.9987166221588990,0.0,-0.0014351693526127,0.0000000000000000,-0.0095236795622315,0.0000000000000000,5.8409276696235501,3.0001086854746077,5.582305,1.970061,-7.5523657436547,12.9974790995223,0,3.6e-12
0.9987163101724829,0.0,-0.0014342832764775,0.0000000000000000,-0.0095254086752169,0.0000000000000000,5.8407446168243968,3.0001087038624670,5.659580,1.970161,-7.6297413534690,13.1502853219621,0,1.8e-12
0.9987159806111883,0.0,-0.0014334007695703,0.0000000000000000,-0.0095270556728142,0.0000000000000000,5.8405585913484783,3.0001087224435525,5.737961,1.970266,-7.7082270907073,13.3053089149291,0,7.7e-13
0.9987156335965471,0.0,-0.0014325207350384,0.0000000000000000,-0.0095286245925196,0.0000000000000000,5.8403694876750158,3.0001087412326979,5.817532,1.970374,-7.7879064911834,13.4627151003696,0,4.3e-12
0.9987152692044066,0.0,-0.0014316421695235,0.0000000000000000,-0.0095301189788085,0.0000000000000000,5.8401772026382801,3.0001087602439362,5.898375,1.970486,-7.8688605633562,13.6226642047279,0,2.0e-12
0.9987148874710315,0.0,-0.0014307641484819,0.0000000000000000,-0.0095315419555715,0.0000000000000000,5.8399816348805071,3.0001087794906365,5.980567,1.970601,-7.9511684512144,13.7853129845538,0,1.8e-12
0.9987144883981102,0.0,-0.0014298858141081,0.0000000000000000,-0.0095328962856132,0.0000000000000000,5.8397826843912437,3.0001087989856194,6.064188,1.970720,-8.0349079769185,13.9508156710601,0,1.7e-12
0.9987140719568692,0.0,-0.0014290063652813,0.0000000000000000,-0.0095341844199490,0.0000000000000000,5.8395802521163347,3.0001088187412503,6.149315,1.970842,-8.1201561138046,14.1193249077860,0,1.3e-12
0.9987136380914949,0.0,-0.0014281250491387,0.0000000000000000,-0.0095354085389739,0.0000000000000000,5.8393742396230675,3.0001088387695201,6.236023,1.970967,-8.2069893925083,14.2909925491479,0,1.4e-12
0.9987131867219807,0.0,-0.0014272411539657,0.0000000000000000,-0.0095365705870132,0.0000000000000000,5.8391645488109827,3.0001088590821103,6.324390,1.971095,-8.2954842563427,14.4659703596964,0,3.2e-12
0.9987127177465285,0.0,-0.0014263540031583,0.0000000000000000,-0.0095376723015550,0.0000000000000000,5.8389510816600021,3.0001088796904569,6.414492,1.971226,-8.3857173729942,14.6444106218009,0,2.1e-12
0.9987122310435601,0.0,-0.0014254629500325,0.0000000000000000,-0.0095387152381407,0.0000000000000000,5.8387337400095642,3.0001089006057939,6.506406,1.971360,-8.4777659216047,14.8264667140994,0,1.6e-12
0.9987117264734339,0.0,-0.0014245673733782,0.0000000000000000,-0.0095397007916120,0.0000000000000000,5.8385124253630130,3.0001089218391983,6.600211,1.971497,-8.5717078445841,15.0122935989899,0,1.8e-12
0.9987112038798964,0.0,-0.0014236666735925,0.0000000000000000,-0.0095406302143960,0.0000000000000000,5.8382870387133048,3.0001089434016301,6.695986,1.971636,-8.6676220831633,15.2020482897059,0,2.3e-12
0.9987106630913243,0.0,-0.0014227602693085,0.0000000000000000,-0.0095415046323077,0.0000000000000000,5.8380574803863849,3.0001089653039634,6.793810,1.971779,-8.7655887950678,15.3958902791458,0,4.7e-13
0.9987101039217854,0.0,-0.0014218475944388,0.0000000000000000,-0.0095423250582568,0.0000000000000000,5.8378236498993799,3.0001089875570166,6.893766,1.971924,-8.8656895619981,15.5939819609624,0,9.5e-13
0.9987095261719482,0.0,-0.0014209280955653,0.0000000000000000,-0.0095430924041990,0.0000000000000000,5.8375854458312659,3.0001090101715762,6.995936,1.972072,-8.9680075800118,15.7964889911523,0,5.8e-13
0.9987089296298615,0.0,-0.0014200012296233,0.0000000000000000,-0.0095438074915920,0.0000000000000000,5.8373427657040109,3.0001090331584224,7.100405,1.972223,-9.0726278495705,16.0035806781520,0,1.7e-12
0.9987083140716252,0.0,-0.0014190664618283,0.0000000000000000,-0.0095444710606005,0.0000000000000000,5.8370955058726208,3.0001090565283506,7.207261,1.972376,-9.1796373549344,16.2154303326763,0,3.0e-12
0.9987076792619691,0.0,-0.0014181232638321,0.0000000000000000,-0.0095450837781669,0.0000000000000000,5.8368435614225307,3.0001090802921873,7.316593,1.972532,-9.2891252395370,16.4322156155002,0,3.4e-12
0.9987070249547390,0.0,-0.0014171711120265,0.0000000000000000,-0.0095456462452182,0.0000000000000000,5.8365868260735647,3.0001091044608117,7.428492,1.972691,-9.4011829832196,16.6541188949081,0,2.0e-12
0.9987063508933245,0.0,-0.0014162094860315,0.0000000000000000,-0.0095461590030099,0.0000000000000000,5.8363251920889994,3.0001091290451680,7.543052,1.972852,-9.5159045744623,16.8813275919221,0,2.7e-12
0.9987056568110186,0.0,-0.0014152378672998,0.0000000000000000,-0.0095466225388019,0.0000000000000000,5.8360585501892519,3.0001091540562821,7.660371,1.973016,-9.6333866808544,17.1140345082104,0,1.9e-12
0.9987049424313218,0.0,-0.0014142557378379,0.0000000000000000,-0.0095470372909140,0.0000000000000000,5.8357867894693287,3.0001091795052761,7.780546,1.973183,-9.7537288265488,17.3524381943726,0,2.1e-12
0.9987042074682014,0.0,-0.0014132625790227,0.0000000000000000,-0.0095474036532705,0.0000000000000000,5.8355097973194541,3.0001092054033780,7.903682,1.973352,-9.8770335659467,17.5967432866532,0,2.2e-12
0.9987034516263050,0.0,-0.0014122578705019,0.0000000000000000,-0.0095477219794620,0.0000000000000000,5.8352274593483378,3.0001092317619382,8.029884,1.973523,-10.0034066637078,17.8471608708280,0,2.3e-12
0.9987026746011383,0.0,-0.0014112410891665,0.0000000000000000,-0.0095479925864146,0.0000000000000000,5.8349396593086160,3.0001092585924374,8.159260,1.973697,-10.1329572769821,18.1039088446423,0,1.2e-12
0.9987018760792065,0.0,-0.0014102117081827,0.0000000000000000,-0.0095482157576949,0.0000000000000000,5.8346462790240805,3.0001092859064986,8.291924,1.973874,-10.2657981440533,18.3672123013676,0,2.1e-12
0.9987010557381276,0.0,-0.0014091691960774,0.0000000000000000,-0.0095483917465031,0.0000000000000000,5.8343471983183184,3.0001093137159005,8.427993,1.974053,-10.4020457740974,18.6373038970013,0,2.4e-12
0.9987002132467157,0.0,-0.0014081130158671,0.0000000000000000,-0.0095485207783792,0.0000000000000000,5.8340422949444743,3.0001093420325824,8.567586,1.974235,-10.5418206478552,18.9144242618023,0,1.9e-12
0.9986993482650385,0.0,-0.0014070426242258,0.0000000000000000,-0.0095486030536612,0.0000000000000000,5.8337314445158377,3.0001093708686564,8.710829,1.974419,-10.6852474225485,19.1988224096854,0,1.6e-12
0.9986984604444553,0.0,-0.0014059574706813,0.0000000000000000,-0.0095486387497365,0.0000000000000000,5.8334145204370333,3.0001094002364215,8.857850,1.974605,-10.8324551437879,19.4907561587437,0,1.4e-12
0.9986975494276270,0.0,-0.0014048569968428,0.0000000000000000,-0.0095486280230561,0.0000000000000000,5.8330913938355646,3.0001094301483633,9.008783,1.974794,-10.9835774668711,19.7904925777687,0,1.6e-12
0.9986966148485132,0.0,-0.0014037406356443,0.0000000000000000,-0.0095485710110200,0.0000000000000000,5.8327619334935470,3.0001094606171730,9.163767,1.974986,-11.1387528855957,20.0983084400449,0,1.1e-12
0.9986956563323464,0.0,-0.0014026078106086,0.0000000000000000,-0.0095484678336653,0.0000000000000000,5.8324260057794239,3.0001094916557500,9.322945,1.975179,-11.2981249726726,20.4144907122703,0,9.4e-13
0.9986946734955883,0.0,-0.0014014579351244,0.0000000000000000,-0.0095483185952188,0.0000000000000000,5.8320834745795107,3.0001095232772141,9.486467,1.975376,-11.4618426280096,20.7393370456020,0,9.3e-13
0.9986936659458742,0.0,-0.0014002904117307,0.0000000000000000,-0.0095481233855327,0.0000000000000000,5.8317342012292235,3.0001095554949120,9.654486,1.975575,-11.6300603400495,21.0731563039705,0,1.5e-12
0.9986926332819366,0.0,-0.0013991046314098,0.0000000000000000,-0.0095478822813847,0.0000000000000000,5.8313780444438468,3.0001095883224300,9.827163,1.975776,-11.8029384573940,21.4162691040833,0,1.8e-12
0.9986915750935181,0.0,-0.0013978999728822,0.0000000000000000,-0.0095475953476841,0.0000000000000000,5.8310148602487155,3.0001096217735985,10.004664,1.975979,-11.9806434743120,21.7690083898654,0,1.3e-12
0.9986904909612671,0.0,-0.0013966758019039,0.0000000000000000,-0.0095472626385679,0.0000000000000000,5.8306445019086821,3.0001096558625049,10.187163,1.976185,-12.1633483299020,22.1317200357974,0,9.3e-13
0.9986893804566215,0.0,-0.0013954314705590,0.0000000000000000,-0.0095468841984204,0.0000000000000000,5.8302668198567744,3.0001096906034994,10.374839,1.976393,-12.3512327206362,22.5047634697813,0,1.3e-12
0.9986882431416788,0.0,-0.0013941663165500,0.0000000000000000,-0.0095464600628023,0.0000000000000000,5.8298816616219131,3.0001097260112064,10.567879,1.976604,-12.5444834283217,22.8885123278942,0,8.5e-13
0.9986870785690531,0.0,-0.0013928796624802,0.0000000000000000,-0.0095459902593079,0.0000000000000000,5.8294888717556104,3.0001097621005317,10.766478,1.976817,-12.7432946665086,23.2833551579161,0,1.7e-12
0.9986858862817209,0.0,-0.0013915708151259,0.0000000000000000,-0.0095454748083645,0.0000000000000000,5.8290882917575289,3.0001097988866752,10.970836,1.977032,-12.9478684409058,23.6896961305390,0,1.5e-12
0.9986846658128505,0.0,-0.0013902390647004,0.0000000000000000,-0.0095449137239398,0.0000000000000000,5.8286797599998224,3.0001098363851368,11.181165,1.977250,-13.1584149317803,24.1079558154562,0,7.1e-13
0.9986834166856251,0.0,-0.0013888836840994,0.0000000000000000,-0.0095443070142306,0.0000000000000000,5.8282631116501564,3.0001098746117276,11.397683,1.977470,-13.3751528943751,24.5385719838594,0,1.1e-12
0.9986821384130483,0.0,-0.0013875039281359,0.0000000000000000,-0.0095436546822617,0.0000000000000000,5.8278381785933204,3.0001099135825791,11.620618,1.977692,-13.5983100794292,24.9820004442700,0,8.7e-13
0.9986808304977420,0.0,-0.0013860990327527,0.0000000000000000,-0.0095429567264658,0.0000000000000000,5.8274047893513412,3.0001099533141558,11.850208,1.977916,-13.8281236782696,25.4387159442698,0,1.7e-12
0.9986794924317288,0.0,-0.0013846682142185,0.0000000000000000,-0.0095422131411875,0.0000000000000000,5.8269627690020069,3.0001099938232616,12.086698,1.978143,-14.0648407885680,25.9092130912213,0,4.1e-13
0.9986781236962040,0.0,-0.0013832106682999,0.0000000000000000,-0.0095414239171664,0.0000000000000000,5.8265119390957150,3.0001100351270513,12.330347,1.978371,-14.3087189100796,26.3940073693793,0,7.9e-13
0.9986767237612963,0.0,-0.0013817255694092,0.0000000000000000,-0.0095405890419731,0.0000000000000000,5.8260521175705513,3.0001100772430456,12.581424,1.978602,-14.5600264610168,26.8936361520772,0,8.0e-13
0.9986752920858150,0.0,-0.0013802120697271,0.0000000000000000,-0.0095397085004027,0.0000000000000000,5.8255831186655103,3.0001101201891354,12.840208,1.978836,-14.8190433271665,27.4086598121702,0,4.1e-13
0.9986738281169844,0.0,-0.0013786692982954,0.0000000000000000,-0.0095387822748391,0.0000000000000000,5.8251047528317681,3.0001101639835968,13.106991,1.979071,-15.0860614407996,27.9396628886389,0,6.2e-13
0.9986723312901684,0.0,-0.0013770963600789,0.0000000000000000,-0.0095378103455850,0.0000000000000000,5.8246168266419112,3.0001102086451050,13.382077,1.979308,-15.3613853896451,28.4872552966410,0,6.6e-13
0.9986708010285795,0.0,-0.0013754923349953,0.0000000000000000,-0.0095367926911552,0.0000000000000000,5.8241191426970227,3.0001102541927400,13.665785,1.979548,-15.6453330624700,29.0520736304828,0,6.9e-13
0.9986692367429766,0.0,-0.0013738562769066,0.0000000000000000,-0.0095357292885509,0.0000000000000000,5.8236114995315393,3.0001103006460044,13.958447,1.979789,-15.9382363296640,29.6347825236961,0,2.1e-13
0.9986676378313486,0.0,-0.0013721872125756,0.0000000000000000,-0.0095346201134907,0.0000000000000000,5.8230936915157603,3.0001103480248328,14.260409,1.980033,-16.2404417639872,30.2360761034649,0,1.5e-12
0.9986660036785865,0.0,-0.0013704841405776,0.0000000000000000,-0.0095334651406340,0.0000000000000000,5.8225655087559183,3.0001103963496067,14.572033,1.980278,-16.5523113992683,30.8566794900792,0,1.3e-12
0.9986643336561385,0.0,-0.0013687460301713,0.0000000000000000,-0.0095322643437581,0.0000000000000000,5.8220267369917016,3.0001104456411678,14.893698,1.980526,-16.8742235388079,31.4973504465374,0,1.4e-12
0.9986626271216543,0.0,-0.0013669718201210,0.0000000000000000,-0.0095310176959254,0.0000000000000000,5.8214771574911000,3.0001104959208300,15.225799,1.980775,-17.2065736045220,32.1588810568709,0,1.4e-12
0.9986608834186127,0.0,-0.0013651604174689,0.0000000000000000,-0.0095297251696261,0.0000000000000000,5.8209165469424846,3.0001105472103951,15.568749,1.981026,-17.5497750411950,32.8420995591474,0,1.1e-12
0.9986591018759352,0.0,-0.0013633106962545,0.0000000000000000,-0.0095283867368911,0.0000000000000000,5.8203446773437673,3.0001105995321673,15.922981,1.981279,-17.9042602695837,33.5478722374971,0,1.4e-12
0.9986572818075830,0.0,-0.0013614214961777,0.0000000000000000,-0.0095270023693829,0.0000000000000000,5.8197613158885328,3.0001106529089698,16.288948,1.981534,-18.2704816996878,34.2771054647007,0,1.4e-12
0.9986554225121406,0.0,-0.0013594916211990,0.0000000000000000,-0.0095255720384831,0.0000000000000000,5.8191662248490008,3.0001107073641564,16.667122,1.981791,-18.6489128036184,35.0307478549202,0,2.3e-12
0.9986535232723789,0.0,-0.0013575198380786,0.0000000000000000,-0.0095240957153270,0.0000000000000000,5.8185591614556706,3.0001107629216333,17.058000,1.982049,-19.0400492514722,35.8097925253288,0,1.7e-12
0.9986515833548053,0.0,-0.0013555048748430,0.0000000000000000,-0.0095225733708524,0.0000000000000000,5.8179398777735098,3.0001108196058710,17.462101,1.982309,-19.4444101202053,36.6152795431375,0,1.2e-12
0.9986496020091935,0.0,-0.0013534454191810,0.0000000000000000,-0.0095210049758074,0.0000000000000000,5.8173081205745136,3.0001108774419243,17.879969,1.982571,-19.8625391723927,37.4482984712444,0,1.3e-12
0.9986475784680953,0.0,-0.0013513401167605,0.0000000000000000,-0.0095193905007402,0.0000000000000000,5.8166636312064783,3.0001109364554512,18.312173,1.982834,-20.2950062162307,38.3099910998550,0,2.4e-12
0.9986455119463346,0.0,-0.0013491875694615,0.0000000000000000,-0.0095177299159853,0.0000000000000000,5.8160061454578083,3.0001109966727282,18.759310,1.983098,-20.7424085484643,39.2015543288722,0,2.2e-12
0.9986434016404790,0.0,-0.0013469863335213,0.0000000000000000,-0.0095160231916082,0.0000000000000000,5.8153353934181595,3.0001110581206731,19.222008,1.983364,-21.2053724903281,40.1242432630848,0,2.0e-12
0.9986412467282938,0.0,-0.0013447349175838,0.0000000000000000,-0.0095142702973540,0.0000000000000000,5.8146510993347311,3.0001111208268627,19.700923,1.983632,-21.6845550180515,41.0793744753498,0,1.9e-12
0.9986390463681709,0.0,-0.0013424317806488,0.0000000000000000,-0.0095124712025587,0.0000000000000000,5.8139529814639817,3.0001111848195556,20.196745,1.983900,-22.1806454961527,42.0683294643638,0,1.6e-12
0.9986367996985379,0.0,-0.0013400753299118,0.0000000000000000,-0.0095106258760549,0.0000000000000000,5.8132407519185421,3.0001112501277110,20.710197,1.984170,-22.6943675252345,43.0925583817918,0,2.3e-12
0.9986345058372421,0.0,-0.0013376639184893,0.0000000000000000,-0.0095087342860540,0.0000000000000000,5.8125141165090870,3.0001113167810161,21.242039,1.984441,-23.2264809042684,44.1535839338380,0,1.5e-12
0.9986321638809105,0.0,-0.0013351958430202,0.0000000000000000,-0.0095067964000102,0.0000000000000000,5.8117727745808985,3.0001113848099026,21.793070,1.984714,-23.7777837260611,45.2530056182474,0,1.5e-12
0.9986297729042821,0.0,-0.0013326693411355,0.0000000000000000,-0.0095048121844630,0.0000000000000000,5.8110164188448410,3.0001114542455776,22.364128,1.984987,-24.3491146043431,46.3925041559490,0,2.7e-12
0.9986273319595167,0.0,-0.0013300825887852,0.0000000000000000,-0.0095027816048702,0.0000000000000000,5.8102447352024527,3.0001115251200439,22.956094,1.985261,-24.9413550502251,47.5738462484134,0,2.5e-12
0.9986248400754699,0.0,-0.0013274336974156,0.0000000000000000,-0.0095007046254081,0.0000000000000000,5.8094574025648242,3.0001115974661299,23.569895,1.985537,-25.5554320095555,48.7988896928580,0,3.0e-12
0.9986222962569437,0.0,-0.0013247207109821,0.0000000000000000,-0.0094985812087655,0.0000000000000000,5.8086540926649235,3.0001116713175136,24.206508,1.985813,-26.1923205651032,50.0695887613771,0,2.9e-12
0.9986196994839003,0.0,-0.0013219416027885,0.0000000000000000,-0.0094964113159079,0.0000000000000000,5.8078344698629873,3.0001117467087544,24.866957,1.986089,-26.8530468259999,51.3880000106415,0,2.7e-12
0.9986170487106467,0.0,-0.0013190942721389,0.0000000000000000,-0.0094941949058289,0.0000000000000000,5.8069981909445820,3.0001118236753208,25.552324,1.986367,-27.5386910117494,52.7562884500670,0,3.3e-12
0.9986143428649817,0.0,-0.0013161765407872,0.0000000000000000,-0.0094919319352759,0.0000000000000000,5.8061449049108855,3.0001119022536202,26.263746,1.986645,-28.2503907481963,54.1767341340219,0,3.3e-12
0.9986115808473065,0.0,-0.0013131861491715,0.0000000000000000,-0.0094896223584557,0.0000000000000000,5.8052742527607322,3.0001119824810356,27.002421,1.986923,-28.9893445940693,55.6517392437300,0,3.2e-12
0.9986087615296987,0.0,-0.0013101207524148,0.0000000000000000,-0.0094872661267250,0.0000000000000000,5.8043858672638819,3.0001120643959549,27.769614,1.987202,-29.7568158099422,57.1838356051524,0,1.0e-12
0.9986058837549321,0.0,-0.0013069779160647,0.0000000000000000,-0.0094848631882364,0.0000000000000000,5.8034793727250733,3.0001121480378075,28.566655,1.987481,-30.5541364015075,58.7756928348368,0,8.0e-13
0.9986029463354777,0.0,-0.0013037551115824,0.0000000000000000,-0.0094824134876003,0.0000000000000000,5.8025543847379621,3.0001122334471031,29.394951,1.987761,-31.3827114376736,60.4301269439704,0,6.3e-13
0.9985999480524322,0.0,-0.0013004497115167,0.0000000000000000,-0.0094799169654815,0.0000000000000000,5.8016105099286888,3.0001123206654685,30.255984,1.988040,-32.2440236874374,62.1501096065096,0,5.8e-13
0.9985968876544101,0.0,-0.0012970589843705,0.0000000000000000,-0.0094773735581940,0.0000000000000000,5.8006473456880521,3.0001124097356868,31.151319,1.988320,-33.1396385926372,63.9387781642537,0,1.6e-12
0.9985937638563805,0.0,-0.0012935800891216,0.0000000000000000,-0.0094747831972682,0.0000000000000000,5.7996644798916321,3.0001125007017437,32.082611,1.988599,-34.0712095994568,65.7994462608794,0,1.7e-12
0.9985905753384465,0.0,-0.0012900100693705,0.0000000000000000,-0.0094721458089799,0.0000000000000000,5.7986614906069756,3.0001125936088688,33.051606,1.988878,-35.0404838863033,67.7356153184656,0,8.6e-13
0.9985873207445657,0.0,-0.0012863458470830,0.0000000000000000,-0.0094694613138641,0.0000000000000000,5.7976379457869145,3.0001126885035836,34.060152,1.989157,-36.0493085183981,69.7509868816962,0,1.8e-12
0.9985839986812056,0.0,-0.0012825842158930,0.0000000000000000,-0.0094667296261896,0.0000000000000000,5.7965934029479849,3.0001127854337488,35.110202,1.989435,-37.0996370605743,71.8494757950206,0,2.1e-12
0.9985806077159307,0.0,-0.0012787218339271,0.0000000000000000,-0.0094639506534037,0.0000000000000000,5.7955274088328057,3.0001128844486207,36.203824,1.989713,-38.1935366972200,74.0352244933895,0,1.2e-12
0.9985771463759153,0.0,-0.0012747552161053,0.0000000000000000,-0.0094611242955480,0.0000000000000000,5.7944394990551880,3.0001129855988986,37.343206,1.989990,-39.3331958963343,76.3126183503550,0,2.3e-12
0.9985736131463774,0.0,-0.0012706807258743,0.0000000000000000,-0.0094582504446342,0.0000000000000000,5.7933291977265728,3.0001130889367875,38.530666,1.990267,-40.5209326629644,78.6863021369716,0,2.3e-12
0.9985700064689278,0.0,-0.0012664945663169,0.0000000000000000,-0.0094553289839854,0.0000000000000000,5.7921960170623095,3.0001131945160573,39.768661,1.990542,-41.7592034433924,81.1611978764719,0,1.5e-12
0.9985663247398263,0.0,-0.0012621927705808,0.0000000000000000,-0.0094523597875349,0.0000000000000000,5.7910394569660575,3.0001133023921054,41.059796,1.990817,-43.0506127313923,83.7425240792245,0,1.9e-12
0.9985625663081403,0.0,-0.0012577711915597,0.0000000000000000,-0.0094493427190872,0.0000000000000000,5.7898590045904825,3.0001134126220252,42.406834,1.991090,-44.3979234391637,86.4358164487472,0,3.3e-12
0.9985587294737946,0.0,-0.0012532254907552,0.0000000000000000,-0.0094462776315276,0.0000000000000000,5.7886541338721393,3.0001135252646756,43.812706,1.991362,-45.8040681070517,89.2469502954716,0,3.0e-12
0.9985548124855070,0.0,-0.0012485511262352,0.0000000000000000,-0.0094431643659922,0.0000000000000000,5.7874243050382601,3.0001136403807611,45.280529,1.991632,-47.2721610320794,92.1821648695939,0,3.7e-12
0.9985508135385963,0.0,-0.0012437433396001,0.0000000000000000,-0.0094400027509761,0.0000000000000000,5.7861689640828606,3.0001137580329069,46.813610,1.991901,-48.8055113901903,95.2480895113763,0,4.0e-12
0.9985467307726573,0.0,-0.0012387971418536,0.0000000000000000,-0.0094367926013956,0.0000000000000000,5.7848875422092654,3.0001138782857479,48.415469,1.992168,-50.4076374598796,98.4517721397801,0,2.0e-12
0.9985425622690723,0.0,-0.0012337072980463,0.0000000000000000,-0.0094335337175715,0.0000000000000000,5.7835794552359916,3.0001140012060170,50.089848,1.992434,-52.0822820543120,101.8007101915707,0,2.1e-12
0.9985383060483866,0.0,-0.0012284683106039,0.0000000000000000,-0.0094302258841763,0.0000000000000000,5.7822441029619700,3.0001141268626448,51.840732,1.992697,-53.8334292520646,105.3028838945172,0,1.8e-12
0.9985339600674794,0.0,-0.0012230744011352,0.0000000000000000,-0.0094268688690834,0.0000000000000000,5.7808808684875777,3.0001142553268578,53.672364,1.992958,-55.6653226022789,108.9667928268345,0,2.0e-12
0.9985295222165520,0.0,-0.0012175194905939,0.0000000000000000,-0.0094234624221453,0.0000000000000000,5.7794891174864862,3.0001143866722955,55.589268,1.993217,-57.5824849123568,112.8014954330288,0,3.6e-12
0.9985249903158986,0.0,-0.0012117971775861,0.0000000000000000,-0.0094200062738944,0.0000000000000000,5.7780681974233117,3.0001145209751234,57.596266,1.993474,-59.5897397950087,116.8166520264044,0,2.3e-12
0.9985203621124399,0.0,-0.0012059007146105,0.0000000000000000,-0.0094165001341408,0.0000000000000000,5.7766174367111640,3.0001146583141618,59.698507,1.993728,-61.6922351630164,121.0225718686388,0,1.9e-12
0.9985156352759950,0.0,-0.0011998229819817,0.0000000000000000,-0.0094129436904671,0.0000000000000000,5.7751361438024222,3.0001147987710208,61.901490,1.993979,-63.8954688645199,125.4302643842921,0,3.7e-12
0.9985108073952634,0.0,-0.0011935564591508,0.0000000000000000,-0.0094093366066146,0.0000000000000000,5.7736236062051605,3.0001149424302485,64.211090,1.994227,-66.2053166903204,130.0514950304751,0,3.5e-12
0.9985058759734858,0.0,-0.0011870931930995,0.0000000000000000,-0.0094056785207356,0.0000000000000000,5.7720790894165361,3.0001150893794906,66.633591,1.994472,-68.6280630247133,134.8988467483691,0,4.6e-12
0.9985008384237475,0.0,-0.0011804247634312,0.0000000000000000,-0.0094019690435079,0.0000000000000000,5.7705018357631923,3.0001152397096558,69.175720,1.994714,-71.1704344053383,139.9857868013910,0,1.3e-12
0.9984956920638705,0.0,-0.0011735422437016,0.0000000000000000,-0.0093982077560855,0.0000000000000000,5.7688910631374783,3.0001153935151081,71.844684,1.994953,-73.8396363619276,145.3267407336775,0,2.7e-12
0.9984904341108811,0.0,-0.0011664361585364,0.0000000000000000,-0.0093943942078852,0.0000000000000000,5.7672459636158750,3.0001155508938648,74.648206,1.995188,-76.6433938473329,150.9371727794501,0,2.1e-12
0.9984850616749504,0.0,-0.0011590964358782,0.0000000000000000,-0.0093905279141547,0.0000000000000000,5.7655657019451052,3.0001157119478163,77.594577,1.995419,-79.5899957527477,156.8336750648909,0,2.7e-12
0.9984795717527789,0.0,-0.0011515123537216,0.0000000000000000,-0.0093866083533309,0.0000000000000000,5.7638494138778871,3.0001158767829650,80.692698,1.995646,-82.6883439411460,163.0340654794863,0,1.9e-12
0.9984739612203378,0.0,-0.0011436724805110,0.0000000000000000,-0.0093826349641341,0.0000000000000000,5.7620962043380741,3.0001160455096914,83.952138,1.995869,-85.9480073774825,169.5574959547757,0,2.5e-12
0.9984682268248825,0.0,-0.0011355646082482,0.0000000000000000,-0.0093786071423769,0.0000000000000000,5.7603051453913210,3.0001162182430359,87.383194,1.996088,-89.3792819729643,176.4245718721359,0,3.6e-12
0.9984623651761397,0.0,-0.0011271756771902,0.0000000000000000,-0.0093745242374357,0.0000000000000000,5.7584752739932821,3.0001163951030239,90.996954,1.996303,-92.9932568845447,183.6574845746409,0,2.1e-12
0.9984563727365365,0.0,-0.0011184916907701,0.0000000000000000,-0.0093703855483411,0.0000000000000000,5.7566055894827448,3.0001165762150084,94.805375,1.996513,-96.8018881180826,191.2801585889674,0,8.1e-13
0.9984502458103678,0.0,-0.0011094976191991,0.0000000000000000,-0.0093661903194419,0.0000000000000000,5.7546950507803452,3.0001167617100650,98.821362,1.996718,-100.8180803728508,199.3184149441649,0,2.6e-12
0.9984439805316889,0.0,-0.0011001772897558,0.0000000000000000,-0.0093619377355477,0.0000000000000000,5.7527425732476392,3.0001169517254205,103.058860,1.996919,-105.0557783058720,207.8001534873774,0,3.0e-12
0.9984375728507755,0.0,-0.0010905132614979,0.0000000000000000,-0.0093576269164927,0.0000000000000000,5.7507470251512212,3.0001171464049388,107.532955,1.997114,-109.5300685167638,216.7555568085627,0,5.3e-12
0.9984310185189026,0.0,-0.0010804866815670,0.0000000000000000,-0.0093532569110108,0.0000000000000000,5.7487072236665764,3.0001173458996595,112.259990,1.997304,-114.2572937977433,226.2173182667302,0,1.6e-12
0.9984243130711523,0.0,-0.0010700771196341,0.0000000000000000,-0.0093488266898071,0.0000000000000000,5.7466219303431076,3.0001175503684103,117.257693,1.997489,-119.2551815109924,236.2208987813019,0,3.0e-12
0.9984174518069461,0.0,-0.0010592623763291,0.0000000000000000,-0.0093443351376896,0.0000000000000000,5.7444898459345781,3.0001177599784938,122.545321,1.997668,-124.5429882044296,246.8048153954278,0,4.0e-12
0.9984104297678467,0.0,-0.0010480182603674,0.0000000000000000,-0.0093397810445752,0.0000000000000000,5.7423096044801127,3.0001179749064706,128.143822,1.997841,-130.1416631102131,258.0109681325048,0,4.0e-12
0.9984032417121638,0.0,-0.0010363183279424,0.0000000000000000,-0.0093351630951746,0.0000000000000000,5.7400797664938308,3.0001181953390565,134.076025,1.998008,-136.0740335688682,269.8850102771576,0,2.6e-12
0.9983958820857207,0.0,-0.0010241335761962,0.0000000000000000,-0.0093304798570730,0.0000000000000000,5.7377988110898714,3.0001184214741441,140.366847,1.998170,-142.3650161529458,282.4767706365674,0,2.7e-12
0.9983883449880618,0.0,-0.0010114320805324,0.0000000000000000,-0.0093257297669173,0.0000000000000000,5.7354651268271688,3.0001186535219859,147.043533,1.998325,-149.0418579390108,295.8407349246336,0,3.2e-12
0.9983806241331110,0.0,-0.0009981785625606,0.0000000000000000,-0.0093209111142756,0.0000000000000000,5.7330770010070591,3.0001188917065700,154.135940,1.998474,-156.1344135450628,310.0365997608096,0,1.6e-12
0.9983727128031151,0.0,-0.0009843338717795,0.0000000000000000,-0.0093160220226765,0.0000000000000000,5.7306326070874016,3.0001191362672208,161.676849,1.998616,-163.6754646909055,325.1299112916713,0,3.4e-12
0.9983646037943985,0.0,-0.0009698543590215,0.0000000000000000,-0.0093110604271972,0.0000000000000000,5.7281299897881910,3.0001193874604835,169.702339,1.998752,-171.7010907173561,341.1928051762206,0,3.7e-12
0.9983562893529859,0.0,-0.0009546911126456,0.0000000000000000,-0.0093060240477798,0.0000000000000000,5.7255670473482967,3.0001196455623518,178.252220,1.998880,-180.2511007034819,358.3048702689921,0,2.9e-12
0.9983477610976621,0.0,-0.0009387890189711,0.0000000000000000,-0.0093009103572149,0.0000000000000000,5.7229415102376562,3.0001199108709287,187.370538,1.999002,-189.3695405671950,376.5541625396654,0,3.2e-12
0.9983390099273266,0.0,-0.0009220855950813,0.0000000000000000,-0.0092957165424714,0.0000000000000000,5.7202509154225671,3.0001201837096159,197.106175,1.999117,-199.1052921918285,396.0384016424505,0,3.2e-12
0.9983300259084397,0.0,-0.0009045095228923,0.0000000000000000,-0.0092904394575501,0.0000000000000000,5.7174925750052612,3.0001204644309860,207.513561,1.999225,-209.5127868018447,416.8663977223987,0,4.2e-12
0.9983207981371468,0.0,-0.0008859787860765,0.0000000000000000,-0.0092850755655554,0.0000000000000000,5.7146635376758947,3.0001207534215135,218.653535,1.999326,-220.6528613184502,439.1597623495472,0,2.5e-12
0.9983113145687025,0.0,-0.0008663982705663,0.0000000000000000,-0.0092796208668129,0.0000000000000000,5.7117605408952752,3.0001210511074161,230.594376,1.999420,-232.5937960344819,463.0549836880054,0,2.8e-12
0.9983015618043741,0.0,-0.0008456566285587,0.0000000000000000,-0.0092740708088347,0.0000000000000000,5.7087799509953951,3.0001213579619392,243.413078,1.999506,-245.4125846862612,488.7059654016339,0,3.6e-12
0.9982915248223438,0.0,-0.0008236221118615,0.0000000000000000,-0.0092684201723662,0.0000000000000000,5.7057176873658184,3.0001216745145420,257.196921,1.999585,-259.1965065470136,516.2871695504145,0,4.0e-12
0.9982811866340573,0.0,-0.0008001369322002,0.0000000000000000,-0.0092626629255978,0.0000000000000000,5.7025691254510802,3.0001220013626106,272.045439,1.999657,-274.0450964557832,545.9975563392509,0,5.2e-12
0.9982705278403239,0.0,-0.0007750094653983,0.0000000000000000,-0.0092567920356371,0.0000000000000000,5.6993289712419637,3.0001223391865688,288.072925,1.999721,-290.0726467764504,578.0655872981588,0,5.6e-12
0.9982595260512662,0.0,-0.0007480032120433,0.0000000000000000,-0.0092507992220882,0.0000000000000000,5.6959910970809542,3.0001226887696175,305.411653,1.999779,-307.4114312564508,612.7556721345100,0,3.8e-12
0.9982481551203531,0.0,-0.0007188207231940,0.0000000000000000,-0.0092446746319829,0.0000000000000000,5.6925483246968156,3.0001230510237775,324.216094,1.999829,-326.2159227019351,650.3766043657160,0,8.2e-12
0.9982363841250993,0.0,-0.0006870794186638,0.0000000000000000,-0.0092384064085273,0.0000000000000000,5.6889921365077107,3.0001234270245671,344.668524,1.999872,-346.6683951597735,691.2927665922616,0,2.8e-12
0.9982241760100234,0.0,-0.0006522737745124,0.0000000000000000,-0.0092319801207750,0.0000000000000000,5.6853122917471932,3.0001238180572187,366.986557,1.999908,-368.9864641999116,735.9392126085004,0,7.3e-12
0.9982114858120468,0.0,-0.0006137133768466,0.0000000000000000,-0.0092253780283206,0.0000000000000000,5.6814963262536802,3.0001242256773151,391.433366,1.999937,-393.4333029814005,784.8421032277110,0,5.7e-12
0.9981982584996199,0.0,-0.0005704154647739,0.0000000000000000,-0.0092185782166348,0.0000000000000000,5.6775289491280745,3.0001246517852396,418.331344,1.999960,-420.3313041696893,838.6460365253151,0,2.9e-12
0.9981844270142815,0.0,-0.0005209046275153,0.0000000000000000,-0.0092115539197871,0.0000000000000000,5.6733915166432141,3.0001250986958468,448.079013,1.999977,-450.0789899663035,898.1478807044623,0,5.6e-12
0.9981699135772122,0.0,-0.0004628029951860,0.0000000000000000,-0.0092042745525259,0.0000000000000000,5.6690624975289037,3.0001255691040680,481.164952,2.000000,-483.1649407708044,964.3246522887930,0,3.9e-12
0.9981546490530078,0.0,-0.0003918799823441,0.0000000000000000,-0.0091967155890372,0.0000000000000000,5.6645233038846508,3.0001260654625419,518.139892,2.000000,-520.1398879662320,1038.2777427964611,0,3.7e-12
0.9981386921774801,0.0,-0.0002994244879275,0.0000000000000000,-0.0091889161911699,0.0000000000000000,5.6597935697396560,3.0001265860834030,559.308839,2.000000,-561.3088386539954,1120.6172501192486,0,4.0e-12
0.9981230663306404,0.0,-0.0001628669531932,0.0000000000000000,-0.0091813761923152,0.0000000000000000,5.6551772959539610,3.0001270976259229,602.256681,2.000000,-604.2566805613305,1206.5133500153606,0,4.7e-12
