x0,y0,z0,xd0,yd0,zd0,Tp,JC,stabilityIndex1,stabilityIndex2,alpha,beta,impactFlag,error
0.9965404441059430,0.0,-0.0000018688576675,-0.0000000000564641,-0.0023416581120415,0.0000001655180521,7.9344612240992154,3.0001395240151694,-1429.838712,2.000000,1427.8387120213229,-2857.6774409261998,0,2.8e-10
0.9965404451732560,0.0,-0.0000035509364254,-0.0000000004157233,-0.0023416588906662,0.0000006413040296,7.9344622240992155,3.0001395239717521,-1429.840025,2.000000,1427.8400249992337,-2857.6800604420714,0,4.0e-10
0.9965404462395677,0.0,-0.0000046588956453,-0.0000000008057706,-0.0023416596694426,0.0000009473753869,7.9344632240992148,3.0001395239283348,-1429.841340,2.000000,1427.8413398131340,-2857.6826920777094,0,1.3e-09
0.9965404473054276,0.0,-0.0000055490780678,-0.0000000012115091,-0.0023416604482835,0.0000011959135766,7.9344642240992149,3.0001395238849171,-1429.842653,2.000000,1427.8426533103554,-2857.6853112443350,0,1.1e-09
0.9965404483710539,0.0,-0.0000063146366854,-0.0000000016243405,-0.0023416612271752,0.0000014090384614,7.9344652240992151,3.0001395238414998,-1429.843965,2.000000,1427.8439646415659,-2857.6879401857732,0,4.7e-10
0.9965404494367085,0.0,-0.0000069969527571,-0.0000000020354312,-0.0023416620060304,0.0000015934503514,7.9344662240992152,3.0001395237980830,-1429.845279,2.000000,1427.8452787932792,-2857.6905709829880,0,6.6e-10
0.9965404505020046,0.0,-0.0000076179370739,-0.0000000024598668,-0.0023416627849561,0.0000017687519351,7.9344672240992153,3.0001395237546662,-1429.846591,2.000000,1427.8465912439422,-2857.6931934941094,0,3.2e-10
0.9965404515671937,0.0,-0.0000081918444562,-0.0000000028879860,-0.0023416635638966,0.0000019310995600,7.9344682240992155,3.0001395237112494,-1429.847905,2.000000,1427.8479053279266,-2857.6958168019773,0,2.0e-10
0.9965404526322237,0.0,-0.0000087279145543,-0.0000000033216391,-0.0023416643428736,0.0000020846493609,7.9344692240992147,3.0001395236678317,-1429.849218,2.000000,1427.8492175962613,-2857.6984469090821,0,5.0e-10
0.9965404536972413,0.0,-0.0000092328982120,-0.0000000037553347,-0.0023416651218301,0.0000022279294300,7.9344702240992149,3.0001395236244148,-1429.850531,2.000000,1427.8505312691157,-2857.7010707698064,0,1.7e-10
0.9965404547621436,0.0,-0.0000097115365914,-0.0000000041931868,-0.0023416659008179,0.0000023650842216,7.9344712240992150,3.0001395235809984,-1429.851844,2.000000,1427.8518442613731,-2857.7037070790539,0,6.7e-10
0.9965404558269438,0.0,-0.0000101675767932,-0.0000000046340406,-0.0023416666798052,0.0000024965158865,7.9344722240992152,3.0001395235375812,-1429.853156,2.000000,1427.8531561865541,-2857.7063294010004,0,1.0e-09
0.9965404568917113,0.0,-0.0000106039448895,-0.0000000050785629,-0.0023416674588632,0.0000026233875951,7.9344732240992153,3.0001395234941617,-1429.854470,2.000000,1427.8544704892631,-2857.7089532573009,0,3.8e-10
0.9965404579563234,0.0,-0.0000110229708617,-0.0000000055246066,-0.0023416682378658,0.0000027453117789,7.9344742240992154,3.0001395234507466,-1429.855784,2.000000,1427.8557840715919,-2857.7115807980299,0,7.5e-10
0.9965404590208089,0.0,-0.0000114264882925,-0.0000000059778807,-0.0023416690169351,0.0000028656512557,7.9344752240992147,3.0001395234073285,-1429.857097,2.000000,1427.8570968480174,-2857.7141981865279,0,4.7e-12
0.9965404600851919,0.0,-0.0000118161743245,-0.0000000064325433,-0.0023416697959899,0.0000029819085738,7.9344762240992148,3.0001395233639130,-1429.858409,2.000000,1427.8584090709062,-2857.7168348905398,0,1.9e-10
0.9965404611495388,0.0,-0.0000121933875467,-0.0000000068882338,-0.0023416705750609,0.0000030943724974,7.9344772240992150,3.0001395233204962,-1429.859724,2.000000,1427.8597241130485,-2857.7194465277717,0,1.3e-09
0.9965404622137883,0.0,-0.0000125591762025,-0.0000000073482937,-0.0023416713541307,0.0000032048886163,7.9344782240992151,3.0001395232770798,-1429.861036,2.000000,1427.8610361573299,-2857.7220783219673,0,5.7e-10
0.9965404632911491,0.0,-0.0000129249093082,-0.0000000073227522,-0.0023416721312819,0.0000031033770933,7.9344792240992152,3.0001395232336621,-1429.862348,2.000000,1427.8623481302120,-2857.7247111954493,0,3.6e-10
0.9965404643658514,0.0,-0.0000132785491280,-0.0000000073768680,-0.0023416729088200,0.0000030430479393,7.9344802240992154,3.0001395231902452,-1429.863661,2.000000,1427.8636605121915,-2857.7273362966953,0,1.5e-11
0.9965404654361942,0.0,-0.0000136197634751,-0.0000000075965413,-0.0023416736870026,0.0000030551565948,7.9344812240992155,3.0001395231468289,-1429.864974,2.000000,1427.8649737629175,-2857.7299601691775,0,2.4e-11
0.9965404665078639,0.0,-0.0000139536015972,-0.0000000077570073,-0.0023416744649909,0.0000030450517174,7.9344822240992148,3.0001395231034120,-1429.866287,2.000000,1427.8662866656209,-2857.7325886759209,0,4.7e-10
0.9965404675774877,0.0,-0.0000142781770624,-0.0000000080007298,-0.0023416752432904,0.0000030693281971,7.9344832240992149,3.0001395230599948,-1429.867600,2.000000,1427.8675997087787,-2857.7352075818926,0,2.2e-10
0.9965404686498108,0.0,-0.0000145974218093,-0.0000000081234326,-0.0023416760211778,0.0000030482432429,7.9344842240992151,3.0001395230165784,-1429.868912,2.000000,1427.8689124291368,-2857.7378363879398,0,2.1e-10
0.9965404697202404,0.0,-0.0000149085397448,-0.0000000083255695,-0.0023416767993527,0.0000030588962607,7.9344852240992152,3.0001395229731620,-1429.870225,2.000000,1427.8702250192866,-2857.7404633309925,0,2.4e-10
0.9965404707908662,0.0,-0.0000152134262317,-0.0000000085164000,-0.0023416775775015,0.0000030662997316,7.9344862240992153,3.0001395229297447,-1429.871537,2.000000,1427.8715374495730,-2857.7430908853421,0,9.0e-11
0.9965404718616870,0.0,-0.0000155124511869,-0.0000000086952905,-0.0023416783556174,0.0000030703575481,7.9344872240992155,3.0001395228863283,-1429.872850,2.000000,1427.8728501434089,-2857.7457161995117,0,2.2e-10
0.9965404729323138,0.0,-0.0000158056962303,-0.0000000088805279,-0.0023416791337608,0.0000030775856166,7.9344882240992147,3.0001395228429115,-1429.874163,2.000000,1427.8741632015578,-2857.7483400224010,0,2.6e-10
0.9965404740027114,0.0,-0.0000160934524985,-0.0000000090747548,-0.0023416799119426,0.0000030886619266,7.9344892240992149,3.0001395227994951,-1429.875475,2.000000,1427.8754754639922,-2857.7509664961835,0,1.6e-10
0.9965404750722013,0.0,-0.0000163755925082,-0.0000000093111365,-0.0023416806902589,0.0000031145122357,7.9344902240992150,3.0001395227560783,-1429.876788,2.000000,1427.8767877732369,-2857.7535931753227,0,1.3e-10
0.9965404761431192,0.0,-0.0000166538212453,-0.0000000094768056,-0.0023416814683650,0.0000031169666581,7.9344912240992151,3.0001395227126619,-1429.878101,2.000000,1427.8781008696774,-2857.7562163792318,0,3.7e-10
0.9965404772081479,0.0,-0.0000169239449138,-0.0000000099312513,-0.0023416822473471,0.0000032142980906,7.9344922240992153,3.0001395226692456,-1429.879414,2.000000,1427.8794137222153,-2857.7588382324902,0,3.7e-10
0.9965404782729218,0.0,-0.0000171896765929,-0.0000000103955948,-0.0023416830263623,0.0000033125704076,7.9344932240992154,3.0001395226258287,-1429.880726,2.000000,1427.8807259944549,-2857.7614605306881,0,3.6e-10
0.9965404793438629,0.0,-0.0000174549487220,-0.0000000105620185,-0.0023416838044656,0.0000033144503206,7.9344942240992147,3.0001395225824123,-1429.882039,2.000000,1427.8820386015859,-2857.7640874380013,0,5.6e-11
0.9965404804092193,0.0,-0.0000177130479907,-0.0000000109986912,-0.0023416845834019,0.0000034011874790,7.9344952240992148,3.0001395225389955,-1429.883351,2.000000,1427.8833512473477,-2857.7667168442858,0,5.2e-10
0.9965404814792004,0.0,-0.0000179700535651,-0.0000000112114030,-0.0023416853616490,0.0000034173791896,7.9344962240992150,3.0001395224955791,-1429.884664,2.000000,1427.8846635974692,-2857.7693435763940,0,5.4e-10
0.9965404825498972,0.0,-0.0000182238330682,-0.0000000113879958,-0.0023416861397917,0.0000034228655745,7.9344972240992151,3.0001395224521628,-1429.885976,2.000000,1427.8859759070381,-2857.7719630347565,0,2.9e-10
0.9965404836172018,0.0,-0.0000184722633105,-0.0000000117305901,-0.0023416869184370,0.0000034784175673,7.9344982240992152,3.0001395224087464,-1429.887288,2.000000,1427.8872884309244,-2857.7745908134384,0,4.2e-10
0.9965404846589816,0.0,-0.0000187035496912,-0.0000000132627765,-0.0023416877008692,0.0000038841153298,7.9344992240992154,3.0001395223653300,-1429.888601,2.000000,1427.8886007964265,-2857.7772168226074,0,3.2e-10
0.9965404857335098,0.0,-0.0000189495594243,-0.0000000132790041,-0.0023416884784480,0.0000038383785123,7.9345002240992155,3.0001395223219136,-1429.889913,2.000000,1427.8899128860194,-2857.7798381438479,0,2.2e-10
0.9965404868039183,0.0,-0.0000191902378885,-0.0000000134780869,-0.0023416892566344,0.0000038470603865,7.9345012240992148,3.0001395222784972,-1429.891225,2.000000,1427.8912251799952,-2857.7824644934153,0,1.9e-10
0.9965404878834819,0.0,-0.0000194327203847,-0.0000000132420943,-0.0023416900334585,0.0000037325347685,7.9345022240992149,3.0001395222350813,-1429.892538,2.000000,1427.8925377748847,-2857.7850887527457,0,3.3e-10
0.9965404889539441,0.0,-0.0000196675162124,-0.0000000134312982,-0.0023416908116358,0.0000037406663630,7.9345032240992150,3.0001395221916645,-1429.893850,2.000000,1427.8938501451637,-2857.7877052599797,0,3.1e-10
0.9965404900250455,0.0,-0.0000198998664711,-0.0000000135880591,-0.0023416915897226,0.0000037401366028,7.9345042240992152,3.0001395221482481,-1429.895162,2.000000,1427.8951623179153,-2857.7903367006220,0,3.0e-10
0.9965404910949702,0.0,-0.0000201289435867,-0.0000000138010448,-0.0023416923679800,0.0000037555269806,7.9345052240992153,3.0001395221048321,-1429.896474,2.000000,1427.8964738788791,-2857.7929657468339,0,4.6e-11
0.9965404921647746,0.0,-0.0000203553802723,-0.0000000140197474,-0.0023416931462634,0.0000037725982636,7.9345062240992155,3.0001395220614153,-1429.897787,2.000000,1427.8977866932930,-2857.7955851805164,0,2.2e-10
0.9965404932244393,0.0,-0.0000205743260784,-0.0000000147376714,-0.0023416939260455,0.0000039235804205,7.9345072240992147,3.0001395220179994,-1429.899099,2.000000,1427.8990989752042,-2857.7982120541856,0,3.6e-10
0.9965404942937944,0.0,-0.0000207956932661,-0.0000000149805555,-0.0023416947043992,0.0000039457859759,7.9345082240992149,3.0001395219745830,-1429.900411,2.000000,1427.9004108174470,-2857.8008368434384,0,3.6e-10
0.9965404953692014,0.0,-0.0000210176584026,-0.0000000149225152,-0.0023416954818375,0.0000038889863267,7.9345092240992150,3.0001395219311671,-1429.901723,2.000000,1427.9017233473671,-2857.8034564998234,0,2.6e-10
0.9965404964404919,0.0,-0.0000212353327836,-0.0000000150651421,-0.0023416962598965,0.0000038859084428,7.9345102240992151,3.0001395218877507,-1429.903035,2.000000,1427.9030351887266,-2857.8060829478782,0,1.7e-11
0.9965404975098179,0.0,-0.0000214498697591,-0.0000000153058359,-0.0023416970382444,0.0000039085035985,7.9345112240992153,3.0001395218443343,-1429.904347,2.000000,1427.9043471219345,-2857.8087080840487,0,8.9e-11
0.9965404985811651,0.0,-0.0000216632263236,-0.0000000154434219,-0.0023416978163036,0.0000039047949074,7.9345122240992154,3.0001395218009184,-1429.905659,2.000000,1427.9056589945196,-2857.8113338158000,0,1.3e-10
0.9965404996538401,0.0,-0.0000218751204573,-0.0000000155097076,-0.0023416985941576,0.0000038835656879,7.9345132240992147,3.0001395217575020,-1429.906972,2.000000,1427.9069716623876,-2857.8139537534444,0,4.4e-10
0.9965405007248855,0.0,-0.0000220842332040,-0.0000000156583337,-0.0023416993722540,0.0000038836530806,7.9345142240992148,3.0001395217140865,-1429.908284,2.000000,1427.9082837526973,-2857.8165790657513,0,4.4e-10
0.9965405114128710,0.0,-0.0000240661944088,-0.0000000183178596,-0.0023417071566003,0.0000041690923193,7.9345242240992144,3.0001395212799267,-1429.921402,2.000000,1427.9214019727574,-2857.8428103026235,0,4.4e-10
0.9965405220903739,0.0,-0.0000258928031413,-0.0000000215322022,-0.0023417149425668,0.0000045549185821,7.9345342240992149,3.0001395208457691,-1429.934518,2.000000,1427.9345181918218,-2857.8690502485260,0,1.4e-10
0.9965405327683716,0.0,-0.0000275989658951,-0.0000000247157921,-0.0023417227285327,0.0000049051244314,7.9345442240992146,3.0001395204116124,-1429.947631,2.000000,1427.9476310425121,-2857.8952760683605,0,9.8e-11
0.9965405434394202,0.0,-0.0000292032178637,-0.0000000282511398,-0.0023417305155807,0.0000052987157051,7.9345542240992151,3.0001395199774588,-1429.960742,2.000000,1427.9607418609144,-2857.9214982617414,0,3.6e-10
0.9965405541216187,0.0,-0.0000307275089024,-0.0000000312097995,-0.0023417383010234,0.0000055632165752,7.9345642240992147,3.0001395195433074,-1429.973852,2.000000,1427.9738517167279,-2857.9477105748374,0,1.2e-09
0.9965405648122996,0.0,-0.0000321823648717,-0.0000000337269801,-0.0023417460852074,0.0000057400926448,7.9345742240992152,3.0001395191091604,-1429.986956,2.000000,1427.9869558484972,-2857.9739306315314,0,2.4e-10
0.9965405754952991,0.0,-0.0000335719191374,-0.0000000366370505,-0.0023417538706121,0.0000059772408282,7.9345842240992148,3.0001395186750144,-1430.000060,2.000000,1428.0000599102525,-2858.0001338991569,0,7.6e-11
0.9965405861707566,0.0,-0.0000349039908571,-0.0000000399417166,-0.0023417616572608,0.0000062676555168,7.9345942240992144,3.0001395182408674,-1430.013159,2.000000,1428.0131587874018,-2858.0263449277263,0,7.9e-10
0.9965405968518010,0.0,-0.0000361886444304,-0.0000000429515539,-0.0023417694431115,0.0000065006542958,7.9346042240992150,3.0001395178067236,-1430.026258,2.000000,1428.0262581041113,-2858.0525354049169,0,4.8e-10
0.9965406075303618,0.0,-0.0000374285675021,-0.0000000460850501,-0.0023417772293664,0.0000067437955913,7.9346142240992146,3.0001395173725838,-1430.039354,2.000000,1428.0393541810311,-2858.0787258220371,0,6.4e-10
0.9965406181839909,0.0,-0.0000386221506401,-0.0000000504799134,-0.0023417850194426,0.0000071585769984,7.9346242240992142,3.0001395169384444,-1430.052450,2.000000,1428.0524496856735,-2858.1049051806331,0,2.7e-09
0.9965406285596062,0.0,-0.0000397089069411,-0.0000000669908544,-0.0023417928513931,0.0000092399487131,7.9346342240992147,3.0001395165043121,-1430.065540,2.000000,1428.0655400586743,-2858.1310905658174,0,2.6e-09
0.9965406398171368,0.0,-0.0000409858252781,-0.0000000406401066,-0.0023418005506427,0.0000054307462204,7.9346442240992143,3.0001395160701732,-1430.078626,2.000000,1428.0786256125486,-2858.1572596092010,0,1.6e-10
0.9965406506628727,0.0,-0.0000421249867037,-0.0000000304115948,-0.0023418083118745,0.0000039539814293,7.9346542240992148,3.0001395156360400,-1430.091710,2.000000,1428.0917095175473,-2858.1834334824234,0,1.2e-09
0.9965406614451473,0.0,-0.0000432192057116,-0.0000000226943277,-0.0023418160828393,0.0000028758920377,7.9346642240992145,3.0001395152019006,-1430.104793,2.000000,1428.1047926523008,-2858.2095945436740,0,3.0e-10
0.9965406721595348,0.0,-0.0000442708600263,-0.0000000225882421,-0.0023418238639211,0.0000027944318389,7.9346742240992150,3.0001395147677732,-1430.117875,2.000000,1428.1178750892711,-2858.2357571922475,0,2.9e-09
0.9965406828970612,0.0,-0.0000453032971094,-0.0000000184600925,-0.0023418316415809,0.0000022316706300,7.9346842240992146,3.0001395143336471,-1430.130950,2.000000,1428.1309502180300,-2858.2619114514673,0,1.4e-10
0.9965406936064011,0.0,-0.0000463065413431,-0.0000000189589909,-0.0023418394235395,0.0000022423119265,7.9346942240992142,3.0001395138995228,-1430.144027,2.000000,1428.1440270804112,-2858.2880559574114,0,1.1e-09
0.9965407043487117,0.0,-0.0000472955978388,-0.0000000112594879,-0.0023418472005430,0.0000013038207349,7.9347042240992147,3.0001395134654021,-1430.157098,2.000000,1428.1570975955010,-2858.3142109178007,0,2.9e-10
0.9965407150701870,0.0,-0.0000482599905951,-0.0000000062898218,-0.0023418549808169,0.0000007137862451,7.9347142240992143,3.0001395130312782,-1430.170168,2.000000,1428.1701683827303,-2858.3403484238079,0,1.1e-09
0.9965407257760164,0.0,-0.0000492022724366,-0.0000000085229900,-0.0023418627634371,0.0000009486823145,7.9347242240992149,3.0001395125971606,-1430.183237,2.000000,1428.1832368855114,-2858.3664831359638,0,2.5e-09
0.9965407364853526,0.0,-0.0000501275538900,-0.0000000088345220,-0.0023418705456226,0.0000009652004912,7.9347342240992145,3.0001395121630439,-1430.196300,2.000000,1428.1962996173097,-2858.3926084680716,0,1.2e-10
0.9965407471946355,0.0,-0.0000510360581377,-0.0000000091382657,-0.0023418783278585,0.0000009806062703,7.9347442240992150,3.0001395117289307,-1430.209357,2.000000,1428.2093574629994,-2858.4187338275369,0,5.0e-09
0.9965407579110470,0.0,-0.0000519300698016,-0.0000000048225256,-0.0023418861089820,0.0000005085815266,7.9347542240992146,3.0001395112948193,-1430.222422,2.000000,1428.2224219572083,-2858.4448574108537,0,5.4e-10
0.9965407686228795,0.0,-0.0000528080642909,-0.0000000015033384,-0.0023418938909182,0.0000001559044835,7.9347642240992142,3.0001395108607087,-1430.235479,2.000000,1428.2354792959786,-2858.4709720297251,0,9.0e-10
0.9965407793323635,0.0,-0.0000536712587571,-0.0000000014825064,-0.0023419016732555,0.0000001512700832,7.9347742240992147,3.0001395104266009,-1430.248534,2.000000,1428.2485339099096,-2858.4970763771562,0,4.3e-10
0.9965407900417552,0.0,-0.0000545207742182,-0.0000000016211308,-0.0023419094556521,0.0000001628364214,7.9347842240992144,3.0001395099924952,-1430.261585,2.000000,1428.2615850086074,-2858.5231768032536,0,7.3e-10
0.9965408007513467,0.0,-0.0000553572942979,-0.0000000007522745,-0.0023419172380267,0.0000000744205187,7.9347942240992149,3.0001395095583909,-1430.274640,2.000000,1428.2746395400527,-2858.5492781623034,0,4.6e-09
0.9965408114607003,0.0,-0.0000561813197263,-0.0000000006587685,-0.0023419250205388,0.0000000642140572,7.9348042240992145,3.0001395091242897,-1430.287683,2.000000,1428.2876828836174,-2858.5753700744826,0,8.9e-10
0.9965408221699310,0.0,-0.0000569934121450,-0.0000000011410952,-0.0023419328031184,0.0000001096436501,7.9348142240992150,3.0001395086901894,-1430.300726,2.000000,1428.3007257967365,-2858.6014548561070,0,1.1e-09
0.9965408328792322,0.0,-0.0000577941090365,-0.0000000010244125,-0.0023419405857062,0.0000000970676952,7.9348242240992146,3.0001395082560918,-1430.313770,2.000000,1428.3137696575438,-2858.6275448779343,0,1.7e-09
0.9965408435885079,0.0,-0.0000585838638171,-0.0000000005386742,-0.0023419483683562,0.0000000503533149,7.9348342240992142,3.0001395078219963,-1430.326808,2.000000,1428.3268078028741,-2858.6536195278168,0,6.2e-10
0.9965408542976851,0.0,-0.0000593630973475,-0.0000000005590844,-0.0023419561510700,0.0000000515748693,7.9348442240992147,3.0001395073879031,-1430.339844,2.000000,1428.3398443504832,-2858.6796915453160,0,2.9e-10
0.9965408650068256,0.0,-0.0000601322301103,-0.0000000005288921,-0.0023419639338386,0.0000000481652750,7.9348542240992144,3.0001395069538113,-1430.352878,2.000000,1428.3528777729302,-2858.7057659619022,0,1.5e-10
0.9965408757159137,0.0,-0.0000608916433031,-0.0000000005050730,-0.0023419717166548,0.0000000454221705,7.9348642240992149,3.0001395065197229,-1430.365909,2.000000,1428.3659094319576,-2858.7318238269072,0,3.7e-10
0.9965408864249710,0.0,-0.0000616416978237,-0.0000000004545557,-0.0023419794995324,0.0000000403812911,7.9348742240992145,3.0001395060856355,-1430.378939,2.000000,1428.3789388505734,-2858.7578845187090,0,3.5e-10
0.9965408971339650,0.0,-0.0000623827293617,-0.0000000003796341,-0.0023419872824227,0.0000000333245182,7.9348842240992150,3.0001395056515512,-1430.391970,2.000000,1428.3919696948742,-2858.7839346901746,0,4.9e-09
0.9965409078429438,0.0,-0.0000631150572006,-0.0000000004082993,-0.0023419950654398,0.0000000354248784,7.9348942240992146,3.0001395052174678,-1430.404990,2.000000,1428.4049897782561,-2858.8099783137441,0,5.4e-10
0.9965409185518732,0.0,-0.0000638389801687,-0.0000000004466713,-0.0023420028484813,0.0000000383143418,7.9349042240992143,3.0001395047833865,-1430.418011,2.000000,1428.4180110500740,-2858.8360251000850,0,9.8e-10
0.9965409292607748,0.0,-0.0000645547834380,-0.0000000001703004,-0.0023420106315791,0.0000000144457589,7.9349142240992148,3.0001395043493071,-1430.431030,2.000000,1428.4310298320156,-2858.8620578005211,0,5.0e-10
0.9965409399696195,0.0,-0.0000652627298445,-0.0000000001204143,-0.0023420184147468,0.0000000101031922,7.9349242240992144,3.0001395039152308,-1430.444043,2.000000,1428.4440431016308,-2858.8880865691463,0,2.8e-09
0.9965409506784104,0.0,-0.0000659630740191,-0.0000000001531597,-0.0023420261979253,0.0000000127142485,7.9349342240992149,3.0001395034811562,-1430.457059,2.000000,1428.4570593120432,-2858.9141188823851,0,4.0e-10
0.9965409613871626,0.0,-0.0000666560560817,-0.0000000001807500,-0.0023420339811776,0.0000000148485241,7.9349442240992145,3.0001395030470839,-1430.470071,2.000000,1428.4700705813420,-2858.9401419356000,0,4.5e-10
0.9965409720958535,0.0,-0.0000673419004345,-0.0000000005715706,-0.0023420417644882,0.0000000464759555,7.9349542240992141,3.0001395026130133,-1430.483079,2.000000,1428.4830789588295,-2858.9661583240377,0,7.9e-10
0.9965409828045509,0.0,-0.0000680208310132,-0.0000000004784147,-0.0023420495478675,0.0000000385126160,7.9349642240992146,3.0001395021789445,-1430.496084,2.000000,1428.4960842080638,-2858.9921715999953,0,4.9e-11
0.9965409935131810,0.0,-0.0000686930469413,0.0000000000214712,-0.0023420573312653,-0.0000000017115841,7.9349742240992143,3.0001395017448789,-1430.509089,2.000000,1428.5090891240854,-2859.0181738929823,0,1.1e-09
0.9965410042217727,0.0,-0.0000693587429455,-0.0000000000015720,-0.0023420651147493,0.0000000001240053,7.9349842240992148,3.0001395013108141,-1430.522089,2.000000,1428.5220886374750,-2859.0441757639637,0,3.6e-10
0.9965410149303190,0.0,-0.0000700181061616,-0.0000000000329493,-0.0023420728982699,0.0000000025766438,7.9349942240992144,3.0001395008767520,-1430.535089,2.000000,1428.5350888353832,-2859.0701622256311,0,8.0e-10
0.9965410256388245,0.0,-0.0000706713138557,-0.0000000000244210,-0.0023420806818569,0.0000000018920393,7.9350042240992149,3.0001395004426921,-1430.548082,2.000000,1428.5480824963229,-2859.0961640969617,0,5.6e-10
0.9965410363472850,0.0,-0.0000713185351190,-0.0000000000170502,-0.0023420884654858,0.0000000013090047,7.9350142240992145,3.0001395000086339,-1430.561077,2.000000,1428.5610767051398,-2859.1221533827484,0,7.3e-10
0.9965410470557053,0.0,-0.0000719599315642,-0.0000000000230043,-0.0023420962491782,0.0000000017503226,7.9350242240992142,3.0001394995745785,-1430.574067,2.000000,1428.5740673663295,-2859.1481286508497,0,6.4e-10
0.9965410577640833,0.0,-0.0000725956575831,-0.0000000000205928,-0.0023421040329232,0.0000000015531002,7.9350342240992147,3.0001394991405248,-1430.587055,2.000000,1428.5870554121550,-2859.1740964176133,0,1.1e-10
0.9965410684724212,0.0,-0.0000732258608594,-0.0000000000866068,-0.0023421118167319,0.0000000064759716,7.9350442240992143,3.0001394987064729,-1430.600039,2.000000,1428.6000392598303,-2859.2000770942541,0,1.1e-09
0.9965410791807137,0.0,-0.0000738506827619,-0.0000000000926561,-0.0023421196005743,0.0000000068695763,7.9350542240992148,3.0001394982724237,-1430.613024,2.000000,1428.6130242861798,-2859.2260363241658,0,5.4e-10
0.9965410898889683,0.0,-0.0000744702590085,-0.0000000000441796,-0.0023421273844764,0.0000000032482592,7.9350642240992144,3.0001394978383753,-1430.626005,2.000000,1428.6260047615301,-2859.2520050825551,0,1.3e-09
0.9965411005971755,0.0,-0.0000750847187187,-0.0000000000675699,-0.0023421351684416,0.0000000049272356,7.9350742240992149,3.0001394974043305,-1430.638982,2.000000,1428.6389820927832,-2859.2779585559620,0,5.1e-10
0.9965411113053455,0.0,-0.0000756941872747,-0.0000000000472989,-0.0023421429524641,0.0000000034212169,7.9350842240992145,3.0001394969702866,-1430.651956,2.000000,1428.6519563784598,-2859.3039115081774,0,3.3e-10
0.9965411220134702,0.0,-0.0000762987839116,0.0000000000612184,-0.0023421507365265,-0.0000000043931211,7.9350942240992142,3.0001394965362453,-1430.664930,2.000000,1428.6649302409212,-2859.3298469363945,0,7.0e-11
0.9965411327215553,0.0,-0.0000768986236877,0.0000000000114440,-0.0023421585206519,-0.0000000008148853,7.9351042240992147,3.0001394961022063,-1430.677901,2.000000,1428.6779006620318,-2859.3557895006379,0,4.1e-10
0.9965411434295974,0.0,-0.0000774938169043,0.0000000001167224,-0.0023421663048302,-0.0000000082468548,7.9351142240992143,3.0001394956681691,-1430.690868,2.000000,1428.6908678714881,-2859.3817319382215,0,4.9e-10
0.9965411541375975,0.0,-0.0000780844698947,0.0000000000635192,-0.0023421740890694,-0.0000000044538723,7.9351242240992148,3.0001394952341345,-1430.703833,2.000000,1428.7038326177596,-2859.4076538364170,0,6.4e-10
0.9965411648455541,0.0,-0.0000786706849791,0.0000000000067877,-0.0023421818733477,-0.0000000004724439,7.9351342240992144,3.0001394948001012,-1430.716795,2.000000,1428.7167952608693,-2859.4335897024721,0,3.7e-10
0.9965411755534702,0.0,-0.0000792525605799,0.0000000000333512,-0.0023421896576887,-0.0000000023040915,7.9351442240992149,3.0001394943660706,-1430.729756,2.000000,1428.7297557207303,-2859.4595008271281,0,4.8e-10
0.9965411862613444,0.0,-0.0000798301915726,0.0000000000035655,-0.0023421974420871,-0.0000000002446481,7.9351542240992146,3.0001394939320414,-1430.742713,2.000000,1428.7427134560789,-2859.4854083202081,0,5.6e-11
0.9965411969691754,0.0,-0.0000804036694990,0.0000000000495758,-0.0023422052265296,-0.0000000033758777,7.9351642240992142,3.0001394934980152,-1430.755669,2.000000,1428.7556686346850,-2859.5113259480568,0,8.7e-10
0.9965412076769674,0.0,-0.0000809730826287,-0.0000000000050364,-0.0023422130110361,0.0000000003404417,7.9351742240992147,3.0001394930639904,-1430.768621,2.000000,1428.7686206059020,-2859.5372291508829,0,7.0e-10
0.9965412183847283,0.0,-0.0000815385157056,-0.0000000000387377,-0.0023422207956962,0.0000000026008754,7.9351842240992143,3.0001394926299678,-1430.781556,2.000000,1428.7815561972679,-2859.5631318434607,0,1.4e-08
0.9965412290924184,0.0,-0.0000821000516906,-0.0000000000309576,-0.0023422285802035,0.0000000020643174,7.9351942240992148,3.0001394921959474,-1430.794518,2.000000,1428.7945183296620,-2859.5890173627995,0,9.1e-10
0.9965412398000841,0.0,-0.0000826577695829,0.0000000000010241,-0.0023422363648738,-0.0000000000679331,7.9352042240992144,3.0001394917619293,-1430.807463,2.000000,1428.8074629274447,-2859.6149049099768,0,2.1e-10
0.9965412505077054,0.0,-0.0000832117461149,0.0000000000028552,-0.0023422441495914,-0.0000000001879370,7.9352142240992150,3.0001394913279129,-1430.820405,2.000000,1428.8204049239444,-2859.6407905510860,0,6.0e-10
0.9965412612152846,0.0,-0.0000837620555418,-0.0000000000030294,-0.0023422519343706,0.0000000001979615,7.9352242240992146,3.0001394908938988,-1430.833344,2.000000,1428.8333435463155,-2859.6666684109950,0,3.7e-10
0.9965412719228216,0.0,-0.0000843087697979,-0.0000000000721506,-0.0023422597191936,0.0000000046851250,7.9352342240992142,3.0001394904598864,-1430.846282,2.000000,1428.8462816306753,-2859.6925390476827,0,3.6e-10
0.9965412826303182,0.0,-0.0000848519583118,-0.0000000000411109,-0.0023422675040835,0.0000000026524432,7.9352442240992147,3.0001394900258767,-1430.859215,2.000000,1428.8592150652382,-2859.7184091714444,0,6.0e-10
0.9965412933377708,0.0,-0.0000853916883754,-0.0000000000072818,-0.0023422752890131,0.0000000004667668,7.9352542240992143,3.0001394895918692,-1430.872149,2.000000,1428.8721485708049,-2859.7442622219678,0,1.3e-10
0.9965413040451818,0.0,-0.0000859280251077,-0.0000000000046404,-0.0023422830740057,0.0000000002955581,7.9352642240992148,3.0001394891578630,-1430.885078,2.000000,1428.8850775829751,-2859.7701262763003,0,2.8e-10
0.9965413147525517,0.0,-0.0000864610317718,-0.0000000000117976,-0.0023422908590491,0.0000000007469303,7.9352742240992145,3.0001394887238590,-1430.898005,2.000000,1428.8980048983026,-2859.7959781986428,0,6.5e-10
0.9965413254598798,0.0,-0.0000869907694543,0.0000000000145172,-0.0023422986441544,-0.0000000009136804,7.9352842240992150,3.0001394882898573,-1430.910927,2.000000,1428.9109273051461,-2859.8218322913162,0,5.6e-10
0.9965413361671652,0.0,-0.0000875172976158,-0.0000000000067190,-0.0023423064293032,0.0000000004202591,7.9352942240992146,3.0001394878558574,-1430.923851,2.000000,1428.9238509751790,-2859.8476659300504,0,3.9e-10
0.9965413468744073,0.0,-0.0000880406737366,-0.0000000000064392,-0.0023423142145051,0.0000000004003106,7.9353042240992142,3.0001394874218601,-1430.936770,2.000000,1428.9367701826629,-2859.8735098586185,0,1.2e-09
0.9965413575816087,0.0,-0.0000885609537638,0.0000000000163583,-0.0023423219997692,-0.0000000010112452,7.9353142240992147,3.0001394869878650,-1430.949687,2.000000,1428.9496870444325,-2859.8993353237165,0,7.2e-10
0.9965413682887698,0.0,-0.0000890781920007,0.0000000000155478,-0.0023423297850902,-0.0000000009555736,7.9353242240992143,3.0001394865538713,-1430.962601,2.000000,1428.9626007263034,-2859.9251628922066,0,1.2e-10
0.9965413789958871,0.0,-0.0000895924410518,0.0000000000063020,-0.0023423375704571,-0.0000000003851241,7.9353342240992149,3.0001394861198807,-1430.975513,2.000000,1428.9755128845732,-2859.9509804352419,0,4.9e-10
0.9965413897029629,0.0,-0.0000901037521126,0.0000000000630176,-0.0023423453558820,-0.0000000038287463,7.9353442240992145,3.0001394856858909,-1430.988422,2.000000,1428.9884220074607,-2859.9768018166069,0,7.7e-10
0.9965414004099949,0.0,-0.0000906121748423,-0.0000000000154945,-0.0023423531413598,0.0000000009360556,7.9353542240992150,3.0001394852519043,-1431.001328,2.000000,1429.0013278581869,-2860.0026113961358,0,3.2e-10
0.9965414111169865,0.0,-0.0000911177577556,0.0000000000020651,-0.0023423609268905,-0.0000000001241148,7.9353642240992146,3.0001394848179195,-1431.014232,2.000000,1429.0142320174339,-2860.0284208458615,0,7.4e-10
0.9965414218239343,0.0,-0.0000916205476749,0.0000000000037556,-0.0023423687124784,-0.0000000002244555,7.9353742240992142,3.0001394843839360,-1431.027133,2.000000,1429.0271334089741,-2860.0542201228673,0,5.5e-10
0.9965414325308443,0.0,-0.0000921205906183,0.0000000000232378,-0.0023423764981234,-0.0000000013809465,7.9353842240992147,3.0001394839499551,-1431.040032,2.000000,1429.0400320364324,-2860.0800146136899,0,4.6e-11
0.9965414432376973,0.0,-0.0000926179308178,0.0000000000020276,-0.0023423842837402,-0.0000000001202683,7.9353942240992144,3.0001394835159765,-1431.052940,2.000000,1429.0529402273355,-2860.1058011904825,0,1.3e-08
0.9965414539445308,0.0,-0.0000931126115595,0.0000000000059386,-0.0023423920695641,-0.0000000003491761,7.9354042240992149,3.0001394830820001,-1431.065822,2.000000,1429.0658219398526,-2860.1315907263197,0,2.9e-10
0.9965414646513118,0.0,-0.0000936046751683,-0.0000000000016428,-0.0023423998553680,0.0000000000959891,7.9354142240992145,3.0001394826480250,-1431.078713,2.000000,1429.0787134242230,-2860.1573730047094,0,3.7e-10
0.9965414753580490,0.0,-0.0000940941626716,-0.0000000000052406,-0.0023424076412132,0.0000000003047891,7.9354242240992150,3.0001394822140526,-1431.091603,2.000000,1429.0916033003791,-2860.1831474435749,0,1.7e-09
0.9965414860647483,0.0,-0.0000945811140989,0.0000000000030278,-0.0023424154271325,-0.0000000001753139,7.9354342240992146,3.0001394817800824,-1431.104489,2.000000,1429.1044891060683,-2860.2089169956744,0,9.8e-10
0.9965414967714031,0.0,-0.0000950655682304,-0.0000000000049258,-0.0023424232131007,0.0000000002835535,7.9354442240992142,3.0001394813461144,-1431.117372,2.000000,1429.1173722195535,-2860.2346811487805,0,4.5e-10
0.9965415074780158,0.0,-0.0000955475632303,0.0000000000137415,-0.0023424309991205,-0.0000000007873365,7.9354542240992147,3.0001394809121482,-1431.130253,2.000000,1429.1302530935154,-2860.2604430745123,0,4.7e-10
0.9965415181845871,0.0,-0.0000960271361115,0.0000000000222087,-0.0023424387851940,-0.0000000012660348,7.9354642240992144,3.0001394804781838,-1431.143132,2.000000,1429.1431317493482,-2860.2861929126084,0,2.4e-10
0.9965415288911151,0.0,-0.0000965043229063,-0.0000000000014793,-0.0023424465713195,0.0000000000838462,7.9354742240992149,3.0001394800442216,-1431.156007,2.000000,1429.1560073176379,-2860.3119448465295,0,3.8e-10
0.9965415395976014,0.0,-0.0000969791589110,0.0000000000095388,-0.0023424543574979,-0.0000000005384344,7.9354842240992145,3.0001394796102616,-1431.168882,2.000000,1429.1688816594180,-2860.3376879168209,0,9.2e-10
0.9965415503040475,0.0,-0.0000974516784828,-0.0000000000022478,-0.0023424621437379,0.0000000001261909,7.9354942240992150,3.0001394791763043,-1431.181752,2.000000,1429.1817521751361,-2860.3634278005920,0,4.9e-10
0.9965415610104584,0.0,-0.0000979219155808,-0.0000000000296320,-0.0023424699300274,0.0000000016563995,7.9355042240992146,3.0001394787423479,-1431.194621,2.000000,1429.1946210690678,-2860.3891620612703,0,1.6e-09
0.9965415717168099,0.0,-0.0000983899015257,0.0000000000322408,-0.0023424777163696,-0.0000000017936759,7.9355142240992143,3.0001394783083941,-1431.207486,2.000000,1429.2074863601329,-2860.4148900465807,0,5.6e-10
0.9965415824231380,0.0,-0.0000988556702094,-0.0000000000075424,-0.0023424855027716,0.0000000004176159,7.9355242240992148,3.0001394778744421,-1431.220350,2.000000,1429.2203496821812,-2860.4406141465297,0,1.0e-09
0.9965415931294147,0.0,-0.0000993192513777,-0.0000000000314562,-0.0023424932892250,0.0000000017335856,7.9355342240992144,3.0001394774404924,-1431.233211,2.000000,1429.2332105947842,-2860.4663293138146,0,7.5e-10
0.9965416038356508,0.0,-0.0000997806759996,-0.0000000000487533,-0.0023425010757435,0.0000000026744070,7.9355442240992149,3.0001394770065453,-1431.246067,2.000000,1429.2460669943098,-2860.4920424813172,0,1.3e-09
0.9965416145418416,0.0,-0.0001002399738831,-0.0000000000593771,-0.0023425088622920,0.0000000032422499,7.9355542240992145,3.0001394765725999,-1431.258924,2.000000,1429.2589238397634,-2860.5177553342655,0,8.5e-10
0.9965416252479971,0.0,-0.0001006971740709,-0.0000000000677350,-0.0023425166489376,0.0000000036817447,7.9355642240992141,3.0001394761386564,-1431.271772,2.000000,1429.2717719994625,-2860.5434648601804,0,3.9e-09
0.9965416359541003,0.0,-0.0001011523051134,-0.0000000000681348,-0.0023425244355730,0.0000000036868795,7.9355742240992146,3.0001394757047155,-1431.284628,2.000000,1429.2846275902075,-2860.5691558802500,0,7.2e-10
0.9965416466601659,0.0,-0.0001016053947010,-0.0000000000685760,-0.0023425322222921,0.0000000036941951,7.9355842240992143,3.0001394752707755,-1431.297476,2.000000,1429.2974758598298,-2860.5948453926248,0,1.1e-09
0.9965416573661912,0.0,-0.0001020564700843,-0.0000000000657278,-0.0023425400090738,0.0000000035250673,7.9355942240992148,3.0001394748368386,-1431.310321,2.000000,1429.3103210722029,-2860.6205350508681,0,4.4e-10
0.9965416680721730,0.0,-0.0001025055578501,-0.0000000000678003,-0.0023425477958999,0.0000000036202455,7.9356042240992144,3.0001394744029044,-1431.323164,2.000000,1429.3231640787528,-2860.6462180267554,0,9.7e-10
0.9965416787781143,0.0,-0.0001029526839899,-0.0000000000700446,-0.0023425555827901,0.0000000037238184,7.9356142240992149,3.0001394739689715,-1431.336004,2.000000,1429.3360036308529,-2860.6718964800239,0,4.8e-11
0.9965416894840115,0.0,-0.0001033978739688,-0.0000000000661750,-0.0023425633697209,0.0000000035029536,7.9356242240992145,3.0001394735350404,-1431.348842,2.000000,1429.3488421282107,-2860.6975713764550,0,1.1e-09
0.9965417001898659,0.0,-0.0001038411526713,-0.0000000000688108,-0.0023425711567031,0.0000000036270628,7.9356342240992142,3.0001394731011115,-1431.361678,2.000000,1429.3616782686192,-2860.7232351027196,0,1.8e-09
0.9965417108956822,0.0,-0.0001042825444795,-0.0000000000630271,-0.0023425789437626,0.0000000033079616,7.9356442240992147,3.0001394726671853,-1431.374510,2.000000,1429.3745102224566,-2860.7488928273087,0,6.6e-10
0.9965417216014499,0.0,-0.0001047220732932,-0.0000000000586262,-0.0023425867308313,0.0000000030640831,7.9356542240992143,3.0001394722332599,-1431.387344,2.000000,1429.3873444182016,-2860.7745519877644,0,5.2e-09
0.9965417323071846,0.0,-0.0001051597623807,-0.0000000000550666,-0.0023425945180143,0.0000000028660146,7.9356642240992148,3.0001394717993382,-1431.400168,2.000000,1429.4001681718344,-2860.8002060315339,0,1.1e-09
0.9965417430128730,0.0,-0.0001055956346884,-0.0000000000570506,-0.0023426023052241,0.0000000029569264,7.9356742240992144,3.0001394713654177,-1431.412993,2.000000,1429.4129934329994,-2860.8258505553240,0,9.8e-10
0.9965417537185184,0.0,-0.0001060297125978,-0.0000000000577979,-0.0023426100924835,0.0000000029834252,7.9356842240992149,3.0001394709314990,-1431.425816,2.000000,1429.4258160170000,-2860.8514936536085,0,1.3e-09
0.9965417644241232,0.0,-0.0001064620180741,-0.0000000000512477,-0.0023426178798042,0.0000000026345626,7.9356942240992145,3.0001394704975830,-1431.438635,2.000000,1429.4386354773062,-2860.8771277227206,0,6.4e-10
0.9965417834135789,0.0,-0.0001072245457781,0.0000000000010678,-0.0023426316930468,-0.0000000000545654,7.9357119620534942,3.0001394697279093,-1431.461369,2.000000,1429.4613688461770,-2860.9225961801130,0,7.7e-10
0.9965418027751881,0.0,-0.0001079964714696,0.0000000000011218,-0.0023426457772750,-0.0000000000568992,7.9357300477697095,3.0001394689431531,-1431.484541,2.000000,1429.4845408053582,-2860.9689263956388,0,9.8e-10
0.9965418225154241,0.0,-0.0001087778501795,0.0000000000011196,-0.0023426601372138,-0.0000000000563733,7.9357484872937416,3.0001394681430513,-1431.508156,2.000000,1429.5081564074187,-2861.0161517759552,0,8.8e-10
0.9965418426408407,0.0,-0.0001095687361300,0.0000000000016743,-0.0023426747776465,-0.0000000000836772,7.9357672867532623,3.0001394673273394,-1431.532224,2.000000,1429.5322244851827,-2861.0642784903757,0,6.3e-10
0.9965418631580761,0.0,-0.0001103691828104,0.0000000000014074,-0.0023426897034192,-0.0000000000698316,7.9357864523622110,3.0001394664957473,-1431.556752,2.000000,1429.5567525913855,-2861.1133231533458,0,7.4e-10
0.9965418840738649,0.0,-0.0001111792434201,0.0000000000012129,-0.0023427049194474,-0.0000000000597368,7.9358059904148739,3.0001394656480032,-1431.581747,2.000000,1429.5817471429907,-2861.1633048763033,0,6.4e-10
0.9965419053950265,0.0,-0.0001119989703777,0.0000000000011208,-0.0023427204307133,-0.0000000000548029,7.9358259072949995,3.0001394647838300,-1431.607216,2.000000,1429.6072158717845,-2861.2142427624203,0,7.7e-10
0.9965419271284772,0.0,-0.0001128284157940,0.0000000000007849,-0.0023427362422669,-0.0000000000380940,7.9358462094696085,3.0001394639029479,-1431.633168,2.000000,1429.6331677809837,-2861.2661333994474,0,6.7e-10
0.9965419492812264,0.0,-0.0001136676312791,0.0000000000011004,-0.0023427523592280,-0.0000000000530211,7.9358669034934302,3.0001394630050728,-1431.659610,2.000000,1429.6596097382824,-2861.3190087788971,0,7.8e-10
0.9965419718603730,0.0,-0.0001145166677907,0.0000000000010976,-0.0023427687867810,-0.0000000000525046,7.9358879960127124,3.0001394620899169,-1431.686550,2.000000,1429.6865498318041,-2861.3728728594724,0,1.0e-09
0.9965419948731189,0.0,-0.0001153755760877,0.0000000000012322,-0.0023427855301895,-0.0000000000585098,7.9359094937596844,3.0001394611571888,-1431.713996,2.000000,1429.7139960030484,-2861.4277467075735,0,9.3e-10
0.9965420183267555,0.0,-0.0001162444062423,0.0000000000011698,-0.0023428025947783,-0.0000000000551100,7.9359314035616446,3.0001394602065923,-1431.741955,2.000000,1429.7419553001180,-2861.4836603268050,0,8.0e-10
0.9965420422286798,0.0,-0.0001171232081839,0.0000000000009988,-0.0023428199859520,-0.0000000000467184,7.9359537323342746,3.0001394592378290,-1431.770437,2.000000,1429.7704371552393,-2861.5406114136567,0,9.6e-10
0.9965420665863822,0.0,-0.0001180120311903,0.0000000000011234,-0.0023428377091866,-0.0000000000521477,7.9359764870910459,3.0001394582505938,-1431.799448,2.000000,1429.7994483852979,-2861.5986341253156,0,8.7e-10
0.9965420914074590,0.0,-0.0001189109243920,0.0000000000012666,-0.0023428557700316,-0.0000000000583394,7.9359996749373938,3.0001394572445794,-1431.829000,2.000000,1429.8290000830470,-2861.6577172488905,0,1.0e-09
0.9965421166996101,0.0,-0.0001198199365748,0.0000000000010555,-0.0023428741741199,-0.0000000000482495,7.9360233030754816,3.0001394562194754,-1431.859098,2.000000,1429.8590982366425,-2861.7178931899834,0,9.2e-10
0.9965421424706333,0.0,-0.0001207391160323,0.0000000000008580,-0.0023428929271474,-0.0000000000389197,7.9360473788082748,3.0001394551749638,-1431.889752,2.000000,1429.8897518140816,-2861.7791860575089,0,7.7e-10
0.9965421687284407,0.0,-0.0001216685110427,0.0000000000009542,-0.0023429120349011,-0.0000000000429543,7.9360719095344834,3.0001394541107254,-1431.920969,2.000000,1429.9209688269914,-2861.8416136373999,0,6.4e-10
0.9965421954810442,0.0,-0.0001226081693691,0.0000000000009395,-0.0023429315032395,-0.0000000000419778,7.9360969027578676,3.0001394530264349,-1431.952759,2.000000,1429.9527596306498,-2861.9051765558543,0,8.0e-10
0.9965422227365731,0.0,-0.0001235581388338,0.0000000000011853,-0.0023429513381091,-0.0000000000525198,7.9361223660810163,3.0001394519217630,-1431.985132,2.000000,1429.9851323679877,-2861.9698973566992,0,4.4e-10
0.9965422505032593,0.0,-0.0001245184667902,0.0000000000008750,-0.0023429715455273,-0.0000000000384954,7.9361483072150776,3.0001394507963766,-1432.018094,2.000000,1430.0180946376208,-2862.0358132792171,0,6.9e-10
0.9965422787894552,0.0,-0.0001254892006555,0.0000000000011905,-0.0023429921316093,-0.0000000000519450,7.9361747339743998,3.0001394496499367,-1432.051658,2.000000,1430.0516578879490,-2862.1029124633642,0,5.8e-10
0.9965423076036268,0.0,-0.0001264703877117,0.0000000000008533,-0.0023430131025438,-0.0000000000369449,7.9362016542816214,3.0001394484821011,-1432.085829,2.000000,1430.0858288542092,-2862.1712375459028,0,7.2e-10
0.9965423369543528,0.0,-0.0001274620749560,0.0000000000005953,-0.0023430344646133,-0.0000000000255821,7.9362290761721308,3.0001394472925211,-1432.120618,2.000000,1430.1206178245984,-2862.2407893361524,0,5.3e-10
0.9965423668503373,0.0,-0.0001284643096002,0.0000000000008282,-0.0023430562241838,-0.0000000000353110,7.9362570077895560,3.0001394460808455,-1432.156034,2.000000,1430.1560340352485,-2862.3115985706681,0,9.6e-10
0.9965423973003993,0.0,-0.0001294771385592,0.0000000000012698,-0.0023430783877146,-0.0000000000536945,7.9362854573952992,3.0001394448467167,-1432.192085,2.000000,1430.1920853495137,-2862.3836907636141,0,5.9e-10
0.9965424283134877,0.0,-0.0001305006090428,0.0000000000008157,-0.0023431009617510,-0.0000000000342438,7.9363144333630213,3.0001394435897706,-1432.228784,2.000000,1430.2287843539530,-2862.4570588215720,0,9.9e-10
0.9965424598986712,0.0,-0.0001315347680243,0.0000000000010886,-0.0023431239529399,-0.0000000000453115,7.9363439441884829,3.0001394423096421,-1432.266138,2.000000,1430.2661378782830,-2862.5317430609139,0,5.7e-10
0.9965424920651529,0.0,-0.0001325796628551,0.0000000000013653,-0.0023431473680148,-0.0000000000563838,7.9363739984839761,3.0001394410059565,-1432.304157,2.000000,1430.3041574829490,-2862.6077479473315,0,1.6e-10
0.9965425248222587,0.0,-0.0001336353407077,0.0000000000010753,-0.0023431712138077,-0.0000000000440625,7.9364046049885362,3.0001394396783372,-1432.342851,2.000000,1430.3428513207289,-2862.6851167023415,0,7.0e-10
0.9965425581794544,0.0,-0.0001347018491451,0.0000000000005620,-0.0023431954972515,-0.0000000000228574,7.9364357725632591,3.0001394383264008,-1432.382231,2.000000,1430.3822312668585,-2862.7638323357096,0,1.5e-10
0.9965425921463413,0.0,-0.0001357792359115,0.0000000000007456,-0.0023432202253825,-0.0000000000300815,7.9364675101969526,3.0001394369497572,-1432.422304,2.000000,1430.4223048831632,-2862.8439637697302,0,6.7e-10
0.9965426267326520,0.0,-0.0001368675487764,0.0000000000006637,-0.0023432454053296,-0.0000000000265617,7.9364998270111720,3.0001394355480140,-1432.463084,2.000000,1430.4630843025707,-2862.9254921950633,0,7.8e-10
0.9965426619482700,0.0,-0.0001379668360630,0.0000000000003455,-0.0023432710443386,-0.0000000000137143,7.9365327322564498,3.0001394341207690,-1432.504578,2.000000,1430.5045788459843,-2863.0084470994771,0,5.9e-10
0.9965426978032121,0.0,-0.0001390771461124,0.0000000000005186,-0.0023432971497491,-0.0000000000204304,7.9365662353222968,3.0001394326676172,-1432.546799,2.000000,1430.5467996697926,-2863.0928493884858,0,6.3e-10
0.9965427343076523,0.0,-0.0001401985279075,0.0000000000007056,-0.0023433237290199,-0.0000000000275811,7.9366003457324830,3.0001394311881469,-1432.589756,1.999999,1430.5897567614602,-2863.1787234476069,0,8.8e-10
0.9965427714719044,0.0,-0.0001413310305096,0.0000000000004719,-0.0023433507897150,-0.0000000000182916,7.9366350731554158,3.0001394296819397,-1432.633459,2.000000,1430.6334600613682,-2863.2660959704081,0,6.9e-10
0.9965428093064420,0.0,-0.0001424747036375,0.0000000000004517,-0.0023433783395129,-0.0000000000173673,7.9366704274002648,3.0001394281485716,-1432.677921,1.999999,1430.6779216290458,-2863.3549728336511,0,7.3e-10
0.9965428478218947,0.0,-0.0001436295974512,0.0000000000006970,-0.0023434063862111,-0.0000000000265863,7.9367064184230509,3.0001394265876122,-1432.723150,2.000000,1430.7231509448527,-2863.4453942666296,0,8.9e-10
0.9965428870290443,0.0,-0.0001447957624004,0.0000000000005996,-0.0023434349377189,-0.0000000000226905,7.9367430563320331,3.0001394249986242,-1432.769160,2.000000,1430.7691601764072,-2863.5373593576951,0,7.0e-10
0.9965429269388437,0.0,-0.0001459732497558,0.0000000000006729,-0.0023434640020715,-0.0000000000252555,7.9367803513847992,3.0001394233811651,-1432.815958,2.000000,1430.8159589045690,-2863.6309194262139,0,8.1e-10
0.9965429675624030,0.0,-0.0001471621110640,0.0000000000007390,-0.0023434935874242,-0.0000000000275043,7.9368183139985069,3.0001394217347848,-1432.863560,2.000000,1430.8635606038558,-2863.7260612964164,0,7.3e-10
0.9965430089110108,0.0,-0.0001483623987853,0.0000000000003411,-0.0023435237020610,-0.0000000000125993,7.9368569547459700,3.0001394200590243,-1432.911974,2.000000,1430.9119744144509,-2863.8228370995494,0,5.9e-10
0.9965430509961181,0.0,-0.0001495741657139,0.0000000000005569,-0.0023435543543880,-0.0000000000203907,7.9368962843663589,3.0001394183534220,-1432.961211,2.000000,1430.9612121410405,-2863.9212654170115,0,6.7e-10
0.9965430938293633,0.0,-0.0001507974656468,0.0000000000003457,-0.0023435855529516,-0.0000000000125657,7.9369363137611852,3.0001394166175053,-1433.011286,1.999999,1431.0112865137266,-2864.0213483964326,0,1.5e-10
0.9965431374225538,0.0,-0.0001520323527739,0.0000000000005882,-0.0023436173064224,-0.0000000000211839,7.9369770540054052,3.0001394148507958,-1433.062208,2.000000,1431.0622087230267,-2864.1231353672920,0,1.2e-10
0.9965431817876897,0.0,-0.0001532788822955,0.0000000000005382,-0.0023436496236149,-0.0000000000192290,7.9370185163443008,3.0001394130528087,-1433.113990,2.000000,1431.1139911052978,-2864.2266294521978,0,1.8e-10
0.9965432269369585,0.0,-0.0001545371101880,0.0000000000007270,-0.0023436825134826,-0.0000000000257715,7.9370607122002692,3.0001394112230493,-1433.166644,2.000000,1431.1666446281110,-2864.3318741205148,0,9.4e-10
0.9965432728827316,0.0,-0.0001558070930309,0.0000000000004227,-0.0023437159851170,-0.0000000000148616,7.9371036531790153,3.0001394093610174,-1433.220180,2.000000,1431.2201814063005,-2864.4388780741720,0,6.1e-10
0.9965433196375874,0.0,-0.0001570888885810,0.0000000000005599,-0.0023437500477617,-0.0000000000195182,7.9371473510673329,3.0001394074662033,-1433.274614,2.000000,1431.2746149827046,-2864.5476653550286,0,7.8e-10
0.9965433672142929,0.0,-0.0001583825551723,0.0000000000005712,-0.0023437847108017,-0.0000000000197527,7.9371918178441909,3.0001394055380897,-1433.329956,2.000000,1431.3299567302897,-2864.6582701796433,0,6.1e-10
0.9965434156258322,0.0,-0.0001596881524040,0.0000000000004591,-0.0023438199837842,-0.0000000000157479,7.9372370656775315,3.0001394035761506,-1433.386218,2.000000,1431.3862191132546,-2864.7707163175801,0,7.3e-10
0.9965434648853846,0.0,-0.0001610057405039,0.0000000000004881,-0.0023438558763996,-0.0000000000166071,7.9372831069358085,3.0001394015798537,-1433.443415,2.000000,1431.4434160520743,-2864.8850151385413,0,2.2e-10
0.9965435150063535,0.0,-0.0001623353809669,0.0000000000005166,-0.0023438923985084,-0.0000000000174303,7.9373299541856346,3.0001393995486541,-1433.501557,2.000000,1431.5015586937416,-2865.0012100979220,0,8.6e-11
0.9965435660023595,0.0,-0.0001636771363070,0.0000000000005175,-0.0023439295601305,-0.0000000000173254,7.9373776201991415,3.0001393974820014,-1433.560660,2.000000,1431.5606614004657,-2865.1193214257946,0,6.2e-10
0.9965436178872361,0.0,-0.0001650310698710,0.0000000000006874,-0.0023439673714441,-0.0000000000228089,7.9374261179607872,3.0001393953793363,-1433.620736,2.000000,1431.6207372619856,-2865.2393653907347,0,7.8e-10
0.9965436706750576,0.0,-0.0001663972464364,0.0000000000004159,-0.0023440058428088,-0.0000000000137003,7.9374754606658557,3.0001393932400875,-1433.681796,2.000000,1431.6817979921698,-2865.3613826169167,0,1.8e-10
0.9965437243801167,0.0,-0.0001677757315751,0.0000000000006113,-0.0023440449847465,-0.0000000000199558,7.9375256617321392,3.0001393910636773,-1433.743857,2.000000,1431.7438589624212,-2865.4853926959913,0,6.2e-10
0.9965437790169545,0.0,-0.0001691665922913,0.0000000000004633,-0.0023440848079650,-0.0000000000150122,7.9375767347983226,3.0001393888495160,-1433.806931,2.000000,1431.8069323069215,-2865.6114251686959,0,5.9e-10
0.9965438346003526,0.0,-0.0001705698967682,0.0000000000008338,-0.0023441253233497,-0.0000000000267615,7.9376286937317282,3.0001393865970050,-1433.871031,2.000000,1431.8710330974438,-2865.7394985472783,0,1.0e-10
0.9965438911453313,0.0,-0.0001719857141794,0.0000000000006959,-0.0023441665419644,-0.0000000000221526,7.9376815526355280,3.0001393843055375,-1433.936173,2.000000,1431.9361749317061,-2865.8696526390268,0,3.7e-10
0.9965439486671769,0.0,-0.0001734141152895,0.0000000000005037,-0.0023442084750723,-0.0000000000159038,7.9377353258479424,3.0001393819744928,-1434.002369,2.000000,1432.0023713447247,-2866.0019086358370,0,6.2e-10
0.9965440071814200,0.0,-0.0001748551718068,0.0000000000005116,-0.0023442511341210,-0.0000000000160257,7.9377900279542155,3.0001393796032438,-1434.069634,2.000000,1432.0696365139800,-2866.1362971828785,0,8.0e-10
0.9965440667038661,0.0,-0.0001763089570285,0.0000000000004481,-0.0023442945307612,-0.0000000000139276,7.9378456737856933,3.0001393771911493,-1434.137983,2.000000,1432.1379852353825,-2866.2728452460142,0,2.4e-10
0.9965441272505887,0.0,-0.0001777755455795,0.0000000000007132,-0.0023443386768432,-0.0000000000219575,7.9379022784280178,3.0001393747375591,-1434.207431,2.000000,1432.2074329858260,-2866.4115744244773,0,5.9e-10
0.9965441888379266,0.0,-0.0001792550132187,0.0000000000007827,-0.0023443835844166,-0.0000000000239066,7.9379598572288028,3.0001393722418110,-1434.277991,2.000000,1432.2779933920199,-2866.5525247346377,0,5.3e-10
0.9965442514825136,0.0,-0.0001807474374489,0.0000000000005501,-0.0023444292657501,-0.0000000000166715,7.9380184257974964,3.0001393697032332,-1434.349679,1.999997,1432.3496819078016,-2866.6957174909767,0,9.6e-10
0.9965443152012562,0.0,-0.0001822528968465,0.0000000000003569,-0.0023444757333227,-0.0000000000107365,7.9380780000178301,3.0001393671211400,-1434.422509,2.000000,1432.4225121425445,-2866.8411973748589,0,6.7e-10
0.9965443800113648,0.0,-0.0001837714717294,0.0000000000004343,-0.0023445229998329,-0.0000000000129560,7.9381385960474606,3.0001393644948346,-1434.496498,2.000000,1432.4965009575001,-2866.9889820867684,0,9.6e-10
0.9965444459303489,0.0,-0.0001853032438808,0.0000000000002977,-0.0023445710782077,-0.0000000000088012,7.9382002303267258,3.0001393618236083,-1434.571660,2.000000,1432.5716629424624,-2867.1391015051631,0,6.1e-10
0.9965445129760120,0.0,-0.0001868482963408,0.0000000000002883,-0.0023446199815929,-0.0000000000084559,7.9382629195869292,3.0001393591067416,-1434.648012,1.999997,1432.6480149525439,-2867.2915844729869,0,5.8e-10
0.9965445811664816,0.0,-0.0001884067139564,0.0000000000002524,-0.0023446697233765,-0.0000000000073431,7.9383266808515760,3.0001393563434990,-1434.725568,2.000000,1432.7255710106867,-2867.4464748685714,0,6.2e-10
0.9965446505202035,0.0,-0.0001899785831205,0.0000000000005008,-0.0023447203171874,-0.0000000000144282,7.9383915314452675,3.0001393535331342,-1434.804345,2.000000,1432.8043486715173,-2867.6037891352316,0,5.9e-10
0.9965447210559369,0.0,-0.0001915639915671,0.0000000000002612,-0.0023447717768849,-0.0000000000074715,7.9384574890022490,3.0001393506748881,-1434.884359,2.000000,1432.8843630247941,-2867.7635675022611,0,3.3e-10
0.9965447927927900,0.0,-0.0001931630289913,0.0000000000003393,-0.0023448241165963,-0.0000000000096282,7.9385245714674877,3.0001393477679876,-1434.965628,2.000000,1432.9656313369919,-2867.9258352463366,0,7.0e-10
0.9965448657501924,0.0,-0.0001947757863547,0.0000000000004967,-0.0023448773506858,-0.0000000000139723,7.9385927971098269,3.0001393448116453,-1435.048165,2.000000,1433.0481684859742,-2868.0906382278772,0,8.1e-10
0.9965449399479342,0.0,-0.0001964023565739,0.0000000000003781,-0.0023449314937903,-0.0000000000105444,7.9386621845228209,3.0001393418050615,-1435.131989,2.000000,1433.1319929517363,-2868.2579916811083,0,5.6e-10
0.9965450154061574,0.0,-0.0001980428342319,0.0000000000003059,-0.0023449865608084,-0.0000000000084601,7.9387327526343947,3.0001393387474207,-1435.217116,2.000000,1433.2171207250631,-2868.4279372423189,0,7.0e-10
0.9965450921453529,0.0,-0.0001996973153455,0.0000000000003543,-0.0023450425669035,-0.0000000000097159,7.9388045207161833,3.0001393356378916,-1435.303564,2.000000,1433.3035689657697,-2868.6005099338945,0,8.6e-10
0.9965451701863935,0.0,-0.0002013658979518,0.0000000000004091,-0.0023450995275260,-0.0000000000111315,7.9388775083858105,3.0001393324756318,-1435.391349,2.000000,1433.3913542286082,-2868.7757427725010,0,7.7e-10
0.9965452495505277,0.0,-0.0002030486818221,0.0000000000005799,-0.0023451574584089,-0.0000000000156298,7.9389517356168540,3.0001393292597807,-1435.480489,2.000000,1433.4804939770279,-2868.9536726023071,0,5.7e-10
0.9965453302593742,0.0,-0.0002047457682338,0.0000000000005752,-0.0023452163755593,-0.0000000000153787,7.9390272227485168,3.0001393259894629,-1435.571002,2.000000,1433.5710077015849,-2869.1343123211991,0,2.7e-10
0.9965454123349583,0.0,-0.0002064572605458,0.0000000000005965,-0.0023452762952970,-0.0000000000158087,7.9391039904885430,3.0001393226637867,-1435.662905,2.000000,1433.6629102893746,-2869.3177348863101,0,5.4e-10
0.9965454957997044,0.0,-0.0002081832639199,0.0000000000004322,-0.0023453372342373,-0.0000000000113619,7.9391820599234935,3.0001393192818457,-1435.756216,2.000000,1433.7562223392063,-2869.5039400096284,0,5.4e-10
0.9965455806764323,0.0,-0.0002099238850872,0.0000000000002133,-0.0023453992092954,-0.0000000000055687,7.9392614525288527,3.0001393158427159,-1435.850955,2.000000,1433.8509609012096,-2869.6929760827916,0,8.2e-10
0.9965456669883929,0.0,-0.0002116792329250,0.0000000000004114,-0.0023454622377141,-0.0000000000106416,7.9393421901725016,3.0001393123454552,-1435.947137,2.000000,1433.9471430607855,-2869.8848856311524,0,6.8e-10
0.9965457547592619,0.0,-0.0002134494181777,0.0000000000002704,-0.0023455263370528,-0.0000000000069442,7.9394242951254022,3.0001393087891075,-1436.044783,2.000000,1434.0447896637027,-2870.0796888443874,0,8.1e-10
0.9965458440131357,0.0,-0.0002152345532175,0.0000000000002611,-0.0023455915251902,-0.0000000000066394,7.9395077900721605,3.0001393051726972,-1436.143909,2.000000,1434.1439164416886,-2870.2774419090711,0,4.0e-10
0.9965459347745681,0.0,-0.0002170347526276,0.0000000000003327,-0.0023456578203470,-0.0000000000083949,7.9395926981150629,3.0001393014952300,-1436.244537,2.000000,1434.2445448939495,-2870.4781641857699,0,4.1e-10
0.9965460270685657,0.0,-0.0002188501329202,0.0000000000003225,-0.0023457252410924,-0.0000000000080743,7.9396790427851958,3.0001392977556951,-1436.346685,2.000000,1434.3466928115636,-2870.6819003097480,0,7.5e-10
0.9965461209205818,0.0,-0.0002206808122887,0.0000000000002277,-0.0023457938063277,-0.0000000000056570,7.9397668480535426,3.0001392939530613,-1436.450371,2.000000,1434.4503794769507,-2870.8886819989420,0,6.4e-10
0.9965462163565564,0.0,-0.0002225269112045,0.0000000000002023,-0.0023458635353235,-0.0000000000049833,7.9398561383355375,3.0001392900862802,-1436.555615,2.000000,1434.5556235767010,-2871.0985561051639,0,6.3e-10
0.9965463134029099,0.0,-0.0002243885521274,0.0000000000001951,-0.0023459344477137,-0.0000000000047677,7.9399469385027004,3.0001392861542824,-1436.662437,2.000000,1434.6624466366686,-2871.3115417355439,0,2.6e-10
0.9965464120865385,0.0,-0.0002262658592458,0.0000000000001876,-0.0023460065634946,-0.0000000000045500,7.9400392738943184,3.0001392821559802,-1436.770857,2.000000,1434.7708664817071,-2871.5276998898480,0,6.5e-10
0.9965465124348555,0.0,-0.0002281589590954,0.0000000000002259,-0.0023460799030533,-0.0000000000054322,7.9401331703224880,3.0001392780902636,-1436.880893,2.000000,1434.8809035343907,-2871.7470536907203,0,7.0e-10
0.9965466144757791,0.0,-0.0002300679801623,0.0000000000002567,-0.0023461544871556,-0.0000000000061102,7.9402286540850895,3.0001392739560040,-1436.992567,1.999989,1434.9925779758710,-2871.9696380093228,0,2.3e-10
0.9965467182377543,0.0,-0.0002319930530904,0.0000000000002348,-0.0023462303369729,-0.0000000000055432,7.9403257519744006,3.0001392697520499,-1437.105898,2.000000,1435.1059096074318,-2872.1955096259480,0,6.5e-10
0.9965468237497439,0.0,-0.0002339343103593,0.0000000000002203,-0.0023463074740653,-0.0000000000051574,7.9404244912899129,3.0001392654772308,-1437.220907,2.000000,1435.2209191133934,-2872.4246919794241,0,5.3e-10
0.9965469310412690,0.0,-0.0002358918868393,0.0000000000004161,-0.0023463859204194,-0.0000000000096506,7.9405248998447950,3.0001392611303515,-1437.337614,2.000000,1435.3376268496588,-2872.6572248878656,0,3.6e-10
0.9965470401424038,0.0,-0.0002378659195236,0.0000000000002590,-0.0023464656984369,-0.0000000000059625,7.9406270059785964,3.0001392567101957,-1437.456040,2.000000,1435.4560529862779,-2872.8931568580447,0,5.0e-10
0.9965471510837739,0.0,-0.0002398565472765,0.0000000000001952,-0.0023465468309459,-0.0000000000044648,7.9407308385701203,3.0001392522155248,-1437.576206,2.000000,1435.5762196909095,-2873.1325135574443,0,5.9e-10
0.9965472638965971,0.0,-0.0002418639114277,0.0000000000001557,-0.0023466293412204,-0.0000000000035300,7.9408364270443430,3.0001392476450759,-1437.698132,1.999985,1435.6981467129538,-2873.3753380860435,0,1.7e-10
0.9965473786126751,0.0,-0.0002438881553906,0.0000000000003288,-0.0023467132529808,-0.0000000000073761,7.9409438013865365,3.0001392429975628,-1437.821840,1.999985,1435.8218554628531,-2873.6216795005603,0,4.2e-10
0.9965474952644140,0.0,-0.0002459294248644,0.0000000000002454,-0.0023467985904039,-0.0000000000054664,7.9410529921524873,3.0001392382716756,-1437.947350,1.999984,1435.9473664544007,-2873.8715745286318,0,5.2e-10
0.9965476138848189,0.0,-0.0002479878675116,0.0000000000002114,-0.0023468853781280,-0.0000000000046741,7.9411640304826783,3.0001392334660779,-1438.074685,1.999983,1436.0747014894514,-2874.1250589804258,0,6.1e-10
0.9965477345075355,0.0,-0.0002500636335130,0.0000000000001375,-0.0023469736412779,-0.0000000000030202,7.9412769481105290,3.0001392285794104,-1438.203864,2.000000,1436.2038822381330,-2874.3821718955878,0,4.8e-10
0.9965478571668479,0.0,-0.0002521568753034,0.0000000000002188,-0.0023470634054649,-0.0000000000047524,7.9413917773765217,3.0001392236102857,-1438.334912,2.000000,1436.3349304457361,-2874.6429513996700,0,5.2e-10
0.9965479818976731,0.0,-0.0002542677472987,0.0000000000001287,-0.0023471546967854,-0.0000000000027755,7.9415085512427206,3.0001392185572926,-1438.467847,2.000000,1436.4678667429632,-2874.9074454937363,0,2.6e-10
0.9965481087356112,0.0,-0.0002563964065235,0.0000000000001966,-0.0023472475418549,-0.0000000000042056,7.9416273033013534,3.0001392134189908,-1438.602694,1.999979,1436.6027145464809,-2875.1756792368833,0,6.0e-10
0.9965482377169330,0.0,-0.0002585430122027,0.0000000000001751,-0.0023473419678052,-0.0000000000037097,7.9417480677906145,3.0001392081939140,-1438.739472,2.000000,1436.7394934473632,-2875.4477135053603,0,2.2e-10
0.9965483688786066,0.0,-0.0002607077259829,0.0000000000002108,-0.0023474380023011,-0.0000000000044214,7.9418708796065465,3.0001392028805673,-1438.878203,1.999977,1436.8782262490063,-2875.7235742674675,0,1.6e-10
0.9965485022582870,0.0,-0.0002628907115701,0.0000000000001239,-0.0023475356735300,-0.0000000000025901,7.9419957743190999,3.0001391974774281,-1439.018912,1.999976,1437.0189356740018,-2876.0033006618032,0,3.6e-10
0.9965486378943681,0.0,-0.0002650921353416,0.0000000000003067,-0.0023476350102520,-0.0000000000063252,7.9421227881820027,3.0001391919829441,-1439.161617,1.999975,1437.1616425606028,-2876.2869417935144,0,1.3e-10
0.9965487758259697,0.0,-0.0002673121659481,0.0000000000002039,-0.0023477360417751,-0.0000000000041847,7.9422519581494768,3.0001391863955340,-1439.306344,1.999973,1437.3063703189287,-2876.5745314810192,0,4.8e-10
0.9965489160929679,0.0,-0.0002695509745332,0.0000000000001636,-0.0023478387979983,-0.0000000000033307,7.9423833218892756,3.0001391807135853,-1439.453112,1.999972,1437.4531395944036,-2876.8661066887435,0,2.7e-10
0.9965490587359835,0.0,-0.0002718087343704,0.0000000000001914,-0.0023479433093866,-0.0000000000038576,7.9425169177997708,3.0001391749354562,-1439.601944,1.999971,1437.6019732456368,-2877.1617065215250,0,4.1e-10
0.9965492037964359,0.0,-0.0002740856214737,0.0000000000001385,-0.0023480496070196,-0.0000000000027768,7.9426527850211164,3.0001391690594721,-1439.752863,1.999969,1437.7528936380095,-2877.4613752446603,0,4.5e-10
0.9965493513165319,0.0,-0.0002763818142026,0.0000000000001369,-0.0023481577225842,-0.0000000000027107,7.9427909634530147,3.0001391630839263,-1439.905889,1.999968,1437.9059213067731,-2877.7651503069792,0,4.1e-11
0.9965495013392959,0.0,-0.0002786974934804,0.0000000000001364,-0.0023482676883942,-0.0000000000026887,7.9429314937689952,3.0001391570070806,-1440.061046,2.000000,1438.0610797746501,-2878.0730744521134,0,2.8e-10
0.9965496539085600,0.0,-0.0002810328424238,0.0000000000001339,-0.0023483795373907,-0.0000000000026190,7.9430744174346772,3.0001391508271626,-1440.218356,1.999964,1438.2183912881007,-2878.3851681570522,0,3.8e-10
0.9965498090690206,0.0,-0.0002833880469689,0.0000000000001850,-0.0023484933031788,-0.0000000000035843,7.9432197767202153,3.0001391445423664,-1440.377839,1.999962,1438.3778770294391,-2878.7014868021943,0,5.1e-10
0.9965499668662268,0.0,-0.0002857632954640,0.0000000000001583,-0.0023486090200215,-0.0000000000030342,7.9433676147193042,3.0001391381508515,-1440.539520,1.999960,1438.5395593068872,-2879.0220612143166,0,5.8e-10
0.9965501273466062,0.0,-0.0002881587787988,0.0000000000001424,-0.0023487267228633,-0.0000000000027055,7.9435179753653502,3.0001391316507404,-1440.703417,1.999958,1438.7034590567230,-2879.3469309312059,0,2.5e-10
0.9965502905574872,0.0,-0.0002905746905054,0.0000000000000756,-0.0023488464473431,-0.0000000000014317,7.9436709034481066,3.0001391250401213,-1440.869556,1.999956,1438.8695993426561,-2879.6761224718066,0,4.1e-10
0.9965504565470941,0.0,-0.0002930112264277,0.0000000000001276,-0.0023489682297955,-0.0000000000023892,7.9438264446332694,3.0001391183170454,-1441.037955,1.999954,1439.0380006090561,-2880.0096834639553,0,3.0e-10
0.9965506253646010,0.0,-0.0002954685852846,0.0000000000000690,-0.0023490921072890,-0.0000000000012876,7.9439846454771361,3.0001391114795246,-1441.208637,1.999952,1439.2086853650126,-2880.3476381174987,0,3.6e-10
0.9965507970601265,0.0,-0.0002979469683073,0.0000000000002167,-0.0023492181176282,-0.0000000000039703,7.9441455534469849,3.0001391045255352,-1441.381623,1.999949,1439.3816742368385,-2880.6900252025807,0,1.6e-10
0.9965509716847640,0.0,-0.0003004465794482,0.0000000000001284,-0.0023493462993696,-0.0000000000023463,7.9443092169385610,3.0001390974530118,-1441.556935,1.999947,1439.5569884184729,-2881.0368805684848,0,4.0e-10
0.9965511492905761,0.0,-0.0003029676250141,0.0000000000001274,-0.0023494766918291,-0.0000000000023103,7.9444756852972613,3.0001390902598519,-1441.734593,1.999944,1439.7346489437255,-2881.3882289848989,0,4.0e-10
0.9965513299306545,0.0,-0.0003055103142880,0.0000000000001030,-0.0023496093351199,-0.0000000000018564,7.9446450088340663,3.0001390829439099,-1441.914617,1.999941,1439.9146762837215,-2881.7441049695481,0,5.3e-10
0.9965515136591124,0.0,-0.0003080748591237,0.0000000000001531,-0.0023497442701519,-0.0000000000027253,7.9448172388475911,3.0001390755030002,-1442.097028,1.999938,1440.0970899559438,-2882.1045488259988,0,5.7e-10
0.9965517005311118,0.0,-0.0003106614740758,0.0000000000000985,-0.0023498815386524,-0.0000000000017450,7.9449924276436201,3.0001390679348940,-1442.281846,1.999935,1440.2819108322458,-2882.4695719314041,0,3.3e-10
0.9965518906028903,0.0,-0.0003132703765063,0.0000000000001052,-0.0023500211831864,-0.0000000000018447,7.9451706285551316,3.0001390602373208,-1442.469090,1.999931,1440.4691588098083,-2882.8392087116372,0,3.2e-10
0.9965520839317575,0.0,-0.0003159017862285,0.0000000000001031,-0.0023501632471615,-0.0000000000017943,7.9453518959653282,3.0001390524079645,-1442.658781,1.999928,1440.6588531651444,-2883.2134877371136,0,3.4e-10
0.9965522805761567,0.0,-0.0003185559261104,0.0000000000001565,-0.0023503077748686,-0.0000000000026881,7.9455362853258498,3.0001390444444653,-1442.850937,1.999924,1440.8510124500540,-2883.5924315931043,0,1.9e-10
0.9965524805956587,0.0,-0.0003212330216832,0.0000000000002374,-0.0023504548114801,-0.0000000000040409,7.9457238531807262,3.0001390363444171,-1443.045575,1.999920,1441.0456551455413,-2883.9760671784170,0,2.6e-10
0.9965526840509918,0.0,-0.0003239333012676,0.0000000000002092,-0.0023506044030789,-0.0000000000035258,7.9459146571880730,3.0001390281053681,-1443.242716,1.999916,1441.2427995527391,-2884.3644125134451,0,9.3e-11
0.9965528910040720,0.0,-0.0003266569960807,0.0000000000001105,-0.0023507565966772,-0.0000000000018603,7.9461087561423032,3.0001390197248172,-1443.442376,1.999912,1441.4424638251228,-2884.7574841353344,0,4.0e-10
0.9965531015179975,0.0,-0.0003294043398764,0.0000000000000874,-0.0023509114402222,-0.0000000000014576,7.9463062099992907,3.0001390112002175,-1443.644571,1.999907,1441.6446641985399,-2885.1553040847648,0,3.5e-10
0.9965533156571172,0.0,-0.0003321755695549,0.0000000000001130,-0.0023510689826375,-0.0000000000018699,7.9465070798969357,3.0001390025289698,-1443.849320,1.999903,1441.8494172132923,-2885.5578921643319,0,5.6e-10
0.9965535334870246,0.0,-0.0003349709247675,0.0000000000000871,-0.0023512292738334,-0.0000000000014241,7.9467114281813398,3.0001389937084268,-1444.056635,1.999898,1442.0567378951218,-2885.9652586402372,0,1.6e-10
0.9965537550745893,0.0,-0.0003377906480422,0.0000000000001087,-0.0023513923647208,-0.0000000000017648,7.9469193184308722,3.0001389847358886,-1444.266536,1.999892,1442.2666433634199,-2886.3774116453715,0,2.9e-10
0.9965539804879839,0.0,-0.0003406349848019,0.0000000000000841,-0.0023515583072432,-0.0000000000013570,7.9471308154812537,3.0001389756086030,-1444.479034,1.999887,1442.4791473548053,-2886.7943590362556,0,6.1e-10
0.9965542097967157,0.0,-0.0003435041834646,0.0000000000000923,-0.0023517271543985,-0.0000000000014745,7.9473459854507205,3.0001389663237643,-1444.694143,1.999881,1442.6942620552798,-2887.2161161573604,0,5.6e-10
0.9965544430716249,0.0,-0.0003463984951154,0.0000000000001925,-0.0023518989602400,-0.0000000000030401,7.9475648957678819,3.0001389568785131,-1444.911877,1.999875,1442.9120022603290,-2887.6426758890739,0,5.8e-10
0.9965546803849549,0.0,-0.0003493181740644,0.0000000000000557,-0.0023520737799311,-0.0000000000008781,7.9477876151957147,3.0001389472699347,-1445.132247,1.999868,1443.1323784007247,-2888.0740486772265,0,2.4e-10
0.9965549218103503,0.0,-0.0003522634774885,0.0000000000000842,-0.0023522516697508,-0.0000000000013141,7.9480142138605210,3.0001389374950560,-1445.355264,1.999861,1443.3554024127336,-2888.5102277210681,0,3.8e-10
0.9965551674228911,0.0,-0.0003552346655462,0.0000000000000773,-0.0023524326871158,-0.0000000000011991,7.9482447632792095,3.0001389275508474,-1445.580939,1.999854,1443.5810849820698,-2888.9512000756804,0,5.2e-10
0.9965554172991299,0.0,-0.0003582320014903,0.0000000000001124,-0.0023526168906163,-0.0000000000017215,7.9484793363871100,3.0001389174342199,-1445.809281,1.999847,1443.8094345183199,-2889.3969668968348,0,7.4e-10
0.9965556715170872,0.0,-0.0003612557512916,0.0000000000000931,-0.0023528043400115,-0.0000000000014167,7.9487180075687309,3.0001389071420261,-1446.040297,1.999839,1444.0404579534274,-2889.8475200452376,0,6.7e-10
0.9965559301563334,0.0,-0.0003643061842713,0.0000000000000871,-0.0023529950962993,-0.0000000000013097,7.9489608526843236,3.0001388966710549,-1446.273993,1.999830,1444.2741622043275,-2890.3028314521071,0,3.3e-10
0.9965561932979807,0.0,-0.0003673835726906,0.0000000000000697,-0.0023531892217064,-0.0000000000010449,7.9492079491018552,3.0001388860180347,-1446.510376,1.999822,1444.5105544701280,-2890.7628837967059,0,3.9e-10
0.9965564610247253,0.0,-0.0003704881918776,0.0000000000000629,-0.0023533867797286,-0.0000000000009370,7.9494593757271694,3.0001388751796294,-1446.749451,1.999813,1444.7496380090336,-2891.2276545445202,0,7.7e-10
0.9965567334208777,0.0,-0.0003736203202476,0.0000000000000941,-0.0023535878351577,-0.0000000000013828,7.9497152130352342,3.0001388641524387,-1446.991218,1.999803,1444.9914155188451,-2891.6971056963084,0,7.2e-10
0.9965570105723934,0.0,-0.0003767802393176,0.0000000000000930,-0.0023537924541026,-0.0000000000013539,7.9499755431020480,3.0001388529329960,-1447.235681,1.999793,1445.2358887832524,-2892.1712117922725,0,7.9e-10
0.9965572925669137,0.0,-0.0003799682338074,0.0000000000000755,-0.0023540007040279,-0.0000000000010956,7.9502404496367785,3.0001388415177659,-1447.482839,1.999782,1445.4830567942931,-2892.6499316251138,0,9.7e-10
0.9965575794937681,0.0,-0.0003831845913113,0.0000000000000781,-0.0023542126537612,-0.0000000000011213,7.9505100180165247,3.0001388299031464,-1447.732688,1.999771,1445.7329176058047,-2893.1332179011079,0,5.8e-10
0.9965578714440537,0.0,-0.0003864296028529,0.0000000000000796,-0.0023544283735492,-0.0000000000011326,7.9507843353178114,3.0001388180854653,-1447.985228,1.999759,1445.9854693974955,-2893.6210203472292,0,8.4e-10
0.9965581685106388,0.0,-0.0003897035625271,0.0000000000000858,-0.0023546479350751,-0.0000000000012099,7.9510634903527277,3.0001388060609782,-1448.240451,1.999746,1446.2407047415663,-2894.1132863392122,0,8.0e-10
0.9965584707882038,0.0,-0.0003930067676153,0.0000000000000614,-0.0023548714114836,-0.0000000000008594,7.9513475737037655,3.0001387938258675,-1448.498350,1.999733,1446.4986172769134,-2894.6099451949121,0,6.0e-10
0.9965587783732782,0.0,-0.0003963395186006,0.0000000000000686,-0.0023550988774200,-0.0000000000009521,7.9516366777597787,3.0001387813762421,-1448.758917,1.999719,1446.7591983459808,-2895.1109337533126,0,8.4e-10
0.9965590913642844,0.0,-0.0003997021192763,0.0000000000000971,-0.0023553304090634,-0.0000000000013351,7.9519308967522457,3.0001387687081347,-1449.022140,1.999705,1447.0224350654853,-2895.6161783038406,0,7.4e-10
0.9965594098615391,0.0,-0.0004030948763800,0.0000000000000843,-0.0023555660841362,-0.0000000000011503,7.9522303267943411,3.0001387558175034,-1449.288005,1.999689,1447.2883156337007,-2896.1255821861560,0,7.7e-10
0.9965597339673463,0.0,-0.0004065181002066,0.0000000000000750,-0.0023558059819779,-0.0000000000010151,7.9525350659166163,3.0001387427002251,-1449.556496,1.999673,1447.5568232594160,-2896.6390644892817,0,8.4e-10
0.9965600637859965,0.0,-0.0004099721042074,0.0000000000000631,-0.0023560501835462,-0.0000000000008461,7.9528452141076169,3.0001387293520971,-1449.827595,1.999656,1447.8279389226834,-2897.1565242462093,0,7.6e-10
0.9965603994238156,0.0,-0.0004134572051159,0.0000000000000596,-0.0023562987714646,-0.0000000000007926,7.9531608733531822,3.0001387157688351,-1450.101281,1.999638,1448.1016424058521,-2897.6778546661371,0,7.6e-10
0.9965607409892047,0.0,-0.0004169737229618,0.0000000000000621,-0.0023565518300559,-0.0000000000008205,7.9534821476769801,3.0001387019460726,-1450.377530,1.999619,1448.3779103243357,-2898.2029318986461,0,7.2e-10
0.9965610885926794,0.0,-0.0004205219810872,0.0000000000000859,-0.0023568094453739,-0.0000000000011229,7.9538091431818465,3.0001386878793581,-1450.656316,1.999599,1448.6567168133970,-2898.7316325514112,0,9.3e-10
0.9965614423469125,0.0,-0.0004241023061604,0.0000000000000407,-0.0023570717052477,-0.0000000000005332,7.9541419680919665,3.0001386735641526,-1450.937609,1.999579,1448.9380304818258,-2899.2638229911681,0,6.7e-10
0.9965618023667815,0.0,-0.0004277150282730,0.0000000000000660,-0.0023573386993198,-0.0000000000008494,7.9544807327955596,3.0001386589958301,-1451.221377,1.999557,1449.2218200115938,-2899.7993588712998,0,8.2e-10
0.9965621687693793,0.0,-0.0004313604806167,0.0000000000001044,-0.0023576105190623,-0.0000000000013239,7.9548255498901321,3.0001386441696756,-1451.507584,1.999534,1449.5080500514468,-2900.3380719157867,0,6.7e-10
0.9965625416741083,0.0,-0.0004350390000231,0.0000000000001136,-0.0023578872578495,-0.0000000000014260,7.9551765342252150,3.0001386290808800,-1451.796191,1.999509,1449.7966813862104,-2900.8798023941927,0,6.3e-10
0.9965629212026894,0.0,-0.0004387509266127,0.0000000000000241,-0.0023581690109810,-0.0000000000003042,7.9555338029494065,3.0001386137245456,-1452.087155,1.999484,1450.0876716044040,-2901.4243601257913,0,6.4e-10
0.9965633074792158,0.0,-0.0004424966039046,0.0000000000000434,-0.0023584558757228,-0.0000000000005402,7.9558974755566290,3.0001385980956745,-1452.380430,1.999457,1450.3809738217162,-2901.9715596765745,0,7.8e-10
0.9965637006301978,0.0,-0.0004462763788293,0.0000000000000322,-0.0023587479513494,-0.0000000000003981,7.9562676739336693,3.0001385821891766,-1452.675966,1.999428,1450.6765382200931,-2902.5211902901065,0,7.4e-10
0.9965641007846102,0.0,-0.0004500906017413,0.0000000000000790,-0.0023590453391879,-0.0000000000009617,7.9566445224086735,3.0001385659998596,-1452.973708,1.999398,1450.9743097743162,-2903.0730379149318,0,8.5e-10
0.9965645080739389,0.0,-0.0004539396264334,0.0000000000000754,-0.0023593481426605,-0.0000000000009103,7.9570281478006137,3.0001385495224340,-1453.273598,1.999367,1451.2742316545507,-2903.6268503884785,0,7.3e-10
0.9965649226322381,0.0,-0.0004578238102289,0.0000000000000603,-0.0023596564673375,-0.0000000000007251,7.9574186794694484,3.0001385327515049,-1453.575574,1.999334,1451.5762403349452,-2904.1823836080730,0,9.0e-10
0.9965653445961431,0.0,-0.0004617435136611,0.0000000000000500,-0.0023599704209548,-0.0000000000005989,7.9578162493688485,3.0001385156815759,-1453.879567,1.999299,1451.8802680302376,-2904.7393736785743,0,3.3e-10
0.9965657741049757,0.0,-0.0004656991010040,0.0000000000000648,-0.0023602901135008,-0.0000000000007652,7.9582209920968472,3.0001384983070443,-1454.185504,1.999262,1452.1862418046637,-2905.2975474824198,0,8.4e-10
0.9965662113007573,0.0,-0.0004696909399234,0.0000000000000363,-0.0023606156572402,-0.0000000000004248,7.9586330449506644,3.0001384806221960,-1454.493309,1.999223,1452.4940863439319,-2905.8565759274643,0,9.0e-10
0.9965666563282685,0.0,-0.0004737194015831,0.0000000000000597,-0.0023609471667617,-0.0000000000006931,7.9590525479810461,3.0001384626212095,-1454.802901,1.999182,1452.8037184687080,-2906.4161482544150,0,4.8e-10
0.9965671093351041,0.0,-0.0004777848606544,0.0000000000000960,-0.0023612847590370,-0.0000000000010971,7.9594796440480229,3.0001384442981522,-1455.114188,1.999139,1453.1150483221079,-2906.9759514608886,0,6.0e-10
0.9965675704717235,0.0,-0.0004818876953278,0.0000000000000434,-0.0023616285534591,-0.0000000000004935,7.9599144788777805,3.0001384256469730,-1455.427079,1.999094,1453.4279848310889,-2907.5355963229667,0,8.2e-10
0.9965680398915089,0.0,-0.0004860282873222,0.0000000000000429,-0.0023619786719114,-0.0000000000004873,7.9603572011206856,3.0001384066615082,-1455.741474,1.999046,1453.7424278499675,-2908.0947050703689,0,8.3e-10
0.9965685177508167,0.0,-0.0004902070218963,0.0000000000000475,-0.0023623352388036,-0.0000000000005335,7.9608079624104686,3.0001383873354728,-1456.057268,1.998996,1454.0582722802747,-2908.6528689104598,0,5.1e-10
0.9965690042090457,0.0,-0.0004944242879319,0.0000000000000826,-0.0023626983811451,-0.0000000000009129,7.9612669174243305,3.0001383676624620,-1456.374347,1.998943,1454.3754041614777,-2909.2096816019621,0,7.0e-10
0.9965694994286544,0.0,-0.0004986804776253,0.0000000000000536,-0.0023630682285572,-0.0000000000005912,7.9617342239456441,3.0001383476359487,-1456.692594,1.998888,1454.6937068096020,-2909.7646727899555,0,5.3e-10
0.9965700035752804,0.0,-0.0005029759869940,0.0000000000000393,-0.0023634449133953,-0.0000000000004328,7.9622100429251237,3.0001383272492790,-1457.011881,1.998829,1455.0130526000933,-2910.3173837577924,0,6.8e-10
0.9965705168177562,0.0,-0.0005073112155368,0.0000000000000400,-0.0023638285707539,-0.0000000000004379,7.9626945385460344,3.0001383064956717,-1457.332078,1.998767,1455.3333108347499,-2910.8672936235089,0,7.9e-10
0.9965710393281823,0.0,-0.0005116865663324,0.0000000000000355,-0.0023642193385469,-0.0000000000003841,7.9631878782893013,3.0001382853682164,-1457.653042,1.998702,1455.6543396648437,-2911.4138667557854,0,2.7e-10
0.9965715712819866,0.0,-0.0005161024460472,0.0000000000000411,-0.0023646173575609,-0.0000000000004401,7.9636902330002126,3.0001382638598679,-1457.974625,1.998633,1455.9759917586603,-2911.9565571914427,0,8.6e-10
0.9965721128579885,0.0,-0.0005205592649395,0.0000000000000352,-0.0023650227715223,-0.0000000000003744,7.9642017769564672,3.0001382419634490,-1458.296671,1.998561,1456.2981101261041,-2912.4947603715118,0,7.7e-10
0.9965726642384614,0.0,-0.0005250574368670,0.0000000000000488,-0.0023654357271564,-0.0000000000005077,7.9647226879375914,3.0001382196716428,-1458.619016,1.998485,1456.6205314780930,-2913.0278456278611,0,1.3e-10
0.9965732256091954,0.0,-0.0005295973792908,0.0000000000000296,-0.0023658563742453,-0.0000000000003085,7.9652531472957540,3.0001381969769940,-1458.941485,1.998404,1456.9430804865685,-2913.5551754171029,0,7.6e-10
0.9965737971595666,0.0,-0.0005341795132806,0.0000000000000302,-0.0023662848657089,-0.0000000000003115,7.9657933400280001,3.0001381738719042,-1459.263897,1.998320,1457.2655767480956,-2914.0760244047269,0,2.6e-10
0.9965743790826098,0.0,-0.0005388042635923,0.0000000000000403,-0.0023667213576645,-0.0000000000004146,7.9663434548497047,3.0001381503486297,-1459.586057,1.998231,1457.5878262293541,-2914.5896930077579,0,9.2e-10
0.9965749715750488,0.0,-0.0005434720583642,0.0000000000000607,-0.0023671660094710,-0.0000000000006088,7.9669036842707222,3.0001381263992806,-1459.907765,1.998137,1457.9096280935773,-2915.0953907072544,0,3.3e-10
0.9965755748374248,0.0,-0.0005481833295970,0.0000000000000371,-0.0023676189838420,-0.0000000000003752,7.9674742246706280,3.0001381020158138,-1460.228809,1.998038,1458.2307708428982,-2915.5923119953368,0,9.4e-10
0.9965761890741256,0.0,-0.0005529385128266,0.0000000000000449,-0.0023680804468904,-0.0000000000004493,7.9680552763779069,3.0001380771900368,-1460.548965,1.997933,1458.5510313707482,-2916.0795943203848,0,3.2e-10
0.9965768144934671,0.0,-0.0005577380472084,0.0000000000000324,-0.0023685505682046,-0.0000000000003229,7.9686470437495363,3.0001380519135985,-1460.868001,1.997823,1458.8701772513298,-2916.5563541494776,0,7.6e-10
0.9965774513077651,0.0,-0.0005625823755202,0.0000000000000385,-0.0023690295209223,-0.0000000000003835,7.9692497352524008,3.0001380261779897,-1461.185670,1.997708,1459.1879626771820,-2917.0216338546015,0,9.0e-10
0.9965780997334089,0.0,-0.0005674719441610,0.0000000000000335,-0.0023695174818070,-0.0000000000003254,7.9698635635463511,3.0001379999745410,-1461.501717,1.997585,1459.5041315300521,-2917.4744379487820,0,1.5e-10
0.9965787599909371,0.0,-0.0005724072031497,0.0000000000000291,-0.0023700146313283,-0.0000000000002824,7.9704887455689386,3.0001379732944176,-1461.815873,1.997457,1459.8184164610213,-2917.9137362060137,0,7.5e-10
0.9965794323051119,0.0,-0.0005773886061240,0.0000000000000285,-0.0023705211537383,-0.0000000000002740,7.9711255026218568,3.0001379461286173,-1462.127856,1.997321,1460.1305352575396,-2918.3384111509658,0,7.6e-10
0.9965801169049967,0.0,-0.0005824166103366,0.0000000000000192,-0.0023710372371500,-0.0000000000001860,7.9717740604591256,3.0001379184679688,-1462.437372,1.997178,1460.4401941487363,-2918.7473124032840,0,7.4e-10
0.9965808140240346,0.0,-0.0005874916766528,0.0000000000000289,-0.0023715630736230,-0.0000000000002709,7.9724346493770497,3.0001378903031255,-1462.744112,1.997027,1460.7470850034545,-2919.1392372036353,0,8.2e-10
0.9965815239001381,0.0,-0.0005926142696197,0.0000000000000359,-0.0023720988592545,-0.0000000000003335,7.9731075043057755,3.0001378616245664,-1463.047754,1.996868,1461.0508858526161,-2919.5129016807768,0,3.2e-10
0.9965822467757273,0.0,-0.0005977848571516,0.0000000000000458,-0.0023726447942340,-0.0000000000004174,7.9737928649038068,3.0001378324225914,-1463.347962,1.996700,1461.3512618982563,-2919.8669715232681,0,5.5e-10
0.9965829828978769,0.0,-0.0006030039110056,0.0000000000000189,-0.0023732010829729,-0.0000000000001740,7.9744909756521976,3.0001378026873158,-1463.644386,1.996523,1461.6478622751397,-2920.2000312237069,0,8.0e-10
0.9965837325183566,0.0,-0.0006082719064408,0.0000000000000239,-0.0023737679341737,-0.0000000000002186,7.9752020859528665,3.0001377724086700,-1463.936656,1.996337,1461.9403189065740,-2920.5106136074755,0,7.5e-10
0.9965844958937250,0.0,-0.0006135893222954,0.0000000000000196,-0.0023743455609195,-0.0000000000001771,7.9759264502277993,3.0001377415763972,-1464.224391,1.996140,1462.2282507230625,-2920.7971669570543,0,6.4e-10
0.9965852732854157,0.0,-0.0006189566409792,0.0000000000000302,-0.0023749341807664,-0.0000000000002702,7.9766643280204619,3.0001377101800450,-1464.507191,1.995933,1462.5112583442531,-2921.0580677711405,0,9.8e-10
0.9965860649598260,0.0,-0.0006243743484624,0.0000000000000137,-0.0023755340158467,-0.0000000000001247,7.9774159840992684,3.0001376782089682,-1464.784641,1.995714,1462.7889262951599,-2921.2916001372505,0,9.0e-10
0.9965868711884043,0.0,-0.0006298429342633,0.0000000000000228,-0.0023761452929594,-0.0000000000002019,7.9781816885631418,3.0001376456523210,-1465.056303,1.995484,1463.0608196486669,-2921.4959862770047,0,7.5e-10
0.9965876922477398,0.0,-0.0006353628914368,0.0000000000000233,-0.0023767682436707,-0.0000000000002063,7.9789617169492004,3.0001376124990569,-1465.321730,1.995241,1463.3264890215271,-2921.6693360987119,0,7.6e-10
0.9965885284196541,0.0,-0.0006409347165603,0.0000000000000225,-0.0023774031044140,-0.0000000000001947,7.9797563503426296,3.0001375787379212,-1465.580448,1.994984,1463.5854636097974,-2921.8096734199207,0,1.0e-09
0.9965893799912942,0.0,-0.0006465589097175,0.0000000000000199,-0.0023780501165996,-0.0000000000001739,7.9805658754887716,3.0001375443574507,-1465.831966,1.994714,1463.8372524287247,-2921.9149441921618,0,9.0e-10
0.9965902472552252,0.0,-0.0006522359744838,0.0000000000000308,-0.0023787095267092,-0.0000000000002630,7.9813905849074809,3.0001375093459708,-1466.075775,1.994428,1464.0813467791204,-2921.9829779132269,0,1.0e-09
0.9965911305095266,0.0,-0.0006579664179077,0.0000000000000163,-0.0023793815864119,-0.0000000000001405,7.9822307770097982,3.0001374736915887,-1466.311344,1.994127,1464.3172165127100,-2922.0114939047489,0,7.8e-10
0.9965920300578884,0.0,-0.0006637507504916,0.0000000000000026,-0.0023800665526697,-0.0000000000000259,7.9830867562169852,3.0001374373821914,-1466.538121,1.993810,1464.5443111521429,-2921.9981032733340,0,6.8e-10
0.9965929462097195,0.0,-0.0006695894862364,0.0000000000000182,-0.0023807646878583,-0.0000000000001525,7.9839588330817977,3.0001374004054417,-1466.755532,1.993475,1464.7620566994517,-2921.9403241418768,0,7.7e-10
0.9965938792802053,0.0,-0.0006754831423551,0.0000000000000138,-0.0023814762598494,-0.0000000000001153,7.9848473244130638,3.0001373627487777,-1466.962980,1.993122,1464.9698586363772,-2921.8355241590180,0,5.3e-10
0.9965948295904727,0.0,-0.0006814322396592,0.0000000000000149,-0.0023822015421750,-0.0000000000001235,7.9857525534011113,3.0001373243994025,-1467.159848,1.992749,1465.1670988275637,-2921.6809588719625,0,9.9e-10
0.9965957974676489,0.0,-0.0006874373022516,0.0000000000000162,-0.0023829408141151,-0.0000000000001326,7.9866748497473976,3.0001372853442847,-1467.345490,1.992355,1465.3531345107458,-2921.4737404545303,0,3.9e-10
0.9965967832449751,0.0,-0.0006934988575738,0.0000000000000135,-0.0023836943608220,-0.0000000000001117,7.9876145497959472,3.0001372455701554,-1467.519241,1.991940,1465.5273002456488,-2921.2108604200184,0,6.2e-10
0.9965977872619125,0.0,-0.0006996174363778,0.0000000000000123,-0.0023844624734492,-0.0000000000001011,7.9885719966676243,3.0001372050635009,-1467.680406,1.991502,1465.6889035348972,-2920.8891597522888,0,6.6e-10
0.9965988098642489,0.0,-0.0007057935726974,0.0000000000000257,-0.0023852454492767,-0.0000000000001998,7.9895475403971234,3.0001371638105616,-1467.828268,1.991040,1465.8372274760168,-2920.5053232663777,0,5.0e-10
0.9965998514042050,0.0,-0.0007120278038161,0.0000000000000089,-0.0023860435918315,-0.0000000000000733,7.9905415380727556,3.0001371217973252,-1467.962082,1.990553,1465.9715290314241,-2920.0558727935422,0,6.6e-10
0.9966009122405464,0.0,-0.0007183206702364,0.0000000000000152,-0.0023868572110326,-0.0000000000001192,7.9915543539790637,3.0001370790095270,-1468.081075,1.990038,1466.0910374447567,-2919.5371707733721,0,7.0e-10
0.9966019927386918,0.0,-0.0007246727156424,0.0000000000000200,-0.0023876866233114,-0.0000000000001568,7.9925863597423481,3.0001370354326400,-1468.184449,1.989495,1466.1949538919303,-2918.9454122364987,0,7.9e-10
0.9966030932708264,0.0,-0.0007310844868667,0.0000000000000306,-0.0023885321517537,-0.0000000000002293,7.9936379344791471,3.0001369910518765,-1468.271373,1.988922,1466.2824510644339,-2918.2766064857133,0,7.3e-10
0.9966042142160151,0.0,-0.0007375565338493,0.0000000000000149,-0.0023893941262359,-0.0000000000001171,7.9947094649477464,3.0001369458521787,-1468.340990,1.988316,1466.3526735554969,-2917.5265653545503,0,8.2e-10
0.9966053559603176,0.0,-0.0007440894096001,0.0000000000000185,-0.0023902728835688,-0.0000000000001405,7.9958013457027679,3.0001368998182198,-1468.392413,1.987678,1466.4047348566137,-2916.6909088294487,0,6.8e-10
0.9966065188969053,0.0,-0.0007506836701550,0.0000000000000263,-0.0023911687676410,-0.0000000000001937,7.9969139792529207,3.0001368529343941,-1468.424722,1.987003,1466.4377186524614,-2915.7650465171319,0,6.7e-10
0.9966077034261780,0.0,-0.0007573398745328,0.0000000000000213,-0.0023920821295612,-0.0000000000001565,7.9980477762219602,3.0001368051848183,-1468.436969,1.986292,1466.4506771852130,-2914.7441718210466,0,5.9e-10
0.9966089099558840,0.0,-0.0007640585846888,0.0000000000000256,-0.0023930133278116,-0.0000000000001865,7.9992031555129373,3.0001367565533221,-1468.428171,1.985540,1466.4426305257925,-2913.6232520071790,0,7.3e-10
0.9966101389012517,0.0,-0.0007708403655266,0.0000000000000244,-0.0023939627284096,-0.0000000000001744,8.0003805444756644,3.0001367070234473,-1468.397313,1.984747,1466.4125656124811,-2912.3970156903379,0,8.0e-10
0.9966113906850667,0.0,-0.0007776857846006,0.0000000000000282,-0.0023949307050241,-0.0000000000001993,8.0015803790782858,3.0001366565784413,-1468.343346,1.983909,1466.3594367151900,-2911.0599390189163,0,8.2e-10
0.9966126657378640,0.0,-0.0007845954124459,0.0000000000000302,-0.0023959176391892,-0.0000000000002118,8.0028031040810106,3.0001366052012548,-1468.265189,1.983025,1466.2821646361874,-2909.6062324338127,0,8.7e-10
0.9966139644980063,0.0,-0.0007915698222588,0.0000000000000176,-0.0023969239204272,-0.0000000000001229,8.0040491732147316,3.0001365528745336,-1468.161723,1.982091,1466.1796325435439,-2908.0298626606818,0,6.6e-10
0.9966152874118215,0.0,-0.0007986095899098,0.0000000000000225,-0.0023979499464209,-0.0000000000001550,8.0053190493626420,3.0001364995806199,-1468.031797,1.981105,1466.0506929556393,-2906.3244623134378,0,7.4e-10
0.9966166349337306,0.0,-0.0008057152938816,0.0000000000000155,-0.0023989961231811,-0.0000000000001088,8.0066132047457188,3.0001364453015409,-1467.874221,1.980063,1465.8941583785081,-2904.4834047884215,0,8.0e-10
0.9966180075263776,0.0,-0.0008128875152083,0.0000000000000176,-0.0024000628652186,-0.0000000000001203,8.0079321211119954,3.0001363900190094,-1467.687770,1.978963,1465.7088068334965,-2902.4997270461172,0,4.9e-10
0.9966194056607584,0.0,-0.0008201268374103,0.0000000000000154,-0.0024011505957094,-0.0000000000001046,8.0092762899297316,3.0001363337144169,-1467.471180,1.977801,1465.4933786229080,-2900.3661581415217,0,7.5e-10
0.9966208298163530,0.0,-0.0008274338464264,0.0000000000000172,-0.0024022597466776,-0.0000000000001169,8.0106462125845521,3.0001362763688291,-1467.223150,1.976574,1465.2465760380060,-2898.0750661485363,0,8.6e-10
0.9966222804812587,0.0,-0.0008348091305444,0.0000000000000122,-0.0024033907591685,-0.0000000000000838,8.0120424005806345,3.0001362179629814,-1466.942342,1.975278,1464.9670641090675,-2895.6184583953582,0,8.5e-10
0.9966237581523240,0.0,-0.0008422532803286,0.0000000000000162,-0.0024045440834334,-0.0000000000001088,8.0134653757460441,3.0001361584772748,-1466.627376,1.973908,1464.6534673022077,-2892.9879910096060,0,8.4e-10
0.9966252633352839,0.0,-0.0008497668885430,0.0000000000000153,-0.0024057201791116,-0.0000000000001014,8.0149156704423046,3.0001360978917697,-1466.276834,1.972462,1464.3043723672963,-2890.1749008137267,0,7.2e-10
0.9966267965448975,0.0,-0.0008573505500737,0.0000000000000167,-0.0024069195154206,-0.0000000000001100,8.0163938277782822,3.0001360361861824,-1465.889260,1.970933,1463.9183262991432,-2887.1700237500481,0,8.0e-10
0.9966283583050847,0.0,-0.0008650048618476,0.0000000000000103,-0.0024081425713439,-0.0000000000000692,8.0179004018284914,3.0001359733398805,-1465.463154,1.969319,1463.4938349584959,-2883.9637700209860,0,9.5e-10
0.9966299491490663,0.0,-0.0008727304227479,0.0000000000000124,-0.0024093898358278,-0.0000000000000809,8.0194359578559187,3.0001359093318767,-1464.996977,1.967612,1463.0293646777029,-2880.5460802742746,0,8.2e-10
0.9966315696195036,0.0,-0.0008805278335260,0.0000000000000029,-0.0024106618079745,-0.0000000000000219,8.0210010725394483,3.0001358441408246,-1464.489151,1.965809,1462.5233414914510,-2876.9064382037614,0,7.9e-10
0.9966332202686407,0.0,-0.0008883976967116,0.0000000000000082,-0.0024119589972468,-0.0000000000000557,8.0225963342060034,3.0001357777450144,-1463.938054,1.963904,1461.9741495982528,-2873.0338271788787,0,9.1e-10
0.9966349016584457,0.0,-0.0008963406165190,0.0000000000000079,-0.0024132819236667,-0.0000000000000532,8.0242223430675015,3.0001357101223682,-1463.342023,1.961890,1461.3801323080438,-2868.9167100286577,0,6.5e-10
0.9966366143607559,0.0,-0.0009043571987493,0.0000000000000052,-0.0024146311180256,-0.0000000000000364,8.0258797114627338,3.0001356412504330,-1462.699355,1.959762,1460.7395926232618,-2864.5430055444594,0,6.8e-10
0.9966383589574215,0.0,-0.0009124480506903,0.0000000000000052,-0.0024160071220929,-0.0000000000000360,8.0275690641042647,3.0001355711063802,-1462.008305,1.957513,1460.0507916382392,-2859.9000787551049,0,8.8e-10
0.9966401360404508,0.0,-0.0009206137810128,0.0000000000000089,-0.0024174104888258,-0.0000000000000579,8.0292910383304843,3.0001354996669938,-1461.267084,1.955135,1459.3119488221855,-2854.9746781901922,0,8.3e-10
0.9966419462121578,0.0,-0.0009288549996628,0.0000000000000064,-0.0024188417825898,-0.0000000000000412,8.0310462843628994,3.0001354269086735,-1460.473865,1.952622,1458.5212432536800,-2849.7529454790056,0,7.2e-10
0.9966437900853198,0.0,-0.0009371723177987,0.0000000000000053,-0.0024203015793817,-0.0000000000000351,8.0328354655687182,3.0001353528074244,-1459.626778,1.949964,1457.6768135416926,-2844.2203595009632,0,7.6e-10
0.9966456682832820,0.0,-0.0009455663474806,0.0000000000000107,-0.0024217904670217,-0.0000000000000670,8.0346592587293593,3.0001352773388534,-1458.723913,1.947155,1456.7767583905111,-2838.3617199657019,0,8.5e-10
0.9966475814401742,0.0,-0.0009540377018532,0.0000000000000114,-0.0024233090454290,-0.0000000000000685,8.0365183543137153,3.0001352004781650,-1457.763319,1.944185,1455.8191346880942,-2832.1611094591208,0,1.1e-09
0.9966495302010143,0.0,-0.0009625869948178,0.0000000000000037,-0.0024248579268149,-0.0000000000000266,8.0384134567579917,3.0001351222001560,-1456.743004,1.941044,1454.8019605819002,-2825.6018602955155,0,6.4e-10
0.9966515152218708,0.0,-0.0009712148409590,0.0000000000000098,-0.0024264377359216,-0.0000000000000580,8.0403452847510124,3.0001350424792115,-1455.660940,1.937722,1453.7232176513758,-2818.6665159373078,0,7.7e-10
0.9966535371700146,0.0,-0.0009799218554151,0.0000000000000077,-0.0024280491102610,-0.0000000000000471,8.0423145715256048,3.0001349612892989,-1454.515056,1.934209,1452.5808464564914,-2811.3368075464386,0,9.7e-10
0.9966555967240703,0.0,-0.0009887086537431,0.0000000000000067,-0.0024296927003509,-0.0000000000000405,8.0443220651561216,3.0001348786039621,-1453.303247,1.930494,1451.3727522594831,-2803.5935933783185,0,8.0e-10
0.9966576945741691,0.0,-0.0009975758517827,0.0000000000000043,-0.0024313691699538,-0.0000000000000283,8.0463685288622404,3.0001347943963204,-1452.023369,1.926565,1450.0968044276726,-2795.4168344771024,0,8.7e-10
0.9966598314221010,0.0,-0.0010065240655116,0.0000000000000074,-0.0024330791963248,-0.0000000000000454,8.0484547413191940,3.0001347086390595,-1450.673245,1.922408,1448.7508374408644,-2786.7855466580950,0,9.9e-10
0.9966620079814691,0.0,-0.0010155539109016,0.0000000000000077,-0.0024348234704549,-0.0000000000000451,8.0505814969745586,3.0001346213044311,-1449.250662,1.918010,1447.3326518461824,-2777.6777581641218,0,7.4e-10
0.9966642249778426,0.0,-0.0010246660037659,0.0000000000000071,-0.0024366026973256,-0.0000000000000409,8.0527496063717816,3.0001345323642439,-1447.753377,1.913358,1445.8400187468319,-2768.0704499770654,0,9.4e-10
0.9966664831489108,0.0,-0.0010338609596049,0.0000000000000064,-0.0024384175961577,-0.0000000000000372,8.0549598964805753,3.0001344417898621,-1446.179113,1.908435,1444.2706774648102,-2757.9395208008355,0,9.0e-10
0.9966687832446376,0.0,-0.0010431393934466,0.0000000000000081,-0.0024402689006702,-0.0000000000000460,8.0572132110343571,3.0001343495521993,-1444.525567,1.903227,1442.6223407073039,-2747.2597319147317,0,9.4e-10
0.9966711260274149,0.0,-0.0010525019196825,0.0000000000000043,-0.0024421573593369,-0.0000000000000259,8.0595104108748963,3.0001342556217154,-1442.790410,1.897715,1440.8926953655475,-2736.0046435305849,0,7.6e-10
0.9966735122722185,0.0,-0.0010619491518992,0.0000000000000063,-0.0024440837356527,-0.0000000000000373,8.0618523743043351,3.0001341599684102,-1440.971286,1.891881,1439.0794046074268,-2724.1465950540733,0,8.7e-10
0.9966759427667604,0.0,-0.0010714817027041,0.0000000000000047,-0.0024460488083941,-0.0000000000000274,8.0642399974447709,3.0001340625618198,-1439.065820,1.885707,1437.1801125269440,-2711.6565725146793,0,7.0e-10
0.9966784183116447,0.0,-0.0010811001835488,0.0000000000000059,-0.0024480533718878,-0.0000000000000349,8.0666741946055538,3.0001339633710136,-1437.071616,1.879172,1435.1924440912844,-2698.5042334372411,0,7.5e-10
0.9966809397205207,0.0,-0.0010908052045451,0.0000000000000051,-0.0024500982362843,-0.0000000000000294,8.0691558986585221,3.0001338623645881,-1434.986265,1.872253,1433.1140116188992,-2684.6577667330857,0,8.3e-10
0.9966835078202370,0.0,-0.0011005973742783,0.0000000000000052,-0.0024521842278283,-0.0000000000000293,8.0716860614213353,3.0001337595106645,-1432.807344,1.864929,1430.9424153443210,-2670.0838633506792,0,8.2e-10
0.9966861234509938,0.0,-0.0011104772996140,0.0000000000000043,-0.0024543121891348,-0.0000000000000250,8.0742656540491229,3.0001336547768820,-1430.532422,1.857174,1428.6752477008035,-2654.7476605344564,0,7.1e-10
0.9966887874664980,0.0,-0.0011204455855000,0.0000000000000076,-0.0024564829794715,-0.0000000000000414,8.0768956674346413,3.0001335481303975,-1428.159064,1.848963,1426.3101011735753,-2638.6126029958250,0,1.1e-09
0.9966915007341131,0.0,-0.0011305028347654,0.0000000000000024,-0.0024586974750345,-0.0000000000000147,8.0795771126171534,3.0001334395378789,-1425.684831,1.840267,1423.8445641659737,-2621.6404420277104,0,7.5e-10
0.9966942641350119,0.0,-0.0011406496479114,0.0000000000000059,-0.0024609565692379,-0.0000000000000325,8.0823110212002511,3.0001333289655014,-1423.107294,1.831057,1421.2762369182642,-2603.7910873460351,0,7.5e-10
0.9966970785643280,0.0,-0.0011508866228985,0.0000000000000051,-0.0024632611729980,-0.0000000000000271,8.0850984457788400,3.0001332163789471,-1420.424029,1.821303,1418.6027263626563,-2585.0225691646338,0,8.7e-10
0.9966999449313049,0.0,-0.0011612143549293,0.0000000000000051,-0.0024656122150239,-0.0000000000000268,8.0879404603755098,3.0001331017433968,-1417.632627,1.810971,1415.8216564468812,-2565.2909204119351,0,4.4e-10
0.9967028641594456,0.0,-0.0011716334362244,0.0000000000000069,-0.0024680106421083,-0.0000000000000353,8.0908381608865554,3.0001329850235279,-1414.730700,1.800025,1412.9306756006517,-2544.5500856720610,0,8.7e-10
0.9967058371866613,0.0,-0.0011821444557939,0.0000000000000073,-0.0024704574194256,-0.0000000000000371,8.0937926655378618,3.0001328661835145,-1411.715884,1.788428,1409.9274564560790,-2522.7518247063272,0,6.8e-10
0.9967088649654167,0.0,-0.0011927479992030,0.0000000000000040,-0.0024729535308245,-0.0000000000000220,8.0968051153509357,3.0001327451870217,-1408.585849,1.776140,1406.8097085722720,-2499.8456297054654,0,8.6e-10
0.9967119484628778,0.0,-0.0012034446483332,0.0000000000000053,-0.0024754999791336,-0.0000000000000270,8.0998766746193311,3.0001326219972007,-1405.338302,1.763119,1403.5751826166720,-2475.7785699769156,0,8.9e-10
0.9967150886610551,0.0,-0.0012142349811365,0.0000000000000081,-0.0024780977864595,-0.0000000000000389,8.1030085313957514,3.0001324965766898,-1401.970997,1.749320,1400.2216775775166,-2450.4952118784422,0,7.5e-10
0.9967182865569461,0.0,-0.0012251195713853,0.0000000000000074,-0.0024807479944927,-0.0000000000000344,8.1062018979901023,3.0001323688876087,-1398.481743,1.734694,1396.7470488251297,-2423.9375181078212,0,5.9e-10
0.9967215431626784,0.0,-0.0012360989884161,0.0000000000000051,-0.0024834516648206,-0.0000000000000253,8.1094580114788020,3.0001322388915583,-1394.868408,1.719191,1393.1492170749511,-2396.0446826695697,0,8.0e-10
0.9967248595056483,0.0,-0.0012471737968678,0.0000000000000046,-0.0024862098792330,-0.0000000000000219,8.1127781342256320,3.0001321065496165,-1391.128932,1.702756,1389.4261759606570,-2366.7529913318576,0,7.5e-10
0.9967282366286589,0.0,-0.0012583445564141,0.0000000000000031,-0.0024890237400394,-0.0000000000000163,8.1161635544144666,3.0001319718223383,-1387.261333,1.685332,1385.5760011201135,-2335.9957495459821,0,6.7e-10
0.9967316755900569,0.0,-0.0012696118214906,0.0000000000000045,-0.0024918943703820,-0.0000000000000216,8.1196155865941879,3.0001318346697499,-1383.263718,1.666857,1381.5968605039466,-2303.7030893084593,0,6.0e-10
0.9967351774638665,0.0,-0.0012809761410154,0.0000000000000017,-0.0024948229145619,-0.0000000000000084,8.1231355722361336,3.0001316950513526,-1379.134291,1.647267,1377.4870239231059,-2269.8018318077084,0,5.1e-10
0.9967387433399219,0.0,-0.0012924380581048,0.0000000000000062,-0.0024978105383562,-0.0000000000000276,8.1267248803044261,3.0001315529261166,-1374.871364,1.626491,1373.2448733612637,-2234.2153457332170,0,5.8e-10
0.9967423743239974,0.0,-0.0013039981097824,0.0000000000000036,-0.0025008584293469,-0.0000000000000155,8.1303849078395505,3.0001314082524821,-1370.473370,1.604455,1368.8689141591231,-2196.8633573662955,0,3.8e-10
0.9967460715379357,0.0,-0.0013156568266827,0.0000000000000048,-0.0025039677972536,-0.0000000000000216,8.1341170805555532,3.0001312609883573,-1365.938869,1.581082,1364.3577870799263,-2157.6618206057465,0,5.5e-10
0.9967498361197739,0.0,-0.0013274147327479,0.0000000000000022,-0.0025071398742640,-0.0000000000000091,8.1379228534512613,3.0001311110911182,-1361.266567,1.556288,1359.7102794450329,-2116.5226912379730,0,6.0e-10
0.9967536692238664,0.0,-0.0013392723449206,0.0000000000000020,-0.0025103759153758,-0.0000000000000092,8.1418037114359283,3.0001309585176084,-1356.455321,1.529983,1354.9253374903408,-2073.3537875057664,0,5.4e-10
0.9967575720210066,0.0,-0.0013512301728279,0.0000000000000035,-0.0025136771987351,-0.0000000000000162,8.1457611699697310,3.0001308032241365,-1351.504154,1.502074,1350.0020806694936,-2028.0585816217354,0,6.5e-10
0.9967615456985548,0.0,-0.0013632887184906,0.0000000000000016,-0.0025170450259985,-0.0000000000000073,8.1497967757195084,3.0001306451664789,-1346.412271,1.472458,1344.9398125340808,-1980.5359970668796,0,6.7e-10
0.9967655914605156,0.0,-0.0013754484758763,0.0000000000000021,-0.0025204807226466,-0.0000000000000096,8.1539121072304681,3.0001304842998802,-1341.179068,1.441031,1339.7380373181695,-1930.6801936817355,0,5.4e-10
0.9967697105277107,0.0,-0.0013877099307487,0.0000000000000011,-0.0025239856383980,-0.0000000000000048,8.1581087756137212,3.0001303205790513,-1335.804150,1.407677,1334.3964729088254,-1878.3803745616460,0,3.8e-10
0.9967739041378506,0.0,-0.0014000735602042,0.0000000000000003,-0.0025275611475389,-0.0000000000000012,8.1623884252509171,3.0001301539581706,-1330.287342,1.372275,1328.9150662523648,-1823.5205239179777,0,3.5e-10
0.9967781735456523,0.0,-0.0014125398323568,0.0000000000000007,-0.0025312086493033,-0.0000000000000020,8.1667527345159439,3.0001299843908886,-1324.628705,1.334698,1323.2940070671880,-1765.9792067437666,0,3.0e-10
0.9967825200229458,0.0,-0.0014251092059854,0.0000000000000020,-0.0025349295682542,-0.0000000000000080,8.1712034165144427,3.0001298118303246,-1318.828553,1.294808,1317.5337455035781,-1705.6292971238727,0,4.1e-10
0.9967869448587773,0.0,-0.0014377821301742,0.0000000000000004,-0.0025387253546709,-0.0000000000000013,8.1757422198416609,3.0001296362290719,-1312.887465,1.252459,1311.6350059637589,-1642.3377388083609,0,3.0e-10
0.9967914493595101,0.0,-0.0014505590439460,0.0000000000000016,-0.0025425974849485,-0.0000000000000062,8.1803709293592277,3.0001294575391988,-1306.806303,1.207497,1305.5988050665449,-1575.9652832875727,0,3.8e-10
0.9967960348489230,0.0,-0.0014634403758888,0.0000000000000010,-0.0025465474620036,-0.0000000000000035,8.1850913669914593,3.0001292757122511,-1300.586226,1.159759,1299.4264677909555,-1506.3661904151086,0,4.5e-10
0.9968007026683056,0.0,-0.0014764265437752,0.0000000000000005,-0.0025505768156956,-0.0000000000000022,8.1899053925418190,3.0001290906992564,-1294.228711,1.109068,1293.1196428060032,-1433.3879883334739,0,4.7e-10
0.9968054541765520,0.0,-0.0014895179541734,0.0000000000000009,-0.0025546871032587,-0.0000000000000036,8.1948149045301975,3.0001289024507218,-1287.735562,1.055241,1286.6803215039115,-1356.8711161597166,0,3.3e-10
0.9968102907502460,0.0,-0.0015027150020357,-0.0000000000000003,-0.0025588799097411,0.0000000000000006,8.1998218410517012,3.0001287109166475,-1281.108934,0.998080,1280.1108544945748,-1276.6486872897949,0,5.0e-10
0.9968152137837790,0.0,-0.0015160180703736,0.0000000000000006,-0.0025631568484959,-0.0000000000000023,8.2049281806575234,3.0001285160465190,-1274.351343,0.937376,1273.4139672824488,-1192.5461138330866,0,6.1e-10
0.9968202246893784,0.0,-0.0015294275296868,0.0000000000000005,-0.0025675195616042,-0.0000000000000019,8.2101359432590577,3.0001283177893239,-1267.465687,0.872908,1266.5927787561786,-1104.3808082471369,0,4.9e-10
0.9968253248972508,0.0,-0.0015429437377002,0.0000000000000010,-0.0025719697204285,-0.0000000000000030,8.2154471910553220,3.0001281160935447,-1260.455259,0.804441,1259.6508182555265,-1011.9618483477971,0,3.6e-10
0.9968305158556444,0.0,-0.0015565670388778,0.0000000000000005,-0.0025765090261087,-0.0000000000000020,8.2208640294851154,3.0001279109071715,-1253.323768,0.731726,1252.5920421604276,-915.0896243810421,0,5.3e-10
0.9968357990309040,0.0,-0.0015702977639119,0.0000000000000001,-0.0025811392100859,-0.0000000000000001,8.2263886082045214,3.0001277021777080,-1246.075348,0.654499,1245.4208483217410,-813.5554520600708,0,3.4e-10
0.9968411759075952,0.0,-0.0015841362293914,-0.0000000000000001,-0.0025858620347026,0.0000000000000009,8.2320231220903306,3.0001274898521721,-1238.714578,0.572482,1238.1420964661295,-707.1412563263439,0,4.4e-10
0.9968466479885568,0.0,-0.0015980827372676,0.0000000000000003,-0.0025906792937801,-0.0000000000000008,8.2377698122706970,3.0001272738771090,-1231.246496,0.485377,1230.7611184457651,-595.6191494349623,0,4.5e-10
0.9968522167949841,0.0,-0.0016121375743970,0.0000000000000021,-0.0025955928132470,-0.0000000000000074,8.2436309671836199,3.0001270541985918,-1223.676612,0.392874,1223.2837379120670,-478.7510304213502,0,5.5e-10
0.9968578838665071,0.0,-0.0016263010120565,0.0000000000000003,-0.0026006044518002,-0.0000000000000011,8.2496089236642760,3.0001268307622349,-1216.010922,0.294642,1215.7162793421887,-356.2882326620165,0,2.3e-10
0.9968636507612663,0.0,-0.0016405733054422,0.0000000000000003,-0.0026057161016029,-0.0000000000000010,8.2557060680621319,3.0001266035131979,-1208.255920,0.190333,1208.0655865381257,-227.9710879295599,0,2.6e-10
0.9968695190559912,0.0,-0.0016549546931566,-0.0000000000000000,-0.0026109296890254,0.0000000000000012,8.2619248373887881,3.0001263723961968,-1200.418608,0.079579,1200.3390290786610,-93.5285106510855,0,4.0e-10
0.9968754903460768,0.0,-0.0016694453966770,-0.0000000000000001,-0.0026162471754286,0.0000000000000006,8.2682677204975317,3.0001261373555117,-1192.506510,-0.038006,1192.5445157301422,47.3224466099637,0,4.0e-10
0.9968815662456622,0.0,-0.0016840456198081,0.0000000000000011,-0.0026216705579987,-0.0000000000000041,8.2747372592955735,3.0001258983349963,-1184.527672,-0.162830,1184.6905026352961,194.8769796097185,0,4.6e-10
0.9968877483877092,0.0,-0.0016987555481145,0.0000000000000015,-0.0026272018706380,-0.0000000000000051,8.2813360499899584,3.0001256552780902,-1176.490679,-0.295322,1176.7860000573135,349.4430055250414,0,5.8e-10
0.9968940384240962,0.0,-0.0017135753483620,-0.0000000000000006,-0.0026328431849228,0.0000000000000028,8.2880667443680736,3.0001254081278250,-1168.404648,-0.435929,1168.8405773911393,511.3416205309331,0,3.3e-10
0.9969004380256608,0.0,-0.0017285051678140,0.0000000000000002,-0.0026385966110834,-0.0000000000000003,8.2949320511139391,3.0001251568268428,-1160.279243,-0.585124,1160.8643674121051,680.9074655874865,0,4.4e-10
0.9969069488823354,0.0,-0.0017435451337146,-0.0000000000000000,-0.0026444642991350,0.0000000000000004,8.3019347371607726,3.0001249013174029,-1152.124664,-0.743400,1152.8680634557975,858.4892780518858,0,3.7e-10
0.9969135727032059,0.0,-0.0017586953525537,0.0000000000000001,-0.0026504484400164,-0.0000000000000003,8.3090776290811892,3.0001246415413965,-1143.951649,-0.911271,1144.8629202257353,1044.4502533155028,0,4.7e-10
0.9969203112166093,0.0,-0.0017739559093909,0.0000000000000022,-0.0026565512668447,-0.0000000000000077,8.3163636145155664,3.0001243774403594,-1135.771470,-1.089276,1136.8607459297557,1239.1685280306265,0,6.0e-10
0.9969271661702295,0.0,-0.0017893268671282,0.0000000000000015,-0.0026627750562577,-0.0000000000000056,8.3237956436394267,3.0001241089554882,-1127.595921,-1.277973,1128.8738945847904,1443.0376376464264,0,5.9e-10
0.9969341393311745,0.0,-0.0018048082656980,0.0000000000000011,-0.0026691221298399,-0.0000000000000033,8.3313767306705326,3.0001238360276545,-1119.437308,-1.477945,1120.9152526894388,1656.4668898991076,0,3.1e-10
0.9969412324861177,0.0,-0.0018204001213412,-0.0000000000000005,-0.0026755948557079,0.0000000000000021,8.3391099554159442,3.0001235585974189,-1111.308431,-1.689794,1112.9982243186080,1879.8818087136606,0,3.1e-10
0.9969484474413663,0.0,-0.0018361024256685,0.0000000000000013,-0.0026821956501517,-0.0000000000000047,8.3469984648597073,3.0001232766050543,-1103.222566,-1.914142,1105.1367083106993,2113.7245714218589,0,2.2e-10
0.9969557860229903,0.0,-0.0018519151447934,0.0000000000000002,-0.0026889269794468,-0.0000000000000004,8.3550454747909839,3.0001229899905546,-1095.193441,-2.151633,1097.3450740248263,2358.4543469956843,0,2.2e-10
0.9969632500769180,0.0,-0.0018678382183281,0.0000000000000016,-0.0026957913617831,-0.0000000000000057,8.3632542714726625,3.0001226986936635,-1087.235203,-2.402928,1089.6381303395451,2614.5476617107634,0,3.9e-10
0.9969641920576529,0.0,-0.0018698364828456,0.0000000000000009,-0.0026966589467293,-0.0000000000000033,8.3642919781692697,3.0001226619470094,-1086.246065,-2.435346,1088.6814109336531,2647.3848136228044,0,3.5e-10
0.9969651525284242,0.0,-0.0018718713989871,0.0000000000000022,-0.0026975438573294,-0.0000000000000075,8.3653504553434743,3.0001226244826857,-1085.241060,-2.468563,1087.7096232303509,2680.9863648354076,0,3.9e-10
0.9969661318453656,0.0,-0.0018739435783901,0.0000000000000016,-0.0026984464390001,-0.0000000000000058,8.3664301192417572,3.0001225862870169,-1084.220035,-2.502603,1086.7226373233627,2715.3719724181574,0,4.1e-10
0.9969671303712074,0.0,-0.0018760536406990,0.0000000000000018,-0.0026993670440251,-0.0000000000000063,8.3675313944839935,3.0001225473460811,-1083.182841,-2.537487,1085.7203278476479,2750.5618439360987,0,3.9e-10
0.9969681484753882,0.0,-0.0018782022135934,0.0000000000000016,-0.0027003060316839,-0.0000000000000056,8.3686547142289083,3.0001225076457043,-1082.129336,-2.573238,1084.7025743510512,2786.5767830535769,0,4.5e-10
0.9969691865341705,0.0,-0.0018803899328097,0.0000000000000020,-0.0027012637683970,-0.0000000000000072,8.3698005203473080,3.0001224671714573,-1081.059379,-2.609883,1083.6692615805939,2823.4382083767559,0,3.0e-10
0.9969702449307553,0.0,-0.0018826174421601,0.0000000000000012,-0.0027022406278634,-0.0000000000000037,8.3709692635989033,3.0001224259086516,-1079.972836,-2.647444,1082.6202804068412,2861.1681366517441,0,2.1e-10
0.9969713240553985,0.0,-0.0018848853935483,0.0000000000000006,-0.0027032369912055,-0.0000000000000013,8.3721614038128056,3.0001223838423368,-1078.869579,-2.685950,1081.5555285533087,2899.7892568405950,0,3.9e-10
0.9969724243055301,0.0,-0.0018871944469804,0.0000000000000009,-0.0027042532471167,-0.0000000000000023,8.3733774100717770,3.0001223409572941,-1077.749483,-2.725425,1080.4749078403011,2939.3249152031494,0,1.6e-10
0.9969735460858741,0.0,-0.0018895452705739,0.0000000000000014,-0.0027052897920090,-0.0000000000000044,8.3746177609003123,3.0001222972380326,-1076.612433,-2.765897,1079.3783302542165,2979.7991227507591,0,2.0e-10
0.9969746898085620,0.0,-0.0018919385405454,0.0000000000000003,-0.0027063470301607,-0.0000000000000011,8.3758829444566754,3.0001222526687852,-1075.458319,-2.807395,1078.2657139530195,3021.2366664146539,0,1.5e-10
0.9969758558932859,0.0,-0.0018943749412730,0.0000000000000012,-0.0027074253738981,-0.0000000000000040,8.3771734587287838,3.0001222072335079,-1074.287037,-2.849949,1077.1369856498923,3063.6629804269178,0,5.1e-10
0.9969770447673799,0.0,-0.0018968551652004,0.0000000000000010,-0.0027085252437166,-0.0000000000000039,8.3784898117344859,3.0001221609158697,-1073.098492,-2.893587,1075.9920796611993,3107.1043668383500,0,3.4e-10
0.9969782568659743,0.0,-0.0018993799128891,0.0000000000000016,-0.0027096470684658,-0.0000000000000059,8.3798325217257350,3.0001221136992511,-1071.892598,-2.938343,1074.8309410120555,3151.5878146957839,0,2.5e-10
0.9969794926321168,0.0,-0.0019019498929903,0.0000000000000014,-0.0027107912855085,-0.0000000000000044,8.3812021173971782,3.0001220655667407,-1070.669278,-2.984247,1073.6535243058454,3197.1411432800815,0,4.2e-10
0.9969807525169019,0.0,-0.0019045658222282,0.0000000000000011,-0.0027119583408919,-0.0000000000000031,8.3825991380990974,3.0001220165011295,-1069.428462,-3.031332,1072.4597938534803,3243.7930602341658,0,3.6e-10
0.9969820369796022,0.0,-0.0019072284253766,0.0000000000000018,-0.0027131486895190,-0.0000000000000060,8.3840241340548118,3.0001219664849059,-1068.170092,-3.079634,1071.2497258269125,3291.5730854878202,0,3.2e-10
0.9969833464878005,0.0,-0.0019099384352329,0.0000000000000013,-0.0027143627953209,-0.0000000000000045,8.3854776665826574,3.0001219155002548,-1066.894121,-3.129187,1070.0233079276836,3340.5116540399613,0,2.2e-10
0.9969846815175244,0.0,-0.0019126965925852,0.0000000000000010,-0.0027156011314388,-0.0000000000000033,8.3869603083226298,3.0001218635290465,-1065.600512,-3.180029,1068.7805404664132,3390.6400978459278,0,3.2e-10
0.9969860425533816,0.0,-0.0019155036461746,0.0000000000000007,-0.0027168641804060,-0.0000000000000027,8.3884726434678196,3.0001218105528413,-1064.289241,-3.232195,1067.5214365706361,3441.9907394888578,0,2.9e-10
0.9969874300886981,0.0,-0.0019183603526529,0.0000000000000009,-0.0027181524343341,-0.0000000000000029,8.3900152680007203,3.0001217565528742,-1062.960297,-3.285727,1066.2460235572219,3494.5968840072164,0,8.7e-11
0.9969888446256555,0.0,-0.0019212674765334,0.0000000000000014,-0.0027194663951014,-0.0000000000000044,8.3915887899345307,3.0001217015100599,-1061.613682,-3.340662,1064.9543443728894,3548.4927958780900,0,3.5e-10
0.9969902866754334,0.0,-0.0019242257901371,0.0000000000000004,-0.0027208065745506,-0.0000000000000018,8.3931938295595767,3.0001216454049833,-1060.249412,-3.397044,1063.6464557309932,3603.7138973951805,0,2.6e-10
0.9969917567583503,0.0,-0.0019272360735321,0.0000000000000012,-0.0027221734946828,-0.0000000000000044,8.3948310196949496,3.0001215882178949,-1058.867518,-3.454914,1062.3224319011206,3660.2965737201739,0,4.3e-10
0.9969932554040069,0.0,-0.0019302991144676,0.0000000000000019,-0.0027235676878620,-0.0000000000000066,8.3965010059454883,3.0001215299287085,-1057.468047,-3.514317,1060.9823641378125,3718.2784446190344,0,4.9e-10
0.9969947831514316,0.0,-0.0019334157083009,0.0000000000000017,-0.0027249896970202,-0.0000000000000053,8.3982044469642272,3.0001214705169943,-1056.051063,-3.575299,1059.6263617337709,3777.6982323577395,0,4.5e-10
0.9969963405492279,0.0,-0.0019365866579191,0.0000000000000006,-0.0027264400758685,-0.0000000000000019,8.3999420147204340,3.0001214099619751,-1054.616647,-3.637906,1058.2545529280933,3838.5958795407787,0,1.9e-10
0.9969979281557212,0.0,-0.0019398127736524,0.0000000000000013,-0.0027279193891121,-0.0000000000000043,8.4017143947733679,3.0001213482425229,-1053.164901,-3.702186,1056.8670872016223,3901.0125409048051,0,2.4e-10
0.9969995465391089,0.0,-0.0019430948731827,0.0000000000000025,-0.0027294282126693,-0.0000000000000091,8.4035222865518797,3.0001212853371495,-1051.695943,-3.768190,1055.4641332566277,3964.9906526834238,0,5.2e-10
0.9970011962776124,0.0,-0.0019464337814436,0.0000000000000015,-0.0027309671338967,-0.0000000000000054,8.4053664036400022,3.0001212212240103,-1050.209912,-3.835970,1054.0458821747718,4030.5740469249431,0,4.1e-10
0.9970028779596282,0.0,-0.0019498303305142,0.0000000000000006,-0.0027325367518148,-0.0000000000000022,8.4072474740686580,3.0001211558808896,-1048.706971,-3.905579,1052.6125496083941,4097.8078562261071,0,4.9e-10
0.9970045921838836,0.0,-0.0019532853595048,0.0000000000000015,-0.0027341376773473,-0.0000000000000055,8.4091662406136365,3.0001210892852037,-1047.187302,-3.977071,1051.1643732101434,4166.7386268520495,0,5.0e-10
0.9970063395595909,0.0,-0.0019567997144362,0.0000000000000008,-0.0027357705335548,-0.0000000000000033,8.4111234610999670,3.0001210214139920,-1045.651113,-4.050504,1049.7016176852489,4237.4144242850598,0,3.9e-10
0.9970081207066053,0.0,-0.0019603742481098,0.0000000000000013,-0.0027374359558811,-0.0000000000000042,8.4131199087128579,3.0001209522439130,-1044.098636,-4.125937,1048.2245730636512,4309.8847725559026,0,1.8e-10
0.9970099362555827,0.0,-0.0019640098199715,0.0000000000000014,-0.0027391345924020,-0.0000000000000046,8.4151563723153373,3.0001208817512413,-1042.530130,-4.203428,1046.7335580704835,4384.2007507424569,0,3.3e-10
0.9970117868481397,0.0,-0.0019677072959664,0.0000000000000014,-0.0027408671040801,-0.0000000000000052,8.4172336567727619,3.0001208099118601,-1040.945877,-4.283042,1045.2289187780173,4460.4151046716142,0,3.6e-10
0.9970136731370151,0.0,-0.0019714675483853,0.0000000000000011,-0.0027426341650270,-0.0000000000000034,8.4193525832843488,3.0001207367012599,-1039.346190,-4.364842,1043.7110319178937,4538.5822259651031,0,2.2e-10
0.9970155957862317,0.0,-0.0019752914557035,0.0000000000000015,-0.0027444364627666,-0.0000000000000050,8.4215139897218911,3.0001206620945293,-1037.731411,-4.448895,1042.1803062697174,4618.7582044976298,0,3.6e-10
0.9970175554712601,0.0,-0.0019791799024102,0.0000000000000015,-0.0027462746985085,-0.0000000000000048,8.4237187309758266,3.0001205860663545,-1036.101913,-4.535269,1040.6371817102827,4701.0009563382482,0,3.6e-10
0.9970195528791846,0.0,-0.0019831337788299,0.0000000000000010,-0.0027481495874280,-0.0000000000000032,8.4259676793088403,3.0001205085910119,-1034.458098,-4.624035,1039.0821327666367,4785.3702108439757,0,2.8e-10
0.9970215887088689,0.0,-0.0019871539809339,0.0000000000000019,-0.0027500618589500,-0.0000000000000063,8.4282617247171618,3.0001204296423660,-1032.800404,-4.715265,1037.5156689970770,4871.9275875090389,0,2.9e-10
0.9970236636711234,0.0,-0.0019912414101432,0.0000000000000009,-0.0027520122570395,-0.0000000000000037,8.4306017752997420,3.0001203491938613,-1031.129302,-4.809035,1035.9383368647341,4960.7367163529852,0,3.5e-10
0.9970257784888746,0.0,-0.0019953969731219,0.0000000000000014,-0.0027540015405024,-0.0000000000000047,8.4329887576354974,3.0001202672185210,-1029.445298,-4.905422,1034.3507198455050,5051.8632264727494,0,3.0e-10
0.9970279338973268,0.0,-0.0019996215815457,0.0000000000000013,-0.0027560304832819,-0.0000000000000044,8.4354236171688441,3.0001201836889400,-1027.748936,-5.004505,1032.7534414427580,5145.3748616544763,0,2.3e-10
0.9970301306441619,0.0,-0.0020039161519321,0.0000000000000008,-0.0027580998747992,-0.0000000000000025,8.4379073186035125,3.0001200985772836,-1026.040798,-5.106368,1031.1471652436253,5241.3415075290250,0,1.7e-10
0.9970323694896716,0.0,-0.0020082816053256,0.0000000000000012,-0.0027602105202367,-0.0000000000000038,8.4404408463052754,3.0001200118552793,-1024.321503,-5.211094,1029.5325971525390,5339.8352995126043,0,1.8e-10
0.9970346512069552,0.0,-0.0020127188671011,0.0000000000000012,-0.0027623632408889,-0.0000000000000039,8.4430252047132814,3.0001199234942124,-1022.591716,-5.318771,1027.9104864809772,5440.9306993774953,0,1.9e-10
0.9970369765820885,0.0,-0.0020172288666953,0.0000000000000017,-0.0027645588744948,-0.0000000000000056,8.4456614187605297,3.0001198334649271,-1020.852139,-5.429488,1026.2816272079144,5544.7045557267847,0,1.8e-10
0.9970393464142978,0.0,-0.0020218125373397,0.0000000000000006,-0.0027667982755818,-0.0000000000000024,8.4483505343035823,3.0001197417378145,-1019.103521,-5.543339,1024.6468598812794,5651.2361553773517,0,3.0e-10
0.9970417615161373,0.0,-0.0020264708157818,0.0000000000000008,-0.0027690823158224,-0.0000000000000031,8.4510936185617300,3.0001196482828152,-1017.346654,-5.660418,1023.0070718167184,5760.6073771342053,0,1.9e-10
0.9970442227136646,0.0,-0.0020312046419966,0.0000000000000016,-0.0027714118843938,-0.0000000000000057,8.4538917605658472,3.0001195530694105,-1015.582377,-5.780824,1021.3632005680458,5872.9026656302158,0,3.8e-10
0.9970467308466189,0.0,-0.0020360149588857,0.0000000000000013,-0.0027737878883542,-0.0000000000000049,8.4567460716171237,3.0001194560666211,-1013.811576,-5.904657,1019.7162327001649,5988.2092388341553,0,4.1e-10
0.9970492867685995,0.0,-0.0020409027119646,0.0000000000000008,-0.0027762112530236,-0.0000000000000027,8.4596576857559302,3.0001193572430012,-1012.035186,-6.032021,1018.0672068090111,6106.6170598285389,0,3.6e-10
0.9970518913472444,0.0,-0.0020458688490398,0.0000000000000013,-0.0027786829223785,-0.0000000000000045,8.4626277602410180,3.0001192565666361,-1010.254193,-6.163022,1016.4172147210236,6228.2190094857942,0,3.2e-10
0.9970545454644106,0.0,-0.0020509143198721,0.0000000000000008,-0.0027812038594559,-0.0000000000000024,8.4656574760392758,3.0001191540051386,-1008.469631,-6.297771,1014.7674023020953,6353.1109442568850,0,2.1e-10
0.9970572500163538,0.0,-0.0020560400758290,0.0000000000000007,-0.0027837750467687,-0.0000000000000019,8.4687480383263019,3.0001190495256420,-1006.682590,-6.436380,1013.1189705603012,6481.3917552618659,0,3.1e-10
0.9970600059139091,0.0,-0.0020612470695225,0.0000000000000013,-0.0027863974867340,-0.0000000000000042,8.4719006769979917,3.0001189430948023,-1004.894212,-6.578965,1011.4731768754785,6613.1635644721100,0,2.9e-10
0.9970628140826727,0.0,-0.0020665362544364,0.0000000000000013,-0.0027890722021135,-0.0000000000000042,8.4751166471933832,3.0001188346787910,-1003.105692,-6.725644,1009.8313358126270,6748.5316947267274,0,2.2e-10
0.9970656754631786,0.0,-0.0020719085845316,0.0000000000000012,-0.0027918002364605,-0.0000000000000044,8.4783972298290173,3.0001187242432921,-1001.318281,-6.876540,1008.1948208821217,6887.6048254176276,0,4.5e-10
0.9970685910110977,0.0,-0.0020773650138752,0.0000000000000006,-0.0027945826546075,-0.0000000000000024,8.4817437321449365,3.0001186117534995,-999.533287,-7.031777,1006.5650642138625,7030.4951934817364,0,4.1e-10
0.9970715616973859,0.0,-0.0020829064961655,0.0000000000000008,-0.0027974205431113,-0.0000000000000029,8.4851574882628160,3.0001184971741157,-997.752074,-7.191484,1004.9435580036662,7177.3184880084009,0,3.4e-10
0.9970745885084984,0.0,-0.0020885339843638,0.0000000000000012,-0.0028003150107802,-0.0000000000000042,8.4886398597560682,3.0001183804693459,-995.976062,-7.355793,1003.3318552669566,7328.1941391392611,0,2.5e-10
0.9970776724465563,0.0,-0.0020942484302194,0.0000000000000010,-0.0028032671891753,-0.0000000000000031,8.4921922362324942,3.0001182616028972,-994.206731,-7.524839,1001.7315700016117,7483.2453254988068,0,1.9e-10
0.9970808145295295,0.0,-0.0021000507838163,0.0000000000000014,-0.0028062782331340,-0.0000000000000043,8.4958160359295132,3.0001181405379795,-992.445619,-7.698758,1000.1443772652873,7642.5991195256938,0,2.0e-10
0.9970840157914185,0.0,-0.0021059419930981,0.0000000000000009,-0.0028093493213228,-0.0000000000000023,8.4995127063222409,3.0001180172372965,-990.694320,-7.877694,998.5720135595544,7806.3866074495600,0,1.5e-10
0.9970872772824390,0.0,-0.0021119230033854,0.0000000000000014,-0.0028124816567996,-0.0000000000000044,8.5032837247445983,3.0001178916630491,-988.954487,-8.061790,997.0162767859219,7974.7429299443029,0,3.8e-10
0.9970906000691896,0.0,-0.0021179947568448,0.0000000000000017,-0.0028156764675885,-0.0000000000000053,8.5071305990237320,3.0001177637769332,-987.227832,-8.251193,995.4790254947093,8147.8075432585902,0,3.6e-10
0.9970939852348443,0.0,-0.0021241581919882,0.0000000000000010,-0.0028189350072933,-0.0000000000000034,8.5110548681277827,3.0001176335401367,-985.516123,-8.446056,993.9621790357520,8325.7241605998133,0,2.6e-10
0.9970974338793267,0.0,-0.0021304142431238,0.0000000000000019,-0.0028222585557191,-0.0000000000000059,8.5150581028272807,3.0001175009133392,-983.821185,-8.646532,992.4677168864355,8508.6409918710706,0,1.1e-10
0.9971009471194846,0.0,-0.0021367638397897,0.0000000000000015,-0.0028256484195157,-0.0000000000000047,8.5191419063703044,3.0001173658567111,-982.144899,-8.852778,990.9976767598756,8696.7107391952886,0,2.5e-10
0.9971018424377697,0.0,-0.0021383781879280,0.0000000000000018,-0.0028265129534306,-0.0000000000000060,8.5201835295694917,3.0001173314475165,-981.725804,-8.905661,990.6314654061811,8744.9172655236907,0,4.5e-10
0.9971027553678319,0.0,-0.0021400227130809,0.0000000000000012,-0.0028273947687448,-0.0000000000000042,8.5212460198505475,3.0001172963651461,-981.301838,-8.959719,990.2615571698575,8794.1886406046688,0,2.0e-10
0.9971036862503387,0.0,-0.0021416979392516,0.0000000000000011,-0.0028282942109685,-0.0000000000000038,8.5223297960359972,3.0001172605967286,-980.873035,-9.014979,989.8880146461365,8844.5500215605134,0,3.7e-10
0.9971046354323183,0.0,-0.0021434043980223,0.0000000000000007,-0.0028292116325304,-0.0000000000000021,8.5234352853852844,3.0001172241291609,-980.439435,-9.071470,989.5109053033713,8896.0273816902190,0,2.8e-10
0.9971056032672740,0.0,-0.0021451426286136,0.0000000000000017,-0.0028301473929216,-0.0000000000000057,8.5245629237696114,3.0001171869490997,-980.001082,-9.129222,989.1303039746999,8948.6472947393195,0,2.5e-10
0.9971065901152967,0.0,-0.0021469131779349,0.0000000000000004,-0.0028311018588387,-0.0000000000000015,8.5257131558470576,3.0001171490429610,-979.558028,-9.188263,988.7462911989571,9002.4370415926678,0,1.1e-10
0.9971075963431776,0.0,-0.0021487166006326,0.0000000000000013,-0.0028320754043297,-0.0000000000000042,8.5268864352413267,3.0001171103969164,-979.110330,-9.248625,988.3589551173264,9057.4245993122458,0,1.9e-10
0.9971086223245238,0.0,-0.0021505534591356,0.0000000000000009,-0.0028330684109422,-0.0000000000000030,8.5280832247241936,3.0001170709968852,-978.658051,-9.310340,987.9683905077848,9113.6387277010945,0,2.8e-10
0.9971096684398753,0.0,-0.0021524243236983,0.0000000000000006,-0.0028340812678790,-0.0000000000000019,8.5293039964017368,3.0001170308285365,-978.201261,-9.373438,987.5746993844242,9171.1089112912887,0,3.2e-10
0.9971107350768224,0.0,-0.0021543297724419,0.0000000000000003,-0.0028351143721496,-0.0000000000000009,8.5305492319044323,3.0001169898772777,-977.740038,-9.437954,987.1779917941557,9229.8654489135952,0,1.1e-10
0.9971118226301262,0.0,-0.0021562703913915,0.0000000000000016,-0.0028361681287314,-0.0000000000000055,8.5318194225811865,3.0001169481282592,-977.274465,-9.503921,986.7783861841016,9289.9393495849217,0,2.6e-10
0.9971129315018403,0.0,-0.0021582467745118,0.0000000000000004,-0.0028372429507320,-0.0000000000000008,8.5331150696974110,3.0001169055663621,-976.804635,-9.571374,986.3760086687528,9351.3625679406687,0,2.5e-10
0.9971140621014337,0.0,-0.0021602595237390,0.0000000000000012,-0.0028383392595539,-0.0000000000000036,8.5344366846371997,3.0001168621762004,-976.330646,-9.640349,985.9709945811848,9414.1678498102701,0,1.9e-10
0.9971152148459158,0.0,-0.0021623092490091,0.0000000000000013,-0.0028394574850645,-0.0000000000000043,8.5357847891097176,3.0001168179421116,-975.852606,-9.710881,985.5634876787805,9478.3887691555428,0,1.9e-10
0.9971163901599628,0.0,-0.0021643965682845,0.0000000000000017,-0.0028405980657701,-0.0000000000000054,8.5371599153598794,3.0001167728481590,-975.370633,-9.783009,985.1536417941303,9544.0598765187315,0,2.0e-10
0.9971175884760456,0.0,-0.0021665221075752,0.0000000000000008,-0.0028417614489901,-0.0000000000000030,8.5385626063834135,3.0001167268781201,-974.884849,-9.856771,984.7416201363716,9611.2166048957151,0,2.5e-10
0.9971188102345606,0.0,-0.0021686865009574,0.0000000000000013,-0.0028429480910414,-0.0000000000000040,8.5399934161464088,3.0001166800154864,-974.395390,-9.932206,984.3275958346353,9679.8953332841047,0,3.6e-10
0.9971200558839599,0.0,-0.0021708903905884,0.0000000000000014,-0.0028441584574193,-0.0000000000000046,8.5414529098094256,3.0001166322434600,-973.902399,-10.009354,983.9117524077957,9750.1334832121502,0,1.0e-10
0.9971213258808852,0.0,-0.0021731344267168,0.0000000000000013,-0.0028453930229891,-0.0000000000000044,8.5429416639562934,3.0001165835449481,-973.406028,-10.088256,983.4942845998767,9821.9693662236095,0,8.7e-12
0.9971226206903021,0.0,-0.0021754192676894,0.0000000000000013,-0.0028466522721765,-0.0000000000000043,8.5444602668276630,3.0001165339025566,-972.906443,-10.168956,983.0753983123744,9895.4423949911143,0,1.6e-10
0.9971239407856375,0.0,-0.0021777455799527,0.0000000000000011,-0.0028479366991681,-0.0000000000000038,8.5460093185594470,3.0001164832985894,-972.403815,-10.251495,982.6553104059651,9970.5930666197673,0,2.6e-10
0.9971252866489163,0.0,-0.0021801140380508,0.0000000000000010,-0.0028492468081096,-0.0000000000000032,8.5475894314262337,3.0001164317150399,-971.898330,-10.335920,982.2342500387333,10047.4629729423905,0,1.8e-10
0.9971266587709020,0.0,-0.0021825253246181,0.0000000000000011,-0.0028505831133144,-0.0000000000000031,8.5492012300897748,3.0001163791335927,-971.390185,-10.422274,981.8124588293035,10126.0948003660887,0,3.8e-11
0.9971280576512382,0.0,-0.0021849801303671,0.0000000000000016,-0.0028519461394727,-0.0000000000000053,8.5508453518526757,3.0001163255356111,-970.879586,-10.510606,981.3901913509302,10206.5323664430180,0,3.0e-10
0.9971294837985911,0.0,-0.0021874791540709,0.0000000000000007,-0.0028533364218684,-0.0000000000000023,8.5525224469173775,3.0001162709021401,-970.366752,-10.600962,980.9677141386244,10288.8207981624873,0,9.5e-11
0.9971309377307888,0.0,-0.0021900231025306,0.0000000000000014,-0.0028547545065944,-0.0000000000000046,8.5542331786505930,3.0001162152138967,-969.851917,-10.693392,980.5453085697462,10373.0063083019340,0,9.8e-11
0.9971324199749898,0.0,-0.0021926126905870,0.0000000000000012,-0.0028562009507978,-0.0000000000000041,8.5559782238531081,3.0001161584512679,-969.335324,-10.787945,980.1232696689216,10459.1364669611212,0,3.1e-10
0.9971339310677984,0.0,-0.0021952486410273,0.0000000000000011,-0.0028576763228830,-0.0000000000000033,8.5577582730355104,3.0001161005943060,-968.817231,-10.884674,979.7019057090035,10547.2601493991097,0,1.4e-10
0.9971354715554349,0.0,-0.0021979316845841,0.0000000000000013,-0.0028591812027636,-0.0000000000000041,8.5595740306994177,3.0001160416227242,-968.297910,-10.983632,979.2815411402273,10637.4274821118452,0,2.2e-10
0.9971370419938823,0.0,-0.0022006625598792,0.0000000000000012,-0.0028607161821029,-0.0000000000000038,8.5614262156247154,3.0001159815158895,-967.777644,-11.084871,978.8625145649791,10729.6900786992046,0,8.5e-11
0.9971386429490383,0.0,-0.0022034420133705,0.0000000000000013,-0.0028622818645613,-0.0000000000000038,8.5633155611627654,3.0001159202528229,-967.256734,-11.188447,978.4451806654455,10824.1008509342209,0,1.9e-10
0.9971402749968701,0.0,-0.0022062707992930,0.0000000000000011,-0.0028638788660483,-0.0000000000000035,8.5652428155357434,3.0001158578121903,-966.735492,-11.294418,978.0299095954317,10920.7142630917369,0,2.5e-10
0.9971419387235692,0.0,-0.0022091496795919,0.0000000000000014,-0.0028655078149824,-0.0000000000000045,8.5672087421422276,3.0001157941723005,-966.214248,-11.402840,977.6170876601180,11019.5862475607428,0,8.3e-11
0.9971436347257100,0.0,-0.0022120794238484,0.0000000000000014,-0.0028671693525583,-0.0000000000000043,8.5692141198691782,3.0001157293110996,-965.693345,-11.513773,977.2071185814410,11120.7742053081165,0,2.7e-10
0.9971453636104073,0.0,-0.0022150608091985,0.0000000000000014,-0.0028688641330182,-0.0000000000000048,8.5712597434104083,3.0001156632061674,-965.173143,-11.627279,976.8004218855222,11224.3372180139995,0,2.4e-10
0.9971471259954773,0.0,-0.0022180946202440,0.0000000000000003,-0.0028705928239307,-0.0000000000000014,8.5733464235917101,3.0001155958347114,-964.654017,-11.743419,976.3974355020996,11330.3359640291892,0,9.5e-11
0.9971489225095987,0.0,-0.0022211816489546,0.0000000000000010,-0.0028723561064785,-0.0000000000000033,8.5754749877027514,3.0001155271735649,-964.136359,-11.862256,975.9986149764036,11438.8327348786406,0,2.4e-10
0.9971507537924760,0.0,-0.0022243226945627,0.0000000000000012,-0.0028741546757475,-0.0000000000000040,8.5776462798358732,3.0001154571991795,-963.620575,-11.983857,975.6044329066219,11549.8915995744755,0,3.1e-10
0.9971526204950040,0.0,-0.0022275185634484,0.0000000000000009,-0.0028759892410347,-0.0000000000000027,8.5798611612319355,3.0001153858876215,-963.107093,-12.108288,975.2153810192327,11663.5784132656991,0,1.2e-10
0.9971545232794330,0.0,-0.0022307700690170,0.0000000000000009,-0.0028778605261478,-0.0000000000000029,8.5821205106333309,3.0001153132145686,-962.596352,-12.235617,974.8319697901070,11779.9607627934893,0,1.6e-10
0.9971564628195364,0.0,-0.0022340780315649,0.0000000000000017,-0.0028797692697292,-0.0000000000000055,8.5844252246443293,3.0001152391553045,-962.088813,-12.365915,974.4547279721642,11899.1081508170464,0,2.5e-10
0.9971584398007786,0.0,-0.0022374432781386,0.0000000000000016,-0.0028817162255744,-0.0000000000000053,8.5867762180988514,3.0001151636847148,-961.584952,-12.499251,974.0842031006558,12021.0919904329348,0,1.7e-10
0.9971604549204842,0.0,-0.0022408666423813,0.0000000000000009,-0.0028837021629693,-0.0000000000000030,8.5891744244358534,3.0001150867772819,-961.085263,-12.635701,973.7209632656322,12145.9856992026325,0,1.6e-11
0.9971625088880088,0.0,-0.0022443489643709,0.0000000000000013,-0.0028857278670286,-0.0000000000000043,8.5916207960824202,3.0001150084070827,-960.590257,-12.775337,973.3655946419955,12273.8645729701966,0,1.8e-10
0.9971646024249106,0.0,-0.0022478910904463,0.0000000000000011,-0.0028877941390501,-0.0000000000000034,8.5941163048447322,3.0001149285477822,-960.100466,-12.918238,973.0187035775602,12404.8061631945893,0,1.9e-10
0.9971667362651228,0.0,-0.0022514938730227,0.0000000000000005,-0.0028899017968730,-0.0000000000000015,8.5966619423070281,3.0001148471726315,-959.616435,-13.064480,972.6809155255584,12538.8900345179718,0,3.4e-11
0.9971689111551270,0.0,-0.0022551581703963,0.0000000000000012,-0.0028920516752469,-0.0000000000000041,8.5992587202387032,3.0001147642544601,-959.138732,-13.214145,972.3528764455826,12676.1979323764681,0,2.0e-10
0.9971711278541281,0.0,-0.0022588848465361,0.0000000000000008,-0.0028942446262157,-0.0000000000000026,8.6019076710096698,3.0001146797656753,-958.667938,-13.367312,972.0352507743005,12816.8139053704217,0,1.4e-10
0.9971733871342291,0.0,-0.0022626747708639,0.0000000000000011,-0.0028964815195067,-0.0000000000000038,8.6046098480141282,3.0001145936782585,-958.204656,-13.524067,971.7287234315088,12960.8242408551159,0,2.1e-10
0.9971756897806071,0.0,-0.0022665288180223,0.0000000000000011,-0.0028987632429326,-0.0000000000000038,8.6073663261028468,3.0001145059637584,-957.749504,-13.684494,971.4339979355719,13108.3175890285056,0,2.5e-10
0.9971780365916892,0.0,-0.0022704478676276,0.0000000000000014,-0.0029010907028057,-0.0000000000000047,8.6101782020241124,3.0001144165932887,-957.303117,-13.848681,971.1517974922359,13259.3850502977148,0,1.9e-10
0.9971804283793306,0.0,-0.0022744328040119,0.0000000000000010,-0.0029034648243634,-0.0000000000000031,8.6130465948734329,3.0001143255375249,-956.866149,-14.016715,970.8828639238800,13414.1201372260111,0,2.0e-10
0.9971828659689908,0.0,-0.0022784845159485,0.0000000000000008,-0.0029058865522058,-0.0000000000000029,8.6159726465521427,3.0001142327667023,-956.439269,-14.188689,970.6279575694454,13572.6189451839309,0,1.0e-10
0.9971853501999115,0.0,-0.0022826038963642,0.0000000000000015,-0.0029083568507466,-0.0000000000000049,8.6189575222349823,3.0001141382506082,-956.023163,-14.364694,970.3878568418829,13734.9800901519484,0,1.9e-10
0.9971878819252900,0.0,-0.0022867918420278,0.0000000000000006,-0.0029108767046728,-0.0000000000000024,8.6220024108468341,3.0001140419585828,-955.618532,-14.544826,970.1633577627301,13901.3049573119497,0,3.4e-11
0.9971904620124756,0.0,-0.0022910492532643,0.0000000000000017,-0.0029134471194426,-0.0000000000000059,8.6251085255484856,3.0001139438595144,-955.226093,-14.729180,969.9552730869141,14071.6974905645475,0,1.9e-10
0.9971930913431197,0.0,-0.0022953770335719,0.0000000000000019,-0.0029160691217493,-0.0000000000000063,8.6282771042318824,3.0001138439218371,-954.846574,-14.917857,969.7644312269238,14246.2645316997659,0,1.4e-10
0.9971957708133706,0.0,-0.0022997760893017,0.0000000000000016,-0.0029187437600472,-0.0000000000000051,8.6315094100245755,3.0001137421135264,-954.480721,-15.110956,969.5916768434779,14425.1157221411704,0,8.0e-11
0.9971985013340465,0.0,-0.0023042473292802,0.0000000000000008,-0.0029214721050725,-0.0000000000000028,8.6348067318036268,3.0001136384020999,-954.129289,-15.308579,969.4378679141548,14608.3635304542258,0,1.6e-10
0.9972012838308117,0.0,-0.0023087916644228,0.0000000000000008,-0.0029242552503836,-0.0000000000000025,8.6381703847189542,3.0001135327546113,-953.793044,-15.510832,969.3038759691221,14796.1234858940006,0,8.3e-11
0.9972041192443516,0.0,-0.0023134100073278,0.0000000000000008,-0.0029270943129173,-0.0000000000000027,8.6416017107261460,3.0001134251376516,-953.472764,-15.717821,969.1905844434320,14988.5140517491382,0,1.2e-11
0.9972070085305473,0.0,-0.0023181032718508,0.0000000000000011,-0.0029299904335660,-0.0000000000000037,8.6451020791287885,3.0001133155173449,-953.169232,-15.929655,969.0988870214746,15185.6567288088263,0,1.8e-10
0.9972099526606487,0.0,-0.0023228723726592,0.0000000000000023,-0.0029329447777706,-0.0000000000000075,8.6486728871302478,3.0001132038593479,-952.883242,-16.146444,969.0296864880776,15387.6762626623968,0,2.3e-10
0.9972129526214455,0.0,-0.0023277182247660,0.0000000000000014,-0.0029359585361352,-0.0000000000000044,8.6523155603949267,3.0001130901288486,-952.615590,-16.368303,968.9838927178870,15594.7005213248194,0,6.7e-11
0.9972160094154372,0.0,-0.0023326417430406,0.0000000000000006,-0.0029390329250630,-0.0000000000000023,8.6560315536189041,3.0001129742905639,-952.367076,-16.595345,968.9624211830994,15806.8605620251037,0,2.2e-11
0.9972191240610008,0.0,-0.0023376438416987,0.0000000000000010,-0.0029421691874093,-0.0000000000000034,8.6598223511098720,3.0001128563087422,-952.138501,-16.827689,968.9661904301738,16024.2907620905316,0,8.2e-11
0.9972222975925551,0.0,-0.0023427254337671,0.0000000000000007,-0.0029453685931601,-0.0000000000000023,8.6636894673762885,3.0001127361471602,-951.930666,-17.065454,968.9961198544659,16247.1288759526797,0,7.4e-11
0.9972255310607238,0.0,-0.0023478874305248,0.0000000000000016,-0.0029486324401353,-0.0000000000000049,8.6676344477255594,3.0001126137691223,-951.744367,-17.308761,969.0531279980901,16475.5159302931279,0,1.5e-10
0.9972288255324947,0.0,-0.0023531307409175,0.0000000000000009,-0.0029519620547122,-0.0000000000000029,8.6716588688710647,3.0001124891374649,-951.580393,-17.557735,969.1381285990341,16709.5965406831820,0,1.6e-11
0.9972321820913748,0.0,-0.0023584562709471,0.0000000000000011,-0.0029553587925771,-0.0000000000000034,8.6757643395478361,3.0001123622145531,-951.439527,-17.812502,969.2520294479669,16949.5186231791740,0,1.2e-10
0.9972356018375426,0.0,-0.0023638649230317,0.0000000000000004,-0.0029588240395025,-0.0000000000000013,8.6799525011365617,3.0001122329622847,-951.322537,-18.073191,969.3957273879513,17195.4336838388117,0,1.3e-10
0.9972390858879909,0.0,-0.0023693575953298,0.0000000000000012,-0.0029623592121494,-0.0000000000000040,8.6842250282956588,3.0001121013420917,-951.230175,-18.339932,969.5701068876797,17447.4967454915168,0,1.1e-10
0.9972426353766876,0.0,-0.0023749351810721,0.0000000000000016,-0.0029659657589167,-0.0000000000000049,8.6885836296008776,3.0001119673149401,-951.163176,-18.612859,969.7760352307857,17705.8663667340879,0,7.7e-11
0.9972462514546850,0.0,-0.0023805985677868,0.0000000000000008,-0.0029696451607799,-0.0000000000000026,8.6930300481922149,3.0001118308413366,-951.122251,-18.892108,970.0143594046974,17970.7046633132850,0,4.8e-11
0.9972499352902702,0.0,-0.0023863486365654,0.0000000000000019,-0.0029733989322065,-0.0000000000000063,8.6975660624275388,3.0001116918813304,-951.108084,-19.177818,970.2859020455647,18242.1773203024059,0,2.0e-10
0.9972536880690835,0.0,-0.0023921862612583,0.0000000000000015,-0.0029772286220756,-0.0000000000000049,8.7021934865422850,3.0001115503945153,-951.121329,-19.470128,970.5914570783831,18520.4536804676754,0,1.8e-10
0.9972575109942381,0.0,-0.0023981123076404,0.0000000000000006,-0.0029811358146491,-0.0000000000000020,8.7069141713146632,3.0001114063400389,-951.162604,-19.769182,970.9317855892706,18805.7066025309032,0,5.0e-12
0.9972614052864273,0.0,-0.0024041276325406,0.0000000000000006,-0.0029851221305619,-0.0000000000000020,8.7117300047355979,3.0001112596766042,-951.232485,-20.075127,971.3076114909646,19098.1124948469223,0,1.3e-11
0.9972653721840269,0.0,-0.0024102330829308,0.0000000000000007,-0.0029891892278655,-0.0000000000000025,8.7166429126826337,3.0001111103624765,-951.331506,-20.388110,971.7196155200851,19397.8513188876095,0,3.0e-11
0.9972694129431864,0.0,-0.0024164294949733,0.0000000000000016,-0.0029933388031017,-0.0000000000000051,8.7216548595968568,3.0001109583554935,-951.460148,-20.708284,972.1684318914181,19705.1065538052935,0,2.0e-10
0.9972735288379103,0.0,-0.0024227176930273,0.0000000000000015,-0.0029975725924189,-0.0000000000000047,8.7267678491618454,3.0001108036130675,-951.618840,-21.035802,972.6546411374719,20020.0651392021682,0,7.6e-11
0.9972776373791366,0.0,-0.0024289712102157,0.0000000000000011,-0.0030018059713274,-0.0000000000000032,8.7318796044220868,3.0001106492392187,-951.803903,-21.364112,973.1680154200550,20336.4452817674028,0,6.3e-11
0.9972784797724225,0.0,-0.0024302505164648,0.0000000000000010,-0.0030026748484813,-0.0000000000000032,8.7329286665659893,3.0001106175986445,-951.845030,-21.431595,973.2766254919202,20401.5573220099905,0,4.2e-11
0.9972793387664693,0.0,-0.0024315540266276,0.0000000000000012,-0.0030035611605170,-0.0000000000000037,8.7339987439902877,3.0001105853385499,-951.888059,-21.500466,973.3885258868398,20468.0373194515123,0,1.3e-10
0.9972802146834755,0.0,-0.0024328821713738,0.0000000000000013,-0.0030044652588473,-0.0000000000000042,8.7350902582753385,3.0001105524470755,-951.933060,-21.570755,973.5038149054269,20535.9150419957587,0,1.0e-10
0.9972811078516916,0.0,-0.0024342353879594,0.0000000000000019,-0.0030053875020433,-0.0000000000000059,8.7362036394771021,3.0001105189121464,-951.980103,-21.642491,973.6225939419613,20605.2208987631020,0,2.1e-10
0.9972820186055299,0.0,-0.0024356141202921,0.0000000000000005,-0.0030063282559880,-0.0000000000000018,8.7373393262980947,3.0001104847214699,-952.029262,-21.715704,973.7449667574572,20675.9860762454919,0,3.9e-11
0.9972829472856726,0.0,-0.0024370188189871,0.0000000000000012,-0.0030072878940297,-0.0000000000000038,8.7384977662615686,3.0001104498625284,-952.080614,-21.790426,973.8710402613261,20748.2423454957316,0,2.3e-10
0.9972838942391798,0.0,-0.0024384499414224,0.0000000000000002,-0.0030082667971396,-0.0000000000000008,8.7396794158891975,3.0001104143225774,-952.134235,-21.866688,974.0009234112696,20822.0223551154486,0,9.0e-11
0.9972848598196014,0.0,-0.0024399079517921,0.0000000000000021,-0.0030092653540719,-0.0000000000000064,8.7408847408823025,3.0001103780886451,-952.190206,-21.944522,974.1347282994650,20897.3593208530801,0,2.5e-10
0.9972858443870875,0.0,-0.0024413933211581,0.0000000000000009,-0.0030102839615261,-0.0000000000000030,8.7421142163067049,3.0001103411475234,-952.248607,-22.023962,974.2725696291892,20974.2873921370483,0,1.9e-10
0.9972868483085038,0.0,-0.0024429065274990,0.0000000000000012,-0.0030113230243197,-0.0000000000000038,8.7433683267812867,3.0001103034857679,-952.309524,-22.105041,974.4145649544322,21052.8413587598479,0,2.5e-10
0.9972878719575455,0.0,-0.0024444480557588,0.0000000000000016,-0.0030123829555550,-0.0000000000000047,8.7446475666702916,3.0001102650896927,-952.373041,-22.187794,974.5608346389872,21133.0569253094727,0,7.9e-11
0.9972889157148546,0.0,-0.0024460183978915,0.0000000000000010,-0.0030134641767958,-0.0000000000000034,8.7459524402794795,3.0001102259453676,-952.439246,-22.272256,974.7115015821608,21214.9704367357190,0,1.6e-10
0.9972899799681382,0.0,-0.0024476180529045,0.0000000000000009,-0.0030145671182508,-0.0000000000000028,8.7472834620561759,3.0001101860386146,-952.508230,-22.358462,974.8666919642255,21298.6192593500600,0,1.3e-10
0.9972910651122883,0.0,-0.0024492475268993,0.0000000000000009,-0.0030156922189524,-0.0000000000000029,8.7486411567932922,3.0001101453550012,-952.580084,-22.446450,975.0265344936904,21384.0414993013837,0,7.9e-11
0.9972921715495033,0.0,-0.0024509073331098,0.0000000000000006,-0.0030168399269472,-0.0000000000000022,8.7500260598374080,3.0001101038798419,-952.654903,-22.536257,975.1911607154979,21471.2761308061308,0,1.4e-10
0.9972932996894111,0.0,-0.0024525979919367,0.0000000000000007,-0.0030180106994890,-0.0000000000000024,8.7514387173009709,3.0001100615981877,-952.732783,-22.627922,975.3607051271825,21560.3630947050988,0,3.1e-11
0.9972944499491931,0.0,-0.0024543200309811,0.0000000000000011,-0.0030192050032349,-0.0000000000000034,8.7528796862786873,3.0001100184948299,-952.813822,-22.721483,975.5353050962891,21651.3431338267983,0,1.4e-10
0.9972956227537115,0.0,-0.0024560739850727,0.0000000000000011,-0.0030204233144468,-0.0000000000000035,8.7543495350681937,3.0001099745542885,-952.898120,-22.816981,975.7151006448365,21744.2580248034792,0,9.8e-11
0.9972968185356359,0.0,-0.0024578603962962,0.0000000000000014,-0.0030216661191985,-0.0000000000000046,8.7558488433950767,3.0001099297608151,-952.985779,-22.914456,975.9002347313090,21839.1504264132818,0,8.5e-11
0.9972980377355731,0.0,-0.0024596798140135,0.0000000000000018,-0.0030229339135884,-0.0000000000000053,8.7573782026423110,3.0001098840983826,-953.076903,-23.013950,976.0908529901261,21936.0639686109498,0,2.0e-10
0.9972992808021975,0.0,-0.0024615327948827,0.0000000000000014,-0.0030242272039520,-0.0000000000000043,8.7589382160841982,3.0001098375506876,-953.171598,-23.115506,976.2871036757091,22035.0433237811667,0,1.6e-10
0.9973005481923800,0.0,-0.0024634199028667,0.0000000000000011,-0.0030255465070836,-0.0000000000000034,8.7605294991249227,3.0001097901011429,-953.269972,-23.219166,976.4891381466221,22136.1341627861257,0,3.5e-11
0.9973018403713365,0.0,-0.0024653417092680,0.0000000000000013,-0.0030268923504758,-0.0000000000000038,8.7621526795416198,3.0001097417328713,-953.372133,-23.324977,976.6971099949534,22239.3831255189143,0,6.8e-11
0.9973031578127413,0.0,-0.0024672987927000,0.0000000000000016,-0.0030282652725328,-0.0000000000000047,8.7638083977323991,3.0001096924287083,-953.478193,-23.432983,976.9111755611489,22344.8379963861080,0,7.9e-11
0.9973045009988779,0.0,-0.0024692917391120,0.0000000000000014,-0.0030296658228174,-0.0000000000000045,8.7654973069690030,3.0001096421711901,-953.588264,-23.543230,977.1314936346057,22452.5475768308388,0,2.3e-10
0.9973058704207746,0.0,-0.0024713211417806,0.0000000000000012,-0.0030310945622986,-0.0000000000000038,8.7672200736544266,3.0001095909425577,-953.702460,-23.655766,977.3582254711638,22562.5618684514775,0,1.4e-10
0.9973072665783429,0.0,-0.0024733876013020,0.0000000000000007,-0.0030325520635959,-0.0000000000000022,8.7689773775854754,3.0001095387247458,-953.820896,-23.770639,977.5915346043622,22674.9318757284782,0,1.6e-10
0.9973086899805201,0.0,-0.0024754917255790,0.0000000000000013,-0.0030340389112382,-0.0000000000000039,8.7707699122203859,3.0001094854993835,-953.943689,-23.887898,977.8315869687412,22789.7098421278060,0,1.7e-10
0.9973101411454105,0.0,-0.0024776341298022,0.0000000000000011,-0.0030355557019251,-0.0000000000000033,8.7725983849515430,3.0001094312477878,-954.070955,-24.007595,978.0785503372476,22906.9491637874162,0,6.1e-11
0.9973116206004298,0.0,-0.0024798154364258,0.0000000000000011,-0.0030371030447973,-0.0000000000000037,8.7744635173834133,3.0001093759509612,-954.202814,-24.129780,978.3325946165995,23026.7043737039785,0,1.7e-10
0.9973131288824504,0.0,-0.0024820362751371,0.0000000000000006,-0.0030386815617120,-0.0000000000000017,8.7763660456157346,3.0001093195895869,-954.339384,-24.254507,978.5938914138831,23149.0313624550472,0,4.9e-11
0.9973146665379478,0.0,-0.0024842972828194,0.0000000000000011,-0.0030402918875253,-0.0000000000000035,8.7783067205320489,3.0001092621440253,-954.480785,-24.381829,978.8626142738741,23273.9870819172356,0,9.3e-11
0.9973162341231481,0.0,-0.0024865991035089,0.0000000000000014,-0.0030419346703833,-0.0000000000000044,8.7802863080936664,3.0001092035943082,-954.627137,-24.511800,979.1389379374983,23401.6299341524718,0,8.9e-11
0.9973178322041769,0.0,-0.0024889423883439,0.0000000000000020,-0.0030436105720186,-0.0000000000000066,8.7823055896390994,3.0001091439201386,-954.778560,-24.644478,979.4230387311710,23532.0195143996971,0,1.4e-10
0.9973194613572099,0.0,-0.0024913277955075,0.0000000000000005,-0.0030453202680563,-0.0000000000000018,8.7843653621890692,3.0001090831008823,-954.935174,-24.779920,979.7150936439103,23665.2167826897348,0,1.8e-11
0.9973211221686239,0.0,-0.0024937559901613,0.0000000000000017,-0.0030470644483282,-0.0000000000000054,8.7864664387571363,3.0001090211155690,-955.097098,-24.918183,980.0152810218356,23801.2839531569625,0,1.3e-10
0.9973228152351484,0.0,-0.0024962276443729,0.0000000000000011,-0.0030488438171928,-0.0000000000000034,8.7886096486660232,3.0001089579428832,-955.264452,-25.059328,980.3237795888396,23940.2847695036326,0,1.0e-11
0.9973245411640198,0.0,-0.0024987434370340,0.0000000000000018,-0.0030506590938644,-0.0000000000000053,8.7907958378696858,3.0001088935611655,-955.437353,-25.203415,980.6407682588185,24082.2841630686307,0,1.5e-10
0.9973263005731356,0.0,-0.0025013040537690,0.0000000000000013,-0.0030525110127565,-0.0000000000000040,8.7930258692812231,3.0001088279484045,-955.615919,-25.350508,980.9664262892657,24227.3486470169737,0,2.6e-10
0.9973280940912085,0.0,-0.0025039101868366,0.0000000000000012,-0.0030544003238231,-0.0000000000000037,8.7953006231066340,3.0001087610822363,-955.800264,-25.500669,981.3009325557395,24375.5461651118239,0,2.8e-11
0.9973299223579231,0.0,-0.0025065625350202,0.0000000000000013,-0.0030563277929200,-0.0000000000000040,8.7976209971845183,3.0001086929399396,-955.990501,-25.653964,981.6444653665818,24526.9459546923754,0,1.0e-10
0.9973317860240924,0.0,-0.0025092618035088,0.0000000000000014,-0.0030582942021712,-0.0000000000000041,8.7999879073317580,3.0001086234984302,-956.186743,-25.810459,981.9972022029000,24681.6189104113728,0,2.1e-10
0.9973336857518151,0.0,-0.0025120087037674,0.0000000000000013,-0.0030603003503449,-0.0000000000000041,8.8024022876952124,3.0001085527342619,-956.389097,-25.970222,982.3593191509794,24839.6373994199676,0,1.7e-10
0.9973356222146329,0.0,-0.0025148039533976,0.0000000000000013,-0.0030623470532400,-0.0000000000000043,8.8048650911094839,3.0001084806236209,-956.597668,-26.133322,982.7309907134209,25001.0752708371729,0,1.7e-10
0.9973375960976890,0.0,-0.0025176482759852,0.0000000000000015,-0.0030644351440858,-0.0000000000000048,8.8073772894607814,3.0001084071423203,-956.812559,-26.299830,983.1123891464918,25166.0079586902284,0,1.1e-10
0.9973396080978871,0.0,-0.0025205424009380,0.0000000000000014,-0.0030665654739491,-0.0000000000000046,8.8099398740569086,3.0001083322658006,-957.033866,-26.469818,983.5036843340550,25334.5124128697789,0,2.5e-10
0.9973416589240494,0.0,-0.0025234870633092,0.0000000000000014,-0.0030687389121567,-0.0000000000000045,8.8125538560034222,3.0001082559691246,-957.261683,-26.643360,983.9050430208059,25506.6672840843676,0,1.9e-10
0.9973437492970760,0.0,-0.0025264830036102,0.0000000000000017,-0.0030709563467259,-0.0000000000000053,8.8152202665859409,3.0001081782269732,-957.496099,-26.820530,984.3166287124928,25682.5527441846789,0,1.3e-10
0.9973458799501000,0.0,-0.0025295309676033,0.0000000000000009,-0.0030732186848048,-0.0000000000000028,8.8179401576586720,3.0001080990136479,-957.737195,-27.001406,984.7386006093589,25862.2505977404653,0,3.4e-11
0.9973480516286614,0.0,-0.0025326317061081,0.0000000000000009,-0.0030755268531483,-0.0000000000000029,8.8207146020390219,3.0001080183030604,-957.985048,-27.186066,985.1711136840164,26045.8442736218567,0,1.7e-10
0.9973502650908430,0.0,-0.0025357859747402,0.0000000000000005,-0.0030778817985619,-0.0000000000000018,8.8235446939084721,3.0001079360687353,-958.239728,-27.374589,985.6143177292773,26233.4189700966817,0,3.2e-11
0.9973525211074438,0.0,-0.0025389945336868,0.0000000000000008,-0.0030802844884045,-0.0000000000000026,8.8264315492196221,3.0001078522838078,-958.501298,-27.567059,986.0683568156011,26425.0613695661887,0,1.4e-10
0.9973548204621323,0.0,-0.0025422581474424,0.0000000000000007,-0.0030827359110805,-0.0000000000000021,8.8293763061093014,3.0001077669210177,-958.769812,-27.763557,986.5333691340941,26620.8600395997637,0,2.8e-11
0.9973571639516037,0.0,-0.0025455775845316,0.0000000000000009,-0.0030852370765546,-0.0000000000000027,8.8323801253178171,3.0001076799527122,-959.045317,-27.964169,987.0094857257798,26820.9050610333798,0,6.6e-12
0.9973595523857355,0.0,-0.0025489536172162,0.0000000000000011,-0.0030877890168799,-0.0000000000000034,8.8354441906142256,3.0001075913508384,-959.327849,-28.168981,987.4968306009442,27025.2883125394583,0,3.3e-11
0.9973619865877428,0.0,-0.0025523870211847,0.0000000000000010,-0.0030903927867421,-0.0000000000000029,8.8385697092276114,3.0001075010869478,-959.617436,-28.378083,987.9955194092952,27234.1033424868947,0,1.8e-11
0.9973644673943314,0.0,-0.0025558785752230,0.0000000000000013,-0.0030930494640213,-0.0000000000000039,8.8417579122842795,3.0001074091321911,-959.914095,-28.591564,988.5056592801486,27447.4453786055674,0,1.1e-10
0.9973669956558504,0.0,-0.0025594290608671,0.0000000000000016,-0.0030957601503694,-0.0000000000000047,8.8450100552507731,3.0001073154573152,-960.217832,-28.809516,989.0273481380806,27665.4114164512721,0,8.8e-11
0.9973695722364423,0.0,-0.0025630392620355,0.0000000000000006,-0.0030985259718050,-0.0000000000000019,8.8483274183826310,3.0001072200326697,-960.528640,-29.032034,989.5606740067410,27888.1000925123808,0,4.3e-11
0.9973721980141916,0.0,-0.0025667099646414,0.0000000000000016,-0.0031013480793289,-0.0000000000000047,8.8517113071787747,3.0001071228281968,-960.846502,-29.259212,990.1057143436392,28115.6117235296988,0,6.9e-11
0.9973748738812714,0.0,-0.0025704419561839,0.0000000000000009,-0.0031042276495568,-0.0000000000000026,8.8551630528413856,3.0001070238134391,-961.171387,-29.491149,990.6625356171679,28348.0483603804023,0,8.1e-12
0.9973776007440874,0.0,-0.0025742360253176,0.0000000000000009,-0.0031071658853726,-0.0000000000000026,8.8586840127411346,3.0001069229575319,-961.503250,-29.727943,991.2311924975022,28585.5136346355430,0,4.4e-11
0.9973803795234194,0.0,-0.0025780929613986,0.0000000000000009,-0.0031101640166016,-0.0000000000000026,8.8622755708876202,3.0001068202292132,-961.842032,-29.969696,991.8117275674191,28828.1128990722937,0,2.8e-11
0.9973832111545604,0.0,-0.0025820135540080,0.0000000000000009,-0.0031132233007083,-0.0000000000000027,8.8659391384048245,3.0001067155968126,-962.187661,-30.216510,992.4041706318512,29075.9530562044820,0,8.2e-11
0.9973860965874517,0.0,-0.0025859985924498,0.0000000000000010,-0.0031163450235112,-0.0000000000000030,8.8696761540114171,3.0001066090282640,-962.540048,-30.468491,993.0085383547502,29329.1426283895853,0,1.6e-10
0.9973890367868157,0.0,-0.0025900488652254,0.0000000000000015,-0.0031195304999262,-0.0000000000000044,8.8734880845056718,3.0001065004910963,-962.899089,-30.725745,993.6248339611816,29587.7917243022239,0,7.6e-11
0.9973920327322841,0.0,-0.0025941651594797,0.0000000000000003,-0.0031227810747296,-0.0000000000000010,8.8773764252548286,3.0001063899524421,-963.264666,-30.988380,994.2530467296453,29852.0118772615679,0,4.2e-11
0.9973950854185232,0.0,-0.0025983482604218,0.0000000000000011,-0.0031260981233516,-0.0000000000000032,8.8813427006886201,3.0001062773790381,-963.636644,-31.256508,994.8931517936841,30121.9160446205642,0,9.1e-11
0.9973981958553545,0.0,-0.0026025989507175,0.0000000000000014,-0.0031294830526914,-0.0000000000000041,8.8853884647967316,3.0001061627372283,-964.014872,-31.530238,995.5451104668324,30397.6187110671890,0,1.8e-10
0.9974013650678706,0.0,-0.0026069180098522,0.0000000000000008,-0.0031329373019613,-0.0000000000000023,8.8895153016299364,3.0001060459929643,-964.399183,-31.809686,996.2088697801079,30679.2356571354903,0,8.4e-11
0.9974045940965475,0.0,-0.0026113062134645,0.0000000000000000,-0.0031364623435605,-0.0000000000000002,8.8937248258046289,3.0001059271118105,-964.789396,-32.094967,996.8843630426130,30966.8838815636700,0,7.6e-11
0.9974078839973500,0.0,-0.0026157643326498,0.0000000000000010,-0.0031400596839757,-0.0000000000000031,8.8980186830104895,3.0001058060589507,-965.185313,-32.386197,997.5715097395257,31260.6814732100465,0,1.4e-10
0.9974112358418346,0.0,-0.0026202931332309,0.0000000000000005,-0.0031437308647170,-0.0000000000000013,8.9023985505209495,3.0001056827991874,-965.586723,-32.683494,998.2702168784165,31560.7478507252526,0,6.3e-11
0.9974146507172407,0.0,-0.0026248933749912,0.0000000000000009,-0.0031474774632789,-0.0000000000000027,8.9068661377062437,3.0001055572969526,-965.993401,-32.986978,998.9803791472420,31867.2031893145177,0,1.5e-10
0.9974181297265955,0.0,-0.0026295658109005,0.0000000000000011,-0.0031513010941547,-0.0000000000000032,8.9114231865486140,3.0001054295163083,-966.405110,-33.296770,999.7018802571107,32180.1686537339701,0,2.4e-10
0.9974216739887770,0.0,-0.0026343111862555,-0.0000000000000001,-0.0031552034098494,0.0000000000000002,8.9160714721593948,3.0001052994209556,-966.821603,-33.612991,1000.4345945927544,32499.7662234578747,0,9.0e-11
0.9974252846386062,0.0,-0.0026391302378347,0.0000000000000001,-0.0031591861019661,-0.0000000000000004,8.9208128032979914,3.0001051669742447,-967.242624,-33.935765,1001.1783883343282,32826.1181986175943,0,2.0e-11
0.9974289628269150,0.0,-0.0026440236929920,0.0000000000000009,-0.0031632509023128,-0.0000000000000026,8.9256490228920420,3.0001050321391722,-967.667909,-34.265214,1001.9331224741356,33159.3476493308553,0,8.6e-11
0.9974327097206120,0.0,-0.0026489922687188,0.0000000000000009,-0.0031673995840539,-0.0000000000000027,8.9305820085587211,3.0001048948784028,-968.097193,-34.601462,1002.6986546460396,33499.5777882526745,0,1.8e-10
0.9974365265027411,0.0,-0.0026540366706676,0.0000000000000011,-0.0031716339629005,-0.0000000000000030,8.9356136731269569,3.0001047551542674,-968.530211,-34.944632,1003.4748428845354,33846.9320309110335,0,1.2e-10
0.9974404143725329,0.0,-0.0026591575921364,0.0000000000000004,-0.0031759558983502,-0.0000000000000013,8.9407459651603176,3.0001046129287774,-968.966699,-35.294849,1004.2615486519020,34201.5336150342482,0,2.6e-11
0.9974443745454513,0.0,-0.0026643557130150,0.0000000000000002,-0.0031803672949679,-0.0000000000000007,8.9459808694804526,3.0001044681636362,-969.406406,-35.652236,1005.0586416625694,34563.5055071414681,0,3.0e-12
0.9974484082532316,0.0,-0.0026696316986889,0.0000000000000004,-0.0031848701037190,-0.0000000000000013,8.9513204076909503,3.0001043208202449,-969.849092,-36.016913,1005.8660044831618,34932.9701614542864,0,5.1e-12
0.9974525167439124,0.0,-0.0026749861989050,0.0000000000000011,-0.0031894663233500,-0.0000000000000031,8.9567666387016107,3.0001041708597200,-970.294537,-36.389001,1006.6835384119424,35310.0492126211175,0,1.2e-10
0.9974567012818640,0.0,-0.0026804198465939,0.0000000000000010,-0.0031941580018274,-0.0000000000000030,8.9623216592531474,3.0001040182429022,-970.742551,-36.768619,1007.5111703657356,35694.8633590060635,0,7.3e-11
0.9974609631478007,0.0,-0.0026859332566440,0.0000000000000010,-0.0031989472378193,-0.0000000000000028,8.9679876044425200,3.0001038629303709,-971.192978,-37.155882,1008.3488597606189,36087.5317990960903,0,1.1e-10
0.9974653036388118,0.0,-0.0026915270246598,0.0000000000000006,-0.0032038361822664,-0.0000000000000018,8.9737666482491534,3.0001037048824588,-971.645706,-37.550901,1009.1966077593314,36488.1721808763687,0,9.1e-11
0.9974660934429777,0.0,-0.0026925425647919,-0.0000000000000000,-0.0032047270235750,0.0000000000000001,8.9748191436192428,3.0001036761379067,-971.727443,-37.622843,1009.3502863610161,36561.1490160945687,0,6.3e-11
0.9974668988148850,0.0,-0.0026935773897873,0.0000000000000008,-0.0032056358186284,-0.0000000000000021,8.9758926791241525,3.0001036468312732,-971.810590,-37.696222,1009.5068120268285,36635.5874885976664,0,1.8e-10
0.9974677200567160,0.0,-0.0026946318450147,0.0000000000000014,-0.0032065629323646,-0.0000000000000039,8.9769876749175648,3.0001036169518320,-971.895168,-37.771066,1009.6662338913374,36711.5167120195692,0,1.2e-10
0.9974685574763295,0.0,-0.0026957062811873,0.0000000000000002,-0.0032075087372785,-0.0000000000000006,8.9781045595148807,3.0001035864886640,-971.981196,-37.847405,1009.8286014485466,36788.9661921251682,0,6.1e-11
0.9974694113873600,0.0,-0.0026968010544093,0.0000000000000010,-0.0032084736135845,-0.0000000000000026,8.9792437699575629,3.0001035554306541,-972.068697,-37.925268,1009.9939650509939,36867.9660000771401,0,1.9e-10
0.9974702821093177,0.0,-0.0026979165262225,0.0000000000000010,-0.0032094579493808,-0.0000000000000029,8.9804057519809000,3.0001035237664855,-972.157691,-38.004685,1010.1623761395227,36948.5469398719142,0,8.1e-11
0.9974711699676899,0.0,-0.0026990530636512,0.0000000000000006,-0.0032104621408214,-0.0000000000000017,8.9815909601849491,3.0001034914846403,-972.248200,-38.085687,1010.3338868190102,37030.7402143629733,0,2.3e-11
0.9974720752940449,0.0,-0.0027002110392456,0.0000000000000012,-0.0032114865922900,-0.0000000000000033,8.9827998582087147,3.0001034585733946,-972.340246,-38.168304,1010.5085500043821,37114.5776456732419,0,1.2e-10
0.9974729984261358,0.0,-0.0027013908311236,0.0000000000000017,-0.0032125317165795,-0.0000000000000048,8.9840329189076407,3.0001034250208130,-972.433852,-38.252568,1010.6864197144279,37200.0917294693645,0,2.3e-10
0.9974739397080070,0.0,-0.0027025928230116,0.0000000000000016,-0.0032135979350732,-0.0000000000000043,8.9852906245344180,3.0001033908147501,-972.529040,-38.338511,1010.8675508668736,37287.3155767837306,0,1.1e-10
0.9974748994901014,0.0,-0.0027038174042822,-0.0000000000000000,-0.0032146856779324,-0.0000000000000001,8.9865734669232342,3.0001033559428434,-972.625832,-38.426167,1011.0519993120824,37376.2828173856833,0,6.0e-11
0.9974758781293691,0.0,-0.0027050649699918,0.0000000000000005,-0.0032157953842885,-0.0000000000000013,8.9878819476774598,3.0001033203925136,-972.724253,-38.515569,1011.2398219788421,37467.0276714913780,0,8.1e-11
0.9974768759893782,0.0,-0.0027063359209142,0.0000000000000013,-0.0032169275024390,-0.0000000000000035,8.9892165783608640,3.0001032841509567,-972.824327,-38.606750,1011.4310767850117,37559.5851353944745,0,1.3e-10
0.9974778934404258,0.0,-0.0027076306635735,0.0000000000000008,-0.0032180824900476,-0.0000000000000023,8.9905778806923937,3.0001032472051454,-972.926078,-38.699745,1011.6258229651603,37653.9907881569816,0,9.0e-11
0.9974789308596520,0.0,-0.0027089496102741,0.0000000000000010,-0.0032192608143507,-0.0000000000000029,8.9919663867445934,3.0001032095418223,-973.029532,-38.794589,1011.8241207468393,37750.2807815263513,0,1.9e-10
0.9974799886311536,0.0,-0.0027102931791283,0.0000000000000010,-0.0032204629523692,-0.0000000000000028,8.9933826391457163,3.0001031711475008,-973.134713,-38.891319,1012.0260317642668,37848.4920796985389,0,1.6e-11
0.9974810671461001,0.0,-0.0027116617940817,0.0000000000000004,-0.0032216893911182,-0.0000000000000014,8.9948271912855606,3.0001031320084564,-973.241649,-38.989969,1012.2316188212155,37948.6620809591841,0,1.4e-10
0.9974821668028527,0.0,-0.0027130558849343,0.0000000000000003,-0.0032229406278398,-0.0000000000000012,8.9963006075251482,3.0001030921107259,-973.350367,-39.090579,1012.4409461105628,38050.8290902633453,0,5.5e-11
0.9974832880070807,0.0,-0.0027144758873613,0.0000000000000011,-0.0032242171702168,-0.0000000000000033,8.9978034634102197,3.0001030514401079,-973.460895,-39.193184,1012.6540793918962,38155.0319052604609,0,1.6e-10
0.9974844311718839,0.0,-0.0027159222429283,0.0000000000000008,-0.0032255195366138,-0.0000000000000024,8.9993363458887004,3.0001030099821522,-973.573263,-39.297823,1012.8710860353680,38261.3101710045594,0,1.5e-10
0.9974855967179127,0.0,-0.0027173953991048,0.0000000000000010,-0.0032268482563104,-0.0000000000000029,9.0008998535321059,3.0001029677221607,-973.687499,-39.404536,1013.0920347380563,38369.7040875271196,0,1.7e-10
0.9974867850734923,0.0,-0.0027188958092732,0.0000000000000004,-0.0032282038697477,-0.0000000000000013,9.0024945967610250,3.0001029246451849,-973.803635,-39.513361,1013.3169963656572,38480.2546513167326,0,1.6e-10
0.9974879966747464,0.0,-0.0027204239327350,0.0000000000000009,-0.0032295869287759,-0.0000000000000027,9.0041211980746709,3.0001028807360202,-973.921705,-39.624339,1013.5460433547145,38593.0035106693394,0,1.3e-10
0.9974892319657235,0.0,-0.0027219802347127,0.0000000000000005,-0.0032309979969120,-0.0000000000000015,9.0057802922846157,3.0001028359792037,-974.041741,-39.737510,1013.7792503889443,38707.9930620217929,0,7.0e-11
0.9974904913985240,0.0,-0.0027235651863476,0.0000000000000009,-0.0032324376496027,-0.0000000000000027,9.0074725267527409,3.0001027903590094,-974.163779,-39.852915,1014.0166940252694,38825.2663634332130,0,8.3e-11
0.9974917754334283,0.0,-0.0027251792646939,0.0000000000000009,-0.0032339064744915,-0.0000000000000025,9.0091985616334558,3.0001027438594470,-974.287856,-39.970597,1014.2584532827365,38944.8672333762515,0,1.9e-10
0.9974930845390275,0.0,-0.0027268229527070,0.0000000000000014,-0.0032354050716983,-0.0000000000000041,9.0109590701202809,3.0001026964642574,-974.414012,-40.090598,1014.5046098713440,39066.8403178071603,0,7.5e-11
0.9974944191923542,0.0,-0.0027284967392291,0.0000000000000013,-0.0032369340540992,-0.0000000000000036,9.0127547386968043,3.0001026481569100,-974.542287,-40.212961,1014.7552476760847,39191.2307813237421,0,1.4e-10
0.9974957798790147,0.0,-0.0027302011189677,0.0000000000000015,-0.0032384940476202,-0.0000000000000041,9.0145862673921311,3.0001025989205981,-974.672724,-40.337729,1015.0104538415995,39318.0846999250352,0,1.9e-10
0.9974971670933236,0.0,-0.0027319365924704,0.0000000000000016,-0.0032400856915331,-0.0000000000000044,9.0164543700408259,3.0001025487382358,-974.805370,-40.464948,1015.2703184874692,39447.4488433699007,0,2.1e-10
0.9974985813384383,0.0,-0.0027337036660940,0.0000000000000008,-0.0032417096387624,-0.0000000000000023,9.0183597745474628,3.0001024975924562,-974.940273,-40.594662,1015.5349350172773,39579.3707167849061,0,1.2e-10
0.9975000231264954,0.0,-0.0027355028519671,0.0000000000000011,-0.0032433665561997,-0.0000000000000031,9.0203032231558034,3.0001024454656071,-975.077485,-40.726916,1015.8044004612003,39713.8985136484262,0,1.7e-10
0.9975014929787485,0.0,-0.0027373346679477,0.0000000000000002,-0.0032450571250243,-0.0000000000000007,9.0222854727226860,3.0001023923397474,-975.217060,-40.861756,1016.0788159484733,39851.0812970570405,0,1.1e-10
0.9975029914257068,0.0,-0.0027391996375742,-0.0000000000000000,-0.0032467820410356,-0.0000000000000001,9.0243072949966869,3.0001023381966441,-975.359058,-40.999228,1016.3582866425894,39990.9687420540140,0,1.8e-10
0.9975045190072750,0.0,-0.0027410982900091,0.0000000000000011,-0.0032485420149934,-0.0000000000000031,9.0263694769015981,3.0001022830177688,-975.503542,-41.139380,1016.6429222128058,40133.6113439063774,0,2.3e-10
0.9975060762728948,0.0,-0.0027430311599775,0.0000000000000013,-0.0032503377729642,-0.0000000000000035,9.0284728208247955,3.0001022267842972,-975.650578,-41.282260,1016.9328376375286,40279.0603617084562,0,2.1e-10
0.9975076637816863,0.0,-0.0027449987876972,0.0000000000000003,-0.0032521700566804,-0.0000000000000009,9.0306181449105551,3.0001021694771013,-975.800240,-41.427913,1017.2281531164872,40427.3677774698008,0,1.8e-11
0.9975092821025889,0.0,-0.0027470017187974,0.0000000000000012,-0.0032540396239064,-0.0000000000000032,9.0328062833584237,3.0001021110767496,-975.952604,-41.576390,1017.5289945219381,40578.5861597456387,0,8.6e-11
0.9975109318145178,0.0,-0.0027490405042493,0.0000000000000006,-0.0032559472488286,-0.0000000000000017,9.0350380867265461,3.0001020515635042,-976.107756,-41.727738,1017.8354943993379,40732.7690347659518,0,3.4e-11
0.9975126135064909,0.0,-0.0027511157002510,0.0000000000000014,-0.0032578937224245,-0.0000000000000036,9.0373144222402253,3.0001019909173143,-976.265785,-41.882007,1018.1477922189321,40889.9704958401853,0,1.4e-10
0.9975143277777874,0.0,-0.0027532278681405,0.0000000000000002,-0.0032598798528741,-0.0000000000000007,9.0396361741056879,3.0001019291178195,-976.426789,-42.039245,1018.4660347881002,41050.2454388432088,0,1.7e-10
0.9975160752380920,0.0,-0.0027553775742817,0.0000000000000002,-0.0032619064659690,-0.0000000000000007,9.0420042438290551,3.0001018661443402,-976.590874,-42.199503,1018.7903772398117,41213.6494169225916,0,1.5e-10
0.9975178565076438,0.0,-0.0027575653899458,0.0000000000000006,-0.0032639744055321,-0.0000000000000017,9.0444195505406562,3.0001018019758794,-976.758155,-42.362829,1019.1209836387766,41380.2386800977401,0,1.2e-10
0.9975196722173841,0.0,-0.0027597918911814,0.0000000000000006,-0.0032660845338528,-0.0000000000000018,9.0468830313247341,3.0001017365911191,-976.928754,-42.529273,1019.4580277546060,41550.0701349050505,0,1.8e-10
0.9975215230091082,0.0,-0.0027620576586759,0.0000000000000007,-0.0032682377321344,-0.0000000000000019,9.0493956415545949,3.0001016699684153,-977.102808,-42.698886,1019.8016937884330,41723.2014145358116,0,1.1e-10
0.9975234095356145,0.0,-0.0027643632776071,0.0000000000000007,-0.0032704349009496,-0.0000000000000018,9.0519583552332801,3.0001016020857985,-977.280461,-42.871716,1020.1521776872428,41899.6907321964391,0,8.8e-11
0.9975253324608572,0.0,-0.0027667093374818,0.0000000000000003,-0.0032726769607169,-0.0000000000000010,9.0545721653398292,3.0001015329209699,-977.461874,-43.047814,1020.5096876297217,42079.5969469352276,0,3.4e-11
0.9975272924600981,0.0,-0.0027690964319664,0.0000000000000002,-0.0032749648521834,-0.0000000000000006,9.0572380841811864,3.0001014624512989,-977.647217,-43.227228,1020.8744456716033,42262.9795115608722,0,6.9e-11
0.9975292902200604,0.0,-0.0027715251587026,0.0000000000000015,-0.0032772995369292,-0.0000000000000041,9.0599571437498518,3.0001013906538225,-977.836680,-43.410008,1021.2466884998468,42449.8984430938144,0,2.5e-10
0.9975313264390816,0.0,-0.0027739961191143,0.0000000000000013,-0.0032796819978773,-0.0000000000000035,9.0627303960873231,3.0001013175052380,-978.030466,-43.596203,1021.6266689983867,42640.4144176485715,0,2.2e-10
0.9975334018272685,0.0,-0.0027765099181996,0.0000000000000004,-0.0032821132398292,-0.0000000000000010,9.0655589136534083,3.0001012429819087,-978.228798,-43.785859,1022.0146576954681,42834.5885359070380,0,4.6e-11
0.9975355171066519,0.0,-0.0027790671643113,0.0000000000000014,-0.0032845942900080,-0.0000000000000038,9.0684437897015169,3.0001011670598565,-978.431919,-43.979025,1022.4109440714517,43032.4822622826905,0,2.7e-10
0.9975376730113423,0.0,-0.0027816684689237,0.0000000000000007,-0.0032871261986232,-0.0000000000000018,9.0713861386599710,3.0001010897147617,-978.640091,-44.175748,1022.8158385333276,43234.1578131681308,0,1.9e-10
0.9975398702876863,0.0,-0.0027843144463852,0.0000000000000003,-0.0032897100394497,-0.0000000000000008,9.0743870965194589,3.0001010109219606,-978.853602,-44.376072,1023.2296740661973,43439.6775907096453,0,5.2e-11
0.9975421096944228,0.0,-0.0027870057136578,0.0000000000000006,-0.0032923469104258,-0.0000000000000018,9.0774478212266967,3.0001009306564459,-979.072767,-44.580041,1023.6528081217815,43649.1043413967127,0,9.7e-11
0.9975443920028411,0.0,-0.0027897428900398,-0.0000000000000001,-0.0032950379342711,0.0000000000000003,9.0805694930844325,3.0001008488928642,-979.297926,-44.787700,1024.0856251512919,43862.5013000467443,0,1.2e-11
0.9975467179969376,0.0,-0.0027925265968759,0.0000000000000001,-0.0032977842591209,-0.0000000000000003,9.0837533151578516,3.0001007656055139,-979.529451,-44.999088,1024.5285385552629,44079.9317774288356,0,1.1e-10
0.9975490884735755,0.0,-0.0027953574572490,0.0000000000000002,-0.0033005870591830,-0.0000000000000007,9.0870005136875225,3.0001006807683446,-979.767748,-45.214245,1024.9819933077499,44301.4594623243902,0,1.0e-10
0.9975515042426419,0.0,-0.0027982360956579,0.0000000000000006,-0.0033034475354120,-0.0000000000000018,9.0903123385090101,3.0001005943549583,-980.013259,-45.433210,1025.4464689098938,44527.1480665653362,0,2.0e-10
0.9975539661272084,0.0,-0.0028011631376764,0.0000000000000003,-0.0033063669162101,-0.0000000000000008,9.0936900634792615,3.0001005063386064,-980.266466,-45.656016,1025.9224821123385,44757.0614992687479,0,1.3e-10
0.9975564749636906,0.0,-0.0028041392095969,0.0000000000000005,-0.0033093464581465,-0.0000000000000013,9.0971349869099178,3.0001004166921899,-980.527894,-45.882696,1026.4105903183761,44991.2635622780072,0,9.2e-11
0.9975590316020080,0.0,-0.0028071649380549,-0.0000000000000002,-0.0033123874467002,0.0000000000000005,9.1006484320077021,3.0001003253882583,-980.798115,-46.113280,1026.9113948568290,45229.8180568009848,0,8.0e-12
0.9975616369057454,0.0,-0.0028102409496357,0.0000000000000000,-0.0033154911970299,-0.0000000000000002,9.1042317473220447,3.0001002323990118,-981.077752,-46.347793,1027.4255450839808,45472.7885598932044,0,9.1e-11
0.9975642917523149,0.0,-0.0028133678704623,0.0000000000000000,-0.0033186590547687,-0.0000000000000002,9.1078863072001202,3.0001001376962999,-981.367484,-46.586258,1027.9537421208099,45720.2385144511936,0,1.5e-10
0.9975669970331174,0.0,-0.0028165463257640,0.0000000000000001,-0.0033218923968420,-0.0000000000000004,9.1116135122494910,3.0001000412516201,-981.668051,-46.828692,1028.4967436001282,45972.2309986311593,0,1.2e-10
0.9975697536537057,0.0,-0.0028197769394250,0.0000000000000006,-0.0033251926323152,-0.0000000000000018,9.1154147898085665,3.0000999430361208,-981.980258,-47.075110,1029.0553681799977,46228.8285745402100,0,2.0e-10
0.9975725625339493,0.0,-0.0028230603335126,0.0000000000000008,-0.0033285612032723,-0.0000000000000021,9.1192915944251247,3.0000998430206023,-982.304982,-47.325519,1029.6305008778309,46490.0933611986693,0,2.1e-10
0.9975754246081983,0.0,-0.0028263971277845,0.0000000000000003,-0.0033319995857194,-0.0000000000000008,9.1232454083430881,3.0000997411755161,-982.643175,-47.579923,1030.2230986350276,46756.0867734794738,0,1.4e-10
0.9975783408254493,0.0,-0.0028297879391749,0.0000000000000006,-0.0033355092905233,-0.0000000000000014,9.1272777419979150,3.0000996374709654,-982.995878,-47.838318,1030.8341961377596,47026.8693590374314,0,1.7e-10
0.9975813121495133,0.0,-0.0028332333812579,0.0000000000000004,-0.0033390918643813,-0.0000000000000010,9.1313901345208173,3.0000995318767116,-983.364219,-48.100693,1031.4649126652321,47302.5008650895325,0,8.2e-11
0.9975843395591831,0.0,-0.0028367340636895,0.0000000000000010,-0.0033427488908220,-0.0000000000000027,9.1355841542521734,3.0000994243621686,-983.749427,-48.367032,1032.1164586446805,47583.0397803559317,0,2.3e-10
0.9975874240484051,0.0,-0.0028402905916251,-0.0000000000000002,-0.0033464819912502,0.0000000000000006,9.1398613992644968,3.0000993148964095,-984.152837,-48.637307,1032.7901438342608,47868.5436598167289,0,5.1e-11
0.9975905666264487,0.0,-0.0028439035651153,0.0000000000000008,-0.0033502928260152,-0.0000000000000023,9.1442234978952861,3.0000992034481699,-984.575901,-48.911484,1033.4873848130915,48159.0683529202943,0,1.7e-11
0.9975937683180819,0.0,-0.0028475735784757,0.0000000000000006,-0.0033541830955273,-0.0000000000000014,9.1486721092902474,3.0000990899858442,-985.020197,-49.189518,1034.2097140734836,48454.6682498823502,0,1.9e-10
0.9975970301637470,0.0,-0.0028513012196336,0.0000000000000001,-0.0033581545414148,-0.0000000000000003,9.1532089239572922,3.0000989744774968,-985.487437,-49.471352,1034.9587895237335,48755.3961346802535,0,1.5e-10
0.9976003532197356,0.0,-0.0028550870694453,0.0000000000000004,-0.0033622089477108,-0.0000000000000010,9.1578356643318273,3.0000988568908578,-985.979484,-49.756920,1035.7364045458562,49061.3026426461292,0,1.7e-10
0.9976037385583828,0.0,-0.0028589317010061,0.0000000000000004,-0.0033663481421082,-0.0000000000000009,9.1625540853538272,3.0000987371933294,-986.498357,-50.046141,1036.5444988688996,49372.4363594853785,0,1.3e-10
0.9976071872682337,0.0,-0.0028628356788984,0.0000000000000001,-0.0033705739972248,-0.0000000000000002,9.1673659750571712,3.0000986153519897,-987.046249,-50.338921,1037.3851704515466,49688.8434665958630,0,5.5e-11
0.9976107004542430,0.0,-0.0028667995584491,0.0000000000000006,-0.0033748884319426,-0.0000000000000015,9.1722731551722614,3.0000984913335955,-987.625538,-50.635150,1038.2606879624750,50010.5673723784857,0,5.5e-11
0.9976142792379660,0.0,-0.0028708238849415,0.0000000000000005,-0.0033792934127937,-0.0000000000000013,9.1772774817420988,3.0000983651045856,-988.238803,-50.934702,1039.1735044990335,50337.6488530785427,0,5.5e-11
0.9976179247577559,0.0,-0.0028749091928069,0.0000000000000001,-0.0033837909553874,-0.0000000000000004,9.1823808457527463,3.0000982366310875,-988.888839,-51.237433,1040.1262719849901,50670.1253641159856,0,1.3e-10
0.9976216381689554,0.0,-0.0028790560047724,-0.0000000000000000,-0.0033883831258854,0.0000000000000000,9.1875851737789915,3.0000981058789185,-989.578678,-51.543179,1041.1218568446591,51008.0310549018322,0,4.6e-11
0.9976254206441220,0.0,-0.0028832648310139,0.0000000000000004,-0.0033930720425631,-0.0000000000000009,9.1928924286461022,3.0000979728135939,-990.311600,-51.851757,1042.1633567918739,51351.3961904750322,0,1.3e-10
0.9976292733732373,0.0,-0.0028875361682542,0.0000000000000003,-0.0033978598774070,-0.0000000000000009,9.1983046101080053,3.0000978374003293,-991.091160,-52.162959,1043.2541185378157,51700.2471455651103,0,1.2e-10
0.9976331975639047,0.0,-0.0028918704988130,-0.0000000000000002,-0.0034027488577425,0.0000000000000005,9.2038237555434748,3.0000976996040474,-991.921204,-52.476553,1044.3977572362398,52054.6058133278275,0,9.5e-11
0.9976371944416068,0.0,-0.0028962682896836,0.0000000000000001,-0.0034077412679955,-0.0000000000000004,9.2094519406714532,3.0000975593893817,-992.805894,-52.792283,1045.5981768708091,52414.4893582918448,0,1.0e-10
0.9976412652499241,0.0,-0.0029007299915307,0.0000000000000006,-0.0034128394514569,-0.0000000000000015,9.2151912802855076,3.0000974167206844,-993.749731,-53.109861,1046.8595922015102,52779.9098384437966,0,1.2e-10
0.9976454112507885,0.0,-0.0029052560376817,0.0000000000000005,-0.0034180458121518,-0.0000000000000014,9.2210439290095199,3.0000972715620304,-994.757582,-53.428971,1048.1865523735285,53150.8738273708150,0,9.1e-11
0.9976496337247200,0.0,-0.0029098468430624,0.0000000000000002,-0.0034233628167427,-0.0000000000000006,9.2270120820753458,3.0000971238772243,-995.834702,-53.749264,1049.5839657327938,53527.3819060710375,0,2.9e-11
0.9976539339711119,0.0,-0.0029145028031416,0.0000000000000003,-0.0034287929965533,-0.0000000000000008,9.2330979761239806,3.0000969736298071,-996.986772,-54.070355,1051.0571268533022,53909.4282368033309,0,1.8e-10
0.9976583133084931,0.0,-0.0029192242928055,0.0000000000000003,-0.0034343389496291,-0.0000000000000007,9.2393038900307811,3.0000968207830585,-998.219923,-54.391822,1052.6117447265065,54297.0003201649524,0,6.1e-11
0.9976627730748182,0.0,-0.0029240116652177,0.0000000000000004,-0.0034400033428927,-0.0000000000000010,9.2456321457568134,3.0000966653000112,-999.540769,-54.713204,1054.2539735504122,54690.0780802468071,0,9.6e-11
0.9976673146277661,0.0,-0.0029288652506434,0.0000000000000005,-0.0034457889143747,-0.0000000000000013,9.2520851092273215,3.0000965071434491,-1000.956448,-55.033997,1055.9904446632570,55088.6337166438461,0,1.1e-10
0.9976719393450544,0.0,-0.0029337853552382,-0.0000000000000003,-0.0034516984755354,0.0000000000000006,9.2586651912387392,3.0000963462759196,-1002.474651,-55.353650,1057.8283011674325,55492.6309881063644,0,4.5e-11
0.9976766486247636,0.0,-0.0029387722598023,-0.0000000000000000,-0.0034577349136613,-0.0000000000000001,9.2653748483957354,3.0000961826597399,-1004.103668,-55.671567,1059.7752346199104,55902.0246065520914,0,6.2e-11
0.9976814438856917,0.0,-0.0029438262185135,0.0000000000000003,-0.0034639011943731,-0.0000000000000008,9.2722165840797004,3.0000960162570003,-1005.852424,-55.987099,1061.8395236445006,56316.7597254338907,0,1.2e-10
0.9976863265676940,0.0,-0.0029489474575909,-0.0000000000000005,-0.0034702003641845,0.0000000000000011,9.2791929494499605,3.0000958470295775,-1007.730529,-56.299546,1064.0300753637698,56736.7713011775049,0,3.0e-11
0.9976912981320744,0.0,-0.0029541361739625,0.0000000000000005,-0.0034766355531984,-0.0000000000000014,9.2863065444799080,3.0000956749391348,-1009.748320,-56.608149,1066.3564690410014,57161.9832099732012,0,1.1e-10
0.9976963600619693,0.0,-0.0029593925338663,0.0000000000000004,-0.0034832099778661,-0.0000000000000011,9.2935600190286021,3.0000954999471348,-1011.916911,-56.912092,1068.8290022953902,57592.3078493200010,0,1.2e-10
0.9977015138627823,0.0,-0.0029647166714471,0.0000000000000003,-0.0034899269438892,-0.0000000000000007,9.3009560739499513,3.0000953220148436,-1014.248244,-57.210496,1071.4587402583531,58027.6451647843351,0,1.2e-10
0.9977066561939647,0.0,-0.0029700012069134,0.0000000000000010,-0.0034966524494580,-0.0000000000000024,9.3083466313914016,3.0000951447165396,-1016.703691,-57.496706,1074.2003977849768,58459.1136145230848,0,1.5e-10
0.9977117871355284,0.0,-0.0029752464308772,0.0000000000000005,-0.0035033865787003,-0.0000000000000012,9.3157316995180075,3.0000949680488382,-1019.287707,-57.770394,1077.0581015415357,58886.6525658789324,0,1.5e-10
0.9977169067680420,0.0,-0.0029804526315890,0.0000000000000007,-0.0035101294146568,-0.0000000000000019,9.3231112884065528,3.0000947920083263,-1022.004738,-58.031240,1080.0359778760944,59310.2024362473749,0,1.6e-10
0.9977176275872016,0.0,-0.0029811834373728,0.0000000000000008,-0.0035110806695766,-0.0000000000000022,9.3241511626295281,3.0000947672418143,-1022.398714,-58.066962,1080.4656757950959,59369.5868756915443,0,1.0e-10
0.9977183626354303,0.0,-0.0029819281098853,0.0000000000000005,-0.0035120511856594,-0.0000000000000012,9.3252117835178971,3.0000947419912785,-1022.803421,-58.103129,1080.9065498868838,59430.0794412735850,0,7.2e-11
0.9977191121899606,0.0,-0.0029826868969239,0.0000000000000007,-0.0035130413579607,-0.0000000000000017,9.3262935639825280,3.0000947162474869,-1023.219201,-58.139741,1081.3589410975360,59491.6988651859574,0,1.7e-10
0.9977198765332818,0.0,-0.0029834600500878,0.0000000000000012,-0.0035140515898465,-0.0000000000000030,9.3273969251120690,3.0000946900010401,-1023.646411,-58.176792,1081.8232026099984,59554.4641657723114,0,2.4e-10
0.9977206559532384,0.0,-0.0029842478248153,0.0000000000000009,-0.0035150822931816,-0.0000000000000021,9.3285222963347838,3.0000946632423684,-1024.085421,-58.214279,1082.2997005645434,59618.3946220075013,0,3.1e-11
0.9977214507431267,0.0,-0.0029850504804147,0.0000000000000007,-0.0035161338885179,-0.0000000000000017,9.3296701155822621,3.0000946359617320,-1024.536617,-58.252198,1082.7888148159698,59683.5095086689107,0,1.5e-10
0.9977222612017921,0.0,-0.0029858682800946,0.0000000000000001,-0.0035172068052891,-0.0000000000000003,9.3308408294562977,3.0000946081492126,-1025.000397,-58.290542,1083.2909387508528,59749.8285939843627,0,1.3e-10
0.9977230876337253,0.0,-0.0029867014909902,0.0000000000000005,-0.0035183014820033,-0.0000000000000014,9.3320348933990083,3.0000945797947169,-1025.477175,-58.329306,1083.8064806158316,59817.3717184938723,0,2.4e-11
0.9977239303491752,0.0,-0.0029875503842031,0.0000000000000005,-0.0035194183664610,-0.0000000000000013,9.3332527718661797,3.0000945508879688,-1025.967382,-58.368482,1084.3358639606920,59886.1588770542294,0,1.8e-10
0.9977247896642336,0.0,-0.0029884152348101,0.0000000000000007,-0.0035205579159424,-0.0000000000000018,9.3344949385040810,3.0000945214185104,-1026.471464,-58.408064,1084.8795278746684,59956.2104880685220,0,6.3e-11
0.9977256659009501,0.0,-0.0029892963219006,0.0000000000000012,-0.0035217205974295,-0.0000000000000029,9.3357618763296006,3.0000944913756968,-1026.989888,-58.448041,1085.4379284040001,60027.5469094042201,0,1.6e-10
0.9977265593874358,0.0,-0.0029901939285975,0.0000000000000008,-0.0035229068878261,-0.0000000000000019,9.3370540779139137,3.0000944607486937,-1027.523134,-58.488405,1086.0115385799743,60100.1889114496298,0,1.4e-10
0.9977274704579697,0.0,-0.0029911083420788,0.0000000000000004,-0.0035241172741784,-0.0000000000000009,9.3383720455696810,3.0000944295264760,-1028.071705,-58.529144,1086.6008496850625,60174.1573472450254,0,1.3e-10
0.9977283994531082,0.0,-0.0029920398535988,0.0000000000000007,-0.0035253522539047,-0.0000000000000015,9.3397162915418743,3.0000943976978207,-1028.636123,-58.570248,1087.2063716099540,60249.4732918762602,0,3.1e-11
0.9977293467197954,0.0,-0.0029929887585067,0.0000000000000010,-0.0035266123350299,-0.0000000000000024,9.3410873382022910,3.0000943652513112,-1029.216930,-58.611704,1087.8286341968862,60326.1579110444291,0,1.6e-10
0.9977303126114752,0.0,-0.0029939553562636,0.0000000000000011,-0.0035278980364249,-0.0000000000000026,9.3424857182478274,3.0000943321753262,-1029.814691,-58.653497,1088.4681875212343,60404.2326964139938,0,2.3e-10
0.9977312974882055,0.0,-0.0029949399504573,0.0000000000000011,-0.0035292098880567,-0.0000000000000025,9.3439119749025892,3.0000942984580434,-1030.429991,-58.695612,1089.1256031785165,60483.7192745556822,0,9.3e-11
0.9977323017167740,0.0,-0.0029959428488149,0.0000000000000007,-0.0035305484312363,-0.0000000000000016,9.3453666621239027,3.0000942640874322,-1031.063441,-58.738034,1089.8014751750295,60564.6392842771020,0,1.1e-11
0.9977333256708155,0.0,-0.0029969643632139,0.0000000000000008,-0.0035319142188818,-0.0000000000000019,9.3468503448123155,3.0000942290512533,-1031.715678,-58.780743,1090.4964210695164,60647.0146070232149,0,6.9e-11
0.9977343697309311,0.0,-0.0029980048096899,0.0000000000000004,-0.0035333078157827,-0.0000000000000009,9.3483635990256584,3.0000941933370524,-1032.387360,-58.823722,1091.2110825324228,60730.8672919430537,0,8.2e-11
0.9977354342848097,0.0,-0.0029990645084421,0.0000000000000005,-0.0035347297988736,-0.0000000000000012,9.3499070121972423,3.0000941569321622,-1033.079178,-58.866949,1091.9461270866107,60816.2194870034000,0,1.0e-10
0.9977365197273503,0.0,-0.0030001437838370,0.0000000000000011,-0.0035361807575122,-0.0000000000000024,9.3514811833582829,3.0000941198236948,-1033.791847,-58.910402,1092.7022486661126,60903.0933975402731,0,1.9e-10
0.9977376264607873,0.0,-0.0030012429644079,0.0000000000000010,-0.0035376612937685,-0.0000000000000025,9.3530867233646262,3.0000940819985389,-1034.526112,-58.954057,1093.4801692725532,60991.5114643005654,0,1.0e-10
0.9977387548948164,0.0,-0.0030023623828529,0.0000000000000009,-0.0035391720227166,-0.0000000000000020,9.3547242551278611,3.0000940434433629,-1035.282752,-58.997888,1094.2806401944288,61081.4960318757221,0,1.8e-10
0.9977399054467238,0.0,-0.0030035023760284,0.0000000000000009,-0.0035407135727386,-0.0000000000000024,9.3563944138509179,3.0000940041446018,-1036.062575,-59.041868,1095.1044429390909,61173.0696674111532,0,1.6e-10
0.9977410785415156,0.0,-0.0030046632849410,0.0000000000000007,-0.0035422865858329,-0.0000000000000017,9.3580978472682155,3.0000939640884621,-1036.866425,-59.085967,1095.9523912774694,61266.2549164958764,0,1.9e-10
0.9977422746120516,0.0,-0.0030058454547339,0.0000000000000008,-0.0035438917179356,-0.0000000000000020,9.3598352158904810,3.0000939232609136,-1037.695179,-59.130153,1096.8253319824719,61361.0743957391242,0,1.4e-10
0.9977434940991775,0.0,-0.0030070492346718,0.0000000000000010,-0.0035455296392414,-0.0000000000000025,9.3616071932543043,3.0000938816476910,-1038.549755,-59.174392,1097.7241471455172,61457.5507200176362,0,9.2e-11
0.9977447374518629,0.0,-0.0030082749781209,0.0000000000000005,-0.0035472010345433,-0.0000000000000013,9.3634144661765468,3.0000938392342866,-1039.431105,-59.218650,1098.6497551623952,61555.7064895558869,0,1.0e-10
0.9977460051273384,0.0,-0.0030095230425249,0.0000000000000009,-0.0035489066035747,-0.0000000000000018,9.3652577350136816,3.0000937960059484,-1040.340227,-59.262886,1099.6031128276309,61655.5643166599330,0,1.6e-10
0.9977472975912363,0.0,-0.0030107937893774,0.0000000000000005,-0.0035506470613626,-0.0000000000000012,9.3671377139261871,3.0000937519476780,-1041.278156,-59.307061,1100.5852167812516,61757.1467865457525,0,1.5e-10
0.9977486153177323,0.0,-0.0030120875841897,0.0000000000000008,-0.0035524231385894,-0.0000000000000019,9.3690551311480679,3.0000937070442268,-1042.245976,-59.351130,1101.5971058291607,61860.4763763509691,0,1.6e-10
0.9977499587896900,0.0,-0.0030134047964540,0.0000000000000011,-0.0035542355819668,-0.0000000000000022,9.3710107292616431,3.0000936612800917,-1043.244815,-59.395048,1102.6398624497242,61965.5755031354493,0,1.1e-10
0.9977513284988079,0.0,-0.0030147457996019,0.0000000000000012,-0.0035560851546167,-0.0000000000000029,9.3730052654776816,3.0000936146395136,-1044.275851,-59.438765,1103.7146152945470,62072.4664279229473,0,1.2e-10
0.9977527249457662,0.0,-0.0030161109709581,0.0000000000000009,-0.0035579726364642,-0.0000000000000024,9.3750395119209955,3.0000935671064735,-1045.340313,-59.482228,1104.8225410104401,62181.1712861867854,0,1.8e-10
0.9977541486403790,0.0,-0.0030175006916887,0.0000000000000009,-0.0035598988246412,-0.0000000000000019,9.3771142559216365,3.0000935186646887,-1046.439483,-59.525384,1105.9648666204528,62291.7120629698038,0,1.7e-10
0.9977556001017466,0.0,-0.0030189153467441,0.0000000000000008,-0.0035618645339016,-0.0000000000000019,9.3792303003117716,3.0000934692976102,-1047.574700,-59.568173,1107.1428721107109,62404.1105061767157,0,1.5e-10
0.9977570798584094,0.0,-0.0030203553247965,0.0000000000000006,-0.0035638705970441,-0.0000000000000015,9.3813884637283778,3.0000934189884196,-1048.747361,-59.610532,1108.3578927561975,62518.3881024488946,0,1.5e-10
0.9977585884485063,0.0,-0.0030218210181711,0.0000000000000008,-0.0035659178653538,-0.0000000000000019,9.3835895809218872,3.0000933677200279,-1049.958925,-59.652396,1109.6113218192140,62634.5660841023782,0,1.8e-10
0.9977601264199332,0.0,-0.0030233128227714,0.0000000000000005,-0.0035680072090483,-0.0000000000000013,9.3858345030708872,3.0000933154750662,-1051.210917,-59.693696,1110.9046132596927,62752.6653751645936,0,1.3e-10
0.9977616943305051,0.0,-0.0030248311379980,0.0000000000000006,-0.0035701395177420,-0.0000000000000013,9.3881240981030167,3.0000932622358896,-1052.504926,-59.734358,1112.2392848856007,62872.7065058840672,0,1.1e-10
0.9977632927481194,0.0,-0.0030263763666606,0.0000000000000006,-0.0035723157009192,-0.0000000000000014,9.3904592510222038,3.0000932079845710,-1053.842617,-59.774305,1113.6169212305531,62994.7096184394322,0,1.3e-10
0.9977649222509227,0.0,-0.0030279489148835,0.0000000000000007,-0.0035745366884245,-0.0000000000000018,9.3928408642423520,3.0000931527028971,-1055.225724,-59.813453,1115.0391767177562,63118.6943844476482,0,2.0e-10
0.9977665834274790,0.0,-0.0030295491920026,0.0000000000000009,-0.0035768034309628,-0.0000000000000020,9.3952698579276479,3.0000930963723671,-1056.656062,-59.851717,1116.5077792422949,63244.6800587517209,0,1.8e-10
0.9977682768769407,0.0,-0.0030311776104569,0.0000000000000007,-0.0035791169006159,-0.0000000000000016,9.3977471703396205,3.0000930389741876,-1058.135527,-59.889006,1118.0245336602932,63372.6852510513272,0,1.4e-10
0.9977700032092218,0.0,-0.0030328345856697,0.0000000000000008,-0.0035814780913743,-0.0000000000000020,9.4002737581910960,3.0000929804892738,-1059.666102,-59.925223,1119.5913255723378,63502.7279904419556,0,1.7e-10
0.9977717630451741,0.0,-0.0030345205359235,0.0000000000000009,-0.0035838880196819,-0.0000000000000023,9.4028505970072178,3.0000929208982390,-1061.249857,-59.960268,1121.2101250807086,63634.8256757234922,0,1.6e-10
0.9977735570167651,0.0,-0.0030362358822255,0.0000000000000007,-0.0035863477249966,-0.0000000000000015,9.4054786814936744,3.0000928601814003,-1062.888958,-59.994033,1122.8829911515381,63768.9949546005810,0,1.3e-10
0.9977753857672590,0.0,-0.0030379810481643,0.0000000000000013,-0.0035888582703705,-0.0000000000000029,9.4081590259123171,3.0000927983187688,-1064.585670,-60.026406,1124.6120759473044,63905.2516720057465,0,2.0e-10
0.9977772499514002,0.0,-0.0030397564597576,0.0000000000000008,-0.0035914207430410,-0.0000000000000019,9.4108926644643116,3.0000927352900510,-1066.342359,-60.057270,1126.3996290511830,64043.6108835323248,0,1.5e-10
0.9977791502355989,0.0,-0.0030415625452903,0.0000000000000012,-0.0035940362550433,-0.0000000000000028,9.4136806516810214,3.0000926710746438,-1068.161502,-60.086500,1128.2480028662424,64184.0866251178086,0,1.9e-10
0.9977810872981201,0.0,-0.0030433997351424,0.0000000000000010,-0.0035967059438382,-0.0000000000000022,9.4165240628227895,3.0000926056516319,-1070.045689,-60.113968,1130.1596570132551,64326.6919923224486,0,2.0e-10
0.9977830618292751,0.0,-0.0030452684616072,0.0000000000000009,-0.0035994309729608,-0.0000000000000021,9.4194239942857987,3.0000925389997848,-1071.997629,-60.139535,1132.1371640283203,64471.4389801583020,0,1.7e-10
0.9977850745316149,0.0,-0.0030471691586979,0.0000000000000013,-0.0036022125326841,-0.0000000000000031,9.4223815640172095,3.0000924710975561,-1074.020156,-60.163059,1134.1832149078061,64618.3383798002033,0,2.0e-10
0.9977871261201278,0.0,-0.0030491022619441,0.0000000000000013,-0.0036050518407058,-0.0000000000000032,9.4253979119387754,3.0000924019230779,-1076.116234,-60.184391,1136.3006247221761,64767.3998025377514,0,1.1e-10
0.9977892173224386,0.0,-0.0030510682081759,0.0000000000000012,-0.0036079501428518,-0.0000000000000030,9.4284742003791209,3.0000923314541605,-1078.288968,-60.203372,1138.4923391123664,64918.6313507097075,0,2.5e-10
0.9977913488790116,0.0,-0.0030530674352969,0.0000000000000010,-0.0036109087138044,-0.0000000000000023,9.4316116145149120,3.0000922596682882,-1080.541602,-60.219838,1140.7614401561941,65072.0399033247959,0,1.4e-10
0.9977935215433558,0.0,-0.0030551003820440,0.0000000000000007,-0.0036139288578468,-0.0000000000000017,9.4348113628211134,3.0000921865426187,-1082.877537,-60.233617,1143.1111538645650,65227.6305327139562,0,1.7e-10
0.9977957360822333,0.0,-0.0030571674877354,0.0000000000000013,-0.0036170119096334,-0.0000000000000029,9.4380746775305653,3.0000921120539772,-1085.300328,-60.244529,1145.5448567515932,65385.4068088269560,0,1.8e-10
0.9977979932758714,0.0,-0.0030592691920044,0.0000000000000006,-0.0036201592349806,-0.0000000000000014,9.4414028151031157,3.0000920361788586,-1087.813698,-60.252386,1148.0660834623031,65545.3704507160001,0,1.6e-10
0.9978002939181772,0.0,-0.0030614059345199,0.0000000000000014,-0.0036233722316843,-0.0000000000000032,9.4447970567045356,3.0000919588934223,-1090.421544,-60.256991,1150.6785347600503,65707.5212244025897,0,2.8e-10
0.9978026388169547,0.0,-0.0030635781546928,0.0000000000000009,-0.0036266523303551,-0.0000000000000022,9.4482587086954499,3.0000918801734899,-1093.127945,-60.258140,1153.3860853622664,65871.8569905121112,0,2.0e-10
0.9978050287941274,0.0,-0.0030657862913677,0.0000000000000008,-0.0036300009952855,-0.0000000000000018,9.4517891031305563,3.0000917999945456,-1095.937174,-60.255619,1156.1927930105062,66038.3732807745691,0,1.2e-10
0.9978074646859604,0.0,-0.0030680307824993,0.0000000000000011,-0.0036334197253354,-0.0000000000000025,9.4553895982683702,3.0000917183317308,-1098.853701,-60.249206,1159.1029074185165,66207.0633370649302,0,1.2e-10
0.9978099473432909,0.0,-0.0030703120648128,0.0000000000000009,-0.0036369100548534,-0.0000000000000021,9.4590615790917880,3.0000916351598450,-1101.882210,-60.238669,1162.1208795144296,66377.9179587647086,0,1.5e-10
0.9978124776317574,0.0,-0.0030726305734487,0.0000000000000010,-0.0036404735546141,-0.0000000000000022,9.4628064578397133,3.0000915504533405,-1105.027604,-60.223767,1165.2513716818769,66550.9253090017010,0,1.7e-10
0.9978150564320354,0.0,-0.0030749867415905,0.0000000000000006,-0.0036441118327917,-0.0000000000000016,9.4666256745500412,3.0000914641863261,-1108.295018,-60.204250,1168.4992680617461,66726.0707312015584,0,1.3e-10
0.9978176846400749,0.0,-0.0030773810000752,0.0000000000000011,-0.0036478265359579,-0.0000000000000026,9.4705206976143064,3.0000913763325610,-1111.689827,-60.179859,1171.8696857895522,66903.3365504504181,0,1.9e-10
0.9978203631673436,0.0,-0.0030798137769855,0.0000000000000011,-0.0036516193501119,-0.0000000000000025,9.4744930243442642,3.0000912868654535,-1115.217664,-60.150322,1175.3679860065251,67082.7019836625550,0,2.1e-10
0.9978230929410712,0.0,-0.0030822854972240,0.0000000000000009,-0.0036554920017386,-0.0000000000000022,9.4785441815507436,3.0000911957580620,-1118.884424,-60.115363,1178.9997863188707,67264.1428326194873,0,1.9e-10
0.9978258749044997,0.0,-0.0030847965820683,0.0000000000000007,-0.0036594462588986,-0.0000000000000016,9.4826757261350600,3.0000911029830930,-1122.696283,-60.074690,1182.7709732740414,67447.6313564756420,0,1.0e-10
0.9978287100171365,0.0,-0.0030873474487063,0.0000000000000008,-0.0036634839323515,-0.0000000000000018,9.4868892456933356,3.0000910085128978,-1126.659710,-60.028006,1186.6877157337690,67633.1359306251397,0,2.2e-10
0.9978315992550119,0.0,-0.0030899385097512,0.0000000000000006,-0.0036676068767101,-0.0000000000000014,9.4911863591340566,3.0000909123194734,-1130.781476,-59.975002,1190.7564781864305,67820.6210610658163,0,1.9e-10
0.9978345436109398,0.0,-0.0030925701727357,0.0000000000000006,-0.0036718169916288,-0.0000000000000015,9.4955687173091903,3.0000908143744618,-1135.068677,-59.915359,1194.9840359145894,68010.0468544488540,0,1.7e-10
0.9978375440947843,0.0,-0.0030952428395845,0.0000000000000009,-0.0036761162230282,-0.0000000000000021,9.5000380036592453,3.0000907146491493,-1139.528741,-59.848748,1199.3774897336884,68201.3689473734703,0,1.6e-10
0.9978406017337247,0.0,-0.0030979569060623,0.0000000000000008,-0.0036805065643475,-0.0000000000000019,9.5045959348726239,3.0000906131144642,-1144.169449,-59.774833,1203.9442819413371,68394.5381995211355,0,1.1e-10
0.9978437175725424,0.0,-0.0031007127612118,0.0000000000000006,-0.0036849900578576,-0.0000000000000014,9.5092442615595871,3.0000905097409780,-1148.998946,-59.693267,1208.6922129996465,68589.5003449742217,0,1.7e-10
0.9978468926738813,0.0,-0.0031035107867417,0.0000000000000008,-0.0036895687959679,-0.0000000000000017,9.5139847689412917,3.0000904044989043,-1154.025767,-59.603692,1213.6294585677383,68786.1958502554335,0,1.4e-10
0.9978501281185412,0.0,-0.0031063513564172,0.0000000000000006,-0.0036942449226116,-0.0000000000000014,9.5188192775542522,3.0000902973580996,-1159.258844,-59.505743,1218.7645878813723,68984.5594277798664,0,8.9e-11
0.9978534250057624,0.0,-0.0031092348354122,0.0000000000000006,-0.0036990206346492,-0.0000000000000014,9.5237496439705875,3.0000901882880626,-1164.707534,-59.399049,1224.1065826759161,69184.5197848966345,0,1.7e-10
0.9978567844535168,0.0,-0.0031121615796382,0.0000000000000010,-0.0037038981833174,-0.0000000000000023,9.5287777615344975,3.0000900772579340,-1170.381630,-59.283227,1229.6648564770071,69385.9993528318591,0,1.7e-10
0.9978602075988038,0.0,-0.0031151319350473,0.0000000000000007,-0.0037088798757151,-0.0000000000000015,9.5339055611153487,3.0000899642364978,-1176.291388,-59.157888,1235.4492756204224,69588.9138176573906,0,8.5e-11
0.9978636955979507,0.0,-0.0031181462369076,0.0000000000000012,-0.0037139680763326,-0.0000000000000028,9.5391350118778071,3.0000898491921810,-1182.447544,-59.022637,1241.4701805733787,69793.1717234818498,0,1.4e-10
0.9978672496269179,0.0,-0.0031212048090511,0.0000000000000013,-0.0037191652086203,-0.0000000000000029,9.5444681220694285,3.0000897320930573,-1188.861336,-58.877072,1247.7384080332019,69998.6742161967559,0,2.0e-10
0.9978708708816078,0.0,-0.0031243079630930,0.0000000000000009,-0.0037244737566002,-0.0000000000000020,9.5499069398261440,3.0000896129068431,-1195.544528,-58.720786,1254.2653142845618,70205.3145241599996,0,1.6e-10
0.9978745605781795,0.0,-0.0031274559976209,0.0000000000000014,-0.0037298962665197,-0.0000000000000031,9.5554535539960685,3.0000894916009022,-1202.509431,-58.553368,1261.0627996221374,70412.9774727796903,0,2.1e-10
0.9978783199533672,0.0,-0.0031306491973550,0.0000000000000008,-0.0037354353485484,-0.0000000000000019,9.5611100949820802,3.0000893681422474,-1209.768930,-58.374403,1268.1433329741833,70621.5391535732197,0,1.8e-10
0.9978821502648059,0.0,-0.0031338878322783,0.0000000000000014,-0.0037410936785209,-0.0000000000000031,9.5668787356036020,3.0000892424975398,-1217.336505,-58.183474,1275.5199785474990,70830.8662966998527,0,2.6e-10
0.9978860527913443,0.0,-0.0031371721567218,0.0000000000000014,-0.0037468739996991,-0.0000000000000033,9.5727616919780960,3.0000891146330937,-1225.226261,-57.980161,1283.2064223805232,71040.8159098429605,0,2.5e-10
0.9978900288334113,0.0,-0.0031405024084575,0.0000000000000016,-0.0037527791246488,-0.0000000000000036,9.5787612244226139,3.0000889845148744,-1233.452954,-57.764047,1291.2170008066055,71251.2345904684626,0,2.6e-10
0.9978940797133088,0.0,-0.0031438788076929,0.0000000000000008,-0.0037588119370475,-0.0000000000000018,9.5848796383759307,3.0000888521085058,-1242.032014,-57.534715,1299.5667292810833,71461.9581045897212,0,1.2e-10
0.9978982067755824,0.0,-0.0031473015560944,0.0000000000000017,-0.0037649753936410,-0.0000000000000036,9.5911192853417973,3.0000887173792710,-1250.979582,-57.291751,1308.2713328741440,71672.8106076488039,0,2.1e-10
0.9979024113873546,0.0,-0.0031507708357391,0.0000000000000007,-0.0037712725261858,-0.0000000000000016,9.5974825638536068,3.0000885802921125,-1260.312531,-57.034745,1317.3472766117811,71883.6043002243387,0,1.8e-10
0.9979066949386733,0.0,-0.0031542868080426,0.0000000000000018,-0.0037777064434497,-0.0000000000000042,9.6039719204610563,3.0000884408116391,-1270.048503,-56.763296,1326.8117984100845,72094.1384876712691,0,2.9e-10
0.9979110588428646,0.0,-0.0031578496126500,0.0000000000000021,-0.0037842803332534,-0.0000000000000046,9.6105898507392418,3.0000882989021282,-1280.205935,-56.477007,1336.6829414280937,72304.1991455046227,0,3.0e-10
0.9979155045368857,0.0,-0.0031614593662872,0.0000000000000012,-0.0037909974645547,-0.0000000000000028,9.6173389003206431,3.0000881545275284,-1290.804094,-56.175494,1346.9795885947656,72513.5580321762245,0,1.9e-10
0.9979200334816828,0.0,-0.0031651161615770,0.0000000000000015,-0.0037978611895699,-0.0000000000000032,9.6242216659504507,3.0000880076514660,-1301.863112,-55.858386,1357.7214975999607,72721.9719328564825,0,2.3e-10
0.9979246471625512,0.0,-0.0031688200658150,0.0000000000000007,-0.0038048749459393,-0.0000000000000016,9.6312407965657219,3.0000878582372477,-1313.404013,-55.525323,1368.9293364135403,72929.1820496035507,0,1.8e-10
0.9979293470894954,0.0,-0.0031725711197055,0.0000000000000009,-0.0038120422589219,-0.0000000000000020,9.6383989943987984,3.0000877062478652,-1325.448756,-55.175964,1380.6247205185282,73134.9129554805113,0,2.0e-10
0.9979341347975924,0.0,-0.0031763693360586,0.0000000000000009,-0.0038193667436348,-0.0000000000000020,9.6456990161054534,3.0000875516460028,-1338.020264,-54.809986,1392.8302502038352,73338.8719025133178,0,1.7e-10
0.9979390118473576,0.0,-0.0031802146984480,0.0000000000000019,-0.0038268521073224,-0.0000000000000041,9.6531436739182137,3.0000873943940394,-1351.142463,-54.427087,1405.5695491525435,73540.7477592616342,0,2.8e-10
0.9979396778823270,0.0,-0.0031807379837578,0.0000000000000014,-0.0038278762431685,-0.0000000000000031,9.6541610123406691,3.0000873729373043,-1352.959417,-54.374027,1407.3334442221910,73567.8521663735155,0,2.6e-10
0.9979403504561795,0.0,-0.0031812659538412,0.0000000000000013,-0.0038289108960857,-0.0000000000000026,9.6551884988217047,3.0000873512744022,-1354.800310,-54.320263,1409.1205725821167,73595.1088064989308,0,2.4e-10
0.9979410296320108,0.0,-0.0031817986449763,0.0000000000000011,-0.0038299561767865,-0.0000000000000024,9.6562262344111520,3.0000873294034349,-1356.665501,-54.265784,1410.9312848368115,73622.5167123419233,0,2.2e-10
0.9979417154735070,0.0,-0.0031823360936063,0.0000000000000014,-0.0038310121972028,-0.0000000000000030,9.6572743211658238,3.0000873073224850,-1358.555357,-54.210581,1412.7659376363338,73650.0748468898237,0,2.4e-10
0.9979424080449492,0.0,-0.0031828783363359,0.0000000000000018,-0.0038320790704993,-0.0000000000000040,9.6583328621567635,3.0000872850296214,-1360.470250,-54.154644,1414.6248936944191,73677.7821134441765,0,2.9e-10
0.9979431074112175,0.0,-0.0031834254099289,0.0000000000000015,-0.0038331569110871,-0.0000000000000034,9.6594019614793130,3.0000872625228951,-1362.410558,-54.097964,1416.5085219804805,73705.6373881035252,0,2.0e-10
0.9979438136377971,0.0,-0.0031839773513062,0.0000000000000014,-0.0038342458346383,-0.0000000000000030,9.6604817242633043,3.0000872398003429,-1364.376667,-54.040531,1418.4171980035844,73733.6393838843796,0,2.5e-10
0.9979445267907828,0.0,-0.0031845341975435,0.0000000000000014,-0.0038353459581012,-0.0000000000000030,9.6615722566833391,3.0000872168599830,-1366.368969,-53.982335,1420.3513035626772,73761.7868386725895,0,2.5e-10
0.9979452469368851,0.0,-0.0031850959858691,0.0000000000000016,-0.0038364573997150,-0.0000000000000034,9.6626736659691748,3.0000871936998190,-1368.387862,-53.923365,1422.3112271588714,73790.0783672126709,0,2.5e-10
0.9979459741434348,0.0,-0.0031856627536614,0.0000000000000016,-0.0038375802790249,-0.0000000000000037,9.6637860604162213,3.0000871703178364,-1370.433752,-53.863612,1424.2973641280196,73818.5125225114170,0,3.3e-10
0.9979467084783891,0.0,-0.0031862345384460,0.0000000000000014,-0.0038387147168989,-0.0000000000000031,9.6649095493961372,3.0000871467120049,-1372.507050,-53.803066,1426.3101163772978,73847.0878133788938,0,2.4e-10
0.9979474500103362,0.0,-0.0031868113778937,0.0000000000000016,-0.0038398608355415,-0.0000000000000034,9.6660442433675282,3.0000871228802772,-1374.608177,-53.741716,1428.3498932065777,73875.8026050174376,0,2.1e-10
0.9979481988085021,0.0,-0.0031873933098173,0.0000000000000017,-0.0038410187585108,-0.0000000000000038,9.6671902538867673,3.0000870988205892,-1376.737559,-53.679552,1430.4171108207454,73904.6552150127245,0,2.5e-10
0.9979489549427545,0.0,-0.0031879803721692,0.0000000000000013,-0.0038421886107342,-0.0000000000000028,9.6683476936189123,3.0000870745308599,-1378.895630,-53.616563,1432.5121926598410,73933.6439056476811,0,2.2e-10
0.9979497184836098,0.0,-0.0031885726030378,0.0000000000000016,-0.0038433705185253,-0.0000000000000036,9.6695166763487350,3.0000870500089909,-1381.082832,-53.552738,1434.6355697614649,73962.7668054427486,0,2.7e-10
0.9979504895022376,0.0,-0.0031891700406453,0.0000000000000013,-0.0038445646095987,-0.0000000000000028,9.6706973169918697,3.0000870252528662,-1383.299614,-53.488067,1436.7876804683926,73992.0220038291300,0,2.4e-10
0.9979512680704675,0.0,-0.0031897727233440,0.0000000000000008,-0.0038457710130887,-0.0000000000000018,9.6718897316060595,3.0000870002603532,-1385.546433,-53.422538,1438.9689709738884,74021.4074740501819,0,1.7e-10
0.9979520542607936,0.0,-0.0031903806896133,0.0000000000000016,-0.0038469898595653,-0.0000000000000035,9.6730940374025352,3.0000869750293022,-1387.823754,-53.356142,1441.1798953971734,74050.9210577914491,0,2.9e-10
0.9979528481463809,0.0,-0.0031909939780563,0.0000000000000017,-0.0038482212810504,-0.0000000000000037,9.6743103527574874,3.0000869495575442,-1390.132049,-53.288866,1443.4209155577910,74080.5605982070556,0,2.9e-10
0.9979536498010710,0.0,-0.0031916126273963,0.0000000000000014,-0.0038494654110371,-0.0000000000000031,9.6755387972236768,3.0000869238428955,-1392.471802,-53.220700,1445.6925016136815,74110.3237761363853,0,2.5e-10
0.9979544592993881,0.0,-0.0031922366764733,0.0000000000000014,-0.0038507223845052,-0.0000000000000030,9.6767794915421437,3.0000868978831519,-1394.843500,-53.151632,1447.9951320335340,74140.2081711664796,0,2.6e-10
0.9979552767165443,0.0,-0.0031928661642404,0.0000000000000014,-0.0038519923379404,-0.0000000000000031,9.6780325576540474,3.0000868716760931,-1397.247643,-53.081651,1450.3292936675814,74170.2112805396318,0,2.7e-10
0.9979561021284460,0.0,-0.0031935011297598,0.0000000000000015,-0.0038532754093522,-0.0000000000000034,9.6792981187126195,3.0000868452194798,-1399.684737,-53.010745,1452.6954819928731,74200.3304930749582,0,2.9e-10
0.9979569356116998,0.0,-0.0031941416121990,0.0000000000000018,-0.0038545717382911,-0.0000000000000038,9.6805762990952395,3.0000868185110550,-1402.155298,-52.938903,1455.0942012484002,74230.5630902909907,0,2.9e-10
0.9979577772436183,0.0,-0.0031947876508266,0.0000000000000014,-0.0038558814658682,-0.0000000000000030,9.6818672244156367,3.0000867915485427,-1404.659852,-52.866113,1457.5259646206111,74260.9062456226675,0,2.3e-10
0.9979586271022263,0.0,-0.0031954392850087,0.0000000000000016,-0.0038572047347733,-0.0000000000000034,9.6831710215362072,3.0000867643296520,-1407.198931,-52.792363,1459.9912945137521,74291.3569965751376,0,2.4e-10
0.9979594852662667,0.0,-0.0031960965542036,0.0000000000000016,-0.0038585416892937,-0.0000000000000035,9.6844878185804681,3.0000867368520701,-1409.773081,-52.717642,1462.4907224976262,74321.9122887369012,0,2.6e-10
0.9979603518152068,0.0,-0.0031967594979584,0.0000000000000018,-0.0038598924753344,-0.0000000000000040,9.6858177449456271,3.0000867091134658,-1412.382853,-52.641937,1465.0247896202879,74352.5689515043050,0,2.5e-10
0.9979612268292447,0.0,-0.0031974281559037,0.0000000000000016,-0.0038612572404361,-0.0000000000000036,9.6871609313152849,3.0000866811114917,-1415.028810,-52.565236,1467.5940466727593,74383.3236677325331,0,2.8e-10
0.9979621103893147,0.0,-0.0031981025677493,0.0000000000000008,-0.0038626361337960,-0.0000000000000017,9.6885175096722680,3.0000866528437804,-1417.711526,-52.487528,1470.1990540689012,74414.1730368691497,0,1.8e-10
0.9979630025770947,0.0,-0.0031987827732793,0.0000000000000012,-0.0038640293062873,-0.0000000000000026,9.6898876133115834,3.0000866243079449,-1420.431584,-52.408799,1472.8403826137148,74445.1134457109729,0,2.7e-10
0.9979639034750113,0.0,-0.0031994688123468,0.0000000000000018,-0.0038654369104795,-0.0000000000000040,9.6912713768535177,3.0000865955015814,-1423.189575,-52.329038,1475.5186129382676,74476.1412479669088,0,3.0e-10
0.9979648131662473,0.0,-0.0032001607248694,0.0000000000000019,-0.0038668591006582,-0.0000000000000040,9.6926689362568634,3.0000865664222656,-1425.986104,-52.248232,1478.2343362555403,74507.2526069649030,0,3.1e-10
0.9979657317347470,0.0,-0.0032008585508234,0.0000000000000017,-0.0038682960328470,-0.0000000000000037,9.6940804288322777,3.0000865370675545,-1428.821786,-52.166368,1480.9881543605563,74538.4435653018299,0,2.7e-10
0.9979666592652237,0.0,-0.0032015623302387,0.0000000000000014,-0.0038697478648272,-0.0000000000000030,9.6955059932557806,3.0000865074349861,-1431.697245,-52.083435,1483.7806798906299,74569.7100014504977,0,2.5e-10
0.9979675958431653,0.0,-0.0032022721031929,0.0000000000000009,-0.0038712147561606,-0.0000000000000020,9.6969457695823884,3.0000864775220788,-1434.613118,-51.999418,1486.6125364399190,74601.0476648849435,0,2.1e-10
0.9979685415548415,0.0,-0.0032029879098060,0.0000000000000015,-0.0038726968682094,-0.0000000000000032,9.6983998992598881,3.0000864473263320,-1437.570053,-51.914306,1489.4843589453842,74632.4521240640897,0,3.0e-10
0.9979694964873098,0.0,-0.0032037097902341,0.0000000000000017,-0.0038741943641586,-0.0000000000000036,9.6998685251427563,3.0000864168452255,-1440.568708,-51.828086,1492.3967935445414,74663.9188571100822,0,2.8e-10
0.9979704607284225,0.0,-0.0032044377846638,0.0000000000000020,-0.0038757074090383,-0.0000000000000043,9.7013517915062106,3.0000863860762204,-1443.609754,-51.740744,1495.3504982475615,74695.4431225338485,0,2.9e-10
0.9979714343668333,0.0,-0.0032051719333056,0.0000000000000011,-0.0038772361697458,-0.0000000000000024,9.7028498440604132,3.0000863550167560,-1446.693875,-51.652268,1498.3461428108651,74727.0200604007114,0,2.1e-10
0.9979724174920040,0.0,-0.0032059122763877,0.0000000000000016,-0.0038787808150683,-0.0000000000000034,9.7043628299648166,3.0000863236642550,-1449.821765,-51.562645,1501.3844092682448,74758.6445789115969,0,2.7e-10
0.9979734101942112,0.0,-0.0032066588541495,0.0000000000000015,-0.0038803415157059,-0.0000000000000032,9.7058908978426555,3.0000862920161167,-1452.994131,-51.471861,1504.4659917424697,74790.3115014273208,0,2.4e-10
0.9979744125645530,0.0,-0.0032074117068348,0.0000000000000021,-0.0038819184442942,-0.0000000000000045,9.7074341977955871,3.0000862600697236,-1456.211694,-51.379903,1507.5915971598163,74822.0153972082771,0,3.3e-10
0.9979754246949563,0.0,-0.0032081708746851,0.0000000000000018,-0.0038835117754287,-0.0000000000000039,9.7089928814184887,3.0000862278224356,-1459.475187,-51.286758,1510.7619450306781,74853.7507324095350,0,3.0e-10
0.9979764466781831,0.0,-0.0032089363979321,0.0000000000000016,-0.0038851216856883,-0.0000000000000036,9.7105671018143926,3.0000861952715949,-1462.785355,-51.192413,1513.9777680880657,74885.5117264364380,0,2.8e-10
0.9979774786078379,0.0,-0.0032097083167910,0.0000000000000013,-0.0038867483536582,-0.0000000000000031,9.7121570136095858,3.0000861624145219,-1466.142959,-51.096854,1517.2398123291689,74917.2924251453951,0,3.1e-10
0.9979785205783747,0.0,-0.0032104866714524,0.0000000000000007,-0.0038883919599571,-0.0000000000000015,9.7137627729688649,3.0000861292485164,-1469.548769,-51.000068,1520.5488371404094,74949.0867343232967,0,1.3e-10
0.9979795726851032,0.0,-0.0032112715020757,0.0000000000000016,-0.0038900526872576,-0.0000000000000035,9.7153845376109373,3.0000860957708602,-1473.003575,-50.902041,1523.9056161129115,74980.8882210045122,0,2.4e-10
0.9979806350241974,0.0,-0.0032120628487800,0.0000000000000014,-0.0038917307203162,-0.0000000000000029,9.7170224668239964,3.0000860619788114,-1476.508177,-50.802760,1527.3109364347692,75012.6904158941470,0,2.6e-10
0.9979817076927016,0.0,-0.0032128607516370,0.0000000000000012,-0.0038934262459946,-0.0000000000000025,9.7186767214814402,3.0000860278696098,-1480.063389,-50.702211,1530.7655998685618,75044.4865609002300,0,2.1e-10
0.9979827907885374,0.0,-0.0032136652506625,0.0000000000000015,-0.0038951394532874,-0.0000000000000033,9.7203474640577650,3.0000859934404729,-1483.670042,-50.600381,1534.2704228079672,75076.2696699013468,0,2.0e-10
0.9979838844105119,0.0,-0.0032144763858080,0.0000000000000007,-0.0038968705333470,-0.0000000000000014,9.7220348586446175,3.0000859586886004,-1487.328980,-50.497256,1537.8262364342145,75108.0325707700104,0,1.6e-10
0.9979849886583241,0.0,-0.0032152941969521,0.0000000000000011,-0.0038986196795104,-0.0000000000000024,9.7237390709670102,3.0000859236111665,-1491.041065,-50.392823,1541.4338872062183,75139.7678293006029,0,2.3e-10
0.9979861036325731,0.0,-0.0032161187238914,0.0000000000000020,-0.0039003870873270,-0.0000000000000044,9.7254602683997113,3.0000858882053296,-1494.807170,-50.287067,1545.0942368824549,75171.4678279065993,0,2.9e-10
0.9979872294347643,0.0,-0.0032169500063319,0.0000000000000017,-0.0039021729545820,-0.0000000000000038,9.7271986199837936,3.0000858524682230,-1498.628188,-50.179975,1548.8081630160864,75203.1246922956780,0,3.1e-10
0.9979883661673177,0.0,-0.0032177880838794,0.0000000000000019,-0.0039039774813279,-0.0000000000000041,9.7289542964433640,3.0000858163969606,-1502.505026,-50.071533,1552.5765592282212,75234.7302999035455,0,3.3e-10
0.9979895139335752,0.0,-0.0032186329960302,0.0000000000000012,-0.0039058008699094,-0.0000000000000026,9.7307274702024600,3.0000857799886367,-1506.438607,-49.961728,1556.4003353740306,75266.2763092597015,0,1.8e-10
0.9979906728378078,0.0,-0.0032194847821612,0.0000000000000008,-0.0039076433249916,-0.0000000000000017,9.7325183154021229,3.0000857432403216,-1510.429872,-49.850546,1560.2804181993361,75297.7540484741330,0,1.9e-10
0.9979918429852235,0.0,-0.0032203434815200,0.0000000000000012,-0.0039095050535893,-0.0000000000000025,9.7343270079176492,3.0000857061490649,-1514.479778,-49.737973,1564.2177511536727,75329.1546552006621,0,2.3e-10
0.9979930244819745,0.0,-0.0032212091332150,0.0000000000000009,-0.0039113862650948,-0.0000000000000018,9.7361537253760169,3.0000856687118964,-1518.589299,-49.623996,1568.2132949744398,75360.4690052524675,0,1.7e-10
0.9979942174351654,0.0,-0.0032220817762045,0.0000000000000012,-0.0039132871713070,-0.0000000000000025,9.7379986471734945,3.0000856309258226,-1522.759428,-49.508600,1572.2680281264181,75391.6876396408770,0,2.1e-10
0.9979954219528601,0.0,-0.0032229614492865,0.0000000000000012,-0.0039152079864610,-0.0000000000000026,9.7398619544934331,3.0000855927878298,-1526.991174,-49.391773,1576.3829468494118,75422.8008904794697,0,1.9e-10
0.9979966381440902,0.0,-0.0032238481910875,0.0000000000000011,-0.0039171489272570,-0.0000000000000023,9.7417438303242445,3.0000855542948819,-1531.285566,-49.273500,1580.5590657317096,75453.7987453790847,0,2.1e-10
0.9979978661188629,0.0,-0.0032247420400515,0.0000000000000016,-0.0039191102128911,-0.0000000000000034,9.7436444594775615,3.0000855154439212,-1535.643650,-49.153767,1584.7974178924344,75484.6709278954659,0,2.5e-10
0.9979991059881677,0.0,-0.0032256430344285,0.0000000000000011,-0.0039210920650858,-0.0000000000000026,9.7455640286065890,3.0000854762318681,-1540.066493,-49.032563,1589.0990553346321,75515.4068587839138,0,2.3e-10
0.9980003578639857,0.0,-0.0032265512122630,0.0000000000000008,-0.0039230947081197,-0.0000000000000017,9.7475027262246492,3.0000854366556218,-1544.555178,-48.909872,1593.4650494659422,75545.9956522639841,0,2.0e-10
0.9980016218592963,0.0,-0.0032274666113818,0.0000000000000014,-0.0039251183688598,-0.0000000000000030,9.7494607427239135,3.0000853967120595,-1549.110810,-48.785681,1597.8964912740817,75576.4260693518445,0,2.4e-10
0.9980028980880861,0.0,-0.0032283892693822,0.0000000000000011,-0.0039271632767921,-0.0000000000000024,9.7514382703943330,3.0000853563980354,-1553.734514,-48.659978,1602.3944916593771,75606.6866018529981,0,2.3e-10
0.9980041866653563,0.0,-0.0032293192236190,0.0000000000000006,-0.0039292296640537,-0.0000000000000013,9.7534355034427698,3.0000853157103831,-1558.427434,-48.532748,1606.9601819489260,75636.7653853294905,0,1.6e-10
0.9980054877071308,0.0,-0.0032302565111925,0.0000000000000008,-0.0039313177654651,-0.0000000000000017,9.7554526380123150,3.0000852746459135,-1563.190736,-48.403978,1611.5947142612590,75666.6501929122023,0,1.4e-10
0.9980068013304645,0.0,-0.0032312011689350,0.0000000000000010,-0.0039334278185622,-0.0000000000000020,9.7574898722018251,3.0000852332014150,-1568.025606,-48.273656,1616.2992617736459,75696.3284716599155,0,1.8e-10
0.9980081276534511,0.0,-0.0032321532333972,0.0000000000000006,-0.0039355600636309,-0.0000000000000013,9.7595474060856517,3.0000851913736533,-1572.933251,-48.141768,1621.0750190531721,75725.7873258229811,0,1.5e-10
0.9980094667952317,0.0,-0.0032331127408356,0.0000000000000007,-0.0039377147437381,-0.0000000000000015,9.7616254417335728,3.0000851491593736,-1577.914902,-48.008301,1625.9232027273215,75755.0134594677947,0,1.9e-10
0.9980108188760026,0.0,-0.0032340797271976,0.0000000000000010,-0.0039398921047670,-0.0000000000000021,9.7637241832309449,3.0000851065552978,-1582.971809,-47.873242,1630.8450515116688,75783.9932444132864,0,1.3e-10
0.9980121840170236,0.0,-0.0032350542281079,0.0000000000000003,-0.0039420923954513,-0.0000000000000007,9.7658438366990605,3.0000850635581249,-1588.105247,-47.736580,1635.8418269715835,75812.7126241924707,0,1.2e-10
0.9980135623406267,0.0,-0.0032360362788541,0.0000000000000004,-0.0039443158674080,-0.0000000000000007,9.7679846103157111,3.0000850201645335,-1593.316514,-47.598300,1640.9148136301228,75841.1571747825947,0,1.0e-10
0.9980149539702237,0.0,-0.0032370259143715,0.0000000000000004,-0.0039465627751745,-0.0000000000000008,9.7701467143359739,3.0000849763711761,-1598.606929,-47.458391,1646.0653195804782,75869.3120666332543,0,1.1e-10
0.9980163590303148,0.0,-0.0032380231692284,0.0000000000000002,-0.0039488333762415,-0.0000000000000003,9.7723303611132177,3.0000849321746856,-1603.977837,-47.316840,1651.2946767616049,75897.1620695509482,0,4.8e-11
0.9980177776464977,0.0,-0.0032390280776104,0.0000000000000004,-0.0039511279310909,-0.0000000000000007,9.7745357651203175,3.0000848875716732,-1609.430607,-47.173635,1656.6042415451193,75924.6914778810460,0,1.5e-10
0.9980192099454751,0.0,-0.0032400406733051,0.0000000000000004,-0.0039534467032308,-0.0000000000000008,9.7767631429711042,3.0000848425587234,-1614.966631,-47.028764,1661.9953948864372,75951.8842497523874,0,1.1e-10
0.9980206560550634,0.0,-0.0032410609896855,0.0000000000000010,-0.0039557899592303,-0.0000000000000022,9.7790127134420288,3.0000847971324025,-1620.587328,-46.882215,1667.4695431856471,75978.7237945625093,0,2.2e-10
0.9980221161042013,0.0,-0.0032420890596941,0.0000000000000012,-0.0039581579687595,-0.0000000000000025,9.7812846974940619,3.0000847512892515,-1626.294141,-46.733977,1673.0281182257311,76005.1931602202822,0,2.3e-10
0.9980235902229587,0.0,-0.0032431249158260,0.0000000000000006,-0.0039605510046242,-0.0000000000000014,9.7835793182948159,3.0000847050257891,-1632.088540,-46.584038,1678.6725780328793,76031.2748882272281,0,1.8e-10
0.9980250785425445,0.0,-0.0032441685901119,0.0000000000000004,-0.0039629693428045,-0.0000000000000008,9.7858968012409075,3.0000846583385119,-1637.972020,-46.432387,1684.4044071464914,76056.9510252827313,0,1.7e-10
0.9980265811953157,0.0,-0.0032452201141004,0.0000000000000007,-0.0039654132624929,-0.0000000000000014,9.7882373739805448,3.0000846112238935,-1643.946104,-46.279013,1690.2251171039816,76082.2031717132777,0,1.4e-10
0.9980280983147859,0.0,-0.0032462795188411,0.0000000000000006,-0.0039678830461311,-0.0000000000000013,9.7906012664363615,3.0000845636783846,-1650.012342,-46.123905,1696.1362469042970,76107.0123926142696,0,1.7e-10
0.9980296300356337,0.0,-0.0032473468348654,0.0000000000000012,-0.0039703789794513,-0.0000000000000025,9.7929887108284852,3.0000845156984131,-1656.172311,-45.967052,1702.1393634206920,76131.3592761254404,0,1.8e-10
0.9980311764937120,0.0,-0.0032484220921690,0.0000000000000009,-0.0039729013515127,-0.0000000000000019,9.7953999416978483,3.0000844672803844,-1662.427617,-45.808445,1708.2360619649871,76155.2238821578212,0,1.5e-10
0.9980327378260562,0.0,-0.0032495053201926,0.0000000000000006,-0.0039754504547435,-0.0000000000000012,9.7978351959297498,3.0000844184206801,-1668.779894,-45.648073,1714.4279667008418,76178.5857281689532,0,6.3e-11
0.9980343141708926,0.0,-0.0032505965478027,0.0000000000000001,-0.0039780265849785,-0.0000000000000002,9.8002947127776547,3.0000843691156596,-1675.230806,-45.485926,1720.7167312461324,76201.4237650847062,0,6.1e-11
0.9980359056676480,0.0,-0.0032516958032724,0.0000000000000014,-0.0039806300415008,-0.0000000000000030,9.8027787338872532,3.0000843193616604,-1681.782045,-45.321994,1727.1040390910193,76223.7163869617507,0,2.8e-10
0.9980375124569579,0.0,-0.0032528031142610,0.0000000000000014,-0.0039832611270825,-0.0000000000000028,9.8052875033207734,3.0000842691549958,-1688.435334,-45.156270,1733.5916037093998,76245.4415085585788,0,1.7e-10
0.9980391346806754,0.0,-0.0032539185077940,0.0000000000000019,-0.0039859201480248,-0.0000000000000041,9.8078212675815415,3.0000842184919563,-1695.192427,-44.988743,1740.1811699265181,76266.5763156621251,0,2.0e-10
0.9980407724818797,0.0,-0.0032550420102426,0.0000000000000021,-0.0039886074142000,-0.0000000000000044,9.8103802756388063,3.0000841673688101,-1702.055108,-44.819405,1746.8745136241141,76287.0974799019750,0,2.4e-10
0.9980424260048857,0.0,-0.0032561736473019,0.0000000000000021,-0.0039913232390939,-0.0000000000000043,9.8129647789528285,3.0000841157818017,-1709.025194,-44.648248,1753.6734425625659,76306.9810401631985,0,2.6e-10
0.9980440953952519,0.0,-0.0032573134439700,0.0000000000000021,-0.0039940679398470,-0.0000000000000044,9.8155750315002273,3.0000840637271544,-1716.104533,-44.475264,1760.5797969856969,76326.2023921418004,0,3.5e-10
0.9980457807997897,0.0,-0.0032584614245261,0.0000000000000019,-0.0039968418372976,-0.0000000000000040,9.8182112897996010,3.0000840112010665,-1723.295004,-44.300445,1767.5954497851014,76344.7363449404947,0,1.8e-10
0.9980474823665720,0.0,-0.0032596176125078,0.0000000000000013,-0.0039996452560236,-0.0000000000000027,9.8208738129374140,3.0000839581997156,-1730.598523,-44.123785,1774.7223076078214,76362.5569417863153,0,2.0e-10
0.9980492002449426,0.0,-0.0032607820306888,0.0000000000000018,-0.0040024785243882,-0.0000000000000037,9.8235628625941551,3.0000839047192547,-1738.017035,-43.945276,1781.9623107759112,76379.6376333001535,0,2.7e-10
0.9980509345855242,0.0,-0.0032619547010553,0.0000000000000017,-0.0040053419745812,-0.0000000000000035,9.8262787030707770,3.0000838507558152,-1745.552523,-43.764911,1789.3174340563226,76395.9511773909908,0,2.4e-10
0.9980526855402279,0.0,-0.0032631356447829,0.0000000000000018,-0.0040082359426642,-0.0000000000000037,9.8290216013154126,3.0000837963055047,-1753.207002,-43.582686,1796.7896873147060,76411.4695953049231,0,2.3e-10
0.9980544532622613,0.0,-0.0032643248822123,0.0000000000000014,-0.0040111607686140,-0.0000000000000028,9.8317918269503721,3.0000837413644086,-1760.982523,-43.398593,1804.3811158544090,76426.1642006491311,0,2.1e-10
0.9980562379061383,0.0,-0.0032655224328249,0.0000000000000015,-0.0040141167963682,-0.0000000000000031,9.8345896522994263,3.0000836859285904,-1768.881172,-43.212629,1812.0938010796197,76440.0055622267537,0,2.1e-10
0.9980580396276869,0.0,-0.0032667283152183,0.0000000000000022,-0.0040171043738696,-0.0000000000000046,9.8374153524153787,3.0000836299940903,-1776.905073,-43.024788,1819.9298609933421,76452.9634847354610,0,3.3e-10
0.9980598585840590,0.0,-0.0032679425470802,0.0000000000000022,-0.0040201238531122,-0.0000000000000046,9.8402692051079281,3.0000835735569247,-1785.056385,-42.835065,1827.8914505490798,76465.0070410624612,0,3.1e-10
0.9980616949337380,0.0,-0.0032691651451633,0.0000000000000011,-0.0040231755901861,-0.0000000000000024,9.8431514909718221,3.0000835166130893,-1793.337304,-42.643458,1835.9807624954130,76476.1044812637847,0,1.7e-10
0.9980635488365484,0.0,-0.0032703961252589,0.0000000000000024,-0.0040262599453232,-0.0000000000000051,9.8460624934153174,3.0000834591585570,-1801.750065,-42.449963,1844.2000279662175,76486.2231924023945,0,3.3e-10
0.9980654204536642,0.0,-0.0032716355021702,0.0000000000000023,-0.0040293772829446,-0.0000000000000047,9.8490024986889289,3.0000834011892761,-1810.296940,-42.254576,1852.5515164018366,76495.3298501297832,0,2.6e-10
0.9980673099476177,0.0,-0.0032728832896850,0.0000000000000026,-0.0040325279717060,-0.0000000000000054,9.8519717959144941,3.0000833427011759,-1818.980241,-42.057296,1861.0375369212106,76503.3901743141469,0,3.3e-10
0.9980692174823078,0.0,-0.0032741395005482,0.0000000000000014,-0.0040357123845456,-0.0000000000000029,9.8549706771145349,3.0000832836901612,-1827.802318,-41.858120,1869.6604381405964,76510.3691055658273,0,1.7e-10
0.9980711432230092,0.0,-0.0032754041464337,0.0000000000000018,-0.0040389308987294,-0.0000000000000038,9.8579994372419364,3.0000832241521151,-1836.765562,-41.657048,1878.4226094221308,76516.2305939993821,0,2.9e-10
0.9980730873363800,0.0,-0.0032766772379159,0.0000000000000022,-0.0040421838959007,-0.0000000000000046,9.8610583742099340,3.0000831640828980,-1845.872403,-41.454078,1887.3264806342070,76520.9377757045440,0,3.5e-10
0.9980750499904714,0.0,-0.0032779587844403,0.0000000000000013,-0.0040454717621259,-0.0000000000000028,9.8641477889224234,3.0000831034783491,-1855.125314,-41.249210,1896.3745231838341,76524.4528483902104,0,2.4e-10
0.9980770313547348,0.0,-0.0032792487942943,0.0000000000000016,-0.0040487948879434,-0.0000000000000033,9.8672679853045864,3.0000830423342859,-1864.526807,-41.042444,1905.5692506125815,76526.7369956010953,0,2.6e-10
0.9980790316000315,0.0,-0.0032805472745768,0.0000000000000020,-0.0040521536684111,-0.0000000000000041,9.8704192703338443,3.0000829806465030,-1874.079437,-40.833782,1914.9132187349103,76527.7504933006130,0,2.8e-10
0.9980810508986397,0.0,-0.0032818542311683,0.0000000000000018,-0.0040555485031539,-0.0000000000000037,9.8736019540711322,3.0000829184107727,-1883.785802,-40.623224,1924.4090263993853,76527.4526133711915,0,1.8e-10
0.9980830894242637,0.0,-0.0032831696686986,0.0000000000000017,-0.0040589797964137,-0.0000000000000038,9.8768163496925130,3.0000828556228480,-1893.648543,-40.410773,1934.0593160880742,76525.8015765647870,0,2.2e-10
0.9980851473520413,0.0,-0.0032844935905166,0.0000000000000017,-0.0040624479570965,-0.0000000000000035,9.8800627735211126,3.0000827922784579,-1903.670343,-40.196432,1943.8667741620347,76522.7546120958868,0,2.0e-10
0.9980872248585524,0.0,-0.0032858259986571,0.0000000000000019,-0.0040659533988218,-0.0000000000000040,9.8833415450594106,3.0000827283733122,-1913.853929,-39.980203,1953.8341316492067,76518.2678716289811,0,2.2e-10
0.9980893221218264,0.0,-0.0032871668938088,0.0000000000000023,-0.0040694965399708,-0.0000000000000047,9.8866529870218525,3.0000826639030977,-1924.202074,-39.762090,1963.9641644959424,76512.2964061447419,0,3.0e-10
0.9980914393213506,0.0,-0.0032885162752809,0.0000000000000022,-0.0040730778037364,-0.0000000000000045,9.8899974253678238,3.0000825988634805,-1934.717595,-39.542099,1974.2596941214267,76504.7941913509276,0,3.0e-10
0.9980935766380771,0.0,-0.0032898741409695,0.0000000000000012,-0.0040766976181705,-0.0000000000000025,9.8933751893349573,3.0000825332501062,-1945.403355,-39.320233,1984.7235880244557,76495.7140612874646,0,2.1e-10
0.9980957342544309,0.0,-0.0032912404873231,0.0000000000000011,-0.0040803564162345,-0.0000000000000023,9.8967866114728089,3.0000824670585984,-1956.262260,-39.096500,1995.3587601302547,76485.0076587290969,0,1.8e-10
0.9980979123543174,0.0,-0.0032926153093084,0.0000000000000017,-0.0040840546358479,-0.0000000000000034,9.9002320276768714,3.0000824002845623,-1967.297266,-38.870905,2006.1681712368356,76472.6254665211309,0,1.8e-10
0.9981001111231292,0.0,-0.0032939986003742,0.0000000000000012,-0.0040877927199365,-0.0000000000000024,9.9037117772229628,3.0000823329235797,-1978.511374,-38.643456,2017.1548294249492,76458.5167720832396,0,1.3e-10
0.9981023307477536,0.0,-0.0032953903524165,0.0000000000000013,-0.0040915711164828,-0.0000000000000028,9.9072262028019722,3.0000822649712147,-1989.907631,-38.414160,2028.3217906020823,76442.6295840092935,0,2.3e-10
0.9981045714165793,0.0,-0.0032967905557408,0.0000000000000012,-0.0040953902785750,-0.0000000000000024,9.9107756505549656,3.0000821964230093,-2001.489133,-38.183026,2039.6721587015718,76424.9107214198448,0,1.4e-10
0.9981068333195030,0.0,-0.0032981991990265,0.0000000000000023,-0.0040992506644532,-0.0000000000000047,9.9143604701086776,3.0000821272744869,-2013.259024,-37.950062,2051.2090863834019,76405.3056033337489,0,3.4e-10
0.9981091166479367,0.0,-0.0032996162692883,0.0000000000000015,-0.0041031527375628,-0.0000000000000031,9.9179810146113638,3.0000820575211500,-2025.220495,-37.715280,2062.9357748951657,76383.7584724922199,0,2.0e-10
0.9981114215948129,0.0,-0.0033010417518385,0.0000000000000014,-0.0041070969665990,-0.0000000000000031,9.9216376407690419,3.0000819871584836,-2037.376785,-37.478690,2074.8554750495814,76360.2120772993658,0,2.3e-10
0.9981137483545917,0.0,-0.0033024756302482,0.0000000000000026,-0.0041110838255575,-0.0000000000000052,9.9253307088821092,3.0000819161819501,-2049.731185,-37.240302,2086.9714870745092,76334.6078777420335,0,3.5e-10
0.9981160971232661,0.0,-0.0033039178863081,0.0000000000000018,-0.0041151137937822,-0.0000000000000035,9.9290605828823502,3.0000818445869961,-2062.287032,-37.000129,2099.2871608939622,76306.8859385745600,0,2.0e-10
0.9981184680983679,0.0,-0.0033053684999887,0.0000000000000018,-0.0041191873560132,-0.0000000000000037,9.9328276303703333,3.0000817723690476,-2075.047713,-36.758184,2111.8058968770547,76276.9848129255697,0,2.7e-10
0.9981208614789731,0.0,-0.0033068274493995,0.0000000000000014,-0.0041233050024347,-0.0000000000000028,9.9366322226532038,3.0000816995235140,-2088.016666,-36.514479,2124.5311454167845,76244.8416648069397,0,2.0e-10
0.9981232774657064,0.0,-0.0033082947107483,0.0000000000000016,-0.0041274672287215,-0.0000000000000032,9.9404747347828781,3.0000816260457825,-2101.197377,-36.269031,2137.4664076858749,76210.3921060487628,0,2.3e-10
0.9981257162607468,0.0,-0.0033097702582994,0.0000000000000013,-0.0041316745360879,-0.0000000000000025,9.9443555455946360,3.0000815519312263,-2114.593383,-36.021852,2150.6152354392848,76173.5702581848018,0,2.2e-10
0.9981281780678316,0.0,-0.0033112540643314,0.0000000000000012,-0.0041359274313323,-0.0000000000000023,9.9482750377461269,3.0000814771751987,-2128.208272,-35.772960,2163.9812313404404,76134.3086710902862,0,1.3e-10
0.9981306630922602,0.0,-0.0033127460990943,0.0000000000000016,-0.0041402264268843,-0.0000000000000033,9.9522335977567788,3.0000814017730364,-2142.045679,-35.522370,2177.5680490506884,76092.5382715533487,0,2.2e-10
0.9981331715408985,0.0,-0.0033142463307662,0.0000000000000013,-0.0041445720408504,-0.0000000000000026,9.9562316160476367,3.0000813257200596,-2156.109294,-35.270099,2191.3793930939137,76048.1884209513664,0,2.0e-10
0.9981357036221820,0.0,-0.0033157547254088,0.0000000000000011,-0.0041489647970584,-0.0000000000000022,9.9602694869816109,3.0000812490115703,-2170.402853,-35.016166,2205.4190191184316,76001.1867766487412,0,1.6e-10
0.9981382595461182,0.0,-0.0033172712469233,0.0000000000000017,-0.0041534052251028,-0.0000000000000035,9.9643476089041592,3.0000811716428548,-2184.930144,-34.760589,2219.6907337167549,75951.4592933207750,0,3.0e-10
0.9981408395242901,0.0,-0.0033187958570046,0.0000000000000015,-0.0041578938603875,-0.0000000000000029,9.9684663841843886,3.0000810936091837,-2199.695006,-34.503388,2234.1983941683930,75898.9302579779178,0,1.9e-10
0.9981434437698573,0.0,-0.0033203285150957,0.0000000000000015,-0.0041624312441689,-0.0000000000000031,9.9726262192566058,3.0000810149058110,-2214.701326,-34.244582,2248.9459087348878,75843.5221290038899,0,2.1e-10
0.9981460724975585,0.0,-0.0033218691783409,0.0000000000000015,-0.0041670179235985,-0.0000000000000031,9.9768275246622924,3.0000809355279769,-2229.953043,-33.984193,2263.9372360289353,75785.1556069185026,0,2.4e-10
0.9981487259237116,0.0,-0.0033234178015387,0.0000000000000014,-0.0041716544517644,-0.0000000000000027,9.9810707150925371,3.0000808554709044,-2245.454142,-33.722243,2279.1763848702071,75723.7495446582325,0,2.2e-10
0.9981514042662151,0.0,-0.0033249743370940,0.0000000000000018,-0.0041763413877309,-0.0000000000000035,9.9853562094309094,3.0000807747298044,-2261.208662,-33.458752,2294.6674140234127,75659.2209302280098,0,2.7e-10
0.9981541077445473,0.0,-0.0033265387349694,0.0000000000000019,-0.0041810792965782,-0.0000000000000037,9.9896844307967889,3.0000806932998731,-2277.220686,-33.193746,2310.4144316867946,75591.4848546292633,0,2.2e-10
0.9981568365797663,0.0,-0.0033281109426365,0.0000000000000013,-0.0041858687494402,-0.0000000000000025,9.9940558065891558,3.0000806111762919,-2293.494348,-32.927247,2326.4215950974249,75520.4544510990381,0,2.1e-10
0.9981595909945085,0.0,-0.0033296909050258,0.0000000000000012,-0.0041907103235429,-0.0000000000000023,9.9984707685308454,3.0000805283542307,-2310.033830,-32.659280,2342.6931098667760,75446.0408848742954,0,1.6e-10
0.9981623712129861,0.0,-0.0033312785644764,0.0000000000000017,-0.0041956046022386,-0.0000000000000034,10.0029297527132712,3.0000804448288463,-2326.843360,-32.389870,2359.2332294193989,75368.1532839084975,0,2.9e-10
0.9981651774609857,0.0,-0.0033328738606846,0.0000000000000018,-0.0042005521750417,-0.0000000000000037,10.0074331996416230,3.0000803605952830,-2343.927211,-32.119043,2376.0462540941571,75286.6987648224458,0,2.9e-10
0.9981680099658631,0.0,-0.0033344767306528,0.0000000000000017,-0.0042055536376603,-0.0000000000000033,10.0119815542805455,3.0000802756486729,-2361.289705,-31.846826,2393.1365304896935,75201.5823158351704,0,2.5e-10
0.9981708689565408,0.0,-0.0033360871086369,0.0000000000000015,-0.0042106095920292,-0.0000000000000031,10.0165752661003076,3.0000801899841392,-2378.935204,-31.573246,2410.5084504278693,75112.7067949911579,0,3.0e-10
0.9981737546635021,0.0,-0.0033377049260925,0.0000000000000010,-0.0042157206463395,-0.0000000000000019,10.0212147891234551,3.0000801035967930,-2396.868118,-31.298331,2428.1664498118935,75019.9729132787324,0,2.1e-10
0.9981766673187851,0.0,-0.0033393301116223,0.0000000000000017,-0.0042208874150664,-0.0000000000000033,10.0259005819719675,3.0000800164817365,-2415.092897,-31.022111,2446.1150076668168,74923.2791342823766,0,3.3e-10
0.9981796071559760,0.0,-0.0033409625909208,0.0000000000000014,-0.0042261105189960,-0.0000000000000027,10.0306331079149214,3.0000799286340616,-2433.614031,-30.744613,2464.3586445250448,74822.5217264206149,0,2.5e-10
0.9981825744102014,0.0,-0.0033426022867199,0.0000000000000014,-0.0042313905852490,-0.0000000000000028,10.0354128349166505,3.0000798400488531,-2452.436053,-30.465869,2482.9019213199631,74717.5946260159835,0,2.2e-10
0.9981855693181191,0.0,-0.0033442491187324,0.0000000000000012,-0.0042367282473042,-0.0000000000000022,10.0402402356854381,3.0000797507211874,-2471.563530,-30.185908,2501.7494376197337,74608.3894571932033,0,2.7e-10
0.9981885921179084,0.0,-0.0033459030035960,0.0000000000000015,-0.0042421241450192,-0.0000000000000029,10.0451157877227217,3.0000796606461324,-2491.001067,-29.904763,2520.9058299067815,74494.7954891524278,0,2.7e-10
0.9981916430492588,0.0,-0.0033475638548161,0.0000000000000015,-0.0042475789246468,-0.0000000000000029,10.0500399733728294,3.0000795698187521,-2510.753306,-29.622464,2540.3757697796336,74376.6995761785656,0,2.7e-10
0.9981947223533573,0.0,-0.0033492315827077,0.0000000000000013,-0.0042530932388507,-0.0000000000000026,10.0550132798732523,3.0000794782341025,-2530.824917,-29.339045,2560.1639618305971,74253.9861287213862,0,2.8e-10
0.9981978302728752,0.0,-0.0033509060943372,0.0000000000000011,-0.0042586677467207,-0.0000000000000023,10.0600361994054630,3.0000793858872363,-2551.220603,-29.054538,2580.2751414469258,74126.5370869277976,0,1.9e-10
0.9982009670519529,0.0,-0.0033525872934626,0.0000000000000012,-0.0042643031137803,-0.0000000000000024,10.0651092291462767,3.0000792927732025,-2571.945094,-28.768978,2600.7140724350188,73994.2318289633840,0,3.0e-10
0.9982041329361834,0.0,-0.0033542750804740,0.0000000000000017,-0.0042700000119963,-0.0000000000000032,10.0702328713197797,3.0000791988870450,-2593.003146,-28.482398,2621.4855442501625,73856.9472315083258,0,2.9e-10
0.9982073281725941,0.0,-0.0033559693523323,0.0000000000000014,-0.0042757591197820,-0.0000000000000027,10.0754076332498173,3.0000791042238073,-2614.399537,-28.194833,2642.5943693057270,73714.5575288897380,0,3.0e-10
0.9982105530096271,0.0,-0.0033576700025083,0.0000000000000019,-0.0042815811219990,-0.0000000000000038,10.0806340274130513,3.0000790087785307,-2636.139062,-27.906318,2664.0453799006000,73566.9343347684480,0,3.2e-10
0.9982138076971220,0.0,-0.0033593769209220,0.0000000000000013,-0.0042874667099611,-0.0000000000000025,10.0859125714926083,3.0000789125462566,-2658.226536,-27.616889,2685.8434247602036,73413.9465877460316,0,2.2e-10
0.9982170924862774,0.0,-0.0033610899938722,0.0000000000000017,-0.0042934165814032,-0.0000000000000032,10.0912437884323172,3.0000788155220279,-2680.666784,-27.326582,2707.9933657457100,73255.4605016130954,0,3.0e-10
0.9982204076296493,0.0,-0.0033628091039840,0.0000000000000013,-0.0042994314405123,-0.0000000000000025,10.0966282064915251,3.0000787177008874,-2703.464640,-27.035434,2730.5000736390839,73091.3395713875070,0,2.3e-10
0.9982237533811072,0.0,-0.0033645341301371,0.0000000000000018,-0.0043055119978864,-0.0000000000000035,10.1020663593005509,3.0000786190778830,-2726.624943,-26.743482,2753.3684243960715,72921.4444747711532,0,3.2e-10
0.9982271299958104,0.0,-0.0033662649474017,0.0000000000000013,-0.0043116589705240,-0.0000000000000026,10.1075587859167371,3.0000785196480644,-2750.152531,-26.450763,2776.6032943812388,72745.6331034153700,0,3.0e-10
0.9982305377301758,0.0,-0.0033680014269728,0.0000000000000011,-0.0043178730818039,-0.0000000000000022,10.1131060308811307,3.0000784194064885,-2774.052240,-26.157316,2800.2095557640587,72563.7604845678434,0,1.8e-10
0.9982339768418438,0.0,-0.0033697434361034,0.0000000000000019,-0.0043241550614575,-0.0000000000000036,10.1187086442758076,3.0000783183482187,-2798.328893,-25.863178,2824.1920714938706,72375.6787469196133,0,2.7e-10
0.9982374475896429,0.0,-0.0033714908380365,0.0000000000000018,-0.0043305056455387,-0.0000000000000035,10.1243671817818335,3.0000782164683244,-2822.987301,-25.568389,2848.5556894708566,72181.2371335942298,0,3.0e-10
0.9982409502335499,0.0,-0.0033732434919366,0.0000000000000018,-0.0043369255763879,-0.0000000000000035,10.1300822047378976,3.0000781137618873,-2848.032250,-25.272987,2873.3052369418160,71980.2819330962375,0,2.9e-10
0.9982444850346482,0.0,-0.0033750012528200,0.0000000000000015,-0.0043434156025904,-0.0000000000000028,10.1358542801996041,3.0000780102239970,-2873.468502,-24.977012,2898.4455140739101,71772.6564603075385,0,2.2e-10
0.9982480522550834,0.0,-0.0033767639714851,0.0000000000000018,-0.0043499764789300,-0.0000000000000033,10.1416839809994492,3.0000779058497566,-2899.300784,-24.680503,2923.9812871985687,71558.2010242659599,0,2.6e-10
0.9982516521580154,0.0,-0.0033785314944402,0.0000000000000019,-0.0043566089663373,-0.0000000000000036,10.1475718858074977,3.0000778006342848,-2925.533781,-24.383500,2949.9172814317308,71336.7529299734160,0,2.0e-10
0.9982552850075659,0.0,-0.0033803036638322,0.0000000000000019,-0.0043633138318271,-0.0000000000000035,10.1535185791927614,3.0000776945727119,-2952.172130,-24.086044,2976.2581731296432,71108.1464213989675,0,2.5e-10
0.9982589510687653,0.0,-0.0033820803173724,0.0000000000000016,-0.0043700918484390,-0.0000000000000030,10.1595246516853024,3.0000775876601891,-2979.220408,-23.788174,3003.0085813117130,70872.2126905955374,0,2.8e-10
0.9982626506074929,0.0,-0.0033838612882635,0.0000000000000014,-0.0043769437951603,-0.0000000000000027,10.1655906998390755,3.0000774798918850,-3006.683128,-23.489931,3030.1730589321378,70628.7798426896334,0,2.8e-10
0.9982663838904146,0.0,-0.0033856464051233,0.0000000000000015,-0.0043838704568490,-0.0000000000000029,10.1717173262955107,3.0000773712629902,-3034.564727,-23.191357,3057.7560832190866,70377.6728864880279,0,2.4e-10
0.9982701511849157,0.0,-0.0033874354919093,0.0000000000000015,-0.0043908726241469,-0.0000000000000028,10.1779051398478817,3.0000772617687175,-3062.869555,-22.892491,3085.7620455393362,70118.7137217959389,0,2.1e-10
0.9982739527590302,0.0,-0.0033892283678405,0.0000000000000014,-0.0043979510933843,-0.0000000000000026,10.1841547555064444,3.0000771514043052,-3091.601865,-22.593375,3114.1952403810883,69851.7211349764839,0,1.5e-10
0.9982777888813639,0.0,-0.0033910248473197,0.0000000000000011,-0.0044051066664769,-0.0000000000000021,10.1904667945643812,3.0000770401650190,-3120.765803,-22.294051,3143.0598537512496,69576.5107842637226,0,1.8e-10
0.9982816598210135,0.0,-0.0033928247398528,0.0000000000000015,-0.0044123401508147,-0.0000000000000028,10.1968418846645719,3.0000769280461541,-3150.365392,-21.994558,3172.3599505274988,69292.8952156417072,0,2.4e-10
0.9982855658474838,0.0,-0.0033946278499703,0.0000000000000015,-0.0044196523591480,-0.0000000000000029,10.2032806598672003,3.0000768150430384,-3180.404522,-21.694940,3202.0994611500250,69000.6838484946638,0,2.8e-10
0.9982895072305804,0.0,-0.0033964339771378,0.0000000000000020,-0.0044270441094278,-0.0000000000000038,10.2097837607182367,3.0000767011510341,-3210.886931,-21.395236,3232.2821672028354,68699.6829973161221,0,3.7e-10
0.9982934842403325,0.0,-0.0033982429156821,0.0000000000000015,-0.0044345162247061,-0.0000000000000028,10.2163518343187807,3.0000765863655405,-3241.816198,-21.095488,3262.9116859736419,68389.6958800461143,0,2.5e-10
0.9982974971468739,0.0,-0.0034000544546998,0.0000000000000012,-0.0044420695329571,-0.0000000000000024,10.2229855343953417,3.0000764706819978,-3273.195716,-20.795739,3293.9914541968956,68070.5226154141128,0,1.9e-10
0.9983015462203345,0.0,-0.0034018683779720,0.0000000000000018,-0.0044497048669204,-0.0000000000000033,10.2296855213710405,3.0000763540958895,-3305.028682,-20.496028,3325.5247102289354,67741.9602701887488,0,3.3e-10
0.9983056317307211,0.0,-0.0034036844638757,0.0000000000000019,-0.0044574230639266,-0.0000000000000036,10.2364524624377697,3.0000762366027449,-3337.318077,-20.196398,3357.5144750575773,67403.8028955254704,0,3.0e-10
0.9983097539477890,0.0,-0.0034055024852937,0.0000000000000015,-0.0044652249657074,-0.0000000000000027,10.2432870316293627,3.0000761181981428,-3370.066643,-19.896889,3389.9635322844479,67055.8415328506380,0,2.6e-10
0.9983139131409072,0.0,-0.0034073222095229,0.0000000000000015,-0.0044731114181952,-0.0000000000000029,10.2501899098957647,3.0000759988777168,-3403.276863,-19.597543,3422.8744062561691,66697.8642724705860,0,3.1e-10
0.9983181095789132,0.0,-0.0034091433981799,0.0000000000000018,-0.0044810832713075,-0.0000000000000034,10.2571617851782797,3.0000758786371557,-3436.950938,-19.298401,3456.2493386318192,66329.6563073331490,0,3.0e-10
0.9983223435299580,0.0,-0.0034109658071052,0.0000000000000014,-0.0044891413787154,-0.0000000000000025,10.2642033524858949,3.0000757574722097,-3471.090760,-18.999503,3490.0902635418888,65950.9999818317592,0,1.8e-10
0.9983266152613418,0.0,-0.0034127891862647,0.0000000000000016,-0.0044972865975977,-0.0000000000000029,10.2713153139727478,3.0000756353786948,-3505.697890,-18.700891,3524.3987807223357,65561.6748518412933,0,2.6e-10
0.9983309250393377,0.0,-0.0034146132796489,0.0000000000000011,-0.0045055197883772,-0.0000000000000020,10.2784983790167601,3.0000755123524945,-3540.773521,-18.402605,3559.1761264226188,65161.4577838014811,0,2.6e-10
0.9983352731290041,0.0,-0.0034164378251696,0.0000000000000010,-0.0045138418144396,-0.0000000000000017,10.2857532642994851,3.0000753883895670,-3576.318457,-18.104686,3594.4231426048723,64750.1230134367943,0,2.2e-10
0.9983396597939836,0.0,-0.0034182625545534,0.0000000000000013,-0.0045222535418338,-0.0000000000000025,10.2930806938872301,3.0000752634859515,-3612.333070,-17.807174,3630.1402435356767,64327.4422476803884,0,2.5e-10
0.9983440852962896,0.0,-0.0034200871932332,0.0000000000000015,-0.0045307558389508,-0.0000000000000027,10.3004813993134903,3.0000751376377677,-3648.817272,-17.510108,3666.3273797611055,63893.1847800258547,0,1.9e-10
0.9983485498960765,0.0,-0.0034219114602346,0.0000000000000016,-0.0045393495761829,-0.0000000000000030,10.3079561196627605,3.0000750108412277,-3685.770470,-17.213529,3702.9839996878272,63447.1175882928073,0,2.8e-10
0.9983530538513954,0.0,-0.0034237350680607,0.0000000000000018,-0.0045480356255607,-0.0000000000000032,10.3155056016557793,3.0000748830926360,-3723.191531,-16.917477,3740.1090075731290,62989.0054911104962,0,3.0e-10
0.9983575974179325,0.0,-0.0034255577225718,0.0000000000000018,-0.0045568148603630,-0.0000000000000032,10.3231305997362810,3.0000747543884012,-3761.078729,-16.621990,3777.7007189622300,62518.6112654041499,0,3.0e-10
0.9983621808487284,0.0,-0.0034273791228614,0.0000000000000016,-0.0045656881547045,-0.0000000000000030,10.3308318761593174,3.0000746247250398,-3799.429705,-16.327107,3815.7568120062219,62035.6958135087043,0,2.9e-10
0.9983668043938790,0.0,-0.0034291989611272,0.0000000000000016,-0.0045746563830949,-0.0000000000000030,10.3386102010812433,3.0000744940991813,-3838.241407,-16.032868,3854.2742751625460,61540.0183434374630,0,1.5e-10
0.9983714683002134,0.0,-0.0034310169225379,0.0000000000000017,-0.0045837204199672,-0.0000000000000029,10.3464663526514364,3.0000743625075801,-3877.510040,-15.739311,3893.2493507583331,61031.3365330239758,0,1.3e-10
0.9983761728109504,0.0,-0.0034328326850936,0.0000000000000019,-0.0045928811391775,-0.0000000000000034,10.3544011171058568,3.0000742299471201,-3917.231000,-15.446474,3932.6774735909667,60509.4067610325292,0,3.7e-10
0.9983809181653287,0.0,-0.0034346459194807,0.0000000000000014,-0.0046021394134709,-0.0000000000000024,10.3624152888625520,3.0000740964148238,-3957.398810,-15.154395,3972.5532044914535,59973.9843315826729,0,2.8e-10
0.9983857045982104,0.0,-0.0034364562889204,0.0000000000000013,-0.0046114961139082,-0.0000000000000024,10.3705096706192119,3.0000739619078627,-3998.007048,-14.863111,4012.8701590701676,59424.8236867329106,0,2.3e-10
0.9983905323396550,0.0,-0.0034382634490096,0.0000000000000015,-0.0046209521092579,-0.0000000000000027,10.3786850734529121,3.0000738264235665,-4039.048269,-14.572660,4053.6209293144784,58861.6786968652159,0,2.5e-10
0.9983954016144669,0.0,-0.0034400670475561,0.0000000000000011,-0.0046305082653572,-0.0000000000000020,10.3869423169221751,3.0000736899594309,-4080.513920,-14.283079,4094.7969989871694,58284.3029402364045,0,2.0e-10
0.9984003126416877,0.0,-0.0034418667243971,0.0000000000000018,-0.0046401654443853,-0.0000000000000032,10.3952822291715208,3.0000735525131335,-4122.394248,-13.994404,4136.3886519625230,57692.4500088412315,0,3.0e-10
0.9984052656340883,0.0,-0.0034436621112229,0.0000000000000010,-0.0046499245041666,-0.0000000000000018,10.4037056470386418,3.0000734140825411,-4164.678200,-13.706671,4178.3848714461947,57085.8738494254649,0,2.1e-10
0.9984101609680459,0.0,-0.0034454172392972,0.0000000000000014,-0.0046595890141824,-0.0000000000000025,10.4120432609159721,3.0000732774501180,-4206.500240,-13.425614,4219.9258539532711,56476.8470555581152,0,2.9e-10
0.9984107544801883,0.0,-0.0034456287259670,0.0000000000000018,-0.0046607620286318,-0.0000000000000032,10.4130549530689294,3.0000732608973166,-4211.572076,-13.391761,4224.9638374912838,56402.3670224752277,0,2.5e-10
0.9984113538201737,0.0,-0.0034458420030260,0.0000000000000016,-0.0046619468430771,-0.0000000000000028,10.4140767640277563,3.0000732441847324,-4216.693907,-13.357625,4230.0515317822865,56327.0150711964816,0,2.4e-10
0.9984119590439902,0.0,-0.0034460570820556,0.0000000000000016,-0.0046631435764273,-0.0000000000000028,10.4151087950335981,3.0000732273108803,-4221.866187,-13.323203,4235.1893897775135,56250.7800782527775,0,2.2e-10
0.9984125702081348,0.0,-0.0034462739746314,0.0000000000000013,-0.0046643523487823,-0.0000000000000023,10.4161511483413864,3.0000732102742673,-4227.089373,-13.288494,4240.3778670546135,56173.6507650539279,0,2.0e-10
0.9984131873696175,0.0,-0.0034464926923212,0.0000000000000019,-0.0046655732814455,-0.0000000000000034,10.4172039272301689,3.0000731930733862,-4232.363926,-13.253495,4245.6174217027783,56095.6156930141151,0,2.8e-10
0.9984138105859652,0.0,-0.0034467132466823,0.0000000000000015,-0.0046668064969349,-0.0000000000000027,10.4182672360133957,3.0000731757067167,-4237.690308,-13.218206,4250.9085142079075,56016.6632747929543,0,1.9e-10
0.9984144399152256,0.0,-0.0034469356492596,0.0000000000000021,-0.0046680521189944,-0.0000000000000036,10.4193411800493170,3.0000731581727274,-4243.068984,-13.182624,4256.2516076637994,55936.7817470468581,0,3.0e-10
0.9984150754159710,0.0,-0.0034471599115821,0.0000000000000018,-0.0046693102726067,-0.0000000000000031,10.4204258657514703,3.0000731404698726,-4248.500420,-13.146747,4261.6471672362468,55855.9591981023550,0,2.5e-10
0.9984157171473020,0.0,-0.0034473860451615,0.0000000000000014,-0.0046705810840036,-0.0000000000000025,10.4215214005992944,3.0000731225965951,-4253.985087,-13.110573,4267.0956606318905,55774.1835401467979,0,2.1e-10
0.9984163651688526,0.0,-0.0034476140614885,0.0000000000000012,-0.0046718646806792,-0.0000000000000020,10.4226278931488316,3.0000731045513227,-4259.523456,-13.074102,4272.5975576142901,55691.4425200130790,0,2.0e-10
0.9984170195407925,0.0,-0.0034478439720305,0.0000000000000018,-0.0046731611914017,-0.0000000000000031,10.4237454530435532,3.0000730863324723,-4265.116001,-13.037330,4278.1533302689177,55607.7237120494246,0,3.4e-10
0.9984176803238322,0.0,-0.0034480757882287,0.0000000000000016,-0.0046744707462243,-0.0000000000000028,10.4248741910252871,3.0000730679384469,-4270.763196,-13.000256,4283.7634523345914,55523.0145289450884,0,1.9e-10
0.9984183475792262,0.0,-0.0034483095214954,0.0000000000000013,-0.0046757934764988,-0.0000000000000022,10.4260142189452587,3.0000730493676362,-4276.465522,-12.962878,4289.4284000063399,55437.3021901678294,0,2.1e-10
0.9984190213687774,0.0,-0.0034485451832106,0.0000000000000015,-0.0046771295148867,-0.0000000000000028,10.4271656497752438,3.0000730306184167,-4282.223456,-12.925195,4295.1486511033900,55350.5737480055541,0,2.6e-10
0.9984197017548411,0.0,-0.0034487827847194,0.0000000000000016,-0.0046784789953730,-0.0000000000000029,10.4283285976188349,3.0000730116891536,-4288.037481,-12.887205,4300.9246852025426,55262.8160759173334,0,2.2e-10
0.9984203888003286,0.0,-0.0034490223373286,0.0000000000000017,-0.0046798420532771,-0.0000000000000030,10.4295031777228200,3.0000729925781937,-4293.908079,-12.848905,4306.7569837075762,55174.0158565975726,0,2.9e-10
0.9984210825687111,0.0,-0.0034492638523034,0.0000000000000009,-0.0046812188252662,-0.0000000000000016,10.4306895064886813,3.0000729732838769,-4299.835735,-12.810294,4312.6460293672135,55084.1595996599644,0,1.1e-10
0.9984217831240240,0.0,-0.0034495073408643,0.0000000000000011,-0.0046826094493674,-0.0000000000000020,10.4318877014842109,3.0000729538045250,-4305.820937,-12.771370,4318.5923068157526,54993.2336056642234,0,2.1e-10
0.9984224905308704,0.0,-0.0034497528141838,0.0000000000000020,-0.0046840140649807,-0.0000000000000035,10.4330978814552360,3.0000729341384473,-4311.864170,-12.732132,4324.5963016080468,54901.2240050435066,0,2.9e-10
0.9984232048544253,0.0,-0.0034500002833825,0.0000000000000016,-0.0046854328128920,-0.0000000000000028,10.4343201663374749,3.0000729142839409,-4317.965923,-12.692577,4330.6585006482746,54808.1167306378484,0,1.9e-10
0.9984239261604395,0.0,-0.0034502497595260,0.0000000000000012,-0.0046868658352852,-0.0000000000000020,10.4355546772685095,3.0000728942392869,-4324.126687,-12.652705,4336.7793920416598,54713.8975082580000,0,1.8e-10
0.9984246545152434,0.0,-0.0034505012536211,0.0000000000000015,-0.0046883132757557,-0.0000000000000027,10.4368015365998730,3.0000728740027540,-4330.346953,-12.612512,4342.9594647644672,54618.5518734175712,0,2.0e-10
0.9984253899857504,0.0,-0.0034507547766118,0.0000000000000014,-0.0046897752793226,-0.0000000000000025,10.4380608679092752,3.0000728535725987,-4336.627211,-12.571997,4349.1992086383561,54522.0651588588953,0,2.8e-10
0.9984261326394619,0.0,-0.0034510103393758,0.0000000000000016,-0.0046912519924436,-0.0000000000000029,10.4393327960129376,3.0000728329470592,-4342.967955,-12.531159,4355.4991140122611,54424.4224955663085,0,2.6e-10
0.9984268825444701,0.0,-0.0034512679527204,0.0000000000000016,-0.0046927435630257,-0.0000000000000028,10.4406174469780666,3.0000728121243649,-4349.369676,-12.489996,4361.8596718727476,54325.6088019944727,0,2.4e-10
0.9984276397694622,0.0,-0.0034515276273785,0.0000000000000021,-0.0046942501404405,-0.0000000000000038,10.4419149481354410,3.0000727911027272,-4355.832868,-12.448505,4368.2813735162163,54225.6087856199592,0,3.4e-10
0.9984284043837244,0.0,-0.0034517893740043,0.0000000000000014,-0.0046957718755356,-0.0000000000000024,10.4432254280921430,3.0000727698803455,-4362.358024,-12.406686,4374.7647101899129,54124.4069517515600,0,2.5e-10
0.9984291764571454,0.0,-0.0034520532031695,0.0000000000000013,-0.0046973089206502,-0.0000000000000023,10.4445490167444088,3.0000727484554042,-4368.945637,-12.364536,4381.3101733388630,54021.9875770788640,0,1.9e-10
0.9984299560602202,0.0,-0.0034523191253583,0.0000000000000015,-0.0046988614296265,-0.0000000000000027,10.4458858452906149,3.0000727268260743,-4375.596200,-12.322054,4387.9182541257678,53918.3347230404615,0,2.4e-10
0.9984307432640542,0.0,-0.0034525871509635,0.0000000000000018,-0.0047004295578241,-0.0000000000000033,10.4472360462443916,3.0000727049905116,-4382.310205,-12.279239,4394.5894430912285,53813.4322342071682,0,2.2e-10
0.9984315381403661,0.0,-0.0034528572902818,0.0000000000000016,-0.0047020134621335,-0.0000000000000027,10.4485997534478798,3.0000726829468594,-4389.088143,-12.236087,4401.3242302558911,53707.2637262344360,0,2.3e-10
0.9984323407614928,0.0,-0.0034531295535087,0.0000000000000022,-0.0047036133009898,-0.0000000000000039,10.4499771020851178,3.0000726606932426,-4395.930507,-12.192598,4408.1231046933299,53599.8125864919275,0,2.6e-10
0.9984331512003914,0.0,-0.0034534039507346,0.0000000000000015,-0.0047052292343855,-0.0000000000000026,10.4513682286955660,3.0000726382277767,-4402.837785,-12.148770,4414.9865543293481,53491.0619754679501,0,2.6e-10
0.9984339695306450,0.0,-0.0034536804919387,0.0000000000000016,-0.0047068614238864,-0.0000000000000028,10.4527732711877697,3.0000726155485600,-4409.810465,-12.104601,4421.9150656894326,53380.9948171507567,0,2.1e-10
0.9984347958264639,0.0,-0.0034539591869852,0.0000000000000018,-0.0047085100326428,-0.0000000000000031,10.4541923688531639,3.0000725926536771,-4416.849034,-12.060089,4428.9091237934845,53269.5937947668135,0,3.0e-10
0.9984356301626908,0.0,-0.0034542400456173,0.0000000000000017,-0.0047101752254048,-0.0000000000000030,10.4556256623800188,3.0000725695411967,-4423.953978,-12.015234,4435.9692114712398,53156.8413599655032,0,3.1e-10
0.9984364726148036,0.0,-0.0034545230774521,0.0000000000000013,-0.0047118571685361,-0.0000000000000023,10.4570732938675288,3.0000725462091751,-4431.125777,-11.970033,4443.0958094393591,53042.7197177503258,0,2.1e-10
0.9984373232589191,0.0,-0.0034548082919754,0.0000000000000020,-0.0047135560300275,-0.0000000000000035,10.4585354068400456,3.0000725226556519,-4438.364912,-11.924484,4450.2893960830306,52927.2108204606920,0,2.8e-10
0.9984381821717961,0.0,-0.0034550956985361,0.0000000000000016,-0.0047152719795111,-0.0000000000000028,10.4600121462614588,3.0000724988786533,-4445.671860,-11.878586,4457.5504466186276,52810.2963808290660,0,2.4e-10
0.9984390494308392,0.0,-0.0034553853063405,0.0000000000000018,-0.0047170051882745,-0.0000000000000031,10.4615036585497254,3.0000724748761911,-4453.047095,-11.832338,4464.8794333682581,52691.9578508790582,0,3.2e-10
0.9984399251141013,0.0,-0.0034556771244463,0.0000000000000016,-0.0047187558292750,-0.0000000000000027,10.4630100915915438,3.0000724506462602,-4460.491087,-11.785737,4472.2768247993508,52572.1764371283352,0,1.9e-10
0.9984408093002876,0.0,-0.0034559711617570,0.0000000000000018,-0.0047205240771525,-0.0000000000000032,10.4645315947571849,3.0000724261868439,-4468.004303,-11.738783,4479.7430859893302,52450.9330689236522,0,3.6e-10
0.9984417020687584,0.0,-0.0034562674270157,0.0000000000000019,-0.0047223101082455,-0.0000000000000033,10.4660683189154735,3.0000724014959075,-4475.587204,-11.691473,4487.2786770856874,52328.2084346748888,0,2.8e-10
0.9984426034995321,0.0,-0.0034565659287988,0.0000000000000015,-0.0047241141006036,-0.0000000000000026,10.4676204164489288,3.0000723765714032,-4483.240247,-11.643807,4494.8840540795845,52203.9829431828111,0,2.3e-10
0.9984435136732882,0.0,-0.0034568666755096,0.0000000000000022,-0.0047259362340019,-0.0000000000000037,10.4691880412690512,3.0000723514112693,-4490.963886,-11.595782,4502.5596677344838,52078.2367333471775,0,3.3e-10
0.9984444326713710,0.0,-0.0034571696753719,0.0000000000000023,-0.0047277766899572,-0.0000000000000039,10.4707713488317786,3.0000723260134268,-4498.758566,-11.547397,4510.3059630529760,51950.9496826697141,0,3.1e-10
0.9984453605757906,0.0,-0.0034574749364233,0.0000000000000017,-0.0047296356517386,-0.0000000000000030,10.4723704961530935,3.0000723003757823,-4506.624729,-11.498650,4518.1233791546765,51822.1013896539807,0,1.0e-10
0.9984462974692278,0.0,-0.0034577824665084,0.0000000000000013,-0.0047315133043844,-0.0000000000000022,10.4739856418248021,3.0000722744962292,-4514.562808,-11.449541,4526.0123488959216,51691.6711598411202,0,9.0e-11
0.9984472434350352,0.0,-0.0034580922732716,0.0000000000000016,-0.0047334098347157,-0.0000000000000028,10.4756169460304633,3.0000722483726445,-4522.573231,-11.400067,4533.9732979169112,51559.6380295343697,0,2.5e-10
0.9984481985572408,0.0,-0.0034584043641502,0.0000000000000019,-0.0047353254313504,-0.0000000000000033,10.4772645705614966,3.0000722220028910,-4530.656417,-11.350227,4542.0066442163416,51425.9807543214411,0,3.1e-10
0.9984491629205497,0.0,-0.0034587187463669,0.0000000000000013,-0.0047372602847171,-0.0000000000000022,10.4789286788334479,3.0000721953848153,-4538.812777,-11.300021,4550.1127977884298,51290.6777938492596,0,2.1e-10
0.9984501366103467,0.0,-0.0034590354269223,0.0000000000000015,-0.0047392145870694,-0.0000000000000026,10.4806094359024282,3.0000721685162506,-4547.042715,-11.249445,4558.2921601920880,51153.7073104139417,0,2.4e-10
0.9984511197126986,0.0,-0.0034593544125876,0.0000000000000015,-0.0047411885325001,-0.0000000000000026,10.4823070084817278,3.0000721413950124,-4555.346624,-11.198500,4566.5451234646234,51015.0471779927611,0,3.1e-10
0.9984521123143564,0.0,-0.0034596757098961,0.0000000000000011,-0.0047431823169554,-0.0000000000000020,10.4840215649585922,3.0000721140189062,-4563.724887,-11.147183,4574.8720696736136,50874.6749747935683,0,1.8e-10
0.9984531145027569,0.0,-0.0034599993251357,0.0000000000000011,-0.0047451961382485,-0.0000000000000020,10.4857532754111862,3.0000720863857180,-4572.177878,-11.095493,4583.2733706145573,50732.5679663252085,0,1.2e-10
0.9984541263660252,0.0,-0.0034603252643404,0.0000000000000006,-0.0047472301960745,-0.0000000000000011,10.4875023116257253,3.0000720584932199,-4580.705957,-11.043429,4591.7493865386969,50588.7031182497740,0,7.3e-11
0.9984551479929754,0.0,-0.0034606535332822,0.0000000000000010,-0.0047492846920225,-0.0000000000000017,10.4892688471137898,3.0000720303391706,-4589.309475,-10.990991,4600.3004658781556,50443.0570839066058,0,1.6e-10
0.9984561794731133,0.0,-0.0034609841374620,0.0000000000000011,-0.0047513598295920,-0.0000000000000020,10.4910530571298253,3.0000720019213110,-4597.988769,-10.938175,4608.9269441093520,50295.6062120366842,0,2.1e-10
0.9984572208966369,0.0,-0.0034613170821013,0.0000000000000014,-0.0047534558142044,-0.0000000000000024,10.4928551186888175,3.0000719732373713,-4606.744161,-10.884982,4617.6291432054622,50146.3265305068344,0,2.4e-10
0.9984582723544381,0.0,-0.0034616523721328,0.0000000000000008,-0.0047555728532179,-0.0000000000000015,10.4946752105841590,3.0000719442850623,-4615.575961,-10.831410,4626.4073707695843,49995.1937492545694,0,2.5e-10
0.9984593339381035,0.0,-0.0034619900121915,0.0000000000000009,-0.0047577111559409,-0.0000000000000016,10.4965135134057004,3.0000719150620836,-4624.484462,-10.777457,4635.2619190316200,49842.1832592226565,0,1.3e-10
0.9984604057399156,0.0,-0.0034623300066049,0.0000000000000010,-0.0047598709336457,-0.0000000000000018,10.4983702095579972,3.0000718855661184,-4633.469941,-10.723123,4644.1930641856015,49687.2701181080192,0,7.7e-11
0.9984614878528527,0.0,-0.0034626723593839,0.0000000000000006,-0.0047620523995804,-0.0000000000000010,10.5002454832787429,3.0000718557948338,-4642.532658,-10.668407,4653.2010651315823,49530.4290606342256,0,3.7e-11
0.9984625803705907,0.0,-0.0034630170742122,0.0000000000000000,-0.0047642557689851,-0.0000000000000001,10.5021395206573995,3.0000718257458860,-4651.672855,-10.613308,4662.2861626417925,49371.6344884596765,0,7.9e-11
0.9984636833875018,0.0,-0.0034633641544370,0.0000000000000011,-0.0047664812591016,-0.0000000000000019,10.5040525096540254,3.0000717954169120,-4660.890755,-10.557823,4671.4485782383090,49210.8604692742229,0,1.8e-10
0.9984647969986555,0.0,-0.0034637136030580,0.0000000000000010,-0.0047687290891887,-0.0000000000000018,10.5059846401183030,3.0000717648055382,-4670.186560,-10.501953,4680.6885130382898,49048.0807372517884,0,1.9e-10
0.9984659212998186,0.0,-0.0034640654227170,0.0000000000000006,-0.0047709994805350,-0.0000000000000011,10.5079361038087669,3.0000717339093739,-4679.560450,-10.445697,4690.0061467189526,48883.2686822004616,0,1.1e-10
0.9984670563874537,0.0,-0.0034644196156874,0.0000000000000007,-0.0047732926564694,-0.0000000000000013,10.5099070944122399,3.0000717027260153,-4689.012584,-10.389052,4699.4016364370282,48716.3973452840000,0,8.4e-11
0.9984682023587192,0.0,-0.0034647761838628,0.0000000000000006,-0.0047756088423755,-0.0000000000000010,10.5118978075634733,3.0000716712530440,-4698.543096,-10.332020,4708.8751152133627,48547.4394257236272,0,1.4e-10
0.9984693593114687,0.0,-0.0034651351287455,0.0000000000000009,-0.0047779482657037,-0.0000000000000016,10.5139084408649968,3.0000716394880271,-4708.152093,-10.274597,4718.4266907533129,48376.3672742843628,0,2.1e-10
0.9984705273442486,0.0,-0.0034654964514355,0.0000000000000013,-0.0047803111559818,-0.0000000000000024,10.5159391939071849,3.0000716074285170,-4717.839659,-10.216785,4728.0564441294391,48203.1528905350715,0,2.2e-10
0.9984717065562971,0.0,-0.0034658601526181,0.0000000000000011,-0.0047826977448274,-0.0000000000000019,10.5179902682885338,3.0000715750720537,-4727.605847,-10.158581,4737.7644283274412,48027.7679146267474,0,2.7e-10
0.9984728970475394,0.0,-0.0034662262325508,0.0000000000000006,-0.0047851082659538,-0.0000000000000011,10.5200618676361586,3.0000715424161628,-4737.450681,-10.099986,4747.5506665399525,47850.1836370639503,0,1.4e-10
0.9984740989185980,0.0,-0.0034665946910552,0.0000000000000014,-0.0047875429552061,-0.0000000000000025,10.5221541976265041,3.0000715094583543,-4747.374154,-10.040997,4757.4151510061829,47670.3709723167121,0,2.4e-10
0.9984753122707706,0.0,-0.0034669655274982,0.0000000000000009,-0.0047900020505331,-0.0000000000000016,10.5242674660063020,3.0000714761961271,-4757.376225,-9.981616,4767.3578405696690,47488.3004933260381,0,1.8e-10
0.9984765372060403,0.0,-0.0034673387407825,0.0000000000000011,-0.0047924857920244,-0.0000000000000020,10.5264018826137278,3.0000714426269650,-4767.456820,-9.921840,4777.3786598080314,47303.9423893168569,0,2.6e-10
0.9984777738270693,0.0,-0.0034677143293329,0.0000000000000016,-0.0047949944219134,-0.0000000000000027,10.5285576593998016,3.0000714087483393,-4777.615827,-9.861669,4787.4774964425751,47117.2664999626577,0,2.4e-10
0.9984790222371939,0.0,-0.0034680922910822,0.0000000000000014,-0.0047975281845875,-0.0000000000000024,10.5307350104500195,3.0000713745577068,-4787.853097,-9.801103,4797.6542000310073,46928.2422801572829,0,3.4e-10
0.9984802825404221,0.0,-0.0034684726234574,0.0000000000000005,-0.0048000873265982,-0.0000000000000009,10.5329341520062201,3.0000713400525134,-4798.168438,-9.740141,4807.9085791720900,46736.8388332296163,0,1.3e-10
0.9984815548414274,0.0,-0.0034688553233656,0.0000000000000005,-0.0048026720966680,-0.0000000000000009,10.5351553024886968,3.0000713052301902,-4808.561617,-9.678783,4818.2404005379976,46543.0248669460416,0,1.0e-10
0.9984828392455448,0.0,-0.0034692403871789,0.0000000000000011,-0.0048052827457019,-0.0000000000000019,10.5373986825185408,3.0000712700881569,-4819.032358,-9.617028,4828.6493854830733,46346.7687270920724,0,1.3e-10
0.9984841358587646,0.0,-0.0034696278107197,0.0000000000000011,-0.0048079195267932,-0.0000000000000019,10.5396645149402435,3.0000712346238205,-4829.580333,-9.554875,4839.1352082437324,46148.0383880473673,0,1.2e-10
0.9984854447877261,0.0,-0.0034700175892455,0.0000000000000007,-0.0048105826952312,-0.0000000000000012,10.5419530248445383,3.0000711988345761,-4840.205168,-9.492325,4849.6974936306488,45946.8014386426657,0,2.2e-10
0.9984867661397117,0.0,-0.0034704097174325,0.0000000000000011,-0.0048132725085107,-0.0000000000000019,10.5442644395915064,3.0000711627178056,-4850.906437,-9.429377,4860.3358139714956,45743.0250996015966,0,2.0e-10
0.9984881000226387,0.0,-0.0034708041893605,0.0000000000000008,-0.0048159892263348,-0.0000000000000013,10.5465989888339262,3.0000711262708815,-4861.683657,-9.366030,4871.0496869452099,45536.6762044075876,0,1.6e-10
0.9984894465450522,0.0,-0.0034712009984954,0.0000000000000006,-0.0048187331106237,-0.0000000000000010,10.5489569045408995,3.0000710894911622,-4872.536287,-9.302285,4881.8385724810651,45327.7212106585503,0,1.4e-10
0.9984908058161163,0.0,-0.0034716001376727,0.0000000000000012,-0.0048215044255186,-0.0000000000000020,10.5513384210217307,3.0000710523759979,-4883.463729,-9.238141,4892.7018697665872,45116.1261936035007,0,1.5e-10
0.9984921779456049,0.0,-0.0034720015990803,0.0000000000000007,-0.0048243034373866,-0.0000000000000011,10.5537437749500835,3.0000710149227250,-4894.465316,-9.173598,4903.6389141415493,44901.8568539731205,0,1.4e-10
0.9984935630438916,0.0,-0.0034724053742405,0.0000000000000013,-0.0048271304148244,-0.0000000000000023,10.5561732053884043,3.0000709771286718,-4905.540318,-9.108656,4914.6489740209354,44684.8785032350570,0,2.9e-10
0.9984949612219397,0.0,-0.0034728114539917,0.0000000000000009,-0.0048299856286614,-0.0000000000000015,10.5586269538126309,3.0000709389911555,-4916.687932,-9.043315,4925.7312468441723,44465.1560939401388,0,1.8e-10
0.9984963725912904,0.0,-0.0034732198284703,0.0000000000000016,-0.0048328693519624,-0.0000000000000026,10.5611052641371792,3.0000709005074828,-4927.907282,-8.977574,4936.8848563809270,44242.6541780028492,0,1.1e-10
0.9984977972640503,0.0,-0.0034736304870907,0.0000000000000010,-0.0048357818600278,-0.0000000000000016,10.5636083827402132,3.0000708616749532,-4939.197413,-8.911435,4948.1088482032574,44017.3369385171682,0,4.3e-11
0.9984992353528787,0.0,-0.0034740434185261,0.0000000000000006,-0.0048387234303955,-0.0000000000000011,10.5661365584892160,3.0000708224908545,-4950.557289,-8.844897,4959.4021860223438,43789.1681782715023,0,1.7e-10
0.9985006869709739,0.0,-0.0034744586106884,0.0000000000000012,-0.0048416943428405,-0.0000000000000020,10.5686900427668515,3.0000707829524678,-4961.985787,-8.777960,4970.7637470740456,43558.1113373283297,0,2.1e-10
0.9985021522320575,0.0,-0.0034748760507074,0.0000000000000012,-0.0048446948793718,-0.0000000000000020,10.5712690894971324,3.0000707430570648,-4973.481694,-8.710624,4982.1923181493939,43324.1294757090509,0,1.9e-10
0.9985036312503591,0.0,-0.0034752957249095,0.0000000000000009,-0.0048477253242315,-0.0000000000000015,10.5738739551718908,3.0000707028019109,-4985.043701,-8.642890,4993.6865907282690,43087.1852829232812,0,1.0e-10
0.9985051241405987,0.0,-0.0034757176187960,0.0000000000000009,-0.0048507859638903,-0.0000000000000015,10.5765048988775661,3.0000706621842630,-4996.670398,-8.574758,5005.2451562002570,42847.2410816717893,0,8.1e-11
0.9985066310179690,0.0,-0.0034761417170208,0.0000000000000006,-0.0048538770870434,-0.0000000000000011,10.5791621823223103,3.0000706212013721,-5008.360272,-8.506229,5016.8665005064167,42604.2588330414146,0,1.2e-10
0.9985081519981156,0.0,-0.0034765680033671,0.0000000000000005,-0.0048569989846030,-0.0000000000000009,10.5818460698634169,3.0000705798504819,-5020.111696,-8.437302,5028.5489986925231,42358.2001403775066,0,1.1e-10
0.9985096871971170,0.0,-0.0034769964607242,0.0000000000000008,-0.0048601519496927,-0.0000000000000014,10.5845568285350833,3.0000705381288335,-5031.922930,-8.367979,5040.2909094231691,42109.0262510962784,0,1.5e-10
0.9985112367314624,0.0,-0.0034774270710629,0.0000000000000004,-0.0048633362776371,-0.0000000000000006,10.5872947280765128,3.0000704960336586,-5043.792109,-8.298260,5052.0903685648191,41856.6980642024428,0,9.5e-11
0.9985128007180282,0.0,-0.0034778598154107,0.0000000000000006,-0.0048665522659524,-0.0000000000000011,10.5900600409603545,3.0000704535621892,-5055.717238,-8.228145,5063.9453832844201,41601.1761313267052,0,4.4e-11
0.9985143792740535,0.0,-0.0034782946738260,0.0000000000000005,-0.0048698002143334,-0.0000000000000010,10.5928530424215026,3.0000704107116500,-5067.696189,-8.157636,5075.8538250252950,41342.4206639062613,0,9.4e-11
0.9985159725171138,0.0,-0.0034787316253720,0.0000000000000005,-0.0048730804246412,-0.0000000000000008,10.5956740104862490,3.0000703674792653,-5079.726690,-8.086733,5087.8134222758017,41080.3915546853095,0,6.4e-11
0.9985175805650927,0.0,-0.0034791706480891,0.0000000000000005,-0.0048763932008865,-0.0000000000000009,10.5985232260018094,3.0000703238622553,-5091.806317,-8.015436,5099.8217535530493,40815.0483600646257,0,7.5e-11
0.9985192035361556,0.0,-0.0034796117189682,-0.0000000000000002,-0.0048797388492193,0.0000000000000002,10.6014009726662159,3.0000702798578405,-5103.932492,-7.943747,5111.8762389974345,40546.3503281101584,0,1.6e-11
0.9985208415487048,0.0,-0.0034800548139178,0.0000000000000006,-0.0048831176778812,-0.0000000000000009,10.6043075370586095,3.0000702354632400,-5116.102465,-7.871667,5123.9741326954972,40274.2563934419304,0,1.1e-10
0.9985224947213677,0.0,-0.0034804999077408,0.0000000000000003,-0.0048865299972313,-0.0000000000000005,10.6072432086698996,3.0000701906756730,-5128.313316,-7.799197,5136.1125129397333,39998.7252102997154,0,1.1e-10
0.9985241631729501,0.0,-0.0034809469741003,0.0000000000000006,-0.0048899761196966,-0.0000000000000010,10.6102082799338469,3.0000701454923604,-5140.561936,-7.726337,5148.2882737227610,39719.7151303831488,0,1.2e-10
0.9985258470223890,0.0,-0.0034813959854858,0.0000000000000006,-0.0048934563597272,-0.0000000000000011,10.6132030462585636,3.0000700999105256,-5152.845025,-7.653090,5160.4981146791624,39437.1842430382967,0,1.4e-10
0.9985275463887285,0.0,-0.0034818469131851,0.0000000000000004,-0.0048969710338016,-0.0000000000000007,10.6162278060584150,3.0000700539273937,-5165.159076,-7.579455,5172.7385304869995,39151.0903746820986,0,1.6e-10
0.9985292613910696,0.0,-0.0034822997272479,0.0000000000000005,-0.0049005204603792,-0.0000000000000009,10.6192828607863667,3.0000700075401969,-5177.500365,-7.505435,5185.0057998665216,38861.3911111503839,0,1.2e-11
0.9985309921485258,0.0,-0.0034827543964524,0.0000000000000002,-0.0049041049598667,-0.0000000000000004,10.6223685149667872,3.0000699607461696,-5189.864944,-7.431030,5197.2959745202133,38568.0437841974199,0,2.3e-11
0.9985327387801771,0.0,-0.0034832108882686,0.0000000000000008,-0.0049077248545854,-0.0000000000000014,10.6254850762286885,3.0000699135425557,-5202.248623,-7.356243,5209.6048658107911,38271.0055352617055,0,1.1e-10
0.9985345014050176,0.0,-0.0034836691688220,0.0000000000000010,-0.0049113804687282,-0.0000000000000017,10.6286328553394611,3.0000698659266050,-5214.646958,-7.281075,5221.9280321917922,37970.2333047501743,0,9.5e-11
0.9985362801419029,0.0,-0.0034841292028546,0.0000000000000006,-0.0049150721283171,-0.0000000000000011,10.6318121662390759,3.0000698178955769,-5227.055239,-7.205526,5234.2607654729600,37665.6838428489864,0,8.1e-11
0.9985380751094920,0.0,-0.0034845909536856,0.0000000000000001,-0.0049188001611559,-0.0000000000000002,10.6350233260747995,3.0000697694467431,-5239.468476,-7.129600,5246.5980759049162,37357.3137459326535,0,1.5e-10
0.9985398864261882,0.0,-0.0034850543831702,0.0000000000000002,-0.0049225648967816,-0.0000000000000002,10.6382666552364196,3.0000697205773861,-5251.881379,-7.053297,5258.9346763774593,37045.0794835574925,0,1.4e-10
0.9985417142100736,0.0,-0.0034855194516567,0.0000000000000004,-0.0049263666664071,-0.0000000000000006,10.6415424773920098,3.0000696712848005,-5264.288346,-6.976620,5271.2649661160503,36728.9374017193913,0,3.5e-11
0.9985435585788420,0.0,-0.0034859861179430,0.0000000000000003,-0.0049302058028635,-0.0000000000000006,10.6448511195242403,3.0000696215663001,-5276.683444,-6.899569,5283.5830132405290,36408.8437532112002,0,6.3e-11
0.9985454196497255,0.0,-0.0034864543392299,0.0000000000000008,-0.0049340826405372,-0.0000000000000013,10.6481929119672660,3.0000695714192123,-5289.060387,-6.822148,5295.8825353652137,36084.7547467723489,0,3.3e-11
0.9985472975394182,0.0,-0.0034869240710741,0.0000000000000005,-0.0049379975153009,-0.0000000000000009,10.6515681884441999,3.0000695208408859,-5301.412522,-6.744358,5308.1568804216549,35756.6265441402793,0,1.2e-10
0.9985491923639945,0.0,-0.0034873952673381,0.0000000000000005,-0.0049419507644412,-0.0000000000000009,10.6549772861052130,3.0000694698286892,-5313.732803,-6.666202,5320.3990048440519,35424.4153183661401,0,1.8e-10
0.9985511042388228,0.0,-0.0034878678801390,0.0000000000000004,-0.0049459427265804,-0.0000000000000008,10.6584205455662531,3.0000694183800136,-5326.013771,-6.587681,5332.6014511437133,35088.0772834867239,0,1.4e-11
0.9985530332784718,0.0,-0.0034883418597948,0.0000000000000014,-0.0049499737415895,-0.0000000000000023,10.6618983109484518,3.0000693664922768,-5338.247528,-6.508797,5344.7563248587612,34747.5686822719872,0,1.7e-10
0.9985549795966141,0.0,-0.0034888171547682,0.0000000000000013,-0.0049540441505009,-0.0000000000000022,10.6654109299181989,3.0000693141629222,-5350.425714,-6.429553,5356.8552668948105,34402.8459210284054,0,1.7e-10
0.9985569433059209,0.0,-0.0034892937116085,0.0000000000000011,-0.0049581542954095,-0.0000000000000018,10.6689587537279618,3.0000692613894251,-5362.539476,-6.349951,5368.8894279832039,34053.8655205331743,0,1.1e-10
0.9985589245179517,0.0,-0.0034897714748904,0.0000000000000008,-0.0049623045193688,-0.0000000000000014,10.6725421372578353,3.0000692081692923,-5374.579444,-6.269995,5380.8494388521412,33700.5841991584748,0,1.8e-10
0.9985609233430353,0.0,-0.0034902503871504,0.0000000000000015,-0.0049664951662800,-0.0000000000000025,10.6761614390579034,3.0000691545000664,-5386.535694,-6.189685,5392.7253786065348,33342.9589311741292,0,1.2e-10
0.9985629398901442,0.0,-0.0034907303888202,0.0000000000000010,-0.0049707265807708,-0.0000000000000016,10.6798170213914094,3.0000691003793274,-5398.397717,-6.109025,5404.5067422304564,32980.9469655305147,0,1.8e-10
0.9985649742667619,0.0,-0.0034912114181566,0.0000000000000011,-0.0049749991080703,-0.0000000000000019,10.6835092502788029,3.0000690458046981,-5410.154386,-6.028018,5416.1824040829370,32614.5059099998325,0,2.4e-10
0.9985670265787412,0.0,-0.0034916934111693,0.0000000000000011,-0.0049793130938762,-0.0000000000000019,10.6872384955426956,3.0000689907738445,-5421.793915,-5.946665,5427.7405799747667,32243.5937835033983,0,1.7e-10
0.9985690969301398,0.0,-0.0034921763015410,0.0000000000000011,-0.0049836688841804,-0.0000000000000018,10.6910051308537888,3.0000689352844820,-5433.303816,-5.864971,5439.1687868514782,31868.1690564397722,0,1.9e-10
0.9985711854230770,0.0,-0.0034926600205507,0.0000000000000012,-0.0049880668251544,-0.0000000000000020,10.6948095337777946,3.0000688793343779,-5444.670860,-5.782937,5450.4537977809978,31488.1907527707517,0,1.5e-10
0.9985732921575469,0.0,-0.0034931444969862,0.0000000000000010,-0.0049925072629512,-0.0000000000000016,10.6986520858234453,3.0000688229213539,-5455.881028,-5.700568,5461.5815957054783,31103.6184989754111,0,1.1e-10
0.9985754172312359,0.0,-0.0034936296570549,0.0000000000000011,-0.0049969905435331,-0.0000000000000018,10.7025331724916342,3.0000687660432952,-5466.919458,-5.617864,5472.5373226000320,30714.4126019999385,0,1.9e-10
0.9985775607393248,0.0,-0.0034941154242894,0.0000000000000010,-0.0050015170124780,-0.0000000000000017,10.7064531833257579,3.0000687086981488,-5477.770393,-5.534831,5483.3052245878935,30320.5341642461717,0,1.2e-10
0.9985797227742754,0.0,-0.0034946017194480,0.0000000000000008,-0.0050060870147699,-0.0000000000000013,10.7104125119633444,3.0000686508839318,-5488.417124,-5.451471,5493.8685944120934,29921.9451192095876,0,2.1e-10
0.9985819034256046,0.0,-0.0034950884604083,0.0000000000000014,-0.0050107008945794,-0.0000000000000024,10.7144115561890452,3.0000685925987369,-5498.841921,-5.367786,5504.2097072337856,29518.6083863154054,0,2.5e-10
0.9985841027796387,0.0,-0.0034955755620563,0.0000000000000011,-0.0050153589950214,-0.0000000000000018,10.7184507179890822,3.0000685338407367,-5509.025972,-5.283781,5514.3097532775464,29110.4879441577941,0,1.5e-10
0.9985863209192540,0.0,-0.0034960629361668,0.0000000000000011,-0.0050200616579026,-0.0000000000000019,10.7225304036072551,3.0000684746081903,-5518.949306,-5.199459,5524.1487646291662,28697.5489331241697,0,1.1e-10
0.9985885579235951,0.0,-0.0034965504912782,0.0000000000000012,-0.0050248092234431,-0.0000000000000020,10.7266510236026242,3.0000684148994488,-5528.590713,-5.114822,5533.7055354488330,28279.7578077018261,0,8.6e-11
0.9985908138677740,0.0,-0.0034970381325576,0.0000000000000011,-0.0050296020299829,-0.0000000000000018,10.7308129929089908,3.0000683547129627,-5537.927662,-5.029875,5542.9575365765231,27857.0824440550059,0,1.6e-10
0.9985930888225460,0.0,-0.0034975257616586,0.0000000000000011,-0.0050344404136642,-0.0000000000000018,10.7350167308963087,3.0000682940472894,-5546.936202,-4.944620,5551.8808223151736,27429.4923066273332,0,1.6e-10
0.9985953828539608,0.0,-0.0034980132765677,0.0000000000000009,-0.0050393247080898,-0.0000000000000016,10.7392626614341946,3.0000682329011013,-5555.590869,-4.859062,5560.4499303037055,26996.9585760179907,0,1.3e-10
0.9985976960229866,0.0,-0.0034985005714422,0.0000000000000015,-0.0050442552439554,-0.0000000000000024,10.7435512129576942,3.0000681712731914,-5563.864569,-4.773203,5568.6377721057343,26559.4543285556138,0,1.0e-10
0.9986000283851053,0.0,-0.0034989875364348,0.0000000000000013,-0.0050492323486538,-0.0000000000000020,10.7478828185355137,3.0000681091624881,-5571.728467,-4.687047,5576.4155145825025,26116.9547156766057,0,1.1e-10
0.9986023799898743,0.0,-0.0034994740575064,0.0000000000000006,-0.0050542563458503,-0.0000000000000009,10.7522579159409108,3.0000680465680589,-5579.151852,-4.600598,5583.7524505977963,25669.4371719993651,0,6.9e-12
0.9986047508804536,0.0,-0.0034999600162246,0.0000000000000013,-0.0050593275550199,-0.0000000000000021,10.7566769477255075,3.0000679834891240,-5586.101999,-4.513860,5590.6158591671756,25216.8815925270319,0,1.3e-10
0.9986071410930939,0.0,-0.0035004452895461,0.0000000000000009,-0.0050644462909539,-0.0000000000000014,10.7611403612962828,3.0000679199250686,-5592.544016,-4.426835,5596.9708508117292,24759.2706311270595,0,1.1e-10
0.9986095506565811,0.0,-0.0035009297495839,0.0000000000000013,-0.0050696128632208,-0.0000000000000020,10.7656486089960559,3.0000678558754519,-5598.440673,-4.339528,5602.7802013807095,24296.5898855682462,0,1.4e-10
0.9986119795916351,0.0,-0.0035014132633527,0.0000000000000004,-0.0050748275755879,-0.0000000000000006,10.7702021481878027,3.0000677913400247,-5603.752226,-4.251942,5608.0041679611622,23828.8282223474234,0,1.9e-10
0.9986144279102545,0.0,-0.0035018956924960,0.0000000000000006,-0.0050800907253922,-0.0000000000000010,10.7748014413432003,3.0000677263187390,-5608.436208,-4.164080,5612.6002881779450,23355.9780643023551,0,1.5e-10
0.9986168956150048,0.0,-0.0035023768929883,0.0000000000000008,-0.0050854026028577,-0.0000000000000013,10.7794469561358444,3.0000676608117702,-5612.447214,-4.075947,5616.5231604201526,22878.0357109010220,0,2.6e-10
0.9986193826982427,0.0,-0.0035028567148110,0.0000000000000007,-0.0050907634903578,-0.0000000000000011,10.7841391655396315,3.0000675948195275,-5615.736656,-3.987545,5619.7242005835787,22395.0017549861223,0,1.7e-10
0.9986218891412683,0.0,-0.0035033350016007,0.0000000000000009,-0.0050961736616101,-0.0000000000000016,10.7888785479329012,3.0000675283426768,-5618.252499,-3.898878,5622.1513768106506,21906.8814106378704,0,2.1e-10
0.9986244149134027,0.0,-0.0035038115902637,0.0000000000000010,-0.0051016333808086,-0.0000000000000017,10.7936655872089720,3.0000674613821610,-5619.938964,-3.809950,5623.7489139336085,21413.6850394941866,0,1.4e-10
0.9986269599709602,0.0,-0.0035042863105523,0.0000000000000007,-0.0051071429016425,-0.0000000000000012,10.7985007728938740,3.0000673939392213,-5620.736207,-3.720763,5624.4569699249623,20915.4285756964236,0,1.2e-10
0.9986295242561526,0.0,-0.0035047589846050,0.0000000000000009,-0.0051127024662922,-0.0000000000000015,10.8033846002720679,3.0000673260154223,-5620.579953,-3.631322,5624.2112749376556,20412.1341198850423,0,1.6e-10
0.9986321076958540,0.0,-0.0035052294264348,0.0000000000000009,-0.0051183123042660,-0.0000000000000014,10.8083175705212344,3.0000672576126775,-5619.401104,-3.541628,5622.9427325736888,19903.8305294588208,0,1.8e-10
0.9986347102002547,0.0,-0.0035056974413681,0.0000000000000009,-0.0051239726311582,-0.0000000000000015,10.8133001908572428,3.0000671887332833,-5617.125290,-3.451686,5620.5769761022839,19390.5540990047157,0,1.4e-10
0.9986373316613714,0.0,-0.0035061628254232,-0.0000000000000006,-0.0051296836472763,0.0000000000000009,10.8183329746906765,3.0000671193799469,-5613.672376,-3.361498,5617.0338740227444,18872.3493081610650,0,3.4e-12
0.9986399719514001,0.0,-0.0035066253646213,0.0000000000000005,-0.0051354455361354,-0.0000000000000009,10.8234164417964589,3.0000670495558266,-5608.955912,-3.271067,5612.2269783565553,18349.2696419265121,0,1.4e-10
0.9986426309208909,0.0,-0.0035070848342205,0.0000000000000001,-0.0051412584628012,-0.0000000000000003,10.8285511184984404,3.0000669792645698,-5602.882510,-3.180395,5606.0629049698109,17821.3786316905171,0,1.2e-10
0.9986453083967087,0.0,-0.0035075409978604,0.0000000000000005,-0.0051471225720384,-0.0000000000000008,10.8337375378711016,3.0000669085103584,-5595.351157,-3.089485,5598.4406417044693,17288.7508197408170,0,5.0e-11
0.9986480041797775,0.0,-0.0035079936066081,0.0000000000000009,-0.0051530379862967,-0.0000000000000015,10.8389762399608891,3.0000668372979598,-5586.252429,-2.998338,5589.2507669269744,16751.4730025418103,0,1.8e-10
0.9986507180425426,0.0,-0.0035084423978840,0.0000000000000007,-0.0051590048034431,-0.0000000000000012,10.8442677720302321,3.0000667656327820,-5575.467611,-2.906957,5578.3745678966661,16209.6456497311592,0,1.6e-10
0.9986512373064259,0.0,-0.0035085274769095,0.0000000000000009,-0.0051601478539662,-0.0000000000000014,10.8452823217588001,3.0000667519232804,-5573.210337,-2.889515,5576.0998513407467,16105.8722278643399,0,1.1e-10
0.9986517614187821,0.0,-0.0035086130907696,0.0000000000000006,-0.0051613020321260,-0.0000000000000010,10.8463070346747799,3.0000667380866424,-5570.867175,-2.871922,5573.7390973721731,16001.0982309151441,0,8.9e-11
0.9986522904192043,0.0,-0.0035086992379082,0.0000000000000008,-0.0051624674409647,-0.0000000000000014,10.8473420129035922,3.0000667241218366,-5568.435383,-2.854180,5571.2895625299216,15895.3154945280403,0,1.0e-10
0.9986528243474186,0.0,-0.0035087859165883,0.0000000000000013,-0.0051636441842996,-0.0000000000000021,10.8483873596075000,3.0000667100278289,-5565.912126,-2.836286,5568.7484117536133,15788.5158546455204,0,1.2e-10
0.9986533632432789,0.0,-0.0035088731248856,0.0000000000000006,-0.0051648323667276,-0.0000000000000011,10.8494431789968573,3.0000666958035827,-5563.294476,-2.818239,5566.1127147472043,15680.6911555975676,0,8.7e-11
0.9986539071467579,0.0,-0.0035089608606825,0.0000000000000008,-0.0051660320936239,-0.0000000000000013,10.8505095763412243,3.0000666814480579,-5560.579405,-2.800038,5563.3794427175344,15571.8332323040813,0,1.6e-10
0.9986544560979376,0.0,-0.0035090491216602,0.0000000000000008,-0.0051672434711356,-0.0000000000000014,10.8515866579806239,3.0000666669602092,-5557.763782,-2.781682,5560.5454639831614,15461.9339576140046,0,1.5e-10
0.9986550101370101,0.0,-0.0035091379052936,-0.0000000000000001,-0.0051684666062036,0.0000000000000001,10.8526745313369091,3.0000666523389903,-5554.844369,-2.763171,5557.6075403240047,15350.9852062333375,0,7.5e-11
0.9986555693042520,0.0,-0.0035092272088410,0.0000000000000003,-0.0051697016065237,-0.0000000000000006,10.8537733049253440,3.0000666375833522,-5551.817821,-2.744503,5554.5623234007253,15238.9788577090949,0,1.6e-10
0.9986561336400253,0.0,-0.0035093170293380,0.0000000000000004,-0.0051709485805682,-0.0000000000000007,10.8548830883662735,3.0000666226922426,-5548.680673,-2.725676,5551.4063491249299,15125.9068626407534,0,8.0e-11
0.9986567031847634,0.0,-0.0035094073635897,0.0000000000000008,-0.0051722076375758,-0.0000000000000014,10.8560039923969658,3.0000666076646070,-5545.429344,-2.706691,5548.1360347419004,15011.7611506339163,0,1.2e-10
0.9986572779789611,0.0,-0.0035094982081616,0.0000000000000006,-0.0051734788875496,-0.0000000000000011,10.8571361288836172,3.0000665924993886,-5542.060128,-2.687545,5544.7476728543370,14896.5337186343968,0,2.4e-10
0.9986578580631618,0.0,-0.0035095895593715,-0.0000000000000002,-0.0051747624412516,0.0000000000000004,10.8582796108335096,3.0000665771955308,-5538.569189,-2.668237,5541.2374265670214,14780.2166312485933,0,7.1e-11
0.9986584434779450,0.0,-0.0035096814132802,-0.0000000000000000,-0.0051760584101986,-0.0000000000000001,10.8594345524073361,3.0000665617519719,-5534.952558,-2.648767,5537.6013256814113,14662.8019312918186,0,1.1e-10
0.9986590342639136,0.0,-0.0035097737656827,0.0000000000000001,-0.0051773669066562,-0.0000000000000002,10.8606010689316914,3.0000665461676528,-5531.206125,-2.629134,5533.8352593218533,14544.2817840296775,0,4.8e-11
0.9986596304616793,0.0,-0.0035098666120978,-0.0000000000000001,-0.0051786880436331,0.0000000000000002,10.8617792769117329,3.0000665304415119,-5527.325636,-2.609336,5529.9349718175890,14424.6483777146786,0,6.6e-11
0.9986602321118485,0.0,-0.0035099599477586,0.0000000000000002,-0.0051800219348757,-0.0000000000000003,10.8629692940440261,3.0000665145724867,-5523.306684,-2.589372,5525.8960557156643,14303.8939973339438,0,2.8e-11
0.9986608392550059,0.0,-0.0035100537676020,-0.0000000000000005,-0.0051813686948581,0.0000000000000007,10.8641712392295613,3.0000664985595153,-5519.144706,-2.569241,5521.7139463534204,14182.0109819285572,0,5.4e-11
0.9986614519316990,0.0,-0.0035101480662574,-0.0000000000000003,-0.0051827284387775,0.0000000000000003,10.8653852325869664,3.0000664824015359,-5514.834973,-2.548942,5517.3839146751870,14058.9917743373662,0,8.5e-11
0.9986620701824198,0.0,-0.0035102428380361,0.0000000000000001,-0.0051841012825429,-0.0000000000000001,10.8666113954659043,3.0000664660974867,-5510.372588,-2.528473,5512.9010607341370,13934.8289074152708,0,1.0e-10
0.9986626940475876,0.0,-0.0035103380769185,-0.0000000000000004,-0.0051854873427672,0.0000000000000006,10.8678498504606740,3.0000664496463076,-5505.752472,-2.507834,5508.2603062854587,13809.5150242373347,0,3.8e-11
0.9986633235675280,0.0,-0.0035104337765430,-0.0000000000000001,-0.0051868867367548,0.0000000000000001,10.8691007214240027,3.0000664330469413,-5500.969364,-2.487024,5503.4563876103148,13683.0428636353463,0,3.1e-11
0.9986639587824543,0.0,-0.0035105299301922,-0.0000000000000001,-0.0051882995824933,0.0000000000000002,10.8703641334810666,3.0000664162983299,-5496.017806,-2.466041,5498.4838471363000,13555.4053002279252,0,6.7e-11
0.9986645997324448,0.0,-0.0035106265307802,-0.0000000000000003,-0.0051897259986386,0.0000000000000005,10.8716402130437100,3.0000663993994188,-5490.892141,-2.444884,5493.3370250500438,13426.5953585617244,0,2.7e-12
0.9986652464574204,0.0,-0.0035107235708384,0.0000000000000001,-0.0051911661045033,-0.0000000000000003,10.8729290878248968,3.0000663823491567,-5485.586499,-2.423552,5488.0100512193803,13296.6061754859984,0,6.4e-11
0.9986658989971201,0.0,-0.0035108210425009,-0.0000000000000004,-0.0051926200200408,0.0000000000000006,10.8742308868533897,3.0000663651464969,-5480.094791,-2.402044,5482.4968349327100,13165.4310872163624,0,6.1e-11
0.9986665573910766,0.0,-0.0035109189374897,-0.0000000000000002,-0.0051940878658328,0.0000000000000002,10.8755457404886648,3.0000663477903942,-5474.410697,-2.380359,5476.7910559305956,13033.0635845437646,0,2.4e-11
0.9986672216785881,0.0,-0.0035110172470985,-0.0000000000000005,-0.0051955697630689,0.0000000000000008,10.8768737804360818,3.0000663302798101,-5468.527659,-2.358495,5470.8861541682963,12899.4973295852542,0,1.8e-12
0.9986678918986915,0.0,-0.0035111159621762,-0.0000000000000002,-0.0051970658335329,0.0000000000000003,10.8782151397622986,3.0000663126137117,-5462.438867,-2.336452,5464.7753185318870,12764.7262119483203,0,1.5e-11
0.9986685680901309,0.0,-0.0035112150731100,-0.0000000000000002,-0.0051985761995794,0.0000000000000003,10.8795699529109573,3.0000662947910706,-5456.137248,-2.314228,5458.4514759766062,12628.7443196997046,0,1.1e-10
0.9986692502913272,0.0,-0.0035113145698065,0.0000000000000007,-0.0052001009841170,-0.0000000000000011,10.8809383557186443,3.0000662768108652,-5449.615457,-2.291822,5451.9072790168893,12491.5460034143180,0,7.3e-11
0.9986699385403436,0.0,-0.0035114144416737,0.0000000000000004,-0.0052016403105831,-0.0000000000000007,10.8823204854311406,3.0000662586720832,-5442.865862,-2.269232,5445.1350937658590,12353.1258439738303,0,6.0e-11
0.9986706328748509,0.0,-0.0035115146776003,0.0000000000000005,-0.0052031943029223,-0.0000000000000009,10.8837164807199596,3.0000662403737182,-5435.880528,-2.246458,5438.1269866619841,12213.4786588400602,0,1.2e-10
0.9986713333320897,0.0,-0.0035116152659354,0.0000000000000001,-0.0052047630855602,-0.0000000000000002,10.8851264816992046,3.0000662219147749,-5428.651210,-2.223499,5430.8747089702556,12072.5996365938336,0,9.8e-11
0.9986720399488311,0.0,-0.0035117161944666,-0.0000000000000003,-0.0052063467833765,0.0000000000000004,10.8865506299427466,3.0000662032942675,-5421.169331,-2.200353,5423.3696837593643,11930.4842171669006,0,8.7e-11
0.9986727527613345,0.0,-0.0035118174503968,0.0000000000000003,-0.0052079455216755,-0.0000000000000005,10.8879890685017369,3.0000661845112204,-5413.425971,-2.177018,5415.6029891982962,11787.1281872671098,0,1.6e-10
0.9986734718053030,0.0,-0.0035119190203204,0.0000000000000009,-0.0052095594261552,-0.0000000000000015,10.8894419419224757,3.0000661655646712,-5405.411847,-2.153495,5407.5653418459988,11642.5277088396251,0,1.7e-10
0.9986741971158366,0.0,-0.0035120208901984,0.0000000000000010,-0.0052111886228733,-0.0000000000000017,10.8909093962646555,3.0000661464536686,-5397.117298,-2.129781,5399.2470793956727,11496.6793213095516,0,1.0e-10
0.9986749287273823,0.0,-0.0035121230453310,-0.0000000000000001,-0.0052128332382127,-0.0000000000000000,10.8923915791199821,3.0000661271772784,-5388.532266,-2.105876,5390.6381421449387,11349.5799565333873,0,1.2e-10
0.9986756666736815,0.0,-0.0035122254703302,0.0000000000000004,-0.0052144933988429,-0.0000000000000007,10.8938886396312071,3.0000661077345780,-5379.646275,-2.081778,5381.7280526976992,11201.2270114440471,0,1.6e-10
0.9986764109877134,0.0,-0.0035123281490903,-0.0000000000000002,-0.0052161692316795,0.0000000000000003,10.8954007285115910,3.0000660881246652,-5370.448410,-2.057485,5372.5058952364507,11051.6183580718935,0,9.4e-11
0.9986771617016361,0.0,-0.0035124310647570,0.0000000000000006,-0.0052178608638391,-0.0000000000000010,10.8969279980648110,3.0000660683466536,-5360.927296,-2.032998,5362.9602938101198,10900.7523421347141,0,1.9e-10
0.9986779188467233,0.0,-0.0035125341996941,0.0000000000000000,-0.0052195684225961,-0.0000000000000001,10.8984706022053484,3.0000660483996766,-5351.071074,-2.008313,5353.0793875079635,10748.6279032807797,0,8.4e-11
0.9986786824532971,0.0,-0.0035126375354500,-0.0000000000000001,-0.0052212920353290,0.0000000000000000,10.9000286964793744,3.0000660282828879,-5340.867375,-1.983431,5342.8508069756854,10595.2444996889681,0,1.4e-10
0.9986794525506566,0.0,-0.0035127410527200,0.0000000000000003,-0.0052230318294702,-0.0000000000000005,10.9016024380861669,3.0000660079954646,-5330.303296,-1.958351,5332.2616461392990,10440.6022616550326,0,1.1e-10
0.9986802291670031,0.0,-0.0035128447313089,-0.0000000000000006,-0.0052247879324481,0.0000000000000008,10.9031919859000848,3.0000659875366078,-5319.365366,-1.933069,5321.2984348925793,10284.7019545026124,0,4.3e-11
0.9986810123293584,0.0,-0.0035129485500896,-0.0000000000000006,-0.0052265604716263,0.0000000000000009,10.9047975004931406,3.0000659669055443,-5308.039522,-1.907587,5309.9471086253834,10127.5450494606048,0,5.8e-11
0.9986818020634802,0.0,-0.0035130524869600,-0.0000000000000007,-0.0052283495742396,0.0000000000000009,10.9064191441582086,3.0000659461015293,-5296.311075,-1.881901,5298.1929757364160,9969.1337866373360,0,1.5e-10
0.9986825983937699,0.0,-0.0035131565187974,-0.0000000000000004,-0.0052301553673228,0.0000000000000004,10.9080570809328972,3.0000659251238471,-5284.164672,-1.856012,5286.0206832217100,9809.4712368119508,0,1.2e-10
0.9986834013431756,0.0,-0.0035132606214100,-0.0000000000000004,-0.0052319779776384,0.0000000000000006,10.9097114766241461,3.0000659039718141,-5271.584264,-1.829917,5273.4141804910105,9648.5613178089261,0,2.1e-11
0.9986842109330886,0.0,-0.0035133647694849,0.0000000000000002,-0.0052338175315961,-0.0000000000000004,10.9113824988335839,3.0000658826447824,-5258.553064,-1.803616,5260.3566800066110,9486.4088706802577,0,1.6e-11
0.9986850271832323,0.0,-0.0035134689365342,-0.0000000000000003,-0.0052356741551673,0.0000000000000003,10.9130703169837044,3.0000658611421400,-5245.053509,-1.777107,5246.8306152481910,9323.0197359435260,0,9.9e-11
0.9986858501115444,0.0,-0.0035135730948356,-0.0000000000000002,-0.0052375479737965,0.0000000000000002,10.9147751023449260,3.0000658394633142,-5231.067207,-1.750389,5232.8175954363123,9158.4008625801653,0,3.6e-11
0.9986866797340500,0.0,-0.0035136772153714,0.0000000000000007,-0.0052394391123000,-0.0000000000000011,10.9164970280635849,3.0000658176077768,-5216.574898,-1.723460,5218.2983586920254,8992.5602893028408,0,4.1e-11
0.9986875160647267,0.0,-0.0035137812677618,0.0000000000000004,-0.0052413476947648,-0.0000000000000008,10.9182362691909454,3.0000657955750429,-5201.556399,-1.696321,5203.2527195832135,8825.5073009580374,0,1.4e-10
0.9986883591153602,0.0,-0.0035138852201943,0.0000000000000002,-0.0052432738444351,-0.0000000000000004,10.9199930027133014,3.0000657733646756,-5185.990546,-1.668968,5187.6595138655557,8657.2525275107473,0,5.7e-11
0.9986892088953887,0.0,-0.0035139890393484,0.0000000000000012,-0.0052452176835920,-0.0000000000000018,10.9217674075832480,3.0000657509762934,-5169.855139,-1.641401,5171.4965400695810,8487.8079519011080,0,9.8e-11
0.9986900654117369,0.0,-0.0035140926903148,0.0000000000000010,-0.0052471793334246,-0.0000000000000017,10.9235596647522382,3.0000657284095671,-5153.126875,-1.613620,5154.7404946714396,8317.1871081143618,0,1.8e-10
0.9986909286686374,0.0,-0.0035141961365090,0.0000000000000001,-0.0052491589138918,-0.0000000000000002,10.9253699572045022,3.0000657056642308,-5135.781282,-1.585621,5137.3669036477822,8145.4051639959216,0,1.3e-10
0.9986917986674394,0.0,-0.0035142993395789,-0.0000000000000002,-0.0052511565435733,0.0000000000000003,10.9271984699924793,3.0000656827400789,-5117.792643,-1.557406,5119.3500489535418,7972.4790071491152,0,6.5e-11
0.9986926754064017,0.0,-0.0035144022593047,-0.0000000000000006,-0.0052531723395084,0.0000000000000008,10.9290453902738722,3.0000656596369781,-5099.133917,-1.528971,5100.6628882399327,7798.4274057634175,0,4.3e-11
0.9986935588804714,0.0,-0.0035145048534928,-0.0000000000000004,-0.0052552064170248,0.0000000000000006,10.9309109073504711,3.0000656363548668,-5079.776652,-1.500316,5081.2769686129668,7623.2711541429162,0,5.0e-11
0.9986944490810439,0.0,-0.0035146070778598,-0.0000000000000007,-0.0052572588895519,0.0000000000000010,10.9327952127089247,3.0000656128937635,-5059.690893,-1.471440,5061.1623333231928,7447.0332273505628,0,3.7e-12
0.9986953459957049,0.0,-0.0035147088859091,-0.0000000000000001,-0.0052593298684203,0.0000000000000001,10.9346985000636270,3.0000655892537709,-5038.845079,-1.442342,5040.2874211765975,7269.7389141470194,0,9.5e-11
0.9986962496079517,0.0,-0.0035148102287967,-0.0000000000000008,-0.0052614194626463,0.0000000000000011,10.9366209654019357,3.0000655654350816,-5017.205936,-1.413021,5018.6189562901600,7091.4160704948008,0,8.1e-11
0.9986971598968907,0.0,-0.0035149110551863,-0.0000000000000008,-0.0052635277786976,0.0000000000000011,10.9385628070319445,3.0000655414379893,-4994.738355,-1.383475,4996.1218300137270,6912.0952419489622,0,4.9e-11
0.9986980768369108,0.0,-0.0035150113110929,-0.0000000000000007,-0.0052656549202392,0.0000000000000010,10.9405242256330837,3.0000655172628905,-4971.405268,-1.353704,4972.7589713666666,6731.8099164161831,0,7.4e-11
0.9986990003973286,0.0,-0.0035151109397124,-0.0000000000000001,-0.0052678009878617,0.0000000000000000,10.9425054243098199,3.0000654929102950,-4947.167500,-1.323706,4948.4912061877658,6550.5967762693763,0,5.6e-11
0.9986999305420033,0.0,-0.0035152098812374,-0.0000000000000002,-0.0052699660787829,0.0000000000000003,10.9445066086488172,3.0000654683808339,-4921.983622,-1.293482,4923.2771040487451,6368.4959356281906,0,1.5e-11
0.9987008672289152,0.0,-0.0035153080726558,-0.0000000000000010,-0.0052721502865188,0.0000000000000014,10.9465279867799197,3.0000654436752709,-4895.809782,-1.263029,4897.0728109344582,6185.5512083359063,0,8.3e-11
0.9987018104097185,0.0,-0.0035154054475330,0.0000000000000004,-0.0052743537005589,-0.0000000000000007,10.9485697694413435,3.0000654187945091,-4868.599517,-1.232348,4869.8318649882458,6001.8104977495968,0,5.1e-11
0.9987027600292300,0.0,-0.0035155019357717,-0.0000000000000002,-0.0052765764059482,0.0000000000000001,10.9506321700497029,3.0000653937396051,-4840.303559,-1.201438,4841.5049973000459,5817.3260421361774,0,8.5e-11
0.9987037160248924,0.0,-0.0035155974633511,0.0000000000000000,-0.0052788184828946,-0.0000000000000001,10.9527154047752440,3.0000653685117795,-4810.869612,-1.170299,4812.0399105427978,5632.1548700761050,0,8.9e-11
0.9987046783261775,0.0,-0.0035156919520404,-0.0000000000000005,-0.0052810800063100,0.0000000000000007,10.9548196926230723,3.0000653431124320,-4780.242108,-1.138930,4781.3810372037688,5446.3591836784035,0,9.3e-11
0.9987056468539305,0.0,-0.0035157853190843,-0.0000000000000002,-0.0052833610453119,0.0000000000000002,10.9569452555210383,3.0000653175431529,-4748.361942,-1.107331,4749.4692725717814,5260.0068378299475,0,4.6e-11
0.9987066215196522,0.0,-0.0035158774768565,-0.0000000000000010,-0.0052856616626800,0.0000000000000014,10.9590923184151592,3.0000652918057420,-4715.166178,-1.075502,4716.2416804644545,5073.1718363352120,0,5.2e-11
0.9987076022247072,0.0,-0.0035159683324780,-0.0000000000000008,-0.0052879819142603,0.0000000000000011,10.9612611093735381,3.0000652659022249,-4680.587722,-1.043445,4681.6311671234052,4885.9349338766187,0,4.7e-11
0.9987085888594500,0.0,-0.0035160577873954,-0.0000000000000008,-0.0052903218483058,0.0000000000000013,10.9634518596999406,3.0000652398348748,-4644.554961,-1.011159,4645.5661203327154,4698.3842524904758,0,5.7e-12
0.9987095813022582,0.0,-0.0035161457369127,-0.0000000000000006,-0.0052926815047544,0.0000000000000008,10.9656648040583349,3.0000652136062294,-4606.991362,-0.978647,4607.9700082702611,4510.6159828081727,0,1.4e-11
0.9987105794184612,0.0,-0.0035162320696721,-0.0000000000000002,-0.0052950609144284,0.0000000000000003,10.9679001806099468,3.0000651872191195,-4567.815024,-0.945909,4568.7609325613957,4322.7352028675377,0,5.2e-11
0.9987115830591495,0.0,-0.0035163166670757,-0.0000000000000007,-0.0052974600981502,0.0000000000000010,10.9701582311646462,3.0000651606766935,-4526.938182,-0.912947,4527.8511295379276,4134.8567543644458,0,8.6e-11
0.9987125920598472,0.0,-0.0035163994026391,-0.0000000000000007,-0.0052998790657595,0.0000000000000009,10.9724392013487879,3.0000651339824485,-4484.266646,-0.879766,4485.1464120351420,3947.1062453873456,0,9.4e-11
0.9987136062390289,0.0,-0.0035164801412684,0.0000000000000003,-0.0053023178150215,-0.0000000000000006,10.9747433407920365,3.0000651071402609,-4439.699174,-0.846368,4440.5455426724693,3759.6211681161076,0,1.1e-10
0.9987146253964588,0.0,-0.0035165587384473,-0.0000000000000011,-0.0053047763304069,0.0000000000000015,10.9770709033361449,3.0000650801544255,-4393.126770,-0.812759,4393.9395284115717,3572.5521913655102,0,6.1e-11
0.9987156493113225,0.0,-0.0035166350393217,0.0000000000000000,-0.0053072545817298,-0.0000000000000001,10.9794221472692488,3.0000650530296973,-4344.431881,-0.778943,4345.2108242848844,3386.0645745415241,0,8.7e-11
0.9987166777401217,0.0,-0.0035167088776649,-0.0000000000000006,-0.0053097525226175,0.0000000000000008,10.9817973355899294,3.0000650257713399,-4293.487503,-0.744928,4294.2324308996504,3200.3398528937250,0,4.2e-11
0.9987177104142914,0.0,-0.0035167800747031,-0.0000000000000008,-0.0053122700887863,0.0000000000000012,10.9841967363061652,3.0000649983851737,-4240.156146,-0.710723,4240.8668694046446,3015.5776623375714,0,4.6e-11
0.9987187470374949,0.0,-0.0035168484377789,-0.0000000000000007,-0.0053148071960977,0.0000000000000010,10.9866206227753249,3.0000649708776432,-4184.288672,-0.676339,4184.9650115541199,2831.9979220274836,0,5.8e-11
0.9987197872825385,0.0,-0.0035169137588228,-0.0000000000000012,-0.0053173637383441,0.0000000000000019,10.9890692740927545,3.0000649432558819,-4125.722952,-0.641789,4126.3647407442486,2649.8432883750647,0,1.0e-11
0.9987208307878521,0.0,-0.0035169758126000,-0.0000000000000009,-0.0053199395847602,0.0000000000000013,10.9915429755380263,3.0000649155277923,-4064.282322,-0.607089,4064.8894115142084,2469.3819759562612,0,7.1e-11
0.9987218771534211,0.0,-0.0035170343546873,-0.0000000000000014,-0.0053225345771202,0.0000000000000020,10.9940420190903136,3.0000648877021376,-3999.773812,-0.572260,4000.3460724777979,2290.9111062325537,0,6.1e-11
0.9987229259361126,0.0,-0.0035170891191322,-0.0000000000000007,-0.0053251485264610,0.0000000000000010,10.9965667040266020,3.0000648597886452,-3931.986077,-0.537327,3932.5234035261383,2114.7604972179979,0,9.4e-13
0.9987239766442401,0.0,-0.0035171398157268,-0.0000000000000013,-0.0053277812092729,0.0000000000000018,10.9991173376202447,3.0000648317981322,-3860.686993,-0.502319,3861.1893117432001,1941.2971567586064,0,4.7e-11
0.9987250287312267,0.0,-0.0035171861268174,-0.0000000000000006,-0.0053304323630890,0.0000000000000008,11.0016942359616170,3.0000648037426401,-3785.620838,-0.467276,3786.0881143385641,1770.9306068569422,0,6.6e-11
0.9987260815881720,0.0,-0.0035172277035507,0.0000000000000001,-0.0053331016813408,-0.0000000000000002,11.0042977249283709,3.0000647756356114,-3706.504973,-0.432245,3706.9372186031233,1604.1190759334713,0,1.4e-10
0.9987271345350772,0.0,-0.0035172641614283,-0.0000000000000003,-0.0053357888073226,0.0000000000000004,11.0069281413404187,3.0000647474920785,-3623.025900,-0.397286,3623.4231856555925,1441.3769746487960,0,7.2e-11
0.9987281868104235,0.0,-0.0035172950750073,-0.0000000000000011,-0.0053384933270643,0.0000000000000016,11.0095858343447510,3.0000647193289032,-3534.834559,-0.362473,3535.1970326595078,1283.2837333511561,0,1.1e-11
0.9987292375587004,0.0,-0.0035173199715389,0.0000000000000005,-0.0053412147608576,-0.0000000000000007,11.0122711670887128,3.0000646911650546,-3441.540682,-0.327904,3441.8685863378196,1130.4945663474500,0,2.9e-11
0.9987302858153694,0.0,-0.0035173383232713,-0.0000000000000004,-0.0053439525531013,0.0000000000000005,11.0149845187585935,3.0000646630219459,-3342.705944,-0.293700,3342.9996437790819,983.7535080946982,0,5.8e-11
0.9987313304885800,0.0,-0.0035173495380582,-0.0000000000000007,-0.0053467060600326,0.0000000000000010,11.0177262870855071,3.0000646349238473,-3237.835596,-0.260022,3238.0956187533393,843.9093663273379,0,6.0e-11
0.9987323703367273,0.0,-0.0035173529477940,-0.0000000000000008,-0.0053494745347558,0.0000000000000010,11.0204968914555224,3.0000646068983925,-3126.368164,-0.227080,3126.5952442659163,711.9354598252103,0,5.4e-11
0.9987334039406454,0.0,-0.0035173477940268,-0.0000000000000003,-0.0053522571088414,0.0000000000000003,11.0232967768101773,3.0000645789771991,-3007.662595,-0.195153,3007.8577484001980,588.9542820155621,0,6.9e-11
0.9987344296687223,0.0,-0.0035173332098611,-0.0000000000000001,-0.0053550527693408,-0.0000000000000000,11.0261264185948864,3.0000645511966599,-2880.982090,-0.164620,2881.1467100092532,476.2686328981072,0,7.8e-11
0.9987354456326467,0.0,-0.0035173081969076,-0.0000000000000011,-0.0053578603298659,0.0000000000000015,11.0289863291154777,3.0000645235989332,-2745.473469,-0.136006,2745.6094748532032,375.4014139855281,0,5.7e-11
0.9987364496304442,0.0,-0.0035172715955188,-0.0000000000000011,-0.0053606783935794,0.0000000000000016,11.0318770658180192,3.0000644962332297,-2600.140503,-0.110051,2600.2505533512749,288.1471917829476,0,7.0e-11
0.9987374390720278,0.0,-0.0035172220457523,-0.0000000000000005,-0.0053635053051552,0.0000000000000007,11.0347992422410588,3.0000644691574889,-2443.808872,-0.087830,2443.8967017053874,216.6400840915740,0,4.0e-11
0.9987384108801595,0.0,-0.0035171579352709,-0.0000000000000007,-0.0053663390872694,0.0000000000000011,11.0377535427550750,3.0000644424406087,-2275.079317,-0.070962,2275.1502792652309,163.4446186446585,0,1.4e-11
0.9987393243776130,0.0,-0.0035170808427408,-0.0000000000000010,-0.0053690655184750,0.0000000000000014,11.0406224584006374,3.0000644171907900,-2099.754520,-0.062141,2099.8166606274540,132.4807253801264,0,6.5e-12
0.9987395811580692,0.0,-0.0035170557471443,-0.0000000000000008,-0.0053698447065565,0.0000000000000010,11.0414476128271151,3.0000644100653182,-2047.043276,-0.061417,2047.1046926500364,127.7228915437590,0,4.6e-11
0.9987398377508648,0.0,-0.0035170289897914,-0.0000000000000011,-0.0053706296161893,0.0000000000000016,11.0422813464678509,3.0000644029313435,-1992.680895,-0.061689,1992.7425849235237,124.9273552629165,0,1.6e-12
0.9987400940051644,0.0,-0.0035170004774351,-0.0000000000000012,-0.0053714202012828,0.0000000000000017,11.0431237659532044,3.0000643957921427,-1936.585005,-0.063120,1936.6481247391853,124.2365697666537,0,5.3e-11
0.9987403497570889,0.0,-0.0035169701098496,-0.0000000000000024,-0.0053722164078206,0.0000000000000033,11.0439749808167846,3.0000643886512859,-1878.667018,-0.065900,1878.7329179481981,125.8047263352200,0,4.3e-11
0.9987406048283414,0.0,-0.0035169377791024,-0.0000000000000017,-0.0053730181729888,0.0000000000000023,11.0448351037401373,3.0000643815126651,-1818.831472,-0.070264,1818.9017365269528,129.7989850826561,0,4.0e-11
0.9987408590246540,0.0,-0.0035169033687249,-0.0000000000000012,-0.0053738254242230,0.0000000000000016,11.0457042508317329,3.0000643743805320,-1756.975281,-0.076496,1757.0517761619612,136.4009366389364,0,4.2e-11
0.9987411121340144,0.0,-0.0035168667527636,-0.0000000000000008,-0.0053746380781173,0.0000000000000012,11.0465825419468402,3.0000643672595357,-1692.986862,-0.084944,1693.0718055494713,145.8082554321736,0,4.0e-11
0.9987413639246308,0.0,-0.0035168277946911,-0.0000000000000024,-0.0053754560391763,0.0000000000000035,11.0474701010559162,3.0000643601547696,-1626.745148,-0.096042,1626.8411902835855,158.2366002174094,0,2.7e-11
0.9987416141425909,0.0,-0.0035167863461517,-0.0000000000000016,-0.0053762791983846,0.0000000000000021,11.0483670566708412,3.0000643530718238,-1558.118427,-0.110339,1558.2287665657752,173.9218087070622,0,3.9e-11
0.9987418625091523,0.0,-0.0035167422455063,-0.0000000000000016,-0.0053771074315559,0.0000000000000023,11.0492735423405701,3.0000643460168468,-1486.963004,-0.128532,1487.0915359349690,193.1224523701239,0,4.2e-11
0.9987421087175933,0.0,-0.0035166953161397,-0.0000000000000014,-0.0053779405974218,0.0000000000000018,11.0501896972305396,3.0000643389966140,-1413.121620,-0.151525,1413.2731444883602,216.1228029507911,0,2.7e-11
0.9987423524295299,0.0,-0.0035166453644787,-0.0000000000000013,-0.0053787785354012,0.0000000000000017,11.0511156668037422,3.0000643320186149,-1336.421593,-0.180509,1336.6021018321271,243.2363138310611,0,3.7e-11
0.9987425932705877,0.0,-0.0035165921776584,-0.0000000000000013,-0.0053796210629915,0.0000000000000018,11.0520516036261096,3.0000643250911452,-1256.672595,-0.217089,1256.8896841954522,274.8097330525052,0,3.7e-11
0.9987428308252793,0.0,-0.0035165355207579,-0.0000000000000005,-0.0053804679726874,0.0000000000000007,11.0529976683248865,3.0000643182234268,-1173.663975,-0.263472,1173.9274475610559,311.2279683725210,0,3.6e-11
0.9987430646309049,0.0,-0.0035164751335019,-0.0000000000000015,-0.0053813190283277,0.0000000000000021,11.0539540307368274,3.0000643114257444,-1087.161476,-0.322785,1087.4842613180826,352.9199086079607,0,1.3e-11
0.9987432941702337,0.0,-0.0035164107262994,-0.0000000000000028,-0.0053821739607267,0.0000000000000040,11.0549208712937759,3.0000643047096056,-996.903138,-0.399603,997.3027412749320,400.3654172637034,0,8.6e-12
0.9987435188626489,0.0,-0.0035163419754460,-0.0000000000000030,-0.0053830324623916,0.0000000000000043,11.0558983827080546,3.0000642980879477,-902.594039,-0.500894,903.0949326469237,454.1038200596813,0,7.6e-12
0.9987437380533565,0.0,-0.0035162685172626,-0.0000000000000023,-0.0053838941811366,0.0000000000000033,11.0568867720392827,3.0000642915753759,-803.899207,-0.637822,804.5370282811382,514.7442797064432,0,1.9e-11
0.9987439510000869,0.0,-0.0035161899408692,-0.0000000000000016,-0.0053847587122073,0.0000000000000022,11.0578862632531951,3.0000642851884645,-700.433404,-0.829456,701.2628594327654,582.9786027730443,0,1.3e-11
0.9987441568565530,0.0,-0.0035161057791823,-0.0000000000000007,-0.0053856255885273,0.0000000000000010,11.0588971004206158,3.0000642789461280,-591.744495,-1.111286,592.8557809107538,659.5972092116135,0,1.8e-11
0.9987443546516306,0.0,-0.0035160154975691,-0.0000000000000014,-0.0053864942684588,0.0000000000000020,11.0599195517610180,3.0000642728700924,-477.280640,-1.557803,478.8384427149524,745.5092850365618,0,1.0e-11
0.9987445432628171,0.0,-0.0035159184793683,-0.0000000000000019,-0.0053873641202377,0.0000000000000027,11.0609539148153999,3.0000642669854938,-356.302835,-2.356895,358.6597303990723,841.7685213493824,0,1.3e-11
0.9987447213819197,0.0,-0.0035158140071473,-0.0000000000000019,-0.0053882344019089,0.0000000000000027,11.0620005231524150,3.0000642613216475,-227.512789,-4.165069,231.6778583234039,949.6064697971015,0,1.1e-11
0.9987448874699703,0.0,-0.0035157012380560,-0.0000000000000026,-0.0053891042350005,0.0000000000000036,11.0630597551920484,3.0000642559130704,-84.492284,-12.645846,97.1381303274500,1070.4764443652639,0,1.1e-11
0.9987450396969280,0.0,-0.0035155791708240,-0.0000000000000021,-0.0053899725694133,0.0000000000000030,11.0641320460085169,3.0000642508008353,45.818805,0.038044,-45.8568483844215,1206.1123704776196,0,6.2e-12
0.9987451758593358,0.0,-0.0035154466006644,-0.0000000000000034,-0.0053908381355056,0.0000000000000048,11.0652179034171230,3.0000642460344280,191.296213,7.091668,-198.3878810093389,1358.6092747461516,0,1.4e-11
0.9987452932651930,0.0,-0.0035153020561799,-0.0000000000000034,-0.0053916993771726,0.0000000000000049,11.0663179303693369,3.0000642416743486,357.500528,4.275619,-361.7761468024667,1530.5360157557661,0,8.5e-12
0.9987453885684847,0.0,-0.0035151437086465,-0.0000000000000013,-0.0053925543556441,0.0000000000000019,11.0674328568994209,3.0000642377958382,534.441009,3.224112,-537.6651208055946,1725.0975334699906,0,4.7e-12
0.9987454575235145,0.0,-0.0035149692373075,-0.0000000000000034,-0.0053934006065478,0.0000000000000049,11.0685635870003161,3.0000642344944262,725.462041,2.680190,-728.1422312113901,1946.3760502307559,0,1.4e-11
0.9987454946057259,0.0,-0.0035147756215115,-0.0000000000000028,-0.0053942349187797,0.0000000000000041,11.0697112697235376,3.0000642318944881,933.572509,2.354079,-935.9265880564333,2199.7036898921360,0,2.2e-11
0.9987454923981333,0.0,-0.0035145588045963,-0.0000000000000023,-0.0053950529752834,0.0000000000000033,11.0708774113541235,3.0000642301631011,1162.530429,2.142108,-1164.6725372270880,2492.2658087983727,0,1.1e-11
0.9987454405382635,0.0,-0.0035143131177651,-0.0000000000000041,-0.0053958487328179,0.0000000000000059,11.0720640610174037,3.0000642295338418,1417.491906,1.997991,-1419.4898972069773,2834.1366598203313,0,5.0e-12
0.9987453237691418,0.0,-0.0035140302161251,-0.0000000000000049,-0.0053966132635042,0.0000000000000071,11.0732741363151437,3.0000642303508580,1706.006335,1.898114,-1707.9044495265405,3240.1953466006089,0,2.5e-11
0.9987452434259728,0.0,-0.0035138863871178,-0.0000000000000046,-0.0053969461260460,0.0000000000000066,11.0738316802293237,3.0000642313334538,1850.856276,1.863648,-1852.7199245906750,3451.3452047633473,0,1.4e-11
0.9987451410898491,0.0,-0.0035137295525156,-0.0000000000000025,-0.0053972698668891,0.0000000000000036,11.0743990286127580,3.0000642328034246,2007.533195,1.834581,-2009.3677758100907,3684.9821360271890,0,1.9e-11
0.9987450119931921,0.0,-0.0035135570789231,-0.0000000000000042,-0.0053975817792672,0.0000000000000061,11.0749771837788114,3.0000642348682298,2178.417456,1.810402,-2180.2278588200606,3945.8120600176044,0,5.9e-11
0.9987448495471831,0.0,-0.0035133653330838,-0.0000000000000014,-0.0053978780935562,0.0000000000000019,11.0755674773501305,3.0000642376764830,2366.792763,1.790753,-2368.5835153917978,4240.3408061810769,0,4.4e-11
0.9987446442048555,0.0,-0.0035131490623904,-0.0000000000000059,-0.0053981532941939,0.0000000000000085,11.0761717443986587,3.0000642414436971,2577.405359,1.775427,-2579.1807855634356,4577.9941353984177,0,5.1e-11
0.9987443812296086,0.0,-0.0035129001846436,-0.0000000000000040,-0.0053983987562228,0.0000000000000059,11.0767926305829398,3.0000642465028742,2817.555716,1.764405,-2819.3201213043112,4973.3102690433152,0,2.5e-11
0.9987440357586558,0.0,-0.0035126051272821,-0.0000000000000069,-0.0053985996631487,0.0000000000000099,11.0774341719436364,3.0000642534165847,3099.496361,1.757954,-3101.2543155251233,5450.7725690593943,0,5.9e-11
0.9987435597976350,0.0,-0.0035122378771595,-0.0000000000000058,-0.0053987266512211,0.0000000000000085,11.0781029678661600,3.0000642632728205,3446.686986,1.756898,-3448.4438837484067,6057.4759049220011,0,2.9e-11
0.9987428365471038,0.0,-0.0035117358770984,-0.0000000000000049,-0.0053987052628570,0.0000000000000071,11.0788105006708388,3.0000642787269145,3915.444295,1.763598,-3917.2078931524120,6907.2687450563535,0,4.6e-11
0.9987413759820767,0.0,-0.0035108428312943,-0.0000000000000079,-0.0053981987224097,0.0000000000000115,11.0795682116756371,3.0000643109790990,4735.640459,1.788372,-4737.4288312137760,8471.0858661122620,0,7.1e-11
0.9987408989364435,0.0,-0.0035105739161104,0.0000000000000095,-0.0053979454674545,-0.0000000000000135,11.0796876948556964,3.0000643217138041,4979.720856,1.797644,-4981.5184994692736,8953.7635125108063,0,4.3e-11
0.9987395849428724,0.0,-0.0035098720145138,0.0000000000000073,-0.0053970972456449,-0.0000000000000104,11.0797954498197075,3.0000643516324303,5611.496526,1.823879,-5613.3204052034380,10236.6928903143853,0,7.3e-11
0.9987372949042185,0.0,-0.0035087429480062,0.0000000000000140,-0.0053952501368267,-0.0000000000000202,11.0794361522612288,3.0000644046526297,6614.240927,1.868863,-6616.1097901696767,12363.1129295490682,0,5.0e-11
0.9987368790900084,0.0,-0.0035085472335120,0.0000000000000125,-0.0053948779808962,-0.0000000000000181,11.0793157871665588,3.0000644143695818,6786.614157,1.876754,-6788.4909106157402,12738.8060419335961,0,3.9e-11
0.9987365112845068,0.0,-0.0035083760339853,0.0000000000000132,-0.0053945411387830,-0.0000000000000191,11.0791977435026698,3.0000644229837374,6937.082959,1.883650,-6938.9666088215199,13069.0372601561248,0,7.2e-11
0.9987361746758324,0.0,-0.0035082208282762,0.0000000000000121,-0.0053942269716148,-0.0000000000000175,11.0790807693478293,3.0000644308820661,7073.251053,1.889891,-7075.1409444544752,13369.6740164496005,0,1.3e-11
0.9987358602833892,0.0,-0.0035080770628051,0.0000000000000138,-0.0053939287354269,-0.0000000000000200,11.0789642082602473,3.0000644382712602,7199.181981,1.895659,-7201.0776398698490,13649.1934202909470,0,9.8e-11
0.9987355626408375,0.0,-0.0035079419651564,0.0000000000000125,-0.0053936423284116,-0.0000000000000180,11.0788476658865456,3.0000644452771175,7317.349878,1.901065,-7319.2509426163142,13912.7557684071362,0,3.9e-11
0.9987352781281654,0.0,-0.0035078136990395,0.0000000000000172,-0.0053933650354532,-0.0000000000000248,11.0787308831701967,3.0000644519829458,7429.393490,1.906182,-7431.2996721383679,14163.7784138582647,0,2.1e-11
0.9987350042011920,0.0,-0.0035076909738178,0.0000000000000042,-0.0053930949486252,-0.0000000000000061,11.0786136785781384,3.0000644584472909,7536.464598,1.911064,-7538.3756613255046,14404.6630817428231,0,3.5e-11
0.9987347389909600,0.0,-0.0035075728414245,0.0000000000000249,-0.0053928306661685,-0.0000000000000362,11.0784959184195007,3.0000644647131631,7639.409242,1.915747,-7641.3249888822911,14637.1739587634802,0,3.7e-11
0.9987344810763327,0.0,-0.0035074585810697,0.0000000000000237,-0.0053925711216767,-0.0000000000000344,11.0783775002256029,3.0000644708132675,7738.870611,1.920261,-7740.7908717162909,14862.6523658223450,0,6.6e-11
0.9987342293465886,0.0,-0.0035073476295480,0.0000000000000277,-0.0053923154810045,-0.0000000000000402,11.0782583428090184,3.0000644767731690,7835.351234,1.924629,-7837.2758630981989,15082.1464829482138,0,1.1e-10
0.9987339829138717,0.0,-0.0035072395368205,0.0000000000000240,-0.0053920630766314,-0.0000000000000348,11.0781383800033595,3.0000644826133032,7929.252626,1.928870,-7931.1814954731435,15296.4939997680485,0,1.3e-10
0.9987337410548134,0.0,-0.0035071339364065,0.0000000000000086,-0.0053918133638638,-0.0000000000000125,11.0780175565539984,3.0000644883503251,8020.901711,1.932997,-8022.8347080487174,15506.3772605881095,0,7.3e-11
0.9987335031706430,0.0,-0.0035070305251304,0.0000000000000112,-0.0053915658909968,-0.0000000000000162,11.0778958253220505,3.0000644939980217,8110.568900,1.937023,-8112.5059236064735,15712.3608703762293,0,7.1e-11
0.9987332687588135,0.0,-0.0035069290487203,0.0000000000000250,-0.0053913202780647,-0.0000000000000363,11.0777731453278303,3.0000644995679675,8198.480943,1.940959,-8200.4219026319588,15914.9185570776463,0,1.5e-10
0.9987330373924390,0.0,-0.0035068292913691,0.0000000000000171,-0.0053910762014613,-0.0000000000000249,11.0776494803460075,3.0000645050699974,8284.830248,1.944814,-8286.7750623119609,16114.4526122957468,0,8.0e-11
0.9987328087050272,0.0,-0.0035067310679824,0.0000000000000290,-0.0053908333825178,-0.0000000000000422,11.0775247978750429,3.0000645105125576,8369.781802,1.948594,-8371.7303957830518,16311.3082063645124,0,3.0e-11
0.9987325823790467,0.0,-0.0035066342183648,0.0000000000000051,-0.0053905915789889,-0.0000000000000073,11.0773990683658621,3.0000645159029689,8453.478355,1.952307,-8455.4306617661914,16505.7842352166772,0,3.6e-11
0.9987323581369395,0.0,-0.0035065386026659,0.0000000000000132,-0.0053903505782968,-0.0000000000000192,11.0772722646366795,3.0000645212476327,8536.044493,1.955958,-8538.0004507629892,16698.1418670192361,0,1.3e-10
0.9987321357343276,0.0,-0.0035064440979200,0.0000000000000143,-0.0053901101924922,-0.0000000000000209,11.0771443614199061,3.0000645265521886,8617.589722,1.959552,-8619.5492733752162,16888.6109486296773,0,3.9e-11
0.9987319149545376,0.0,-0.0035063505952663,0.0000000000000261,-0.0053898702541611,-0.0000000000000380,11.0770153350083476,3.0000645318216379,8698.210950,1.963093,-8700.1740422826733,17077.3950516283512,0,3.2e-11
0.9987316956042498,0.0,-0.0035062579977370,0.0000000000000242,-0.0053896306131804,-0.0000000000000351,11.0768851629748717,3.0000645370604460,8777.994461,1.966585,-8779.9610467810217,17264.6757367998362,0,8.9e-12
0.9987314775099834,0.0,-0.0035061662184715,0.0000000000000640,-0.0053893911340972,-0.0000000000000931,11.0767538239479304,3.0000645422726233,8857.017515,1.970033,-8858.9875474056371,17450.6157669797540,0,9.1e-11
0.9987312605152314,0.0,-0.0035060751792585,0.0000000000000497,-0.0053891516939960,-0.0000000000000723,11.0766212974299769,3.0000645474617897,8935.349639,1.973438,-8937.3230770069058,17635.3619373738766,0,7.5e-11
0.9987310444781009,0.0,-0.0035059848093374,0.0000000000000255,-0.0053889121807396,-0.0000000000000371,11.0764875636492324,3.0000645526312297,9013.053707,1.976805,-9015.0305113385275,17819.0471734777093,0,4.1e-12
0.9987308292693591,0.0,-0.0035058950444042,0.0000000000000569,-0.0053886724915150,-0.0000000000000828,11.0763526034375985,3.0000645577839364,9090.186822,1.980134,-9092.1669566871424,18001.7923908159137,0,9.4e-11
0.9987306147707982,0.0,-0.0035058058257789,0.0000000000000416,-0.0053884325316171,-0.0000000000000605,11.0762163981293362,3.0000645629226499,9166.801063,1.983430,-9168.7844924977762,18183.7081945985556,0,4.7e-11
0.9987304008738410,0.0,-0.0035057170997000,0.0000000000001042,-0.0053881922134033,-0.0000000000001518,11.0760789294764166,3.0000645680498890,9242.944109,1.986693,-9244.9308024266556,18364.8959822431207,0,5.6e-11
0.9987301874784568,0.0,-0.0035056288167633,0.0000000000001087,-0.0053879514555177,-0.0000000000001583,11.0759401795767722,3.0000645731679780,9318.659747,1.989927,-9320.6496738616042,18545.4491101577878,0,3.3e-11
0.9987299744920435,0.0,-0.0035055409313665,0.0000000000001607,-0.0053877101820128,-0.0000000000002341,11.0758001308144198,3.0000645782790696,9393.988364,1.993131,-9395.9814952747220,18725.4539100825787,0,3.3e-11
0.9987297618286667,0.0,-0.0035054534013133,0.0000000000002669,-0.0053874683218167,-0.0000000000003889,11.0756587658074519,3.0000645833851629,9468.967300,1.996310,-9470.9636091469802,18904.9903662800789,0,5.8e-11
0.9987295494083120,0.0,-0.0035053661874338,0.0000000000001232,-0.0053872258081716,-0.0000000000001796,11.0755160673638429,3.0000645884881219,9543.631188,1.999463,-9545.6306502698772,19084.1329267323017,0,1.2e-10
0.9987293371562108,0.0,-0.0035052792532462,0.0000000000000465,-0.0053869825781164,-0.0000000000000677,11.0753720184434634,3.0000645935896908,9618.012257,2.002592,-9620.0148490452411,19262.9511017873883,0,6.5e-11
0.9987291250023776,0.0,-0.0035051925647126,-0.0000000000001756,-0.0053867385721778,0.0000000000002560,11.0752266021245482,3.0000645986915035,9692.140550,2.005698,-9694.1462481016133,19441.5097055062652,0,1.6e-11
0.9987289128810408,0.0,-0.0035051060899576,-0.0000000000000817,-0.0053864937339118,0.0000000000001192,11.0750798015752174,3.0000646037950989,9766.044171,2.008784,-9768.0529545692443,19619.8697440624237,0,5.7e-11
0.9987287007302666,0.0,-0.0035050197990728,-0.0000000000000997,-0.0053862480096419,0.0000000000001454,11.0749316000279716,3.0000646089019245,9839.749465,2.011849,-9841.7613139563400,19798.0885188877583,0,9.3e-11
0.9987284884915814,0.0,-0.0035049336639252,-0.0000000000000653,-0.0053860013481755,0.0000000000000954,11.0747819807574430,3.0000646140133531,9913.281187,2.014895,-9915.2960816766426,19976.2200841158628,0,3.8e-11
0.9987282761096439,0.0,-0.0035048476579910,-0.0000000000000517,-0.0053857537005601,0.0000000000000756,11.0746309270606851,3.0000646191306823,9986.662648,2.017923,-9988.6805711352572,20154.3154601901770,0,9.2e-11
0.9987280635319568,0.0,-0.0035047617562075,-0.0000000000000079,-0.0053855050198692,0.0000000000000117,11.0744784222396522,3.0000646242551472,10059.915852,2.020934,-10061.9367859437552,20332.4230689480901,0,4.3e-11
0.9987278507086099,0.0,-0.0035046759348435,-0.0000000000000007,-0.0053852552610116,0.0000000000000010,11.0743244495855624,3.0000646293879210,10133.061607,2.023928,-10135.0855354419618,20510.5887591689825,0,2.0e-10
0.9987276375920503,0.0,-0.0035045901713815,-0.0000000000000220,-0.0053850043805602,0.0000000000000320,11.0741689923648803,3.0000646345301272,10206.119633,2.026907,-10208.1465404879091,20688.8563271984458,0,1.1e-10
0.9987274241368784,0.0,-0.0035045044444143,-0.0000000000000200,-0.0053847523366010,0.0000000000000292,11.0740120338066905,3.0000646396828352,10279.108653,2.029871,-10281.1385246782447,20867.2673362791538,0,1.4e-10
0.9987272102996642,0.0,-0.0035044187335510,-0.0000000000000188,-0.0053844990885959,0.0000000000000275,11.0738535570912866,3.0000646448470740,10352.046478,2.032821,-10354.0792991608123,21045.8616150245070,0,6.8e-11
0.9987269960387821,0.0,-0.0035043330193335,-0.0000000000000185,-0.0053842445972606,0.0000000000000271,11.0736935453398111,3.0000646500238290,10424.950078,2.035758,-10426.9858365982764,21224.6771867424250,0,1.1e-10
0.9987267813142631,0.0,-0.0035042472831606,-0.0000000000000211,-0.0053839888244541,0.0000000000000308,11.0735319816048055,3.0000646552140475,10497.835657,2.038682,-10499.8743392709403,21403.7505911067128,0,8.4e-11
0.9987265660876593,0.0,-0.0035041615072192,-0.0000000000000382,-0.0053837317330777,0.0000000000000558,11.0733688488615680,3.0000646604186443,10570.718706,2.041594,-10572.7603000232866,21583.1168878301978,0,3.9e-11
0.9987263503219235,0.0,-0.0035040756744232,-0.0000000000000421,-0.0053834732869862,0.0000000000000616,11.0732041300002084,3.0000646656385008,10643.614062,2.044494,-10645.6585568369592,21762.8097558617592,0,6.2e-11
0.9987261339812992,0.0,-0.0035039897683570,-0.0000000000000294,-0.0053832134509051,0.0000000000000430,11.0730378078183129,3.0000646708744698,10716.535960,2.047384,-10718.5833433886110,21942.8616615533829,0,1.5e-10
0.9987259170312190,0.0,-0.0035039037732242,-0.0000000000000175,-0.0053829521903556,0.0000000000000255,11.0728698650141624,3.0000646761273759,10789.498073,2.050263,-10791.5483352940792,22123.3040883019567,0,1.2e-10
0.9987256994382148,0.0,-0.0035038176738016,-0.0000000000000284,-0.0053826894715869,0.0000000000000416,11.0727002841804207,3.0000646813980212,10862.513559,2.053131,-10864.5666899540374,22304.1673121675849,0,4.9e-11
0.9987254811698330,0.0,-0.0035037314553963,-0.0000000000000137,-0.0053824252615135,0.0000000000000200,11.0725290477982430,3.0000646866871818,10935.595095,2.055991,-10937.6510852758820,22485.4806416034698,0,1.3e-10
0.9987252621945599,0.0,-0.0035036451038071,-0.0000000000000424,-0.0053821595276590,0.0000000000000620,11.0723561382317648,3.0000646919956164,11008.754914,2.058841,-11010.8137547784499,22667.2726226449013,0,7.2e-11
0.9987250424817505,0.0,-0.0035035586052888,0.0000000000000011,-0.0053818922381032,-0.0000000000000016,11.0721815377229174,3.0000646973240608,11082.004836,2.061682,-11084.0665179539410,22849.5708104819059,0,1.6e-10
0.9987248220015487,0.0,-0.0035034719465132,-0.0000000000000024,-0.0053816233614147,0.0000000000000036,11.0720052283865922,3.0000647026732348,11155.356302,2.064515,-11157.4208169443264,23032.4021855443716,0,6.0e-11
0.9987246007248946,0.0,-0.0035033851145652,-0.0000000000000079,-0.0053813528666869,0.0000000000000116,11.0718271922058005,3.0000647080438387,11228.820377,2.067340,-11230.8877173659712,23215.7927819564939,0,8.9e-11
0.9987243786233680,0.0,-0.0035032980968747,0.0000000000000009,-0.0053810807233746,-0.0000000000000013,11.0716474110276017,3.0000647134365614,11302.407814,2.070158,-11304.4779716544035,23399.7681670859456,0,6.9e-11
0.9987241556692086,0.0,-0.0035032108812190,-0.0000000000000193,-0.0053808069013389,0.0000000000000283,11.0714658665586985,3.0000647188520744,11376.129047,2.072968,-11378.2020153510202,23584.3532294183969,0,2.5e-11
0.9987239318352514,0.0,-0.0035031234556918,0.0000000000000016,-0.0053805313707932,-0.0000000000000023,11.0712825403614907,3.0000647242910361,11449.994223,2.075772,-11452.0699946407876,23769.5722347348928,0,4.6e-11
0.9987237070948835,0.0,-0.0035030358086814,0.0000000000000009,-0.0053802541022685,-0.0000000000000012,11.0710974138502394,3.0000647297540946,11524.013218,2.078568,-11526.0917866162345,23955.4490170180798,0,6.0e-11
0.9987234814220047,0.0,-0.0035029479288506,0.0000000000000067,-0.0053799750665846,-0.0000000000000097,11.0709104682873782,3.0000647352418848,11598.195657,2.081359,-11600.2770162528323,24142.0068430602551,0,1.4e-10
0.9987232547909914,0.0,-0.0035028598051178,-0.0000000000000041,-0.0053796942348231,0.0000000000000061,11.0707216847799543,3.0000647407550316,11672.550931,2.084143,-11674.6350741243896,24329.2686261534691,0,3.6e-11
0.9987230271766605,0.0,-0.0035027714266393,-0.0000000000000005,-0.0053794115782990,0.0000000000000008,11.0705310442761906,3.0000647462941505,11747.088208,2.086922,-11749.1751302634475,24517.2566707283258,0,1.3e-10
0.9987227985542393,0.0,-0.0035026827827935,-0.0000000000000006,-0.0053791270685387,0.0000000000000009,11.0703385275621518,3.0000647518598478,11821.816456,2.089695,-11823.9061508752475,24705.9930928349495,0,1.1e-10
0.9987225688993346,0.0,-0.0035025938631653,-0.0000000000000027,-0.0053788406772565,0.0000000000000040,11.0701441152585058,3.0000647574527219,11896.744447,2.092463,-11898.8369097357900,24895.4995163381100,0,7.2e-11
0.9987223381879059,0.0,-0.0035025046575326,-0.0000000000000135,-0.0053785523763335,0.0000000000000198,11.0699477878173624,3.0000647630733628,11971.880776,2.095226,-11973.9760016451655,25085.7972564697266,0,3.7e-11
0.9987221063962383,0.0,-0.0035024151558520,0.0000000000000036,-0.0053782621377974,-0.0000000000000052,11.0697495255191960,3.0000647687223538,12047.233870,2.097984,-12049.3318538003259,25276.9072644263506,0,1.8e-10
0.9987218735009195,0.0,-0.0035023253482474,0.0000000000000024,-0.0053779699338053,-0.0000000000000034,11.0695493084698260,3.0000647744002720,12122.812000,2.100738,-12124.9127381584549,25468.8503948301077,0,3.7e-11
0.9987216394788159,0.0,-0.0035022352249980,0.0000000000000014,-0.0053776757366238,-0.0000000000000021,11.0693471165974628,3.0000647801076887,12198.623291,2.103487,-12200.7267782437975,25661.6468782275915,0,1.4e-10
0.9987214043070520,0.0,-0.0035021447765273,0.0000000000000036,-0.0053773795186153,-0.0000000000000053,11.0691429296498036,3.0000647858451686,12274.675731,2.106232,-12276.7819633938889,25855.3170757293701,0,1.1e-10
0.9987211679629905,0.0,-0.0035020539933931,-0.0000000000000203,-0.0053770812522204,0.0000000000000298,11.0689367271911738,3.0000647916132732,12350.977180,2.108973,-12353.0861536200900,26049.8808603584766,0,1.3e-10
0.9987209304242128,0.0,-0.0035019628662779,-0.0000000000000046,-0.0053767809099443,0.0000000000000067,11.0687284885997066,3.0000647974125578,12427.535380,2.111711,-12429.6470907270668,26245.3580126911402,0,7.9e-11
0.9987206916685017,0.0,-0.0035018713859796,-0.0000000000000125,-0.0053764784643428,0.0000000000000184,11.0685181930645626,3.0000648032435748,12504.357961,2.114444,-12506.4724048248718,26441.7680259943008,0,1.1e-10
0.9987204516738246,0.0,-0.0035017795434030,-0.0000000000000016,-0.0053761738880094,0.0000000000000024,11.0683058195831787,3.0000648091068718,12581.452448,2.117174,-12583.5696226623477,26639.1302807480097,0,1.6e-10
0.9987202104183180,0.0,-0.0035016873295520,-0.0000000000000019,-0.0053758671535629,0.0000000000000027,11.0680913469585462,3.0000648150029932,12658.826273,2.119901,-12660.9461745819281,26837.4640132784843,0,9.5e-11
0.9987199678802720,0.0,-0.0035015947355217,-0.0000000000000078,-0.0053755582336351,0.0000000000000114,11.0678747537965041,3.0000648209324812,12736.486775,2.122625,-12738.6094001505626,27036.7881646156311,0,2.3e-10
0.9987197240381168,0.0,-0.0035015017524915,-0.0000000000000120,-0.0053752471008606,0.0000000000000177,11.0676560185030599,3.0000648268958754,12814.441211,2.125346,-12816.5665568807126,27237.1217675209045,0,1.2e-10
0.9987194788704090,0.0,-0.0035014083717178,-0.0000000000000133,-0.0053749337278655,0.0000000000000195,11.0674351192817237,3.0000648328937114,12892.696759,2.128064,-12894.8248230640711,27438.4834986776114,0,8.3e-11
0.9987192323558194,0.0,-0.0035013145845278,0.0000000000000074,-0.0053746180872581,-0.0000000000000107,11.0672120341308560,3.0000648389265243,12971.260526,2.130779,-12973.3913056508682,27640.8920332044363,0,6.5e-11
0.9987189844731205,0.0,-0.0035012203823135,-0.0000000000000110,-0.0053743001516184,0.0000000000000161,11.0669867408410223,3.0000648449948466,13050.139553,2.133492,-13052.2730447755021,27844.3659009486437,0,1.2e-10
0.9987187352011755,0.0,-0.0035011257565257,-0.0000000000000023,-0.0053739798934896,0.0000000000000033,11.0667592169923665,3.0000648510992098,13129.340817,2.136202,-13131.4770192884771,28048.9235776811838,0,2.0e-10
0.9987184845189271,0.0,-0.0035010306986681,-0.0000000000000009,-0.0053736572853695,0.0000000000000013,11.0665294399519727,3.0000648572401438,13208.871242,2.138910,-13211.0101515618589,28254.5835074633360,0,7.1e-11
0.9987182324053876,0.0,-0.0035009352002927,-0.0000000000000081,-0.0053733322997007,0.0000000000000120,11.0662973868712466,3.0000648634181770,13288.737695,2.141615,-13290.8793103132084,28461.3638533800840,0,1.7e-10
0.9987179788396290,0.0,-0.0035008392529941,-0.0000000000000079,-0.0053730049088657,0.0000000000000116,11.0660630346832924,3.0000648696338374,13368.947000,2.144319,-13371.0913184690035,28669.2829922437668,0,5.0e-11
0.9987177238007733,0.0,-0.0035007428484051,-0.0000000000000082,-0.0053726750851748,0.0000000000000121,11.0658263601002851,3.0000648758876531,13449.505933,2.147020,-13451.6529531972556,28878.3589425384998,0,1.9e-10
0.9987174672679839,0.0,-0.0035006459781917,-0.0000000000000063,-0.0053723428008632,0.0000000000000093,11.0655873396108486,3.0000648821801517,13530.421235,2.149719,-13532.5709540826392,29088.6099999845028,0,8.8e-11
0.9987172092204573,0.0,-0.0035005486340492,-0.0000000000000086,-0.0053720080280807,0.0000000000000126,11.0653459494774218,3.0000648885118584,13611.699606,2.152417,-13613.8520230012018,29300.0541435629129,0,7.9e-11
0.9987169496374140,0.0,-0.0035004508076973,-0.0000000000000079,-0.0053716707388868,0.0000000000000117,11.0651021657336290,3.0000648948833017,13693.347718,2.155113,-13695.5028306873792,29512.7095069587231,0,5.7e-11
0.9987166884980917,0.0,-0.0035003524908768,-0.0000000000000075,-0.0053713309052429,0.0000000000000110,11.0648559641816338,3.0000649012950080,13775.372210,2.157807,-13777.5300174343938,29726.5939750820398,0,9.0e-11
0.9987164257817374,0.0,-0.0035002536753449,-0.0000000000000026,-0.0053709884990071,0.0000000000000039,11.0646073203894932,3.0000649077475048,13857.779701,2.160499,-13859.9402003501091,29941.7257341742516,0,2.8e-11
0.9987161614675996,0.0,-0.0035001543528720,-0.0000000000000071,-0.0053706434919269,0.0000000000000105,11.0643562096884995,3.0000649142413214,13940.576782,2.163190,-13942.7399721415568,30158.1226893514395,0,2.0e-11
0.9987158955349228,0.0,-0.0035000545152380,-0.0000000000000000,-0.0053702958556344,0.0000000000000000,11.0641026071705060,3.0000649207769854,14023.770027,2.165880,-14025.9359065607950,30375.8028075098991,0,1.4e-10
0.9987156279629394,0.0,-0.0034999541542289,-0.0000000000000032,-0.0053699455616399,0.0000000000000047,11.0638464876852556,3.0000649273550271,14107.365994,2.168568,-14109.5345621117376,30594.7841916680336,0,9.7e-11
0.9987153587308641,0.0,-0.0034998532616329,-0.0000000000000014,-0.0053695925813266,0.0000000000000020,11.0635878258376810,3.0000649339759771,14191.371227,2.171255,-14193.5424818253341,30815.0847279280424,0,2.2e-10
0.9987150878178875,0.0,-0.0034997518292380,-0.0000000000000009,-0.0053692368859454,0.0000000000000013,11.0633265959852007,3.0000649406403683,14275.792259,2.173940,-14277.9661995180286,31036.7225314527750,0,2.0e-10
0.9987148152031702,0.0,-0.0034996498488280,-0.0000000000000033,-0.0053688784466093,0.0000000000000049,11.0630627722350017,3.0000649473487329,14360.635615,2.176625,-14362.8122397944426,31259.7156187295914,0,8.0e-11
0.9987145408658372,0.0,-0.0034995473121803,-0.0000000000000075,-0.0053685172342891,0.0000000000000112,11.0627963284412960,3.0000649541016062,14445.907813,2.179308,-14448.0871207619002,31484.0819733738899,0,7.4e-11
0.9987142647849717,0.0,-0.0034994442110623,-0.0000000000000039,-0.0053681532198072,0.0000000000000058,11.0625272382025770,3.0000649608995249,14531.615368,2.181990,-14533.7973584502251,31709.8397363126278,0,8.7e-12
0.9987139869396111,0.0,-0.0034993405372289,-0.0000000000000091,-0.0053677863738348,0.0000000000000135,11.0622554748588442,3.0000649677430267,14617.764795,2.184671,-14619.9494664437989,31937.0069497674704,0,8.0e-11
0.9987137073087400,0.0,-0.0034992362824198,-0.0000000000000018,-0.0053674166668847,0.0000000000000027,11.0619810114888200,3.0000649746326529,14704.362610,2.187351,-14706.5499608849968,32165.6018414348364,0,7.2e-11
0.9987134258712865,0.0,-0.0034991314383563,-0.0000000000000077,-0.0053670440693090,0.0000000000000114,11.0617038209071445,3.0000649815689440,14791.415330,2.190030,-14793.6053602790489,32395.6425702273846,0,7.4e-11
0.9987131426061173,0.0,-0.0034990259967393,-0.0000000000000064,-0.0053666685512940,0.0000000000000094,11.0614238756615482,3.0000649885524453,14878.929481,2.192708,-14881.1221890084453,32627.1473911255598,0,3.2e-11
0.9987128574920321,0.0,-0.0034989199492466,-0.0000000000000055,-0.0053662900828549,0.0000000000000083,11.0611411480300106,3.0000649955837027,14966.911593,2.195385,-14969.1069782264749,32860.1345390081406,0,1.0e-10
0.9987125705077595,0.0,-0.0034988132875298,0.0000000000000001,-0.0053659086338331,-0.0000000000000002,11.0608556100178941,3.0000650026632654,15055.368209,2.198061,-15057.5662698185479,33094.6224143058062,0,1.2e-10
0.9987122816319527,0.0,-0.0034987060032130,-0.0000000000000038,-0.0053655241738906,0.0000000000000056,11.0605672333550604,3.0000650097916850,15144.305879,2.200737,-15146.5066159279922,33330.6293697506189,0,2.0e-10
0.9987119908431851,0.0,-0.0034985980878893,-0.0000000000000064,-0.0053651366725079,0.0000000000000094,11.0602759894929576,3.0000650169695149,15233.731172,2.203411,-15235.9345832941053,33568.1739655584097,0,1.0e-10
0.9987116981199451,0.0,-0.0034984895331190,-0.0000000000000074,-0.0053647460989774,0.0000000000000109,11.0599818496016962,3.0000650241973119,15323.650667,2.206085,-15325.8567519885510,33807.2746194303036,0,1.0e-10
0.9987114034406338,0.0,-0.0034983803304277,-0.0000000000000058,-0.0053643524224015,0.0000000000000086,11.0596847845670894,3.0000650314756356,15414.070962,2.208758,-15416.2797202255570,34047.9499532580376,0,1.2e-10
0.9987111067835591,0.0,-0.0034982704713031,-0.0000000000000041,-0.0053639556116883,0.0000000000000061,11.0593847649876835,3.0000650388050478,15504.998675,2.211430,-15507.2101047613942,34290.2186712920666,0,8.5e-11
0.9987108081269328,0.0,-0.0034981599471938,-0.0000000000000086,-0.0053635556355475,0.0000000000000128,11.0590817611717540,3.0000650461861138,15596.440441,2.214101,-15598.6545423732896,34534.0995036363602,0,3.1e-11
0.9987105074488668,0.0,-0.0034980487495065,-0.0000000000000061,-0.0053631524624871,0.0000000000000091,11.0587757431342766,3.0000650536194025,15688.402919,2.216772,-15690.6196910518738,34779.6111866086721,0,1.7e-10
0.9987102047273684,0.0,-0.0034979368696040,-0.0000000000000024,-0.0053627460608093,0.0000000000000036,11.0584666805938845,3.0000650611054849,15780.892793,2.219442,-15783.1122348433710,35026.7728088349104,0,4.9e-11
0.9987098999403373,0.0,-0.0034978242988035,-0.0000000000000023,-0.0053623363986073,0.0000000000000034,11.0581545429697865,3.0000650686449366,15873.916769,2.222111,-15876.1388794874620,35275.6031613200903,0,1.7e-10
0.9987095930655626,0.0,-0.0034977110283739,0.0000000000000017,-0.0053619234437621,-0.0000000000000025,11.0578392993786654,3.0000650762383345,15967.481582,2.224779,-15969.7063611292979,35526.1215321570635,0,4.1e-12
0.9987092840807174,0.0,-0.0034975970495343,-0.0000000000000028,-0.0053615071639375,0.0000000000000041,11.0575209186315533,3.0000650838862617,16061.593993,2.227447,-16063.8214400255783,35778.3468484729528,0,1.6e-10
0.9987089729633570,0.0,-0.0034974823534518,-0.0000000000000023,-0.0053610875265789,0.0000000000000034,11.0571993692306716,3.0000650915893026,16156.260797,2.230114,-16158.4909109166074,36032.2986512631178,0,3.7e-11
0.9987086596909149,0.0,-0.0034973669312396,-0.0000000000000074,-0.0053606644989078,0.0000000000000110,11.0568746193662495,3.0000650993480469,16251.488815,2.232780,-16253.7215948176799,36287.9960656762123,0,1.2e-11
0.9987083442406991,0.0,-0.0034972507739549,-0.0000000000000090,-0.0053602380479201,0.0000000000000134,11.0565466369133105,3.0000651071630871,16347.284903,2.235445,-16349.5203482320503,36545.4586123973131,0,1.1e-10
0.9987080265898892,0.0,-0.0034971338725969,-0.0000000000000045,-0.0053598081403818,0.0000000000000068,11.0562153894284343,3.0000651150350186,16443.655952,2.238110,-16445.8940615814972,36804.7059079706669,0,1.8e-10
0.9987077067155329,0.0,-0.0034970162181052,-0.0000000000000005,-0.0053593747428260,0.0000000000000008,11.0558808441464880,3.0000651229644437,16540.608887,2.240773,-16542.8496609601571,37065.7576894164085,0,2.1e-11
0.9987073845945427,0.0,-0.0034968978013578,-0.0000000000000028,-0.0053589378215492,0.0000000000000041,11.0555429679773241,3.0000651309519650,16638.150670,2.243436,-16640.3941061578589,37328.6335267126560,0,1.7e-10
0.9987070602036932,0.0,-0.0034967786131688,-0.0000000000000025,-0.0053584973426097,0.0000000000000037,11.0552017275024603,3.0000651389981923,16736.288301,2.246099,-16738.5343996985794,37593.3535395562649,0,4.9e-11
0.9987067335196171,0.0,-0.0034966586442873,-0.0000000000000053,-0.0053580532718217,0.0000000000000079,11.0548570889717102,3.0000651471037383,16835.028820,2.248760,-16837.2775798282892,37859.9375753104687,0,3.6e-12
0.9987064045188031,0.0,-0.0034965378853947,-0.0000000000000031,-0.0053576055747553,0.0000000000000046,11.0545090182998020,3.0000651552692199,16934.379306,2.251420,-16936.6307263088129,38128.4057247042656,0,1.2e-10
0.9987060731775920,0.0,-0.0034964163271033,-0.0000000000000085,-0.0053571542167302,0.0000000000000127,11.0541574810629566,3.0000651634952575,17034.346883,2.254080,-17036.6009633646499,38398.7783684730530,0,9.2e-12
0.9987057394721740,0.0,-0.0034962939599546,-0.0000000000000046,-0.0053566991628158,0.0000000000000069,11.0538024424954315,3.0000651717824782,17134.938716,2.256738,-17137.1954542493440,38671.0756682455540,0,1.1e-10
0.9987054033785857,0.0,-0.0034961707744169,-0.0000000000000061,-0.0053562403778251,0.0000000000000090,11.0534438674860400,3.0000651801315117,17236.162014,2.259396,-17238.4214104824750,38945.3181895017624,0,2.1e-10
0.9987050648727073,0.0,-0.0034960467608840,-0.0000000000000078,-0.0053557778263140,0.0000000000000116,11.0530817205746352,3.0000651885429925,17338.024036,2.262053,-17340.2860890199117,39221.5266380608082,0,4.7e-11
0.9987047239302590,0.0,-0.0034959219096731,-0.0000000000000061,-0.0053553114725768,0.0000000000000091,11.0527159659485559,3.0000651970175607,17440.532082,2.264709,-17442.7967903999634,39499.7214904725552,0,2.0e-10
0.9987043805267991,0.0,-0.0034957962110231,0.0000000000000002,-0.0053548412806439,-0.0000000000000002,11.0523465674390504,3.0000652055558601,17543.693506,2.267363,-17545.9608688399021,39779.9238675832748,0,6.4e-13
0.9987040346377075,0.0,-0.0034956696550881,-0.0000000000000022,-0.0053543672142614,0.0000000000000033,11.0519734885176710,3.0000652141585409,17647.515710,2.270017,-17649.7857268958833,40062.1545105576515,0,6.7e-11
0.9987036862382341,0.0,-0.0034955422319540,-0.0000000000000024,-0.0053538892369570,0.0000000000000035,11.0515966922925575,3.0000652228262554,17752.006140,2.272669,-17754.2788085430657,40346.4346236586571,0,4.7e-11
0.9987033353034193,0.0,-0.0034954139316090,-0.0000000000000051,-0.0053534073119335,0.0000000000000076,11.0512161415048524,3.0000652315596636,17857.172302,2.275320,-17859.4476218299460,40632.7854735553265,0,9.0e-11
0.9987029818081423,0.0,-0.0034952847439600,-0.0000000000000012,-0.0053529214021350,0.0000000000000018,11.0508317985249160,3.0000652403594303,17963.021751,2.277970,-17965.2997212259834,40921.2282575368881,0,1.2e-10
0.9987026257271054,0.0,-0.0034951546588266,-0.0000000000000036,-0.0053524314702262,0.0000000000000053,11.0504436253485814,3.0000652492262230,18069.562102,2.280619,-18071.8427204201798,41211.7847408354282,0,6.4e-11
0.9987022670348319,0.0,-0.0034950236659392,-0.0000000000000040,-0.0053519374785910,0.0000000000000060,11.0500515835933690,3.0000652581607183,18176.801017,2.283266,-18179.0842835855074,41504.4763976037502,0,1.3e-10
0.9987019057056621,0.0,-0.0034948917549367,-0.0000000000000013,-0.0053514393893278,0.0000000000000021,11.0496556344946519,3.0000652671635941,18284.746222,2.285912,-18287.0321343350224,41799.3250795900822,0,1.8e-10
0.9987015417137515,0.0,-0.0034947589153652,-0.0000000000000023,-0.0053509371642473,0.0000000000000034,11.0492557389017954,3.0000652762355373,18393.405497,2.288557,-18395.6940537789342,42096.3527740836143,0,1.1e-10
0.9987011750330675,0.0,-0.0034946251366758,-0.0000000000000014,-0.0053504307648703,0.0000000000000021,11.0488518572742525,3.0000652853772363,18502.786680,2.291200,-18505.0778797266248,42395.5813854038715,0,2.6e-10
0.9987008056373869,0.0,-0.0034944904082229,-0.0000000000000010,-0.0053499201524231,0.0000000000000015,11.0484439496776243,3.0000652945893895,18612.897673,2.293841,-18615.1915143712176,42697.0333763957024,0,1.2e-10
0.9987004335002929,0.0,-0.0034943547192623,-0.0000000000000023,-0.0053494052878367,0.0000000000000035,11.0480319757796863,3.0000653038726983,18723.746435,2.296481,-18726.0429161532666,43000.7308763563633,0,2.1e-10
0.9987000585951727,0.0,-0.0034942180589492,0.0000000000000001,-0.0053488861317430,-0.0000000000000002,11.0476158948463627,3.0000653132278692,18835.340990,2.299119,-18837.6401092611704,43306.6964968442917,0,2.9e-10
0.9986996808952145,0.0,-0.0034940804163364,-0.0000000000000016,-0.0053483626444711,0.0000000000000024,11.0471956657376822,3.0000653226556158,18947.689427,2.301756,-18949.9911824500232,43614.9530429542065,0,7.7e-11
0.9986993003734047,0.0,-0.0034939417803727,-0.0000000000000019,-0.0053478347860458,0.0000000000000028,11.0467712469036723,3.0000653321566584,19060.799894,2.304390,-19063.1042842785464,43925.5230892598629,0,7.7e-11
0.9986989170025253,0.0,-0.0034938021399004,-0.0000000000000012,-0.0053473025161841,0.0000000000000018,11.0463425963802351,3.0000653417317205,19174.680611,2.307023,-19176.9876342990319,44238.4297763109207,0,8.9e-11
0.9986985307551515,0.0,-0.0034936614836538,0.0000000000000008,-0.0053467657942924,-0.0000000000000012,11.0459096717849636,3.0000653513815347,19289.339860,2.309654,-19291.6495134765210,44553.6959268450737,0,2.0e-10
0.9986981416036481,0.0,-0.0034935198002573,-0.0000000000000000,-0.0053462245794641,0.0000000000000001,11.0454724303129339,3.0000653611068380,19404.785997,2.312282,-19407.0982789402551,44871.3452273905277,0,7.7e-11
0.9986977495201679,0.0,-0.0034933770782228,-0.0000000000000021,-0.0053456788304761,0.0000000000000031,11.0450308287324432,3.0000653709083736,19521.027440,2.314909,-19523.3423489280249,45191.4008029699326,0,1.8e-10
0.9986973544766480,0.0,-0.0034932333059489,-0.0000000000000002,-0.0053451285057867,0.0000000000000003,11.0445848233807133,3.0000653807868902,19638.072684,2.317533,-19640.3902176422016,45513.8864192664623,0,1.5e-10
0.9986969564448075,0.0,-0.0034930884717178,-0.0000000000000013,-0.0053445735635320,0.0000000000000020,11.0441343701595525,3.0000653907431456,19755.930293,2.320155,-19758.2504486796715,45838.8258024752140,0,3.1e-11
0.9986965553961450,0.0,-0.0034929425636939,-0.0000000000000013,-0.0053440139615241,0.0000000000000021,11.0436794245309695,3.0000654007779013,19874.608903,2.322775,-19876.9316780687077,46166.2428421974182,0,2.6e-10
0.9986961513019352,0.0,-0.0034927955699216,0.0000000000000005,-0.0053434496572469,-0.0000000000000007,11.0432199415127492,3.0000654108919265,19994.117221,2.325392,-19996.4426128615960,46496.1613255739212,0,4.8e-11
0.9986957441332273,0.0,-0.0034926474783235,0.0000000000000018,-0.0053428806078552,-0.0000000000000027,11.0427558756739845,3.0000654210859965,20114.464034,2.328007,-20116.7920403884418,46828.6056731939316,0,2.4e-10
0.9986953338608408,0.0,-0.0034924982766977,0.0000000000000020,-0.0053423067701705,-0.0000000000000029,11.0422871811305630,3.0000654313608939,20235.658205,2.330619,-20237.9888232908525,47163.6003887057304,0,3.5e-10
0.9986949204553639,0.0,-0.0034923479527168,-0.0000000000000014,-0.0053417281006783,0.0000000000000022,11.0418138115406084,3.0000654417174082,20357.708674,2.333228,-20360.0419015082334,47501.1701440513134,0,6.2e-11
0.9986945038871503,0.0,-0.0034921964939247,0.0000000000000019,-0.0053411445555258,-0.0000000000000029,11.0413357200998803,3.0000654521563344,20480.624453,2.335834,-20482.9602868903239,47841.3392267227173,0,1.9e-10
0.9986940841263167,0.0,-0.0034920438877353,-0.0000000000000016,-0.0053405560905190,0.0000000000000024,11.0408528595371251,3.0000654626784748,20604.414642,2.338437,-20606.7530792704929,48184.1328077018261,0,1.6e-10
0.9986936611427395,0.0,-0.0034918901214299,-0.0000000000000024,-0.0053399626611197,0.0000000000000036,11.0403651821093849,3.0000654732846406,20729.088416,2.341038,-20731.4294535181907,48529.5757316052914,0,3.6e-10
0.9986932349060528,0.0,-0.0034917351821552,-0.0000000000000015,-0.0053393642224433,0.0000000000000022,11.0398726395972542,3.0000654839756487,20854.655038,2.343635,-20856.9986729882366,48877.6935816109180,0,6.9e-11
0.9986928053856451,0.0,-0.0034915790569213,-0.0000000000000001,-0.0053387607292552,0.0000000000000001,11.0393751833000966,3.0000654947523215,20981.123846,2.346229,-20983.4700741038614,49228.5112579464912,0,1.7e-10
0.9986923725506567,0.0,-0.0034914217325990,0.0000000000000009,-0.0053381521359688,-0.0000000000000012,11.0388727640312130,3.0000655056154910,21108.504267,2.348819,-21110.8530861587315,49582.0545702278614,0,1.7e-10
0.9986919363699767,0.0,-0.0034912631959182,0.0000000000000005,-0.0053375383966423,-0.0000000000000008,11.0383653321129582,3.0000655165659964,21236.805814,2.351406,-21239.1572198736540,49938.3491572737694,0,2.0e-10
0.9986914968122405,0.0,-0.0034911034334654,0.0000000000000001,-0.0053369194649757,-0.0000000000000002,11.0378528373718083,3.0000655276046841,21366.038085,2.353989,-21368.3920743165836,50297.4209755063057,0,8.8e-11
0.9986910538458270,0.0,-0.0034909424316811,-0.0000000000000027,-0.0053362952943091,0.0000000000000040,11.0373352291333884,3.0000655387324064,21496.210764,2.356569,-21498.5673325989337,50659.2958714067936,0,2.2e-10
0.9986906074388556,0.0,-0.0034907801768579,-0.0000000000000043,-0.0053356658376192,0.0000000000000064,11.0368124562174437,3.0000655499500244,21627.333628,2.359144,-21629.6927721033353,51024.0002770721912,0,1.7e-10
0.9986901575591836,0.0,-0.0034906166551381,-0.0000000000000022,-0.0053350310475161,0.0000000000000033,11.0362844669327576,3.0000655612584088,21759.416540,2.361716,-21761.7782562229477,51391.5604840517044,0,1.1e-10
0.9986897041744026,0.0,-0.0034904518525112,-0.0000000000000043,-0.0053343908762413,0.0000000000000064,11.0357512090720320,3.0000655726584347,21892.469456,2.364283,-21894.8337395407398,51762.0029427409172,0,2.3e-10
0.9986892472518371,0.0,-0.0034902857548118,-0.0000000000000027,-0.0053337452756650,0.0000000000000040,11.0352126299067042,3.0000655841509878,22026.502425,2.366847,-22028.8692715612779,52135.3544779717922,0,3.2e-10
0.9986887867585400,0.0,-0.0034901183477167,0.0000000000000012,-0.0053330941972832,-0.0000000000000018,11.0346686761817168,3.0000655957369591,22161.525591,2.369406,-22163.8949962826009,52511.6421429216862,0,8.1e-11
0.9986883226612912,0.0,-0.0034899496167430,0.0000000000000006,-0.0053324375922142,-0.0000000000000009,11.0341192941102388,3.0000656074172505,22297.549185,2.371960,-22299.9211446928384,52890.8925598859787,0,3.3e-10
0.9986878549265934,0.0,-0.0034897795472453,0.0000000000000017,-0.0053317754111975,-0.0000000000000026,11.0335644293683330,3.0000656191927697,22434.583546,2.374510,-22436.9580553906271,53273.1333978176117,0,1.9e-10
0.9986873835206704,0.0,-0.0034896081244131,0.0000000000000006,-0.0053311076045896,-0.0000000000000009,11.0330040270895644,3.0000656310644342,22572.639100,2.377054,-22575.0161547639364,53658.3918133080006,0,1.6e-10
0.9986869084094631,0.0,-0.0034894353332687,0.0000000000000011,-0.0053304341223616,-0.0000000000000016,11.0324380318595665,3.0000656430331696,22711.726376,2.379594,-22714.1059700798214,54046.6952635943890,0,3.7e-10
0.9986864295586274,0.0,-0.0034892611586643,-0.0000000000000026,-0.0053297549140974,0.0000000000000039,11.0318663877105401,3.0000656550999087,22851.856005,2.382129,-22854.2381341650253,54438.0718884170055,0,1.6e-10
0.9986859469335309,0.0,-0.0034890855852791,-0.0000000000000039,-0.0053290699289901,0.0000000000000059,11.0312890381157125,3.0000656672655945,22993.038712,2.384659,-22995.4233703114587,54832.5491403043270,0,2.6e-10
0.9986854604992497,0.0,-0.0034889085976175,-0.0000000000000022,-0.0053283791158393,0.0000000000000033,11.0307059259837263,3.0000656795311773,23135.285330,2.387183,-23137.6725124098375,55230.1553241312504,0,2.6e-10
0.9986849702205660,0.0,-0.0034887301800057,0.0000000000000012,-0.0053276824230488,-0.0000000000000017,11.0301169936529853,3.0000656918976167,23278.606794,2.389701,-23280.9964950822832,55630.9186991453171,0,1.1e-10
0.9986844760619646,0.0,-0.0034885503165892,-0.0000000000000012,-0.0053269797986236,0.0000000000000019,11.0295221828859376,3.0000657043658809,23423.014141,2.392214,-23425.4063549980128,56034.8675211071968,0,8.4e-11
0.9986839779876303,0.0,-0.0034883689913303,-0.0000000000000021,-0.0053262711901675,0.0000000000000031,11.0289214348633013,3.0000657169369478,23568.518516,2.394721,-23570.9132374983310,56442.0303917527199,0,8.0e-11
0.9986834759614441,0.0,-0.0034881861880048,-0.0000000000000015,-0.0053255565448798,0.0000000000000023,11.0283146901782363,3.0000657296118032,23715.131172,2.397222,-23717.5283937571439,56852.4360217452049,0,1.5e-10
0.9986829699469816,0.0,-0.0034880018901997,-0.0000000000000014,-0.0053248358095544,0.0000000000000022,11.0277018888304568,3.0000657423914419,23862.863471,2.399717,-23865.2631879514811,57266.1136119961739,0,2.6e-10
0.9986824599075080,0.0,-0.0034878160813100,-0.0000000000000006,-0.0053241089305742,0.0000000000000010,11.0270829702202828,3.0000657552768684,24011.726875,2.402205,-24014.1290796030371,57683.0914505124092,0,1.4e-10
0.9986819458059770,0.0,-0.0034876287445360,-0.0000000000000054,-0.0053233758539110,0.0000000000000082,11.0264578731426379,3.0000657682690974,24161.732972,2.404687,-24164.1376583873025,58103.3994797468185,0,1.4e-10
0.9986814276050261,0.0,-0.0034874398628801,-0.0000000000000045,-0.0053226365251219,0.0000000000000068,11.0258265357809790,3.0000657813691523,24312.893451,2.407162,-24315.3006127289482,58527.0667569637299,0,2.6e-10
0.9986809052669743,0.0,-0.0034872494191441,-0.0000000000000033,-0.0053218908893465,0.0000000000000050,11.0251888957011754,3.0000657945780649,24465.220122,2.409630,-24467.6297522675159,58954.1231219172478,0,7.0e-12
0.9986803787538190,0.0,-0.0034870573959262,-0.0000000000000017,-0.0053211388913045,0.0000000000000025,11.0245448898453198,3.0000658078968776,24618.724900,2.412091,-24621.1369907332846,59384.5977393984795,0,2.2e-10
0.9986798480272322,0.0,-0.0034868637756176,-0.0000000000000030,-0.0053203804752929,0.0000000000000046,11.0238944545254807,3.0000658213266429,24773.419826,2.414544,-24775.8343704338731,59818.5209063887596,0,1.6e-10
0.9986793130485582,0.0,-0.0034866685403995,0.0000000000000006,-0.0053196155851840,-0.0000000000000009,11.0232375254173895,3.0000658348684222,24929.317052,2.416990,-24931.7340420333749,60255.9223861694336,0,2.0e-10
0.9986787737788098,0.0,-0.0034864716722404,-0.0000000000000035,-0.0053188441644215,0.0000000000000053,11.0225740375540706,3.0000658485232874,25086.428849,2.419429,-25088.8482782639148,60696.8323858380318,0,2.6e-10
0.9986782301786650,0.0,-0.0034862731528920,-0.0000000000000025,-0.0053180661560198,0.0000000000000039,11.0219039253194033,3.0000658622923204,25244.767614,2.421860,-25247.1894735969436,61141.2813981175423,0,3.2e-11
0.9986776822084642,0.0,-0.0034860729638869,-0.0000000000000019,-0.0053172815025593,0.0000000000000030,11.0212271224416192,3.0000658761766137,25404.345853,2.424282,-25406.7701346541144,61589.2993626594543,0,2.9e-10
0.9986771298282068,0.0,-0.0034858710865346,-0.0000000000000008,-0.0053164901461855,0.0000000000000012,11.0205435619867398,3.0000658901772681,25565.176206,2.426696,-25567.6029023805240,62040.9173191785812,0,3.7e-10
0.9986765729975474,0.0,-0.0034856675019186,-0.0000000000000034,-0.0053156920286055,0.0000000000000051,11.0198531763519405,3.0000659042953979,25727.271434,2.429102,-25729.7005364644720,62496.1659969687462,0,2.6e-10
0.9986760116757935,0.0,-0.0034854621908928,-0.0000000000000009,-0.0053148870910859,0.0000000000000015,11.0191558972588552,3.0000659185321243,25890.644419,2.431499,-25893.0759176380125,62955.0760201215744,0,3.4e-10
0.9986754458219010,0.0,-0.0034852551340778,-0.0000000000000018,-0.0053140752744503,0.0000000000000026,11.0184516557468157,3.0000659328885826,26055.308174,2.433887,-26057.7420609575420,63417.6787312030792,0,1.2e-10
0.9986748753944719,0.0,-0.0034850463118583,-0.0000000000000028,-0.0053132565190757,0.0000000000000043,11.0177403821660143,3.0000659473659161,26221.275834,2.436266,-26223.7120997923557,63884.0048992037773,0,1.7e-10
0.9986743003517502,0.0,-0.0034848357043782,-0.0000000000000010,-0.0053124307648925,0.0000000000000016,11.0170220061706061,3.0000659619652796,26388.560669,2.438636,-26390.9993051882193,64354.0860807895660,0,7.9e-11
0.9986737206516189,0.0,-0.0034846232915383,-0.0000000000000041,-0.0053115979513789,0.0000000000000062,11.0162964567117463,3.0000659766878406,26557.176077,2.440996,-26559.6170729424375,64827.9535318017006,0,6.2e-11
0.9986731362515963,0.0,-0.0034844090529917,-0.0000000000000024,-0.0053107580175610,0.0000000000000038,11.0155636620305408,3.0000659915347745,26727.135587,2.443346,-26729.5789329837935,65305.6388309597969,0,7.5e-11
0.9986725471088325,0.0,-0.0034841929681406,-0.0000000000000014,-0.0053099109020083,0.0000000000000021,11.0148235496509486,3.0000660065072711,26898.452858,2.445686,-26900.8985442760750,65787.1733748316765,0,4.9e-10
0.9986719531801066,0.0,-0.0034839750161326,-0.0000000000000009,-0.0053090565428334,0.0000000000000013,11.0140760463725975,3.0000660216065289,27071.141699,2.448016,-27073.5897146996722,66272.5897251963615,0,1.5e-10
0.9986713544218223,0.0,-0.0034837551758563,-0.0000000000000033,-0.0053081948776873,0.0000000000000050,11.0133210782635320,3.0000660368337582,27245.216034,2.450335,-27247.6663695341995,66761.9192678332329,0,1.8e-10
0.9986707507900049,0.0,-0.0034835334259380,-0.0000000000000000,-0.0053073258437589,0.0000000000000001,11.0125585706528941,3.0000660521901841,27420.689929,2.452644,-27423.1425727006026,67255.1935647130013,0,1.1e-10
0.9986701422402974,0.0,-0.0034833097447375,-0.0000000000000005,-0.0053064493777713,0.0000000000000009,11.0117884481235269,3.0000660676770377,27597.577597,2.454942,-27600.0325390739599,67752.4452298879623,0,3.0e-10
0.9986695287279577,0.0,-0.0034830841103441,-0.0000000000000017,-0.0053055654159806,0.0000000000000026,11.0110106345044994,3.0000660832955668,27775.893387,2.457228,-27778.3506153223097,68253.7063835859299,0,5.1e-10
0.9986689102078539,0.0,-0.0034828565005726,-0.0000000000000032,-0.0053046738941721,0.0000000000000049,11.0102250528635679,3.0000660990470287,27955.651794,2.459503,-27958.1112973157069,68759.0098397135735,0,4.6e-11
0.9986682866344614,0.0,-0.0034826268929591,-0.0000000000000009,-0.0053037747476597,0.0000000000000014,11.0094316254995519,3.0000661149326926,28136.867439,2.461766,-28139.3292047415489,69268.3871572017670,0,1.0e-10
0.9986676579618592,0.0,-0.0034823952647570,-0.0000000000000024,-0.0053028679112818,0.0000000000000036,11.0086302739346440,3.0000661309538410,28319.555104,2.464017,-28322.0191211498968,69781.8714068531990,0,1.6e-10
0.9986670241437258,0.0,-0.0034821615929324,-0.0000000000000024,-0.0053019533194007,0.0000000000000037,11.0078209189066278,3.0000661471117693,28503.729702,2.466256,-28506.1959585060067,70299.4945817589760,0,9.5e-11
0.9986663851333361,0.0,-0.0034819258541600,-0.0000000000000011,-0.0053010309058993,0.0000000000000017,11.0070034803610390,3.0000661634077819,28689.406309,2.468482,-28691.8747915434360,70821.2898891568184,0,8.8e-11
0.9986657408835571,0.0,-0.0034816880248187,-0.0000000000000020,-0.0053001006041793,0.0000000000000031,11.0061778774432266,3.0000661798431993,28876.600135,2.470696,-28879.0708310707523,71347.2897696495056,0,2.2e-10
0.9986650913468444,0.0,-0.0034814480809871,-0.0000000000000029,-0.0052991623471588,0.0000000000000045,11.0053440284903488,3.0000661964193536,29065.326552,2.472896,-29067.7994482500035,71877.5275043249130,0,2.1e-10
0.9986644364752386,0.0,-0.0034812059984390,-0.0000000000000007,-0.0052982160672699,0.0000000000000012,11.0045018510232886,3.0000662131375888,29255.601059,2.475083,-29258.0761420738563,72412.0348600745201,0,3.0e-10
0.9986637762203608,0.0,-0.0034809617526389,-0.0000000000000015,-0.0052972616964575,0.0000000000000023,11.0036512617384794,3.0000662299992631,29447.439339,2.477256,-29449.9165948269729,72950.8458721637726,0,2.4e-10
0.9986631105334097,0.0,-0.0034807153187368,-0.0000000000000026,-0.0052962991661763,0.0000000000000040,11.0027921764996588,3.0000662470057478,29640.857207,2.479415,-29643.3366222822951,73493.9931742548943,0,1.5e-11
0.9986624393651570,0.0,-0.0034804666715643,-0.0000000000000017,-0.0052953284073889,0.0000000000000026,11.0019245103295340,3.0000662641584253,29835.870633,2.481560,-29838.3521930533680,74041.5093941092491,0,6.3e-11
0.9986617626659434,0.0,-0.0034802157856292,0.0000000000000005,-0.0052943493505639,-0.0000000000000007,11.0010481774013673,3.0000662814586940,30032.495750,2.483691,-30034.9794403323576,74593.4277399778366,0,2.1e-10
0.9986610803856755,0.0,-0.0034799626351105,0.0000000000000002,-0.0052933619256739,-0.0000000000000002,11.0001630910304744,3.0000662989079649,30230.748847,2.485806,-30233.2346528696216,75149.7813622355461,0,3.1e-10
0.9986603924738210,0.0,-0.0034797071938541,-0.0000000000000037,-0.0052923660621934,0.0000000000000057,10.9992691636656428,3.0000663165076622,30430.646376,2.487907,-30433.1342825945248,75710.6037447452545,0,1.6e-10
0.9986596988793972,0.0,-0.0034794494353647,-0.0000000000000536,-0.0052913616890857,0.0000000000000809,10.9983663068804649,3.0000663342592251,30632.204830,2.489991,-30634.6948206883790,76275.9197819232941,0,9.3e-09
0.9986589995510057,0.0,-0.0034791893328124,-0.0000000000000567,-0.0052903487348573,0.0000000000000857,10.9974544313645524,3.0000663521641040,30835.441179,2.492060,-30837.9332392159631,76845.7773752212524,0,9.5e-09
0.9986582944367530,0.0,-0.0034789268590037,-0.0000000000000020,-0.0052893271274466,0.0000000000000031,10.9965334469147447,3.0000663702237671,31040.372375,2.494113,-31042.8664882911144,77420.2104510664940,0,1.4e-10
0.9986575834843174,0.0,-0.0034786619864024,0.0000000000000010,-0.0052882967943238,-0.0000000000000015,10.9956032624261315,3.0000663884396945,31247.015279,2.496150,-31249.5114293427723,77999.2361539006233,0,3.3e-10
0.9986568666409141,0.0,-0.0034783946871082,-0.0000000000000021,-0.0052872576624475,0.0000000000000031,10.9946637858830432,3.0000664068133811,31455.387269,2.498170,-31457.8854385365630,78582.8956073522568,0,6.2e-10
0.9986561438532942,0.0,-0.0034781249328565,-0.0000000000000021,-0.0052862096582645,0.0000000000000033,10.9937149243499448,3.0000664253463372,31665.505776,2.500172,-31668.0059483293589,79171.2223802804947,0,9.1e-11
0.9986554150677412,0.0,-0.0034778526950118,-0.0000000000000010,-0.0052851527077114,0.0000000000000016,10.9927565839622261,3.0000664440400850,31877.388379,2.502158,-31879.8905364561288,79764.2484273314476,0,4.0e-11
0.9986546802300679,0.0,-0.0034775779445622,-0.0000000000000030,-0.0052840867362123,0.0000000000000047,10.9917886699169092,3.0000664628961662,32091.052841,2.504125,-32093.5569663019487,80362.0067220926285,0,3.0e-10
0.9986539392856105,0.0,-0.0034773006521138,-0.0000000000000005,-0.0052830116686776,0.0000000000000008,10.9908110864632587,3.0000664819161340,32306.517104,2.506074,-32309.0231781184739,80964.5307112932205,0,1.7e-10
0.9986531921792259,0.0,-0.0034770207878848,-0.0000000000000025,-0.0052819274295018,0.0000000000000038,10.9898237368933014,3.0000665011015579,32523.799264,2.508005,-32526.3072693382346,81571.8527532815933,0,1.3e-10
0.9986524388552861,0.0,-0.0034767383216994,-0.0000000000000013,-0.0052808339425626,0.0000000000000020,10.9888265235322482,3.0000665204540220,32742.917598,2.509917,-32745.4275147950539,82184.0054783225060,0,2.5e-10
0.9986516792576747,0.0,-0.0034764532229819,-0.0000000000000030,-0.0052797311312190,0.0000000000000045,10.9878193477288217,3.0000665399751276,32963.890559,2.511810,-32966.4023689459282,82801.0217885971069,0,1.5e-10
0.9986509133297821,0.0,-0.0034761654607506,-0.0000000000000010,-0.0052786189183105,0.0000000000000016,10.9868021098454882,3.0000665596664904,33186.736771,2.513683,-33189.2504537819768,83422.9339863061905,0,4.6e-11
0.9986501410145010,0.0,-0.0034758750036115,-0.0000000000000014,-0.0052774972261552,0.0000000000000022,10.9857747092485898,3.0000665795297414,33411.475033,2.515536,-33413.9905691950844,84049.7743431329727,0,7.0e-12
0.9986493622542226,0.0,-0.0034755818197521,0.0000000000000004,-0.0052763659765488,-0.0000000000000006,10.9847370442983792,3.0000665995665301,33638.124324,2.517369,-33640.6416927428290,84681.5750800371170,0,6.9e-11
0.9986485769908312,0.0,-0.0034752858769346,-0.0000000000000009,-0.0052752250907635,0.0000000000000015,10.9836890123389548,3.0000666197785186,33866.703810,2.519181,-33869.2229911097747,85318.3689002990723,0,5.5e-10
0.9986477851657001,0.0,-0.0034749871424898,-0.0000000000000016,-0.0052740744895458,0.0000000000000024,10.9826305096880947,3.0000666401673879,34097.232803,2.520972,-34099.7537754870136,85960.1860233545303,0,9.0e-11
0.9986469867196872,0.0,-0.0034746855833103,-0.0000000000000012,-0.0052729140931176,0.0000000000000019,10.9815614316269894,3.0000666607348356,34329.730847,2.522742,-34332.2535892597298,86607.0600023269653,0,7.6e-11
0.9986461815931300,0.0,-0.0034743811658437,-0.0000000000000026,-0.0052717438211726,0.0000000000000040,10.9804816723898746,3.0000666814825747,34564.217626,2.524490,-34566.7421164376719,87259.0213724374771,0,5.6e-11
0.9986453697258416,0.0,-0.0034740738560854,-0.0000000000000016,-0.0052705635928778,0.0000000000000025,10.9793911251535565,3.0000667024123358,34800.713031,2.526216,-34803.2392463983342,87916.1020555496216,0,1.2e-10
0.9986445510571049,0.0,-0.0034737636195725,-0.0000000000000004,-0.0052693733268699,0.0000000000000006,10.9782896820268299,3.0000667235258667,35039.237117,2.527918,-35041.7650357985040,88578.3325347900391,0,2.3e-11
0.9986437255256693,0.0,-0.0034734504213757,-0.0000000000000005,-0.0052681729412571,0.0000000000000008,10.9771772340397984,3.0000667448249323,35279.810141,2.529598,-35282.3397387435543,89245.7440378665924,0,1.3e-10
0.9986428930697447,0.0,-0.0034731342260928,-0.0000000000000015,-0.0052669623536165,0.0000000000000024,10.9760536711330836,3.0000667663113147,35522.452542,2.531254,-35524.9837968438223,89918.3675763607025,0,2.3e-10
0.9986420536269975,0.0,-0.0034728149978408,-0.0000000000000013,-0.0052657414809949,0.0000000000000020,10.9749188821469250,3.0000667879868139,35767.184929,2.532887,-35769.7178156747759,90596.2323813438416,0,1.3e-10
0.9986412071345454,0.0,-0.0034724927002491,-0.0000000000000019,-0.0052645102399064,0.0000000000000029,10.9737727548101738,3.0000668098532475,36014.028124,2.534495,-36016.5626186337904,91279.3695008754730,0,2.1e-10
0.9986403535289525,0.0,-0.0034721672964512,-0.0000000000000017,-0.0052632685463337,0.0000000000000026,10.9726151757291763,3.0000668319124522,36263.003124,2.536078,-36265.5392024773610,91967.8085250854492,0,5.0e-11
0.9986394927462250,0.0,-0.0034718387490778,-0.0000000000000006,-0.0052620163157262,0.0000000000000009,10.9714460303765406,3.0000668541662803,36514.131112,2.537636,-36516.6687476791776,92661.5785170793533,0,1.5e-10
0.9986386247218053,0.0,-0.0034715070202478,-0.0000000000000019,-0.0052607534630014,0.0000000000000028,10.9702652030798014,3.0000668766166059,36767.433468,2.539169,-36769.9726369571945,93360.7089347839355,0,7.9e-11
0.9986377493905676,0.0,-0.0034711720715618,0.0000000000000002,-0.0052594799025420,-0.0000000000000003,10.9690725770099622,3.0000668992653190,37022.931759,2.540675,-37025.4724335471110,94065.2281645536423,0,1.4e-10
0.9986368666868128,0.0,-0.0034708338640926,0.0000000000000012,-0.0052581955481981,-0.0000000000000018,10.9678680341699284,3.0000669221143297,37280.647743,2.542154,-37283.1898975504955,94775.1646614074707,0,2.4e-10
0.9986359765442636,0.0,-0.0034704923583779,0.0000000000000016,-0.0052569003132867,-0.0000000000000024,10.9666514553828218,3.0000669451655675,37540.603378,2.543607,-37543.1469847204862,95490.5466651916504,0,6.3e-11
0.9986350788960587,0.0,-0.0034701475144117,0.0000000000000009,-0.0052555941105899,-0.0000000000000013,10.9654227202801806,3.0000669684209798,37802.820794,2.545032,-37805.3658262543759,96211.4008667469025,0,4.3e-10
0.9986341736747489,0.0,-0.0034697992916352,-0.0000000000000000,-0.0052542768523583,0.0000000000000001,10.9641817072900363,3.0000669918825338,38067.322345,2.546430,-38069.8687747835065,96937.7553035020828,0,2.6e-10
0.9986332608122900,0.0,-0.0034694476489293,-0.0000000000000008,-0.0052529484503068,0.0000000000000012,10.9629282936248824,3.0000670155522173,38334.130551,2.547798,-38336.6783497978540,97669.6359379291534,0,2.9e-10
0.9986323402400400,0.0,-0.0034690925446046,0.0000000000000022,-0.0052516088156202,-0.0000000000000032,10.9616623552695067,3.0000670394320372,38603.268145,2.549138,-38605.8172828113602,98407.0692492723465,0,3.1e-11
0.9986314118887516,0.0,-0.0034687339363932,0.0000000000000002,-0.0052502578589481,-0.0000000000000002,10.9603837669687199,3.0000670635240199,38874.758030,2.550449,-38877.3084786382533,99150.0798710584641,0,4.0e-10
0.9986304756885681,0.0,-0.0034683717814392,-0.0000000000000013,-0.0052488954904099,0.0000000000000021,10.9590924022149476,3.0000670878302138,39148.623343,2.551729,-39151.1750726072205,99898.6942337751389,0,5.2e-12
0.9986295315690178,0.0,-0.0034680060362898,-0.0000000000000003,-0.0052475216195929,0.0000000000000005,10.9577881332357023,3.0000671123526863,39424.887364,2.552980,-39427.4403440613605,100652.9349210262299,0,7.1e-10
0.9986285794590085,0.0,-0.0034676366568855,0.0000000000000002,-0.0052461361555537,-0.0000000000000002,10.9564708309809316,3.0000671370935255,39703.573633,2.554199,-39706.1278320580168,101412.8280252218246,0,2.9e-10
0.9986276192868222,0.0,-0.0034672635985507,0.0000000000000003,-0.0052447390068198,-0.0000000000000005,10.9551403651102426,3.0000671620548411,39984.705828,2.555387,-39987.2612150019995,102178.3953325748444,0,8.6e-11
0.9986266509801093,0.0,-0.0034668868159840,0.0000000000000012,-0.0052433300813889,-0.0000000000000017,10.9537966039799937,3.0000671872387650,40268.307848,2.556543,-40270.8643912954358,102949.6597148180008,0,1.4e-10
0.9986256744658830,0.0,-0.0034665062632482,0.0000000000000011,-0.0052419092867314,-0.0000000000000017,10.9524394146302555,3.0000672126474477,40554.403771,2.557667,-40556.9614379956183,103726.6422019004822,0,4.3e-10
0.9986246896705148,0.0,-0.0034661218937604,-0.0000000000000003,-0.0052404765297915,0.0000000000000006,10.9510686627716485,3.0000672382830640,40843.017907,2.558757,-40845.5766641221999,104509.3653943538666,0,3.7e-10
0.9986236965197270,0.0,-0.0034657336602814,0.0000000000000026,-0.0052390317169880,-0.0000000000000040,10.9496842127720431,3.0000672641478094,41134.174726,2.559814,-41136.7345406361565,105297.8491420745850,0,2.8e-10
0.9986226949385889,0.0,-0.0034653415149056,0.0000000000000006,-0.0052375747542162,-0.0000000000000009,10.9482859276431324,3.0000672902439023,41427.898907,2.560837,-41430.4597448115674,106092.1132150888443,0,8.8e-11
0.9986216848515096,0.0,-0.0034649454090503,0.0000000000000003,-0.0052361055468490,-0.0000000000000004,10.9468736690268624,3.0000673165735816,41724.215314,2.561826,-41726.7771402684521,106892.1759607791901,0,1.9e-10
0.9986206661822332,0.0,-0.0034645452934449,0.0000000000000002,-0.0052346239997394,-0.0000000000000002,10.9454472971817349,3.0000673431391114,42023.149016,2.562779,-42025.7117956028160,107698.0556924343109,0,3.7e-10
0.9986196388538324,0.0,-0.0034641411181199,0.0000000000000003,-0.0052331300172221,-0.0000000000000004,10.9440066709689674,3.0000673699427765,42324.725274,2.563697,-42327.2889711097087,108509.7697091102600,0,4.9e-10
0.9986186027887032,0.0,-0.0034637328323958,-0.0000000000000024,-0.0052316235031153,0.0000000000000037,10.9425516478385205,3.0000673969868865,42628.969550,2.564578,-42631.5341283956950,109327.3347973823547,0,3.3e-11
0.9986175579085581,0.0,-0.0034633203848717,-0.0000000000000008,-0.0052301043607230,0.0000000000000013,10.9410820838149760,3.0000674242737735,42935.907463,2.565423,-42938.4728861396579,110150.7647733688354,0,2.6e-10
0.9986165041344212,0.0,-0.0034629037234139,0.0000000000000003,-0.0052285724928379,-0.0000000000000004,10.9395978334832886,3.0000674518057928,43245.564868,2.566230,-43248.1310986822937,110980.0751218795776,0,2.6e-10
0.9986154413866212,0.0,-0.0034624827951439,0.0000000000000004,-0.0052270278017431,-0.0000000000000006,10.9380987499743778,3.0000674795853248,43557.967794,2.566999,-43560.5347931705037,111815.2792553901672,0,9.0e-11
0.9986143695847860,0.0,-0.0034620575464267,0.0000000000000004,-0.0052254701892153,-0.0000000000000006,10.9365846849505886,3.0000675076147734,43873.142440,2.567730,-43875.7101702673099,112656.3884909152985,0,2.3e-11
0.9986132886478365,0.0,-0.0034616279228586,-0.0000000000000012,-0.0052238995565275,0.0000000000000019,10.9350554885910043,3.0000675358965663,44191.115219,2.568422,-44193.6836408809977,113503.4144656658173,0,2.0e-10
0.9986121984939799,0.0,-0.0034611938692545,0.0000000000000012,-0.0052223158044520,-0.0000000000000018,10.9335110095766055,3.0000675644331576,44511.912725,2.569073,-44514.4817978424107,114356.3674337863922,0,3.2e-10
0.9986110990407042,0.0,-0.0034607553296360,0.0000000000000002,-0.0052207188332638,-0.0000000000000001,10.9319510950752896,3.0000675932270249,44835.561742,2.569685,-44838.1314262250817,115215.2566217184067,0,7.0e-11
0.9986099902047715,0.0,-0.0034603122472180,0.0000000000000016,-0.0052191085427435,-0.0000000000000024,10.9303755907267348,3.0000676222806715,45162.089209,2.570255,-45164.6594636244336,116080.0883151292801,0,2.5e-10
0.9986088719022116,0.0,-0.0034598645643959,0.0000000000000003,-0.0052174848321814,-0.0000000000000004,10.9287843406271179,3.0000676515966260,45491.522284,2.570784,-45494.0930674752017,116950.8698976039886,0,5.1e-10
0.9986077440483160,0.0,-0.0034594122227325,0.0000000000000019,-0.0052158476003810,-0.0000000000000029,10.9271771873136707,3.0000676811774438,45823.888304,2.571270,-45826.4595747158237,117827.6071695089340,0,1.2e-11
0.9986066065576312,0.0,-0.0034589551629442,0.0000000000000018,-0.0052141967456629,-0.0000000000000028,10.9255539717490926,3.0000677110257050,46159.214745,2.571714,-46161.7864591149046,118710.3022395372391,0,1.8e-10
0.9986054593439521,0.0,-0.0034584933248877,0.0000000000000007,-0.0052125321658687,-0.0000000000000010,10.9239145333057959,3.0000677411440178,46497.529293,2.572114,-46500.1014070529345,119598.9577941894531,0,6.5e-10
0.9986043023203158,0.0,-0.0034580266475457,0.0000000000000011,-0.0052108537583664,-0.0000000000000016,10.9222587097500057,3.0000677715350150,46838.859823,2.572470,-46841.4322930277485,120493.5762100219727,0,3.0e-10
0.9986031353989948,0.0,-0.0034575550690129,-0.0000000000000018,-0.0052091614200533,0.0000000000000029,10.9205863372256893,3.0000678022013583,47183.234336,2.572782,-47185.8071177672828,121394.1553852558136,0,3.0e-10
0.9986019584914904,0.0,-0.0034570785264814,-0.0000000000000008,-0.0052074550473624,0.0000000000000013,10.9188972502383361,3.0000678331457356,47530.681035,2.573047,-47533.2540822186565,122300.6936597824097,0,2.9e-10
0.9986007715085256,0.0,-0.0034565969562265,0.0000000000000014,-0.0052057345362657,-0.0000000000000021,10.9171912816385621,3.0000678643708634,47881.228279,2.573267,-47883.8015460568349,123213.1873786449432,0,2.4e-10
0.9985995743600391,0.0,-0.0034561102935909,-0.0000000000000007,-0.0052039997822815,0.0000000000000012,10.9154682626055646,3.0000678958794844,48234.904588,2.573440,-48237.4780282209394,124131.6308007240295,0,3.4e-10
0.9985983669551779,0.0,-0.0034556184729703,-0.0000000000000017,-0.0052022506804777,0.0000000000000028,10.9137280226303979,3.0000679276743720,48591.738650,2.573565,-48594.3122153155855,125056.0172188282013,0,4.0e-10
0.9985971492022905,0.0,-0.0034551214277974,0.0000000000000008,-0.0052004871254788,-0.0000000000000011,10.9119703894990927,3.0000679597583257,48951.759315,2.573643,-48954.3329578111661,125986.3383913040161,0,1.2e-10
0.9985959210089201,0.0,-0.0034546190905267,0.0000000000000011,-0.0051987090114715,-0.0000000000000017,10.9101951892756031,3.0000679921341762,49314.995559,2.573671,-49317.5692304392287,126922.5826153755188,0,3.6e-10
0.9985946822817974,0.0,-0.0034541113926178,-0.0000000000000013,-0.0051969162322105,0.0000000000000021,10.9084022462845773,3.0000680248047811,49681.476521,2.573650,-49684.0501712876285,127864.7371978759766,0,1.7e-10
0.9985934329268339,0.0,-0.0034535982645194,-0.0000000000000002,-0.0051951086810254,0.0000000000000004,10.9065913830939660,3.0000680577730297,50051.231491,2.573579,-50053.8050701185639,128812.7878954410553,0,3.1e-10
0.9985921728491142,0.0,-0.0034530796356530,0.0000000000000010,-0.0051932862508273,-0.0000000000000015,10.9047624204974465,3.0000680910418391,50424.289916,2.573457,-50426.8633726291009,129766.7192285060883,0,2.1e-10
0.9985909019528892,0.0,-0.0034525554343957,-0.0000000000000002,-0.0051914488341152,0.0000000000000003,10.9029151774966806,3.0000681246141592,50800.681358,2.573283,-50803.2546406337933,130726.5126783847809,0,3.3e-10
0.9985896201415690,0.0,-0.0034520255880627,-0.0000000000000017,-0.0051895963229839,0.0000000000000027,10.9010494712833879,3.0000681584929678,51180.435478,2.573056,-51183.0085347847198,131692.1455514431000,0,3.0e-10
0.9985883273177152,0.0,-0.0034514900228907,0.0000000000000001,-0.0051877286091308,-0.0000000000000001,10.8991651172212443,3.0000681926812756,51563.582132,2.572777,-51566.1549090187327,132663.5969057083130,0,6.4e-10
0.9985870233830336,0.0,-0.0034509486640192,0.0000000000000006,-0.0051858455838641,-0.0000000000000009,10.8972619288275947,3.0000682271821235,51950.151286,2.572444,-51952.7237298980763,133640.8429853916168,0,3.1e-10
0.9985857082383669,0.0,-0.0034504014354730,-0.0000000000000011,-0.0051839471381108,0.0000000000000017,10.8953397177549896,3.0000682619985843,52340.172951,2.572056,-52342.7450066937963,134623.8536303043365,0,2.7e-10
0.9985843817836870,0.0,-0.0034498482601433,-0.0000000000000007,-0.0051820331624250,0.0000000000000011,10.8933982937725293,3.0000682971337631,52733.677322,2.571613,-52736.2489346318471,135612.6004517078400,0,3.8e-10
0.9985830439180878,0.0,-0.0034492890597694,-0.0000000000000008,-0.0051801035469960,0.0000000000000013,10.8914374647470265,3.0000683325907973,53130.694648,2.571114,-53133.2657616956203,136607.0498344898224,0,5.0e-10
0.9985816945397773,0.0,-0.0034487237549191,-0.0000000000000011,-0.0051781581816588,0.0000000000000018,10.8894570366239805,3.0000683683728564,53531.255362,2.570558,-53533.8259198878295,137607.1704976558685,0,2.7e-10
0.9985803335460693,0.0,-0.0034481522649696,0.0000000000000019,-0.0051761969559011,-0.0000000000000029,10.8874568134083578,3.0000684044831436,53935.389876,2.569944,-53937.9598199820248,138612.9222776889801,0,4.2e-10
0.9985789608333770,0.0,-0.0034475745080880,-0.0000000000000007,-0.0051742197588745,0.0000000000000012,10.8854365971451834,3.0000684409248963,54343.128724,2.569272,-54345.6979958154698,139624.2643439769745,0,5.6e-10
0.9985775762972040,0.0,-0.0034469904012103,-0.0000000000000010,-0.0051722264794041,0.0000000000000016,10.8833961878999350,3.0000684777013844,54754.502585,2.568540,-54757.0711259136879,140641.1572110652924,0,3.3e-10
0.9985761798321365,0.0,-0.0034463998600217,0.0000000000000028,-0.0051702170059989,-0.0000000000000043,10.8813353837387474,3.0000685148159127,55169.542129,2.567749,-55172.1098787954397,141663.5540127754211,0,9.8e-11
0.9985747713318358,0.0,-0.0034458027989352,0.0000000000000004,-0.0051681912268614,-0.0000000000000005,10.8792539807084090,3.0000685522718218,55588.278100,2.566897,-55590.8449970463262,142691.4055924415588,0,3.1e-10
0.9985733506890299,0.0,-0.0034451991310710,0.0000000000000005,-0.0051661490298997,-0.0000000000000008,10.8771517728161662,3.0000685900724848,56010.741301,2.565984,-56013.3072844217386,143724.6605625152588,0,2.4e-10
0.9985719177955054,0.0,-0.0034445887682340,-0.0000000000000006,-0.0051640903027387,0.0000000000000010,10.8750285520093257,3.0000686282213134,56436.962593,2.565008,-56439.5276015181298,144763.2649202346802,0,3.5e-10
0.9985704725420993,0.0,-0.0034439716208926,0.0000000000000003,-0.0051620149327307,-0.0000000000000005,10.8728841081546435,3.0000686667217531,56866.972841,2.563969,-56869.5368098424515,145807.1598746776581,0,2.5e-10
0.9985690148186909,0.0,-0.0034433475981560,-0.0000000000000003,-0.0051599228069691,0.0000000000000005,10.8707182290175197,3.0000687055772852,57300.802985,2.562866,-57303.3658509132583,146856.2862999439240,0,2.3e-10
0.9985675445141926,0.0,-0.0034427166077511,0.0000000000000006,-0.0051578138122988,-0.0000000000000009,10.8685307002409797,3.0000687447914314,57738.483918,2.561698,-57741.0456162180126,147910.5781626701355,0,8.9e-10
0.9985660615165433,0.0,-0.0034420785559995,0.0000000000000014,-0.0051556878353322,-0.0000000000000022,10.8663213053244405,3.0000687843677460,58180.046617,2.560465,-58182.6070814951818,148969.9703316688538,0,3.5e-10
0.9985645657126974,0.0,-0.0034414333477944,0.0000000000000016,-0.0051535447624582,-0.0000000000000025,10.8640898256022762,3.0000688243098241,58625.521954,2.559165,-58628.0811189855012,150034.3890376091003,0,5.8e-10
0.9985630569886181,0.0,-0.0034407808865754,-0.0000000000000012,-0.0051513844798596,0.0000000000000020,10.8618360402221565,3.0000688646212978,59074.940882,2.557798,-59077.4986802291824,151103.7619554996490,0,2.4e-10
0.9985615352292684,0.0,-0.0034401210743050,0.0000000000000019,-0.0051492068735253,-0.0000000000000029,10.8595597261231767,3.0000689053058376,59528.334225,2.556363,-59530.8905876001954,152178.0076596736908,0,4.1e-11
0.9985600003186011,0.0,-0.0034394538114434,-0.0000000000000000,-0.0051470118292644,0.0000000000000002,10.8572606580137627,3.0000689463671542,59985.732840,2.554858,-59988.2876983652532,153257.0452129840851,0,2.6e-10
0.9985584521395521,0.0,-0.0034387789969226,0.0000000000000014,-0.0051447992327238,-0.0000000000000022,10.8549386083493644,3.0000689878089952,60447.167528,2.553284,-60449.7208123908131,154340.7895190715790,0,5.7e-11
0.9985568905740290,0.0,-0.0034380965281212,-0.0000000000000005,-0.0051425689693995,0.0000000000000009,10.8525933473099148,3.0000690296351507,60912.668967,2.551639,-60915.2206063124104,155429.1485471725464,0,3.6e-10
0.9985553155029041,0.0,-0.0034374063008377,0.0000000000000016,-0.0051403209246563,-0.0000000000000025,10.8502246427770732,3.0000690718494507,61382.267827,2.549923,-61384.8177494936826,156522.0299062728882,0,1.0e-10
0.9985537268060045,0.0,-0.0034367082092638,0.0000000000000005,-0.0051380549837421,-0.0000000000000008,10.8478322603112307,3.0000691144557647,61855.994606,2.548134,-61858.5427391969279,157619.3330950737000,0,6.1e-10
0.9985521243621027,0.0,-0.0034360021459572,0.0000000000000007,-0.0051357710318048,-0.0000000000000012,10.8454159631282945,3.0000691574580061,62333.879766,2.546271,-62336.4260373941506,158720.9574942588806,0,5.8e-10
0.9985505080489077,0.0,-0.0034352880018135,0.0000000000000014,-0.0051334689539101,-0.0000000000000021,10.8429755120762348,3.0000692008601266,62815.953615,2.544334,-62818.4979493623978,159826.7958354949951,0,1.4e-10
0.9985488777430551,0.0,-0.0034345656660382,0.0000000000000007,-0.0051311486350592,-0.0000000000000010,10.8405106656114043,3.0000692446661250,63302.246279,2.542323,-63304.7886017790806,160936.7349267005920,0,3.8e-10
0.9985472333200988,0.0,-0.0034338350261179,0.0000000000000026,-0.0051288099602069,-0.0000000000000040,10.8380211797746053,3.0000692888800380,63792.787740,2.540235,-63795.3279748270652,162050.6572887897491,0,5.5e-10
0.9985455746544999,0.0,-0.0034330959677905,0.0000000000000024,-0.0051264528142807,-0.0000000000000038,10.8355068081669366,3.0000693335059494,64287.607901,2.538070,-64290.1459706153255,163168.4461584091187,0,2.8e-11
0.9985439016196183,0.0,-0.0034323483750160,-0.0000000000000002,-0.0051240770821997,0.0000000000000004,10.8329673019253825,3.0000693785479853,64786.736332,2.535827,-64789.2721596328192,164289.9722011089325,0,3.6e-11
0.9985422140877021,0.0,-0.0034315921299454,-0.0000000000000017,-0.0051216826488947,0.0000000000000028,10.8304024096981699,3.0000694240103170,65290.202452,2.533506,-65292.7359574441070,165415.1042587757111,0,9.0e-10
0.9985405119298784,0.0,-0.0034308271128901,0.0000000000000012,-0.0051192693993293,-0.0000000000000018,10.8278118776198653,3.0000694698971602,65798.035508,2.531105,-65800.5666130118916,166543.7097134590149,0,4.9e-10
0.9985387950161430,0.0,-0.0034300532022904,0.0000000000000006,-0.0051168372185196,-0.0000000000000008,10.8251954492862410,3.0000695162127755,66310.264398,2.528623,-66312.7930212137289,167675.6450419425964,0,3.3e-10
0.9985370632153505,0.0,-0.0034292702746827,0.0000000000000019,-0.0051143859915577,-0.0000000000000029,10.8225528657288681,3.0000695629614729,66826.917804,2.526059,-66829.4438630562217,168810.7646226882935,0,9.5e-11
0.9985353163952038,0.0,-0.0034284782046679,0.0000000000000010,-0.0051119156036313,-0.0000000000000015,10.8198838653894764,3.0000696101476052,67348.024070,2.523414,-67350.5474837180518,169948.9148769378662,0,1.7e-10
0.9985335544222446,0.0,-0.0034276768648767,-0.0000000000000004,-0.0051094259400491,0.0000000000000006,10.8171881840940394,3.0000696577755748,67873.611282,2.520684,-67876.1319657927816,171089.9397706985474,0,3.1e-10
0.9985317771618420,0.0,-0.0034268661259369,0.0000000000000007,-0.0051069168862623,-0.0000000000000011,10.8144655550266116,3.0000697058498300,68403.707157,2.517870,-68406.2250270663353,172233.6760487556458,0,4.2e-10
0.9985299844781831,0.0,-0.0034260458564379,0.0000000000000027,-0.0051043883278897,-0.0000000000000042,10.8117157087029039,3.0000697543748700,68938.339042,2.514971,-68940.8540135737130,173379.9538049697876,0,9.0e-10
0.9985281762342619,0.0,-0.0034252159228958,0.0000000000000033,-0.0051018401507426,-0.0000000000000052,10.8089383729435848,3.0000698033552413,69477.533966,2.511986,-69480.0459516342671,174528.6010184288025,0,3.9e-11
0.9985263522918684,0.0,-0.0034243761897175,0.0000000000000008,-0.0050992722408487,-0.0000000000000013,10.8061332728473243,3.0000698527955412,70021.318423,2.508914,-70023.8273369472299,175679.4334306716919,0,1.1e-10
0.9985245125115780,0.0,-0.0034235265191642,0.0000000000000024,-0.0050966844844795,-0.0000000000000038,10.8033001307635637,3.0000699027004161,70569.718535,2.505753,-70572.2242881987622,176832.2636756896973,0,5.7e-10
0.9985226567527411,0.0,-0.0034226667713141,0.0000000000000003,-0.0050940767681766,-0.0000000000000005,10.8004386662650145,3.0000699530745640,71122.760012,2.502503,-71125.2625143963669,177986.9006724357605,0,4.5e-10
0.9985207848734712,0.0,-0.0034217968040242,0.0000000000000013,-0.0050914489787783,-0.0000000000000020,10.7975485961198778,3.0000700039227342,71680.467996,2.499163,-71682.9671586483018,179143.1433205604553,0,2.1e-10
0.9985188967306342,0.0,-0.0034209164728922,0.0000000000000040,-0.0050888010034492,-0.0000000000000064,10.7946296342637940,3.0000700552497297,72242.867127,2.495731,-72245.3628580102959,180300.7850270271301,0,1.8e-11
0.9985169921798375,0.0,-0.0034200256312166,0.0000000000000021,-0.0050861327297080,-0.0000000000000032,10.7916814917715023,3.0000701070604019,72809.981489,2.492208,-72812.4736968193465,181459.6116795539856,0,4.6e-11
0.9985150710754174,0.0,-0.0034191241299567,0.0000000000000031,-0.0050834440454568,-0.0000000000000049,10.7887038768282224,3.0000701593596606,73381.834599,2.488591,-73384.3231908234011,182619.4040269851685,0,1.8e-10
0.9985131332704291,0.0,-0.0034182118176923,-0.0000000000000008,-0.0050807348390118,0.0000000000000013,10.7856964947007494,3.0000702121524681,73958.449327,2.484881,-73960.9342079918133,183779.9331865310669,0,2.8e-10
0.9985111786166340,0.0,-0.0034172885405811,0.0000000000000030,-0.0050780049991349,-0.0000000000000048,10.7826590477082558,3.0000702654438407,74539.847918,2.481075,-74542.3289928554150,184940.9650888442993,0,1.3e-09
0.9985092069644883,0.0,-0.0034163541423170,0.0000000000000021,-0.0050752544150647,-0.0000000000000032,10.7795912351928038,3.0000703192388509,75126.052019,2.477173,-75128.5291923367622,186102.2623496055603,0,2.3e-10
0.9985072181631311,0.0,-0.0034154084640866,0.0000000000000029,-0.0050724829765499,-0.0000000000000045,10.7764927534895634,3.0000703735426280,75717.082366,2.473175,-75719.5555409139924,187263.5702991485596,0,3.8e-10
0.9985052120603720,0.0,-0.0034144513445254,0.0000000000000024,-0.0050696905738817,-0.0000000000000037,10.7733632958967327,3.0000704283603570,76312.959119,2.469078,-76315.4281966323906,188424.6357645988464,0,3.0e-10
0.9985031885026796,0.0,-0.0034134826196724,0.0000000000000026,-0.0050668770979291,-0.0000000000000041,10.7702025526451504,3.0000704836972814,76913.701534,2.464882,-76916.1664158034691,189585.1920533180237,0,6.2e-10
0.9985011473351685,0.0,-0.0034125021229252,0.0000000000000015,-0.0050640424401738,-0.0000000000000024,10.7670102108676140,3.0000705395587031,77519.328019,2.460586,-77521.7886044071638,190744.9639430046082,0,1.1e-09
0.9984990884015870,0.0,-0.0034115096849924,0.0000000000000024,-0.0050611864927460,-0.0000000000000039,10.7637859545678829,3.0000705959499832,78129.856349,2.456189,-78132.3125381944556,191903.6801028251648,0,9.9e-11
0.9984970115443046,0.0,-0.0034105051338473,0.0000000000000026,-0.0050583091484610,-0.0000000000000042,10.7605294645893750,3.0000706528765422,78745.303049,2.451690,-78747.7547382650519,193061.0436053276062,0,3.8e-10
0.9984949166042996,0.0,-0.0034094882946783,0.0000000000000019,-0.0050554103008581,-0.0000000000000031,10.7572404185835513,3.0000707103438624,79365.683921,2.447087,-79368.1310085433652,194216.7614459991455,0,5.6e-10
0.9984928034211452,0.0,-0.0034084589898404,0.0000000000000021,-0.0050524898442383,-0.0000000000000035,10.7539184909779770,3.0000707683574865,79991.013714,2.442381,-79993.4560947691789,195370.5289249420166,0,1.7e-10
0.9984906718329973,0.0,-0.0034074170388050,0.0000000000000017,-0.0050495476737036,-0.0000000000000027,10.7505633529440736,3.0000708269230203,80621.306108,2.437569,-80623.7436774972157,196522.0312309265137,0,4.0e-10
0.9984885216765812,0.0,-0.0034063622581082,0.0000000000000043,-0.0050465836851988,-0.0000000000000070,10.7471746723645367,3.0000708860461316,81256.573668,2.432652,-81259.0063193440437,197670.9442458152771,0,6.7e-11
0.9984863527871771,0.0,-0.0034052944612989,0.0000000000000029,-0.0050435977755518,-0.0000000000000047,10.7437521138004346,3.0000709457325536,81896.827895,2.427627,-81899.2555215428583,198816.9379754066467,0,3.6e-10
0.9984841649986085,0.0,-0.0034042134588852,0.0000000000000031,-0.0050405898425180,-0.0000000000000050,10.7402953384579760,3.0000710059880835,82542.079100,2.422494,-82544.5015933446557,199959.6734476089478,0,1.6e-10
0.9984819581432266,0.0,-0.0034031190582812,0.0000000000000031,-0.0050375597848213,-0.0000000000000050,10.7368040041549460,3.0000710668185842,83192.336295,2.417251,-83194.7535460010404,201098.7991895675659,0,3.0e-10
0.9984797320518971,0.0,-0.0034020110637506,0.0000000000000003,-0.0050345075021993,-0.0000000000000003,10.7332777652868039,3.0000711282299841,83847.607279,2.411899,-83850.0191774965206,202233.9582967758179,0,1.9e-10
0.9984774865539869,0.0,-0.0034008892763508,0.0000000000000024,-0.0050314328954520,-0.0000000000000038,10.7297162727924391,3.0000711902282804,84507.898400,2.406435,-84510.3048356635118,203364.7790493965149,0,4.6e-10
0.9984752214773390,0.0,-0.0033997534938712,0.0000000000000020,-0.0050283358664704,-0.0000000000000032,10.7261191741195958,3.0000712528195388,85173.214736,2.400859,-85175.6155948733795,204490.8859920501709,0,1.1e-09
0.9984729366482962,0.0,-0.0033986035107924,0.0000000000000053,-0.0050252163183393,-0.0000000000000086,10.7224861131899250,3.0000713160098917,85843.559931,2.395170,-85845.9551005009416,205611.8959665298462,0,6.0e-10
0.9984706318916309,0.0,-0.0033974391181999,0.0000000000000004,-0.0050220741553087,-0.0000000000000006,10.7188167303637272,3.0000713798055441,86518.935858,2.389366,-86521.3252236388653,206727.4022064208984,0,2.3e-10
0.9984683070305669,0.0,-0.0033962601037405,0.0000000000000029,-0.0050189092828940,-0.0000000000000046,10.7151106624043049,3.0000714442127703,87199.343169,2.383447,-87201.7266163024178,207837.0055532455444,0,5.9e-10
0.9984659618867551,0.0,-0.0033950662515565,0.0000000000000018,-0.0050157216079147,-0.0000000000000029,10.7113675424419732,3.0000715092379182,87884.780558,2.377411,-87887.1579698581336,208940.2806577682495,0,8.4e-10
0.9984635962802587,0.0,-0.0033938573422221,-0.0000000000000008,-0.0050125110385469,0.0000000000000014,10.7075869999377122,3.0000715748874076,88575.245345,2.371259,-88577.6166030519234,210036.8078265190125,0,5.8e-10
0.9984612100295371,0.0,-0.0033926331526790,-0.0000000000000018,-0.0050092774843764,0.0000000000000029,10.7037686606464533,3.0000716411677315,89270.732836,2.364987,-89273.0978235842631,211126.1444606781006,0,7.1e-10
0.9984588029514310,0.0,-0.0033913934561708,0.0000000000000013,-0.0050060208564532,-0.0000000000000021,10.6999121465799902,3.0000717080854584,89971.236670,2.358597,-89973.5952668430691,212207.8458156585693,0,4.2e-10
0.9984563748611456,0.0,-0.0033901380221757,-0.0000000000000019,-0.0050027410673479,0.0000000000000031,10.6960170759695323,3.0000717756472337,90676.748371,2.352085,-90679.1004560881265,213281.4455785751343,0,6.3e-10
0.9984539255722358,0.0,-0.0033888666163384,0.0000000000000040,-0.0049994380312087,-0.0000000000000064,10.6920830632278694,3.0000718438597773,91387.257755,2.345453,-91389.6032074119721,214346.4791908264160,0,1.2e-09
0.9984514548965885,0.0,-0.0033875790004000,-0.0000000000000005,-0.0049961116638193,0.0000000000000009,10.6881097189111678,3.0000719127298900,92102.752529,2.338697,-92105.0912263775826,215402.4678955078125,0,2.1e-10
0.9984489626444070,0.0,-0.0033862749321273,0.0000000000000007,-0.0049927618826588,-0.0000000000000010,10.6840966496803755,3.0000719822644482,92823.218145,2.331819,-92825.5499641621718,216448.9152383804321,0,6.3e-11
0.9984464486241940,0.0,-0.0033849541652404,0.0000000000000027,-0.0049893886069628,-0.0000000000000045,10.6800434582622472,3.0000720524704119,93548.637949,2.324815,-93550.9627644628490,217485.3177814483643,0,1.1e-09
0.9984439126427341,0.0,-0.0033836164493379,0.0000000000000026,-0.0049859917577860,-0.0000000000000042,10.6759497434099764,3.0000721233548200,94278.993144,2.317687,-94281.3108305952192,218511.1667652130127,0,7.6e-10
0.9984413545050772,0.0,-0.0033822615298227,0.0000000000000023,-0.0049825712580645,-0.0000000000000038,10.6718150998634282,3.0000721949247944,95014.262437,2.310431,-95016.5728686978691,219525.9348211288452,0,5.7e-11
0.9984387740145206,0.0,-0.0033808891478239,0.0000000000000019,-0.0049791270326824,-0.0000000000000031,10.6676391183089834,3.0000722671875404,95754.422119,2.303049,-95756.7251678705070,220529.0843486785889,0,4.0e-10
0.9984361709725912,0.0,-0.0033794990401191,-0.0000000000000007,-0.0049756590085379,0.0000000000000012,10.6634213853389745,3.0000723401503464,96499.445937,2.295537,-96501.7414742856054,221520.0645790100098,0,6.3e-10
0.9984335451790274,0.0,-0.0033780909390540,0.0000000000000045,-0.0049721671146101,-0.0000000000000073,10.6591614834107116,3.0000724138205901,97249.305199,2.287896,-97251.5930950198090,222498.3208408355713,0,9.7e-10
0.9984308964317611,0.0,-0.0033766645724607,0.0000000000000066,-0.0049686512820299,-0.0000000000000109,10.6548589908051063,3.0000724882057317,98003.968395,2.280125,-98006.2485197900969,223463.2803134918213,0,1.3e-09
0.9984282245268983,0.0,-0.0033752196635745,0.0000000000000056,-0.0049651114441491,-0.0000000000000094,10.6505134815848734,3.0000725633133238,98763.401282,2.272222,-98765.6735043402441,224414.3612003326416,0,1.3e-09
0.9984255292587011,0.0,-0.0033737559309488,0.0000000000000042,-0.0049615475366140,-0.0000000000000069,10.6461245255523220,3.0000726391510049,99527.566753,2.264186,-99529.8309396293480,225350.9694824218750,0,6.7e-10
0.9984228104195676,0.0,-0.0033722730883686,0.0000000000000007,-0.0049579594974380,-0.0000000000000010,10.6416916882067092,3.0000727157265064,100296.424657,2.256018,-100298.6806744880741,226272.4965724945068,0,7.4e-10
0.9984200678000134,0.0,-0.0033707708447612,0.0000000000000022,-0.0049543472670783,-0.0000000000000035,10.6372145307011845,3.0000727930476501,101069.931872,2.247714,-101072.1795860769198,227178.3251781463623,0,9.8e-10
0.9984173011886506,0.0,-0.0033692489041069,0.0000000000000017,-0.0049507107885120,-0.0000000000000029,10.6326926097992907,3.0000728711223514,101848.042152,2.239276,-101850.2814270735107,228067.8285408020020,0,1.7e-10
0.9984145103721683,0.0,-0.0033677069653460,0.0000000000000047,-0.0049470500073142,-0.0000000000000078,10.6281254778310306,3.0000729499586218,102630.705811,2.230700,-102632.9365109961946,228940.3592138290405,0,8.4e-10
0.9984116951353119,0.0,-0.0033661447222852,0.0000000000000023,-0.0049433648717381,-0.0000000000000037,10.6235126826484958,3.0000730295645655,103417.870048,2.221988,-103420.0920358514995,229795.2693252563477,0,4.6e-10
0.9984088552608625,0.0,-0.0033645618635013,0.0000000000000005,-0.0049396553327981,-0.0000000000000008,10.6188537675810473,3.0000731099483873,104209.478393,2.213137,-104211.6915304051363,230631.8908548355103,0,6.1e-10
0.9984059905296155,0.0,-0.0033629580722432,0.0000000000000033,-0.0049359213443516,-0.0000000000000054,10.6141482713900519,3.0000731911183882,105005.470951,2.204148,-105007.6750988885324,231449.5486440658569,0,1.2e-10
0.9984031007203586,0.0,-0.0033613330263319,0.0000000000000058,-0.0049321628631844,-0.0000000000000098,10.6093957282231610,3.0000732730829700,105805.783933,2.195018,-105807.9789505786030,232247.5480718612671,0,1.0e-09
0.9984001856098507,0.0,-0.0033596863980585,0.0000000000000054,-0.0049283798490979,-0.0000000000000090,10.6045956675681321,3.0000733558506369,106610.350076,2.185746,-106612.5358228633704,233025.1965665817261,0,4.9e-10
0.9983972449727989,0.0,-0.0033580178540795,0.0000000000000029,-0.0049245722649975,-0.0000000000000048,10.5997476142061853,3.0000734394299942,107419.097953,2.176333,-107421.2742866170302,233781.7777662277222,0,2.9e-10
0.9983942785818363,0.0,-0.0033563270553108,0.0000000000000008,-0.0049207400769821,-0.0000000000000013,10.5948510881648961,3.0000735238297520,108231.952123,2.166778,-108234.1189000763407,234516.5657558441162,0,1.5e-10
0.9983912862074981,0.0,-0.0033546136568186,0.0000000000000017,-0.0049168832544374,-0.0000000000000027,10.5899056046706104,3.0000736090587279,109048.833088,2.157078,-109050.9901661282056,235228.8254098892212,0,3.6e-10
0.9983882676181989,0.0,-0.0033528773077084,0.0000000000000085,-0.0049130017701285,-0.0000000000000142,10.5849106741003904,3.0000736951258458,109869.657053,2.147234,-109871.8042869102792,235917.8089904785156,0,1.4e-09
0.9983852225802085,0.0,-0.0033511176510121,0.0000000000000054,-0.0049090956002962,-0.0000000000000091,10.5798658019334688,3.0000737820401384,110694.335954,2.137244,-110696.4731978157506,236582.7629899978638,0,9.1e-10
0.9983821508576269,0.0,-0.0033493343235713,0.0000000000000073,-0.0049051647247549,-0.0000000000000123,10.5747704887022227,3.0000738698107505,111522.777014,2.127107,-111524.9041217852209,237222.9136676788330,0,4.8e-10
0.9983790522123602,0.0,-0.0033475269559201,0.0000000000000105,-0.0049012091269904,-0.0000000000000177,10.5696242299426579,3.0000739584469360,112354.882857,2.116824,-112356.9996808324941,237837.4775781631470,0,1.1e-09
0.9983759264040947,0.0,-0.0033456951721632,0.0000000000000146,-0.0048972287942629,-0.0000000000000247,10.5644265161443851,3.0000740479580661,113190.551411,2.106392,-113192.6578032294638,238425.6638526916504,0,2.1e-09
0.9983727731902712,0.0,-0.0033438385898533,-0.0000000000000031,-0.0048932237177092,0.0000000000000055,10.5591768327001105,3.0000741383536269,114029.675891,2.095811,-114031.7717025754391,238986.6786842346191,0,8.4e-11
0.9983695923260590,0.0,-0.0033419568198645,-0.0000000000000035,-0.0048891938924484,0.0000000000000060,10.5538746598546034,3.0000742296432201,114872.143900,2.085081,-114874.2289802746673,239519.6933736801147,0,1.0e-09
0.9983663835643283,0.0,-0.0033400494662638,0.0000000000000095,-0.0048851393176877,-0.0000000000000161,10.5485194726531635,3.0000743218365682,115717.838505,2.074200,-115719.9127045279602,240023.8947658538818,0,6.1e-10
0.9983631466556241,0.0,-0.0033381161261794,0.0000000000000009,-0.0048810599968340,-0.0000000000000014,10.5431107408895688,3.0000744149435139,116566.637119,2.063167,-116568.7002862225054,240498.4457817077637,0,1.9e-10
0.9983598813481379,0.0,-0.0033361563896665,0.0000000000000235,-0.0048769559376039,-0.0000000000000399,10.5376479290534970,3.0000745089740226,117418.411677,2.051982,-117420.4636596168421,240942.4981737136841,0,1.7e-09
0.9983565873876711,0.0,-0.0033341698395646,0.0000000000000178,-0.0048728271521256,-0.0000000000000303,10.5321304962774231,3.0000746039381845,118273.028861,2.040645,-118275.0695058691344,241355.2072439193726,0,1.4e-09
0.9983532645176268,0.0,-0.0033321560513698,0.0000000000000240,-0.0048686736570830,-0.0000000000000409,10.5265578962829807,3.0000746998462162,119130.349247,2.029153,-119132.3784000949527,241735.7030677795410,0,1.9e-09
0.9983499124789575,0.0,-0.0033301145930768,0.0000000000000215,-0.0048644954738017,-0.0000000000000366,10.5209295773267915,3.0000747967084624,119990.227807,2.017507,-119992.2453142587910,242083.1205492019653,0,1.3e-09
0.9983465310101497,0.0,-0.0033280450250423,0.0000000000001849,-0.0048602926283880,-0.0000000000003156,10.5152449821457417,3.0000748945353983,120852.513298,2.005706,-120854.5190034095140,242396.5748100280762,0,7.8e-10
0.9983431198471728,0.0,-0.0033259468998212,0.0000000000000183,-0.0048560651518257,-0.0000000000000312,10.5095035479017245,3.0000749933376314,121717.048381,1.993748,-121719.0421297989378,242675.1771202087402,0,7.0e-10
0.9983396787234818,0.0,-0.0033238197620346,-0.0000000000000065,-0.0048518130801414,0.0000000000000112,10.5037047061258022,3.0000750931259041,122583.669373,1.981635,-122585.6510070269142,242918.0304040908813,0,1.4e-09
0.9983362073699539,0.0,-0.0033216631481937,0.0000000000000159,-0.0048475364544921,-0.0000000000000271,10.4978478826618371,3.0000751939110941,123452.206300,1.969363,-123454.1756634640042,243124.2373943328857,0,5.5e-10
0.9983327055148674,0.0,-0.0033194765865463,-0.0000000000000298,-0.0048432353213069,0.0000000000000512,10.4919324976095343,3.0000752957042183,124322.482242,1.956934,-124324.4391759787977,243292.8793258666992,0,1.0e-09
0.9983291728838672,0.0,-0.0033172595969122,-0.0000000000000113,-0.0048389097324171,0.0000000000000195,10.4859579652669286,3.0000753985164348,125194.313746,1.944346,-125196.2580919541651,243423.0427474975586,0,1.8e-09
0.9983256091999303,0.0,-0.0033150116905147,0.0000000000000020,-0.0048345597451869,-0.0000000000000034,10.4799236940722782,3.0000755023590440,126067.510435,1.931598,-126069.4420338738128,243513.8074321746826,0,1.8e-09
0.9983220141833350,0.0,-0.0033127323698121,-0.0000000000000246,-0.0048301854226543,0.0000000000000424,10.4738290865453862,3.0000756072434904,126941.874417,1.918691,-126943.7931078287365,243564.2307510375977,0,6.7e-09
0.9983183875516015,0.0,-0.0033104211283056,-0.0000000000000206,-0.0048257868336387,0.0000000000000356,10.4676735392283380,3.0000757131813693,127817.201747,1.905623,-127819.1073702296271,243573.4128513336182,0,3.7e-09
0.9983147290194925,0.0,-0.0033080774503846,-0.0000000000000101,-0.0048213640529248,0.0000000000000175,10.4614564426256180,3.0000758201844220,128693.279588,1.892394,-128695.1719815798278,243540.3904924392700,0,3.3e-09
0.9983110382989479,0.0,-0.0033057008111239,-0.0000000000000030,-0.0048169171613700,0.0000000000000054,10.4551771811436574,3.0000759282645446,129569.888416,1.879003,-129571.7674187464872,243464.2316780090332,0,2.5e-09
0.9983073150990538,0.0,-0.0033032906760997,-0.0000000000000076,-0.0048124462460575,0.0000000000000133,10.4488351330297498,3.0000760374337863,130446.800798,1.865450,-130448.6662480926898,243343.9930324554443,0,1.4e-09
0.9983035591260017,0.0,-0.0033008465011961,-0.0000000000000079,-0.0048079514004389,0.0000000000000138,10.4424296703103678,3.0000761477043549,131323.781379,1.851734,-131325.6331133734784,243178.7268466949463,0,1.0e-09
0.9982997700830482,0.0,-0.0032983677324071,-0.0000000000000010,-0.0048034327244826,0.0000000000000017,10.4359601587288520,3.0000762590886159,132200.586708,1.837855,-132202.4245628253557,242967.4834003448486,0,3.5e-09
0.9982959476704728,0.0,-0.0032958538056333,-0.0000000000000043,-0.0047988903248230,0.0000000000000076,10.4294259576824757,3.0000763715990995,133076.965799,1.823812,-133078.7896112121816,242709.3358764648438,0,9.5e-10
0.9982920915855350,0.0,-0.0032933041464745,-0.0000000000000007,-0.0047943243149104,0.0000000000000013,10.4228264201588807,3.0000764852484987,133952.658314,1.809604,-133954.4679186882859,242403.3194789886475,0,1.2e-09
0.9982882015224297,0.0,-0.0032907181700164,-0.0000000000000008,-0.0047897348151652,0.0000000000000014,10.4161608926718685,3.0000766000496748,134827.396170,1.795232,-134829.1914026342274,242048.4994449615479,0,7.9e-10
0.9982842771722421,0.0,-0.0032880952806121,-0.0000000000000049,-0.0047851219531330,0.0000000000000086,10.4094287151965510,3.0000767160156601,135700.902320,1.780695,-135702.6830150803435,241643.9306373596191,0,9.0e-10
0.9982803182229012,0.0,-0.0032854348716588,-0.0000000000000020,-0.0047804858636420,0.0000000000000035,10.4026292211038438,3.0000768331596595,136572.891095,1.765992,-136574.6570869376301,241188.6790180206299,0,3.0e-10
0.9982763243591317,0.0,-0.0032827363253681,-0.0000000000000003,-0.0047758266889620,0.0000000000000006,10.3957617370943058,3.0000769514950543,137443.067621,1.751124,-137444.8187444770592,240681.8045997619629,0,1.6e-09
0.9982722952624047,0.0,-0.0032799990125310,-0.0000000000000033,-0.0047711445789661,0.0000000000000060,10.3888255831313128,3.0000770710354048,138311.128428,1.736089,-138312.8645165731141,240122.3906326293945,0,7.7e-12
0.9982682306108877,0.0,-0.0032772222922767,-0.0000000000000042,-0.0047664396912942,0.0000000000000075,10.3818200723735572,3.0000771917944529,139176.760107,1.720887,-139178.4809941780986,239509.5039100646973,0,1.1e-09
0.9982641300793916,0.0,-0.0032744055118248,-0.0000000000000043,-0.0047617121915170,0.0000000000000076,10.3747445111068686,3.0000773137861265,140039.640500,1.705519,-140041.3460183177376,238842.2391986846924,0,1.2e-09
0.9982599933393181,0.0,-0.0032715480062322,0.0000000000000027,-0.0047569622533046,-0.0000000000000047,10.3675981986753492,3.0000774370245415,140899.437796,1.689983,-140901.1277794254711,238119.6973762512207,0,1.3e-09
0.9982558200586036,0.0,-0.0032686490981322,0.0000000000000016,-0.0047521900585925,-0.0000000000000027,10.3603804274118172,3.0000775615240056,141755.810075,1.674280,-141757.4843552967650,237340.9723300933838,0,1.8e-09
0.9982516099016632,0.0,-0.0032657080974674,0.0000000000000009,-0.0047473957977546,-0.0000000000000015,10.3530904825675520,3.0000776872990214,142608.405902,1.658410,-142610.0643115685671,236505.1812973022461,0,5.9e-10
0.9982473625293319,0.0,-0.0032627243012150,-0.0000000000000014,-0.0047425796697747,0.0000000000000026,10.3457276422413234,3.0000778143642890,143456.864413,1.642372,-143458.5067841723794,235611.4705810546875,0,9.5e-11
0.9982430775988039,0.0,-0.0032596969931054,-0.0000000000000019,-0.0047377418824179,0.0000000000000035,10.3382911773077169,3.0000779427347117,144300.814014,1.626165,-144302.4401790557895,234658.9761505126953,0,1.7e-10
0.9982387547635710,0.0,-0.0032566254433326,-0.0000000000000007,-0.0047328826524071,0.0000000000000014,10.3307803513447336,3.0000780724253957,145139.873143,1.609791,-145141.4829335046234,233646.8579006195068,0,1.4e-09
0.9982343936733580,0.0,-0.0032535089082571,0.0000000000000027,-0.0047280022055988,-0.0000000000000047,10.3231944205606609,3.0000782034516598,145973.650466,1.593249,-145975.2437149470788,232574.3114070892334,0,9.6e-10
0.9982299939740558,0.0,-0.0032503466301003,0.0000000000000026,-0.0047231007771588,-0.0000000000000046,10.3155326337202027,3.0000783358290324,146801.743361,1.576538,-146803.3198989215889,231440.5171775817871,0,5.2e-10
0.9982255553076546,0.0,-0.0032471378366306,0.0000000000000029,-0.0047181786117438,-0.0000000000000050,10.3077942320698721,3.0000784695732605,147623.739643,1.559659,-147625.2993018619600,230244.7102108001709,0,2.7e-09
0.9982210773121710,0.0,-0.0032438817408411,0.0000000000000003,-0.0047132359636755,-0.0000000000000004,10.2999784492626283,3.0000786047003110,148439.215608,1.542612,-148440.7582202161429,228986.1130943298340,0,2.1e-10
0.9982165596215767,0.0,-0.0032405775406168,-0.0000000000000007,-0.0047082730971242,0.0000000000000014,10.2920845112817556,3.0000787412263734,149247.737981,1.525397,-149249.2633774325950,227664.0121440887451,0,1.8e-10
0.9982120018657218,0.0,-0.0032372244183943,-0.0000000000000015,-0.0047032902862887,0.0000000000000027,10.2841116363639760,3.0000788791678690,150048.862241,1.508013,-150050.3702544070547,226277.6998424530029,0,1.4e-09
0.9982074036702557,0.0,-0.0032338215408102,0.0000000000000027,-0.0046982878155719,-0.0000000000000047,10.2760590349217811,3.0000790185414505,150842.132831,1.490462,-150843.6232928805985,224826.4881553649902,0,1.3e-09
0.9982027646565481,0.0,-0.0032303680583396,-0.0000000000000003,-0.0046932659797683,0.0000000000000006,10.2679259094649886,3.0000791593640090,151627.083679,1.472743,-151628.5564220640808,223309.7313404083252,0,1.5e-10
0.9981980844416030,0.0,-0.0032268631049240,0.0000000000000012,-0.0046882250842402,-0.0000000000000020,10.2597114545215007,3.0000793016526752,152403.237973,1.454856,-152404.6928296256519,221726.8192577362061,0,4.1e-10
0.9981933626379720,0.0,-0.0032233057975888,-0.0000000000000008,-0.0046831654450967,0.0000000000000015,10.2514148565572683,3.0000794454248276,153170.107746,1.436802,-153171.5445486154640,220077.1657733917236,0,1.1e-09
0.9981885988536640,0.0,-0.0032196952360481,0.0000000000000011,-0.0046780873893746,-0.0000000000000020,10.2430352938954439,3.0000795906980979,153927.193965,1.418581,-153928.6125462246710,218360.2199287414551,0,2.7e-10
0.9981837926920513,0.0,-0.0032160305022985,0.0000000000000003,-0.0046729912552156,-0.0000000000000004,10.2345719366347190,3.0000797374903705,154673.987190,1.400193,-154675.3873834129772,216575.4839096069336,0,2.4e-10
0.9981789437517720,0.0,-0.0032123106602002,0.0000000000000003,-0.0046678773920420,-0.0000000000000005,10.2260239465668370,3.0000798858197930,155409.966599,1.381639,-155411.3482384429371,214722.4872512817383,0,9.5e-10
0.9981740516266281,0.0,-0.0032085347550446,0.0000000000000002,-0.0046627461607318,-0.0000000000000003,10.2173904770932733,3.0000800357047788,156134.600563,1.362919,-156135.9634814957390,212800.8038272857666,0,1.3e-09
0.9981691159054811,0.0,-0.0032047018131091,0.0000000000000004,-0.0046575979337911,-0.0000000000000006,10.2086706731410768,3.0000801871640141,156847.346565,1.344033,-156848.6905985814519,210810.0521011352539,0,3.9e-10
0.9981641361721413,0.0,-0.0032008108411974,-0.0000000000000015,-0.0046524330955231,0.0000000000000028,10.1998636710778481,3.0000803402164591,157547.651544,1.324983,-157548.9765271641663,208749.9083747863770,0,7.0e-10
0.9981591120052540,0.0,-0.0031968608261653,0.0000000000000008,-0.0046472520421936,-0.0000000000000013,10.1909685986258776,3.0000804948813622,158234.951532,1.305768,-158236.2572993507492,206620.0899219512939,0,2.4e-09
0.9981540429781800,0.0,-0.0031928507344308,-0.0000000000000015,-0.0046420551821931,0.0000000000000029,10.1819845747753934,3.0000806511782554,158908.671543,1.286389,-158909.9579319499899,204420.3585777282715,0,1.3e-09
0.9981489286588721,0.0,-0.0031887795114684,-0.0000000000000020,-0.0046368429361966,0.0000000000000036,10.1729107096969518,3.0000808091269695,159568.226644,1.266847,-159569.4934910230222,202150.5459289550781,0,1.8e-10
0.9981437686097447,0.0,-0.0031846460812868,0.0000000000000018,-0.0046316157373140,-0.0000000000000032,10.1637461046529243,3.0000809687476346,160213.021440,1.247143,-160214.2685825982771,199810.5410518646240,0,1.1e-09
0.9981385623875395,0.0,-0.0031804493458886,0.0000000000000001,-0.0046263740312378,-0.0000000000000001,10.1544898519080959,3.0000811300606878,160842.449903,1.227277,-160843.6771802923176,197400.2818012237549,0,1.6e-09
0.9981333095431829,0.0,-0.0031761881847122,0.0000000000000006,-0.0046211182763829,-0.0000000000000010,10.1451410346393569,3.0000812930868834,161455.896127,1.207251,-161457.1033780048310,194919.7728576660156,0,1.4e-09
0.9981280096216393,0.0,-0.0031718614540542,-0.0000000000000006,-0.0046158489440195,0.0000000000000012,10.1356987268444776,3.0000814578472950,162052.734373,1.187065,-162053.9214380460908,192369.0879249572754,0,7.4e-10
0.9981226621617562,0.0,-0.0031674679864721,0.0000000000000018,-0.0046105665183980,-0.0000000000000032,10.1261619932499585,3.0000816243633244,162632.329414,1.166720,-162633.4961338245776,189748.3691844940186,0,1.8e-09
0.9981172666961011,0.0,-0.0031630065901651,0.0000000000000002,-0.0046052714968612,-0.0000000000000002,10.1165298892179436,3.0000817926567116,163194.036106,1.146217,-163195.1823228123249,187057.8183460235596,0,6.6e-10
0.9981118227507941,0.0,-0.0031584760483340,-0.0000000000000003,-0.0045999643899529,0.0000000000000007,10.1068014606521892,3.0000819627495390,163737.200885,1.125558,-163738.3264435153687,184297.7298641204834,0,1.5e-09
0.9981063298453278,0.0,-0.0031538751185175,0.0000000000000002,-0.0045946457215058,-0.0000000000000003,10.0969757439030765,3.0000821346642406,164261.160770,1.104744,-164262.2655130479252,181468.4550170898438,0,1.5e-09
0.9981007874923810,0.0,-0.0031492025319041,-0.0000000000000002,-0.0045893160287223,0.0000000000000004,10.0870517656716565,3.0000823084236119,164765.244757,1.083775,-164766.3285322149750,178570.4395503997803,0,3.1e-09
0.9980951951976236,0.0,-0.0031444569926189,-0.0000000000000008,-0.0045839758622403,0.0000000000000015,10.0770285429127249,3.0000824840508185,165248.772951,1.062654,-165249.8356040819781,175604.1886253356934,0,4.0e-10
0.9980895524595097,0.0,-0.0031396371769831,-0.0000000000000005,-0.0045786257861817,0.0000000000000010,10.0669050827369002,3.0000826615694005,165711.059232,1.041381,-165712.1006133486517,172570.3298797607422,0,1.7e-09
0.9980838587690606,0.0,-0.0031347417327464,0.0000000000000003,-0.0045732663781808,-0.0000000000000006,10.0566803823117112,3.0000828410032891,166151.408495,1.019958,-166152.4284536633932,169469.5362205505371,0,1.4e-10
0.9980781136096374,0.0,-0.0031297692782889,-0.0000000000000019,-0.0045678982293984,0.0000000000000035,10.0463534287616660,3.0000830223768116,166569.119972,0.998388,-166570.1183599728975,166302.5972080230713,0,1.8e-09
0.9980723164567000,0.0,-0.0031247184017926,-0.0000000000000007,-0.0045625219445094,0.0000000000000013,10.0359231990673159,3.0000832057147031,166963.486538,0.976671,-166964.4632093550463,163070.3975315093994,0,1.4e-10
0.9980664667775537,0.0,-0.0031195876603799,-0.0000000000000007,-0.0045571381416674,0.0000000000000014,10.0253886599632693,3.0000833910421170,167333.794672,0.954809,-167334.7494813241065,159773.8950824737549,0,7.3e-10
0.9980605640310829,0.0,-0.0031143755792176,-0.0000000000000006,-0.0045517474524472,0.0000000000000012,10.0147487678351723,3.0000835783846380,167679.326200,0.932805,-167680.2590056953486,156414.1660099029541,0,2.7e-09
0.9980546076674677,0.0,-0.0031090806505846,-0.0000000000000004,-0.0045463505217505,0.0000000000000008,10.0040024686156368,3.0000837677682908,167999.357517,0.910660,-168000.2681774210650,152992.3570499420166,0,2.4e-09
0.9980485971278868,0.0,-0.0031037013329018,-0.0000000000000002,-0.0045409480076882,0.0000000000000003,9.9931486976790875,3.0000839592195541,168293.163321,0.888377,-168294.0516983793059,149509.7819499969482,0,2.0e-09
0.9980425318442017,0.0,-0.0030982360497208,-0.0000000000000015,-0.0045355405814205,0.0000000000000028,9.9821863797355448,3.0000841527653734,168560.011921,0.865957,-168560.8778783041344,145967.7728328704834,0,3.5e-09
0.9980364112386236,0.0,-0.0030926831886704,-0.0000000000000005,-0.0045301289269649,0.0000000000000010,9.9711144287233040,3.0000843484331750,168799.172370,0.843404,-168800.0157737038389,142367.8548145294189,0,3.0e-09
0.9980302347233602,0.0,-0.0030870411003580,-0.0000000000000011,-0.0045247137409563,0.0000000000000020,9.9599317477005087,3.0000845462508794,169009.910441,0.820719,-169010.7311597307562,138711.6179637908936,0,1.1e-09
0.9980240017002412,0.0,-0.0030813080972229,-0.0000000000000004,-0.0045192957323657,0.0000000000000009,9.9486372287356186,3.0000847462469173,169191.490467,0.797905,-169192.2883716935175,135000.7511005401611,0,9.3e-10
0.9980177115603223,0.0,-0.0030754824523398,0.0000000000000001,-0.0045138756221673,-0.0000000000000001,9.9372297527967284,3.0000849484502425,169343.178465,0.774965,-169343.9534304428671,131237.0947265625000,0,1.3e-09
0.9980113636834631,0.0,-0.0030695623981681,-0.0000000000000006,-0.0045084541429475,0.0000000000000011,9.9257081896397512,3.0000851528903514,169464.240961,0.751903,-169464.9928639092250,127422.6001319885254,0,1.6e-09
0.9980049574378803,0.0,-0.0030635461252454,-0.0000000000000007,-0.0045030320384564,0.0000000000000013,9.9140713976954391,3.0000853595973003,169553.945768,0.728720,-169554.6744874568831,123559.3073120117188,0,1.3e-09
0.9979984921796732,0.0,-0.0030574317808201,0.0000000000000002,-0.0044976100630944,-0.0000000000000003,9.9023182239552305,3.0000855686017220,169611.564514,0.705420,-169612.2699341816187,119649.4026584625244,0,1.1e-09
0.9979919672523164,0.0,-0.0030512174674209,0.0000000000000003,-0.0044921889813198,-0.0000000000000004,9.8904475038559116,3.0000857799348464,169636.373406,0.682007,-169637.0554127153591,115695.2072200775146,0,1.0e-10
0.9979853819861236,0.0,-0.0030449012413588,0.0000000000000001,-0.0044867695669856,-0.0000000000000002,9.8784580611630624,3.0000859936285207,169627.653390,0.658484,-169628.3118743724190,111699.1416625976562,0,3.8e-09
0.9979787356976737,0.0,-0.0030384811111561,-0.0000000000000010,-0.0044813526025841,0.0000000000000019,9.8663487078532981,3.0000862097152301,169584.691224,0.634855,-169585.3260796487448,107663.7374420166016,0,6.8e-10
0.9979720276891999,0.0,-0.0030319550359010,-0.0000000000000015,-0.0044759388783962,0.0000000000000029,9.8541182439952646,3.0000864282281237,169506.783348,0.611124,-169507.3944719018182,103591.7010822296143,0,2.1e-09
0.9979652572479395,0.0,-0.0030253209235186,-0.0000000000000003,-0.0044705291915433,0.0000000000000005,9.8417654576293856,3.0000866492010339,169393.233795,0.587295,-169393.8210901314742,99485.8215007781982,0,2.3e-09
0.9979584236454373,0.0,-0.0030185766289570,0.0000000000000004,-0.0044651243449169,-0.0000000000000007,9.8292891246463423,3.0000868726685077,169243.357526,0.563372,-169243.9208983950084,95349.0288124084473,0,3.7e-10
0.9979515261368042,0.0,-0.0030117199522802,-0.0000000000000003,-0.0044597251459922,0.0000000000000006,9.8166880086642596,3.0000870986658303,169056.481699,0.539361,-169057.0210593991796,91184.3891448974609,0,2.4e-09
0.9979445639599238,0.0,-0.0030047486366630,-0.0000000000000006,-0.0044543324055025,0.0000000000000013,9.8039608609046009,3.0000873272290542,168831.947277,0.515264,-168832.4625412811583,86995.0972480773926,0,3.1e-10
0.9979375363346037,0.0,-0.0029976603662807,-0.0000000000000001,-0.0044489469359656,0.0000000000000002,9.7911064200667255,3.0000875583950335,168569.108940,0.491089,-168569.6000288417854,82784.4535560607910,0,1.8e-09
0.9979304424616681,0.0,-0.0029904527640863,-0.0000000000000004,-0.0044435695500506,0.0000000000000008,9.7781234122011131,3.0000877922014517,168267.339703,0.466840,-168267.8065424435481,78555.9141311645508,0,3.4e-09
0.9979232815219857,0.0,-0.0029831233894681,-0.0000000000000001,-0.0044382010587662,0.0000000000000003,9.7650105505812235,3.0000880286868621,167926.028369,0.442522,-167926.4708910011686,74313.0134296417236,0,1.3e-09
0.9979160526754279,0.0,-0.0029756697357788,0.0000000000000003,-0.0044328422694542,-0.0000000000000005,9.7517665355739744,3.0000882678907206,167544.586797,0.418142,-167545.0049390168861,70059.4748458862305,0,7.5e-10
0.9979087550597537,0.0,-0.0029680892277264,-0.0000000000000003,-0.0044274939835792,0.0000000000000007,9.7383900545088142,3.0000885098534287,167122.446319,0.393706,-167122.8400249283586,65799.0937080383301,0,9.9e-10
0.9979013877894117,0.0,-0.0029603792186186,-0.0000000000000001,-0.0044221569942801,0.0000000000000003,9.7248797815453720,3.0000887546163728,166659.063154,0.369220,-166659.4323740168766,61535.8088321685791,0,4.7e-09
0.9978939499542546,0.0,-0.0029525369874491,-0.0000000000000002,-0.0044168320836693,0.0000000000000006,9.7112343775396557,3.0000890022219759,166153.917803,0.344690,-166154.2624937243236,57273.6586551666260,0,3.6e-09
0.9978864406181602,0.0,-0.0029445597358129,-0.0000000000000004,-0.0044115200198646,0.0000000000000007,9.6974524899087768,3.0000892527137379,165606.519437,0.320125,-165606.8395619865914,53016.8147068023682,0,2.5e-09
0.9978788588175471,0.0,-0.0029364445846411,-0.0000000000000001,-0.0044062215537080,0.0000000000000001,9.6835327524941803,3.0000895061362942,165016.406320,0.295532,-165016.7018518581172,48769.5556392669678,0,2.2e-09
0.9978712035597833,0.0,-0.0029281885707371,-0.0000000000000009,-0.0044009374151709,0.0000000000000017,9.6694737854233512,3.0000897625354690,164383.148183,0.270917,-164383.4191002020380,44536.2637138366699,0,3.1e-09
0.9978634738214696,0.0,-0.0029197886431037,-0.0000000000000007,-0.0043956683093829,0.0000000000000013,9.6552741949699730,3.0000900219583349,163706.347878,0.246291,-163706.5941695583460,40321.4160556793213,0,4.5e-11
0.9978556685465947,0.0,-0.0029112416590418,-0.0000000000000006,-0.0043904149122757,0.0000000000000012,9.6409325734125009,3.0000902844532789,162985.645184,0.221661,-162985.8668453799910,36129.6106414794922,0,7.2e-10
0.9978477866445504,0.0,-0.0029025443800028,-0.0000000000000004,-0.0043851778658024,0.0000000000000007,9.6264474988911424,3.0000905500700688,162220.717100,0.197037,-162220.9141369844147,31965.5276203155518,0,5.2e-09
0.9978398269879903,0.0,-0.0028936934671774,-0.0000000000000006,-0.0043799577726728,0.0000000000000012,9.6118175352631852,3.0000908188599298,161411.280014,0.172428,-161411.4524424025149,27833.9097137451172,0,4.7e-09
0.9978317884105249,0.0,-0.0028846854767966,-0.0000000000000010,-0.0043747551905899,0.0000000000000019,9.5970412319566698,3.0000910908756233,160557.093875,0.147845,-160557.2417204360245,23739.6103820800781,0,3.7e-09
0.9978236697042350,0.0,-0.0028755168551239,-0.0000000000000009,-0.0043695706259129,0.0000000000000016,9.5821171238223499,3.0000913661715325,159657.963111,0.123298,-159658.0864089769020,19687.5487747192383,0,4.2e-09
0.9978154696169901,0.0,-0.0028661839331118,0.0000000000000002,-0.0043644045267126,-0.0000000000000003,9.5670437309839276,3.0000916448037538,158713.739040,0.098799,-158713.8378386182303,15682.7095031738281,0,7.0e-09
0.9978071868495548,0.0,-0.0028566829206946,-0.0000000000000002,-0.0043592572751527,0.0000000000000004,9.5518195586865140,3.0000919268301991,157724.321375,0.074358,-157724.3957330226258,11730.1144199371338,0,3.1e-09
0.9977988200524660,0.0,-0.0028470099006872,-0.0000000000000008,-0.0043541291791374,0.0000000000000016,9.5364430971432821,3.0000922123107010,156689.662874,0.049990,-156689.7128634134424,7834.8624935150146,0,5.4e-10
0.9977903678226593,0.0,-0.0028371608222550,-0.0000000000000008,-0.0043490204631588,0.0000000000000014,9.5209128213802749,3.0000925013071273,155609.770063,0.025706,-155609.7957690107578,4002.0870475769043,0,1.0e-09
0.9977818286998250,0.0,-0.0028271314939186,-0.0000000000000005,-0.0043439312582614,0.0000000000000010,9.5052271910793245,3.0000927938835096,154484.704934,0.001521,-154484.7064551453514,236.9350967407227,0,4.1e-09
0.9977732011624717,0.0,-0.0028169175760523,0.0000000000000000,-0.0043388615910516,-0.0000000000000001,9.4893846504190513,3.0000930901061755,153314.587967,-0.022551,-153314.5654155079974,-3455.4309463500977,0,4.2e-09
0.9977644836236692,0.0,-0.0028065145728292,-0.0000000000000006,-0.0043338113716566,0.0000000000000011,9.4733836279138917,3.0000933900438937,152099.601052,-0.046495,-152099.5545573300333,-7069.8259487152100,0,3.4e-09
0.9977556744264475,0.0,-0.0027959178235657,-0.0000000000000009,-0.0043287803805386,0.0000000000000017,9.4572225362511162,3.0000936937680343,150839.989019,-0.070294,-150839.9187256546284,-10601.0787277221680,0,2.7e-09
0.9977467718388195,0.0,-0.0027851224934076,-0.0000000000000007,-0.0043237682540547,0.0000000000000014,9.4408997721257872,3.0000940013527377,149536.062034,-0.093931,-149535.9681029749627,-14044.0246887207031,0,4.8e-09
0.9977377740483975,0.0,-0.0027741235632977,-0.0000000000000006,-0.0043187744686479,0.0000000000000012,9.4244137160736177,3.0000943128750968,148188.196886,-0.117388,-148188.0794977345213,-17393.5511760711670,0,3.8e-09
0.9977286791565676,0.0,-0.0027629158191581,-0.0000000000000002,-0.0043137983235445,0.0000000000000004,9.4077627323016806,3.0000946284153609,146796.840392,-0.140647,-146796.6997442804277,-20644.5731945037842,0,2.1e-09
0.9977194851721866,0.0,-0.0027514938402094,-0.0000000000000008,-0.0043088389218163,0.0000000000000015,9.3909451685169323,3.0000949480571477,145362.510676,-0.163688,-145362.3469878109172,-23792.0613632202148,0,2.0e-09
0.9977101900047589,0.0,-0.0027398519863465,-0.0000000000000006,-0.0043038951496605,0.0000000000000012,9.3739593557524881,3.0000952718876785,143885.798671,-0.186489,-143885.6121822863061,-26831.0659599304199,0,2.9e-09
0.9977007914570533,0.0,-0.0027279843844757,-0.0000000000000010,-0.0042989656537337,0.0000000000000019,9.3568036081916173,3.0000955999980321,142367.370223,-0.209028,-142367.1611953810789,-29756.7177085876465,0,5.4e-09
0.9976912872171076,0.0,-0.0027158849137111,-0.0000000000000006,-0.0042940488163603,0.0000000000000011,9.3394762229894130,3.0000959324834193,140807.966781,-0.231281,-140807.7354993748886,-32564.2596893310547,0,1.5e-09
0.9976816748495783,0.0,-0.0027035471893146,-0.0000000000000002,-0.0042891427284314,0.0000000000000005,9.3219754800920871,3.0000962694434796,139208.409342,-0.253225,-139208.1561175159295,-35249.0275840759277,0,6.4e-09
0.9976719517863728,0.0,-0.0026909645452524,-0.0000000000000005,-0.0042842451597719,0.0000000000000009,9.3042996420538699,3.0000966109826042,137569.595249,-0.274832,-137569.3204168549855,-37806.5193519592285,0,5.0e-09
0.9976621153165133,0.0,-0.0026781300152220,-0.0000000000000002,-0.0042793535267644,0.0000000000000004,9.2864469538514598,3.0000969572102858,135892.503312,-0.296075,-135892.2072375807620,-40232.3519248962402,0,3.1e-09
0.9976521625751674,0.0,-0.0026650363119911,-0.0000000000000004,-0.0042744648569872,0.0000000000000007,9.2684156426960076,3.0000973082414970,134178.192742,-0.316924,-134177.8758173809911,-42522.3112068176270,0,6.1e-09
0.9976420905317775,0.0,-0.0026516758048677,-0.0000000000000004,-0.0042695757505887,0.0000000000000008,9.2502039178426276,3.0000976641971016,132427.802356,-0.337349,-132427.4650068134652,-44672.3708152770996,0,4.1e-09
0.9976318959772235,0.0,-0.0026380404950985,-0.0000000000000003,-0.0042646823381441,0.0000000000000006,9.2318099703973981,3.0000980252043021,130642.553433,-0.357316,-130642.1961167834525,-46678.6784954071045,0,6.3e-09
0.9976215755099397,0.0,-0.0026241219889698,-0.0000000000000001,-0.0042597802346716,0.0000000000000002,9.2132319731218821,3.0000983913971182,128823.746748,-0.376791,-128823.3699570061144,-48537.5915670394897,0,6.7e-09
0.9976111255209100,0.0,-0.0026099114683542,-0.0000000000000002,-0.0042548644895014,0.0000000000000003,9.1944680802351737,3.0000987629169162,126972.763567,-0.395736,-126972.3678313219280,-50245.6997699737549,0,4.3e-09
0.9976005421774595,0.0,-0.0025953996584139,-0.0000000000000000,-0.0042499295316582,-0.0000000000000000,9.1755164272135108,3.0000991399129706,125091.064792,-0.414113,-125090.6506794256566,-51799.8034696578979,0,6.1e-09
0.9975898214057533,0.0,-0.0025805767921365,-0.0000000000000004,-0.0042449691103903,0.0000000000000008,9.1563751305875076,3.0000995225430809,123180.187938,-0.431879,-123179.7560585086467,-53196.9564800262451,0,5.8e-09
0.9975789588719162,0.0,-0.0025654325713332,-0.0000000000000002,-0.0042399762304792,0.0000000000000004,9.1370422877371009,3.0000999109742388,121241.746835,-0.448991,-121241.2978443216416,-54434.4660711288452,0,6.8e-09
0.9975679499616794,0.0,-0.0025499561236759,0.0000000000000001,-0.0042349430819349,-0.0000000000000020,9.1175159766843255,3.0001003053833433,119277.428008,-0.465402,-119276.9626060386654,-55509.9034490585327,0,5.8e-09
0.9975567897584749,0.0,-0.0025341359553332,-0.0000000000000003,-0.0042298609636596,0.0000000000000006,9.0977942558840521,3.0001007059579825,117288.988584,-0.481061,-117288.5075235049298,-56421.1063404083252,0,6.8e-09
0.9975454730198365,0.0,-0.0025179598985641,-0.0000000000000005,-0.0042247202006981,0.0000000000000009,9.0778751640129176,3.0001011128972723,115278.251574,-0.495915,-115277.7556592956680,-57166.2048797607422,0,5.3e-09
0.9975339941520956,0.0,-0.0025014150538179,-0.0000000000000002,-0.0042195100546033,0.0000000000000003,9.0577567197566236,3.0001015264127657,113247.102861,-0.509908,-113246.5929534600436,-57743.5949440002441,0,8.1e-09
0.9975223471832008,0.0,-0.0024844877254713,-0.0000000000000006,-0.0042142186265516,0.0000000000000010,9.0374369215959458,3.0001019467294299,111197.484298,-0.522979,-111196.9613184372138,-58151.9801187515259,0,4.6e-09
0.9975105257336263,0.0,-0.0024671633504931,-0.0000000000000007,-0.0042088327527826,0.0000000000000013,9.0169137475917456,3.0001023740867012,109131.390469,-0.535065,-109130.8554047066864,-58390.3352985382080,0,3.9e-09
0.9974985229852728,0.0,-0.0024494264190768,-0.0000000000000009,-0.0042033378919678,0.0000000000000016,8.9961851551694014,3.0001028087396189,107050.860096,-0.546095,-107050.3140006723406,-58457.9209222793579,0,5.0e-09
0.9974863316483032,0.0,-0.0024312603861765,-0.0000000000000008,-0.0041977180041959,0.0000000000000015,8.9752490809030707,3.0001032509600423,104957.969189,-0.555997,-104957.4131924400281,-58354.3097057342529,0,3.1e-09
0.9974739439258619,0.0,-0.0024126475727144,0.0000000000000004,-0.0041919554212628,-0.0000000000000006,8.9541034403002904,3.0001037010379541,102854.823803,-0.564692,-102854.2591109983041,-58079.3130550384521,0,5.3e-09
0.9974613514766477,0.0,-0.0023935690550285,-0.0000000000000003,-0.0041860307080619,0.0000000000000005,8.9327461275874231,3.0001041592828575,100743.549400,-0.572097,-100742.9773033726524,-57633.0532989501953,0,7.0e-09
0.9974485453753419,0.0,-0.0023740045409058,-0.0000000000000003,-0.0041799225149608,0.0000000000000005,8.9111750154964788,3.0001046260252617,98626.281685,-0.578121,-98625.7035640651884,-57015.8879861831665,0,5.6e-09
0.9974355160709251,0.0,-0.0023539322302595,-0.0000000000000004,-0.0041736074212045,0.0000000000000006,8.8893879550538397,3.0001051016182712,96505.155741,-0.582668,-96504.5730729453498,-56228.4453001022339,0,3.1e-09
0.9974222533429506,0.0,-0.0023333286581940,-0.0000000000000007,-0.0041670597695098,0.0000000000000011,8.8673827753713237,3.0001055864392567,94382.293888,-0.585635,-94381.7082527696330,-55271.5736150741577,0,2.8e-09
0.9974087462559049,0.0,-0.0023121685177964,-0.0000000000000007,-0.0041602514922727,0.0000000000000011,8.8451572834399066,3.0001060808916411,92259.792134,-0.586912,-92259.2052221356571,-54146.3615236282349,0,7.3e-10
0.9973949831118376,0.0,-0.0022904244595204,-0.0000000000000010,-0.0041531519300613,0.0000000000000017,8.8227092639261873,3.0001065854067610,90139.707429,-0.586380,-90139.1210491414968,-52854.1108889579773,0,3.8e-09
0.9973809514015118,0.0,-0.0022680668634548,-0.0000000000000008,-0.0041457276433319,0.0000000000000012,8.8000364789713110,3.0001071004458284,88024.041025,-0.583912,-88023.4571127002710,-51396.3103175163269,0,1.6e-10
0.9973666377544217,0.0,-0.0022450635800547,-0.0000000000000009,-0.0041379422187778,0.0000000000000015,8.7771366679915097,3.0001076265019750,85914.725321,-0.579373,-85914.1459479810437,-49774.6360988616943,0,2.1e-09
0.9973520278880997,0.0,-0.0022213796340569,-0.0000000000000010,-0.0041297560720550,0.0000000000000017,8.7540075474786470,3.0001081641023690,83813.604435,-0.572615,-83813.0318199299800,-47990.9538893699646,0,6.6e-10
0.9973371065572589,0.0,-0.0021969768852207,-0.0000000000000006,-0.0041211262492203,0.0000000000000008,8.7306468107980404,3.0001087138103926,81722.419601,-0.563484,-81721.8561167560110,-46047.2745022773743,0,2.5e-09
0.9973218575034213,0.0,-0.0021718136382081,-0.0000000000000008,-0.0041120062297589,0.0000000000000012,8.7070521279792850,3.0001092762278754,79642.788984,-0.551811,-79642.2371729706938,-43945.8034262657166,0,5.6e-10
0.9973062634058253,0.0,-0.0021458441922364,-0.0000000000000004,-0.0041023457347880,0.0000000000000005,8.6832211454937873,3.0001098519973466,77576.191642,-0.537419,-77575.6542232404172,-41688.9029893875122,0,3.1e-09
0.9972903058345155,0.0,-0.0021190183190231,-0.0000000000000008,-0.0040920905446495,0.0000000000000011,8.6591514860099448,3.0001104418043001,75523.947127,-0.520115,-75523.4270124497270,-39279.1366529464722,0,3.3e-09
0.9972739652066828,0.0,-0.0020912806548097,-0.0000000000000003,-0.0040811823310493,0.0000000000000003,8.6348407481132998,3.0001110463794318,73487.198572,-0.499696,-73486.6988752372563,-36719.2813143730164,0,2.4e-10
0.9972572207475031,0.0,-0.0020625699889246,-0.0000000000000007,-0.0040695585096031,0.0000000000000010,8.6102865059742477,3.0001116665008269,71466.895070,-0.475946,-71466.4191242338275,-34012.3814663887024,0,1.3e-09
0.9972400504566533,0.0,-0.0020328184263958,-0.0000000000000004,-0.0040571521195163,0.0000000000000004,8.5854863089398776,3.0001123029960612,69463.773426,-0.448634,-69463.3247923342569,-31161.7921686172485,0,3.7e-09
0.9972224310821431,0.0,-0.0020019503968226,-0.0000000000000006,-0.0040438917380854,0.0000000000000007,8.5604376810184153,3.0001129567441698,67478.343320,-0.417516,-67477.9258037969557,-28171.2921004295349,0,3.0e-10
0.9972043381028064,0.0,-0.0019698814731019,-0.0000000000000005,-0.0040297014383421,0.0000000000000007,8.5351381202147749,3.0001136286774575,65510.874304,-0.382335,-65510.4919686516805,-25045.1209609508514,0,3.1e-09
0.9971857457212381,0.0,-0.0019365169536828,-0.0000000000000004,-0.0040145007990462,0.0000000000000005,8.5095850976622742,3.0001143197830884,63561.383692,-0.342821,-63561.0408712194039,-21788.1648800373077,0,1.9e-09
0.9971666268684539,0.0,-0.0019017501466088,0.0000000000000001,-0.0039982049764444,-0.0000000000000002,8.4837760564786855,3.0001150311044400,61629.628672,-0.298689,-61629.3299835476937,-18406.0728783607483,0,9.7e-11
0.9971469532220428,0.0,-0.0018654602745673,0.0000000000000003,-0.0039807248478873,-0.0000000000000005,8.4577084102516871,3.0001157637421616,59715.102563,-0.249643,-59714.8529196728632,-14905.4506471157074,0,7.5e-10
0.9971266952389639,0.0,-0.0018275098912148,-0.0000000000000004,-0.0039619672370381,0.0000000000000004,8.4313795410284857,3.0001165188549304,57817.035751,-0.195376,-57816.8403756615080,-11294.0342984199524,0,2.3e-09
0.9971058222040853,0.0,-0.0017877416592723,0.0000000000000003,-0.0039418352300685,-0.0000000000000004,8.4047867966420622,3.0001172976598629,55934.401848,-0.135568,-55934.2662796703517,-7580.9417040348053,0,2.5e-09
0.9970843022951238,0.0,-0.0017459742823758,0.0000000000000003,-0.0039202285913329,-0.0000000000000003,8.3779274871467404,3.0001181014326090,54065.930765,-0.069894,-54065.8608710340341,-3776.8964993953705,0,2.2e-09
0.9970621026640792,0.0,-0.0017019972960600,0.0000000000000004,-0.0038970442853267,-0.0000000000000004,8.3507988800481616,3.0001189315071271,52210.129668,0.001982,-52210.1316502558257,105.5019538402557,0,2.8e-09
0.9970391895345972,0.0,-0.0016555642918458,-0.0000000000000000,-0.0038721771096292,-0.0000000000000001,8.3233981938801254,3.0001197892752125,50365.310673,0.080403,-50365.3910761710576,4051.5239741802216,0,1.5e-10
0.9970155283136216,0.0,-0.0016063839435731,0.0000000000000006,-0.0038455204402106,-0.0000000000000007,8.2957225894729447,3.0001206761858641,48529.628534,0.165714,-48529.7942473712901,8044.0249800682068,0,7.0e-10
0.9969910837148702,0.0,-0.0015541078781095,-0.0000000000000001,-0.0038169670868822,0.0000000000000001,8.2677691579205490,3.0001215937446348,46701.128011,0.258264,-46701.3862749983746,12063.2264494895935,0,3.1e-09
0.9969658198895089,0.0,-0.0014983138890820,0.0000000000000001,-0.0037864102506121,-0.0000000000000002,8.2395349036872094,3.0001225435132008,44877.800706,0.358406,-44878.1591119681252,16086.4853622913361,0,1.6e-09
0.9969397005577061,0.0,-0.0014384820607931,0.0000000000000008,-0.0037537445680399,-0.0000000000000011,8.2110167203058460,3.0001235271094502,43057.650978,0.466494,-43058.1174721438947,20088.1225378513336,0,7.1e-10
0.9969126891310782,0.0,-0.0013739596935374,0.0000000000000008,-0.0037188672182887,-0.0000000000000011,8.1822113543221953,3.0001245462085895,41238.772593,0.582882,-41239.3554750272087,24039.3201959133148,0,2.5e-09
0.9968847488105933,0.0,-0.0013039077498304,0.0000000000000012,-0.0036816790527806,-0.0000000000000017,8.1531153497100490,3.0001256025459648,39419.433708,0.707927,-39420.1416347852792,27908.0895327329636,0,1.0e-09
0.9968558426344164,0.0,-0.0012272151452944,0.0000000000000013,-0.0036420856853224,-0.0000000000000016,8.1237249580615849,3.0001266979227510,37598.167515,0.841991,-37599.0095057618237,31659.3057807683945,0,2.4e-09
0.9968259334298233,0.0,-0.0011423532703532,0.0000000000000015,-0.0035999984370806,-0.0000000000000020,8.0940359848951129,3.0001278342165123,35773.869017,0.985437,-35774.8544541399315,35254.9112464189529,0,9.9e-11
