x0,y0,z0,xd0,yd0,zd0,Tp,JC,stabilityIndex1,stabilityIndex2,alpha,beta,impactFlag,error
0.9966861605945521,0.0,-0.0000539424177995,0.0000000000000000,-0.0024680527665424,0.0000000000000000,4.3250900523597657,3.0001407547298600,2.013837,-1.184271,-0.8295663738879,-0.3849286818717,1,2.7e-12
0.9966878995448996,0.0,-0.0001229643033867,0.0000000000000000,-0.0024706955580815,0.0000000000000000,4.3260900523597661,3.0001406910718820,2.072144,-1.181321,-0.8908235380270,-0.4478671344579,1,5.4e-12
0.9966896373888803,0.0,-0.0001652706401238,0.0000000000000000,-0.0024733379768125,0.0000000000000000,4.3270900523597655,3.0001406274741096,2.130765,-1.178403,-0.9523612420859,-0.5109003949103,1,5.7e-12
0.9966913741284427,0.0,-0.0001987267001954,0.0000000000000000,-0.0024759800252088,0.0000000000000000,4.3280900523597658,3.0001405639364411,2.189697,-1.175518,-1.0141782138974,-0.5740288079289,1,6.3e-12
0.9966931097651632,0.0,-0.0002272751522027,0.0000000000000000,-0.0024786217032420,0.0000000000000000,4.3290900523597662,3.0001405004587749,2.248940,-1.172665,-1.0762747797730,-0.6372540278047,1,3.7e-12
0.9966948443009113,0.0,-0.0002525856050956,0.0000000000000000,-0.0024812630132273,0.0000000000000000,4.3300900523597656,3.0001404370410096,2.308494,-1.169844,-1.1386503167747,-0.7005769361004,1,3.6e-12
0.9966965777376205,0.0,-0.0002755518190358,0.0000000000000000,-0.0024839039570638,0.0000000000000000,4.3310900523597660,3.0001403736830388,2.368357,-1.167053,-1.2013041206306,-0.7639983337136,1,2.8e-13
0.9966983100766270,0.0,-0.0002967186694016,0.0000000000000000,-0.0024865445341604,0.0000000000000000,4.3320900523597663,3.0001403103847690,2.428529,-1.164293,-1.2642359796083,-0.8275194326187,1,8.0e-12
0.9967000413201489,0.0,-0.0003164474745991,0.0000000000000000,-0.0024891847472894,0.0000000000000000,4.3330900523597657,3.0001402471460907,2.489009,-1.161563,-1.3274453874705,-0.8911411986220,1,1.4e-11
0.9967017714699430,0.0,-0.0003349924374089,0.0000000000000000,-0.0024918245994072,0.0000000000000000,4.3340900523597661,3.0001401839669044,2.549795,-1.158863,-1.3909320178993,-0.9548647342276,1,2.8e-12
0.9967035005274291,0.0,-0.0003525404660327,0.0000000000000000,-0.0024944640886318,0.0000000000000000,4.3350900523597655,3.0001401208471119,2.610889,-1.156193,-1.4546954786459,-1.0186910885586,1,5.3e-13
0.9967052284946234,0.0,-0.0003692337584326,0.0000000000000000,-0.0024971032183172,0.0000000000000000,4.3360900523597659,3.0001400577866106,2.672287,-1.153552,-1.5187352805381,-1.0826212359477,1,5.2e-12
0.9967069553731063,0.0,-0.0003851834901959,0.0000000000000000,-0.0024997419886105,0.0000000000000000,4.3370900523597662,3.0001399947853011,2.733990,-1.150939,-1.5830512293790,-1.1466563708944,1,4.2e-12
0.9967086811648593,0.0,-0.0004004785413589,0.0000000000000000,-0.0025023804020632,0.0000000000000000,4.3380900523597656,3.0001399318430781,2.795997,-1.148355,-1.6476424720827,-1.2107971825767,1,1.2e-12
0.9967104058712557,0.0,-0.0004151912972111,0.0000000000000000,-0.0025050184586406,0.0000000000000000,4.3390900523597660,3.0001398689598520,2.858308,-1.145799,-1.7125090557057,-1.2750450347019,1,5.6e-12
0.9967121294946014,0.0,-0.0004293816469779,0.0000000000000000,-0.0025076561622115,0.0000000000000000,4.3400900523597663,3.0001398061355111,2.920920,-1.143270,-1.7776501783738,-1.3394006569787,1,3.7e-12
0.9967138520361730,0.0,-0.0004430998109000,0.0000000000000000,-0.0025102935112507,0.0000000000000000,4.3410900523597657,3.0001397433699593,2.983835,-1.140769,-1.8430657229401,-1.4038652934933,1,5.5e-12
0.9967155734975307,0.0,-0.0004563883939417,0.0000000000000000,-0.0025129305066620,0.0000000000000000,4.3420900523597661,3.0001396806631040,3.047050,-1.138294,-1.9087557383731,-1.4684402904309,1,9.4e-12
0.9967172938812595,0.0,-0.0004692839157015,0.0000000000000000,-0.0025155671540384,0.0000000000000000,4.3430900523597655,3.0001396180148339,3.110565,-1.135847,-1.9747186326267,-1.5331257771117,1,1.2e-11
0.9967190131885232,0.0,-0.0004818179612380,0.0000000000000000,-0.0025182034517523,0.0000000000000000,4.3440900523597659,3.0001395554250543,3.174380,-1.133425,-2.0409546534327,-1.5979232604754,1,4.5e-12
0.9967207314211931,0.0,-0.0004940180683093,0.0000000000000000,-0.0025208394016944,0.0000000000000000,4.3450900523597662,3.0001394928936658,3.238493,-1.131030,-2.1074632816167,-1.6628336621394,1,7.2e-13
0.9967224485809018,0.0,-0.0005059084192603,0.0000000000000000,-0.0025234750045728,0.0000000000000000,4.3460900523597656,3.0001394304205711,3.302905,-1.128660,-2.1742443723503,-1.7278581768131,1,3.0e-12
0.9967241646693020,0.0,-0.0005175103867054,0.0000000000000000,-0.0025261102619309,0.0000000000000000,4.3470900523597660,3.0001393680056734,3.367613,-1.126316,-2.2412971676856,-1.7929975492571,1,3.3e-12
0.9967258796879809,0.0,-0.0005288429721860,0.0000000000000000,-0.0025287451744129,0.0000000000000000,4.3480900523597663,3.0001393056488794,3.432619,-1.123997,-2.3086216901896,-1.8582530883236,1,1.1e-11
0.9967275936396850,0.0,-0.0005399231628302,0.0000000000000000,-0.0025313797472492,0.0000000000000000,4.3490900523597658,3.0001392433500627,3.497919,-1.121703,-2.3762166318231,-1.9236251485966,1,3.7e-12
0.9967293065249448,0.0,-0.0005507662085344,0.0000000000000000,-0.0025340139771510,0.0000000000000000,4.3500900523597661,3.0001391811091582,3.563515,-1.119433,-2.4440824766603,-1.9891153526642,1,4.5e-12
0.9967310183458455,0.0,-0.0005613858722667,0.0000000000000000,-0.0025366478667818,0.0000000000000000,4.3510900523597655,3.0001391189260556,3.629406,-1.117187,-2.5122185766202,-2.0547245155791,1,2.5e-12
0.9967327291042845,0.0,-0.0005717946209262,0.0000000000000000,-0.0025392814180602,0.0000000000000000,4.3520900523597659,3.0001390568006516,3.695590,-1.114965,-2.5806245719764,-2.1204536626679,1,1.7e-12
0.9967344388019372,0.0,-0.0005820037891001,0.0000000000000000,-0.0025419146328614,0.0000000000000000,4.3530900523597662,3.0001389947328545,3.762066,-1.112767,-2.6492993626907,-2.1863032924214,1,7.9e-12
0.9967361474401921,0.0,-0.0005920237209923,0.0000000000000000,-0.0025445475105861,0.0000000000000000,4.3540900523597657,3.0001389327225723,3.828836,-1.110592,-2.7182435820482,-2.2522750985343,1,2.7e-12
0.9967378550211257,0.0,-0.0006018638876689,0.0000000000000000,-0.0025471800538656,0.0000000000000000,4.3550900523597660,3.0001388707696970,3.895897,-1.108440,-2.7874564764916,-2.3183698272696,1,7.0e-12
0.9967395615463295,0.0,-0.0006115329846191,0.0000000000000000,-0.0025498122640741,0.0000000000000000,4.3560900523597663,3.0001388088741376,3.963249,-1.106312,-2.8569371326466,-2.3845881056609,1,4.4e-12
0.9967412670175106,0.0,-0.0006210390201041,0.0000000000000000,-0.0025524441426461,0.0000000000000000,4.3570900523597658,3.0001387470357948,4.030891,-1.104205,-2.9266852901524,-2.4509310011581,1,1.1e-12
0.9967429714361929,0.0,-0.0006303893890732,0.0000000000000000,-0.0025550756893204,0.0000000000000000,4.3580900523597661,3.0001386852545759,4.098823,-1.102121,-2.9967012122860,-2.5173999365206,1,8.2e-12
0.9967446748045087,0.0,-0.0006395909360132,0.0000000000000000,-0.0025577069081374,0.0000000000000000,4.3590900523597655,3.0001386235303777,4.167043,-1.100059,-3.0669837063439,-2.5839953492155,1,5.6e-12
0.9967463771238223,0.0,-0.0006486500112801,0.0000000000000000,-0.0025603377987339,0.0000000000000000,4.3600900523597659,3.0001385618631096,4.235552,-1.098019,-3.1375325435466,-2.6507183203962,1,3.4e-12
0.9967533755926349,0.0,-0.0006845710274372,0.0000000000000000,-0.0025711673466069,0.0000000000000000,4.3642076608959304,3.0001383085391886,4.520668,-1.089844,-3.4308239017394,-2.9268228194692,1,4.3e-13
0.9967621335482781,0.0,-0.0007268905025248,0.0000000000000000,-0.0025847504540347,0.0000000000000000,4.3693751537442687,3.0001379919773656,4.885311,-1.080077,-3.8052339213300,-3.2765122194704,1,7.8e-13
0.9967710969731289,0.0,-0.0007676420441480,0.0000000000000000,-0.0025986879445472,0.0000000000000000,4.3746807911807144,3.0001376685071213,5.267527,-1.070591,-4.1969361012762,-3.6393648789632,1,9.0e-12
0.9967805899843025,0.0,-0.0008084081129621,0.0000000000000000,-0.0026134884684911,0.0000000000000000,4.3803185752238809,3.0001373264970965,5.682256,-1.061079,-4.6211770324555,-4.0293201573374,1,5.2e-13
0.9967947041856456,0.0,-0.0008651968674057,0.0000000000000000,-0.0026355695103248,0.0000000000000000,4.3887363844966725,3.0001368190843758,6.317724,-1.047896,-5.2698277046887,-4.6203191463238,1,9.6e-12
0.9968094554318592,0.0,-0.0009204760375913,0.0000000000000000,-0.0026587444274291,0.0000000000000000,4.3975796329809755,3.0001362901593978,7.005911,-1.035267,-5.9706436394227,-5.2529896650968,1,4.9e-13
0.9968327071988129,0.0,-0.0010007860707438,0.0000000000000000,-0.0026954775402425,0.0000000000000000,4.4116134565249006,3.0001354593216600,8.140411,-1.017546,-7.1228647352760,-6.2832444037564,1,8.9e-12
0.9968564188039111,0.0,-0.0010757673806331,0.0000000000000000,-0.0027331959774809,0.0000000000000000,4.4260442214827052,3.0001346156879865,9.359811,-1.001972,-8.3578392727875,-7.3782679598763,1,3.3e-12
0.9968854030124256,0.0,-0.0011598813497744,0.0000000000000000,-0.0027796607981844,0.0000000000000000,4.4438479095646422,3.0001335894465555,10.935636,-0.985987,-9.9496491198678,-8.7823894440272,1,2.5e-12
0.9969161733255028,0.0,-0.0012418520625824,0.0000000000000000,-0.0028294266708640,0.0000000000000000,4.4629464518015052,3.0001325059665462,12.710614,-0.972274,-11.7383402402033,-10.3581996372037,1,1.9e-12
0.9969541654665804,0.0,-0.0013346541494757,0.0000000000000000,-0.0028915033425662,0.0000000000000000,4.4868085760850329,3.0001311767190657,15.045955,-0.959394,-14.0865615815476,-12.4349916082692,1,1.2e-12
0.9969963107611414,0.0,-0.0014287566180736,0.0000000000000000,-0.0029611938633114,0.0000000000000000,4.5136425377742206,3.0001297131837892,17.820229,-0.949642,-16.8705877357908,-14.9228298638557,1,3.8e-12
0.9970402802279014,0.0,-0.0015187942308763,0.0000000000000000,-0.0030348440450878,0.0000000000000000,4.5420444983574528,3.0001281986516863,20.916916,-0.943833,-19.9730834285207,-17.7420701923062,1,3.9e-12
0.9970861382560947,0.0,-0.0016053052827939,0.0000000000000000,-0.0031127004815556,0.0000000000000000,4.5721069324142354,3.0001266324935472,24.361504,-0.941841,-23.4196631890767,-20.9446608935363,1,5.4e-12
0.9971339522713003,0.0,-0.0016886708321596,0.0000000000000000,-0.0031950293662533,0.0000000000000000,4.6039276079065248,3.0001250141169336,28.179172,-0.943548,-27.2356238865994,-24.5883934587184,1,9.6e-13
0.9971841529113845,0.0,-0.0017697178018823,0.0000000000000000,-0.0032827516036814,0.0000000000000000,4.6378546599653152,3.0001233309587367,32.425120,-0.948887,-31.4762330874755,-28.7677764936291,1,1.4e-12
0.9972309327282294,0.0,-0.0018399981593196,0.0000000000000000,-0.0033656956272959,0.0000000000000000,4.6699415831049160,3.0001217772227395,36.588718,-0.956656,-35.6320623203179,-33.0028067580680,1,3.4e-12
0.9972799920768747,0.0,-0.0019088654807356,0.0000000000000000,-0.0034539386919064,0.0000000000000000,4.7040732578082425,3.0001201630053274,41.154317,-0.967270,-40.1870469691086,-37.8073354949673,1,1.4e-12
0.9973260496413404,0.0,-0.0019694439805233,0.0000000000000000,-0.0035379645179243,0.0000000000000000,4.7365563616649924,3.0001186617128384,45.609551,-0.979195,-44.6303561901977,-42.6606573057553,1,3.8e-12
0.9973693484896120,0.0,-0.0020231008469889,0.0000000000000000,-0.0036180085083352,0.0000000000000000,4.7674736318078894,3.0001172628107731,49.930615,-0.991878,-48.9387370412286,-47.5250837774156,1,1.1e-12
0.9974101040836733,0.0,-0.0020709034490211,0.0000000000000000,-0.0036942856465029,0.0000000000000000,4.7969029033753472,3.0001159570816918,54.099582,-1.004923,-53.0946591202298,-52.3659147235524,1,1.4e-12
0.9974485084559114,0.0,-0.0021137023575707,0.0000000000000000,-0.0037669936221709,0.0000000000000000,4.8249176263781708,3.0001147364163741,58.103486,-1.018046,-57.0854398114707,-57.1520375388377,0,7.3e-13
0.9974847335796717,0.0,-0.0021521868382949,0.0000000000000000,-0.0038363152503174,0.0000000000000000,4.8515872531722604,3.0001135936456356,61.933526,-1.031044,-60.9024819145053,-61.8562214614599,0,1.2e-12
0.9975189341339330,0.0,-0.0021869232862978,0.0000000000000000,-0.0039024203946730,0.0000000000000000,4.8769775477529160,3.0001125224030472,65.584377,-1.043773,-64.5406045661305,-66.4551905800281,0,7.7e-13
0.9975513021700161,0.0,-0.0022184325861132,0.0000000000000000,-0.0039655701607421,0.0000000000000000,4.9011901598954388,3.0001115153876623,69.059223,-1.056150,-68.0030731772401,-70.9368851762879,0,1.0e-12
0.9975852411064728,0.0,-0.0022501027372326,0.0000000000000000,-0.0040323945458821,0.0000000000000000,4.9267619771821991,3.0001104666041694,72.710490,-1.069396,-71.6410945702788,-75.7562773774312,0,7.6e-13
0.9976174347749501,0.0,-0.0022788990032263,0.0000000000000000,-0.0040963558494044,0.0000000000000000,4.9511862509308946,3.0001094784482891,76.168784,-1.082144,-75.0866408996556,-80.4255626199342,0,1.2e-12
0.9976511640884400,0.0,-0.0023078162642991,0.0000000000000000,-0.0041639619066610,0.0000000000000000,4.9769428672001350,3.0001084501196611,79.772466,-1.095618,-78.6768485073499,-85.4001242096688,0,4.8e-13
0.9976832211765184,0.0,-0.0023341530572431,0.0000000000000000,-0.0042287737431701,0.0000000000000000,5.0015737068852051,3.0001074793475468,83.165026,-1.108468,-82.0565581507587,-90.1857300084334,0,5.0e-13
0.9977167934144744,0.0,-0.0023605770192756,0.0000000000000000,-0.0042972242243981,0.0000000000000000,5.0275182495912532,3.0001064695284816,86.668545,-1.121898,-85.5466464428967,-95.2332727000762,0,3.0e-13
0.9977485011900725,0.0,-0.0023844808067028,0.0000000000000000,-0.0043624061174847,0.0000000000000000,5.0521542849943817,3.0001055221806330,89.916203,-1.134490,-88.7817125224052,-100.0090737678834,0,5.3e-13
0.9977819711271536,0.0,-0.0024086384981506,0.0000000000000000,-0.0044317626914600,0.0000000000000000,5.0782898004809578,3.0001045288830830,93.263189,-1.147612,-92.1155770468828,-105.0299807216124,0,5.3e-13
0.9978139413745103,0.0,-0.0024307142634558,0.0000000000000000,-0.0044985311127124,0.0000000000000000,5.1033702131607761,3.0001035864822634,96.366198,-1.159912,-95.2062861177571,-109.7763189775069,0,5.6e-13
0.9978476448185614,0.0,-0.0024529611321830,0.0000000000000000,-0.0045694566747037,0.0000000000000000,5.1299227907577487,3.0001025997126232,99.520006,-1.172552,-98.3474532671744,-114.6924304652548,0,5.0e-13
0.9979012636593726,0.0,-0.0024862603866687,0.0000000000000000,-0.0046833939586996,0.0000000000000000,5.1723760848152889,3.0001010439741926,104.242122,-1.191763,-103.0503594516634,-122.2318787166923,0,3.3e-12
0.9979520627503882,0.0,-0.0025155317116128,0.0000000000000000,-0.0047925353500706,0.0000000000000000,5.2127982383022573,3.0000995858987349,108.318820,-1.208652,-107.1101678531477,-128.9197891892891,0,4.9e-13
0.9980002861161847,0.0,-0.0025413586748045,0.0000000000000000,-0.0048971605518186,0.0000000000000000,5.2513132358299774,3.0000982158750715,111.768805,-1.223192,-110.5456130020960,-134.7146572913380,0,1.7e-12
0.9980519215847299,0.0,-0.0025669873979719,0.0000000000000000,-0.0050102164464364,0.0000000000000000,5.2926638449486649,3.0000967640001681,114.943690,-1.236776,-113.7069143519661,-140.1595586747344,0,1.1e-12
0.9981056338494996,0.0,-0.0025915220146748,0.0000000000000000,-0.0051288581850888,0.0000000000000000,5.3357484667923964,3.0000952700995427,117.605900,-1.248262,-116.3576382017603,-144.8029504709993,0,1.1e-12
0.9981567598966884,0.0,-0.0026129545409175,0.0000000000000000,-0.0052426756337018,0.0000000000000000,5.3767756795799722,3.0000938634501817,119.469922,-1.256173,-118.2137485127936,-148.0749440114287,0,1.6e-12
0.9982054832830274,0.0,-0.0026317168633169,0.0000000000000000,-0.0053518565812624,0.0000000000000000,5.4158447254898272,3.0000925366435705,120.587810,-1.260435,-119.3273748666212,-149.9931104537263,0,1.4e-12
0.9982519663792360,0.0,-0.0026481726006905,0.0000000000000000,-0.0054565765717101,0.0000000000000000,5.4530498604926612,3.0000912831908426,121.018370,-1.260972,-119.7573978207902,-150.6007369967811,0,5.1e-13
0.9982963534780041,0.0,-0.0026626298193427,0.0000000000000000,-0.0055570007639114,0.0000000000000000,5.4884806478438133,3.0000900973806748,120.824859,-1.257704,-119.5671552196698,-149.9618595122747,0,2.6e-13
0.9983387733845508,0.0,-0.0026753509388017,0.0000000000000000,-0.0056532854545437,0.0000000000000000,5.5222222244574670,3.0000889741623249,120.072967,-1.250544,-118.8224238435382,-148.1564813517298,0,1.5e-13
0.9983793415865687,0.0,-0.0026865605462344,0.0000000000000000,-0.0057455793278424,0.0000000000000000,5.5543555447635802,3.0000879090488728,118.829071,-1.239395,-117.5896762854447,-145.2761312698667,0,7.1e-13
0.9984181620825400,0.0,-0.0026964516320165,0.0000000000000000,-0.0058340244862858,0.0000000000000000,5.5849576055588646,3.0000868980367037,117.158760,-1.224150,-115.9346106184627,-141.4198627463729,0,1.8e-12
0.9984553289302208,0.0,-0.0027051906175055,0.0000000000000000,-0.0059187573016740,0.0000000000000000,5.6141016545599847,3.0000859375381386,115.125632,-1.204691,-113.9209414923002,-136.6907593093574,0,9.5e-14
0.9984909275623820,0.0,-0.0027129214463783,0.0000000000000000,-0.0059999091143986,0.0000000000000000,5.6418573847758093,3.0000850243248682,112.790329,-1.180890,-111.6094390480170,-131.1929681740485,0,9.6e-14
0.9985250359128367,0.0,-0.0027197689439745,0.0000000000000000,-0.0060776068128403,0.0000000000000000,5.6682911163630116,3.0000841554801196,110.209808,-1.152613,-109.0571952004598,-125.0292659460774,0,2.3e-12
0.9985577253804337,0.0,-0.0027258415964940,0.0000000000000000,-0.0061519733044513,0.0000000000000000,5.6934659673100292,3.0000833283581403,107.436817,-1.119720,-106.3170972637524,-118.2991261217940,0,2.0e-13
0.9985890616581538,0.0,-0.0027312338676084,0.0000000000000000,-0.0062231278975137,0.0000000000000000,5.7174420140380082,3.0000825405496987,104.519555,-1.082068,-103.4374874518221,-111.0972466808562,0,6.9e-13
0.9986191054483444,0.0,-0.0027360281422925,0.0000000000000000,-0.0062911866082289,0.0000000000000000,5.7402764428209494,3.0000817898526018,101.501495,-1.039517,-100.4619787670054,-103.5124964174920,0,2.4e-13
0.9986479130799298,0.0,-0.0027402963678542,0.0000000000000000,-0.0063562624014771,0.0000000000000000,5.7620236927848030,3.0000810742464403,98.421341,-0.991931,-97.4294097989191,-95.6272130171228,0,5.3e-13
0.9986755370420118,0.0,-0.0027441014472565,0.0000000000000000,-0.0064184653761025,0.0000000000000000,5.7827355911319316,3.0000803918708816,95.313097,-0.939187,-94.3739098310508,-87.5168054149190,0,9.2e-13
0.9987020264451912,0.0,-0.0027474984279889,0.0000000000000000,-0.0064779029031044,0.0000000000000000,5.8024614811512683,3.0000797410069828,92.206228,-0.881173,-91.3250556455099,-79.2495994634110,0,7.8e-13
0.9987274274207321,0.0,-0.0027505355212836,0.0000000000000000,-0.0065346797252478,0.0000000000000000,5.8212483435044238,3.0000791200610504,89.125893,-0.817797,-88.3080958474621,-70.8868826322346,0,2.5e-13
0.9987517834646964,0.0,-0.0027532549793562,0.0000000000000000,-0.0065888980226145,0.0000000000000000,5.8391409112245807,3.0000785275507011,86.093220,-0.748992,-85.3442287720299,-62.4830938196646,0,2.3e-12
0.9987751357346428,0.0,-0.0027556938530632,0.0000000000000000,-0.0066406574522193,0.0000000000000000,5.8561817788181543,3.0000779620928091,83.125629,-0.674715,-82.4509135949611,-54.0861258779801,0,1.8e-13
0.9987975233061711,0.0,-0.0027578846486440,0.0000000000000000,-0.0066900551696206,0.0000000000000000,5.8724115058207147,3.0000774223930238,80.237159,-0.594958,-79.6422011832871,-45.7377060144572,0,4.5e-13
0.9988189833910435,0.0,-0.0027598558979939,0.0000000000000000,-0.0067371858302836,0.0000000000000000,5.8878687151340117,3.0000769072367337,77.438818,-0.509742,-76.9290761144553,-37.4738201270998,0,2.6e-13
0.9988395515254054,0.0,-0.0027616326553316,0.0000000000000000,-0.0067821415838925,0.0000000000000000,5.9025901864353605,3.0000764154811952,74.738923,-0.419128,-74.3197953201741,-29.3251675246197,0,1.0e-12
0.9988592617297020,0.0,-0.0027632369303047,0.0000000000000000,-0.0068250120601723,0.0000000000000000,5.9166109449355488,3.0000759460487019,72.143431,-0.323212,-71.8202185315629,-21.3176232348906,0,2.0e-13
0.9988781466446798,0.0,-0.0027646880664004,0.0000000000000000,-0.0068658843510515,0.0000000000000000,5.9299643457379414,3.0000754979206570,69.656254,-0.222129,-69.4341247842071,-13.4726939929164,0,1.4e-12
0.9988962376467597,0.0,-0.0027660030716196,0.0000000000000000,-0.0069048429930216,0.0000000000000000,5.9426821540351256,3.0000750701324135,67.279560,-0.116053,-67.1635079397515,-5.8079637629871,0,1.9e-12
0.9989135649453666,0.0,-0.0027671969080117,0.0000000000000000,-0.0069419699505150,0.0000000000000000,5.9547946213637992,3.0000746617687826,65.014043,-0.005191,-65.0088519214094,1.6624853424410,0,1.3e-12
0.9989301576650592,0.0,-0.0027682827450448,0.0000000000000000,-0.0069773446035430,0.0000000000000000,5.9663305581246160,3.0000742719601199,62.859172,0.110209,-62.9693813206293,8.9276758976905,0,1.2e-12
0.9989460439145887,0.0,-0.0027692721815131,0.0000000000000000,-0.0070110437404005,0.0000000000000000,5.9773174025610691,3.0000738998788967,60.813414,0.229873,-61.0432874100724,15.9793658137851,0,1.3e-12
0.9989612508449338,0.0,-0.0027701754398763,0.0000000000000000,-0.0070431415566241,0.0000000000000000,5.9877812863798869,3.0000735447367082,58.874437,0.353493,-59.2279299876795,22.8117088206777,0,1.4e-12
0.9989758046981635,0.0,-0.0027710015364760,0.0000000000000000,-0.0070737096608857,0.0000000000000000,5.9977470971847007,3.0000732057816339,57.039277,0.480738,-57.5200152906687,29.4209441159396,0,7.1e-13
0.9989897308486047,0.0,-0.0027717584306036,0.0000000000000000,-0.0071028170880345,0.0000000000000000,6.0072385378849695,3.0000728822959184,55.304497,0.611254,-55.9157515689775,35.8051155217272,0,1.1e-12
0.9990030538377500,0.0,-0.0027724531549999,0.0000000000000000,-0.0071305303195514,0.0000000000000000,6.0162781832329282,3.0000725735939096,53.666310,0.744672,-54.4109826090347,41.9638162560873,0,1.1e-12
0.9990157974041628,0.0,-0.0027730919299988,0.0000000000000000,-0.0071569133115210,0.0000000000000000,6.0248875336328060,3.0000722790202254,52.120693,0.880609,-53.0013026912159,47.8979623973157,0,8.2e-13
0.9990279845091380,0.0,-0.0027736802635972,0.0000000000000000,-0.0071820275286599,0.0000000000000000,6.0330870663586795,3.0000719979481190,50.663479,1.018674,-51.6821530866637,53.6095891713244,0,7.7e-13
0.9990396373592707,0.0,-0.0027742230388737,0.0000000000000000,-0.0072059319853086,0.0000000000000000,6.0408962843097820,3.0000717297779906,49.290429,1.158474,-50.4489026482910,59.1016702003997,0,1.3e-12
0.9990507774267731,0.0,-0.0027747245901163,0.0000000000000000,-0.0072286832934309,0.0000000000000000,6.0483337624252540,3.0000714739360577,47.997300,1.299614,-49.2969140792581,64.3779573482584,0,1.0e-12
0.9990614254671674,0.0,-0.0027751887703954,0.0000000000000000,-0.0072503357118847,0.0000000000000000,6.0554171918736799,3.0000712298731269,46.779892,1.441706,-48.2215980350171,69.4428406801385,0,1.5e-12
0.9990716015367553,0.0,-0.0027756190090744,0.0000000000000000,-0.0072709412063758,0.0000000000000000,6.0621634221267477,3.0000709970634714,45.634087,1.584369,-47.2184555692031,74.3012235829565,0,1.1e-12
0.9990813250076064,0.0,-0.0027760183641385,0.0000000000000000,-0.0072905495051791,0.0000000000000000,6.0685885010204403,3.0000707750037954,44.555878,1.727234,-46.2831120041411,78.9584161172700,0,2.1e-12
0.9990906145838544,0.0,-0.0027763895654806,0.0000000000000000,-0.0073092081680709,0.0000000000000000,6.0747077129018097,3.0000705632122622,43.541396,1.869946,-45.4113415896125,83.4200389291555,0,6.6e-13
0.9990994883149424,0.0,-0.0027767350553529,0.0000000000000000,-0.0073269626459199,0.0000000000000000,6.0805356149604703,3.0000703612276025,42.586921,2.012166,-44.5990867344421,87.6919438594867,0,1.2e-13
0.9991079636128165,0.0,-0.0027770570195238,0.0000000000000000,-0.0073438563608218,0.0000000000000000,6.0860860718012004,3.0000701686082500,41.688896,2.153574,-43.8424701278454,91.7801420627085,0,2.8e-13
0.9991160572617918,0.0,-0.0027773574234216,0.0000000000000000,-0.0073599307514865,0.0000000000000000,6.0913722884170554,3.0000699849315446,40.843931,2.293872,-43.1378028952884,95.6907441349093,0,1.1e-12
0.9991237854379751,0.0,-0.0027776380312694,0.0000000000000000,-0.0073752253692564,0.0000000000000000,6.0964068415437476,3.0000698097929646,40.048809,2.432779,-42.4815883551097,99.4299077785662,0,8.6e-13
0.9991311637209593,0.0,-0.0027779004324638,0.0000000000000000,-0.0073897779344398,0.0000000000000000,6.1012017095450126,3.0000696428054043,39.300484,2.570039,-41.8705232418833,103.0037951756386,0,3.9e-13
0.9991382071086863,0.0,-0.0027781460616783,0.0000000000000000,-0.0074036244066684,0.0000000000000000,6.1057683008700607,3.0000694835984794,38.596077,2.705418,-41.3014957312752,106.4185353288937,0,3.9e-13
0.9991449300329388,0.0,-0.0027783762153763,0.0000000000000000,-0.0074167990582381,0.0000000000000000,6.1101174811568360,3.0000693318178513,37.932878,2.838703,-40.7715817213527,109.6801932218820,0,2.5e-13
0.9991513463736970,0.0,-0.0027785920677512,0.0000000000000000,-0.0074293345404654,0.0000000000000000,6.1142595990463535,3.0000691871245939,37.308335,2.969705,-40.2780396470794,112.7947443677134,0,1.9e-13
0.9991574694740951,0.0,-0.0027787946840910,0.0000000000000000,-0.0074412619514763,0.0000000000000000,6.1182045107692442,3.0000690491945812,36.720050,3.098254,-39.8183042156465,115.7680543787662,0,2.2e-12
0.9991633121560769,0.0,-0.0027789850326793,0.0000000000000000,-0.0074526109034966,0.0000000000000000,6.1219616035624274,3.0000689177178756,36.165774,3.224205,-39.3899786342464,118.6058601236640,0,7.5e-13
0.9991688867342874,0.0,-0.0027791639952850,0.0000000000000000,-0.0074634095848626,0.0000000000000000,6.1255398179743752,3.0000687923981855,35.643398,3.347429,-38.9908277177455,121.3137591915627,0,1.4e-13
0.9991742050322380,0.0,-0.0027793323762003,0.0000000000000000,-0.0074736848253407,0.0000000000000000,6.1289476691078608,3.0000686729522901,35.150948,3.467821,-38.6187691840165,123.8971976591411,0,2.8e-13
0.9991792783969723,0.0,-0.0027794909104668,0.0000000000000000,-0.0074834621559798,0.0000000000000000,6.1321932668542996,3.0000685591095175,34.686574,3.585291,-38.2718654281281,126.3614621835977,0,3.2e-13
0.9991841177141744,0.0,-0.0027796402708834,0.0000000000000000,-0.0074927658686577,0.0000000000000000,6.1352843351660118,3.0000684506112263,34.248548,3.699768,-37.9483154278343,128.7116752495451,0,1.2e-12
0.9991887334230868,0.0,-0.0027797810743461,0.0000000000000000,-0.0075016190730578,0.0000000000000000,6.1382282304125058,3.0000683472103167,33.835250,3.811197,-37.6464465971999,130.9527917577001,0,7.4e-13
0.9991931355311757,0.0,-0.0027799138876200,0.0000000000000000,-0.0075100437510103,0.0000000000000000,6.1410319588643709,3.0000682486707428,33.445169,3.919538,-37.3647065048111,133.0895956871964,0,2.7e-13
0.9991973336289817,0.0,-0.0027800392319763,0.0000000000000000,-0.0075180608105782,0.0000000000000000,6.1437021933461384,3.0000681547670625,33.076891,4.024765,-37.1016552772869,135.1267001926028,0,1.2e-12
0.9992013369044690,0.0,-0.0027801575876929,0.0000000000000000,-0.0075256901365180,0.0000000000000000,6.1462452890977168,3.0000680652839842,32.729093,4.126865,-36.8559583689788,137.0685492900936,0,3.9e-13
0.9992051541571414,0.0,-0.0027802693981380,0.0000000000000000,-0.0075329506385020,0.0000000000000000,6.1486672988819420,3.0000679800159413,32.400542,4.225837,-36.6263788928233,138.9194167235935,0,9.2e-13
0.9992087938122767,0.0,-0.0027803750728228,0.0000000000000000,-0.0075398602993784,0.0000000000000000,6.1509739873739964,3.0000678987666789,32.090080,4.321691,-36.4117713826805,140.6834110001031,0,2.1e-13
0.9992122639343650,0.0,-0.0027804749909297,0.0000000000000000,-0.0075464362184655,0.0000000000000000,6.1531708448669216,3.0000678213488552,31.796630,4.414445,-36.2110749077935,142.3644760362952,0,3.5e-13
0.9992155722407043,0.0,-0.0027805695037839,0.0000000000000000,-0.0075526946554066,0.0000000000000000,6.1552631003255858,3.0000677475836590,31.519180,4.504127,-36.0233072216661,143.9663956939129,0,2.5e-13
0.9992187261145155,0.0,-0.0027806589373334,0.0000000000000000,-0.0075586510710770,0.0000000000000000,6.1572557338201062,3.0000676773004420,31.256787,4.590773,-35.8475591365713,145.4927981181243,0,3.0e-13
0.9992217326176003,0.0,-0.0027807435945921,0.0000000000000000,-0.0075643201658627,0.0000000000000000,6.1591534883681991,3.0000676103363593,31.008566,4.674423,-35.6829888554006,146.9471582400028,0,5.0e-13
0.9992245985030628,0.0,-0.0027808237572245,0.0000000000000000,-0.0075697159183392,0.0000000000000000,6.1609608812144518,3.0000675465360360,30.773690,4.755127,-35.5288173370191,148.3328041825432,0,1.6e-13
0.9992273302272252,0.0,-0.0027808996876914,0.0000000000000000,-0.0075748516195505,0.0000000000000000,6.1626822145733744,3.0000674857512344,30.551386,4.832937,-35.3843232796271,149.6529200188838,0,6.5e-14
0.9992299339615330,0.0,-0.0027809716306771,0.0000000000000000,-0.0075797399075036,0.0000000000000000,6.1643215858615763,3.0000674278405390,30.340929,4.907910,-35.2488389538807,150.9105514807484,0,9.2e-14
0.9992324156039957,0.0,-0.0027810398145427,0.0000000000000000,-0.0075843927993882,0.0000000000000000,6.1658828974434066,3.0000673726690592,30.141638,4.980108,-35.1217461296943,152.1086105978973,0,2.6e-13
0.9992347807904614,0.0,-0.0027811044526043,0.0000000000000000,-0.0075888217226799,0.0000000000000000,6.1673698659129714,3.0000673201081307,29.952878,5.049594,-35.0024722003940,153.2498799456220,0,2.6e-12
0.9992370349046463,0.0,-0.0027811657444422,0.0000000000000000,-0.0075930375426811,0.0000000000000000,6.1687860309355553,3.0000672700350535,29.774051,5.116436,-34.8904870551023,154.3370190334530,0,1.8e-12
0.9992391830896854,0.0,-0.0027812238767624,0.0000000000000000,-0.0075970505930090,0.0000000000000000,6.1701347636668151,3.0000672223328055,29.604598,5.180701,-34.7852992521513,155.3725663429298,0,1.5e-12
0.9992412302573557,0.0,-0.0027812790245327,0.0000000000000000,-0.0076008707000515,0.0000000000000000,6.1714192747733190,3.0000671768897984,29.443994,5.242460,-34.6864535375925,156.3589464102805,0,4.8e-13
0.9992431810979827,0.0,-0.0027813313518708,0.0000000000000000,-0.0076045072084628,0.0000000000000000,6.1726426220706578,3.0000671335996314,29.291745,5.301783,-34.5935277554750,157.2984726658382,0,2.4e-13
0.9992450400898855,0.0,-0.0027813810126979,0.0000000000000000,-0.0076079690055486,0.0000000000000000,6.1738077177984083,3.0000670923608550,29.147388,5.358743,-34.5061305765632,158.1933535853420,0,1.2e-13
0.9992468115083669,0.0,-0.0027814281515499,0.0000000000000000,-0.0076112645437050,0.0000000000000000,6.1749173355490230,3.0000670530767493,29.010488,5.413411,-34.4238989512201,159.0456959624996,0,6.4e-13
0.9992484994343855,0.0,-0.0027814729043163,0.0000000000000000,-0.0076144018617661,0.0000000000000000,6.1759741168670912,3.0000670156551035,28.880636,5.465860,-34.3464959314900,159.8575091781498,0,8.5e-13
0.9992501077629815,0.0,-0.0027815153987457,0.0000000000000000,-0.0076173886058401,0.0000000000000000,6.1769805775346436,3.0000669800080164,28.757448,5.516161,-34.2736087566589,160.6307098677331,0,8.1e-13
0.9992516402113117,0.0,-0.0027815557550707,0.0000000000000000,-0.0076202320485722,0.0000000000000000,6.1779391135574002,3.0000669460516964,28.640561,5.564386,-34.2049469987751,161.3671259505844,0,1.4e-12
0.9992531003264022,0.0,-0.0027815940865089,0.0000000000000000,-0.0076229391076801,0.0000000000000000,6.1788520068662161,3.0000669137062714,28.529636,5.610604,-34.1402406987284,162.0684994944058,0,1.1e-12
0.9992544914926222,0.0,-0.0027816304997040,0.0000000000000000,-0.0076255163636321,0.0000000000000000,6.1797214307472226,3.0000668828956121,28.424352,5.654887,-34.0792390415470,162.7364920123906,0,1.0e-12
0.9992558169388586,0.0,-0.0027816650951427,0.0000000000000000,-0.0076279700763921,0.0000000000000000,6.1805494550135878,3.0000668535471595,28.324407,5.697301,-34.0217087584251,163.3726871381297,0,1.4e-12
0.9992570797452959,0.0,-0.0027816979676875,0.0000000000000000,-0.0076303062008145,0.0000000000000000,6.1813380509311919,3.0000668255917575,28.229517,5.737916,-33.9674327586768,163.9785938674705,0,1.7e-12
0.9992582828501410,0.0,-0.0027817292067541,0.0000000000000000,-0.0076325304023644,0.0000000000000000,6.1820890959098742,3.0000667989634997,28.139413,5.776796,-33.9162090105219,164.5556505944347,0,2.0e-12
0.9992594290558106,0.0,-0.0027817588968736,0.0000000000000000,-0.0076346480706498,0.0000000000000000,6.1828043779714621,3.0000667735995741,28.053843,5.814007,-33.8678493457416,165.1052279205110,0,2.0e-12
0.9992605210351505,0.0,-0.0027817871177500,0.0000000000000000,-0.0076366643338838,0.0000000000000000,6.1834856000051310,3.0000667494401250,27.972568,5.849611,-33.8221784426382,165.6286318643274,0,1.6e-12
0.9992615613371187,0.0,-0.0027818139447911,0.0000000000000000,-0.0076385840709777,0.0000000000000000,6.1841343838202745,3.0000667264281131,27.895363,5.883670,-33.7790329403919,166.1271073149330,0,2.2e-12
0.9992625523924255,0.0,-0.0027818394492409,0.0000000000000000,-0.0076404119242524,0.0000000000000000,6.1847522740064660,3.0000667045091842,27.822016,5.916244,-33.7382602938083,166.6018391717547,0,1.5e-12
0.9992634965188927,0.0,-0.0027818636984284,0.0000000000000000,-0.0076421523111056,0.0000000000000000,6.1853407416097035,3.0000666836315459,27.752327,5.947392,-33.6997183922638,167.0539578481272,0,1.8e-12
0.9992643959264799,0.0,-0.0027818867561113,0.0000000000000000,-0.0076438094346669,0.0000000000000000,6.1859011876337053,3.0000666637458457,27.686105,5.977169,-33.6632743339528,167.4845387731447,0,1.4e-12
0.9992652527222747,0.0,-0.0027819086825488,0.0000000000000000,-0.0076453872948129,0.0000000000000000,6.1864349463745238,3.0000666448050612,27.623172,6.005632,-33.6288042024644,167.8946079280545,0,2.7e-12
0.9992660689150582,0.0,-0.0027819295349033,0.0000000000000000,-0.0076468896974646,0.0000000000000000,6.1869432885964617,3.0000666267643874,27.563359,6.032833,-33.5961918792718,168.2851406168251,0,1.8e-12
0.9992668464199509,0.0,-0.0027819493671311,0.0000000000000000,-0.0076483202650595,0.0000000000000000,6.1874274245567911,3.0000666095811357,27.506505,6.058824,-33.5653290836879,168.6570678244955,0,1.6e-12
0.9992675870625337,0.0,-0.0027819682304666,0.0000000000000000,-0.0076496824445429,0.0000000000000000,6.1878885068865248,3.0000665932146324,27.452460,6.083654,-33.5361144112795,169.0112756600944,0,2.2e-12
0.9992682925830497,0.0,-0.0027819861733774,0.0000000000000000,-0.0076509795166065,0.0000000000000000,6.1883276333340378,3.0000665776261273,27.401080,6.107373,-33.5084528553702,169.3486075297938,0,1.9e-12
0.9992689646402565,0.0,-0.0027820032418622,0.0000000000000000,-0.0076522146033493,0.0000000000000000,6.1887458493780931,3.0000665627787000,27.352230,6.130025,-33.4822555814338,169.6698676771223,0,2.1e-12
0.9992696048152580,0.0,-0.0027820194794269,0.0000000000000000,-0.0076533906765707,0.0000000000000000,6.1891441507164737,3.0000665486371783,27.305782,6.151658,-33.4574392349053,169.9758213008802,0,1.5e-12
0.9992702146149873,0.0,-0.0027820349273943,0.0000000000000000,-0.0076545105645092,0.0000000000000000,6.1895234856361618,3.0000665351680524,27.261613,6.172313,-33.4339258213527,170.2671981642612,0,2.0e-12
0.9992707954756661,0.0,-0.0027820496249555,0.0000000000000000,-0.0076555769590892,0.0000000000000000,6.1898847572706694,3.0000665223393987,27.219610,6.192032,-33.4116420470046,170.5446923339898,0,2.1e-12
0.9992713487661199,0.0,-0.0027820636092245,0.0000000000000000,-0.0076565924227692,0.0000000000000000,6.1902288257499070,3.0000665101208046,27.179664,6.210856,-33.3905191919544,170.8089652094833,0,1.7e-12
0.9992718757908124,0.0,-0.0027820769154731,0.0000000000000000,-0.0076575593944106,0.0000000000000000,6.1905565102477293,3.0000664984832972,27.141670,6.228823,-33.3704927798997,171.0606469458577,0,1.5e-12
0.9992723777929226,0.0,-0.0027820895771058,0.0000000000000000,-0.0076584801957388,0.0000000000000000,6.1908685909319630,3.0000664873992773,27.105532,6.245970,-33.3515022262378,171.3003375103706,0,1.4e-12
0.9992728559570944,0.0,-0.0027821016258889,0.0000000000000000,-0.0076593570365751,0.0000000000000000,6.1911658108216452,3.0000664768424516,27.071157,6.262333,-33.3334906064832,171.5286083117946,0,1.6e-12
0.9992733114122294,0.0,-0.0027821130919341,0.0000000000000000,-0.0076601920206211,0.0000000000000000,6.1914488775558087,3.0000664667877741,27.038457,6.277947,-33.3164043764674,171.7460033384273,0,1.5e-12
0.9992737452340424,0.0,-0.0027821240038611,0.0000000000000000,-0.0076609871503718,0.0000000000000000,6.1917184650780639,3.0000664572113842,27.007349,6.292844,-33.3001932262212,171.9530409935645,0,1.4e-12
0.9992741584475667,0.0,-0.0027821343888134,0.0000000000000000,-0.0076617443322175,0.0000000000000000,6.1919752152409924,3.0000664480905552,26.977753,6.307057,-33.2848097891340,172.1502147635059,0,1.2e-12
0.9992745520294983,0.0,-0.0027821442725761,0.0000000000000000,-0.0076624653809667,0.0000000000000000,6.1922197393341456,3.0000664394036360,26.949595,6.320614,-33.2702094826226,172.3379946538900,0,8.7e-13
0.9992749269104535,0.0,-0.0027821536796530,0.0000000000000000,-0.0076631520242590,0.0000000000000000,6.1924526195392930,3.0000664311300032,26.922804,6.333546,-33.2563503940897,172.5168287492660,0,1.5e-12
0.9992752839771281,0.0,-0.0027821626333170,0.0000000000000000,-0.0076638059068422,0.0000000000000000,6.1926744103163953,3.0000664232500123,26.897312,6.345881,-33.2431928882870,172.6871427504925,0,1.5e-12
0.9992756240744062,0.0,-0.0027821711556917,0.0000000000000000,-0.0076644285946297,0.0000000000000000,6.1928856397235190,3.0000664157449481,26.873055,6.357645,-33.2306996711862,172.8493425321137,0,3.3e-13
0.9992759642044665,0.0,-0.0027821796732186,0.0000000000000000,-0.0076650512260254,0.0000000000000000,6.1930968691166441,3.0000664082395856,26.848818,6.369425,-33.2182433596031,173.0115386532553,0,2.0e-12
0.9992763213763051,0.0,-0.0027821886114700,0.0000000000000000,-0.0076657049280981,0.0000000000000000,6.1933186600799228,3.0000664003586333,26.823392,6.381812,-33.2052040274032,173.1818410184524,0,1.8e-12
0.9992766964457501,0.0,-0.0027821979909356,0.0000000000000000,-0.0076663912483727,0.0000000000000000,6.1935515407019661,3.0000663920832764,26.796719,6.394837,-33.1915565070625,173.3606537968893,0,2.2e-12
0.9992770903116623,0.0,-0.0027822078331131,0.0000000000000000,-0.0076671118107637,0.0000000000000000,6.1937960654769624,3.0000663833937589,26.768740,6.408535,-33.1772749418198,173.5484022370839,0,2.4e-12
0.9992775039182722,0.0,-0.0027822181604824,0.0000000000000000,-0.0076678683197726,0.0000000000000000,6.1940528166249482,3.0000663742693319,26.739392,6.422941,-33.1623326051184,173.7455325034532,0,2.3e-12
0.9992779382574316,0.0,-0.0027822289966503,0.0000000000000000,-0.0076686625641024,0.0000000000000000,6.1943224054782196,3.0000663646882075,26.708609,6.438093,-33.1467019212519,173.9525127829234,0,2.4e-12
0.9992783943711018,0.0,-0.0027822403662985,0.0000000000000000,-0.0076694964211209,0.0000000000000000,6.1946054739370640,3.0000663546275010,26.676323,6.454032,-33.1303545457566,174.1698348976023,0,2.4e-12
0.9992788733539196,0.0,-0.0027822522951999,0.0000000000000000,-0.0076703718613024,0.0000000000000000,6.1949026959982971,3.0000663440631810,26.642462,6.470799,-33.1132612987753,174.3980148316606,0,2.8e-12
0.9992793763557787,0.0,-0.0027822648104721,0.0000000000000000,-0.0076712909520902,0.0000000000000000,6.1952147793602546,3.0000663329700084,26.606953,6.488439,-33.0953922924848,174.6375946925856,0,2.8e-12
0.9992799045846246,0.0,-0.0027822779403724,0.0000000000000000,-0.0076722558631886,0.0000000000000000,6.1955424671081945,3.0000663213214791,26.569717,6.507000,-33.0767169453466,174.8891436912794,0,2.4e-13
0.9992804593099682,0.0,-0.0027822917145861,0.0000000000000000,-0.0076732688720194,0.0000000000000000,6.1958865394831415,3.0000663090897466,26.530673,6.526531,-33.0572037134434,175.1532577953977,0,4.6e-13
0.9992810418651531,0.0,-0.0027823061640687,0.0000000000000000,-0.0076743323677981,0.0000000000000000,6.1962478157409073,3.0000662962455782,26.489735,6.547086,-33.0368206993089,175.4305643014371,0,6.8e-13
0.9992816536512221,0.0,-0.0027823213212308,0.0000000000000000,-0.0076754488577874,0.0000000000000000,6.1966271561023669,3.0000662827582647,26.446816,6.568720,-33.0155353425928,175.7217211346706,0,1.2e-12
0.9992822961402036,0.0,-0.0027823372200345,0.0000000000000000,-0.0076766209725866,0.0000000000000000,6.1970254638021300,3.0000662685955555,26.401822,6.591493,-32.9933144940056,176.0274182520076,0,1.8e-13
0.9992829708788404,0.0,-0.0027823538959258,0.0000000000000000,-0.0076778514725568,0.0000000000000000,6.1974436872394811,3.0000662537235767,26.354657,6.615468,-32.9701247992130,176.3483812705468,0,2.2e-13
0.9992836794923668,0.0,-0.0027823713859894,0.0000000000000000,-0.0076791432537553,0.0000000000000000,6.1978828222369238,3.0000662381067507,26.305222,6.640711,-32.9459324292518,176.6853704851268,0,3.8e-13
0.9992844236885656,0.0,-0.0027823897290249,0.0000000000000000,-0.0076804993544821,0.0000000000000000,6.1983439144116428,3.0000662217077094,26.253410,6.667293,-32.9207034536341,177.0391843601883,0,3.6e-13
0.9992852052620651,0.0,-0.0027824089655083,0.0000000000000000,-0.0076819229624498,0.0000000000000000,6.1988280616656057,3.0000662044872040,26.199114,6.695290,-32.8944039077505,177.4106607487238,0,1.3e-13
0.9992860260987479,0.0,-0.0027824291378339,0.0000000000000000,-0.0076834174214003,0.0000000000000000,6.1993364168001763,3.0000661864040103,26.142220,6.724780,-32.8669999496228,177.8006787239564,0,5.5e-13
0.9992868881805538,0.0,-0.0027824502902133,0.0000000000000000,-0.0076849862391453,0.0000000000000000,6.1998701902615121,3.0000661674148272,26.082610,6.755849,-32.8384581611896,178.2101612728009,0,4.9e-13
0.9992877935904165,0.0,-0.0027824724688400,0.0000000000000000,-0.0076866330951054,0.0000000000000000,6.2004306530232585,3.0000661474741719,26.020160,6.788585,-32.8087456446534,178.6400764663928,0,6.2e-13
0.9992887445174783,0.0,-0.0027824957219928,0.0000000000000000,-0.0076883618483780,0.0000000000000000,6.2010191396134386,3.0000661265342696,25.954745,6.823085,-32.7778303810604,179.0914402866683,0,6.3e-13
0.9992897432626711,0.0,-0.0027825201000152,0.0000000000000000,-0.0076901765466001,0.0000000000000000,6.2016370512927157,3.0000661045449375,25.886231,6.859450,-32.7456815059415,179.5653187366372,0,1.1e-13
0.9992907922444855,0.0,-0.0027825456554913,0.0000000000000000,-0.0076920814345568,0.0000000000000000,6.2022858593916297,3.0000660814534621,25.814481,6.897788,-32.7122696068402,180.0628298949333,0,3.0e-13
0.9992918940051182,0.0,-0.0027825724432788,0.0000000000000000,-0.0076940809636165,0.0000000000000000,6.2029671088147564,3.0000660572044695,25.739353,6.938214,-32.6775671351779,180.5851465131623,0,5.7e-13
0.9992930512169625,0.0,-0.0027826005205631,0.0000000000000000,-0.0076961798015404,0.0000000000000000,6.2036824217201199,3.0000660317397925,25.660699,6.980850,-32.6415490299599,181.1334999478502,0,5.3e-13
0.9992942666893405,0.0,-0.0027826299470720,0.0000000000000000,-0.0076983828421571,0.0000000000000000,6.2044335013826597,3.0000660049983252,25.578365,7.025827,-32.6041928051690,181.7091797890661,0,1.2e-13
0.9992955433758093,0.0,-0.0027826607849573,0.0000000000000000,-0.0077006952165876,0.0000000000000000,6.2052221362509199,3.0000659769158795,25.492196,7.073284,-32.5654795918657,182.3135401549574,0,6.9e-14
0.9992968843816218,0.0,-0.0027826930990705,0.0000000000000000,-0.0077031223035829,0.0000000000000000,6.2060502042066723,3.0000659474250195,25.402025,7.123369,-32.5253944456918,182.9480001176743,0,2.0e-13
0.9992982929717795,0.0,-0.0027827269569549,0.0000000000000000,-0.0077056697412770,0.0000000000000000,6.2069196770375807,3.0000659164549028,25.307687,7.176241,-32.4839271685912,183.6140474823368,0,4.0e-13
0.9992997725794426,0.0,-0.0027827624289534,0.0000000000000000,-0.0077083434389988,0.0000000000000000,6.2078326251336033,3.0000658839311054,25.209005,7.232068,-32.4410732088715,184.3132425359882,0,3.6e-13
0.9993013268148258,0.0,-0.0027827995883094,0.0000000000000000,-0.0077111495896064,0.0000000000000000,6.2087912224182897,3.0000658497754364,25.105802,7.291033,-32.3968344324620,185.0472202364334,0,1.3e-13
0.9993029594745634,0.0,-0.0027828385112669,0.0000000000000000,-0.0077140946822567,0.0000000000000000,6.2097977515267688,3.0000658139057492,24.997893,7.353328,-32.3512201887381,185.8176938491537,0,3.3e-13
0.9993046745516272,0.0,-0.0027828792771521,0.0000000000000000,-0.0077171855157656,0.0000000000000000,6.2108546092427126,3.0000657762357377,24.885088,7.419160,-32.3042484606992,186.6264583904590,0,6.7e-13
0.9993064762457817,0.0,-0.0027829219684464,0.0000000000000000,-0.0077204292124589,0.0000000000000000,6.2119643122072796,3.0000657366747232,24.767195,7.488753,-32.2559472708610,187.4753951019804,0,5.4e-13
0.9993083689746087,0.0,-0.0027829666709085,0.0000000000000000,-0.0077238332323697,0.0000000000000000,6.2131295029136115,3.0000656951274314,24.644013,7.562343,-32.2063558730912,188.3664731720235,0,5.5e-13
0.9993103573851281,0.0,-0.0027830134737086,0.0000000000000000,-0.0077274053878542,0.0000000000000000,6.2143529560011928,3.0000656514937605,24.515341,7.640186,-32.1555265518533,189.3017549349111,0,1.6e-13
0.9993124463661368,0.0,-0.0027830624694479,0.0000000000000000,-0.0077311538591068,0.0000000000000000,6.2156375848650338,3.0000656056685293,24.380971,7.722555,-32.1035262516897,190.2833983354475,0,2.5e-13
0.9993146410611904,0.0,-0.0027831137542744,0.0000000000000000,-0.0077350872098053,0.0000000000000000,6.2169864485954598,3.0000655575412205,24.240692,7.809747,-32.0504387415007,191.3136620795962,0,6.0e-13
0.9993169468822969,0.0,-0.0027831674280383,0.0000000000000000,-0.0077392144031171,0.0000000000000000,6.2184027592650137,3.0000655069957092,24.094291,7.902076,-31.9963667313568,192.3949086146955,0,5.5e-13
0.9993193695244151,0.0,-0.0027832235943462,0.0000000000000000,-0.0077435448184485,0.0000000000000000,6.2198898895798465,3.0000654539099698,23.941551,7.999883,-31.9414343032603,193.5296075886286,0,9.8e-13
0.9993219149808041,0.0,-0.0027832823606225,0.0000000000000000,-0.0077480882686395,0.0000000000000000,6.2214513809137850,3.0000653981557845,23.782254,8.103535,-31.8857897958752,194.7203407617214,0,2.6e-13
0.9993245895591336,0.0,-0.0027833438382929,0.0000000000000000,-0.0077528550170931,0.0000000000000000,6.2230909517442594,3.0000653395984154,23.616180,8.213428,-31.8296085955044,195.9698035606126,0,1.2e-12
0.9993273998986283,0.0,-0.0027834081428007,0.0000000000000000,-0.0077578557958537,0.0000000000000000,6.2248125065101112,3.0000652780962822,23.443109,8.329988,-31.7730969240207,197.2808120529221,0,2.7e-13
0.9993303529880564,0.0,-0.0027834753938170,0.0000000000000000,-0.0077631018233209,0.0000000000000000,6.2266201449124150,3.0000652135006023,23.262821,8.453674,-31.7164950620190,198.6563019331775,0,3.4e-13
0.9993334561849105,0.0,-0.0027835457151628,0.0000000000000000,-0.0077686048231633,0.0000000000000000,6.2285181716803866,3.0000651456550349,23.075099,8.584983,-31.6600819720369,200.0993357353508,0,3.5e-13
0.9993367172354525,0.0,-0.0027836192350970,0.0000000000000000,-0.0077743770421828,0.0000000000000000,6.2305111068256718,3.0000650743952857,22.879726,8.724453,-31.6041795904799,201.6131032065718,0,3.7e-13
0.9993401442960664,0.0,-0.0027836960863189,0.0000000000000000,-0.0077804312692155,0.0000000000000000,6.2326036964093241,3.0000649995487114,22.676493,8.872665,-31.5491579720667,203.2009244723636,0,4.5e-13
0.9993437459557619,0.0,-0.0027837764060375,0.0000000000000000,-0.0077867808537540,0.0000000000000000,6.2348009238470894,3.0000649209338901,22.465194,9.030247,-31.4954408870936,204.8662521398094,0,4.5e-13
0.9993475312598925,0.0,-0.0027838603361492,0.0000000000000000,-0.0077934397240904,0.0000000000000000,6.2371080217798420,3.0000648383601791,22.245630,9.197881,-31.4435118910379,206.6126719910724,0,6.8e-13
0.9993515097352523,0.0,-0.0027839480233019,0.0000000000000000,-0.0078004224054988,0.0000000000000000,6.2395304845373207,3.0000647516272547,22.017615,9.376307,-31.3939211811277,208.4439044840742,0,5.2e-13
0.9993556914165620,0.0,-0.0027840396189678,0.0000000000000000,-0.0078077440379142,0.0000000000000000,6.2420740812247386,3.0000646605246182,21.780969,9.566324,-31.3472927843698,210.3638023214331,0,6.4e-13
0.9993600868743721,0.0,-0.0027841352795817,0.0000000000000000,-0.0078154203926909,0.0000000000000000,6.2447448694632506,3.0000645648310935,21.535530,9.768803,-31.3043328423091,212.3763505486647,0,6.6e-13
0.9993647072445658,0.0,-0.0027842351665480,0.0000000000000000,-0.0078234678888684,0.0000000000000000,6.2475492098167855,3.0000644643142951,21.281149,9.984689,-31.2658384691059,214.4856637153822,0,5.5e-13
0.9993695642593393,0.0,-0.0027843394464219,0.0000000000000000,-0.0078319036076345,0.0000000000000000,6.2504937809393617,3.0000643587300733,21.017698,10.215009,-31.2327071844618,216.6959791735782,0,2.4e-13
0.9993746702799424,0.0,-0.0027844482908647,0.0000000000000000,-0.0078407453059602,0.0000000000000000,6.2535855954786079,3.0000642478219417,20.745068,10.460879,-31.2059474263551,219.0116507683894,0,5.3e-13
0.9993800383310344,0.0,-0.0027845618767517,0.0000000000000000,-0.0078500114277934,0.0000000000000000,6.2568320167729743,3.0000641313204759,20.463177,10.723513,-31.1866900339165,221.4371414231738,0,3.2e-13
0.9993856821368410,0.0,-0.0027846803861283,0.0000000000000000,-0.0078597211133577,0.0000000000000000,6.2602407763818837,3.0000640089426933,20.171969,11.004231,-31.1762001567032,223.9770080214738,0,1.4e-12
0.9993916161592254,0.0,-0.0027848040062249,0.0000000000000000,-0.0078698942056287,0.0000000000000000,6.2638199924898021,3.0000638803914099,19.871419,11.304471,-31.1758904145744,226.6358866826498,0,3.3e-14
0.9993978556369216,0.0,-0.0027849329293171,0.0000000000000000,-0.0078805512525846,0.0000000000000000,6.2675781892281623,3.0000637453545895,19.561537,11.625798,-31.1873350604324,229.4184753365529,0,3.0e-13
0.9994044166277315,0.0,-0.0027850673525704,0.0000000000000000,-0.0078917135073688,0.0000000000000000,6.2715243169583701,3.0000636035046484,19.242372,11.969912,-31.2122843997729,232.3295052917799,0,3.1e-13
0.9994113160515616,0.0,-0.0027852074776931,0.0000000000000000,-0.0079034029222798,0.0000000000000000,6.2756677735652566,3.0000634544977682,18.914014,12.338667,-31.2526806727660,235.3737147259004,0,4.7e-13
0.9994185717355648,0.0,-0.0027853535106124,0.0000000000000000,-0.0079156421375465,0.0000000000000000,6.2800184268089243,3.0000632979731874,18.576598,12.734076,-31.3106740260732,238.5558089572340,0,5.0e-13
0.9994262024610306,0.0,-0.0027855056606899,0.0000000000000000,-0.0079284544644818,0.0000000000000000,6.2845866377870507,3.0000631335524832,18.230311,13.158328,-31.3886394779435,241.8804190078939,0,1.3e-12
0.9994342280117414,0.0,-0.0027856641399025,0.0000000000000000,-0.0079418638606243,0.0000000000000000,6.2893832855615193,3.0000629608388545,17.875391,13.613802,-31.4891937671908,245.3520462488927,0,2.1e-12
0.9994426692240681,0.0,-0.0027858291615083,0.0000000000000000,-0.0079558948974543,0.0000000000000000,6.2944197930053685,3.0000627794163979,17.512134,14.103079,-31.6152124331600,248.9749999570950,0,3.6e-13
0.9994515480369589,0.0,-0.0027860009384381,0.0000000000000000,-0.0079705727159607,0.0000000000000000,6.2997081539302924,3.0000625888494237,17.140894,14.628952,-31.7698465216563,252.7533238015900,0,1.2e-12
0.9994608875451569,0.0,-0.0027861796808745,0.0000000000000000,-0.0079859229758617,0.0000000000000000,6.3052609615524400,3.0000623886817466,16.762091,15.194447,-31.9565379466995,256.6907029464652,0,5.0e-13
0.9994707120502729,0.0,-0.0027863655932247,0.0000000000000000,-0.0080019717877850,0.0000000000000000,6.3110914383650876,3.0000621784360639,16.376206,15.802828,-32.1790338069311,260.7903634963857,0,3.9e-13
0.9994810471137332,0.0,-0.0027865588700841,0.0000000000000000,-0.0080187456349978,0.0000000000000000,6.3172134674802347,3.0000619576133372,16.457607,15.983790,-32.4413978424983,265.0549479043530,0,5.8e-13
0.9994919196079939,0.0,-0.0027867596909551,0.0000000000000000,-0.0080362712780605,0.0000000000000000,6.3236416255110903,3.0000617256922717,17.162557,15.585461,-32.7480185990300,269.4863725174968,0,3.4e-14
0.9995033577664757,0.0,-0.0027869682133638,0.0000000000000000,-0.0080545756428990,0.0000000000000000,6.3303912170661016,3.0000614821288716,17.921709,15.181904,-33.1036129166462,274.0856633075010,0,3.4e-13
0.9995153912313347,0.0,-0.0027871845641123,0.0000000000000000,-0.0080736856904657,0.0000000000000000,6.3374783109289865,3.0000612263561059,18.739354,14.773869,-33.5132230141239,278.8527625882779,0,3.3e-13
0.9995280510975574,0.0,-0.0027874088278618,0.0000000000000000,-0.0080936282664730,0.0000000000000000,6.3449197780027200,3.0000609577837176,19.620031,14.362174,-33.9822058196620,283.7863127570781,0,4.9e-13
0.9995413699517470,0.0,-0.0027876410329041,0.0000000000000000,-0.0081144299282866,0.0000000000000000,6.3527333310979568,3.0000606757982147,20.568516,13.947695,-34.5162118465119,288.8834023921143,0,2.5e-12
0.9995553819053542,0.0,-0.0027878811330107,0.0000000000000000,-0.0081361167507191,0.0000000000000000,6.3609375666482446,3.0000603797630516,21.589787,13.531365,-35.1211517230384,294.1392819375440,0,1.4e-12
0.9995701226180431,0.0,-0.0027881289846148,0.0000000000000000,-0.0081587141056103,0.0000000000000000,6.3695520084410431,3.0000600690191019,22.688984,13.114164,-35.8031475281816,299.5470481512885,0,1.4e-12
0.9995856293121532,0.0,-0.0027883843184924,0.0000000000000000,-0.0081822464192071,0.0000000000000000,6.3785971534518220,3.0000597428853992,23.871351,12.697115,-36.5684654006393,305.0972798944593,0,9.7e-13
0.9996019407735285,0.0,-0.0027886467045390,0.0000000000000000,-0.0082067369042479,0.0000000000000000,6.3880945198775079,3.0000594006602506,25.142155,12.281272,-37.4234268585159,310.7776455635063,0,3.1e-13
0.9996190973371488,0.0,-0.0027889155084134,0.0000000000000000,-0.0082322072691613,0.0000000000000000,6.3980666974666525,3.0000590416227628,26.506584,11.867710,-38.3742948707978,316.5724690828398,0,4.9e-13
0.9996371408545360,0.0,-0.0027891898385900,0.0000000000000000,-0.0082586774059930,0.0000000000000000,6.4085374002497355,3.0000586650348353,27.969619,11.457513,-39.4271313513204,322.4622592675697,0,4.4e-13
0.9996542158051277,0.0,-0.0027894410687521,0.0000000000000000,-0.0082834301082218,0.0000000000000000,6.4184319523072411,3.0000583096119162,29.377939,11.091233,-40.4691720804690,327.8375719452757,0,1.1e-12
0.9996703702026560,0.0,-0.0027896707965982,0.0000000000000000,-0.0083065854452182,0.0000000000000000,6.4277821757257669,3.0000579741974085,30.729214,10.763091,-41.4923049486060,332.7413253505016,0,2.2e-12
0.9996856502142530,0.0,-0.0027898805423413,0.0000000000000000,-0.0083282545298032,0.0000000000000000,6.4366180079509752,3.0000576576924431,32.022113,10.468194,-42.4903060996746,337.2136717956590,0,2.1e-12
0.9997001003261896,0.0,-0.0027900717567763,0.0000000000000000,-0.0083485404079033,0.0000000000000000,6.4449677422511495,3.0000573590503232,33.256152,10.202384,-43.4585358526162,341.2920329598837,0,3.1e-13
0.9997137632918579,0.0,-0.0027902458226542,0.0000000000000000,-0.0083675385852629,0.0000000000000000,6.4528581175397388,3.0000570772757178,34.431544,9.962118,-44.3936614219289,345.0110887191124,0,6.0e-13
0.9997266801010267,0.0,-0.0027904040545469,0.0000000000000000,-0.0083853375402236,0.0000000000000000,6.4603144033716031,3.0000568114235957,35.549058,9.744361,-45.2934187644322,348.4028532385289,0,1.3e-13
0.9997402470749559,0.0,-0.0027905632966122,0.0000000000000000,-0.0084038648259409,0.0000000000000000,6.4681435391142665,3.0000565327475961,36.728033,9.524982,-46.2530149856882,351.8338621788080,0,8.5e-13
0.9997530699772584,0.0,-0.0027907069375805,0.0000000000000000,-0.0084212197349614,0.0000000000000000,6.4755417701533800,3.0000562698793991,37.845965,9.326003,-47.1719688347850,354.9516034098053,0,6.3e-13
0.9997651885591440,0.0,-0.0027908362671513,0.0000000000000000,-0.0084374832234509,0.0000000000000000,6.4825329727680820,3.0000560219166896,38.904596,9.145073,-48.0496687698299,357.7853544761535,0,3.4e-13
0.9997766404463004,0.0,-0.0027909524971550,0.0000000000000000,-0.0084527298018638,0.0000000000000000,6.4891395414480106,3.0000557880116663,39.905914,8.980167,-48.8860811041351,360.3617633739841,0,7.0e-14
0.9997874614793268,0.0,-0.0027910567646600,0.0000000000000000,-0.0084670284233866,0.0000000000000000,6.4953826390796774,3.0000555673628062,40.852102,8.829536,-49.6816378300231,362.7050916965563,0,2.2e-13
0.9997976857549136,0.0,-0.0027911501322876,0.0000000000000000,-0.0084804429174306,0.0000000000000000,6.5012822645158694,3.0000553592129142,41.745467,8.691659,-50.4371265483600,364.8373848812837,0,1.7e-13
0.9998073456749372,0.0,-0.0027912335892465,0.0000000000000000,-0.0084930323931917,0.0000000000000000,6.5068573164726979,3.0000551628471239,42.588387,8.565214,-51.1536005912766,366.7786397932330,0,8.6e-14
0.9998164720014079,0.0,-0.0027913080531111,0.0000000000000000,-0.0085048516135398,0.0000000000000000,6.5121256539476118,3.0000549775908887,43.383266,8.449041,-51.8323061410303,368.5469702358216,0,3.7e-14
0.9998250939154995,0.0,-0.0027913743721445,0.0000000000000000,-0.0085159513404350,0.0000000000000000,6.5171041533425633,3.0000548028079819,44.132500,8.342124,-52.4746235375996,370.1587659359093,0,3.7e-13
0.9998332390792387,0.0,-0.0027914333281025,0.0000000000000000,-0.0085263786531092,0.0000000000000000,6.5218087624675478,3.0000546378985335,44.838452,8.243568,-53.0820203574436,371.6288442785606,0,1.0e-13
0.9998409336986442,0.0,-0.0027914856393842,0.0000000000000000,-0.0085361772405796,0.0000000000000000,6.5262545515912134,3.0000544822971031,45.503429,8.152585,-53.6560142030395,372.9705891862891,0,8.1e-14
0.9998482025874531,0.0,-0.0027915319643941,0.0000000000000000,-0.0085453876702557,0.0000000000000000,6.5304557616969054,3.0000543354708316,46.129668,8.068475,-54.1981434829797,374.1960856672922,0,2.7e-13
0.9998550692305981,0.0,-0.0027915729050657,0.0000000000000000,-0.0085540476342053,0.0000000000000000,6.5344258500946450,3.0000541969176355,46.719328,7.990617,-54.7099447110339,375.3162414713477,0,1.8e-13
0.9998622765631983,0.0,-0.0027916128658097,0.0000000000000000,-0.0085630949423598,0.0000000000000000,6.5385944591834804,3.0000540516446597,47.336042,7.910521,-55.2465623453356,376.4527359703338,0,2.3e-13
0.9998690845674751,0.0,-0.0027916477213201,0.0000000000000000,-0.0085716014397607,0.0000000000000000,6.5425336633760383,3.0000539145659340,47.916341,7.836353,-55.7526934710099,377.4893412234067,0,3.2e-13
0.9998755154754037,0.0,-0.0027916780148970,0.0000000000000000,-0.0085796017221894,0.0000000000000000,6.5462561602934235,3.0000537852095630,48.462345,7.767589,-56.2299338026409,378.4355817632816,0,3.0e-12
0.9998815901773861,0.0,-0.0027917042389972,0.0000000000000000,-0.0085871278092128,0.0000000000000000,6.5497738736362594,3.0000536631337189,48.976060,7.703764,-56.6798244201039,379.3000214592630,0,2.4e-12
0.9998873284212925,0.0,-0.0027917268397194,0.0000000000000000,-0.0085942095052030,0.0000000000000000,6.5530980709003348,3.0000535479222794,49.459394,7.644460,-57.1038542343169,380.0903672609522,0,1.9e-12
0.9998927488703435,0.0,-0.0027917462203823,0.0000000000000000,-0.0086008745693439,0.0000000000000000,6.5562393994919548,3.0000534391833442,49.914153,7.589302,-57.5034545973392,380.8135627242009,0,1.6e-12
0.9998978691597069,0.0,-0.0027917627449695,0.0000000000000000,-0.0086071488721918,0.0000000000000000,6.5592079208569780,3.0000533365478179,50.342045,7.537951,-57.8799959701113,381.4758630070005,0,1.9e-12
0.9999027059506717,0.0,-0.0027917767413628,0.0000000000000000,-0.0086130565388900,0.0000000000000000,6.5620131427331554,3.0000532396680697,50.744683,7.490103,-58.2347861284290,382.0829058501267,0,1.5e-12
0.9999072749825199,0.0,-0.0027917885044474,0.0000000000000000,-0.0086186200802049,0.0000000000000000,6.5646640496282664,3.0000531482166646,51.123587,7.445482,-58.5690695873093,382.6397707533163,0,1.4e-12
0.9999115911220728,0.0,-0.0027917982989848,0.0000000000000000,-0.0086238605127018,0.0000000000000000,6.5671691316212728,3.0000530618851791,51.480189,7.403839,-58.8840279379769,383.1510390213175,0,1.1e-12
0.9999156684109310,0.0,-0.0027918063623444,0.0000000000000000,-0.0086287974688116,0.0000000000000000,6.5695364115784631,3.0000529803830682,51.815835,7.364946,-59.1807808951403,383.6208422625414,0,1.0e-12
0.9999195201104526,0.0,-0.0027918129069679,0.0000000000000000,-0.0086334492980141,0.0000000000000000,6.5717734708715909,3.0000529034366106,52.131790,7.328598,-59.4603878537186,384.0529098059008,0,8.4e-13
0.9999231587444867,0.0,-0.0027918181227417,0.0000000000000000,-0.0086378331595094,0.0000000000000000,6.5738874736802870,3.0000528307879133,52.429245,7.294604,-59.7238498218459,384.4506081123511,0,9.3e-13
0.9999269780473035,0.0,-0.0027918225772066,0.0000000000000000,-0.0086424236165909,0.0000000000000000,6.5761071819855141,3.0000527545751385,52.740376,7.259279,-59.9996556996746,384.8571251600467,0,6.6e-13
0.9999305859926064,0.0,-0.0027918258162519,0.0000000000000000,-0.0086467496628518,0.0000000000000000,6.5782047635650143,3.0000526826205021,53.033239,7.226239,-60.2594779829623,385.2308765100674,0,4.3e-13
0.9999339943599242,0.0,-0.0027918280035094,0.0000000000000000,-0.0086508271833926,0.0000000000000000,6.5801869618195656,3.0000526146823283,53.308944,7.195318,-60.5042616830029,385.5747989841077,0,7.2e-13
0.9999372142300423,0.0,-0.0027918292843548,0.0000000000000000,-0.0086546709976550,0.0000000000000000,6.5820601244973123,3.0000525505337263,53.568531,7.166363,-60.7348940486850,385.8915421574211,0,5.7e-13
0.9999402560661099,0.0,-0.0027918297877454,0.0000000000000000,-0.0086582949844959,0.0000000000000000,6.5838302500558070,3.0000524899608694,53.812975,7.139235,-60.9522104257240,386.1834983797817,0,4.6e-13
0.9999431297479985,0.0,-0.0027918296278759,0.0000000000000000,-0.0086617121476590,0.0000000000000000,6.5855030068882883,3.0000524327622276,54.043190,7.113807,-61.1569968777802,386.4528311954348,0,3.0e-13
0.9999458446048237,0.0,-0.0027918289056936,0.0000000000000000,-0.0086649346761399,0.0000000000000000,6.5870837514912539,3.0000523787478373,54.260032,7.089961,-61.3499927891925,386.7014977359859,0,3.2e-13
0.9999484094456808,0.0,-0.0027918277102581,0.0000000000000000,-0.0086679739999066,0.0000000000000000,6.5885775456316544,3.0000523277386222,54.464305,7.067588,-61.5318934127374,386.9312705774832,0,1.7e-13
0.9999508325887271,0.0,-0.0027918261199849,0.0000000000000000,-0.0086708408413574,0.0000000000000000,6.5899891725687683,3.0000522795657503,54.656763,7.046589,-61.7033523551387,387.1437540576521,0,3.6e-13
0.9999531218886186,0.0,-0.0027918242037613,0.0000000000000000,-0.0086735452628804,0.0000000000000000,6.5913231523828593,3.0000522340700333,54.838112,7.026872,-61.8649839521117,387.3404043859093,0,3.5e-13
0.9999552847624624,0.0,-0.0027918220219793,0.0000000000000000,-0.0086760967108157,0.0000000000000000,6.5925837564597733,3.0000521911013633,55.009013,7.008352,-62.0173655776524,387.5225419411443,0,2.7e-13
0.9999573282143063,0.0,-0.0027918196274484,0.0000000000000000,-0.0086785040561859,0.0000000000000000,6.5937750211780095,3.0000521505181794,55.170089,6.990951,-62.1610398251226,387.6913652222197,0,4.0e-13
0.9999592588582711,0.0,-0.0027918170662168,0.0000000000000000,-0.0086807756324464,0.0000000000000000,6.5949007608421661,3.0000521121869674,55.321922,6.974594,-62.2965165901674,387.8479641196072,0,1.8e-13
0.9999612856061136,0.0,-0.0027918140635657,0.0000000000000000,-0.0086831572874052,0.0000000000000000,6.5960827891023213,3.0000520719598178,55.480943,6.957512,-62.4384551699765,388.0093242663420,0,2.2e-13
0.9999632004515395,0.0,-0.0027918109299218,0.0000000000000000,-0.0086854046313884,0.0000000000000000,6.5971997929780821,3.0000520339651264,55.630833,6.941455,-62.5722880251366,388.1589229953477,0,5.2e-13
0.9999650096036120,0.0,-0.0027918077031343,0.0000000000000000,-0.0086875254235062,0.0000000000000000,6.5982553567679076,3.0000519980777987,55.772133,6.926357,-62.6984906033468,388.2977216800555,0,1.2e-13
0.9999667189132364,0.0,-0.0027918044158754,0.0000000000000000,-0.0086895269424715,0.0000000000000000,6.5992528601867644,3.0000519641800856,55.905351,6.912157,-62.8175087651366,388.4265913683332,0,3.0e-13
0.9999683339058810,0.0,-0.0027918010962046,0.0000000000000000,-0.0086914160321642,0.0000000000000000,6.6001954970125034,3.0000519321609032,56.030963,6.898799,-62.9297614652518,388.5463272963027,0,4.7e-13
0.9999698597998122,0.0,-0.0027917977680999,0.0000000000000000,-0.0086931991293227,0.0000000000000000,6.6010862853177485,3.0000519019154486,56.149415,6.886228,-63.0356424310439,388.6576532448883,0,3.5e-13
0.9999713015232691,0.0,-0.0027917944519572,0.0000000000000000,-0.0086948822892126,0.0000000000000000,6.6019280771385240,3.0000518733448378,56.261126,6.874395,-63.1355217203900,388.7612290070142,0,1.8e-13
0.9999726637307123,0.0,-0.0027917911649883,0.0000000000000000,-0.0086964712096749,0.0000000000000000,6.6027235676106137,3.0000518463557628,56.366491,6.863256,-63.2297471961826,388.8576556022970,0,5.2e-13
0.9999739508181132,0.0,-0.0027917879216121,0.0000000000000000,-0.0086979712533915,0.0000000000000000,6.6034753036030081,3.0000518208601705,56.465879,6.852766,-63.3186458873346,388.9474847034173,0,1.4e-13
0.9999751669374322,0.0,-0.0027917847338064,0.0000000000000000,-0.0086993874686848,0.0000000000000000,6.6041856918760891,3.0000517967749638,56.559638,6.842887,-63.4025253028202,389.0312179125897,0,9.5e-14
0.9999763160102204,0.0,-0.0027917816113951,0.0000000000000000,-0.0087007246089192,0.0000000000000000,6.6048570067908043,3.0000517740217147,56.648094,6.833581,-63.4816746265527,389.1093152455553,0,1.4e-13
0.9999774017405197,0.0,-0.0027917785623298,0.0000000000000000,-0.0087019871506010,0.0000000000000000,6.6054913975934664,3.0000517525263986,56.731554,6.824812,-63.5563658549566,389.1821980579339,0,7.7e-14
0.9999784276269784,0.0,-0.0027917755929154,0.0000000000000000,-0.0087031793102913,0.0000000000000000,6.6060908952996442,3.0000517322191427,56.810305,6.816549,-63.6268548627055,389.2502524627562,0,3.1e-13
0.9999793969743263,0.0,-0.0027917727080393,0.0000000000000000,-0.0087043050603683,0.0000000000000000,6.6066574191991458,3.0000517130339883,56.884621,6.808762,-63.6933824002377,389.3138314952942,0,1.2e-13
0.9999804146712216,0.0,-0.0027917695963632,0.0000000000000000,-0.0087054862230028,0.0000000000000000,6.6072522697139462,3.0000516928949610,56.962541,6.800606,-63.7631476238120,389.3798255405725,0,8.7e-14
0.9999813762770633,0.0,-0.0027917665779812,0.0000000000000000,-0.0087066015911401,0.0000000000000000,6.6078144001120069,3.0000516738687821,57.036071,6.792920,-63.8289914043362,389.4414705612817,0,7.9e-14
0.9999822848920235,0.0,-0.0027917636559571,0.0000000000000000,-0.0087076548762191,0.0000000000000000,6.6083456120734789,3.0000516558936372,57.105464,6.785674,-63.8911382754095,389.4990840713419,0,6.8e-13
0.9999831434412602,0.0,-0.0027917608323433,0.0000000000000000,-0.0087086495721265,0.0000000000000000,6.6088476062463615,3.0000516389112333,57.170956,6.778843,-63.9497993437050,389.5529549613166,0,1.5e-13
0.9999839546879591,0.0,-0.0027917581082925,0.0000000000000000,-0.0087095889720799,0.0000000000000000,6.6093219897288904,3.0000516228665344,57.232771,6.772402,-64.0051733023144,389.6033531192336,0,2.8e-13
0.9999847212423496,0.0,-0.0027917554842224,0.0000000000000000,-0.0087104761805019,0.0000000000000000,6.6097702812162469,3.0000516077075776,57.291119,6.766328,-64.0574472292857,389.6505229813511,0,1.8e-14
0.9999854455702077,0.0,-0.0027917529598998,0.0000000000000000,-0.0087113141242915,0.0000000000000000,6.6101939158640599,3.0000515933852987,57.346197,6.760600,-64.1067972662309,389.6946917739715,0,1.1e-13
0.9999861300009019,0.0,-0.0027917505345536,0.0000000000000000,-0.0087121055632973,0.0000000000000000,6.6105942498842607,3.0000515798533698,57.398193,6.755196,-64.1533892954339,389.7360682745757,0,1.4e-13
0.9999867767349691,0.0,-0.0027917482069631,0.0000000000000000,-0.0087128531001505,0.0000000000000000,6.6109725648880540,3.0000515670680419,57.447280,6.750099,-64.1973795586630,389.7748451982184,0,1.5e-13
0.9999873878512799,0.0,-0.0027917459755209,0.0000000000000000,-0.0087135591895375,0.0000000000000000,6.6113300719899106,3.0000515549880040,57.493625,6.745290,-64.2389152358003,389.8112003831059,0,2.6e-13
0.9999879653139355,0.0,-0.0027917438383217,0.0000000000000000,-0.0087142261469715,0.0000000000000000,6.6116679156856080,3.0000515435742394,57.537382,6.740753,-64.2781350231834,389.8452949268658,0,3.3e-12
0.9999885109780382,0.0,-0.0027917417931959,0.0000000000000000,-0.0087148561562744,0.0000000000000000,6.6119871775175731,3.0000515327899091,57.578697,6.736472,-64.3151695269564,389.8772871488432,0,2.6e-12
0.9999890265966587,0.0,-0.0027917398377872,0.0000000000000000,-0.0087154512782295,0.0000000000000000,6.6122888795371688,3.0000515226002138,57.617710,6.732432,-64.3501419164940,389.9073137052178,0,2.5e-12
0.9999895138258725,0.0,-0.0027917379695767,0.0000000000000000,-0.0087160134570547,0.0000000000000000,6.6125739875778784,3.0000515129722896,57.654549,6.728619,-64.3831682478871,389.9355053104437,0,2.4e-12
0.9999900253855775,0.0,-0.0027917359866481,0.0000000000000000,-0.0087166035247872,0.0000000000000000,6.6128733511284752,3.0000515028643515,57.693201,6.724621,-64.4178222894122,389.9649144243394,0,2.6e-12
0.9999905087786198,0.0,-0.0027917340927132,0.0000000000000000,-0.0087171609297883,0.0000000000000000,6.6131562488276332,3.0000514933136864,57.729700,6.720848,-64.4505479669309,389.9925259719744,0,2.3e-12
0.9999909655581928,0.0,-0.0027917322850000,0.0000000000000000,-0.0087176874918281,0.0000000000000000,6.6134235868293469,3.0000514842894859,57.764167,6.717286,-64.4814537428354,390.0184578623625,0,1.9e-12
0.9999913971908685,0.0,-0.0027917305606816,0.0000000000000000,-0.0087181849271654,0.0000000000000000,6.6136762209514783,3.0000514757626702,57.796717,6.713925,-64.5106418200767,390.0428186821168,0,2.5e-12
0.9999918050622669,0.0,-0.0027917289168670,0.0000000000000000,-0.0087186548555700,0.0000000000000000,6.6139149599382359,3.0000514677057688,57.827457,6.710752,-64.5382085417150,390.0657123606293,0,2.0e-12
0.9999921904815243,0.0,-0.0027917273506506,0.0000000000000000,-0.0087190988057946,0.0000000000000000,6.6141405680496241,3.0000514600928385,57.856488,6.707756,-64.5642447758136,390.0872319939010,0,1.9e-12
0.9999925546855450,0.0,-0.0027917258591363,0.0000000000000000,-0.0087195182207847,0.0000000000000000,6.6143537675084119,3.0000514528993709,57.883908,6.704929,-64.5888362055924,390.1074657823324,0,1.6e-12
0.9999928988429829,0.0,-0.0027917244394270,0.0000000000000000,-0.0087199144626387,0.0000000000000000,6.6145552408125008,3.0000514461022147,57.909805,6.702259,-64.6120636470139,390.1264954788544,0,1.4e-12
0.9999932240580266,0.0,-0.0027917230886625,0.0000000000000000,-0.0087202888171644,0.0000000000000000,6.6147456329200649,3.0000514396795017,57.934265,6.699738,-64.6340033320630,390.1443965750282,0,1.5e-12
0.9999935313739635,0.0,-0.0027917218040220,0.0000000000000000,-0.0087206424982481,0.0000000000000000,6.6149255533144862,3.0000514336105737,57.957369,6.697358,-64.6547271669830,390.1612406233548,0,1.4e-12
0.9999938217765468,0.0,-0.0027917205827418,0.0000000000000000,-0.0087209766519192,0.0000000000000000,6.6150955779556870,3.0000514278759156,57.979193,6.695110,-64.6743029942533,390.1770931833425,0,1.4e-12
0.9999940961971751,0.0,-0.0027917194221145,0.0000000000000000,-0.0087212923602134,0.0000000000000000,6.6152562511241264,3.0000514224570911,57.999807,6.692988,-64.6927948203448,390.1920159191534,0,1.3e-12
0.9999943555158981,0.0,-0.0027917183194923,0.0000000000000000,-0.0087215906448148,0.0000000000000000,6.6154080871633401,3.0000514173366835,58.019279,6.690984,-64.7102630423098,390.2060661459313,0,1.2e-12
0.9999946277916214,0.0,-0.0027917171556468,0.0000000000000000,-0.0087219037814474,0.0000000000000000,6.6155675150352868,3.0000514119606505,58.039717,6.688881,-64.7285978301591,390.2207646846409,0,1.1e-12
0.9999948850832807,0.0,-0.0027917160500722,0.0000000000000000,-0.0087221996364793,0.0000000000000000,6.6157181741300581,3.0000514068806807,58.059022,6.686895,-64.7459177194458,390.2346038630917,0,1.0e-12
0.9999951282161652,0.0,-0.0027917150001756,0.0000000000000000,-0.0087224791669814,0.0000000000000000,6.6158605468822422,3.0000514020804459,58.077259,6.685020,-64.7622792334849,390.2476362699545,0,1.1e-12
0.9999953579698293,0.0,-0.0027917140034394,0.0000000000000000,-0.0087227432764320,0.0000000000000000,6.6159950890505410,3.0000513975445235,58.094487,6.683249,-64.7777356912498,390.2599117927703,0,5.9e-13
0.9999955750808640,0.0,-0.0027917130574333,0.0000000000000000,-0.0087229928179983,0.0000000000000000,6.6161222313258747,3.0000513932583455,58.110761,6.681576,-64.7923374267123,390.2714751703900,0,8.3e-13
0.9999957802452711,0.0,-0.0027917121597989,0.0000000000000000,-0.0087232285974069,0.0000000000000000,6.6162423807102249,3.0000513892081471,58.126136,6.679996,-64.8061319345705,390.2823703569416,0,8.8e-13
0.9999959741207042,0.0,-0.0027917113082660,0.0000000000000000,-0.0087234513755836,0.0000000000000000,6.6163559218196228,3.0000513853809236,58.140660,6.678504,-64.8191640503636,390.2926378256363,0,5.7e-13
0.9999961573285777,0.0,-0.0027917105006518,0.0000000000000000,-0.0087236618711556,0.0000000000000000,6.6164632181154728,3.0000513817643886,58.154381,6.677095,-64.8314761010543,390.3023144141880,0,5.4e-13
0.9999963304560818,0.0,-0.0027917097348484,0.0000000000000000,-0.0087238607628696,0.0000000000000000,6.6165646130681273,3.0000513783469338,58.167345,6.675763,-64.8431080418979,390.3114353806470,0,9.4e-13
0.9999964940580496,0.0,-0.0027917090088328,0.0000000000000000,-0.0087240486917856,0.0000000000000000,6.6166604312564772,3.0000513751175912,58.179592,6.674506,-64.8540975865937,390.3200346643021,0,7.4e-13
0.9999966486587658,0.0,-0.0027917083206707,0.0000000000000000,-0.0087242262633936,0.0000000000000000,6.6167509794070307,3.0000513720659989,58.191162,6.673318,-64.8644803498899,390.3281427556904,0,4.0e-13
0.9999967947536318,0.0,-0.0027917076684974,0.0000000000000000,-0.0087243940496246,0.0000000000000000,6.6168365473758675,3.0000513691823669,58.202094,6.672196,-64.8742899587615,390.3357880708008,0,5.3e-13
0.9999969328107687,0.0,-0.0027917070505337,0.0000000000000000,-0.0087245525907003,0.0000000000000000,6.6169174090765539,3.0000513664574422,58.212422,6.671136,-64.8835581576221,390.3429982560056,0,6.4e-13
0.9999970632725208,0.0,-0.0027917064650755,0.0000000000000000,-0.0087247023969146,0.0000000000000000,6.6169938233570278,3.0000513638824855,58.222180,6.670135,-64.8923149220706,390.3497992388016,0,2.8e-13
0.9999972002550758,0.0,-0.0027917058487924,0.0000000000000000,-0.0087248596777196,0.0000000000000000,6.6170740583593455,3.0000513611788824,58.232424,6.669084,-64.9015077739432,390.3569261158054,0,4.8e-13
0.9999973297013149,0.0,-0.0027917052649459,0.0000000000000000,-0.0087250082931382,0.0000000000000000,6.6171498803744857,3.0000513586240731,58.242102,6.668091,-64.9101933565052,390.3636481523286,0,5.5e-13
0.9999974520260357,0.0,-0.0027917047119059,0.0000000000000000,-0.0087251487214343,0.0000000000000000,6.6172215321553294,3.0000513562098643,58.251246,6.667153,-64.9183997503424,390.3699892938641,0,3.5e-13
0.9999975676211350,0.0,-0.0027917041881166,0.0000000000000000,-0.0087252814143238,0.0000000000000000,6.6172892430672681,3.0000513539285136,58.259886,6.666267,-64.9261534708276,390.3759711577231,0,3.8e-13
0.9999976768569253,0.0,-0.0027917036920976,0.0000000000000000,-0.0087254067985133,0.0000000000000000,6.6173532298603339,3.0000513517727043,58.268049,6.665430,-64.9334795568034,390.3816145738772,0,7.4e-13
0.9999977800833395,0.0,-0.0027917032224272,0.0000000000000000,-0.0087255252771273,0.0000000000000000,6.6174136973630633,3.0000513497355259,58.275762,6.664639,-64.9404016471832,390.3869402178302,0,2.1e-13
0.9999978776310422,0.0,-0.0027917027777582,0.0000000000000000,-0.0087256372309774,0.0000000000000000,6.6174708391382122,3.0000513478104476,58.283050,6.663892,-64.9469420826521,390.3919650864200,0,3.1e-13
0.9999979698124982,0.0,-0.0027917023568068,0.0000000000000000,-0.0087257430198230,0.0000000000000000,6.6175248381023923,3.0000513459912965,58.289936,6.663186,-64.9531219526449,390.3967067772162,0,7.1e-13
0.9999980569229691,0.0,-0.0027917019583438,0.0000000000000000,-0.0087258429835559,0.0000000000000000,6.6175758671116327,3.0000513442722418,58.296442,6.662520,-64.9589611741180,390.4011823676258,0,5.4e-13
0.9999981392414662,0.0,-0.0027917015812046,0.0000000000000000,-0.0087259374432725,0.0000000000000000,6.6176240895147291,3.0000513426477742,58.302589,6.661890,-64.9644785663482,390.4054064767920,0,5.0e-13
0.9999982170316477,0.0,-0.0027917012242793,0.0000000000000000,-0.0087260267023418,0.0000000000000000,6.6176696596761539,3.0000513411126866,58.308398,6.661294,-64.9696919001933,390.4093937916616,0,2.8e-13
0.9999982905426534,0.0,-0.0027917008865083,0.0000000000000000,-0.0087261110473798,0.0000000000000000,6.6177127234702162,3.0000513396620598,58.313886,6.660732,-64.9746179633797,390.4131577010010,0,1.0e-13
0.9999983600099130,0.0,-0.0027917005669002,0.0000000000000000,-0.0087261907491441,0.0000000000000000,6.6177534187480278,3.0000513382912444,58.319072,6.660200,-64.9792726175578,390.4167101258058,0,5.9e-13
0.9999984256559022,0.0,-0.0027917002644928,0.0000000000000000,-0.0087262660634931,0.0000000000000000,6.6177918757787930,3.0000513369958499,58.323972,6.659698,-64.9836708341485,390.4200645414978,0,4.0e-13
0.9999984945836120,0.0,-0.0027916999465675,0.0000000000000000,-0.0087263451395927,0.0000000000000000,6.6178322556630782,3.0000513356357104,58.329117,6.659171,-64.9882885133784,390.4235834134388,0,8.9e-14
0.9999985597197171,0.0,-0.0027916996457606,0.0000000000000000,-0.0087264198627166,0.0000000000000000,6.6178704146379888,3.0000513343504029,58.333979,6.658673,-64.9926518002285,390.4269048874341,0,2.6e-13
0.9999986212728343,0.0,-0.0027916993611669,0.0000000000000000,-0.0087264904727096,0.0000000000000000,6.6179064748633269,3.0000513331358092,58.338572,6.658203,-64.9967747290588,390.4300408519048,0,4.2e-13
0.9999986794400811,0.0,-0.0027916990919297,0.0000000000000000,-0.0087265571961551,0.0000000000000000,6.6179405517709569,3.0000513319880371,58.342912,6.657758,-65.0006705603379,390.4330016846686,0,6.4e-13
0.9999987344077299,0.0,-0.0027916988372353,0.0000000000000000,-0.0087266202471345,0.0000000000000000,6.6179727544439197,3.0000513309034105,58.347014,6.657338,-65.0043518186536,390.4357975289195,0,6.6e-13
0.9999987863518007,0.0,-0.0027916985963112,0.0000000000000000,-0.0087266798279235,0.0000000000000000,6.6180031859656294,3.0000513298784530,58.350889,6.656941,-65.0078303354015,390.4384383148154,0,2.0e-13
0.9999988354386254,0.0,-0.0027916983684302,0.0000000000000000,-0.0087267361296231,0.0000000000000000,6.6180319437498607,3.0000513289098829,58.354551,6.656566,-65.0111172981155,390.4409312006660,0,1.1e-13
0.9999988818253893,0.0,-0.0027916981528949,0.0000000000000000,-0.0087267893328227,0.0000000000000000,6.6180591198525773,3.0000513279945960,58.358011,6.656212,-65.0142232632847,390.4432853147478,0,4.0e-14
0.9999989256606280,0.0,-0.0027916979490466,0.0000000000000000,-0.0087268396081417,0.0000000000000000,6.6180848012666242,3.0000513271296607,58.361281,6.655877,-65.0171582117088,390.4455080739901,0,5.3e-13
0.9999989670846997,0.0,-0.0027916977562581,0.0000000000000000,-0.0087268871168014,0.0000000000000000,6.6181090702002017,3.0000513263123070,58.364371,6.655561,-65.0199315620273,390.4476080899844,0,1.5e-13
0.9999990062302446,0.0,-0.0027916975739371,0.0000000000000000,-0.0087269320111304,0.0000000000000000,6.6181320043400245,3.0000513255399159,58.367291,6.655262,-65.0225522264081,390.4495911875629,0,5.4e-14
0.9999990432226020,0.0,-0.0027916974015278,0.0000000000000000,-0.0087269744350481,0.0000000000000000,6.6181536771000058,3.0000513248100149,58.370049,6.654979,-65.0250286189368,390.4514640498205,0,6.2e-14
0.9999990781802164,0.0,-0.0027916972384923,0.0000000000000000,-0.0087270145245715,0.0000000000000000,6.6181741578562683,3.0000513241202653,58.372656,6.654712,-65.0273686885922,390.4532327394993,0,3.1e-13
0.9999991112150184,0.0,-0.0027916970843289,0.0000000000000000,-0.0087270524082030,0.0000000000000000,6.6181935121692197,3.0000513234684574,58.375120,6.654460,-65.0295799448807,390.4549034359875,0,4.5e-13
0.9999991459014130,0.0,-0.0027916969223584,0.0000000000000000,-0.0087270921850076,0.0000000000000000,6.6182138341983210,3.0000513227840666,58.377706,6.654195,-65.0319016495289,390.4566571551195,0,1.4e-13
0.9999991786799095,0.0,-0.0027916967691986,0.0000000000000000,-0.0087271297731389,0.0000000000000000,6.6182330385118320,3.0000513221373235,58.380151,6.653945,-65.0340955544984,390.4583131887364,0,3.4e-13
0.9999992096554603,0.0,-0.0027916966243807,0.0000000000000000,-0.0087271652930668,0.0000000000000000,6.6182511865865923,3.0000513215261559,58.382460,6.653709,-65.0361686990445,390.4598774451570,0,4.8e-13
0.9999992389272432,0.0,-0.0027916964874522,0.0000000000000000,-0.0087271988586423,0.0000000000000000,6.6182683365158921,3.0000513209486082,58.384643,6.653485,-65.0381277321361,390.4613555298542,0,3.5e-14
0.9999992665889738,0.0,-0.0027916963579883,0.0000000000000000,-0.0087272305774304,0.0000000000000000,6.6182845431978796,3.0000513204028292,58.386705,6.653274,-65.0399789439269,390.4627513833136,0,8.4e-14
0.9999992927292197,0.0,-0.0027916962355859,0.0000000000000000,-0.0087272605510775,0.0000000000000000,6.6182998585112820,3.0000513198870733,58.388654,6.653075,-65.0417282706268,390.4640699624374,0,9.5e-14
0.9999993174316710,0.0,-0.0027916961198602,0.0000000000000000,-0.0087272888756383,0.0000000000000000,6.6183143314814883,3.0000513193996863,58.390495,6.652886,-65.0433813231779,390.4653156156044,0,2.1e-13
0.9999993407754161,0.0,-0.0027916960104528,0.0000000000000000,-0.0087273156418627,0.0000000000000000,6.6183280084374756,3.0000513189391094,58.392235,6.652708,-65.0449434056440,390.4664919387926,0,1.3e-13
0.9999993628351900,0.0,-0.0027916959070217,0.0000000000000000,-0.0087273409355109,0.0000000000000000,6.6183409331601188,3.0000513185038664,58.393880,6.652540,-65.0464195243614,390.4676033446310,0,2.6e-13
0.9999993836816166,0.0,-0.0027916958092390,0.0000000000000000,-0.0087273648376277,0.0000000000000000,6.6183531470223338,3.0000513180925643,58.395434,6.652381,-65.0478144104145,390.4686537311945,0,1.3e-13
0.9999994033814410,0.0,-0.0027916957168005,0.0000000000000000,-0.0087273874247836,0.0000000000000000,6.6183646891215151,3.0000513177038863,58.396902,6.652230,-65.0491325416741,390.4696455719281,0,9.4e-14
0.9999994219977291,0.0,-0.0027916956294185,0.0000000000000000,-0.0087274087693333,0.0000000000000000,6.6183755964046957,3.0000513173365881,58.398290,6.652088,-65.0503781411283,390.4705825635560,0,3.1e-13
0.9999994395900764,0.0,-0.0027916955468123,0.0000000000000000,-0.0087274289396645,0.0000000000000000,6.6183859037868178,3.0000513169894925,58.399601,6.651954,-65.0515551987673,390.4714684445555,0,2.8e-13
0.9999994580620025,0.0,-0.0027916954600485,0.0000000000000000,-0.0087274501182246,0.0000000000000000,6.6183967265381867,3.0000513166250444,58.400978,6.651813,-65.0527910796383,390.4723976902105,0,3.5e-14
0.9999994755179317,0.0,-0.0027916953780298,0.0000000000000000,-0.0087274701316946,0.0000000000000000,6.6184069540370976,3.0000513162806417,58.402279,6.651680,-65.0539589560322,390.4732758474097,0,1.2e-13
0.9999994920137476,0.0,-0.0027916953005010,0.0000000000000000,-0.0087274890441756,0.0000000000000000,6.6184166190231402,3.0000513159551834,58.403508,6.651554,-65.0550625741872,390.4741050236851,0,3.2e-13
0.9999995076022609,0.0,-0.0027916952272115,0.0000000000000000,-0.0087275069162628,0.0000000000000000,6.6184257524345691,3.0000513156476267,58.404670,6.651435,-65.0561054642566,390.4748893175849,0,2.8e-13
0.9999995223333762,0.0,-0.0027916951579363,0.0000000000000000,-0.0087275238051871,0.0000000000000000,6.6184343835080286,3.0000513153569863,58.405768,6.651323,-65.0570909799485,390.4756291999863,0,3.9e-13
0.9999995362542544,0.0,-0.0027916950924518,0.0000000000000000,-0.0087275397650529,0.0000000000000000,6.6184425398721434,3.0000513150823331,58.406805,6.651217,-65.0580222653772,390.4763295234432,0,4.2e-13
0.9999995494094630,0.0,-0.0027916950305567,0.0000000000000000,-0.0087275548469687,0.0000000000000000,6.6184502476359581,3.0000513148227870,58.407786,6.651117,-65.0589023189719,390.4769901502536,0,6.0e-14
0.9999995618411136,0.0,-0.0027916949720486,0.0000000000000000,-0.0087275690992495,0.0000000000000000,6.6184575314725205,3.0000513145775156,58.408712,6.651022,-65.0597339503172,390.4776149508541,0,3.1e-13
0.9999995735890049,0.0,-0.0027916949167505,0.0000000000000000,-0.0087275825675229,0.0000000000000000,6.6184644146978551,3.0000513143457357,58.409588,6.650932,-65.0605198323851,390.4782045596635,0,2.1e-13
0.9999995846909029,0.0,-0.0027916948644796,0.0000000000000000,-0.0087275952951182,0.0000000000000000,6.6184709193454605,3.0000513141267011,58.410415,6.650847,-65.0612625007827,390.4787596766096,0,3.3e-12
0.9999995951820250,0.0,-0.0027916948150758,0.0000000000000000,-0.0087276073224171,0.0000000000000000,6.6184770662374159,3.0000513139197174,58.411197,6.650767,-65.0619642860078,390.4792868355735,0,2.9e-12
0.9999996050961212,0.0,-0.0027916947683806,0.0000000000000000,-0.0087276186881257,0.0000000000000000,6.6184828750501605,3.0000513137241183,58.411936,6.650692,-65.0626274639279,390.4797847327691,0,2.7e-12
0.9999996144649330,0.0,-0.0027916947242450,0.0000000000000000,-0.0087276294286450,0.0000000000000000,6.6184883643780648,3.0000513135392768,58.412634,6.650620,-65.0632541607375,390.4802545561590,0,3.1e-12
0.9999996233184479,0.0,-0.0027916946825308,0.0000000000000000,-0.0087276395783638,0.0000000000000000,6.6184935517928114,3.0000513133646032,58.413293,6.650553,-65.0638463768759,390.4806995038048,0,2.5e-12
0.9999996326146421,0.0,-0.0027916946387232,0.0000000000000000,-0.0087276502355144,0.0000000000000000,6.6184989985783185,3.0000513131811957,58.413986,6.650482,-65.0644682001044,390.4811659057111,0,2.6e-12
0.9999996413995219,0.0,-0.0027916945973166,0.0000000000000000,-0.0087276603064399,0.0000000000000000,6.6185041457903484,3.0000513130078765,58.414641,6.650415,-65.0650558129744,390.4816069139251,0,2.4e-12
0.9999996497012236,0.0,-0.0027916945581867,0.0000000000000000,-0.0087276698233939,0.0000000000000000,6.6185090099056074,3.0000513128440893,58.415259,6.650352,-65.0656111020595,390.4820232208026,0,2.5e-12
0.9999996575463239,0.0,-0.0027916945211990,0.0000000000000000,-0.0087276788168697,0.0000000000000000,6.6185136064944317,3.0000513126893118,58.415844,6.650292,-65.0661358412251,390.4824170902507,0,2.1e-12
0.9999996649599369,0.0,-0.0027916944862410,0.0000000000000000,-0.0087276873156560,0.0000000000000000,6.6185179502707827,3.0000513125430475,58.416396,6.650235,-65.0666317151050,390.4827891794596,0,1.9e-12
0.9999996719657958,0.0,-0.0027916944532006,0.0000000000000000,-0.0087276953469692,0.0000000000000000,6.6185220551393567,3.0000513124048265,58.416918,6.650182,-65.0671003107788,390.4831408228770,0,1.6e-12
0.9999996785863245,0.0,-0.0027916944219767,0.0000000000000000,-0.0087277029365105,0.0000000000000000,6.6185259342400915,3.0000513122742092,58.417412,6.650132,-65.0675431316845,390.4834726026620,0,1.8e-12
0.9999996848427189,0.0,-0.0027916943924646,0.0000000000000000,-0.0087277101085987,0.0000000000000000,6.6185295999902243,3.0000513121507764,58.417878,6.650084,-65.0679615910879,390.4837865646921,0,1.5e-12
0.9999996907550077,0.0,-0.0027916943645748,0.0000000000000000,-0.0087277168861847,0.0000000000000000,6.6185330641240450,3.0000513120341319,58.418318,6.650039,-65.0683570323056,390.4840830167823,0,1.5e-12
0.9999996963421172,0.0,-0.0027916943382124,0.0000000000000000,-0.0087277232909867,0.0000000000000000,6.6185363377304558,3.0000513119239027,58.418735,6.649996,-65.0687307218007,390.4843631574195,0,1.4e-12
0.9999997016219300,0.0,-0.0027916943133009,0.0000000000000000,-0.0087277293434917,0.0000000000000000,6.6185394312884709,3.0000513118197372,58.419128,6.649956,-65.0690838565082,390.4846277196280,0,1.6e-12
0.9999997066113508,0.0,-0.0027916942897564,0.0000000000000000,-0.0087277350630875,0.0000000000000000,6.6185423547007556,3.0000513117212999,58.419500,6.649918,-65.0694175639076,390.4848780580546,0,1.3e-12
0.9999997113263511,0.0,-0.0027916942675085,0.0000000000000000,-0.0087277404680791,0.0000000000000000,6.6185451173253291,3.0000513116282779,58.419851,6.649882,-65.0697329177272,390.4851141675408,0,1.5e-12
0.9999997157820246,0.0,-0.0027916942464752,0.0000000000000000,-0.0087277455757955,0.0000000000000000,6.6185477280055194,3.0000513115403713,58.420183,6.649848,-65.0700309225917,390.4853376873884,0,1.3e-12
0.9999997204604837,0.0,-0.0027916942243919,0.0000000000000000,-0.0087277509388785,0.0000000000000000,6.6185504692197235,3.0000513114480700,58.420531,6.649812,-65.0703438275483,390.4855721983981,0,1.2e-12
0.9999997248816193,0.0,-0.0027916942035213,0.0000000000000000,-0.0087277560069670,0.0000000000000000,6.6185530596670796,3.0000513113608447,58.420861,6.649779,-65.0706395209917,390.4857936766803,0,1.3e-12
0.9999997290595908,0.0,-0.0027916941837984,0.0000000000000000,-0.0087277607962932,0.0000000000000000,6.6185555076398028,3.0000513112784177,58.421172,6.649747,-65.0709189487772,390.4860030088935,0,1.3e-12
0.9999997330077709,0.0,-0.0027916941651588,0.0000000000000000,-0.0087277653221925,0.0000000000000000,6.6185578209740026,3.0000513112005236,58.421466,6.649717,-65.0711830068753,390.4862007911295,0,1.3e-12
0.9999997367387983,0.0,-0.0027916941475414,0.0000000000000000,-0.0087277695991580,0.0000000000000000,6.6185600070747999,3.0000513111269145,58.421744,6.649688,-65.0714325387712,390.4863880382295,0,1.0e-12
0.9999997402646198,0.0,-0.0027916941308945,0.0000000000000000,-0.0087277736408745,0.0000000000000000,6.6185620729400325,3.0000513110573541,58.422007,6.649661,-65.0716683467924,390.4865646137177,0,1.1e-12
0.9999997435965168,0.0,-0.0027916941151598,0.0000000000000000,-0.0087277774602922,0.0000000000000000,6.6185640251826614,3.0000513109916187,58.422255,6.649636,-65.0718911816708,390.4867320013975,0,6.6e-13
0.9999997467451602,0.0,-0.0027916941002900,0.0000000000000000,-0.0087277810696318,0.0000000000000000,6.6185658700519285,3.0000513109294995,58.422490,6.649612,-65.0721017634016,390.4868894482183,0,9.0e-13
0.9999997497206259,0.0,-0.0027916940862382,0.0000000000000000,-0.0087277844804470,0.0000000000000000,6.6185676134533731,3.0000513108707967,58.422711,6.649589,-65.0723007600043,390.4870386298546,0,7.6e-13
0.9999997525324404,0.0,-0.0027916940729598,0.0000000000000000,-0.0087277877036583,0.0000000000000000,6.6185692609677247,3.0000513108153228,58.422921,6.649568,-65.0724888119339,390.4871794298010,0,7.9e-13
0.9999997551896046,0.0,-0.0027916940604093,0.0000000000000000,-0.0087277907495911,0.0000000000000000,6.6185708178687763,3.0000513107628994,58.423119,6.649548,-65.0726665204736,390.4873124459868,0,8.6e-13
0.9999997577006223,0.0,-0.0027916940485480,0.0000000000000000,-0.0087277936279929,0.0000000000000000,6.6185722891402614,3.0000513107133595,58.423306,6.649529,-65.0728344534754,390.4874383595247,0,7.4e-13
0.9999997600735362,0.0,-0.0027916940373401,0.0000000000000000,-0.0087277963480751,0.0000000000000000,6.6185736794918038,3.0000513106665445,58.423483,6.649510,-65.0729931498875,390.4875572329556,0,6.8e-13
0.9999997625650964,0.0,-0.0027916940255698,0.0000000000000000,-0.0087277992041623,0.0000000000000000,6.6185751393609236,3.0000513106173887,58.423668,6.649491,-65.0731597812986,390.4876820263707,0,7.0e-13
0.9999997649196167,0.0,-0.0027916940144473,0.0000000000000000,-0.0087278019031539,0.0000000000000000,6.6185765189372248,3.0000513105709370,58.423844,6.649473,-65.0733172480916,390.4877997585531,0,8.9e-13
0.9999997671446399,0.0,-0.0027916940039344,0.0000000000000000,-0.0087278044537020,0.0000000000000000,6.6185778226368202,3.0000513105270392,58.424010,6.649457,-65.0734660511039,390.4879113529623,0,6.8e-13
0.9999997692472843,0.0,-0.0027916939939996,0.0000000000000000,-0.0087278068639653,0.0000000000000000,6.6185790546329324,3.0000513104855568,58.424166,6.649441,-65.0736066704072,390.4880169018545,0,5.1e-13
0.9999997712342826,0.0,-0.0027916939846123,0.0000000000000000,-0.0087278091416557,0.0000000000000000,6.6185802188692522,3.0000513104463549,58.424314,6.649425,-65.0737395533320,390.4881168162046,0,3.4e-13
0.9999997731119959,0.0,-0.0027916939757405,0.0000000000000000,-0.0087278112940711,0.0000000000000000,6.6185813190725691,3.0000513104093107,58.424454,6.649411,-65.0738651308900,390.4882105979382,0,3.2e-13
0.9999997748864368,0.0,-0.0027916939673550,0.0000000000000000,-0.0087278133281067,0.0000000000000000,6.6185823587646961,3.0000513103743023,58.424586,6.649398,-65.0739837998204,390.4882995081202,0,2.5e-13
0.9999997765632771,0.0,-0.0027916939594358,0.0000000000000000,-0.0087278152502510,0.0000000000000000,6.6185833412737551,3.0000513103412199,58.424711,6.649385,-65.0740959446099,390.4883830469478,0,6.5e-13
0.9999997781478954,0.0,-0.0027916939519480,0.0000000000000000,-0.0087278170666869,0.0000000000000000,6.6185842697448098,3.0000513103099578,58.424829,6.649373,-65.0742019198852,390.4884621187780,0,9.2e-13
0.9999997796453605,0.0,-0.0027916939448702,0.0000000000000000,-0.0087278187832224,0.0000000000000000,6.6185851471499522,3.0000513102804147,58.424941,6.649361,-65.0743020640692,390.4885373419588,0,6.6e-13
0.9999997810604613,0.0,-0.0027916939381818,0.0000000000000000,-0.0087278204053423,0.0000000000000000,6.6185859762978110,3.0000513102524962,58.425046,6.649350,-65.0743966985796,390.4886086973866,0,2.2e-13
0.9999997823977335,0.0,-0.0027916939318638,0.0000000000000000,-0.0087278219382402,0.0000000000000000,6.6185867598425325,3.0000513102261133,58.425146,6.649340,-65.0744861328062,390.4886751787531,0,6.2e-13
0.9999997836614535,0.0,-0.0027916939258931,0.0000000000000000,-0.0087278233868268,0.0000000000000000,6.6185875002922936,3.0000513102011812,58.425240,6.649331,-65.0745706459567,390.4887384962126,0,5.8e-13
0.9999997848556715,0.0,-0.0027916939202485,0.0000000000000000,-0.0087278247557450,0.0000000000000000,6.6185882000173146,3.0000513101776209,58.425329,6.649322,-65.0746505096677,390.4887983965714,0,4.4e-13
0.9999997861095996,0.0,-0.0027916939143238,0.0000000000000000,-0.0087278261931046,0.0000000000000000,6.6185889347285860,3.0000513101528821,58.425422,6.649312,-65.0747343678790,390.4888612152045,0,4.4e-13
0.9999997872945604,0.0,-0.0027916939087220,0.0000000000000000,-0.0087278275514120,0.0000000000000000,6.6185896290307342,3.0000513101295043,58.425511,6.649303,-65.0748136125009,390.4889206513926,0,3.2e-13
1.0000049057071112,0.0,-0.0027916685913414,0.0000000000000000,-0.0087336853973408,0.0000000000000000,6.6215896290307343,3.0000512091886704,58.805402,6.610541,-65.4159427873742,390.7355134304748,0,4.6e-13
1.0000100207381093,0.0,-0.0027916410215480,0.0000000000000000,-0.0087395208336134,0.0000000000000000,6.6245896290307345,3.0000511083934382,59.182179,6.572294,-65.7544733287897,390.9626869360495,0,4.6e-12
1.0000151323308832,0.0,-0.0027916111797266,0.0000000000000000,-0.0087453339456114,0.0000000000000000,6.6275896290307346,3.0000510077447475,59.555799,6.534553,-66.0903521854399,391.1705337374465,0,4.1e-12
1.0000202404292795,0.0,-0.0027915790461703,0.0000000000000000,-0.0087511248202423,0.0000000000000000,6.6305896290307338,3.0000509072435269,59.926218,6.497310,-66.4235275657850,391.3591872440711,0,1.1e-12
1.0000253449784084,0.0,-0.0027915446016799,0.0000000000000000,-0.0087568935453124,0.0000000000000000,6.6335896290307339,3.0000508068906786,60.293395,6.460554,-66.7539494120579,391.5287428075417,0,2.0e-12
1.0000304459237623,0.0,-0.0027915078270717,0.0000000000000000,-0.0087626402097560,0.0000000000000000,6.6365896290307340,3.0000507066870936,60.657290,6.424279,-67.0815689587092,391.6793280338270,0,2.3e-13
1.0000355432115169,0.0,-0.0027914687037005,0.0000000000000000,-0.0087683649027459,0.0000000000000000,6.6395896290307341,3.0000506066336423,61.017865,6.388474,-67.4063391113105,391.8110405839930,0,1.6e-11
1.0000406367893608,0.0,-0.0027914272124722,0.0000000000000000,-0.0087740677166896,0.0000000000000000,6.6425896290307342,3.0000505067311742,61.375081,6.353133,-67.7282138715993,391.9240459500045,0,2.2e-12
1.0000457266045648,0.0,-0.0027913833354280,0.0000000000000000,-0.0087797487416346,0.0000000000000000,6.6455896290307344,3.0000504069805305,61.728903,6.318247,-68.0471491503095,392.0184269467106,0,6.3e-12
1.0000508126064493,0.0,-0.0027913370539854,0.0000000000000000,-0.0087854080717876,0.0000000000000000,6.6485896290307345,3.0000503073825255,62.079294,6.283808,-68.3631018824450,392.0943471558278,0,2.7e-11
1.0000558947432692,0.0,-0.0027912883512564,0.0000000000000000,-0.0087910457975267,0.0000000000000000,6.6515896290307346,3.0000502079379565,62.426224,6.249807,-68.6760312706992,392.1518498089445,0,1.1e-11
1.0000609729661147,0.0,-0.0027912372083315,0.0000000000000000,-0.0087966620161615,0.0000000000000000,6.6545896290307338,3.0000501086476206,62.769658,6.216239,-68.9858964909573,392.1911727320489,0,6.0e-13
1.0000660472255745,0.0,-0.0027911836084193,0.0000000000000000,-0.0088022568212555,0.0000000000000000,6.6575896290307339,3.0000500095122744,63.109565,6.183094,-69.2926594321960,392.2123895627465,0,7.3e-13
1.0000711174732895,0.0,-0.0027911275346070,0.0000000000000000,-0.0088078303079632,0.0000000000000000,6.6605896290307340,3.0000499105326641,63.445917,6.150366,-69.5962831497546,392.2156055134596,0,4.6e-11
1.0000761836615975,0.0,-0.0027910689689045,0.0000000000000000,-0.0088133825748583,0.0000000000000000,6.6635896290307342,3.0000498117095411,63.778682,6.118049,-69.8967309203966,392.2010825640327,0,4.4e-12
1.0000812457437029,0.0,-0.0027910078956439,0.0000000000000000,-0.0088189137170010,0.0000000000000000,6.6665896290307343,3.0000497130436039,64.107836,6.086133,-70.1939692379076,392.1688411653490,0,1.2e-13
1.0000863036733874,0.0,-0.0027909442981617,0.0000000000000000,-0.0088244238325422,0.0000000000000000,6.6695896290307344,3.0000496145355560,64.433351,6.054614,-70.4879648460163,392.1190523736282,0,6.6e-13
1.0000913574054264,0.0,-0.0027908781601262,0.0000000000000000,-0.0088299130202084,0.0000000000000000,6.6725896290307345,3.0000495161860816,64.755203,6.023483,-70.7786859464069,392.0518710681972,0,8.8e-12
1.0000964068945306,0.0,-0.0027908094660447,0.0000000000000000,-0.0088353813777183,0.0000000000000000,6.6755896290307346,3.0000494179958466,65.073368,5.992735,-71.0661024422097,391.9674194790477,0,2.4e-12
1.0001014520976463,0.0,-0.0027907381998006,0.0000000000000000,-0.0088408290060594,0.0000000000000000,6.6785896290307338,3.0000493199654965,65.387823,5.962362,-71.3501850763335,391.8658689456106,0,3.9e-13
1.0001064929708088,0.0,-0.0027906643451857,0.0000000000000000,-0.0088462560062171,0.0000000000000000,6.6815896290307339,3.0000492220956922,65.698544,5.932361,-71.6309051195979,391.7474900988568,0,1.4e-10
1.0001115294721608,0.0,-0.0027905878902407,0.0000000000000000,-0.0088516624726114,0.0000000000000000,6.6845896290307341,3.0000491243869836,66.005521,5.902719,-71.9082395679208,391.6120256799445,0,1.5e-13
1.0001165615594694,0.0,-0.0027905088166646,0.0000000000000000,-0.0088570485128172,0.0000000000000000,6.6875896290307342,3.0000490268400402,66.308723,5.873436,-72.1821596563323,391.4600631051126,0,2.8e-11
1.0001215891916881,0.0,-0.0027904271116344,0.0000000000000000,-0.0088624142244746,0.0000000000000000,6.6905896290307343,3.0000489294554149,66.608139,5.844504,-72.4526433826360,391.2915355760683,0,2.2e-13
1.0001266123286050,0.0,-0.0027903427601102,0.0000000000000000,-0.0088677597107869,0.0000000000000000,6.6935896290307344,3.0000488322336873,66.903750,5.815917,-72.7196674394681,391.1066781946315,0,1.0e-13
1.0001316309305266,0.0,-0.0027902557483026,0.0000000000000000,-0.0088730850731975,0.0000000000000000,6.6965896290307345,3.0000487351754082,67.195541,5.787670,-72.9832107446782,390.9056143559760,0,4.7e-12
1.0001366449586988,0.0,-0.0027901660619714,0.0000000000000000,-0.0088783904147982,0.0000000000000000,6.6995896290307346,3.0000486382811240,67.483496,5.759757,-73.2432527626033,390.6885321582736,0,2.6e-11
1.0001416543742019,0.0,-0.0027900736886130,0.0000000000000000,-0.0088836758363426,0.0000000000000000,6.7025896290307339,3.0000485415513354,67.767604,5.732171,-73.4997754343082,390.4555174562893,0,2.4e-13
1.0001466591401671,0.0,-0.0027899786141456,0.0000000000000000,-0.0088889414422565,0.0000000000000000,6.7055896290307340,3.0000484449865676,68.047852,5.704909,-73.7527604006404,390.2067691470456,0,2.2e-11
1.0001516592193729,0.0,-0.0027898808254689,0.0000000000000000,-0.0088941873358232,0.0000000000000000,6.7085896290307341,3.0000483485873164,68.324227,5.677964,-74.0021908451109,389.9424775761599,0,1.8e-11
1.0001566545757610,0.0,-0.0027897803101981,0.0000000000000000,-0.0088994136201947,0.0000000000000000,6.7115896290307342,3.0000482523540439,68.596721,5.651331,-74.2480517232466,389.6627718684431,0,8.5e-12
1.0001616451739872,0.0,-0.0027896770553214,0.0000000000000000,-0.0089046203998883,0.0000000000000000,6.7145896290307343,3.0000481562872245,68.865322,5.625006,-74.4903282207332,389.3678554901430,0,3.8e-11
1.0001666309788619,0.0,-0.0027895710479941,0.0000000000000000,-0.0089098077791113,0.0000000000000000,6.7175896290307344,3.0000480603873356,69.130022,5.598984,-74.7290063997750,389.0579471715155,0,1.8e-10
1.0001716119559063,0.0,-0.0027894622803659,0.0000000000000000,-0.0089149758550353,0.0000000000000000,6.7205896290307345,3.0000479646547089,69.390823,5.573255,-74.9640788014625,388.7327866099149,0,8.7e-13
1.0001765880722293,0.0,-0.0027893507360348,0.0000000000000000,-0.0089201247402957,0.0000000000000000,6.7235896290307346,3.0000478690898644,69.647708,5.547821,-75.1955291191849,388.3930386831762,0,6.5e-12
1.0001815592946941,0.0,-0.0027892364050867,0.0000000000000000,-0.0089252545362756,0.0000000000000000,6.7265896290307339,3.0000477736931761,69.900674,5.522675,-75.4233491239174,388.0387032026592,0,1.2e-13
1.0001865255884952,0.0,-0.0027891192772894,0.0000000000000000,-0.0089303653424752,0.0000000000000000,6.7295896290307340,3.0000476784650769,70.149720,5.497811,-75.6475305738433,387.6698516792176,0,9.0e-11
1.0001914869297592,0.0,-0.0027889993393676,0.0000000000000000,-0.0089354572769386,0.0000000000000000,6.7325896290307341,3.0000475834058093,70.394838,5.473226,-75.8680641598402,387.2868799589014,0,1.3e-12
1.0001964432800619,0.0,-0.0027888765827823,0.0000000000000000,-0.0089405304310407,0.0000000000000000,6.7355896290307342,3.0000474885158726,70.636029,5.448915,-76.0849442484948,386.8897411658822,0,1.4e-11
1.0002013946108934,0.0,-0.0027887509968344,0.0000000000000000,-0.0089455849125116,0.0000000000000000,6.7385896290307343,3.0000473937955685,70.873291,5.424874,-76.2981647974559,386.4786589817268,0,2.0e-11
1.0002063408932922,0.0,-0.0027886225712691,0.0000000000000000,-0.0089506208263043,0.0000000000000000,6.7415896290307344,3.0000472992452307,71.106624,5.401097,-76.5077210943524,386.0537697517229,0,7.8e-12
1.0002112820979749,0.0,-0.0027884912959345,0.0000000000000000,-0.0089556382774993,0.0000000000000000,6.7445896290307346,3.0000472048651856,71.336027,5.377582,-76.7136087022254,385.6152984610071,0,1.3e-11
1.0002162181964958,0.0,-0.0027883571611980,0.0000000000000000,-0.0089606373704438,0.0000000000000000,6.7475896290307347,3.0000471106557445,71.561501,5.354323,-76.9158246351278,385.1634068000130,0,1.1e-13
1.0002211491610213,0.0,-0.0027882201582166,0.0000000000000000,-0.0089656182083577,0.0000000000000000,6.7505896290307339,3.0000470166171960,71.783051,5.331317,-77.1143675926056,384.6981830360346,0,5.0e-11
1.0002260749640199,0.0,-0.0027880802770199,0.0000000000000000,-0.0089705808975837,0.0000000000000000,6.7535896290307340,3.0000469227498345,72.000674,5.308561,-77.3092349183420,384.2199561009115,0,3.4e-12
1.0002309955791102,0.0,-0.0027879375096096,0.0000000000000000,-0.0089755255402821,0.0000000000000000,6.7565896290307341,3.0000468290539195,72.214379,5.286049,-77.5004278135084,383.7287310764505,0,7.0e-12
1.0002359109800782,0.0,-0.0027877918467749,0.0000000000000000,-0.0089804522418213,0.0000000000000000,6.7595896290307342,3.0000467355297205,72.424167,5.263778,-77.6879458907682,383.2247734722960,0,1.8e-11
1.0002408211416429,0.0,-0.0027876432807191,0.0000000000000000,-0.0089853611052856,0.0000000000000000,6.7625896290307344,3.0000466421774679,72.630047,5.241745,-77.8717914203916,382.7081726162219,0,1.5e-13
1.0002457260386719,0.0,-0.0027874918029377,0.0000000000000000,-0.0089902522351259,0.0000000000000000,6.7655896290307345,3.0000465489974064,72.832021,5.219945,-78.0519660228613,382.1791558766931,0,2.0e-12
1.0002506256470993,0.0,-0.0027873374056250,0.0000000000000000,-0.0089951257351436,0.0000000000000000,6.7685896290307346,3.0000464559897524,73.030097,5.198376,-78.2284729259756,381.6378754298612,0,4.6e-12
1.0002555199423533,0.0,-0.0027871800813003,0.0000000000000000,-0.0089999817078303,0.0000000000000000,6.7715896290307338,3.0000463631547292,73.224283,5.177033,-78.4013159735314,381.0844966252148,0,5.9e-14
1.0002604089016778,0.0,-0.0027870198226210,0.0000000000000000,-0.0090048202569170,0.0000000000000000,6.7745896290307339,3.0000462704925228,73.414588,5.155912,-78.5704999804844,380.5191730695678,0,1.5e-11
1.0002652925032298,0.0,-0.0027868566220818,0.0000000000000000,-0.0090096414871726,0.0000000000000000,6.7775896290307340,3.0000461780033092,73.601018,5.135012,-78.7360299537800,379.9421148155429,0,3.2e-13
1.0002701707237578,0.0,-0.0027866904734012,0.0000000000000000,-0.0090144454987185,0.0000000000000000,6.7805896290307341,3.0000460856872841,73.783586,5.114327,-78.8979128625851,379.3533907649603,0,6.2e-11
1.0002750435420042,0.0,-0.0027865213692209,0.0000000000000000,-0.0090192323971933,0.0000000000000000,6.7835896290307343,3.0000459935445942,73.962297,5.093857,-79.0561540490155,378.7533484580517,0,1.5e-13
1.0002799109369493,0.0,-0.0027863493037015,0.0000000000000000,-0.0090240022827498,0.0000000000000000,6.7865896290307344,3.0000459015754024,74.137167,5.073595,-79.2107624867645,378.1419872126498,0,1.9e-13
1.0002847728879085,0.0,-0.0027861742706077,0.0000000000000000,-0.0090287552580289,0.0000000000000000,6.7895896290307345,3.0000458097798459,74.308206,5.053540,-79.3617460978954,377.5195194257722,0,1.0e-11
1.0002896293753163,0.0,-0.0027859962634844,0.0000000000000000,-0.0090334914261261,0.0000000000000000,6.7925896290307346,3.0000457181580589,74.475424,5.033689,-79.5091132546852,376.8861543476678,0,1.5e-11
1.0002944803795226,0.0,-0.0027858152766038,0.0000000000000000,-0.0090382108886109,0.0000000000000000,6.7955896290307338,3.0000456267101647,74.638834,5.014039,-79.6528734500242,376.2420662682366,0,8.1e-11
1.0002993258805242,0.0,-0.0027856313062782,0.0000000000000000,-0.0090429137428454,0.0000000000000000,6.7985896290307339,3.0000455354362519,74.798454,4.994585,-79.7930392559058,375.5872249551708,0,2.3e-13
1.0003041658610929,0.0,-0.0027854443450896,0.0000000000000000,-0.0090476000947442,0.0000000000000000,6.8015896290307341,3.0000454443364415,74.954293,4.975326,-79.9296187136945,374.9220300232437,0,5.0e-13
1.0003090003027790,0.0,-0.0027852543887673,0.0000000000000000,-0.0090522700432934,0.0000000000000000,6.8045896290307342,3.0000453534108158,75.106366,4.956258,-80.0626242813433,374.2465608234270,0,1.7e-13
1.0003138291877189,0.0,-0.0027850614325172,0.0000000000000000,-0.0090569236884639,0.0000000000000000,6.8075896290307343,3.0000452626594618,75.254688,4.937380,-80.1920679645916,373.5609802914760,0,9.0e-12
1.0003186524999146,0.0,-0.0027848654717010,0.0000000000000000,-0.0090615611315958,0.0000000000000000,6.8105896290307344,3.0000451720824235,75.399275,4.918687,-80.3179624922632,372.8654532283540,0,1.0e-12
1.0003234702217705,0.0,-0.0027846665019880,0.0000000000000000,-0.0090661824711499,0.0000000000000000,6.8135896290307345,3.0000450816797857,75.540143,4.900178,-80.4403209166490,372.1601414352117,0,2.8e-13
1.0003282823375443,0.0,-0.0027844645192561,0.0000000000000000,-0.0090707878068245,0.0000000000000000,6.8165896290307346,3.0000449914515874,75.677308,4.881849,-80.5591570773462,371.4451999558819,0,3.5e-12
1.0003330888314006,0.0,-0.0027842595193848,0.0000000000000000,-0.0090753772377824,0.0000000000000000,6.8195896290307338,3.0000449013978780,75.810786,4.863699,-80.6744848488055,370.7208208886886,0,1.9e-11
1.0003378896890249,0.0,-0.0027840514983071,0.0000000000000000,-0.0090799508644581,0.0000000000000000,6.8225896290307340,3.0000448115186691,75.940594,4.845724,-80.7863184817311,369.9872226658076,0,1.3e-10
1.0003426848919512,0.0,-0.0027838404567123,0.0000000000000000,-0.0090845087720170,0.0000000000000000,6.8255896290307341,3.0000447218140103,76.066764,4.827917,-80.8946799934270,369.2439270216582,0,3.1e-10
1.0003474744340703,0.0,-0.0027836263819863,0.0000000000000000,-0.0090890510858534,0.0000000000000000,6.8285896290307342,3.0000446322838794,76.189283,4.810288,-80.9995707784465,368.4924081311483,0,3.9e-13
1.0003522582940729,0.0,-0.0027834092790580,0.0000000000000000,-0.0090935778798424,0.0000000000000000,6.8315896290307343,3.0000445429283085,76.308195,4.792824,-81.1010189913650,367.7317425501892,0,1.2e-12
1.0003570364610532,0.0,-0.0027831891425641,0.0000000000000000,-0.0090980892583132,0.0000000000000000,6.8345896290307344,3.0000444537472823,76.423513,4.775525,-81.1990377513297,366.9624041205175,0,2.0e-12
1.0003618089218904,0.0,-0.0027829659698553,0.0000000000000000,-0.0091025853177171,0.0000000000000000,6.8375896290307345,3.0000443647407886,76.535255,4.758389,-81.2936441586949,366.1845491080958,0,5.0e-12
1.0003665756639302,0.0,-0.0027827397583660,0.0000000000000000,-0.0091070661541717,0.0000000000000000,6.8405896290307346,3.0000442759088117,76.643441,4.741415,-81.3848556693172,365.3983330196561,0,3.3e-13
1.0003713366753793,0.0,-0.0027825105056834,0.0000000000000000,-0.0091115318641310,0.0000000000000000,6.8435896290307339,3.0000441872513135,76.748091,4.724599,-81.4726900472283,364.6039292110518,0,1.8e-11
1.0003760919442086,0.0,-0.0027822782101681,0.0000000000000000,-0.0091159825416620,0.0000000000000000,6.8465896290307340,3.0000440987682566,76.849228,4.707938,-81.5571663846540,363.8014224640397,0,1.1e-11
1.0003808414594644,0.0,-0.0027820428685730,0.0000000000000000,-0.0091204182843889,0.0000000000000000,6.8495896290307341,3.0000440104596118,76.946868,4.691433,-81.6383012972468,362.9911330017649,0,7.7e-11
1.0003855852096428,0.0,-0.0027818044818262,0.0000000000000000,-0.0091248391819747,0.0000000000000000,6.8525896290307342,3.0000439223252755,77.041039,4.675079,-81.7161178407856,362.1729072214243,0,2.1e-11
1.0003903231845501,0.0,-0.0027815630457535,0.0000000000000000,-0.0091292453329914,0.0000000000000000,6.8555896290307343,3.0000438343652425,77.131757,4.658875,-81.7906314044686,361.3472035694617,0,9.8e-13
1.0003950553737044,0.0,-0.0027813185599068,0.0000000000000000,-0.0091336368289192,0.0000000000000000,6.8585896290307344,3.0000437465794327,77.219044,4.642819,-81.8618632594063,360.5140446028640,0,2.8e-11
1.0003997817684254,0.0,-0.0027810710235343,0.0000000000000000,-0.0091380137637711,0.0000000000000000,6.8615896290307345,3.0000436589677264,77.302926,4.626908,-81.9298341592087,359.6735524828441,0,4.2e-12
1.0004045023581234,0.0,-0.0027808204351509,0.0000000000000000,-0.0091423762293529,0.0000000000000000,6.8645896290307338,3.0000435715300862,77.383422,4.611142,-81.9945636783329,358.8259163094071,0,1.8e-14
1.0004092171341870,0.0,-0.0027805667940606,0.0000000000000000,-0.0091467243182254,0.0000000000000000,6.8675896290307339,3.0000434842664050,77.460556,4.595517,-82.0560727130993,357.9712770905080,0,2.0e-13
1.0004139260879552,0.0,-0.0027803100996485,0.0000000000000000,-0.0091510581220313,0.0000000000000000,6.8705896290307340,3.0000433971765830,77.534351,4.580032,-82.1143823196749,357.1097757034995,0,4.4e-13
1.0004186292110906,0.0,-0.0027800503514860,0.0000000000000000,-0.0091553777319108,0.0000000000000000,6.8735896290307341,3.0000433102605162,77.604829,4.564684,-82.1695138143489,356.2415546845750,0,2.3e-12
1.0004233264959841,0.0,-0.0027797875497518,0.0000000000000000,-0.0091596832380473,0.0000000000000000,6.8765896290307342,3.0000432235180745,77.672017,4.549473,-82.2214896767341,355.3666852289889,0,7.5e-11
1.0004280179341802,0.0,-0.0027795216927268,0.0000000000000000,-0.0091639747326360,0.0000000000000000,6.8795896290307343,3.0000431369491913,77.735932,4.534396,-82.2703287701157,354.4855334636809,0,1.4e-12
1.0004327035192000,0.0,-0.0027792527821019,0.0000000000000000,-0.0091682523033866,0.0000000000000000,6.8825896290307345,3.0000430505536899,77.796604,4.519452,-82.3160561068844,353.5980172009013,0,7.6e-13
1.0004373832438871,0.0,-0.0027789808175378,0.0000000000000000,-0.0091725160402330,0.0000000000000000,6.8855896290307346,3.0000429643314530,77.854055,4.504638,-82.3586930270846,352.7043466529312,0,4.6e-14
1.0004420571016386,0.0,-0.0027787057994016,0.0000000000000000,-0.0091767660319594,0.0000000000000000,6.8885896290307347,3.0000428782823443,77.908309,4.489953,-82.3982620000892,351.8046644460883,0,5.2e-13
1.0004467250861957,0.0,-0.0027784277282309,0.0000000000000000,-0.0091810023668057,0.0000000000000000,6.8915896290307339,3.0000427924062176,77.959390,4.475396,-82.4347857726804,350.8991055844663,0,3.8e-13
1.0004513871916116,0.0,-0.0027781466047038,0.0000000000000000,-0.0091852251325701,0.0000000000000000,6.8945896290307340,3.0000427067029243,78.007324,4.460963,-82.4682872361578,349.9878094460423,0,3.9e-13
1.0004560434122580,0.0,-0.0027778624296766,0.0000000000000000,-0.0091894344164749,0.0000000000000000,6.8975896290307341,3.0000426211723057,78.052135,4.446655,-82.4987895273170,349.0709088532540,0,9.4e-14
1.0004606937428211,0.0,-0.0027775752041399,0.0000000000000000,-0.0091936303052939,0.0000000000000000,6.9005896290307343,3.0000425358142007,78.093847,4.432469,-82.5263159271318,348.1485389656627,0,2.4e-13
1.0004653381777662,0.0,-0.0027772849299819,0.0000000000000000,-0.0091978128836913,0.0000000000000000,6.9035896290307344,3.0000424506284333,78.132489,4.418402,-82.5508909094727,347.2207595803288,0,7.2e-11
1.0004699767139758,0.0,-0.0027769916062830,0.0000000000000000,-0.0092019822421616,0.0000000000000000,6.9065896290307345,3.0000423656148505,78.168078,4.404457,-82.5725350350211,346.2879246757184,0,1.8e-12
1.0004746093454318,0.0,-0.0027766952367371,0.0000000000000000,-0.0092061384610961,0.0000000000000000,6.9095896290307346,3.0000422807732532,78.200647,4.390628,-82.5912751970375,345.3499379321133,0,4.0e-13
1.0004792360685661,0.0,-0.0027763958221585,0.0000000000000000,-0.0092102816268806,0.0000000000000000,6.9125896290307338,3.0000421961034625,78.230219,4.376915,-82.6071342201379,344.4070086190600,0,7.0e-13
1.0004838568795407,0.0,-0.0027760933642868,0.0000000000000000,-0.0092144118236874,0.0000000000000000,6.9155896290307339,3.0000421116052878,78.256820,4.363316,-82.6201361685934,343.4592635642503,0,4.2e-13
1.0004884717747693,0.0,-0.0027757878646914,0.0000000000000000,-0.0092185291354713,0.0000000000000000,6.9185896290307340,3.0000420272785457,78.280474,4.349831,-82.6303048181069,342.5068520921113,0,3.0e-11
1.0004930807510997,0.0,-0.0027754793263157,0.0000000000000000,-0.0092226336445713,0.0000000000000000,6.9215896290307342,3.0000419431230019,78.301209,4.336457,-82.6376656649146,341.5498314981419,0,7.5e-13
1.0004976838043413,0.0,-0.0027751677505976,0.0000000000000000,-0.0092267254336300,0.0000000000000000,6.9245896290307343,3.0000418591384941,78.319048,4.323194,-82.6422416063669,340.5884297412354,0,4.1e-11
1.0005022809347048,0.0,-0.0027748531391283,0.0000000000000000,-0.0092308045873701,0.0000000000000000,6.9275896290307344,3.0000417753247848,78.334018,4.310039,-82.6440576278822,339.6227024187456,0,6.1e-11
1.0005068721372306,0.0,-0.0027745354961497,0.0000000000000000,-0.0092348711833474,0.0000000000000000,6.9305896290307345,3.0000416916816506,78.346149,4.296991,-82.6431398924391,338.6526872750896,0,8.8e-12
1.0005114574106573,0.0,-0.0027742148227809,0.0000000000000000,-0.0092389253054041,0.0000000000000000,6.9335896290307346,3.0000416082088912,78.355462,4.284049,-82.6395111919812,337.6786316482549,0,4.1e-11
1.0005160367522727,0.0,-0.0027738911216617,0.0000000000000000,-0.0092429670337871,0.0000000000000000,6.9365896290307338,3.0000415249062935,78.361983,4.271213,-82.6331957507870,336.7007005722535,0,1.4e-13
1.0005206101609903,0.0,-0.0027735643962757,0.0000000000000000,-0.0092469964477416,0.0000000000000000,6.9395896290307340,3.0000414417736043,78.365740,4.258479,-82.6242199085713,335.7188929697445,0,2.8e-13
1.0005251776352833,0.0,-0.0027732346494361,0.0000000000000000,-0.0092510136269122,0.0000000000000000,6.9425896290307341,3.0000413588105950,78.366760,4.245848,-82.6126083068212,334.7333418527096,0,2.5e-11
1.0005297391738079,0.0,-0.0027729018836496,0.0000000000000000,-0.0092550186511210,0.0000000000000000,6.9455896290307342,3.0000412760170407,78.365067,4.233318,-82.5983848450516,333.7442388297577,0,2.2e-12
1.0005342947756879,0.0,-0.0027725661026323,0.0000000000000000,-0.0092590115980463,0.0000000000000000,6.9485896290307343,3.0000411933926867,78.360688,4.220887,-82.5815754635795,332.7516262498903,0,1.6e-13
1.0005388444403294,0.0,-0.0027722273093509,0.0000000000000000,-0.0092629925461402,0.0000000000000000,6.9515896290307344,3.0000411109372918,78.353650,4.208555,-82.5622047558997,331.7556417562487,0,6.4e-12
1.0005433881668084,0.0,-0.0027718855075277,0.0000000000000000,-0.0092669615722536,0.0000000000000000,6.9545896290307345,3.0000410286506041,78.343978,4.196320,-82.5402979695550,330.7563895675439,0,4.2e-13
1.0005479259552439,0.0,-0.0027715407003689,0.0000000000000000,-0.0092709187538689,0.0000000000000000,6.9575896290307346,3.0000409465323732,78.331699,4.184181,-82.5158799604935,329.7539851437464,0,4.4e-12
1.0005524578054812,0.0,-0.0027711928909822,0.0000000000000000,-0.0092748641679745,0.0000000000000000,6.9605896290307339,3.0000408645823566,78.316838,4.172137,-82.4889749762531,328.7485912349634,0,5.3e-11
1.0005569837175532,0.0,-0.0027708420848572,0.0000000000000000,-0.0092787978884631,0.0000000000000000,6.9635896290307340,3.0000407828002409,78.299424,4.160186,-82.4596104352907,327.7401763778985,0,1.9e-13
1.0005615036919682,0.0,-0.0027704882840999,0.0000000000000000,-0.0092827199926370,0.0000000000000000,6.9665896290307341,3.0000407011858150,78.279481,4.148328,-82.4278091496178,326.7289791738840,0,4.6e-13
1.0005660177292686,0.0,-0.0027701314932277,0.0000000000000000,-0.0092866305547348,0.0000000000000000,6.9695896290307342,3.0000406197387908,78.257035,4.136562,-82.3935969343178,325.7150622642257,0,3.1e-13
1.0005705258302118,0.0,-0.0027697717158288,0.0000000000000000,-0.0092905296501497,0.0000000000000000,6.9725896290307343,3.0000405384589026,78.232111,4.124887,-82.3569978081352,324.6986169775751,0,8.5e-11
1.0005750279958805,0.0,-0.0027694089574222,0.0000000000000000,-0.0092944173496183,0.0000000000000000,6.9755896290307344,3.0000404573458601,78.204741,4.113299,-82.3180399171357,323.6794893562501,0,1.7e-13
1.0005795242281132,0.0,-0.0027690432211809,0.0000000000000000,-0.0092982937289283,0.0000000000000000,6.9785896290307345,3.0000403763993901,78.174948,4.101799,-82.2767464974657,322.6579194344890,0,1.2e-10
1.0005840145261413,0.0,-0.0027686745110358,0.0000000000000000,-0.0093021588618095,0.0000000000000000,6.9815896290307347,3.0000402956192298,78.142750,4.090389,-82.2331396600561,321.6342817385116,0,2.5e-13
1.0005884988937361,0.0,-0.0027683028323051,0.0000000000000000,-0.0093060128186286,0.0000000000000000,6.9845896290307339,3.0000402150050709,78.108184,4.079064,-82.1872483036747,320.6083166033500,0,2.0e-13
1.0005929773319400,0.0,-0.0027679281892316,0.0000000000000000,-0.0093098556718415,0.0000000000000000,6.9875896290307340,3.0000401345566323,78.071271,4.067825,-82.1390960491971,319.5802428776947,0,2.6e-13
1.0005974498425969,0.0,-0.0027675505864985,0.0000000000000000,-0.0093136874925463,0.0000000000000000,6.9905896290307341,3.0000400542736259,78.032039,4.056669,-82.0887078578406,318.5501523904800,0,5.6e-12
1.0006019164281668,0.0,-0.0027671700287094,0.0000000000000000,-0.0093175083520850,0.0000000000000000,6.9935896290307342,3.0000399741557486,77.990512,4.045597,-82.0361084185110,317.5181567611803,0,9.9e-14
1.0006063770905913,0.0,-0.0027667865207640,0.0000000000000000,-0.0093213183203561,0.0000000000000000,6.9965896290307343,3.0000398942027111,77.946716,4.034607,-81.9813225122033,316.4843536617100,0,1.9e-11
1.0006108318326328,0.0,-0.0027664000676237,0.0000000000000000,-0.0093251174668454,0.0000000000000000,6.9995896290307345,3.0000398144142135,77.900678,4.023698,-81.9243753853662,315.4487872859086,0,1.7e-12
1.0006152806568933,0.0,-0.0027660106741720,0.0000000000000000,-0.0093289058613913,0.0000000000000000,7.0025896290307346,3.0000397347899486,77.852422,4.012869,-81.8652912114096,314.4116018028153,0,6.3e-12
1.0006197235659562,0.0,-0.0027656183452915,0.0000000000000000,-0.0093326835729962,0.0000000000000000,7.0055896290307338,3.0000396553296182,77.801973,4.002121,-81.8040941243924,313.3729273338263,0,4.3e-11
1.0006241605631099,0.0,-0.0027652230868256,0.0000000000000000,-0.0093364506684664,0.0000000000000000,7.0085896290307339,3.0000395760329051,77.749360,3.991450,-81.7408104294553,312.3327081894022,0,8.4e-13
1.0006285916514619,0.0,-0.0027648249033184,0.0000000000000000,-0.0093402072172244,0.0000000000000000,7.0115896290307340,3.0000394968995048,77.694605,3.980858,-81.6754629732883,311.2911702489678,0,2.5e-13
1.0006330168342650,0.0,-0.0027644238003309,0.0000000000000000,-0.0093439532859548,0.0000000000000000,7.0145896290307341,3.0000394179291030,77.637735,3.970342,-81.6080767134492,310.2483559431294,0,2.9e-13
1.0006374361150241,0.0,-0.0027640197832523,0.0000000000000000,-0.0093476889415141,0.0000000000000000,7.0175896290307342,3.0000393391213840,77.578774,3.959902,-81.5386759689316,309.2043535459197,0,7.6e-14
1.0006418494973652,0.0,-0.0027636128575523,0.0000000000000000,-0.0093514142502272,0.0000000000000000,7.0205896290307344,3.0000392604760320,77.517748,3.949537,-81.4672849909506,308.1592485757942,0,8.7e-13
1.0006462569850569,0.0,-0.0027632030287805,0.0000000000000000,-0.0093551292779120,0.0000000000000000,7.0235896290307345,3.0000391819927255,77.454681,3.939247,-81.3939279563334,307.1131241012104,0,1.3e-12
1.0006506585820127,0.0,-0.0027627903026246,0.0000000000000000,-0.0093588340898487,0.0000000000000000,7.0265896290307346,3.0000391036711425,77.389599,3.929030,-81.3186290254552,306.0660586973081,0,4.5e-12
1.0006550542923671,0.0,-0.0027623746846048,0.0000000000000000,-0.0093625287511795,0.0000000000000000,7.0295896290307347,3.0000390255109597,77.322526,3.918886,-81.2414119419470,305.0181498854699,0,5.2e-13
1.0006594441209993,0.0,-0.0027619561786283,0.0000000000000000,-0.0093662133289850,0.0000000000000000,7.0325896290307339,3.0000389475118934,77.253482,3.908815,-81.1622981834503,303.9696271963512,0,1.9e-10
1.0006638280706861,0.0,-0.0027615347955221,0.0000000000000000,-0.0093698878815726,0.0000000000000000,7.0355896290307340,3.0000388696734741,77.182502,3.898814,-81.0813170916695,302.9202841238430,0,2.1e-10
1.0006682061462699,0.0,-0.0027611105381688,0.0000000000000000,-0.0093735524717032,0.0000000000000000,7.0385896290307342,3.0000387919955371,77.109610,3.888881,-80.9984913401410,301.8700876617308,0,3.4e-12
1.0006725783530444,0.0,-0.0027606834113194,0.0000000000000000,-0.0093772071690843,0.0000000000000000,7.0415896290307343,3.0000387144776828,77.034820,3.879020,-80.9138396287517,300.8196042417831,0,4.4e-11
1.0006769446964601,0.0,-0.0027602534225397,0.0000000000000000,-0.0093808520327304,0.0000000000000000,7.0445896290307344,3.0000386371195567,76.958163,3.869227,-80.8273894430695,299.7685715777970,0,3.7e-13
1.0006813051800736,0.0,-0.0027598205774469,0.0000000000000000,-0.0093844871248877,0.0000000000000000,7.0475896290307345,3.0000385599208550,76.879661,3.859502,-80.7391625235012,298.7171960675287,0,3.1e-13
1.0006856598093408,0.0,-0.0027593848823251,0.0000000000000000,-0.0093881125071292,0.0000000000000000,7.0505896290307346,3.0000384828812292,76.799338,3.849845,-80.6491826049194,297.6655128886928,0,2.1e-12
1.0006900085886827,0.0,-0.0027589463434843,0.0000000000000000,-0.0093917282399162,0.0000000000000000,7.0535896290307338,3.0000384060003529,76.717219,3.840254,-80.5574726885367,296.6136060894751,0,2.0e-11
1.0006943515253666,0.0,-0.0027585049670271,0.0000000000000000,-0.0093953343854945,0.0000000000000000,7.0565896290307339,3.0000383292778503,76.633328,3.830729,-80.4640563834479,295.5614991754956,0,3.9e-14
1.0006986886234854,0.0,-0.0027580607581477,0.0000000000000000,-0.0093989310048524,0.0000000000000000,7.0595896290307341,3.0000382527134306,76.547683,3.821270,-80.3689541945382,294.5094339274760,0,1.3e-10
1.0007030198869977,0.0,-0.0027576137270479,0.0000000000000000,-0.0094025181512520,0.0000000000000000,7.0625896290307342,3.0000381763066883,76.460320,3.811874,-80.2721943703114,293.4571084760455,0,9.3e-14
1.0007073453236697,0.0,-0.0027571638763172,0.0000000000000000,-0.0094060958909277,0.0000000000000000,7.0655896290307343,3.0000381000573277,76.371252,3.802543,-80.1737943112131,292.4049451017495,0,2.1e-13
1.0007116649384760,0.0,-0.0027567112137392,0.0000000000000000,-0.0094096642803863,0.0000000000000000,7.0685896290307344,3.0000380239649878,76.280504,3.793275,-80.0737782877965,291.3528941147683,0,7.4e-13
1.0007159787372324,0.0,-0.0027562557459380,0.0000000000000000,-0.0094132233778748,0.0000000000000000,7.0715896290307345,3.0000379480293171,76.188100,3.784069,-79.9721688375116,290.3010115070556,0,9.5e-12
1.0007202867258476,0.0,-0.0027557974793211,0.0000000000000000,-0.0094167732416952,0.0000000000000000,7.0745896290307346,3.0000378722499716,76.094063,3.774925,-79.8689878422097,289.2493926079565,0,3.2e-13
1.0007245889103189,0.0,-0.0027553364207130,0.0000000000000000,-0.0094203139289950,0.0000000000000000,7.0775896290307339,3.0000377966265965,75.998415,3.765843,-79.7642577601386,288.1980769775423,0,3.9e-12
1.0007288852968061,0.0,-0.0027548725768155,0.0000000000000000,-0.0094238454968692,0.0000000000000000,7.0805896290307340,3.0000377211588414,75.901180,3.756821,-79.6580006074107,287.1471275801350,0,7.6e-13
1.0007331758914990,0.0,-0.0027544059543210,0.0000000000000000,-0.0094273680020042,0.0000000000000000,7.0835896290307341,3.0000376458463536,75.802379,3.747859,-79.5502381245389,286.0966161966217,0,2.9e-13
1.0007374607007253,0.0,-0.0027539365600368,0.0000000000000000,-0.0094308815005763,0.0000000000000000,7.0865896290307342,3.0000375706887783,75.702036,3.738956,-79.4409920757955,285.0466019213454,0,3.8e-13
1.0007417397308813,0.0,-0.0027534644008176,0.0000000000000000,-0.0094343860483066,0.0000000000000000,7.0895896290307343,3.0000374956857621,75.600172,3.730113,-79.3302840400593,283.9971465984777,0,2.9e-13
1.0007460129884787,0.0,-0.0027529894835484,0.0000000000000000,-0.0094378817005197,0.0000000000000000,7.0925896290307344,3.0000374208369482,75.496809,3.721327,-79.2181354921360,282.9483078942380,0,9.6e-14
1.0007502804794295,0.0,-0.0027525118155668,0.0000000000000000,-0.0094413685116795,0.0000000000000000,7.0955896290307345,3.0000373461419714,75.391968,3.712599,-79.1045676964740,281.9001696146597,0,4.4e-11
1.0007545422131225,0.0,-0.0027520314024460,0.0000000000000000,-0.0094448465387050,0.0000000000000000,7.0985896290307338,3.0000372716004780,75.285673,3.703928,-78.9896016193288,280.8527513157683,0,4.5e-11
1.0007587981922454,0.0,-0.0027515482529362,0.0000000000000000,-0.0094483158308430,0.0000000000000000,7.1015896290307339,3.0000371972121429,75.177946,3.695314,-78.8732590882408,279.8060796870204,0,1.7e-12
1.0007630484264367,0.0,-0.0027510623731914,0.0000000000000000,-0.0094517764457128,0.0000000000000000,7.1045896290307340,3.0000371229765563,75.068805,3.686755,-78.7555601404860,278.7602879574483,0,1.1e-13
1.0007672929218678,0.0,-0.0027505737704500,0.0000000000000000,-0.0094552284352879,0.0000000000000000,7.1075896290307341,3.0000370488933776,74.958274,3.678252,-78.6365257775299,277.7153980799230,0,2.1e-13
1.0007715316855781,0.0,-0.0027500824518631,0.0000000000000000,-0.0094586718523825,0.0000000000000000,7.1105896290307342,3.0000369749622453,74.846373,3.669803,-78.5161766138461,276.6714629887560,0,6.4e-13
1.0007757647247038,0.0,-0.0027495884245552,0.0000000000000000,-0.0094621067494531,0.0000000000000000,7.1135896290307343,3.0000369011827974,74.733124,3.661409,-78.3945330626183,275.6285367586738,0,2.1e-13
1.0007799920463707,0.0,-0.0027490916957737,0.0000000000000000,-0.0094655331784100,0.0000000000000000,7.1165896290307344,3.0000368275546698,74.618547,3.653069,-78.2716154359088,274.5866713027522,0,3.2e-13
1.0007842136578302,0.0,-0.0027485922727552,0.0000000000000000,-0.0094689511908182,0.0000000000000000,7.1195896290307346,3.0000367540775010,74.502663,3.644781,-78.1474439083071,273.5459150524648,0,1.9e-12
1.0007884295661886,0.0,-0.0027480901629597,0.0000000000000000,-0.0094723608375094,0.0000000000000000,7.1225896290307347,3.0000366807509233,74.385492,3.636547,-78.0220386375512,272.5063095593441,0,1.7e-11
1.0007926397792735,0.0,-0.0027475853731816,0.0000000000000000,-0.0094757621702573,0.0000000000000000,7.1255896290307339,3.0000366075745775,74.267054,3.628365,-77.8954188544716,271.4679453560075,0,5.9e-12
1.0007968443046822,0.0,-0.0027470779110062,0.0000000000000000,-0.0094791552389673,0.0000000000000000,7.1285896290307340,3.0000365345480913,74.147371,3.620234,-77.7676048459662,270.4308225228879,0,1.2e-13
1.0008010431493153,0.0,-0.0027465677839960,0.0000000000000000,-0.0094825400932159,0.0000000000000000,7.1315896290307341,3.0000364616711033,74.026462,3.612154,-77.6386160087529,269.3950097538550,0,6.1e-13
1.0008052363210673,0.0,-0.0027460549994106,0.0000000000000000,-0.0094859167828823,0.0000000000000000,7.1345896290307342,3.0000363889432458,73.904346,3.604126,-77.5084717246766,268.3605499145710,0,2.4e-13
1.0008094238275942,0.0,-0.0027455395646755,0.0000000000000000,-0.0094892853571862,0.0000000000000000,7.1375896290307344,3.0000363163641519,73.781044,3.596147,-77.3771912082374,267.3274913102514,0,2.1e-13
1.0008136056765307,0.0,-0.0027450214877021,0.0000000000000000,-0.0094926458639355,0.0000000000000000,7.1405896290307345,3.0000362439334523,73.656577,3.588218,-77.2447944098507,266.2958090583115,0,7.4e-11
1.0008177818760058,0.0,-0.0027445007745893,0.0000000000000000,-0.0094959983546559,0.0000000000000000,7.1435896290307346,3.0000361716507853,73.530959,3.580339,-77.1112977281660,265.2657514932671,0,3.3e-12
1.0008219524335145,0.0,-0.0027439774341853,0.0000000000000000,-0.0094993428743889,0.0000000000000000,7.1465896290307338,3.0000360995157771,73.404214,3.572508,-76.9767223957176,264.2371639498147,0,7.6e-14
1.0008261173570743,0.0,-0.0027434514736338,0.0000000000000000,-0.0095026794717284,0.0000000000000000,7.1495896290307339,3.0000360275280604,73.276360,3.564726,-76.8410863187671,263.2101477080087,0,1.7e-12
1.0008302766546819,0.0,-0.0027429229004441,0.0000000000000000,-0.0095060081941200,0.0000000000000000,7.1525896290307340,3.0000359556872662,73.147416,3.556992,-76.7044078793741,262.1847520410824,0,6.3e-14
1.0008344303343266,0.0,-0.0027423917222342,0.0000000000000000,-0.0095093290883893,0.0000000000000000,7.1555896290307341,3.0000358839930259,73.017401,3.549305,-76.5667054634232,261.1610119172860,0,1.7e-12
1.0008385784040985,0.0,-0.0027418579465541,0.0000000000000000,-0.0095126422012136,0.0000000000000000,7.1585896290307343,3.0000358124449704,72.886332,3.541665,-76.4279971509235,260.1389737327290,0,2.2e-13
1.0008427208720583,0.0,-0.0027413215811433,0.0000000000000000,-0.0095159475786325,0.0000000000000000,7.1615896290307344,3.0000357410427294,72.754229,3.534072,-76.2883010733552,259.1186694826474,0,3.8e-12
1.0008468577468228,0.0,-0.0027407826336824,0.0000000000000000,-0.0095192452667568,0.0000000000000000,7.1645896290307345,3.0000356697859214,72.621111,3.526525,-76.1476352896642,258.1001231301148,0,3.3e-11
1.0008509890347888,0.0,-0.0027402411108168,0.0000000000000000,-0.0095225353115730,0.0000000000000000,7.1675896290307346,3.0000355986742342,72.486990,3.519025,-76.0060150902804,257.0835543288067,0,1.3e-10
1.0008551147479068,0.0,-0.0027396970223159,0.0000000000000000,-0.0095258177564109,0.0000000000000000,7.1705896290307347,3.0000355277071966,72.351896,3.511568,-75.8634633369358,256.0685787067109,0,9.5e-13
1.0008592348912910,0.0,-0.0027391503742391,0.0000000000000000,-0.0095290926477565,0.0000000000000000,7.1735896290307339,3.0000354568845151,72.215836,3.504157,-75.7199928029718,255.0556106560020,0,8.5e-13
1.0008633494743475,0.0,-0.0027386011747964,0.0000000000000000,-0.0095323600294754,0.0000000000000000,7.1765896290307341,3.0000353862057976,72.078832,3.496790,-75.5756221789600,254.0445643915291,0,1.7e-13
1.0008674585054749,0.0,-0.0027380494317092,0.0000000000000000,-0.0095356199456725,0.0000000000000000,7.1795896290307342,3.0000353156706736,71.940900,3.489468,-75.4303685075886,253.0354778721585,0,4.5e-13
1.0008715619931503,0.0,-0.0027374951527484,0.0000000000000000,-0.0095388724400448,0.0000000000000000,7.1825896290307343,3.0000352452787729,71.802059,3.482190,-75.2842487411844,252.0283831455836,0,7.2e-13
1.0008756599458755,0.0,-0.0027369383456866,0.0000000000000000,-0.0095421175559816,0.0000000000000000,7.1855896290307344,3.0000351750297249,71.662325,3.474954,-75.1372796525180,251.0233137311830,0,3.3e-12
1.0008797523721817,0.0,-0.0027363790182918,0.0000000000000000,-0.0095453553366009,0.0000000000000000,7.1885896290307345,3.0000351049231586,71.521715,3.467762,-74.9894777911578,250.0203090635864,0,2.3e-13
1.0008838392806712,0.0,-0.0027358171784012,0.0000000000000000,-0.0095485858244990,0.0000000000000000,7.1915896290307346,3.0000350349587039,71.380247,3.460613,-74.8408597140045,249.0193927944051,0,4.5e-13
1.0008879206799790,0.0,-0.0027352528338275,0.0000000000000000,-0.0095518090620895,0.0000000000000000,7.1945896290307347,3.0000349651359897,71.237936,3.453505,-74.6914417111350,248.0205987958143,0,8.6e-14
1.0008919965787451,0.0,-0.0027346859923965,0.0000000000000000,-0.0095550250913961,0.0000000000000000,7.1975896290307340,3.0000348954546472,71.094800,3.446440,-74.5412399287125,247.0239588501531,0,1.2e-13
1.0008960669856939,0.0,-0.0027341166619537,0.0000000000000000,-0.0095582339541403,0.0000000000000000,7.2005896290307341,3.0000348259143035,70.950854,3.439416,-74.3902703811118,246.0295025034561,0,3.6e-13
1.0009001319095252,0.0,-0.0027335448503650,0.0000000000000000,-0.0095614356916634,0.0000000000000000,7.2035896290307342,3.0000347565145904,70.806116,3.432433,-74.2385489246512,245.0372593419002,0,9.8e-13
1.0009041913590662,0.0,-0.0027329705654945,0.0000000000000000,-0.0095646303450405,0.0000000000000000,7.2065896290307343,3.0000346872551371,70.660600,3.425491,-74.0860912776426,244.0472565418759,0,1.6e-13
1.0009082453434215,0.0,-0.0027323938147585,0.0000000000000000,-0.0095678179556559,0.0000000000000000,7.2095896290307344,3.0000346181355804,70.514323,3.418590,-73.9329125611093,243.0595466905156,0,3.2e-11
1.0009122938703761,0.0,-0.0027318146074277,0.0000000000000000,-0.0095709985619085,0.0000000000000000,7.2125896290307345,3.0000345491555311,70.367301,3.411728,-73.7790294028844,242.0740903734377,0,2.3e-12
1.0009163369498781,0.0,-0.0027312329500574,0.0000000000000000,-0.0095741722058687,0.0000000000000000,7.2155896290307346,3.0000344803146368,70.219550,3.404906,-73.6244558868716,241.0909772514096,0,1.7e-13
1.0009203745904500,0.0,-0.0027306488509684,0.0000000000000000,-0.0095773389266734,0.0000000000000000,7.2185896290307348,3.0000344116125248,70.071084,3.398124,-73.4692074538947,240.1102158760359,0,2.8e-13
1.0009244068009266,0.0,-0.0027300623180431,0.0000000000000000,-0.0095804987638600,0.0000000000000000,7.2215896290307340,3.0000343430488261,69.921918,3.391381,-73.3132989263191,239.1318439204792,0,1.6e-11
1.0009284335913620,0.0,-0.0027294733584349,0.0000000000000000,-0.0095836517583406,0.0000000000000000,7.2245896290307341,3.0000342746231654,69.772067,3.384677,-73.1567444694922,238.1559289287147,0,9.7e-11
1.0009324549678880,0.0,-0.0027288819825835,0.0000000000000000,-0.0095867979432212,0.0000000000000000,7.2275896290307342,3.0000342063351879,69.621551,3.378010,-72.9995613377172,237.1823040040940,0,2.4e-11
1.0009364709424036,0.0,-0.0027282881961131,0.0000000000000000,-0.0095899373626400,0.0000000000000000,7.2305896290307343,3.0000341381845050,69.470380,3.371382,-72.8417616608430,236.2111714752396,0,4.2e-13
1.0009404815227831,0.0,-0.0027276920074537,0.0000000000000000,-0.0095930700532685,0.0000000000000000,7.2335896290307344,3.0000340701707642,69.318569,3.364792,-72.6833601057290,235.2425312183796,0,4.2e-13
1.0009444867181834,0.0,-0.0027270934247129,0.0000000000000000,-0.0095961960528513,0.0000000000000000,7.2365896290307345,3.0000340022935936,69.166132,3.358239,-72.5243711508917,234.2763857472728,0,1.1e-13
1.0009484865376848,0.0,-0.0027264924558542,0.0000000000000000,-0.0095993153990425,0.0000000000000000,7.2395896290307347,3.0000339345526243,69.013086,3.351723,-72.3648088643992,233.3127579568045,0,2.5e-12
1.0009524809904133,0.0,-0.0027258891088269,0.0000000000000000,-0.0096024281291201,0.0000000000000000,7.2425896290307348,3.0000338669474913,68.859443,3.345244,-72.2046872041023,232.3516641278507,0,1.5e-13
1.0009564700857039,0.0,-0.0027252833904287,0.0000000000000000,-0.0096055342804030,0.0000000000000000,7.2455896290307340,3.0000337994778765,68.705217,3.338802,-72.0440191285665,231.3931419671171,0,1.1e-10
1.0009604538319918,0.0,-0.0027246753121763,0.0000000000000000,-0.0096086338889541,0.0000000000000000,7.2485896290307341,3.0000337321432622,68.550424,3.332396,-71.8828206285833,230.4371762218339,0,8.6e-13
1.0009644322391575,0.0,-0.0027240648784835,0.0000000000000000,-0.0096117269919186,0.0000000000000000,7.2515896290307342,3.0000336649434343,68.395077,3.326026,-71.7211028354309,229.4838217259557,0,1.8e-13
1.0009684053162853,0.0,-0.0027234520982996,0.0000000000000000,-0.0096148136257294,0.0000000000000000,7.2545896290307343,3.0000335978779771,68.239187,3.319692,-71.5588796096907,228.5331085495823,0,2.9e-11
1.0009723730721229,0.0,-0.0027228369803128,0.0000000000000000,-0.0096178938247266,0.0000000000000000,7.2575896290307345,3.0000335309465234,68.082772,3.313393,-71.3961650676915,227.5849824326874,0,2.5e-12
1.0009763355172292,0.0,-0.0027222195311241,0.0000000000000000,-0.0096209676285372,0.0000000000000000,7.2605896290307346,3.0000334641486863,67.925840,3.307130,-71.2329703616651,226.6396331062938,0,1.2e-10
1.0009802926581612,0.0,-0.0027215997608172,0.0000000000000000,-0.0096240350647793,0.0000000000000000,7.2635896290307347,3.0000333974841746,67.768411,3.300900,-71.0693116010903,225.6967653824399,0,3.8e-13
1.0009842445065529,0.0,-0.0027209776750298,0.0000000000000000,-0.0096270961763746,0.0000000000000000,7.2665896290307348,3.0000333309525615,67.610491,3.294706,-70.9051979667828,224.7567408547825,0,7.2e-11
1.0009881910710494,0.0,-0.0027203532839923,0.0000000000000000,-0.0096301509934867,0.0000000000000000,7.2695896290307340,3.0000332645534713,67.452100,3.288546,-70.7406453359158,223.8193109434351,0,5.4e-12
1.0009921323608293,0.0,-0.0027197265940083,0.0000000000000000,-0.0096331995528277,0.0000000000000000,7.2725896290307341,3.0000331982865807,67.293245,3.282419,-70.5756639805094,222.8846538425837,0,1.4e-13
1.0009960683851145,0.0,-0.0027190976139616,0.0000000000000000,-0.0096362418875319,0.0000000000000000,7.2755896290307343,3.0000331321515059,67.133941,3.276327,-70.4102673504659,221.9527117140656,0,3.5e-11
1.0009999991532201,0.0,-0.0027184663509269,0.0000000000000000,-0.0096392780324745,0.0000000000000000,7.2785896290307344,3.0000330661479100,66.974199,3.270268,-70.2444666482772,221.0235656936493,0,1.7e-11
1.0010039246742910,0.0,-0.0027178328135727,0.0000000000000000,-0.0096423080212499,0.0000000000000000,7.2815896290307345,3.0000330002754034,66.814032,3.264243,-70.0782744029489,220.0972258247375,0,4.8e-11
1.0010078449586814,0.0,-0.0027171970101060,0.0000000000000000,-0.0096453318861097,0.0000000000000000,7.2845896290307346,3.0000329345336270,66.653455,3.258249,-69.9117038900840,219.1735656823330,0,1.4e-11
1.0010117600144071,0.0,-0.0027165589479324,0.0000000000000000,-0.0096483496614296,0.0000000000000000,7.2875896290307347,3.0000328689222382,66.492476,3.252289,-69.7447651780535,218.2527659065568,0,7.5e-13
1.0010156698512844,0.0,-0.0027159186350275,0.0000000000000000,-0.0096513613799948,0.0000000000000000,7.2905896290307339,3.0000328034408748,66.331108,3.246362,-69.5774703258024,217.3348005347857,0,4.7e-11
1.0010195744790118,0.0,-0.0027152760801791,0.0000000000000000,-0.0096543670734347,0.0000000000000000,7.2935896290307340,3.0000327380891556,66.169366,3.240466,-69.4098320991899,216.4195897283480,0,6.7e-12
1.0010234739065695,0.0,-0.0027146312906142,0.0000000000000000,-0.0096573667751209,0.0000000000000000,7.2965896290307342,3.0000326728667424,66.007258,3.234602,-69.2418607655308,215.5072378369923,0,5.1e-12
1.0010273681434314,0.0,-0.0027139842743874,0.0000000000000000,-0.0096603605171735,0.0000000000000000,7.2995896290307343,3.0000326077732731,65.844797,3.228771,-69.0735677691101,214.5977469889094,0,5.4e-14
1.0010312571981488,0.0,-0.0027133350383447,0.0000000000000000,-0.0096633483329638,0.0000000000000000,7.3025896290307344,3.0000325428084231,65.681989,3.222972,-68.9049623963293,213.6912831833738,0,2.2e-10
1.0010351410826339,0.0,-0.0027126835940347,0.0000000000000000,-0.0096663302492164,0.0000000000000000,7.3055896290307345,3.0000324779717360,65.518860,3.217201,-68.7360617112437,212.7873618647350,0,1.8e-11
1.0010390198042551,0.0,-0.0027120299456033,0.0000000000000000,-0.0096693063023910,0.0000000000000000,7.3085896290307346,3.0000324132629577,65.355408,3.211463,-68.5668706992196,211.8864686297461,0,2.1e-11
1.0010428933721087,0.0,-0.0027113741030739,0.0000000000000000,-0.0096722765213808,0.0000000000000000,7.3115896290307347,3.0000323486816827,65.191647,3.205755,-68.3974023238131,210.9884732204805,0,5.2e-13
1.0010467617965788,0.0,-0.0027107160733780,0.0000000000000000,-0.0096752409379605,0.0000000000000000,7.3145896290307340,3.0000322842275775,65.027588,3.200078,-68.2276667831277,210.0933872133037,0,2.7e-12
1.0010506250868061,0.0,-0.0027100558648510,0.0000000000000000,-0.0096781995824361,0.0000000000000000,7.3175896290307341,3.0000322199002780,64.863243,3.194432,-68.0576748726717,209.2012103851316,0,2.6e-12
1.0010544832522519,0.0,-0.0027093934855876,0.0000000000000000,-0.0096811524849958,0.0000000000000000,7.3205896290307342,3.0000321556994298,64.698622,3.188815,-67.8874372300735,208.3119331820012,0,2.5e-11
1.0010583363021870,0.0,-0.0027087289430318,0.0000000000000000,-0.0096840996766613,0.0000000000000000,7.3235896290307343,3.0000320916246870,64.533735,3.183229,-67.7169634078780,207.4256264997043,0,1.0e-12
1.0010621842461007,0.0,-0.0027080622456252,0.0000000000000000,-0.0096870411865183,0.0000000000000000,7.3265896290307344,3.0000320276756893,64.368593,3.177671,-67.5462643026582,206.5422377005648,0,3.3e-12
1.0010660270935903,0.0,-0.0027073934009787,0.0000000000000000,-0.0096899770448603,0.0000000000000000,7.3295896290307345,3.0000319638520883,64.203206,3.172144,-67.3753496353237,205.6617995634501,0,3.5e-13
1.0010698648539498,0.0,-0.0027067224171417,0.0000000000000000,-0.0096929072809655,0.0000000000000000,7.3325896290307346,3.0000319001535320,64.037584,3.166645,-67.2042294268563,204.7843135764197,0,2.4e-13
1.0010736975365857,0.0,-0.0027060493019986,0.0000000000000000,-0.0096958319241187,0.0000000000000000,7.3355896290307347,3.0000318365796699,63.871738,3.161176,-67.0329134456749,203.9097894562053,0,1.4e-13
1.0010775251504098,0.0,-0.0027053740632750,0.0000000000000000,-0.0096987510031843,0.0000000000000000,7.3385896290307340,3.0000317731301704,63.705676,3.155735,-66.8614110239265,203.0382591288849,0,3.9e-11
1.0010813477065319,0.0,-0.0027046967093317,0.0000000000000000,-0.0097016645477044,0.0000000000000000,7.3415896290307341,3.0000317098046323,63.539410,3.150323,-66.6897327698469,202.1696547696188,0,3.1e-13
1.0010851652127146,0.0,-0.0027040172475821,0.0000000000000000,-0.0097045725855755,0.0000000000000000,7.3445896290307342,3.0000316466027597,63.372948,3.144939,-66.5178870862645,201.3040569993905,0,2.8e-13
1.0010889776789573,0.0,-0.0027033356860567,0.0000000000000000,-0.0097074751454417,0.0000000000000000,7.3475896290307343,3.0000315835241866,63.206300,3.139583,-66.3458836509962,200.4414472925487,0,6.2e-13
1.0010927851146920,0.0,-0.0027026520326455,0.0000000000000000,-0.0097103722554070,0.0000000000000000,7.3505896290307344,3.0000315205685668,63.039476,3.134256,-66.1737317123959,199.5818277537828,0,4.4e-12
1.0010965875293050,0.0,-0.0027019662951321,0.0000000000000000,-0.0097132639435430,0.0000000000000000,7.3535896290307345,3.0000314577355556,62.872485,3.128956,-66.0014402531779,198.7252141250738,0,1.6e-13
1.0011003849322992,0.0,-0.0027012784814304,0.0000000000000000,-0.0097161502375132,0.0000000000000000,7.3565896290307347,3.0000313950248056,62.705335,3.123683,-65.8290183725537,197.8716015096659,0,2.3e-13
1.0011041773332028,0.0,-0.0027005885994299,0.0000000000000000,-0.0097190311651519,0.0000000000000000,7.3595896290307348,3.0000313324359635,62.538037,3.118438,-65.6564749352083,197.0210032641444,0,1.8e-11
1.0011079647413001,0.0,-0.0026998966565856,0.0000000000000000,-0.0097219067532609,0.0000000000000000,7.3625896290307340,3.0000312699687131,62.370598,3.113220,-65.4838185094570,196.1734145977628,0,1.0e-11
1.0011117471654447,0.0,-0.0026992026616761,0.0000000000000000,-0.0097247770283043,0.0000000000000000,7.3655896290307341,3.0000312076226860,62.203029,3.108029,-65.3110583204823,195.3288222775930,0,1.6e-11
1.0011155246162957,0.0,-0.0026985066212495,0.0000000000000000,-0.0097276420192064,0.0000000000000000,7.3685896290307342,3.0000311453975463,62.035337,3.102865,-65.1382020563708,194.4872819421148,0,5.1e-14
1.0011192971021394,0.0,-0.0026978085438847,0.0000000000000000,-0.0097305017510959,0.0000000000000000,7.3715896290307343,3.0000310832929582,61.867531,3.097728,-64.9652585700108,193.6487713045462,0,2.2e-11
1.0011230646334224,0.0,-0.0026971084373084,0.0000000000000000,-0.0097333562508876,0.0000000000000000,7.3745896290307345,3.0000310213085646,61.699620,3.092616,-64.7922365471249,192.8132556311191,0,5.1e-13
1.0011268272187519,0.0,-0.0026964063091892,0.0000000000000000,-0.0097362055447808,0.0000000000000000,7.3775896290307346,3.0000309594440409,61.531612,3.087531,-64.6191437313967,191.9807823408983,0,7.8e-12
1.0011305848675183,0.0,-0.0026957021671645,0.0000000000000000,-0.0097390496591542,0.0000000000000000,7.3805896290307347,3.0000308976990486,61.363515,3.082473,-64.4459880485893,191.1513715913259,0,2.4e-11
1.0011343375897761,0.0,-0.0026949960193169,0.0000000000000000,-0.0097418886193641,0.0000000000000000,7.3835896290307348,3.0000308360732379,61.195339,3.077440,-64.2727782127417,190.3249558221742,0,2.2e-13
1.0011380853943104,0.0,-0.0026942878731534,0.0000000000000000,-0.0097447224515323,0.0000000000000000,7.3865896290307340,3.0000307745662802,61.027089,3.072432,-64.0995215163650,189.5015979718683,0,3.1e-12
1.0011418282907678,0.0,-0.0026935777364761,0.0000000000000000,-0.0097475511809846,0.0000000000000000,7.3895896290307341,3.0000307131778357,60.858776,3.067450,-63.9262259767021,188.6812756408208,0,2.7e-13
1.0011455662884516,0.0,-0.0026928656170103,0.0000000000000000,-0.0097503748330800,0.0000000000000000,7.3925896290307342,3.0000306519075681,60.690405,3.062494,-63.7528992276982,187.8639975118972,0,1.8e-13
1.0011492993967495,0.0,-0.0026921515224833,0.0000000000000000,-0.0097531934328893,0.0000000000000000,7.3955896290307344,3.0000305907551423,60.521986,3.057563,-63.5795488808174,187.0497624469265,0,3.1e-13
1.0011530276250640,0.0,-0.0026914354605642,0.0000000000000000,-0.0097560070053768,0.0000000000000000,7.3985896290307345,3.0000305297202243,60.353526,3.052656,-63.4061824026470,186.2385723315888,0,1.3e-12
1.0011567509827199,0.0,-0.0026907174390111,0.0000000000000000,-0.0097588155751742,0.0000000000000000,7.4015896290307346,3.0000304688024793,60.185032,3.047775,-63.2328072355082,185.4304240005433,0,1.8e-12
1.0011604694790841,0.0,-0.0026899974655178,0.0000000000000000,-0.0097616191668415,0.0000000000000000,7.4045896290307347,3.0000304080015732,60.016513,3.042918,-63.0594306736528,184.6253180594861,0,9.9e-12
1.0011641831234912,0.0,-0.0026892755475354,0.0000000000000000,-0.0097644178049633,0.0000000000000000,7.4075896290307348,3.0000303473171801,59.847974,3.038086,-62.8860596961071,183.8232702563189,0,1.9e-13
1.0011678919252951,0.0,-0.0026885516929751,0.0000000000000000,-0.0097672115134109,0.0000000000000000,7.4105896290307340,3.0000302867489621,59.679424,3.033278,-62.7127016488304,183.0242611032197,0,5.7e-13
1.0011715958938132,0.0,-0.0026878259093778,0.0000000000000000,-0.0097700003163060,0.0000000000000000,7.4135896290307342,3.0000302262965910,59.510870,3.028494,-62.5393634219889,182.2282987853987,0,6.4e-14
1.0011752950383646,0.0,-0.0026870982043900,0.0000000000000000,-0.0097727842374306,0.0000000000000000,7.4165896290307343,3.0000301659597377,59.342318,3.023734,-62.3660519262845,181.4353817735000,0,1.0e-13
1.0011789893687244,0.0,-0.0026863685846618,0.0000000000000000,-0.0097755633020606,0.0000000000000000,7.4195896290307344,3.0000301057380794,59.173774,3.018999,-62.1927731404188,180.6455771521287,0,9.6e-11
1.0011826788928035,0.0,-0.0026856370606875,0.0000000000000000,-0.0097783375287285,0.0000000000000000,7.4225896290307345,3.0000300456312678,59.005251,3.014286,-62.0195362385010,179.8586820435687,0,3.9e-13
1.0011863636212708,0.0,-0.0026849036371647,0.0000000000000000,-0.0097811069457051,0.0000000000000000,7.4255896290307346,3.0000299856389954,58.836748,3.009597,-61.8463453406840,179.0749019785733,0,7.0e-12
1.0011900435629912,0.0,-0.0026841683226607,0.0000000000000000,-0.0097838715742062,0.0000000000000000,7.4285896290307347,3.0000299257609329,58.668276,3.004932,-61.6732078890362,178.2941543258123,0,4.1e-13
1.0011937187274698,0.0,-0.0026834311248734,0.0000000000000000,-0.0097866314372101,0.0000000000000000,7.4315896290307339,3.0000298659967441,58.499842,3.000289,-61.5001304859363,177.5164256293299,0,3.9e-11
1.0011973891227997,0.0,-0.0026826920506565,0.0000000000000000,-0.0097893865583049,0.0000000000000000,7.4345896290307341,3.0000298063461335,58.331447,2.995671,-61.3271183114607,176.7418264840339,0,5.3e-11
1.0012010547597980,0.0,-0.0026819511088846,0.0000000000000000,-0.0097921369585751,0.0000000000000000,7.4375896290307342,3.0000297468087282,58.163105,2.991074,-61.1541795390699,175.9701781185784,0,2.5e-11
1.0012047156474124,0.0,-0.0026812083062012,0.0000000000000000,-0.0097948826608575,0.0000000000000000,7.4405896290307343,3.0000296873842407,57.994819,2.986500,-60.9813194902874,175.2015333938364,0,6.0e-11
1.0012083717939602,0.0,-0.0026804636494573,0.0000000000000000,-0.0097976236889199,0.0000000000000000,7.4435896290307344,3.0000296280723595,57.826593,2.981950,-60.8085430965139,174.4360159356158,0,3.4e-14
1.0012120232093202,0.0,-0.0026797171473717,0.0000000000000000,-0.0098003600631351,0.0000000000000000,7.4465896290307345,3.0000295688727339,57.658436,2.977422,-60.6358578094704,173.6734892035599,0,3.0e-13
1.0012156699024375,0.0,-0.0026789688068631,0.0000000000000000,-0.0098030918061500,0.0000000000000000,7.4495896290307346,3.0000295097850573,57.490353,2.972916,-60.4632688845533,172.9140078333132,0,2.6e-11
1.0012193118829367,0.0,-0.0026782186357216,0.0000000000000000,-0.0098058189391601,0.0000000000000000,7.4525896290307347,3.0000294508090022,57.322350,2.968432,-60.2907826432474,172.1575163913481,0,1.1e-13
1.0012229491595543,0.0,-0.0026774666410977,0.0000000000000000,-0.0098085414842944,0.0000000000000000,7.4555896290307340,3.0000293919442589,57.154434,2.963971,-60.1184043178604,171.4040640646776,0,1.3e-12
1.0012265817416588,0.0,-0.0026767128304856,0.0000000000000000,-0.0098112594628814,0.0000000000000000,7.4585896290307341,3.0000293331905064,56.986609,2.959531,-59.9461396935155,170.6536321668314,0,1.0e-12
1.0012302096383441,0.0,-0.0026759572113650,0.0000000000000000,-0.0098139728961419,0.0000000000000000,7.4615896290307342,3.0000292745474262,56.818881,2.955113,-59.7739943539058,169.9062171031776,0,1.0e-12
1.0012338328587420,0.0,-0.0026751997911776,0.0000000000000000,-0.0098166818050976,0.0000000000000000,7.4645896290307343,3.0000292160147053,56.651257,2.950717,-59.6019738081584,169.1618120614476,0,8.5e-13
1.0012374514121047,0.0,-0.0026744405772965,0.0000000000000000,-0.0098193862107250,0.0000000000000000,7.4675896290307344,3.0000291575920262,56.483742,2.946342,-59.4300834783839,168.4204091028571,0,1.3e-11
1.0012410653073529,0.0,-0.0026736795770150,0.0000000000000000,-0.0098220861341376,0.0000000000000000,7.4705896290307345,3.0000290992790752,56.316340,2.941989,-59.2583285009155,167.6820277870986,0,3.2e-14
1.0012446745537669,0.0,-0.0026729167978225,0.0000000000000000,-0.0098247815956198,0.0000000000000000,7.4735896290307346,3.0000290410755386,56.149058,2.937656,-59.0867143203889,166.9466389466570,0,1.9e-13
1.0012482791603827,0.0,-0.0026721522470335,0.0000000000000000,-0.0098274726157945,0.0000000000000000,7.4765896290307348,3.0000289829811040,55.981901,2.933345,-58.9152460252838,166.2142473190065,0,1.1e-13
1.0012518791362774,0.0,-0.0026713859319879,0.0000000000000000,-0.0098301592150111,0.0000000000000000,7.4795896290307340,3.0000289249954588,55.814873,2.929055,-58.7439286999673,165.4848484683646,0,9.2e-14
1.0012554744904643,0.0,-0.0026706178598424,0.0000000000000000,-0.0098328414137622,0.0000000000000000,7.4825896290307341,3.0000288671182958,55.647981,2.924786,-58.5727671728857,164.7584559537570,0,2.7e-11
1.0012590652320634,0.0,-0.0026698480381534,0.0000000000000000,-0.0098355192315753,0.0000000000000000,7.4855896290307342,3.0000288093493022,55.481229,2.920538,-58.4017666382187,164.0350363912967,0,3.8e-11
1.0012626513702552,0.0,-0.0026690764745670,0.0000000000000000,-0.0098381926878878,0.0000000000000000,7.4885896290307343,3.0000287516881610,55.314623,2.916309,-58.2309322920834,163.3145529904627,0,1.7e-11
1.0012662329139497,0.0,-0.0026683031756417,0.0000000000000000,-0.0098408618039662,0.0000000000000000,7.4915896290307344,3.0000286941345684,55.148166,2.912102,-58.0602681877486,162.5970789455675,0,2.1e-11
1.0012698098717783,0.0,-0.0026675281487972,0.0000000000000000,-0.0098435265984180,0.0000000000000000,7.4945896290307346,3.0000286366882341,54.981864,2.907915,-57.8897791219570,161.8825882729907,0,6.7e-13
1.0012733822532516,0.0,-0.0026667514015292,0.0000000000000000,-0.0098461870908509,0.0000000000000000,7.4975896290307347,3.0000285793488297,54.815722,2.903748,-57.7194700643161,161.1710489006311,0,2.1e-13
1.0012769500672425,0.0,-0.0026659729411397,0.0000000000000000,-0.0098488433004428,0.0000000000000000,7.5005896290307348,3.0000285221160534,54.649745,2.899601,-57.5493455922464,160.4624540908476,0,2.4e-11
1.0012805133224973,0.0,-0.0026651927743474,0.0000000000000000,-0.0098514952469260,0.0000000000000000,7.5035896290307340,3.0000284649896138,54.483935,2.895474,-57.3794097146469,159.7568412880378,0,2.2e-12
1.0012840720281873,0.0,-0.0026644109088263,0.0000000000000000,-0.0098541429488488,0.0000000000000000,7.5065896290307341,3.0000284079691917,54.318300,2.891367,-57.2096672930714,159.0541649726488,0,7.4e-14
1.0012876261931354,0.0,-0.0026636273514829,0.0000000000000000,-0.0098567864254118,0.0000000000000000,7.5095896290307342,3.0000283510544934,54.152842,2.887280,-57.0401224103778,158.3544426444707,0,2.1e-11
1.0012911758263974,0.0,-0.0026628421098654,0.0000000000000000,-0.0098594256948655,0.0000000000000000,7.5125896290307344,3.0000282942452086,53.987567,2.883213,-56.8707796938773,157.6576341761740,0,6.7e-12
1.0012947209365797,0.0,-0.0026620551909051,0.0000000000000000,-0.0098620607764335,0.0000000000000000,7.5155896290307345,3.0000282375410370,53.822478,2.879165,-56.7016430299399,156.9637739473917,0,1.4e-11
1.0012982615330766,0.0,-0.0026612666017503,0.0000000000000000,-0.0098646916881460,0.0000000000000000,7.5185896290307346,3.0000281809416816,53.657581,2.875136,-56.5327167792256,156.2728167989028,0,1.2e-11
1.0013017976242746,0.0,-0.0026604763493066,0.0000000000000000,-0.0098673184488563,0.0000000000000000,7.5215896290307347,3.0000281244468479,53.492879,2.871126,-56.3640046556269,155.5848011137805,0,5.2e-13
1.0013053292184633,0.0,-0.0026596844415832,0.0000000000000000,-0.0098699410752781,0.0000000000000000,7.5245896290307339,3.0000280680562361,53.328376,2.867136,-56.1955111886684,154.8996742357190,0,2.7e-11
1.0013088563267718,0.0,-0.0026588908838232,0.0000000000000000,-0.0098725595891514,0.0000000000000000,7.5275896290307340,3.0000280117695293,53.164075,2.863164,-56.0272395544794,154.2174910809813,0,3.1e-12
1.0013123789556591,0.0,-0.0026580956849227,0.0000000000000000,-0.0098751740048860,0.0000000000000000,7.5305896290307341,3.0000279555864489,52.999982,2.859212,-55.8591943276974,153.5381911735594,0,1.1e-11
1.0013158971149199,0.0,-0.0026572988510301,0.0000000000000000,-0.0098777843415670,0.0000000000000000,7.5335896290307343,3.0000278995067036,52.836100,2.855279,-55.6913789404476,152.8617872741640,0,1.2e-11
1.0013194108132299,0.0,-0.0026565003895696,0.0000000000000000,-0.0098803906166596,0.0000000000000000,7.5365896290307344,3.0000278435299861,52.672434,2.851364,-55.5237973553180,152.1882604896157,0,5.4e-12
1.0013229200591245,0.0,-0.0026557003076040,0.0000000000000000,-0.0098829928479135,0.0000000000000000,7.5395896290307345,3.0000277876560020,52.508986,2.847467,-55.3564531803739,151.5176192150818,0,9.0e-14
1.0013264248616760,0.0,-0.0026548986118902,0.0000000000000000,-0.0098855910528741,0.0000000000000000,7.5425896290307346,3.0000277318844630,52.345761,2.843589,-55.1893499579359,150.8498526828616,0,9.5e-13
1.0013299252295005,0.0,-0.0026540953095224,0.0000000000000000,-0.0098881852488308,0.0000000000000000,7.5455896290307347,3.0000276762150744,52.182761,2.839730,-55.0224912650723,150.1849558129893,0,2.3e-12
1.0013334211713909,0.0,-0.0026532904074984,0.0000000000000000,-0.0098907754529163,0.0000000000000000,7.5485896290307348,3.0000276206475438,52.019992,2.835889,-54.8558806307926,149.5229157982535,0,2.8e-13
1.0013369126959974,0.0,-0.0026524839127838,0.0000000000000000,-0.0098933616822624,0.0000000000000000,7.5515896290307341,3.0000275651815818,51.857456,2.832066,-54.6895214609670,148.8637301078120,0,2.1e-13
1.0013403998120358,0.0,-0.0026516758323245,0.0000000000000000,-0.0098959439538240,0.0000000000000000,7.5545896290307342,3.0000275098168974,51.695156,2.828261,-54.5234171321936,148.2073904552776,0,2.4e-13
1.0013438825281891,0.0,-0.0026508661730574,0.0000000000000000,-0.0098985222844426,0.0000000000000000,7.5575896290307343,3.0000274545532015,51.533097,2.824474,-54.3575709600392,147.5538893027258,0,2.1e-13
1.0013473608531118,0.0,-0.0026500549418987,0.0000000000000000,-0.0099010966908448,0.0000000000000000,7.5605896290307344,3.0000273993902056,51.371281,2.820705,-54.1919861943350,146.9032199206670,0,2.3e-13
1.0013508347954811,0.0,-0.0026492421456154,0.0000000000000000,-0.0099036671898016,0.0000000000000000,7.5635896290307345,3.0000273443276253,51.209712,2.816953,-54.0266659473040,146.2553821802458,0,1.3e-11
1.0013543043638204,0.0,-0.0026484277914881,0.0000000000000000,-0.0099062337973486,0.0000000000000000,7.5665896290307346,3.0000272893651654,51.048394,2.813220,-53.8616135967470,145.6103487378707,0,4.1e-12
1.0013577695668303,0.0,-0.0026476118860241,0.0000000000000000,-0.0099087965301132,0.0000000000000000,7.5695896290307347,3.0000272345025509,50.887329,2.809503,-53.6968320114561,144.9681260758302,0,2.6e-12
1.0013612304134298,0.0,-0.0026467944364636,0.0000000000000000,-0.0099113554039194,0.0000000000000000,7.5725896290307340,3.0000271797394853,50.726521,2.805804,-53.5323245610510,144.3286697374099,0,6.5e-11
1.0013646869111694,0.0,-0.0026459754487895,0.0000000000000000,-0.0099139104365281,0.0000000000000000,7.5755896290307341,3.0000271250757002,50.565970,2.802123,-53.3680933457338,143.6920854936529,0,4.4e-13
1.0013681390696116,0.0,-0.0026451549306913,0.0000000000000000,-0.0099164616421624,0.0000000000000000,7.5785896290307342,3.0000270705108996,50.405683,2.798459,-53.2041421634348,143.0582473880006,0,3.6e-13
1.0013715868969686,0.0,-0.0026443328887084,0.0000000000000000,-0.0099190090373363,0.0000000000000000,7.5815896290307343,3.0000270160448048,50.245661,2.794812,-53.0404735959502,142.4271863912002,0,3.7e-12
1.0013750304014084,0.0,-0.0026435093289778,0.0000000000000000,-0.0099215526386197,0.0000000000000000,7.5845896290307344,3.0000269616771500,50.085907,2.791183,-52.8770899447541,141.7989488350131,0,8.5e-11
1.0013784695923511,0.0,-0.0026426842601823,0.0000000000000000,-0.0099240924596594,0.0000000000000000,7.5875896290307345,3.0000269074076034,49.926426,2.787569,-52.7139954142472,141.1733783358602,0,1.6e-11
1.0013819044776107,0.0,-0.0026418576869746,0.0000000000000000,-0.0099266285177417,0.0000000000000000,7.5905896290307346,3.0000268532359495,49.767218,2.783973,-52.5511912148724,140.5506019669479,0,3.2e-13
1.0013853350657904,0.0,-0.0026410296169958,0.0000000000000000,-0.0099291608280605,0.0000000000000000,7.5935896290307348,3.0000267991618750,49.608287,2.780394,-52.3886805800885,139.9305729453954,0,7.7e-12
1.0013887613650203,0.0,-0.0026402000569890,0.0000000000000000,-0.0099316894058133,0.0000000000000000,7.5965896290307340,3.0000267451851061,49.449635,2.776831,-52.2264660503296,139.3132907577747,0,2.7e-13
1.0013921833841661,0.0,-0.0026393690135114,0.0000000000000000,-0.0099342142662734,0.0000000000000000,7.5995896290307341,3.0000266913053690,49.291265,2.773285,-52.0645501899178,138.6987348740806,0,1.7e-14
1.0013956011316023,0.0,-0.0026385364934106,0.0000000000000000,-0.0099367354246559,0.0000000000000000,7.6025896290307342,3.0000266375223790,49.133180,2.769756,-51.9029355818159,138.0868955525343,0,1.5e-11
1.0013990146154161,0.0,-0.0026377025030487,0.0000000000000000,-0.0099392528957675,0.0000000000000000,7.6055896290307343,3.0000265838358819,48.975382,2.766242,-51.7416244162921,137.4777810228616,0,3.5e-13
1.0014024238442982,0.0,-0.0026368670493991,0.0000000000000000,-0.0099417666947728,0.0000000000000000,7.6085896290307344,3.0000265302455813,48.817874,2.762746,-51.5806193573917,136.8713661442966,0,1.6e-13
1.0014058288264998,0.0,-0.0026360301389885,0.0000000000000000,-0.0099442768364391,0.0000000000000000,7.6115896290307345,3.0000264767512119,48.660658,2.759265,-51.4199226617798,136.2676491334894,0,7.2e-13
1.0014092295703636,0.0,-0.0026351917784700,0.0000000000000000,-0.0099467833354705,0.0000000000000000,7.6145896290307347,3.0000264233524998,48.503736,2.755800,-51.2595366510674,135.6666202558949,0,2.6e-13
1.0014126260842737,0.0,-0.0026343519743131,0.0000000000000000,-0.0099492862066750,0.0000000000000000,7.6175896290307348,3.0000263700491741,48.347111,2.752352,-51.0994635177878,135.0682770571352,0,9.8e-12
1.0014160183763718,0.0,-0.0026335107334739,0.0000000000000000,-0.0099517854640758,0.0000000000000000,7.6205896290307340,3.0000263168409607,48.190786,2.748920,-50.9397056437454,134.4725948220528,0,3.7e-13
1.0014194064551054,0.0,-0.0026326680621672,0.0000000000000000,-0.0099542811226042,0.0000000000000000,7.6235896290307341,3.0000262637275918,48.034762,2.745503,-50.7802650245868,133.8795814767968,0,1.9e-13
1.0014227903286961,0.0,-0.0026318239670793,0.0000000000000000,-0.0099567731964059,0.0000000000000000,7.6265896290307342,3.0000262107087985,47.879042,2.742102,-50.6211438404908,133.2892225811788,0,3.0e-13
1.0014261700053744,0.0,-0.0026309784547582,0.0000000000000000,-0.0099592616997121,0.0000000000000000,7.6295896290307343,3.0000261577843097,47.723627,2.738717,-50.4623441660499,132.7015100405752,0,2.2e-13
1.0014295454933808,0.0,-0.0026301315317279,0.0000000000000000,-0.0099617466466461,0.0000000000000000,7.6325896290307345,3.0000261049538595,47.568521,2.735348,-50.3038680313334,132.1164350855581,0,1.3e-12
1.0014329168009224,0.0,-0.0026292832044864,0.0000000000000000,-0.0099642280512557,0.0000000000000000,7.6355896290307346,3.0000260522171804,47.413724,2.731994,-50.1457174155704,131.5339899774262,0,4.7e-12
1.0014362839362656,0.0,-0.0026284334795874,0.0000000000000000,-0.0099667059274263,0.0000000000000000,7.6385896290307347,3.0000259995740040,47.259239,2.728655,-49.9878943086185,130.9541604121594,0,3.7e-14
1.0014396469074858,0.0,-0.0026275823634330,0.0000000000000000,-0.0099691802890713,0.0000000000000000,7.6415896290307348,3.0000259470240693,47.105069,2.725332,-49.8304005482124,130.3769458826300,0,2.6e-12
1.0014430057227974,0.0,-0.0026267298625558,0.0000000000000000,-0.0099716511498456,0.0000000000000000,7.6445896290307340,3.0000258945671083,46.951214,2.722024,-49.6732380459021,129.8023305876732,0,2.6e-13
1.0014463603903194,0.0,-0.0026258759833546,0.0000000000000000,-0.0099741185234738,0.0000000000000000,7.6475896290307341,3.0000258422028590,46.797677,2.718731,-49.5164085841858,129.2303105118283,0,1.2e-13
1.0014497109184570,0.0,-0.0026250207322207,0.0000000000000000,-0.0099765824236208,0.0000000000000000,7.6505896290307343,3.0000257899310543,46.644460,2.715454,-49.3599139799701,128.6608689262762,0,1.1e-11
1.0014530573144769,0.0,-0.0026241641157503,0.0000000000000000,-0.0099790428633292,0.0000000000000000,7.6535896290307344,3.0000257377514421,46.491565,2.712191,-49.2037558916145,128.0940146225639,0,5.4e-14
1.0014563995873131,0.0,-0.0026233061401589,0.0000000000000000,-0.0099814998563953,0.0000000000000000,7.6565896290307345,3.0000256856637524,46.338992,2.708944,-49.0479360938473,127.5297204700526,0,1.3e-12
1.0014597377448395,0.0,-0.0026224468118561,0.0000000000000000,-0.0099839534160761,0.0000000000000000,7.6595896290307346,3.0000256336677262,46.186745,2.705711,-48.8924562182755,126.9679836681000,0,4.1e-12
1.0014630717947597,0.0,-0.0026215861373103,0.0000000000000000,-0.0099864035552404,0.0000000000000000,7.6625896290307347,3.0000255817631092,46.034825,2.702493,-48.7373178600871,126.4087986039688,0,1.8e-13
1.0014664017454038,0.0,-0.0026207241227830,0.0000000000000000,-0.0099888502872698,0.0000000000000000,7.6655896290307339,3.0000255299496370,45.883233,2.699290,-48.5825226161795,125.8521532247498,0,3.2e-12
1.0014697276048565,0.0,-0.0026198607746112,0.0000000000000000,-0.0099912936251647,0.0000000000000000,7.6685896290307340,3.0000254782270503,45.731971,2.696102,-48.4280720415750,125.2980351494296,0,1.0e-13
1.0014730493809409,0.0,-0.0026189960991226,0.0000000000000000,-0.0099937335817588,0.0000000000000000,7.6715896290307342,3.0000254265950983,45.581040,2.692928,-48.2739676077499,124.7464396765643,0,2.0e-12
1.0014763670815692,0.0,-0.0026181301026900,0.0000000000000000,-0.0099961701698999,0.0000000000000000,7.6745896290307343,3.0000253750535202,45.430443,2.689768,-48.1202108069438,124.1973578656618,0,8.5e-13
1.0014796807148409,0.0,-0.0026172627911412,0.0000000000000000,-0.0099986034029904,0.0000000000000000,7.6775896290307344,3.0000253236020655,45.280179,2.686623,-47.9668028863830,123.6508016263313,0,4.1e-11
1.0014829902886031,0.0,-0.0026163941718844,0.0000000000000000,-0.0100010332918547,0.0000000000000000,7.6805896290307345,3.0000252722404697,45.130253,2.683492,-47.8137457189333,123.1066954658668,0,5.9e-14
1.0014862958109016,0.0,-0.0026155242500112,0.0000000000000000,-0.0100034598510678,0.0000000000000000,7.6835896290307346,3.0000252209684866,44.980664,2.680376,-47.6610401807045,122.5650986314276,0,4.4e-12
1.0014895972893472,0.0,-0.0026146530323114,0.0000000000000000,-0.0100058830919695,0.0000000000000000,7.6865896290307347,3.0000251697858658,44.831414,2.677274,-47.5086877699268,122.0259739266417,0,6.8e-13
1.0014928947319506,0.0,-0.0026137805246133,0.0000000000000000,-0.0100083030277288,0.0000000000000000,7.6895896290307348,3.0000251186923550,44.682503,2.674186,-47.3566896340495,121.4893332926852,0,3.2e-11
1.0014961881470112,0.0,-0.0026129067338491,0.0000000000000000,-0.0100107196698899,0.0000000000000000,7.6925896290307341,3.0000250676876834,44.533936,2.671112,-47.2050474119631,120.9551151980436,0,8.7e-12
1.0014994775416275,0.0,-0.0026120316654856,0.0000000000000000,-0.0100131330313104,0.0000000000000000,7.6955896290307342,3.0000250167716271,44.385710,2.668052,-47.0537618767186,120.4233704145640,0,9.7e-13
1.0015027629240774,0.0,-0.0026111553260016,0.0000000000000000,-0.0100155431239234,0.0000000000000000,7.6985896290307343,3.0000249659439229,44.237829,2.665006,-46.9028344195185,119.8940598650859,0,3.3e-13
1.0015060443020318,0.0,-0.0026102777215330,0.0000000000000000,-0.0100179499598105,0.0000000000000000,7.7015896290307344,3.0000249152043250,44.090293,2.661973,-46.7522661572542,119.3671796246713,0,5.4e-13
1.0015093216833300,0.0,-0.0026093988582003,0.0000000000000000,-0.0100203535510548,0.0000000000000000,7.7045896290307345,3.0000248645525822,43.943104,2.658955,-46.6020582074284,118.8427207433530,0,3.5e-13
1.0015125950756845,0.0,-0.0026085187421653,0.0000000000000000,-0.0100227539094700,0.0000000000000000,7.7075896290307346,3.0000248139884493,43.796262,2.655950,-46.4522116566864,118.3206726714051,0,9.4e-13
1.0015158644868656,0.0,-0.0026076373795052,0.0000000000000000,-0.0100251510469936,0.0000000000000000,7.7105896290307347,3.0000247635116799,43.649769,2.652959,-46.3027275482831,117.8010280945921,0,3.0e-13
1.0015191299245780,0.0,-0.0026067547763454,0.0000000000000000,-0.0100275449753266,0.0000000000000000,7.7135896290307340,3.0000247131220270,43.503626,2.649981,-46.1536069090985,117.2837765811181,0,8.8e-14
1.0015223913964835,0.0,-0.0026058709387592,0.0000000000000000,-0.0100299357059978,0.0000000000000000,7.7165896290307341,3.0000246628192513,43.357834,2.647017,-46.0048507072982,116.7689080290412,0,6.4e-12
1.0015256489100295,0.0,-0.0026049858731704,0.0000000000000000,-0.0100323232507802,0.0000000000000000,7.7195896290307342,3.0000246126030916,43.212394,2.644066,-45.8564600477524,116.2564133738492,0,1.1e-11
1.0015289024739946,0.0,-0.0026040995845357,0.0000000000000000,-0.0100347076218277,0.0000000000000000,7.7225896290307343,3.0000245624733251,43.067307,2.641128,-45.7084355349248,115.7462881530367,0,1.7e-13
1.0015321520947809,0.0,-0.0026032120799883,0.0000000000000000,-0.0100370888296079,0.0000000000000000,7.7255896290307344,3.0000245124296980,42.922574,2.638204,-45.5607783478407,115.2385169048258,0,2.7e-13
1.0015353977804664,0.0,-0.0026023233651869,0.0000000000000000,-0.0100394668858847,0.0000000000000000,7.7285896290307345,3.0000244624719699,42.778196,2.635293,-45.4134892706168,114.7330921949033,0,7.9e-14
1.0015386395386601,0.0,-0.0026014334461244,0.0000000000000000,-0.0100418418019868,0.0000000000000000,7.7315896290307347,3.0000244125999012,42.634174,2.632395,-45.2665691389174,114.2300052682216,0,1.1e-13
1.0015418773769520,0.0,-0.0026005423287980,0.0000000000000000,-0.0100442135891355,0.0000000000000000,7.7345896290307348,3.0000243628132499,42.490508,2.629511,-45.1200187640384,113.7292467352819,0,7.3e-14
1.0015451113027902,0.0,-0.0025996500190271,0.0000000000000000,-0.0100465822587053,0.0000000000000000,7.7375896290307349,3.0000243131117812,42.347200,2.626639,-44.9738388640033,113.2308192866973,0,2.4e-11
1.0015483413241315,0.0,-0.0025987565232104,0.0000000000000000,-0.0100489478211509,0.0000000000000000,7.7405896290307341,3.0000242634952445,42.204250,2.623780,-44.8280303813381,112.7346773012064,0,4.7e-13
1.0015515674481053,0.0,-0.0025978618468500,0.0000000000000000,-0.0100513102881230,0.0000000000000000,7.7435896290307342,3.0000242139634135,42.061659,2.620934,-44.6825938507798,112.2408483647049,0,9.3e-14
1.0015547896823740,0.0,-0.0025969659960221,0.0000000000000000,-0.0100536696703441,0.0000000000000000,7.7465896290307343,3.0000241645160459,41.919429,2.618101,-44.5375300369477,111.7493102259971,0,2.7e-13
1.0015580080344682,0.0,-0.0025960689765785,0.0000000000000000,-0.0100560259787840,0.0000000000000000,7.7495896290307345,3.0000241151529066,41.777559,2.615281,-44.3928395947514,111.2600562066663,0,3.9e-12
1.0015612225117720,0.0,-0.0025951707945834,0.0000000000000000,-0.0100583792239911,0.0000000000000000,7.7525896290307346,3.0000240658737591,41.636050,2.612473,-44.2485232118576,110.7730710334320,0,7.2e-14
1.0015644331223157,0.0,-0.0025942714557826,0.0000000000000000,-0.0100607294162808,0.0000000000000000,7.7555896290307347,3.0000240166783745,41.494904,2.609678,-44.1045814638292,110.2883254226489,0,5.2e-11
1.0015676398723208,0.0,-0.0025933709659239,0.0000000000000000,-0.0100630765683002,0.0000000000000000,7.7585896290307339,3.0000239675664995,41.354119,2.606896,-43.9610149544910,109.8058815698512,0,7.8e-12
1.0015708427699481,0.0,-0.0025924693311928,0.0000000000000000,-0.0100654206884025,0.0000000000000000,7.7615896290307340,3.0000239185379218,41.213698,2.604126,-43.8178242642527,109.3256644795445,0,2.5e-13
1.0015740418228365,0.0,-0.0025915665571657,0.0000000000000000,-0.0100677617879912,0.0000000000000000,7.7645896290307341,3.0000238695924000,41.073641,2.601369,-43.6750099234947,108.8476774549433,0,3.9e-12
1.0015772370381146,0.0,-0.0025906626498594,0.0000000000000000,-0.0100700998774620,0.0000000000000000,7.7675896290307342,3.0000238207296976,40.933949,2.598623,-43.5325724999527,108.3719132448658,0,1.8e-11
1.0015804284231156,0.0,-0.0025897576146376,0.0000000000000000,-0.0100724349673802,0.0000000000000000,7.7705896290307344,3.0000237719495981,40.794622,2.595891,-43.3905123207845,107.8983789825021,0,7.7e-14
1.0015836159852700,0.0,-0.0025888514577679,0.0000000000000000,-0.0100747670678066,0.0000000000000000,7.7735896290307345,3.0000237232518572,40.655660,2.593170,-43.2488300303364,107.4270452759991,0,1.7e-13
1.0015867997318946,0.0,-0.0025879441848462,0.0000000000000000,-0.0100770961891342,0.0000000000000000,7.7765896290307346,3.0000236746362483,40.517064,2.590462,-43.1075260117843,106.9579103157439,0,4.2e-13
1.0015899796702383,0.0,-0.0025870358016723,0.0000000000000000,-0.0100794223414566,0.0000000000000000,7.7795896290307347,3.0000236261025446,40.378835,2.587766,-42.9666006865397,106.4909649311423,0,8.3e-14
1.0015931558077140,0.0,-0.0025861263139090,0.0000000000000000,-0.0100817455351829,0.0000000000000000,7.7825896290307348,3.0000235776505138,40.240973,2.585082,-42.8260544559928,106.0262019143468,0,5.2e-12
1.0015963281513995,0.0,-0.0025852157274868,0.0000000000000000,-0.0100840657796959,0.0000000000000000,7.7855896290307340,3.0000235292799360,40.103478,2.582410,-42.6858876923358,105.5636038293981,0,4.2e-12
1.0015994967088409,0.0,-0.0025843040477630,0.0000000000000000,-0.0100863830858100,0.0000000000000000,7.7885896290307342,3.0000234809905799,39.966351,2.579749,-42.5461007085521,105.1031735338370,0,3.4e-12
1.0016026614869769,0.0,-0.0025833912808112,0.0000000000000000,-0.0100886974630021,0.0000000000000000,7.7915896290307343,3.0000234327822159,39.829593,2.577101,-42.4066939125594,104.6448945482501,0,1.6e-12
1.0016058224931852,0.0,-0.0025824774321543,0.0000000000000000,-0.0100910089212336,0.0000000000000000,7.7945896290307344,3.0000233846546225,39.693203,2.574465,-42.2676675697000,104.1887583597302,0,1.9e-13
1.0016089797346639,0.0,-0.0025815625074423,0.0000000000000000,-0.0100933174703252,0.0000000000000000,7.7975896290307345,3.0000233366075757,39.557182,2.571840,-42.1290219580888,103.7347570649544,0,2.8e-14
1.0016121332185735,0.0,-0.0025806465123638,0.0000000000000000,-0.0100956231200239,0.0000000000000000,7.8005896290307346,3.0000232886408504,39.421530,2.569228,-41.9907573528619,103.2828815171930,0,1.1e-12
1.0016152829520968,0.0,-0.0025797294525642,0.0000000000000000,-0.0100979258799704,0.0000000000000000,7.8035896290307347,3.0000232407542233,39.286248,2.566626,-41.8528739962831,102.8331211259521,0,1.0e-13
1.0016184289423751,0.0,-0.0025788113336429,0.0000000000000000,-0.0101002257598605,0.0000000000000000,7.8065896290307339,3.0000231929474741,39.151335,2.564037,-41.7153721079991,102.3854686676974,0,1.1e-12
1.0016215711964900,0.0,-0.0025778921612851,0.0000000000000000,-0.0101025227691593,0.0000000000000000,7.8095896290307341,3.0000231452203781,39.016793,2.561459,-41.5782519039951,101.9399133403145,0,1.8e-14
1.0016247097217448,0.0,-0.0025769719409052,0.0000000000000000,-0.0101048169177424,0.0000000000000000,7.8125896290307342,3.0000230975727131,38.882621,2.558893,-41.4415135492097,101.4964499087527,0,5.8e-12
1.0016278445247939,0.0,-0.0025760506784618,0.0000000000000000,-0.0101071082141357,0.0000000000000000,7.8155896290307343,3.0000230500042671,38.748820,2.556338,-41.3051572215735,101.0550613019495,0,3.2e-13
1.0016309756131292,0.0,-0.0025751283791760,0.0000000000000000,-0.0101093966686072,0.0000000000000000,7.8185896290307344,3.0000230025148129,38.615389,2.553794,-41.1691830539064,100.6157456650676,0,1.4e-13
1.0016341029936615,0.0,-0.0025742050487184,0.0000000000000000,-0.0101116822901910,0.0000000000000000,7.8215896290307345,3.0000229551041335,38.482330,2.551262,-41.0335911731316,100.1784920429330,0,2.5e-14
1.0016372266734299,0.0,-0.0025732806926325,0.0000000000000000,-0.0101139650881462,0.0000000000000000,7.8245896290307346,3.0000229077720104,38.349641,2.548741,-40.8983816835816,99.7432910771797,0,6.5e-14
1.0016403466603441,0.0,-0.0025723553168743,0.0000000000000000,-0.0101162450707560,0.0000000000000000,7.8275896290307347,3.0000228605182184,38.217325,2.546230,-40.7635547374983,99.3100855718963,0,1.1e-10
1.0016434629585964,0.0,-0.0025714289257007,0.0000000000000000,-0.0101185222498866,0.0000000000000000,7.8305896290307349,3.0000228133425688,38.085378,2.543732,-40.6291102042262,98.8790135134905,0,5.4e-12
1.0016465755782340,0.0,-0.0025705015258147,0.0000000000000000,-0.0101207966320245,0.0000000000000000,7.8335896290307341,3.0000227662448147,37.953803,2.541245,-40.4950483320905,98.4499143689873,0,9.5e-14
1.0016496845250025,0.0,-0.0025695731223615,0.0000000000000000,-0.0101230682269465,0.0000000000000000,7.8365896290307342,3.0000227192247522,37.822600,2.538769,-40.3613690871560,98.0228320791550,0,5.3e-12
1.0016527898057825,0.0,-0.0025686437207579,0.0000000000000000,-0.0101253370437480,0.0000000000000000,7.8395896290307343,3.0000226722821681,37.691769,2.536303,-40.2280724771599,97.5977624422852,0,4.3e-13
1.0016558914276574,0.0,-0.0025677133264683,0.0000000000000000,-0.0101276030912168,0.0000000000000000,7.8425896290307344,3.0000226254168498,37.561309,2.533849,-40.0951584885163,97.1746905519827,0,5.3e-12
1.0016589893975922,0.0,-0.0025667819450061,0.0000000000000000,-0.0101298663784224,0.0000000000000000,7.8455896290307345,3.0000225786285757,37.431221,2.531406,-39.9626271460222,96.7536057376461,0,5.2e-13
1.0016620837223473,0.0,-0.0025658495817047,0.0000000000000000,-0.0101321269140323,0.0000000000000000,7.8485896290307346,3.0000225319171423,37.301505,2.528973,-39.8304783631665,96.3345042700679,0,5.7e-13
1.0016651744088518,0.0,-0.0025649162420174,0.0000000000000000,-0.0101343847068526,0.0000000000000000,7.8515896290307348,3.0000224852823343,37.172161,2.526551,-39.6987121033181,95.9173749680269,0,1.2e-12
1.0016682614646824,0.0,-0.0025639819309071,0.0000000000000000,-0.0101366397659964,0.0000000000000000,7.8545896290307340,3.0000224387239411,37.043188,2.524140,-39.5673282156652,95.5022052823577,0,1.1e-11
1.0016713448944343,0.0,-0.0025630466551355,0.0000000000000000,-0.0101388920987723,0.0000000000000000,7.8575896290307341,3.0000223922417519,36.914587,2.521740,-39.4363268553313,95.0889970510854,0,1.8e-13
1.0016744247071996,0.0,-0.0025621104186728,0.0000000000000000,-0.0101411417151709,0.0000000000000000,7.8605896290307342,3.0000223458355570,36.786357,2.519351,-39.3057076739937,94.6777314322709,0,7.6e-14
1.0016775009088326,0.0,-0.0025611732270383,0.0000000000000000,-0.0101433886236151,0.0000000000000000,7.8635896290307343,3.0000222995051553,36.658498,2.516972,-39.1754705858402,94.2684198339878,0,4.1e-11
1.0016805735063761,0.0,-0.0025602350866498,0.0000000000000000,-0.0101456328313290,0.0000000000000000,7.8665896290307344,3.0000222532503180,36.531012,2.514603,-39.0456156161928,93.8610046042259,0,4.2e-12
1.0016836425068858,0.0,-0.0025592960015050,0.0000000000000000,-0.0101478743484942,0.0000000000000000,7.8695896290307346,3.0000222070708529,36.403897,2.512245,-38.9161424351616,93.4555227215629,0,8.0e-14
1.0016867079164538,0.0,-0.0025583559776480,0.0000000000000000,-0.0101501131824271,0.0000000000000000,7.8725896290307347,3.0000221609665512,36.277153,2.509898,-38.7870509614091,93.0519530757725,0,4.2e-13
1.0016897697421081,0.0,-0.0025574150202569,0.0000000000000000,-0.0101523493416831,0.0000000000000000,7.8755896290307348,3.0000221149372064,36.150780,2.507561,-38.6583410038623,92.6502845934608,0,3.4e-12
1.0016928279904613,0.0,-0.0025564731346332,0.0000000000000000,-0.0101545828346577,0.0000000000000000,7.8785896290307340,3.0000220689826111,36.024778,2.505234,-38.5300123855117,92.2505117549040,0,3.9e-12
1.0016958826683937,0.0,-0.0025555303258581,0.0000000000000000,-0.0101568136695194,0.0000000000000000,7.8815896290307341,3.0000220231025656,35.899147,2.502918,-38.4020648345564,91.8526262507270,0,7.1e-12
1.0016989337824880,0.0,-0.0025545865995471,0.0000000000000000,-0.0101590418544236,0.0000000000000000,7.8845896290307342,3.0000219772968544,35.773886,2.500612,-38.2744982206405,91.4566114920281,0,9.8e-14
1.0017019813393491,0.0,-0.0025536419607309,0.0000000000000000,-0.0101612673975318,0.0000000000000000,7.8875896290307344,3.0000219315652830,35.648996,2.498316,-38.1473122519824,91.0624669313798,0,1.8e-13
1.0017050253456630,0.0,-0.0025526964146896,0.0000000000000000,-0.0101634903069499,0.0000000000000000,7.8905896290307345,3.0000218859076462,35.524476,2.496031,-38.0205066914013,90.6701817816307,0,8.5e-13
1.0017080658080479,0.0,-0.0025517499666514,0.0000000000000000,-0.0101657105906890,0.0000000000000000,7.8935896290307346,3.0000218403237415,35.400326,2.493755,-37.8940812738632,90.2797474865573,0,2.4e-12
1.0017111027331089,0.0,-0.0025508026218992,0.0000000000000000,-0.0101679282567001,0.0000000000000000,7.8965896290307347,3.0000217948133656,35.276546,2.491490,-37.7680357355034,89.8911531012226,0,2.0e-12
1.0017141361274196,0.0,-0.0025498543855127,0.0000000000000000,-0.0101701433130437,0.0000000000000000,7.8995896290307339,3.0000217493763190,35.153135,2.489234,-37.6423697724018,89.5043947920713,0,3.3e-14
1.0017171659975859,0.0,-0.0025489052627314,0.0000000000000000,-0.0101723557675536,0.0000000000000000,7.9025896290307340,3.0000217040124015,35.030094,2.486989,-37.5170830877691,89.1194613574806,0,1.3e-12
1.0017201923501187,0.0,-0.0025479552587762,0.0000000000000000,-0.0101745656280183,0.0000000000000000,7.9055896290307341,3.0000216587214132,34.907422,2.484754,-37.3921753720004,88.7363435574405,0,7.7e-14
1.0017232151915341,0.0,-0.0025470043785412,0.0000000000000000,-0.0101767729025179,0.0000000000000000,7.9085896290307343,3.0000216135031583,34.785118,2.482528,-37.2676462719382,88.3550431646782,0,2.3e-11
1.0017262345282649,0.0,-0.0025460526281187,0.0000000000000000,-0.0101789775979663,0.0000000000000000,7.9115896290307344,3.0000215683574218,34.663183,2.480312,-37.1434955667923,87.9755213661454,0,1.5e-11
1.0017292503673356,0.0,-0.0025451000111221,0.0000000000000000,-0.0101811797232948,0.0000000000000000,7.9145896290307345,3.0000215232840324,34.541616,2.478107,-37.0197226855661,87.5978076142019,0,1.6e-14
1.0017322627146070,0.0,-0.0025441465337824,0.0000000000000000,-0.0101833792853438,0.0000000000000000,7.9175896290307346,3.0000214782827754,34.420417,2.475911,-36.8963274433442,87.2218729883341,0,2.2e-13
1.0017352715767653,0.0,-0.0025431922009051,0.0000000000000000,-0.0101855762919341,0.0000000000000000,7.9205896290307347,3.0000214333534574,34.299585,2.473724,-36.7733094129842,86.8477132191230,0,2.3e-13
1.0017382769602670,0.0,-0.0025422370175802,0.0000000000000000,-0.0101877707506404,0.0000000000000000,7.9235896290307348,3.0000213884958842,34.179121,2.471547,-36.6506682074688,86.4753201621855,0,6.2e-13
1.0017412788715401,0.0,-0.0025412809889195,0.0000000000000000,-0.0101899626689943,0.0000000000000000,7.9265896290307341,3.0000213437098591,34.059023,2.469380,-36.5284034373038,86.1046849471530,0,4.9e-13
1.0017442773170129,0.0,-0.0025403241199799,0.0000000000000000,-0.0101921520544406,0.0000000000000000,7.9295896290307342,3.0000212989951871,33.939292,2.467223,-36.4065146858777,85.7357991743221,0,2.5e-12
1.0017472723030103,0.0,-0.0025393664158038,0.0000000000000000,-0.0101943389144634,0.0000000000000000,7.9325896290307343,3.0000212543516778,33.819926,2.465075,-36.2850015410424,85.3686570473828,0,1.8e-13
1.0017502638360010,0.0,-0.0025384078814625,0.0000000000000000,-0.0101965232564220,0.0000000000000000,7.9355896290307344,3.0000212097791334,33.700927,2.462937,-36.1638635695532,85.0032474507908,0,1.2e-13
1.0017532519223109,0.0,-0.0025374485219777,0.0000000000000000,-0.0101987050876866,0.0000000000000000,7.9385896290307345,3.0000211652773636,33.582293,2.460808,-36.0431003343027,84.6395637380081,0,1.2e-12
1.0017562365683048,0.0,-0.0025364883423948,0.0000000000000000,-0.0102008844155011,0.0000000000000000,7.9415896290307346,3.0000211208461751,33.464023,2.458688,-35.9227113804354,84.2775959440435,0,1.2e-12
1.0017592177802115,0.0,-0.0025355273464186,0.0000000000000000,-0.0102030612483804,0.0000000000000000,7.9445896290307347,3.0000210764854032,33.346117,2.456578,-35.8026961663497,83.9173818492401,0,1.2e-10
1.0017621955644032,0.0,-0.0025345655433370,0.0000000000000000,-0.0102052355889600,0.0000000000000000,7.9475896290307340,3.0000210321947858,33.228578,2.454477,-35.6830544485001,83.5587682366241,0,3.4e-11
1.0017651699273458,0.0,-0.0025336029327165,0.0000000000000000,-0.0102074074509960,0.0000000000000000,7.9505896290307341,3.0000209879742026,33.111400,2.452386,-35.5637855469959,83.2019275272347,0,2.9e-11
1.0017681408751073,0.0,-0.0025326395228064,0.0000000000000000,-0.0102095768375295,0.0000000000000000,7.9535896290307342,3.0000209438234253,32.994586,2.450303,-35.4448890806167,82.8467448950910,0,1.2e-11
1.0017711084141749,0.0,-0.0025316753175477,0.0000000000000000,-0.0102117437564096,0.0000000000000000,7.9565896290307343,3.0000208997422853,32.878134,2.448230,-35.3263644436514,82.4932392569508,0,1.2e-12
1.0017740725505371,0.0,-0.0025307103220101,0.0000000000000000,-0.0102139082148723,0.0000000000000000,7.9595896290307344,3.0000208557305892,32.762045,2.446166,-35.2082111903003,82.1414061131725,0,6.8e-13
1.0017770332906346,0.0,-0.0025297445411823,0.0000000000000000,-0.0102160702197479,0.0000000000000000,7.9625896290307345,3.0000208117881479,32.646318,2.444111,-35.0904287748247,81.7912304026845,0,1.2e-11
1.0017799906401925,0.0,-0.0025287779799881,0.0000000000000000,-0.0102182297783422,0.0000000000000000,7.9655896290307346,3.0000207679147741,32.530951,2.442066,-34.9730167485560,81.4427169043406,0,5.7e-14
1.0017829446059703,0.0,-0.0025278106432530,0.0000000000000000,-0.0102203868973545,0.0000000000000000,7.9685896290307348,3.0000207241102816,32.415946,2.440029,-34.8559744919097,81.0958459755813,0,5.2e-12
1.0017858951938368,0.0,-0.0025268425361012,0.0000000000000000,-0.0102225415835245,0.0000000000000000,7.9715896290307349,3.0000206803744849,32.301300,2.438001,-34.7393015015289,80.7506101623877,0,3.9e-12
1.0017888424102823,0.0,-0.0025258736631256,0.0000000000000000,-0.0102246938440511,0.0000000000000000,7.9745896290307341,3.0000206367071942,32.187015,2.435982,-34.6229971954188,80.4070034662184,0,1.5e-12
1.0017917862613723,0.0,-0.0025249040293443,0.0000000000000000,-0.0102268436854121,0.0000000000000000,7.9775896290307342,3.0000205931082307,32.073089,2.433973,-34.5070609999331,80.0650148873372,0,1.0e-11
1.0017947267526330,0.0,-0.0025239336397252,0.0000000000000000,-0.0102289911146809,0.0000000000000000,7.9805896290307343,3.0000205495774068,31.959521,2.431972,-34.3914924504036,79.7246488859302,0,1.0e-13
1.0017976638908512,0.0,-0.0025229624989735,0.0000000000000000,-0.0102311361383744,0.0000000000000000,7.9835896290307344,3.0000205061145406,31.846311,2.429980,-34.2762908643595,79.3858852839682,0,4.2e-13
1.0018005976819231,0.0,-0.0025219906119764,0.0000000000000000,-0.0102332787632485,0.0000000000000000,7.9865896290307345,3.0000204627194473,31.733459,2.427996,-34.1614556876320,79.0487199071262,0,1.1e-13
1.0018035281320741,0.0,-0.0025210179835417,0.0000000000000000,-0.0102354189959432,0.0000000000000000,7.9895896290307347,3.0000204193919453,31.620965,2.426022,-34.0469863104992,78.7131423875535,0,8.6e-12
1.0018064552466674,0.0,-0.0025200446185620,0.0000000000000000,-0.0102375568431935,0.0000000000000000,7.9925896290307348,3.0000203761318556,31.508826,2.424056,-33.9328822228373,78.3791592209903,0,1.3e-11
1.0018093790321407,0.0,-0.0025190705216628,0.0000000000000000,-0.0102396923113975,0.0000000000000000,7.9955896290307340,3.0000203329390032,31.397043,2.422099,-33.8191427384791,78.0467583166051,0,5.5e-11
1.0018122994958836,0.0,-0.0025180956979673,0.0000000000000000,-0.0102418254070816,0.0000000000000000,7.9985896290307341,3.0000202898131771,31.285617,2.420150,-33.7057671432355,77.7158922278941,0,2.6e-12
1.0018152166420062,0.0,-0.0025171201519917,0.0000000000000000,-0.0102439561368654,0.0000000000000000,8.0015896290307342,3.0000202467542301,31.174545,2.418210,-33.5927549859784,77.3866041119464,0,6.2e-13
1.0018181304773712,0.0,-0.0025161438884701,0.0000000000000000,-0.0102460845072981,0.0000000000000000,8.0045896290307343,3.0000202037619705,31.063827,2.416279,-33.4801055576697,77.0588682282707,0,3.6e-12
1.0018210410074508,0.0,-0.0025151669124207,0.0000000000000000,-0.0102482105245275,0.0000000000000000,8.0075896290307345,3.0000201608362222,30.953462,2.414356,-33.3678182704375,76.7326805117963,0,7.9e-13
1.0018239482386879,0.0,-0.0025141892283917,0.0000000000000000,-0.0102503341951925,0.0000000000000000,8.0105896290307346,3.0000201179768040,30.843451,2.412442,-33.2558924394708,76.4080292106485,0,4.8e-13
1.0018268521769003,0.0,-0.0025132108411672,0.0000000000000000,-0.0102524555255684,0.0000000000000000,8.0135896290307347,3.0000200751835386,30.733792,2.410536,-33.1443274241284,76.0849081421227,0,8.8e-14
1.0018297528283953,0.0,-0.0025122317550430,0.0000000000000000,-0.0102545745227488,0.0000000000000000,8.0165896290307348,3.0000200324562454,30.624484,2.408639,-33.0331225754731,75.7633150926197,0,1.3e-11
1.0018326501979076,0.0,-0.0025112519759993,0.0000000000000000,-0.0102566911906822,0.0000000000000000,8.0195896290307349,3.0000199897947630,30.515528,2.406749,-32.9222772123719,75.4432290176628,0,5.2e-12
1.0018355442925304,0.0,-0.0025102715075742,0.0000000000000000,-0.0102588055379487,0.0000000000000000,8.0225896290307350,3.0000199471988958,30.406922,2.404869,-32.8117906927486,75.1246533588937,0,5.3e-13
1.0018384351177567,0.0,-0.0025092903547565,0.0000000000000000,-0.0102609175699775,0.0000000000000000,8.0255896290307351,3.0000199046684788,30.298666,2.402996,-32.7016623231267,74.8075795325119,0,1.6e-13
1.0018413226802303,0.0,-0.0025083085227968,0.0000000000000000,-0.0102630272916975,0.0000000000000000,8.0285896290307335,3.0000198622033323,30.190760,2.401132,-32.5918912320441,74.4919660569443,0,9.3e-11
1.0018442069834201,0.0,-0.0025073260148098,0.0000000000000000,-0.0102651347130349,0.0000000000000000,8.0315896290307336,3.0000198198032897,30.083201,2.399276,-32.4824773322575,74.1779059300027,0,9.6e-13
1.0018470880356125,0.0,-0.0025063428369600,0.0000000000000000,-0.0102672398363737,0.0000000000000000,8.0345896290307337,3.0000197774681703,29.975991,2.397428,-32.3734193258650,73.8652915261741,0,2.5e-12
1.0018499658409843,0.0,-0.0025053589930843,0.0000000000000000,-0.0102693426697798,0.0000000000000000,8.0375896290307338,3.0000197351978084,29.869127,2.395589,-32.2647168865245,73.5541762970108,0,8.2e-11
1.0018528404076616,0.0,-0.0025043744889807,0.0000000000000000,-0.0102714432167208,0.0000000000000000,8.0405896290307339,3.0000196929920135,29.762612,2.393757,-32.1563688033602,73.2444686213353,0,4.4e-14
1.0018557117391567,0.0,-0.0025033893280383,0.0000000000000000,-0.0102735414858994,0.0000000000000000,8.0435896290307340,3.0000196508506316,29.656441,2.391934,-32.0483748780216,72.9362471916651,0,1.4e-13
1.0018585798417690,0.0,-0.0025024035153144,0.0000000000000000,-0.0102756374824028,0.0000000000000000,8.0465896290307342,3.0000196087734881,29.550616,2.390119,-31.9407342605292,72.6294804616875,0,1.3e-11
1.0018614447219443,0.0,-0.0025014170553753,0.0000000000000000,-0.0102777312120622,0.0000000000000000,8.0495896290307343,3.0000195667604048,29.445135,2.388311,-31.8334461257078,72.3241478348284,0,3.0e-13
1.0018643063847390,0.0,-0.0025004299528537,0.0000000000000000,-0.0102798226809002,0.0000000000000000,8.0525896290307344,3.0000195248112176,29.339998,2.386512,-31.7265098562206,72.0202558762259,0,8.6e-14
1.0018671648368096,0.0,-0.0024994422132711,0.0000000000000000,-0.0102819118933513,0.0000000000000000,8.0555896290307345,3.0000194829257403,29.235205,2.384720,-31.6199244794140,71.7177519298812,0,1.2e-10
1.0018700200817729,0.0,-0.0024984538383634,0.0000000000000000,-0.0102839988594429,0.0000000000000000,8.0585896290307346,3.0000194411038463,29.130753,2.382937,-31.5136898802228,71.4167516125221,0,3.3e-13
1.0018728721274255,0.0,-0.0024974648355390,0.0000000000000000,-0.0102860835807912,0.0000000000000000,8.0615896290307347,3.0000193993453252,29.026643,2.381161,-31.4078047011283,71.1171252601603,0,7.5e-14
1.0018757209787568,0.0,-0.0024964752084001,0.0000000000000000,-0.0102881660645816,0.0000000000000000,8.0645896290307348,3.0000193576500198,28.922875,2.379394,-31.3022684037809,70.8189066597511,0,9.3e-13
1.0018785666413281,0.0,-0.0024954849614899,0.0000000000000000,-0.0102902463163960,0.0000000000000000,8.0675896290307350,3.0000193160177697,28.819446,2.377634,-31.1970802383516,70.5220908262831,0,6.5e-12
1.0018814091210368,0.0,-0.0024944940993377,0.0000000000000000,-0.0102923243424018,0.0000000000000000,8.0705896290307351,3.0000192744483947,28.716358,2.375882,-31.0922394662718,70.2266666511392,0,2.7e-13
1.0018842484237711,0.0,-0.0024935026264002,0.0000000000000000,-0.0102944001478067,0.0000000000000000,8.0735896290307352,3.0000192329417366,28.613608,2.374137,-30.9877452377905,69.9326231154437,0,2.2e-11
1.0018870845538361,0.0,-0.0024925105474334,0.0000000000000000,-0.0102964737384392,0.0000000000000000,8.0765896290307353,3.0000191914976333,28.511197,2.372400,-30.8835970150503,69.6399739380507,0,3.8e-12
1.0018899175182485,0.0,-0.0024915178667615,0.0000000000000000,-0.0102985451197350,0.0000000000000000,8.0795896290307336,3.0000191501159126,28.409123,2.370671,-30.7797937977292,69.3486883420779,0,1.5e-11
1.0018927473219039,0.0,-0.0024905245886439,0.0000000000000000,-0.0103006142978830,0.0000000000000000,8.0825896290307337,3.0000191087964123,28.307385,2.368950,-30.6763349792877,69.0587796019117,0,5.2e-12
1.0018955739700000,0.0,-0.0024895307180013,0.0000000000000000,-0.0103026812781552,0.0000000000000000,8.0855896290307339,3.0000190675389646,28.205983,2.367236,-30.5732198258144,68.7702372417586,0,4.1e-11
1.0018983974700681,0.0,-0.0024885362590652,0.0000000000000000,-0.0103047460652077,0.0000000000000000,8.0885896290307340,3.0000190263434074,28.104917,2.365530,-30.4704471584741,68.4830213089736,0,7.2e-13
1.0019012178255382,0.0,-0.0024875412163289,0.0000000000000000,-0.0103068086656413,0.0000000000000000,8.0915896290307341,3.0000189852095782,28.004185,2.363831,-30.3680166401017,68.1971664388124,0,7.7e-14
1.0019040350426565,0.0,-0.0024865455942618,0.0000000000000000,-0.0103088690845428,0.0000000000000000,8.0945896290307342,3.0000189441373135,27.903787,2.362140,-30.2659273356512,67.9126511962812,0,1.2e-13
1.0019068491269345,0.0,-0.0024855493973003,0.0000000000000000,-0.0103109273273541,0.0000000000000000,8.0975896290307343,3.0000189031264499,27.803722,2.360456,-30.1641784592722,67.6294693133490,0,6.9e-14
1.0019096600847939,0.0,-0.0024845526293628,0.0000000000000000,-0.0103129833996443,0.0000000000000000,8.1005896290307344,3.0000188621768307,27.703989,2.358780,-30.0627690875130,67.3476092521801,0,1.9e-11
1.0019124679189437,0.0,-0.0024835552963985,0.0000000000000000,-0.0103150373063379,0.0000000000000000,8.1035896290307345,3.0000188212882817,27.604588,2.357111,-29.9616988241571,67.0670792824149,0,9.3e-13
1.0019152726376372,0.0,-0.0024825574013166,0.0000000000000000,-0.0103170890532056,0.0000000000000000,8.1065896290307347,3.0000187804606537,27.505517,2.355450,-29.8609664693106,66.7878574134496,0,7.4e-14
1.0019180742452445,0.0,-0.0024815589489843,0.0000000000000000,-0.0103191386453709,0.0000000000000000,8.1095896290307348,3.0000187396937874,27.406776,2.353795,-29.7605713773597,66.5099460801138,0,1.2e-11
1.0019208727476727,0.0,-0.0024805599438420,0.0000000000000000,-0.0103211860883662,0.0000000000000000,8.1125896290307349,3.0000186989875104,27.308364,2.352149,-29.6605126867919,66.2333287992391,0,2.6e-13
1.0019236681498755,0.0,-0.0024795603902392,0.0000000000000000,-0.0103232313872015,0.0000000000000000,8.1155896290307350,3.0000186583416744,27.210281,2.350509,-29.5607896476447,65.9580088927491,0,6.9e-13
1.0019264604576792,0.0,-0.0024785602920589,0.0000000000000000,-0.0103252745472391,0.0000000000000000,8.1185896290307351,3.0000186177561314,27.112524,2.348877,-29.4614014064546,65.6839843053207,0,3.7e-11
1.0019292496757020,0.0,-0.0024775596551931,0.0000000000000000,-0.0103273155735220,0.0000000000000000,8.1215896290307334,3.0000185772306813,27.015096,2.347252,-29.3623472207190,65.4112252938912,0,1.0e-12
1.0019320358101513,0.0,-0.0024765584824438,0.0000000000000000,-0.0103293544714204,0.0000000000000000,8.1245896290307336,3.0000185367652068,26.917993,2.345634,-29.2636261985709,65.1397484727900,0,1.1e-13
1.0019348188660306,0.0,-0.0024755567786901,0.0000000000000000,-0.0103313912460236,0.0000000000000000,8.1275896290307337,3.0000184963595387,26.821215,2.344023,-29.1652375631091,64.8695411482220,0,2.1e-12
1.0019375988492183,0.0,-0.0024745545480431,0.0000000000000000,-0.0103334259022857,0.0000000000000000,8.1305896290307338,3.0000184560135241,26.724761,2.342419,-29.0671803932465,64.6005929021225,0,1.2e-11
1.0019403757637582,0.0,-0.0024735517954859,0.0000000000000000,-0.0103354584457060,0.0000000000000000,8.1335896290307339,3.0000184157269905,26.628631,2.340823,-28.9694541040439,64.3329047260152,0,7.6e-13
1.0019431496162119,0.0,-0.0024725485246855,0.0000000000000000,-0.0103374888809852,0.0000000000000000,8.1365896290307340,3.0000183754997987,26.532824,2.339233,-28.8720576446682,64.0664640074156,0,8.2e-14
1.0019459204114745,0.0,-0.0024715447401584,0.0000000000000000,-0.0103395172132846,0.0000000000000000,8.1395896290307341,3.0000183353317871,26.437340,2.337651,-28.7749902615419,63.8012667973890,0,9.5e-14
1.0019486881548492,0.0,-0.0024705404462041,0.0000000000000000,-0.0103415434476227,0.0000000000000000,8.1425896290307342,3.0000182952228016,26.342176,2.336075,-28.6782511232020,63.5373067579297,0,3.3e-13
1.0019514528516349,0.0,-0.0024695356470846,0.0000000000000000,-0.0103435675890314,0.0000000000000000,8.1455896290307344,3.0000182551726864,26.247333,2.334507,-28.5818393985207,63.2745779777063,0,1.6e-12
1.0019542145069518,0.0,-0.0024685303472981,0.0000000000000000,-0.0103455896421128,0.0000000000000000,8.1485896290307345,3.0000182151812913,26.152809,2.332945,-28.4857542356567,63.0130719403094,0,3.3e-12
1.0019569731263964,0.0,-0.0024675245506395,0.0000000000000000,-0.0103476096125818,0.0000000000000000,8.1515896290307346,3.0000181752484578,26.058604,2.331391,-28.3899948285702,62.7527872309829,0,3.3e-14
1.0019597287149662,0.0,-0.0024665182617348,0.0000000000000000,-0.0103496275046646,0.0000000000000000,8.1545896290307347,3.0000181353740372,25.964717,2.329843,-28.2945603027477,62.4937138223207,0,2.1e-12
1.0019624812773860,0.0,-0.0024655114845097,0.0000000000000000,-0.0103516433242967,0.0000000000000000,8.1575896290307348,3.0000180955578721,25.871147,2.328302,-28.1994500231053,62.2358610890205,0,4.5e-11
1.0019652308203650,0.0,-0.0024645042242647,0.0000000000000000,-0.0103536570736897,0.0000000000000000,8.1605896290307349,3.0000180557998122,25.777895,2.326768,-28.1046625630078,61.9791746193912,0,2.1e-11
1.0019679773471044,0.0,-0.0024634964836999,0.0000000000000000,-0.0103556687606347,0.0000000000000000,8.1635896290307350,3.0000180160997210,25.684957,2.325241,-28.0101978231977,61.7237163226438,0,2.7e-11
1.0019707208646247,0.0,-0.0024624882680650,0.0000000000000000,-0.0103576783885926,0.0000000000000000,8.1665896290307352,3.0000179764574177,25.592334,2.323720,-27.9160544039299,61.4694254347830,0,6.3e-13
1.0019734613766695,0.0,-0.0024614795813984,0.0000000000000000,-0.0103596859623692,0.0000000000000000,8.1695896290307353,3.0000179368727751,25.500025,2.322207,-27.8222317574908,61.2163249178324,0,2.9e-12
1.0019761988895552,0.0,-0.0024604704274060,0.0000000000000000,-0.0103616914872627,0.0000000000000000,8.1725896290307354,3.0000178973456335,25.408029,2.320699,-27.7287288865997,60.9643999185229,0,1.4e-12
1.0019789334077422,0.0,-0.0024594608109125,0.0000000000000000,-0.0103636949674533,0.0000000000000000,8.1755896290307337,3.0000178578758443,25.316346,2.319199,-27.6355449790874,60.7136423431661,0,1.2e-11
1.0019816649361843,0.0,-0.0024584507357885,0.0000000000000000,-0.0103656964078284,0.0000000000000000,8.1785896290307338,3.0000178184632653,25.224974,2.317705,-27.5426792613723,60.4640564207464,0,1.9e-13
1.0019843934800747,0.0,-0.0024574402064554,0.0000000000000000,-0.0103676958134153,0.0000000000000000,8.1815896290307339,3.0000177791077323,25.133913,2.316218,-27.4501308617393,60.2156286557386,0,1.4e-11
1.0019871190454719,0.0,-0.0024564292266152,0.0000000000000000,-0.0103696931878874,0.0000000000000000,8.1845896290307341,3.0000177398091221,25.043161,2.314738,-27.3578987090021,59.9683498395212,0,3.3e-12
1.0019898416362820,0.0,-0.0024554178010064,0.0000000000000000,-0.0103716885367375,0.0000000000000000,8.1875896290307342,3.0000177005672635,24.952718,2.313264,-27.2659821876566,59.7222191516484,0,1.6e-13
1.0019925612580498,0.0,-0.0024544059334540,0.0000000000000000,-0.0103736818644201,0.0000000000000000,8.1905896290307343,3.0000176613820178,24.862584,2.311796,-27.1743803653572,59.4772308071185,0,2.5e-13
1.0019952779157113,0.0,-0.0024533936281922,0.0000000000000000,-0.0103756731753940,0.0000000000000000,8.1935896290307344,3.0000176222532411,24.772757,2.310335,-27.0830923910463,59.2333793049532,0,4.6e-12
1.0019979916145583,0.0,-0.0024523808893219,0.0000000000000000,-0.0103776624743814,0.0000000000000000,8.1965896290307345,3.0000175831807798,24.683236,2.308881,-26.9921173648355,58.9906553826448,0,8.9e-13
1.0020007023593660,0.0,-0.0024513677209907,0.0000000000000000,-0.0103796497657943,0.0000000000000000,8.1995896290307346,3.0000175441644936,24.594021,2.307433,-26.9014544719229,58.7490575234021,0,3.9e-14
1.0020034101552662,0.0,-0.0024503541273284,0.0000000000000000,-0.0103816350541520,0.0000000000000000,8.2025896290307347,3.0000175052042364,24.505111,2.305991,-26.8111028233486,58.5085779568872,0,6.9e-13
1.0020061150058106,0.0,-0.0024493401128986,0.0000000000000000,-0.0103836183449245,0.0000000000000000,8.2055896290307349,3.0000174662998442,24.416505,2.304556,-26.7210618702094,58.2692222439675,0,4.6e-11
1.0020088169197436,0.0,-0.0024483256804920,0.0000000000000000,-0.0103855996398121,0.0000000000000000,8.2085896290307350,3.0000174274512297,24.328202,2.303128,-26.6313299412512,58.0309597560308,0,2.3e-11
1.0020115158994252,0.0,-0.0024473108352246,0.0000000000000000,-0.0103875789461096,0.0000000000000000,8.2115896290307351,3.0000173886581867,24.240202,2.301705,-26.5419067715348,57.7937981169837,0,7.3e-12
1.0020142119492270,0.0,-0.0024462955815662,0.0000000000000000,-0.0103895562667261,0.0000000000000000,8.2145896290307352,3.0000173499205958,24.152502,2.300289,-26.4527914871824,57.5577358544859,0,6.7e-14
1.0020169050752399,0.0,-0.0024452799226297,0.0000000000000000,-0.0103915316069713,0.0000000000000000,8.2175896290307353,3.0000173112383162,24.065104,2.298879,-26.3639831554017,57.3227690160351,0,1.1e-11
1.0020195952821007,0.0,-0.0024442638633042,0.0000000000000000,-0.0103935049703818,0.0000000000000000,8.2205896290307354,3.0000172726111982,23.978005,2.297476,-26.2754808111644,57.0888803750395,0,5.7e-12
1.0020222825746870,0.0,-0.0024432474067852,0.0000000000000000,-0.0103954763624341,0.0000000000000000,8.2235896290307355,3.0000172340391051,23.891205,2.296078,-26.1872837865734,56.8560821768407,0,1.6e-11
1.0020249669580819,0.0,-0.0024422305581047,0.0000000000000000,-0.0103974457859545,0.0000000000000000,8.2265896290307357,3.0000171955218913,23.804704,2.294687,-26.0993909465046,56.6243478405460,0,7.2e-14
1.0020276484369643,0.0,-0.0024412133205820,0.0000000000000000,-0.0103994132464788,0.0000000000000000,8.2295896290307340,3.0000171570594181,23.718499,2.293302,-26.0118016460145,56.3936887872843,0,6.3e-12
1.0020303270165352,0.0,-0.0024401956985438,0.0000000000000000,-0.0104013787476626,0.0000000000000000,8.2325896290307341,3.0000171186515443,23.632591,2.291923,-25.9245148662374,56.1640898109159,0,9.7e-14
1.0020330027012578,0.0,-0.0024391776957062,0.0000000000000000,-0.0104033422944775,0.0000000000000000,8.2355896290307342,3.0000170802981296,23.546979,2.290551,-25.8375299175727,55.9355571778219,0,2.3e-11
1.0020356754966864,0.0,-0.0024381593168583,0.0000000000000000,-0.0104053038898578,0.0000000000000000,8.2385896290307343,3.0000170419990271,23.461662,2.289184,-25.7508455783213,55.7080611627337,0,1.4e-11
1.0020383454065476,0.0,-0.0024371405652992,0.0000000000000000,-0.0104072635392194,0.0000000000000000,8.2415896290307344,3.0000170037541101,23.376638,2.287824,-25.6644614149653,55.4816265556294,0,3.0e-13
1.0020410124365562,0.0,-0.0024361214452537,0.0000000000000000,-0.0104092212463867,0.0000000000000000,8.2445896290307346,3.0000169655632294,23.291907,2.286469,-25.5783762948835,55.2562306332462,0,1.9e-13
1.0020436765906411,0.0,-0.0024351019601991,0.0000000000000000,-0.0104111770164463,0.0000000000000000,8.2475896290307347,3.0000169274262554,23.207468,2.285121,-25.4925896903601,55.0318907244542,0,7.0e-11
1.0020463378755087,0.0,-0.0024340821156761,0.0000000000000000,-0.0104131308508921,0.0000000000000000,8.2505896290307348,3.0000168893430317,23.123321,2.283779,-25.4070998857411,54.8085459945722,0,4.5e-12
1.0020489962940717,0.0,-0.0024330619142441,0.0000000000000000,-0.0104150827563715,0.0000000000000000,8.2535896290307349,3.0000168513134366,23.039465,2.282442,-25.3219068201214,54.5862443301970,0,4.0e-13
1.0020516518522344,0.0,-0.0024320413602632,0.0000000000000000,-0.0104170327360301,0.0000000000000000,8.2565896290307350,3.0000168133373291,22.955898,2.281112,-25.2370092435854,54.3649579066814,0,2.8e-11
1.0020543045532142,0.0,-0.0024310204576754,0.0000000000000000,-0.0104189807947955,0.0000000000000000,8.2595896290307351,3.0000167754145717,22.872620,2.279787,-25.1524066958998,54.1447029481093,0,1.4e-13
1.0020569544032905,0.0,-0.0024299992105374,0.0000000000000000,-0.0104209269358370,0.0000000000000000,8.2625896290307352,3.0000167375450268,22.789629,2.278468,-25.0680978836429,53.9254520496159,0,1.7e-12
1.0020596014067367,0.0,-0.0024289776227726,0.0000000000000000,-0.0104228711634876,0.0000000000000000,8.2655896290307354,3.0000166997285591,22.706926,2.277156,-24.9840820649509,53.7072070374658,0,3.0e-12
1.0020622455685133,0.0,-0.0024279556982791,0.0000000000000000,-0.0104248134818436,0.0000000000000000,8.2685896290307355,3.0000166619650299,22.624510,2.275849,-24.9003583210253,53.4899602416316,0,6.5e-12
1.0020648868927815,0.0,-0.0024269334415110,0.0000000000000000,-0.0104267538944706,0.0000000000000000,8.2715896290307356,3.0000166242543029,22.542379,2.274548,-24.8169258012849,53.2737053131415,0,3.3e-11
1.0020675253844284,0.0,-0.0024259108552299,0.0000000000000000,-0.0104286924064677,0.0000000000000000,8.2745896290307357,3.0000165865962574,22.460532,2.273252,-24.7337838616397,53.0584560807821,0,3.8e-13
1.0020701610484755,0.0,-0.0024248879445137,0.0000000000000000,-0.0104306290205262,0.0000000000000000,8.2775896290307340,3.0000165489907427,22.378969,2.271963,-24.6509312733912,52.8441821357416,0,9.1e-12
1.0020727938892822,0.0,-0.0024238647125992,0.0000000000000000,-0.0104325637417453,0.0000000000000000,8.2805896290307341,3.0000165114376278,22.297688,2.270679,-24.5683674166118,52.6308939766946,0,2.5e-13
1.0020754239116778,0.0,-0.0024228411637678,0.0000000000000000,-0.0104344965732258,0.0000000000000000,8.2835896290307343,3.0000164739367818,22.216690,2.269401,-24.4860912809457,52.4185791494113,0,9.9e-13
1.0020780511202512,0.0,-0.0024218173017835,0.0000000000000000,-0.0104364275191922,0.0000000000000000,8.2865896290307344,3.0000164364880719,22.135973,2.268129,-24.4041020497160,52.2072356875624,0,4.8e-13
1.0020806755196725,0.0,-0.0024207931306711,0.0000000000000000,-0.0104383565832918,0.0000000000000000,8.2895896290307345,3.0000163990913635,22.055537,2.266862,-24.3223988093937,51.9968562790753,0,7.7e-12
1.0020832971144467,0.0,-0.0024197686540163,0.0000000000000000,-0.0104402837700586,0.0000000000000000,8.2925896290307346,3.0000163617465230,21.975380,2.265601,-24.2409808030110,51.7874420306818,0,5.3e-13
1.0020859159093400,0.0,-0.0024187438759756,0.0000000000000000,-0.0104422090827352,0.0000000000000000,8.2955896290307347,3.0000163244534210,21.895501,2.264346,-24.1598470506699,51.5789823484572,0,1.2e-13
1.0020885319089712,0.0,-0.0024177188002286,0.0000000000000000,-0.0104441325256548,0.0000000000000000,8.2985896290307348,3.0000162872119205,21.815901,2.263096,-24.0789967309014,51.3714745513385,0,3.8e-12
1.0020911451177015,0.0,-0.0024166934309769,0.0000000000000000,-0.0104460541017539,0.0000000000000000,8.3015896290307349,3.0000162500219023,21.736577,2.261852,-23.9984289463030,51.1649132650436,0,2.3e-12
1.0020937555413654,0.0,-0.0024156677714907,0.0000000000000000,-0.0104479738155072,0.0000000000000000,8.3045896290307351,3.0000162128832244,21.657530,2.260613,-23.9181426444844,50.9592859958331,0,2.8e-11
1.0020963631813691,0.0,-0.0024146418265590,0.0000000000000000,-0.0104498916709887,0.0000000000000000,8.3075896290307352,3.0000161757957580,21.578758,2.259380,-23.8381375731699,50.7546117572417,0,3.3e-12
1.0020989680453969,0.0,-0.0024136155992163,0.0000000000000000,-0.0104518076713629,0.0000000000000000,8.3105896290307353,3.0000161387593747,21.500260,2.258152,-23.7584122271009,50.5508611552291,0,9.6e-14
1.0021015701368938,0.0,-0.0024125890935286,0.0000000000000000,-0.0104537218206412,0.0000000000000000,8.3135896290307354,3.0000161017739453,21.422036,2.256930,-23.6789659773413,50.3480391053517,0,2.2e-13
1.0021041694604034,0.0,-0.0024115623133620,0.0000000000000000,-0.0104556341225148,0.0000000000000000,8.3165896290307355,3.0000160648393397,21.344084,2.255714,-23.5997979466599,50.1461402154524,0,7.6e-14
1.0021067660204606,0.0,-0.0024105352625415,0.0000000000000000,-0.0104575445806954,0.0000000000000000,8.3195896290307356,3.0000160279554295,21.266405,2.254502,-23.5209072675833,49.9451597181410,0,6.8e-14
1.0021093598215518,0.0,-0.0024095079448848,0.0000000000000000,-0.0104594531988752,0.0000000000000000,8.3225896290307357,3.0000159911220861,21.188997,2.253297,-23.4422930785414,49.7450931511804,0,6.6e-13
1.0021119508682022,0.0,-0.0024084803642140,0.0000000000000000,-0.0104613599807289,0.0000000000000000,8.3255896290307341,3.0000159543391804,21.111858,2.252096,-23.3639545080784,49.5459354480882,0,3.6e-14
1.0021145391648973,0.0,-0.0024074525243457,0.0000000000000000,-0.0104632649298802,0.0000000000000000,8.3285896290307342,3.0000159176065861,21.034990,2.250901,-23.2858906886819,49.3476818657758,0,2.3e-12
1.0021171247160510,0.0,-0.0024064244290150,0.0000000000000000,-0.0104651680500794,0.0000000000000000,8.3315896290307343,3.0000158809241748,20.958389,2.249712,-23.2081007888948,49.1503293805334,0,4.1e-13
1.0021197075261234,0.0,-0.0024053960821188,0.0000000000000000,-0.0104670693448226,0.0000000000000000,8.3345896290307344,3.0000158442918208,20.882057,2.248527,-23.1305839217012,48.9538719326092,0,7.9e-14
1.0021222875996185,0.0,-0.0024043674873775,0.0000000000000000,-0.0104689688177679,0.0000000000000000,8.3375896290307345,3.0000158077093966,20.805991,2.247348,-23.0533392265658,48.7583052733795,0,1.3e-13
1.0021248649409380,0.0,-0.0024033386485847,0.0000000000000000,-0.0104708664725013,0.0000000000000000,8.3405896290307346,3.0000157711767761,20.730191,2.246174,-22.9763658510189,48.5636251750786,0,2.3e-13
1.0021274395542570,0.0,-0.0024023095699242,0.0000000000000000,-0.0104727623124947,0.0000000000000000,8.3435896290307348,3.0000157346938265,20.654657,2.245006,-22.8996628868722,48.3698224783837,0,2.5e-11
1.0021300114447467,0.0,-0.0024012802539455,0.0000000000000000,-0.0104746563415730,0.0000000000000000,8.3465896290307349,3.0000156982604449,20.579387,2.243843,-22.8232296120052,48.1769061440110,0,2.1e-13
1.0021325806154078,0.0,-0.0024002507058152,0.0000000000000000,-0.0104765485630778,0.0000000000000000,8.3495896290307350,3.0000156618764828,20.504380,2.242685,-22.7470651598661,47.9848626595217,0,1.7e-11
1.0021351470727440,0.0,-0.0023992209283411,0.0000000000000000,-0.0104784389803839,0.0000000000000000,8.3525896290307351,3.0000156255418244,20.429637,2.241532,-22.6711683523654,47.7936794826626,0,5.5e-14
1.0021377108192693,0.0,-0.0023981909257868,0.0000000000000000,-0.0104803275972113,0.0000000000000000,8.3555896290307352,3.0000155892563463,20.355155,2.240384,-22.5955387079958,47.6033653155414,0,3.0e-12
1.0021402718600629,0.0,-0.0023971607018060,0.0000000000000000,-0.0104822144170708,0.0000000000000000,8.3585896290307353,3.0000155530199182,20.280934,2.239242,-22.5201751942880,47.4139081763115,0,8.7e-12
1.0021428301995090,0.0,-0.0023961302590598,0.0000000000000000,-0.0104840994443872,0.0000000000000000,8.3615896290307354,3.0000155168324296,20.206973,2.238104,-22.4450772544324,47.2253203857934,0,4.2e-11
1.0021453858414040,0.0,-0.0023950996041279,0.0000000000000000,-0.0104859826793128,0.0000000000000000,8.3645896290307356,3.0000154806937434,20.133271,2.236972,-22.3702434019266,47.0375626638451,0,1.9e-13
1.0021479387910281,0.0,-0.0023940687379266,0.0000000000000000,-0.0104878641288192,0.0000000000000000,8.3675896290307357,3.0000154446037404,20.059829,2.235845,-22.2956732825935,46.8506585570031,0,1.4e-11
1.0021504890519053,0.0,-0.0023930376654121,0.0000000000000000,-0.0104897437942026,0.0000000000000000,8.3705896290307340,3.0000154085623123,19.986644,2.234722,-22.2213659538747,46.6645988443659,0,1.8e-11
1.0021530366283529,0.0,-0.0023920063896220,0.0000000000000000,-0.0104916216810637,0.0000000000000000,8.3735896290307341,3.0000153725693131,19.913715,2.233605,-22.1473207073792,46.4793824592099,0,3.6e-12
1.0021555815250622,0.0,-0.0023909749145069,0.0000000000000000,-0.0104934977909773,0.0000000000000000,8.3765896290307342,3.0000153366246449,19.841043,2.232493,-22.0735365629547,46.2950034223985,0,2.9e-11
1.0021581237462247,0.0,-0.0023899432446503,0.0000000000000000,-0.0104953721272655,0.0000000000000000,8.3795896290307343,3.0000153007281631,19.768626,2.231386,-22.0000124147390,46.1114416918203,0,5.5e-13
1.0021606632960787,0.0,-0.0023889113826527,0.0000000000000000,-0.0104972446940495,0.0000000000000000,8.3825896290307345,3.0000152648797642,19.696464,2.230284,-21.9267477584086,45.9287114414774,0,5.4e-13
1.0021632001788887,0.0,-0.0023878793325052,0.0000000000000000,-0.0104991154944743,0.0000000000000000,8.3855896290307346,3.0000152290793221,19.624555,2.229187,-21.8537416523655,45.7468031864677,0,7.8e-14
1.0021657343983967,0.0,-0.0023868470981112,0.0000000000000000,-0.0105009845315238,0.0000000000000000,8.3885896290307347,3.0000151933267230,19.552898,2.228095,-21.7809933506906,45.5657165076281,0,2.0e-11
1.0021682659602533,0.0,-0.0023858146827145,0.0000000000000000,-0.0105028518092282,0.0000000000000000,8.3915896290307348,3.0000151576218292,19.481494,2.227008,-21.7085017006154,45.3854347453267,0,7.5e-14
1.0021707948672791,0.0,-0.0023847820903936,0.0000000000000000,-0.0105047173301826,0.0000000000000000,8.3945896290307349,3.0000151219645388,19.410341,2.225925,-21.6362661765336,45.2059664871624,0,1.9e-14
1.0021733211250674,0.0,-0.0023837493241727,0.0000000000000000,-0.0105065810982168,0.0000000000000000,8.3975896290307350,3.0000150863547250,19.339438,2.224848,-21.5642857176555,45.0273004237717,0,1.3e-11
1.0021758447351510,0.0,-0.0023827163891871,0.0000000000000000,-0.0105084431156867,0.0000000000000000,8.4005896290307351,3.0000150507922734,19.268785,2.223775,-21.4925598295774,44.8494410793291,0,1.9e-12
1.0021783657043346,0.0,-0.0023816832876271,0.0000000000000000,-0.0105103033866835,0.0000000000000000,8.4035896290307353,3.0000150152770622,19.198380,2.222707,-21.4210873498875,44.6723765605510,0,1.3e-14
1.0021808840359798,0.0,-0.0023806500236184,0.0000000000000000,-0.0105121619142044,0.0000000000000000,8.4065896290307354,3.0000149798089741,19.128223,2.221644,-21.3498675367282,44.4961047223448,0,1.3e-13
1.0021833997342353,0.0,-0.0023796166008088,0.0000000000000000,-0.0105140187014347,0.0000000000000000,8.4095896290307355,3.0000149443878921,19.058314,2.220586,-21.2788995645621,44.3206219140052,0,4.6e-13
1.0021859128032444,0.0,-0.0023785830228268,0.0000000000000000,-0.0105158737515852,0.0000000000000000,8.4125896290307356,3.0000149090136983,18.988650,2.219532,-21.2081826081225,44.1459244067329,0,1.2e-13
1.0021884232471878,0.0,-0.0023775492933044,0.0000000000000000,-0.0105177270678327,0.0000000000000000,8.4155896290307357,3.0000148736862755,18.919232,2.218484,-21.1377158249475,43.9720077885680,0,4.9e-13
1.0021909310701551,0.0,-0.0023765154158745,0.0000000000000000,-0.0105195786533361,0.0000000000000000,8.4185896290307340,3.0000148384055074,18.850059,2.217440,-21.0674984000861,43.7988686322269,0,1.3e-13
1.0021934362763096,0.0,-0.0023754813940747,0.0000000000000000,-0.0105214285113922,0.0000000000000000,8.4215896290307342,3.0000148031712781,18.781129,2.216400,-20.9975295135660,43.6265033181261,0,3.0e-12
1.0021959388697403,0.0,-0.0023744472317088,0.0000000000000000,-0.0105232766447900,0.0000000000000000,8.4245896290307343,3.0000147679834712,18.712442,2.215366,-20.9278083040387,43.4549066038655,0,2.6e-12
1.0021984388552105,0.0,-0.0023734129322645,0.0000000000000000,-0.0105251230571286,0.0000000000000000,8.4275896290307344,3.0000147328419597,18.643998,2.214336,-20.8583337493047,43.2840667034682,0,4.2e-11
1.0022009362349544,0.0,-0.0023723784992702,0.0000000000000000,-0.0105269677509392,0.0000000000000000,8.4305896290307345,3.0000146977466633,18.575795,2.213311,-20.7891056792024,43.1140056603137,0,3.5e-14
1.0022034310148737,0.0,-0.0023713439364238,0.0000000000000000,-0.0105288107298212,0.0000000000000000,8.4335896290307346,3.0000146626974313,18.507833,2.212290,-20.7201226292871,42.9446941579320,0,5.5e-14
1.0022059231984335,0.0,-0.0023703092472937,0.0000000000000000,-0.0105306519966820,0.0000000000000000,8.4365896290307347,3.0000146276941626,18.440110,2.211274,-20.6513839895504,42.7761366742988,0,6.8e-14
1.0022084127897368,0.0,-0.0023692744354735,0.0000000000000000,-0.0105324915545619,0.0000000000000000,8.4395896290307348,3.0000145927367408,18.372626,2.210263,-20.5828889293018,42.6083289997397,0,2.2e-12
1.0022108997928130,0.0,-0.0023682395045441,0.0000000000000000,-0.0105343294065480,0.0000000000000000,8.4425896290307350,3.0000145578250539,18.305381,2.209256,-20.5146366346432,42.4412673947119,0,6.4e-12
1.0022133842115837,0.0,-0.0023672044580494,0.0000000000000000,-0.0105361655557469,0.0000000000000000,8.4455896290307351,3.0000145229589874,18.238373,2.208253,-20.4466263342517,42.2749496328813,0,5.8e-12
1.0022158660505447,0.0,-0.0023661692994949,0.0000000000000000,-0.0105380000050399,0.0000000000000000,8.4485896290307352,3.0000144881384290,18.171602,2.207256,-20.3788571044506,42.1093686937444,0,1.4e-11
1.0022183453127247,0.0,-0.0023651340326279,0.0000000000000000,-0.0105398327575759,0.0000000000000000,8.4515896290307353,3.0000144533632680,18.105066,2.206263,-20.3113283672328,41.9445279788660,0,2.5e-13
1.0022208220030300,0.0,-0.0023640986608627,0.0000000000000000,-0.0105416638162966,0.0000000000000000,8.4545896290307354,3.0000144186333864,18.038765,2.205274,-20.2440390851488,41.7804165654865,0,3.8e-12
1.0022232961268762,0.0,-0.0023630631885113,0.0000000000000000,-0.0105434931832336,0.0000000000000000,8.4575896290307355,3.0000143839486544,17.972700,2.204289,-20.1769877733198,41.6170066853700,0,1.2e-10
1.0022257676833501,0.0,-0.0023620276170347,0.0000000000000000,-0.0105453208640841,0.0000000000000000,8.4605896290307356,3.0000143493090223,17.906866,2.203310,-20.1101758026933,41.4543717574999,0,1.2e-12
1.0022282366812088,0.0,-0.0023609919520445,0.0000000000000000,-0.0105471468591763,0.0000000000000000,8.4635896290307358,3.0000143147143157,17.841266,2.202334,-20.0436002270077,41.2924322200228,0,7.0e-13
1.0022307031228752,0.0,-0.0023599561963911,0.0000000000000000,-0.0105489711722307,0.0000000000000000,8.4665896290307341,3.0000142801644452,17.775898,2.201363,-19.9772609497031,41.1312097523777,0,1.6e-13
1.0022331670122662,0.0,-0.0023589203535872,0.0000000000000000,-0.0105507938063064,0.0000000000000000,8.4695896290307342,3.0000142456592989,17.710760,2.200397,-19.9111571771710,40.9707008372287,0,3.6e-14
1.0022356283533518,0.0,-0.0023578844271973,0.0000000000000000,-0.0105526147642375,0.0000000000000000,8.4725896290307343,3.0000142111987667,17.645853,2.199435,-19.8452880961375,40.8109014997106,0,1.0e-12
1.0022380871501873,0.0,-0.0023568484214130,0.0000000000000000,-0.0105544340479905,0.0000000000000000,8.4755896290307344,3.0000141767827366,17.581176,2.198477,-19.7796526811178,40.6518001655549,0,4.2e-11
1.0022405434062516,0.0,-0.0023558123376598,0.0000000000000000,-0.0105562516634078,0.0000000000000000,8.4785896290307345,3.0000141424111049,17.516727,2.197523,-19.7142508628493,40.4934189179718,0,8.9e-13
1.0022429971259523,0.0,-0.0023547761815843,0.0000000000000000,-0.0105580676103530,0.0000000000000000,8.4815896290307347,3.0000141080837559,17.452507,2.196574,-19.6490810946889,40.3357277991244,0,1.4e-13
1.0022454483144454,0.0,-0.0023537399560150,0.0000000000000000,-0.0105598818916294,0.0000000000000000,8.4845896290307348,3.0000140738005876,17.388514,2.195629,-19.5841424699181,40.1787224447595,0,4.8e-11
1.0022478969715731,0.0,-0.0023527036640756,0.0000000000000000,-0.0105616945137928,0.0000000000000000,8.4875896290307349,3.0000140395614694,17.324746,2.194689,-19.5194352910430,40.0224285274451,0,7.7e-12
1.0022503431047507,0.0,-0.0023516673101062,0.0000000000000000,-0.0105635054751460,0.0000000000000000,8.4905896290307350,3.0000140053663249,17.261205,2.193753,-19.4549577402943,39.8668154976291,0,4.1e-13
1.0022527867172153,0.0,-0.0023506308968701,0.0000000000000000,-0.0105653147808375,0.0000000000000000,8.4935896290307351,3.0000139712150244,17.197889,2.192821,-19.3907092991167,39.7118866343438,0,7.9e-13
1.0022552278125374,0.0,-0.0023495944281042,0.0000000000000000,-0.0105671224332757,0.0000000000000000,8.4965896290307352,3.0000139371074659,17.134796,2.191893,-19.3266892142833,39.5576394625157,0,7.8e-14
1.0022576663944214,0.0,-0.0023485579070734,0.0000000000000000,-0.0105689284354999,0.0000000000000000,8.4995896290307353,3.0000139030435440,17.071927,2.190969,-19.2628968216692,39.4040745939066,0,1.9e-11
1.0022601024670947,0.0,-0.0023475213375303,0.0000000000000000,-0.0105707327902811,0.0000000000000000,8.5025896290307355,3.0000138690231393,17.009281,2.190050,-19.1993310934383,39.2511801507569,0,1.3e-11
1.0022625360341781,0.0,-0.0023464847232923,0.0000000000000000,-0.0105725354990171,0.0000000000000000,8.5055896290307356,3.0000138350461669,16.946856,2.189135,-19.1359913300515,39.0989567063898,0,5.8e-12
1.0022649670995072,0.0,-0.0023454480671456,0.0000000000000000,-0.0105743365663210,0.0000000000000000,8.5085896290307357,3.0000138011124999,16.884653,2.188224,-19.0728768326703,38.9474022487758,0,3.5e-13
1.0022673956668042,0.0,-0.0023444113728199,0.0000000000000000,-0.0105761359942398,0.0000000000000000,8.5115896290307340,3.0000137672220419,16.822670,2.187317,-19.0099868199768,38.7965137027063,0,1.5e-13
1.0022698217399371,0.0,-0.0023433746437859,0.0000000000000000,-0.0105779337855239,0.0000000000000000,8.5145896290307341,3.0000137333746841,16.760906,2.186414,-18.9473204927441,38.6462869566306,0,4.9e-14
1.0022722453227089,0.0,-0.0023423378835026,0.0000000000000000,-0.0105797299428961,0.0000000000000000,8.5175896290307342,3.0000136995703213,16.699361,2.185516,-18.8848770724703,38.4967185562257,0,9.7e-14
1.0022746664189062,0.0,-0.0023413010954446,0.0000000000000000,-0.0105815244690301,0.0000000000000000,8.5205896290307344,3.0000136658088477,16.638034,2.184621,-18.8226557823454,38.3478050610631,0,1.0e-12
1.0022770850339318,0.0,-0.0023402642835709,0.0000000000000000,-0.0105833173659970,0.0000000000000000,8.5235896290307345,3.0000136320901389,16.576926,2.183731,-18.7606551452141,38.1995220736887,0,1.2e-10
1.0022795011668069,0.0,-0.0023392274496828,0.0000000000000000,-0.0105851086384039,0.0000000000000000,8.5265896290307346,3.0000135984141507,16.516032,2.182845,-18.6988765123321,38.0519299451200,0,5.2e-12
1.0022819148256406,0.0,-0.0023381905989922,0.0000000000000000,-0.0105868982874231,0.0000000000000000,8.5295896290307347,3.0000135647807094,16.455355,2.181962,-18.6373170136902,37.9049611937829,0,1.4e-11
1.0022843260130254,0.0,-0.0023371537337070,0.0000000000000000,-0.0105886863160949,0.0000000000000000,8.5325896290307348,3.0000135311897527,16.394893,2.181084,-18.5759768003605,37.7586422435636,0,2.3e-11
1.0022867347327220,0.0,-0.0023361168587113,0.0000000000000000,-0.0105904727260126,0.0000000000000000,8.5355896290307349,3.0000134976411541,16.334645,2.180210,-18.5148545679926,37.6129518016498,0,3.0e-12
1.0022891409878567,0.0,-0.0023350799754352,0.0000000000000000,-0.0105922575219113,0.0000000000000000,8.5385896290307350,3.0000134641348337,16.274610,2.179340,-18.4539504078768,37.4679133150669,0,7.2e-11
1.0022915447835303,0.0,-0.0023340430898409,0.0000000000000000,-0.0105940407040785,0.0000000000000000,8.5415896290307352,3.0000134306706445,16.214789,2.178473,-18.3932622150701,37.3234820574812,0,1.3e-12
1.0022939461220433,0.0,-0.0023330062029322,0.0000000000000000,-0.0105958222770406,0.0000000000000000,8.5445896290307353,3.0000133972485332,16.155180,2.177611,-18.3327905896215,37.1796969322715,0,2.1e-11
1.0022963450077818,0.0,-0.0023319693195770,0.0000000000000000,-0.0105976022424920,0.0000000000000000,8.5475896290307354,3.0000133638683648,16.095782,2.176752,-18.2725339773365,37.0365297396033,0,6.3e-12
1.0022987414438251,0.0,-0.0023309324426318,0.0000000000000000,-0.0105993806031779,0.0000000000000000,8.5505896290307355,3.0000133305300545,16.036594,2.175898,-18.2124920790941,36.8939912707598,0,1.5e-12
1.0023011354345073,0.0,-0.0023298955754654,0.0000000000000000,-0.0106011573617421,0.0000000000000000,8.5535896290307356,3.0000132972334952,15.977617,2.175047,-18.1526639283284,36.7520724373816,0,2.8e-12
1.0023035269831979,0.0,-0.0023288587215418,0.0000000000000000,-0.0106029325212056,0.0000000000000000,8.5565896290307357,3.0000132639785773,15.918848,2.174201,-18.0930487734733,36.6107692417841,0,6.2e-12
1.0023059160935475,0.0,-0.0023278218845727,0.0000000000000000,-0.0106047060828782,0.0000000000000000,8.5595896290307341,3.0000132307652150,15.860288,2.173358,-18.0336459195706,36.4700810657496,0,1.8e-12
1.0023083027691850,0.0,-0.0023267850674604,0.0000000000000000,-0.0106064780506241,0.0000000000000000,8.5625896290307342,3.0000131975932951,15.801936,2.172519,-17.9744546579998,36.3300051538549,0,7.5e-12
1.0023106870135710,0.0,-0.0023257482739684,0.0000000000000000,-0.0106082484262710,0.0000000000000000,8.5655896290307343,3.0000131644627217,15.743790,2.171684,-17.9154742372974,36.1905382771732,0,2.4e-11
1.0023130688313082,0.0,-0.0023247115073184,0.0000000000000000,-0.0106100172126461,0.0000000000000000,8.5685896290307344,3.0000131313733824,15.685851,2.170853,-17.8567036093474,36.0516693020672,0,1.1e-13
1.0023154482250156,0.0,-0.0023236747708822,0.0000000000000000,-0.0106117844121426,0.0000000000000000,8.5715896290307345,3.0000130983251907,15.628117,2.170025,-17.7981424085996,35.9134053217570,0,5.0e-12
1.0023178251980589,0.0,-0.0023226380679169,0.0000000000000000,-0.0106135500274694,0.0000000000000000,8.5745896290307346,3.0000130653180492,15.570588,2.169201,-17.7397900120950,35.7757462598369,0,2.4e-11
1.0023201997546316,0.0,-0.0023216014021024,0.0000000000000000,-0.0106153140608262,0.0000000000000000,8.5775896290307347,3.0000130323518479,15.513263,2.168382,-17.6816453715507,35.6386805954663,0,4.0e-11
1.0023225718985138,0.0,-0.0023205647773502,0.0000000000000000,-0.0106170765133141,0.0000000000000000,8.5805896290307349,3.0000129994264992,15.456142,2.167565,-17.6237076557038,35.5022034866841,0,3.8e-11
1.0023249416335223,0.0,-0.0023195281954122,0.0000000000000000,-0.0106188373911961,0.0000000000000000,8.5835896290307332,3.0000129665418673,15.399223,2.166753,-17.5659762029450,35.3663125842418,0,1.0e-13
1.0023273089622240,0.0,-0.0023184916608669,0.0000000000000000,-0.0106205966937071,0.0000000000000000,8.5865896290307333,3.0000129336978993,15.342506,2.165944,-17.5084505892210,35.2310141987132,0,3.4e-13
1.0023296738880427,0.0,-0.0023174551763757,0.0000000000000000,-0.0106223544250897,0.0000000000000000,8.5895896290307334,3.0000129008944785,15.285990,2.165139,-17.4511301760834,35.0963067884537,0,3.8e-11
1.0023320364163599,0.0,-0.0023164187465981,0.0000000000000000,-0.0106241105850978,0.0000000000000000,8.5925896290307335,3.0000128681315057,15.229675,2.164338,-17.3940134044598,34.9621670215821,0,1.6e-12
1.0023343965491931,0.0,-0.0023153823734135,0.0000000000000000,-0.0106258651789813,0.0000000000000000,8.5955896290307336,3.0000128354088833,15.173560,2.163541,-17.3371003389283,34.8286115228093,0,2.9e-12
1.0023367542899055,0.0,-0.0023143460610029,0.0000000000000000,-0.0106276182079821,0.0000000000000000,8.5985896290307338,3.0000128027265163,15.117643,2.162747,-17.2803901047302,34.6956331416725,0,1.7e-12
1.0023391096428342,0.0,-0.0023133098123356,0.0000000000000000,-0.0106293696747564,0.0000000000000000,8.6015896290307339,3.0000127700843029,15.061925,2.161956,-17.2238818415776,34.5632260870236,0,1.4e-12
1.0023414626111153,0.0,-0.0023122736308665,0.0000000000000000,-0.0106311195816247,0.0000000000000000,8.6045896290307340,3.0000127374821490,15.006405,2.161170,-17.1675749242990,34.4313896196564,0,6.4e-13
1.0023438131982949,0.0,-0.0023112375199545,0.0000000000000000,-0.0106328679310173,0.0000000000000000,8.6075896290307341,3.0000127049199556,14.951082,2.160387,-17.1114686031945,34.3001199695675,0,1.1e-13
1.0023461614079789,0.0,-0.0023102014828797,0.0000000000000000,-0.0106346147252812,0.0000000000000000,8.6105896290307342,3.0000126723976277,14.895955,2.159607,-17.0555621624823,34.1694144285992,0,7.1e-13
1.0023485072435092,0.0,-0.0023091655230504,0.0000000000000000,-0.0106363599667361,0.0000000000000000,8.6135896290307343,3.0000126399150684,14.841023,2.158832,-16.9998549091003,34.0392705235600,0,1.6e-13
1.0023508507084644,0.0,-0.0023081296437286,0.0000000000000000,-0.0106381036578028,0.0000000000000000,8.6165896290307344,3.0000126074721818,14.786287,2.158059,-16.9443461208188,33.9096852272536,0,6.1e-14
1.0023531918062925,0.0,-0.0023070938482576,0.0000000000000000,-0.0106398458008093,0.0000000000000000,8.6195896290307346,3.0000125750688711,14.731744,2.157291,-16.8890350920336,33.7806557944645,0,2.9e-14
1.0023555305404268,0.0,-0.0023060581399882,0.0000000000000000,-0.0106415863980987,0.0000000000000000,8.6225896290307347,3.0000125427050408,14.677396,2.156526,-16.8339211107016,33.6521792424736,0,2.4e-12
1.0023578669143833,0.0,-0.0023050225218867,0.0000000000000000,-0.0106433254521337,0.0000000000000000,8.6255896290307348,3.0000125103806021,14.623239,2.155764,-16.7790036126021,33.5242566278065,0,1.9e-11
1.0023602009315697,0.0,-0.0023039869980752,0.0000000000000000,-0.0106450629648168,0.0000000000000000,8.6285896290307349,3.0000124780954454,14.569276,2.155006,-16.7242815532640,33.3968760750907,0,2.4e-12
1.0023625325954475,0.0,-0.0023029515710954,0.0000000000000000,-0.0106467989389510,0.0000000000000000,8.6315896290307332,3.0000124458494870,14.515503,2.154251,-16.6697545413240,33.2700430203523,0,2.0e-12
1.0023648619095615,0.0,-0.0023019162447961,0.0000000000000000,-0.0106485333761245,0.0000000000000000,8.6345896290307333,3.0000124136426316,14.461922,2.153500,-16.6154216887326,33.1437501003239,0,1.1e-11
1.0023671888767411,0.0,-0.0023008810219098,0.0000000000000000,-0.0106502662797433,0.0000000000000000,8.6375896290307335,3.0000123814747837,14.408530,2.152753,-16.5612825891842,33.0180010765909,0,2.3e-13
1.0023695135010882,0.0,-0.0022998459061233,0.0000000000000000,-0.0106519976512117,0.0000000000000000,8.6405896290307336,3.0000123493458486,14.355328,2.152008,-16.5073362694422,32.8927871236365,0,1.1e-13
1.0023718357854405,0.0,-0.0022988109008968,0.0000000000000000,-0.0106537274931561,0.0000000000000000,8.6435896290307337,3.0000123172557265,14.302314,2.151268,-16.4535820754246,32.7681057436267,0,1.6e-11
1.0023741557343935,0.0,-0.0022977760086183,0.0000000000000000,-0.0106554558075361,0.0000000000000000,8.6465896290307338,3.0000122852043436,14.249489,2.150530,-16.4000194494699,32.6439593050362,0,3.1e-12
1.0023764733495648,0.0,-0.0022967412337805,0.0000000000000000,-0.0106571825967819,0.0000000000000000,8.6495896290307339,3.0000122531915876,14.196851,2.149797,-16.3466476368117,32.5203411556079,0,4.7e-13
1.0023787886345241,0.0,-0.0022957065781127,0.0000000000000000,-0.0106589078647602,0.0000000000000000,8.6525896290307340,3.0000122212173732,14.144400,2.149066,-16.2934663835671,32.3972593204417,0,5.9e-11
1.0023811015952260,0.0,-0.0022946720475910,0.0000000000000000,-0.0106606316089255,0.0000000000000000,8.6555896290307341,3.0000121892816045,14.092135,2.148339,-16.2404736306692,32.2746811298140,0,1.3e-14
1.0023834122321551,0.0,-0.0022936376429568,0.0000000000000000,-0.0106623538362248,0.0000000000000000,8.6585896290307343,3.0000121573841914,14.040055,2.147615,-16.1876701022235,32.1526344827204,0,4.5e-14
1.0023857205496900,0.0,-0.0022926033682643,0.0000000000000000,-0.0106640745473504,0.0000000000000000,8.6615896290307344,3.0000121255250418,13.988160,2.146895,-16.1350546488968,32.0311066695226,0,3.4e-13
1.0023880265509426,0.0,-0.0022915692269734,0.0000000000000000,-0.0106657937443330,0.0000000000000000,8.6645896290307345,3.0000120937040644,13.936449,2.146178,-16.0826266127845,31.9100953843930,0,9.1e-13
1.0023903302390345,0.0,-0.0022905352211680,0.0000000000000000,-0.0106675114303655,0.0000000000000000,8.6675896290307346,3.0000120619211814,13.884921,2.145464,-16.0303858393893,31.7896102097193,0,8.3e-11
1.0023926316185354,0.0,-0.0022895013572156,0.0000000000000000,-0.0106692276050478,0.0000000000000000,8.6705896290307347,3.0000120301762565,13.833577,2.144753,-15.9783300262385,31.6696111674669,0,2.8e-14
1.0023949306914470,0.0,-0.0022884676352569,0.0000000000000000,-0.0106709422731531,0.0000000000000000,8.6735896290307348,3.0000119984692448,13.782414,2.144046,-15.9264601647393,31.5501339043931,0,2.5e-12
1.0023972274614417,0.0,-0.0022874340597171,0.0000000000000000,-0.0106726554358155,0.0000000000000000,8.6765896290307349,3.0000119668000411,13.731433,2.143342,-15.8747750310639,31.4311631208978,0,6.6e-12
1.0023995219319055,0.0,-0.0022864006338380,0.0000000000000000,-0.0106743670953655,0.0000000000000000,8.6795896290307333,3.0000119351685499,13.680632,2.142642,-15.8232738865274,31.3126946960432,0,3.1e-13
1.0024018141055031,0.0,-0.0022853673602753,0.0000000000000000,-0.0106760772544412,0.0000000000000000,8.6825896290307334,3.0000119035746948,13.630011,2.141945,-15.7719565293028,31.1947362374479,0,5.0e-11
1.0024041039873801,0.0,-0.0022843342448225,0.0000000000000000,-0.0106777859121259,0.0000000000000000,8.6855896290307335,3.0000118720183586,13.579571,2.141250,-15.7208208775809,31.0772547981089,0,3.9e-11
1.0024063915787995,0.0,-0.0022833012861297,0.0000000000000000,-0.0106794930763350,0.0000000000000000,8.6885896290307336,3.0000118404994804,13.529309,2.140560,-15.6698682634914,30.9602909126665,0,5.2e-12
1.0024086768837901,0.0,-0.0022822684910110,0.0000000000000000,-0.0106811987447557,0.0000000000000000,8.6915896290307337,3.0000118090179542,13.479225,2.139872,-15.6190967636756,30.8438145645696,0,7.2e-12
1.0024109599056523,0.0,-0.0022812358618821,0.0000000000000000,-0.0106829029205096,0.0000000000000000,8.6945896290307338,3.0000117775736945,13.429319,2.139187,-15.5685059352232,30.7278281330576,0,2.1e-12
1.0024132406474457,0.0,-0.0022802034017700,0.0000000000000000,-0.0106846056058594,0.0000000000000000,8.6975896290307340,3.0000117461666154,13.379589,2.138506,-15.5180952800769,30.6123325579099,0,3.0e-14
1.0024155191122102,0.0,-0.0022791711139628,0.0000000000000000,-0.0106863068029306,0.0000000000000000,8.7005896290307341,3.0000117147966283,13.330036,2.137828,-15.4678641806779,30.4973259954768,0,1.6e-11
1.0024177953050266,0.0,-0.0022781390016685,0.0000000000000000,-0.0106880065140935,0.0000000000000000,8.7035896290307342,3.0000116834636197,13.280659,2.137153,-15.4178112342555,30.3827909594444,0,5.7e-11
1.0024200692255256,0.0,-0.0022771070682960,0.0000000000000000,-0.0106897047402061,0.0000000000000000,8.7065896290307343,3.0000116521675606,13.231456,2.136481,-15.3679373576100,30.2687568317124,0,2.0e-12
1.0024223408797899,0.0,-0.0022760753169098,0.0000000000000000,-0.0106914014846691,0.0000000000000000,8.7095896290307344,3.0000116209083090,13.182428,2.135812,-15.3182405704196,30.1551939744665,0,3.6e-13
1.0024246102702206,0.0,-0.0022750437507416,0.0000000000000000,-0.0106930967490890,0.0000000000000000,8.7125896290307345,3.0000115896857942,13.133574,2.135147,-15.2687206486228,30.0421087316954,0,1.5e-14
1.0024268773999783,0.0,-0.0022740123730203,0.0000000000000000,-0.0106947905355027,0.0000000000000000,8.7155896290307346,3.0000115584999301,13.084893,2.134484,-15.2193769636336,29.9294990323761,0,2.7e-12
1.0024291422722658,0.0,-0.0022729811870188,0.0000000000000000,-0.0106964828459932,0.0000000000000000,8.7185896290307348,3.0000115273506260,13.036384,2.133825,-15.1702088292654,29.8173615587330,0,7.1e-13
1.0024314048902805,0.0,-0.0022719501957513,0.0000000000000000,-0.0106981736826914,0.0000000000000000,8.7215896290307349,3.0000114962377991,12.988047,2.133169,-15.1212156953303,29.7056959007552,0,8.0e-12
1.0024336652571164,0.0,-0.0022709194029526,0.0000000000000000,-0.0106998630471729,0.0000000000000000,8.7245896290307332,3.0000114651613576,12.939881,2.132515,-15.0723967643839,29.5944963219262,0,2.1e-14
1.0024359233760296,0.0,-0.0022698888112020,0.0000000000000000,-0.0107015509419883,0.0000000000000000,8.7275896290307333,3.0000114341212210,12.891886,2.131865,-15.0237516090015,29.4837649195744,0,7.9e-12
1.0024381792502548,0.0,-0.0022688584241552,0.0000000000000000,-0.0107032373688230,0.0000000000000000,8.7305896290307334,3.0000114031172962,12.844061,2.131218,-14.9752793820806,29.3734950080454,0,1.0e-12
1.0024404328825656,0.0,-0.0022678282449014,0.0000000000000000,-0.0107049223297977,0.0000000000000000,8.7335896290307335,3.0000113721495021,12.796406,2.130574,-14.9269796356501,29.2636878169797,0,1.1e-13
1.0024426842764944,0.0,-0.0022667982764899,0.0000000000000000,-0.0107066058269227,0.0000000000000000,8.7365896290307337,3.0000113412177520,12.748919,2.129933,-14.8788516838642,29.1543402097893,0,3.1e-12
1.0024449334350138,0.0,-0.0022657685223446,0.0000000000000000,-0.0107082878620837,0.0000000000000000,8.7395896290307338,3.0000113103219590,12.701600,2.129295,-14.8308948533220,29.0454488522309,0,5.8e-13
1.0024471803613757,0.0,-0.0022647389855217,0.0000000000000000,-0.0107099684373751,0.0000000000000000,8.7425896290307339,3.0000112794620364,12.654449,2.128659,-14.7831085260694,28.9370117464181,0,6.0e-12
1.0024494250584404,0.0,-0.0022637096692149,0.0000000000000000,-0.0107116475546398,0.0000000000000000,8.7455896290307340,3.0000112486379056,12.607465,2.128027,-14.7354922183321,28.8290293020458,0,2.7e-12
1.0024516675295314,0.0,-0.0022626805767513,0.0000000000000000,-0.0107133252159089,0.0000000000000000,8.7485896290307341,3.0000112178494738,12.560647,2.127398,-14.6880451218942,28.7214956582021,0,7.8e-13
1.0024539077776593,0.0,-0.0022616517112292,0.0000000000000000,-0.0107150014231059,0.0000000000000000,8.7515896290307342,3.0000111870966601,12.513995,2.126772,-14.6407667234109,28.6144106778015,0,1.1e-12
1.0024561458059105,0.0,-0.0022606230758044,0.0000000000000000,-0.0107166761782271,0.0000000000000000,8.7545896290307343,3.0000111563793812,12.467508,2.126148,-14.5936564141958,28.5077723111058,0,2.3e-12
1.0024583816184767,0.0,-0.0022595946740851,0.0000000000000000,-0.0107183494823890,0.0000000000000000,8.7575896290307345,3.0000111256975459,12.421186,2.125528,-14.5467131429972,28.4015707080910,0,4.3e-11
1.0024606152153019,0.0,-0.0022585665082555,0.0000000000000000,-0.0107200213397158,0.0000000000000000,8.7605896290307346,3.0000110950510845,12.375027,2.124910,-14.4999374549340,28.2958238740554,0,3.4e-13
1.0024628466023060,0.0,-0.0022575385822445,0.0000000000000000,-0.0107216917501774,0.0000000000000000,8.7635896290307347,3.0000110644399034,12.329032,2.124296,-14.4533277793854,28.1905131023931,0,1.9e-11
1.0024650757821407,0.0,-0.0022565108995139,0.0000000000000000,-0.0107233607158449,0.0000000000000000,8.7665896290307348,3.0000110338639132,12.283199,2.123684,-14.4068834343227,28.0856345769925,0,3.4e-13
1.0024673027573601,0.0,-0.0022554834625855,0.0000000000000000,-0.0107250282392212,0.0000000000000000,8.7695896290307349,3.0000110033230412,12.237529,2.123075,-14.3606042403449,27.9811940287633,0,2.6e-13
1.0024695275309117,0.0,-0.0022544562750984,0.0000000000000000,-0.0107266943217785,0.0000000000000000,8.7725896290307332,3.0000109728172011,12.192020,2.122469,-14.3144894668477,27.8771868702203,0,2.7e-13
1.0024717501061757,0.0,-0.0022534293398862,0.0000000000000000,-0.0107283589657194,0.0000000000000000,8.7755896290307334,3.0000109423463099,12.146673,2.121866,-14.2685385021662,27.7736110214179,0,9.9e-15
1.0024739704850361,0.0,-0.0022524026601832,0.0000000000000000,-0.0107300221732893,0.0000000000000000,8.7785896290307335,3.0000109119102856,12.101485,2.121266,-14.2227510263480,27.6704688391095,0,3.1e-11
1.0024761886734521,0.0,-0.0022513762394959,0.0000000000000000,-0.0107316839447759,0.0000000000000000,8.7815896290307336,3.0000108815090427,12.056458,2.120668,-14.1771256110819,27.5677448117985,0,2.9e-13
1.0024784046715451,0.0,-0.0022503500806243,0.0000000000000000,-0.0107333442836562,0.0000000000000000,8.7845896290307337,3.0000108511425023,12.011589,2.120073,-14.1316624858513,27.4654502518350,0,2.6e-13
1.0024806184832495,0.0,-0.0022493241868752,0.0000000000000000,-0.0107350031912271,0.0000000000000000,8.7875896290307338,3.0000108208105822,11.966879,2.119481,-14.0863607920998,27.3635788212091,0,1.2e-13
1.0024828301116049,0.0,-0.0022482985613862,0.0000000000000000,-0.0107366606693682,0.0000000000000000,8.7905896290307339,3.0000107905131999,11.922328,2.118892,-14.0412199307772,27.2621283711131,0,2.1e-13
1.0024850395597120,0.0,-0.0022472732072735,0.0000000000000000,-0.0107383167199680,0.0000000000000000,8.7935896290307340,3.0000107602502726,11.877933,2.118306,-13.9962392844407,27.1610964374689,0,3.9e-12
1.0024872468301613,0.0,-0.0022462481278755,0.0000000000000000,-0.0107399713446659,0.0000000000000000,8.7965896290307342,3.0000107300217236,11.833696,2.117722,-13.9514183649906,27.0604825855723,0,7.4e-13
1.0024894519259597,0.0,-0.0022452233262062,0.0000000000000000,-0.0107416245454706,0.0000000000000000,8.7995896290307343,3.0000106998274707,11.789615,2.117142,-13.9067566072245,26.9602851675862,0,1.6e-11
1.0024916548511806,0.0,-0.0022441988053129,0.0000000000000000,-0.0107432763242353,0.0000000000000000,8.8025896290307344,3.0000106696674247,11.745690,2.116563,-13.8622530626034,26.8604963296884,0,1.6e-12
1.0024938556073468,0.0,-0.0022431745685544,0.0000000000000000,-0.0107449266826414,0.0000000000000000,8.8055896290307345,3.0000106395415158,11.701920,2.115988,-13.8179076128205,26.7611215243747,0,3.3e-12
1.0024960541980301,0.0,-0.0022421506191274,0.0000000000000000,-0.0107465756224289,0.0000000000000000,8.8085896290307346,3.0000106094496597,11.658304,2.115415,-13.7737194332805,26.6621547884655,0,4.9e-13
1.0024982506261251,0.0,-0.0022411269600103,0.0000000000000000,-0.0107482231455624,0.0000000000000000,8.8115896290307347,3.0000105793917746,11.614843,2.114845,-13.7296880215867,26.5635954598441,0,1.6e-13
1.0025004448957231,0.0,-0.0022401035947529,0.0000000000000000,-0.0107498692534666,0.0000000000000000,8.8145896290307348,3.0000105493677682,11.571535,2.114278,-13.6858122128808,26.4654320328885,0,7.2e-11
1.0025026370063101,0.0,-0.0022390805254570,0.0000000000000000,-0.0107515139488151,0.0000000000000000,8.8175896290307350,3.0000105193776037,11.528380,2.113713,-13.6420931584835,26.3676905161701,0,1.1e-13
1.0025048269642349,0.0,-0.0022380577563255,0.0000000000000000,-0.0107531572324908,0.0000000000000000,8.8205896290307333,3.0000104894211588,11.485377,2.113151,-13.5985285616361,26.2703410252049,0,2.9e-13
1.0025070147714610,0.0,-0.0022370352902954,0.0000000000000000,-0.0107547991064671,0.0000000000000000,8.8235896290307334,3.0000104594983625,11.442526,2.112592,-13.5551182856024,26.1733886541850,0,1.7e-11
1.0025092004303673,0.0,-0.0022360131300726,0.0000000000000000,-0.0107564395727632,0.0000000000000000,8.8265896290307335,3.0000104296091505,11.399827,2.112035,-13.5118621726416,26.0768381852799,0,8.1e-14
1.0025113839442099,0.0,-0.0022349912790102,0.0000000000000000,-0.0107580786330925,0.0000000000000000,8.8295896290307336,3.0000103997534326,11.357278,2.111481,-13.4687593866403,25.9806832872940,0,1.7e-11
1.0025135653161250,0.0,-0.0022339697407660,0.0000000000000000,-0.0107597162886787,0.0000000000000000,8.8325896290307337,3.0000103699311276,11.314879,2.110930,-13.4258091049667,25.8849179024705,0,6.9e-13
1.0025157445486670,0.0,-0.0022329485177380,0.0000000000000000,-0.0107613525418066,0.0000000000000000,8.8355896290307339,3.0000103401421656,11.272630,2.110381,-13.3830112002255,25.7895472592739,0,7.2e-12
1.0025179216447171,0.0,-0.0022319276132393,0.0000000000000000,-0.0107629873942023,0.0000000000000000,8.8385896290307340,3.0000103103864668,11.230530,2.109835,-13.3403649887436,25.6945674013324,0,2.0e-11
1.0025200966073409,0.0,-0.0022309070310105,0.0000000000000000,-0.0107646208470870,0.0000000000000000,8.8415896290307341,3.0000102806639428,11.188578,2.109291,-13.2978696092211,25.5999715938465,0,1.1e-13
1.0025222694391331,0.0,-0.0022298867734104,0.0000000000000000,-0.0107662529027012,0.0000000000000000,8.8445896290307342,3.0000102509745297,11.146775,2.108750,-13.2555249434013,25.5057650673044,0,4.3e-12
1.0025244401433611,0.0,-0.0022288668433428,0.0000000000000000,-0.0107678835632003,0.0000000000000000,8.8475896290307343,3.0000102213181421,11.105118,2.108212,-13.2133302695639,25.4119433915539,0,1.1e-11
1.0025266087223779,0.0,-0.0022278472454887,0.0000000000000000,-0.0107695128284333,0.0000000000000000,8.8505896290307344,3.0000101916947055,11.063609,2.107676,-13.1712848501330,25.3185015916226,0,3.6e-12
1.0025287751792298,0.0,-0.0022268279813755,0.0000000000000000,-0.0107711407019927,0.0000000000000000,8.8535896290307345,3.0000101621041435,11.022246,2.107143,-13.1293884489404,25.2254429516495,0,5.4e-14
1.0025309395168427,0.0,-0.0022258090547026,0.0000000000000000,-0.0107727671848653,0.0000000000000000,8.8565896290307347,3.0000101325463766,10.981029,2.106612,-13.0876403487460,25.1327630125373,0,1.0e-12
1.0025331017395138,0.0,-0.0022247904679587,0.0000000000000000,-0.0107743922786102,0.0000000000000000,8.8595896290307348,3.0000101030213346,10.939957,2.106083,-13.0460399200760,25.0404593844862,0,1.2e-11
1.0025352618454790,0.0,-0.0022237722261516,0.0000000000000000,-0.0107760159853604,0.0000000000000000,8.8625896290307349,3.0000100735289252,10.899029,2.105557,-13.0045869128261,24.9485327222938,0,4.2e-13
1.0025374198422055,0.0,-0.0022227543304412,0.0000000000000000,-0.0107776383063877,0.0000000000000000,8.8655896290307332,3.0000100440690876,10.858246,2.105034,-12.9632804945010,24.8569789153649,0,3.7e-13
1.0025395757307805,0.0,-0.0022217367847285,0.0000000000000000,-0.0107792592433735,0.0000000000000000,8.8685896290307333,3.0000100146417399,10.817607,2.104513,-12.9221202377554,24.7657971681023,0,3.9e-14
1.0025417295137493,0.0,-0.0022207195912595,0.0000000000000000,-0.0107808787990062,0.0000000000000000,8.8715896290307334,3.0000099852468116,10.777111,2.103995,-12.8811059101226,24.6749903102279,0,3.8e-11
1.0025438811951042,0.0,-0.0022197027554018,0.0000000000000000,-0.0107824969721666,0.0000000000000000,8.8745896290307336,3.0000099558842139,10.736757,2.103479,-12.8402360147352,24.5845423856242,0,7.5e-13
1.0025460307764185,0.0,-0.0022186862780832,0.0000000000000000,-0.0107841137671800,0.0000000000000000,8.8775896290307337,3.0000099265538838,10.696546,2.102965,-12.7995109682105,24.4944657392324,0,1.2e-13
1.0025481782608370,0.0,-0.0022176701631208,0.0000000000000000,-0.0107857291848365,0.0000000000000000,8.8805896290307338,3.0000098972557416,10.656476,2.102454,-12.7589299317627,24.4047541098252,0,3.4e-14
1.0025503236510713,0.0,-0.0022166544136383,0.0000000000000000,-0.0107873432267500,0.0000000000000000,8.8835896290307339,3.0000098679897129,10.616547,2.101946,-12.7184923951947,24.3154060718299,0,2.9e-12
1.0025524669501140,0.0,-0.0022156390327475,0.0000000000000000,-0.0107889558945124,0.0000000000000000,8.8865896290307340,3.0000098387557217,10.576758,2.101440,-12.6781977509890,24.2264188359044,0,1.5e-14
1.0025546081606722,0.0,-0.0022146240232701,0.0000000000000000,-0.0107905671900378,0.0000000000000000,8.8895896290307341,3.0000098095536938,10.537110,2.100936,-12.6380455732341,24.1377922027382,0,3.7e-12
1.0025567472850441,0.0,-0.0022136093891720,0.0000000000000000,-0.0107921771141182,0.0000000000000000,8.8925896290307342,3.0000097803835555,10.497601,2.100435,-12.5980352366122,24.0495228150352,0,2.3e-13
1.0025588843265620,0.0,-0.0022125951327226,0.0000000000000000,-0.0107937856691380,0.0000000000000000,8.8955896290307344,3.0000097512452308,10.458231,2.099936,-12.5581662629415,23.9616099106396,0,3.7e-12
1.0025610192875956,0.0,-0.0022115812572234,0.0000000000000000,-0.0107953928565225,0.0000000000000000,8.8985896290307345,3.0000097221386484,10.418999,2.099439,-12.5184382034029,23.8740527381517,0,9.7e-13
1.0025631521711791,0.0,-0.0022105677659592,0.0000000000000000,-0.0107969986777407,0.0000000000000000,8.9015896290307346,3.0000096930637277,10.379906,2.098945,-12.4788503370133,23.7868468193347,0,1.1e-11
1.0025652829800276,0.0,-0.0022095546616459,0.0000000000000000,-0.0107986031344895,0.0000000000000000,8.9045896290307347,3.0000096640204048,10.340950,2.098453,-12.4394023811079,23.6999939337121,0,7.3e-12
1.0025674117159959,0.0,-0.0022085419480168,0.0000000000000000,-0.0108002062281583,0.0000000000000000,8.9075896290307348,3.0000096350086016,10.302130,2.097963,-12.4000937792457,23.6134914947818,0,1.1e-13
1.0025695383828741,0.0,-0.0022075296273433,0.0000000000000000,-0.0108018079608142,0.0000000000000000,8.9105896290307349,3.0000096060282440,10.263448,2.097476,-12.3609239815173,23.5273377653799,0,1.3e-11
1.0025716629831884,0.0,-0.0022065177037637,0.0000000000000000,-0.0108034083330005,0.0000000000000000,8.9135896290307333,3.0000095770792572,10.224901,2.096991,-12.3218922245760,23.4415274835492,0,1.4e-12
1.0025737855189321,0.0,-0.0022055061796124,0.0000000000000000,-0.0108050073473046,0.0000000000000000,8.9165896290307334,3.0000095481615716,10.186490,2.096509,-12.2829983870217,23.3560643137907,0,3.7e-12
1.0025759059930253,0.0,-0.0022044950573331,0.0000000000000000,-0.0108066050055734,0.0000000000000000,8.9195896290307335,3.0000095192751228,10.148213,2.096029,-12.2442422151049,23.2709502854387,0,6.0e-11
1.0025780244098486,0.0,-0.0022034843419462,0.0000000000000000,-0.0108082013078886,0.0000000000000000,8.9225896290307336,3.0000094904198042,10.110071,2.095550,-12.2056217665112,23.1861642641398,0,5.5e-12
1.0025801407694963,0.0,-0.0022024740356459,0.0000000000000000,-0.0108097962559782,0.0000000000000000,8.9255896290307337,3.0000094615955861,10.072063,2.095075,-12.1671381242707,23.1017260276245,0,1.5e-14
1.0025822550742027,0.0,-0.0022014641421082,0.0000000000000000,-0.0108113898514489,0.0000000000000000,8.9285896290307338,3.0000094328023863,10.034189,2.094601,-12.1287904969948,23.0176297280961,0,3.4e-11
1.0025843673318167,0.0,-0.0022004546611790,0.0000000000000000,-0.0108129820987367,0.0000000000000000,8.9315896290307339,3.0000094040401017,9.996447,2.094130,-12.0905774475650,22.9338627092371,0,2.7e-14
1.0025864775395701,0.0,-0.0021994455996729,0.0000000000000000,-0.0108145729957891,0.0000000000000000,8.9345896290307341,3.0000093753086956,9.958838,2.093661,-12.0524994449533,22.8504348681725,0,1.6e-13
1.0025885857023593,0.0,-0.0021984369588221,0.0000000000000000,-0.0108161625459836,0.0000000000000000,8.9375896290307342,3.0000093466080799,9.921361,2.093195,-12.0145556499951,22.7673407270332,0,2.2e-12
1.0025906918210983,0.0,-0.0021974287431031,0.0000000000000000,-0.0108177507492734,0.0000000000000000,8.9405896290307343,3.0000093179382001,9.884015,2.092730,-11.9767459144713,22.6845828501553,0,3.3e-11
1.0025927959009413,0.0,-0.0021964209551064,0.0000000000000000,-0.0108193376078078,0.0000000000000000,8.9435896290307344,3.0000092892989585,9.846801,2.092268,-11.9390688340033,22.6021482619062,0,1.9e-12
1.0025948979427424,0.0,-0.0021954135972044,0.0000000000000000,-0.0108209231237734,0.0000000000000000,8.9465896290307345,3.0000092606903048,9.809716,2.091808,-11.9015248295090,22.5200471515133,0,8.8e-12
1.0025969979499540,0.0,-0.0021944066729591,0.0000000000000000,-0.0108225072981917,0.0000000000000000,8.9495896290307346,3.0000092321121588,9.772762,2.091351,-11.8641129425962,22.4382719910195,0,4.6e-13
1.0025990959248750,0.0,-0.0021934001854160,0.0000000000000000,-0.0108240901325602,0.0000000000000000,8.9525896290307347,3.0000092035644523,9.735938,2.090895,-11.8268328304498,22.3568231173288,0,6.5e-12
1.0026011918698570,0.0,-0.0021923941375523,0.0000000000000000,-0.0108256716284473,0.0000000000000000,8.9555896290307349,3.0000091750471185,9.699242,2.090442,-11.7896841475860,22.2757007945364,0,4.3e-12
1.0026032857875735,0.0,-0.0021913885326196,0.0000000000000000,-0.0108272517874305,0.0000000000000000,8.9585896290307332,3.0000091465600800,9.662676,2.089990,-11.7526662013549,22.1949008113908,0,7.2e-12
1.0026053776814077,0.0,-0.0021903833736560,0.0000000000000000,-0.0108288306104087,0.0000000000000000,8.9615896290307333,3.0000091181032729,9.626237,2.089541,-11.7157784982298,22.1144218050339,0,5.6e-12
1.0026074675545427,0.0,-0.0021893786627247,0.0000000000000000,-0.0108304081000640,0.0000000000000000,8.9645896290307334,3.0000090896766207,9.589926,2.089095,-11.6790205135486,22.0342619380291,0,5.4e-12
1.0026095554057419,0.0,-0.0021883744060368,0.0000000000000000,-0.0108319842553948,0.0000000000000000,8.9675896290307335,3.0000090612800641,9.553742,2.088650,-11.6423920705371,21.9544224479058,0,5.7e-14
1.0026116412414696,0.0,-0.0021873706034271,0.0000000000000000,-0.0108335590803659,0.0000000000000000,8.9705896290307336,3.0000090329135243,9.517685,2.088207,-11.6058924191314,21.8748995781628,0,1.2e-14
1.0026137250618179,0.0,-0.0021863672589191,0.0000000000000000,-0.0108351325759184,0.0000000000000000,8.9735896290307338,3.0000090045769414,9.481754,2.087767,-11.5695215775138,21.7956974045785,0,4.5e-11
1.0026158068730482,0.0,-0.0021853643760983,0.0000000000000000,-0.0108367047423002,0.0000000000000000,8.9765896290307339,3.0000089762702249,9.445949,2.087329,-11.5332778029728,21.7167994861848,0,2.2e-14
1.0026178866740174,0.0,-0.0021843619575370,0.0000000000000000,-0.0108382755821330,0.0000000000000000,8.9795896290307340,3.0000089479933285,9.410270,2.086892,-11.4971618887525,21.6382193439750,0,4.7e-14
1.0026199644685074,0.0,-0.0021833600064734,0.0000000000000000,-0.0108398450964523,0.0000000000000000,8.9825896290307341,3.0000089197461750,9.374715,2.086458,-11.4611729447285,21.5599505922788,0,2.7e-13
1.0026220402590609,0.0,-0.0021823585259983,0.0000000000000000,-0.0108414132866676,0.0000000000000000,8.9855896290307342,3.0000088915286960,9.339284,2.086026,-11.4253104928363,21.4819916961866,0,2.8e-14
1.0026241140483452,0.0,-0.0021813575192293,0.0000000000000000,-0.0108429801540439,0.0000000000000000,8.9885896290307343,3.0000088633408244,9.303978,2.085596,-11.3895740562403,21.4043411575832,0,1.6e-12
1.0026261858385008,0.0,-0.0021803569890712,0.0000000000000000,-0.0108445457004741,0.0000000000000000,8.9915896290307344,3.0000088351824887,9.268795,2.085168,-11.3539632118313,21.3269979901844,0,5.5e-14
1.0026282556324508,0.0,-0.0021793569387344,0.0000000000000000,-0.0108461099268954,0.0000000000000000,8.9945896290307346,3.0000088070536242,9.233735,2.084743,-11.3184774662018,21.2499605299997,0,2.0e-12
1.0026303234324407,0.0,-0.0021783573712869,0.0000000000000000,-0.0108476728351054,0.0000000000000000,8.9975896290307347,3.0000087789541565,9.198798,2.084319,-11.2831162651667,21.1732262007177,0,9.0e-12
1.0026323892413531,0.0,-0.0021773582898476,0.0000000000000000,-0.0108492344256776,0.0000000000000000,9.0005896290307348,3.0000087508840316,9.163982,2.083897,-11.2478793734001,21.0967964368791,0,6.3e-13
1.0026344530613645,0.0,-0.0021763596973882,0.0000000000000000,-0.0108507947008251,0.0000000000000000,9.0035896290307349,3.0000087228431691,9.129289,2.083477,-11.2127661273210,21.0206672991518,0,3.1e-13
1.0026365148950351,0.0,-0.0021753615970133,0.0000000000000000,-0.0108523536616893,0.0000000000000000,9.0065896290307332,3.0000086948315050,9.094716,2.083060,-11.1777761390031,20.9448382666036,0,4.9e-14
1.0026385747449000,0.0,-0.0021743639917905,0.0000000000000000,-0.0108539113096188,0.0000000000000000,9.0095896290307333,3.0000086668489732,9.060265,2.082644,-11.1429089502622,20.8693079522526,0,9.5e-15
1.0026406326134287,0.0,-0.0021733668847913,0.0000000000000000,-0.0108554676459919,0.0000000000000000,9.0125896290307335,3.0000086388955065,9.025934,2.082231,-11.1081641058890,20.7940749781749,0,1.1e-14
1.0026426885030912,0.0,-0.0021723702790760,0.0000000000000000,-0.0108570226721804,0.0000000000000000,9.0155896290307336,3.0000086109710375,8.991722,2.081819,-11.0735411620148,20.7191380860337,0,1.0e-12
1.0026447424164195,0.0,-0.0021713741777370,0.0000000000000000,-0.0108585763895207,0.0000000000000000,9.0185896290307337,3.0000085830754997,8.957630,2.081409,-11.0390396397157,20.6444956098213,0,8.7e-14
1.0026467943561470,0.0,-0.0021703785838790,0.0000000000000000,-0.0108601287993081,0.0000000000000000,9.0215896290307338,3.0000085552088240,8.923657,2.081002,-11.0046589838959,20.5701450486689,0,1.4e-11
1.0026488443237509,0.0,-0.0021693835004125,0.0000000000000000,-0.0108616799031242,0.0000000000000000,9.0245896290307339,3.0000085273709520,8.889803,2.080596,-10.9703991357021,20.4960893375381,0,6.5e-14
1.0026529383551175,0.0,-0.0021673948773357,0.0000000000000000,-0.0108647781975795,0.0000000000000000,9.0305896290307341,3.0000084717813320,8.822448,2.079791,-10.9022390180900,20.3488454895497,0,2.0e-13
1.0026570245300739,0.0,-0.0021654083330445,0.0000000000000000,-0.0108678712835723,0.0000000000000000,9.0365896290307344,3.0000084163061129,8.755563,2.078993,-10.8345557322180,20.2027534358521,0,6.0e-14
1.0026611028680945,0.0,-0.0021634238920481,0.0000000000000000,-0.0108709591717073,0.0000000000000000,9.0425896290307346,3.0000083609447699,8.689143,2.078203,-10.7673457600660,20.0578027753593,0,2.8e-14
1.0026651733885339,0.0,-0.0021614415789353,0.0000000000000000,-0.0108740418724156,0.0000000000000000,9.0485896290307331,3.0000083056967815,8.623185,2.077421,-10.7006055976494,19.9139830728947,0,4.3e-13
1.0026692361107288,0.0,-0.0021594614180027,0.0000000000000000,-0.0108771193963789,0.0000000000000000,9.0545896290307333,3.0000082505616263,8.557686,2.076646,-10.6343317804999,19.7712841781337,0,3.7e-13
1.0026732910538281,0.0,-0.0021574834337472,0.0000000000000000,-0.0108801917538869,0.0000000000000000,9.0605896290307335,3.0000081955387898,8.492642,2.075879,-10.5685209106475,19.6296964531752,0,5.6e-12
1.0026773382368541,0.0,-0.0021555076512055,0.0000000000000000,-0.0108832589547421,0.0000000000000000,9.0665896290307337,3.0000081406277559,8.428050,2.075119,-10.5031694160111,19.4892081916336,0,6.9e-14
1.0026813776788859,0.0,-0.0021535340942629,0.0000000000000000,-0.0108863210096739,0.0000000000000000,9.0725896290307340,3.0000080858280143,8.363907,2.074367,-10.4382740495265,19.3498110859281,0,3.5e-14
1.0026854093987800,0.0,-0.0021515627875989,0.0000000000000000,-0.0108893779286198,0.0000000000000000,9.0785896290307342,3.0000080311390556,8.300210,2.073622,-10.3738313960973,19.2114947946695,0,4.0e-14
1.0026894334153320,0.0,-0.0021495937557223,0.0000000000000000,-0.0108924297215673,0.0000000000000000,9.0845896290307344,3.0000079765603735,8.236954,2.072884,-10.3098381112442,19.0742495796567,0,2.7e-14
1.0026934497472599,0.0,-0.0021476270230789,0.0000000000000000,-0.0108954763985004,0.0000000000000000,9.0905896290307346,3.0000079220914637,8.174138,2.072153,-10.2462908747056,18.9380658002662,0,2.4e-14
1.0026974584131738,0.0,-0.0021456626141547,0.0000000000000000,-0.0108985179692725,0.0000000000000000,9.0965896290307331,3.0000078677318260,8.111757,2.071430,-10.1831863914156,18.8029339145368,0,3.2e-13
1.0027014594315877,0.0,-0.0021437005534201,0.0000000000000000,-0.0109015544436682,0.0000000000000000,9.1025896290307333,3.0000078134809605,8.049808,2.070713,-10.1205213999940,18.6688445662646,0,4.2e-14
1.0027054528209312,0.0,-0.0021417408653493,0.0000000000000000,-0.0109045858313976,0.0000000000000000,9.1085896290307335,3.0000077593383714,7.988289,2.070004,-10.0582926499682,18.5357883620330,0,1.3e-13
1.0027094385995392,0.0,-0.0021397835744152,0.0000000000000000,-0.0109076121420911,0.0000000000000000,9.1145896290307338,3.0000077053035654,7.927196,2.069301,-9.9964969175871,18.4037560277574,0,2.4e-13
1.0027134167856624,0.0,-0.0021378287050718,0.0000000000000000,-0.0109106333853030,0.0000000000000000,9.1205896290307340,3.0000076513760510,7.866525,2.068606,-9.9351310189666,18.2727385373753,0,1.8e-13
1.0027173873974409,0.0,-0.0021358762817983,0.0000000000000000,-0.0109136495705202,0.0000000000000000,9.1265896290307342,3.0000075975553395,7.806275,2.067917,-9.8741917722180,18.1427267392426,0,1.0e-13
1.0027213504529462,0.0,-0.0021339263290612,0.0000000000000000,-0.0109166607071302,0.0000000000000000,9.1325896290307345,3.0000075438409444,7.746441,2.067235,-9.8136760328707,18.0137117102002,0,4.4e-14
1.0027253059701406,0.0,-0.0021319788713240,0.0000000000000000,-0.0109196668044720,0.0000000000000000,9.1385896290307347,3.0000074902323814,7.687022,2.066559,-9.7535806812580,17.8856846230345,0,6.9e-14
1.0027292539669834,0.0,-0.0021300339330289,0.0000000000000000,-0.0109226678718094,0.0000000000000000,9.1445896290307331,3.0000074367291703,7.628012,2.065890,-9.6939026002728,17.7586365576239,0,1.2e-12
1.0027331944610607,0.0,-0.0021280915387358,0.0000000000000000,-0.0109256639182640,0.0000000000000000,9.1505896290307334,3.0000073833308312,7.569411,2.065228,-9.6346387554084,17.6325591896459,0,2.1e-14
1.0027371274702748,0.0,-0.0021261517128247,0.0000000000000000,-0.0109286549530007,0.0000000000000000,9.1565896290307336,3.0000073300368868,7.511214,2.064572,-9.5757860534726,17.5074435851674,0,3.6e-14
1.0027410530121430,0.0,-0.0021242144797883,0.0000000000000000,-0.0109316409850337,0.0000000000000000,9.1625896290307338,3.0000072768468642,7.453419,2.063923,-9.5173414991527,17.3832815381251,0,2.1e-12
1.0027449711044434,0.0,-0.0021222798642202,0.0000000000000000,-0.0109346220232051,0.0000000000000000,9.1685896290307340,3.0000072237602895,7.396022,2.063280,-9.4593019656268,17.2600635828307,0,6.1e-12
1.0027488817640609,0.0,-0.0021203478903248,0.0000000000000000,-0.0109375980767213,0.0000000000000000,9.1745896290307343,3.0000071707766969,7.339021,2.062643,-9.4016647101253,17.1377834827434,0,3.2e-14
1.0027527850088376,0.0,-0.0021184185828340,0.0000000000000000,-0.0109405691540882,0.0000000000000000,9.1805896290307345,3.0000071178956147,7.282414,2.062013,-9.3444265715204,17.0164312562269,0,9.7e-15
1.0027566808558941,0.0,-0.0021164919661554,0.0000000000000000,-0.0109435352641491,0.0000000000000000,9.1865896290307347,3.0000070651165807,7.226196,2.061389,-9.2875846701702,16.8959992506797,0,1.0e-13
1.0027605693223918,0.0,-0.0021145680647848,0.0000000000000000,-0.0109464964155779,0.0000000000000000,9.1925896290307332,3.0000070124391298,7.170365,2.060771,-9.2311360947444,16.7764794239415,0,1.8e-14
1.0027644504254465,0.0,-0.0021126469032168,0.0000000000000000,-0.0109494526169689,0.0000000000000000,9.1985896290307334,3.0000069598628047,7.114919,2.060159,-9.1750779479773,16.6578637508508,0,1.8e-14
1.0027683241820535,0.0,-0.0021107285059499,0.0000000000000000,-0.0109524038768655,0.0000000000000000,9.2045896290307336,3.0000069073871445,7.059854,2.059553,-9.1194073615875,16.5401443415832,0,5.1e-14
1.0027721906091394,0.0,-0.0021088128974860,0.0000000000000000,-0.0109553502037338,0.0000000000000000,9.2105896290307339,3.0000068550116947,7.005168,2.058953,-9.0641214868192,16.4233133674282,0,2.4e-13
1.0027760497235574,0.0,-0.0021069001023616,0.0000000000000000,-0.0109582916059404,0.0000000000000000,9.2165896290307341,3.0000068027360016,6.950858,2.058359,-9.0092174890024,16.3073630156263,0,1.9e-13
1.0027799015420400,0.0,-0.0021049901450656,0.0000000000000000,-0.0109612280918467,0.0000000000000000,9.2225896290307343,3.0000067505596140,6.896921,2.057771,-8.9546925765409,16.1922857252011,0,1.0e-13
1.0027837460812665,0.0,-0.0021030830501300,0.0000000000000000,-0.0109641596697143,0.0000000000000000,9.2285896290307345,3.0000066984820806,6.843355,2.057189,-8.9005439524512,16.0780737955659,0,2.9e-13
1.0027875833578439,0.0,-0.0021011788421155,0.0000000000000000,-0.0109670863476760,0.0000000000000000,9.2345896290307348,3.0000066465029578,6.790157,2.056612,-8.8467688655365,15.9647197993653,0,2.9e-14
1.0027914133882432,0.0,-0.0020992775455287,0.0000000000000000,-0.0109700081339126,0.0000000000000000,9.2405896290307332,3.0000065946217980,6.737323,2.056042,-8.7933645760748,15.8522163040181,0,8.5e-13
1.0027952361889279,0.0,-0.0020973791849345,0.0000000000000000,-0.0109729250364713,0.0000000000000000,9.2465896290307334,3.0000065428381593,6.684852,2.055476,-8.7403283426785,15.7405557784070,0,1.7e-13
1.0027990517762269,0.0,-0.0020954837848904,0.0000000000000000,-0.0109758370633176,0.0000000000000000,9.2525896290307337,3.0000064911516007,6.632741,2.054917,-8.6876574868856,15.6297310916569,0,9.0e-14
1.0028028601663772,0.0,-0.0020935913699570,0.0000000000000000,-0.0109787442223999,0.0000000000000000,9.2585896290307339,3.0000064395616843,6.580986,2.054363,-8.6353493263114,15.5197349916150,0,8.9e-14
1.0028066613755815,0.0,-0.0020917019647082,0.0000000000000000,-0.0109816465215717,0.0000000000000000,9.2645896290307341,3.0000063880679742,6.529587,2.053815,-8.5834012009534,15.4105603156672,0,6.7e-14
1.0028104554199111,0.0,-0.0020898155937259,0.0000000000000000,-0.0109845439686359,0.0000000000000000,9.2705896290307344,3.0000063366700354,6.478539,2.053272,-8.5318104800347,15.3022000359383,0,1.8e-13
1.0028142423153379,0.0,-0.0020879322815841,0.0000000000000000,-0.0109874365713648,0.0000000000000000,9.2765896290307346,3.0000062853674359,6.427840,2.052734,-8.4805745483802,15.1946471587732,0,9.0e-13
1.0028180220780258,0.0,-0.0020860520529652,0.0000000000000000,-0.0109903243372456,0.0000000000000000,9.2825896290307348,3.0000062341597462,6.377489,2.052202,-8.4296907853599,15.0878945852773,0,5.6e-14
1.0028217947238540,0.0,-0.0020841749322010,0.0000000000000000,-0.0109932072742818,0.0000000000000000,9.2885896290307333,3.0000061830465352,6.327482,2.051675,-8.3791565667447,14.9819351227073,0,7.4e-12
1.0028255602678779,0.0,-0.0020823009445352,0.0000000000000000,-0.0109960853893224,0.0000000000000000,9.2945896290307335,3.0000061320273836,6.277816,2.051153,-8.3289695564540,14.8767635020352,0,5.3e-14
