x0,y0,z0,xd0,yd0,zd0,Tp,JC,stabilityIndex1,stabilityIndex2,alpha,beta,impactFlag,error
1.0020743619989230,0.0,-0.0000000000000000,-0.0084364202064955,-0.0036309027405897,0.0000000000000000,3.6419331834325321,3.0001108418356406,-322.600325,2.005449,320.5948763273734,-644.9583699748982,0,7.2e-10
1.0020941968300012,0.0,-0.0000000000000000,-0.0083445412974730,-0.0036848527230650,0.0000000000000000,3.6469331834325320,3.0001105028143114,-324.191781,2.011380,322.1804009424820,-650.0729762578121,0,9.5e-10
1.0021133771051327,0.0,-0.0000000000000000,-0.0082567184191388,-0.0037377914790827,0.0000000000000000,3.6519331834325324,3.0001101639124506,-325.756617,2.017255,323.7393617556151,-655.1343147696462,0,9.6e-10
1.0021319384087253,0.0,-0.0000000000000000,-0.0081726722507564,-0.0037897634887642,0.0000000000000000,3.6569331834325323,3.0001098251785607,-327.295126,2.023075,325.2720507000687,-660.1426324891945,0,3.8e-10
1.0021499135750238,0.0,-0.0000000000000000,-0.0080921498866277,-0.0038408097862698,0.0000000000000000,3.6619331834325322,3.0001094866595173,-328.807613,2.028841,326.7787726158385,-665.0982111247067,0,6.2e-11
1.0021673329703429,0.0,-0.0000000000000000,-0.0080149216561255,-0.0038909683260629,0.0000000000000000,3.6669331834325321,3.0001091484005857,-330.294399,2.034553,328.2598458231866,-670.0013714901579,0,2.6e-10
1.0021842247390824,0.0,-0.0000000000000000,-0.0079407784061728,-0.0039402743013418,0.0000000000000000,3.6719331834325324,3.0001088104454476,-331.755797,2.040213,329.7155837922489,-674.8524458900356,0,5.2e-10
1.0022006150192182,0.0,-0.0000000000000000,-0.0078695291672811,-0.0039887604221131,0.0000000000000000,3.6769331834325323,3.0001084728362213,-333.192137,2.045822,331.1463153774286,-679.6518027399652,0,4.2e-10
1.0022165281317130,0.0,-0.0000000000000000,-0.0078009991404523,-0.0040364571588083,0.0000000000000000,3.6819331834325322,3.0001081356134947,-334.603764,2.051381,332.5523826985669,-684.3998453499808,0,1.1e-09
1.0022319867474190,0.0,-0.0000000000000000,-0.0077350279543510,-0.0040833929564687,0.0000000000000000,3.6869331834325321,3.0001077988163494,-335.990999,2.056891,333.9341077104973,-689.0969652949570,0,4.3e-09
1.0022470120353983,0.0,-0.0000000000000000,-0.0076714681474665,-0.0041295944238188,0.0000000000000000,3.6919331834325324,3.0001074624823887,-337.354225,2.062353,335.2918712522013,-693.7436495129296,0,2.0e-10
1.0022616237935971,0.0,-0.0000000000000000,-0.0076101838476545,-0.0041750865002406,0.0000000000000000,3.6969331834325323,3.0001071266477704,-338.693729,2.067769,336.6259604056479,-698.3402656995459,0,6.7e-09
1.0022758405664944,0.0,-0.0000000000000000,-0.0075510496103640,-0.0042198926043423,0.0000000000000000,3.7019331834325322,3.0001067913472372,-340.009938,2.073138,337.9367999955882,-702.8873914969154,0,2.6e-10
1.0022896797489202,0.0,-0.0000000000000000,-0.0074939494031100,-0.0042640347658054,0.0000000000000000,3.7069331834325321,3.0001064566141493,-341.303127,2.078461,339.2246651701278,-707.3854002745138,0,5.8e-09
1.0023031576806118,0.0,-0.0000000000000000,-0.0074387757036868,-0.0043075337432943,0.0000000000000000,3.7119331834325324,3.0001061224805148,-342.573702,2.083741,340.4899614004880,-711.8348654415895,0,6.7e-09
1.0023162897290065,0.0,-0.0000000000000000,-0.0073854287112438,-0.0043504091297548,0.0000000000000000,3.7169331834325323,3.0001057889770242,-343.822023,2.088977,341.7330464512341,-716.2363018816759,0,1.2e-09
1.0023290903662394,0.0,-0.0000000000000000,-0.0073338156372581,-0.0043926794468389,0.0000000000000000,3.7219331834325322,3.0001054561330829,-345.048418,2.094170,342.9542473100763,-720.5901890461610,0,2.1e-10
1.0023415732367171,0.0,-0.0000000000000000,-0.0072838500821081,-0.0044343622298534,0.0000000000000000,3.7269331834325321,3.0001051239768439,-346.253242,2.099322,344.1539203977825,-724.8970585231364,0,3.8e-09
1.0023537512192000,0.0,-0.0000000000000000,-0.0072354514757364,-0.0044754741041960,0.0000000000000000,3.7319331834325324,3.0001047925352431,-347.436876,2.104433,345.3324437677145,-729.1574833218474,0,2.8e-09
1.0023656364828788,0.0,-0.0000000000000000,-0.0071885445784996,-0.0045160308543434,0.0000000000000000,3.7369331834325323,3.0001044618340309,-348.599664,2.109503,346.4901612501316,-733.3719930235384,0,2.7e-09
1.0023772405382383,0.0,-0.0000000000000000,-0.0071430590340726,-0.0045560474862720,0.0000000000000000,3.7419331834325322,3.0001041318978054,-349.741959,2.114534,347.6274255249601,-737.5411390802983,0,2.9e-09
1.0023885742834862,0.0,-0.0000000000000000,-0.0070989289675323,-0.0045955382840083,0.0000000000000000,3.7469331834325321,3.0001038027500457,-350.864113,2.119526,348.7445877677512,-741.6654771811809,0,4.6e-09
1.0023996480469028,0.0,-0.0000000000000000,-0.0070560926235262,-0.0046345168609778,0.0000000000000000,3.7519331834325325,3.0001034744131458,-351.966490,2.124479,349.8420103182133,-745.7455868286197,0,2.9e-09
1.0024104716253806,0.0,-0.0000000000000000,-0.0070144920405181,-0.0046729962067035,0.0000000000000000,3.7569331834325324,3.0001031469084443,-353.049436,2.129396,350.9200404615696,-749.7820317159058,0,2.6e-09
1.0024210543199650,0.0,-0.0000000000000000,-0.0069740727554164,-0.0047109887293492,0.0000000000000000,3.7619331834325322,3.0001028202562594,-354.113272,2.134276,351.9789960377657,-753.7753354885208,0,1.9e-09
1.0024314049682443,0.0,-0.0000000000000000,-0.0069347835365967,-0.0047485062945895,0.0000000000000000,3.7669331834325321,3.0001024944759194,-355.158377,2.139119,353.0192581440436,-757.7261250867086,0,1.6e-09
1.0024415319741198,0.0,-0.0000000000000000,-0.0068965761419327,-0.0047855602610659,0.0000000000000000,3.7719331834325320,3.0001021695857908,-356.185068,2.143927,354.0411405441428,-761.6349287604899,0,2.5e-10
1.0024514433353657,0.0,-0.0000000000000000,-0.0068594050978770,-0.0048221615129552,0.0000000000000000,3.7769331834325324,3.0001018456033148,-357.193695,2.148701,355.0449947072075,-765.5023379623744,0,6.6e-10
1.0024611466687881,0.0,-0.0000000000000000,-0.0068232274993486,-0.0048583204897540,0.0000000000000000,3.7819331834325323,3.0001015225450320,-358.184588,2.153440,356.0311484109662,-769.3289120706249,0,1.3e-10
1.0024706492336277,0.0,-0.0000000000000000,-0.0067880028264277,-0.0048940472136916,0.0000000000000000,3.7869331834325322,3.0001012004266152,-359.158080,2.158145,356.9999351894517,-773.1152238678624,0,3.6e-10
1.0024799579530599,0.0,-0.0000000000000000,-0.0067536927773616,-0.0049293513149152,0.0000000000000000,3.7919331834325321,3.0001008792628956,-360.114498,2.162817,357.9516804030099,-776.8618368621974,0,1.3e-09
1.0024890794341803,0.0,-0.0000000000000000,-0.0067202611154044,-0.0049642420547081,0.0000000000000000,3.7969331834325324,3.0001005590678935,-361.054168,2.167457,358.8867109320039,-780.5693213389022,0,5.9e-10
1.0024980199864446,0.0,-0.0000000000000000,-0.0066876735287598,-0.0049987283468998,0.0000000000000000,3.8019331834325323,3.0001002398548442,-361.977409,2.172064,359.8053445799076,-784.2382363879151,0,1.0e-09
1.0025067856388448,0.0,-0.0000000000000000,-0.0066558975017808,-0.0050328187776540,0.0000000000000000,3.8069331834325322,3.0000999216362252,-362.884530,2.176640,360.7078899247123,-787.8691298362683,0,1.1e-10
1.0025153821557877,0.0,-0.0000000000000000,-0.0066249021967840,-0.0050665216237595,0.0000000000000000,3.8119331834325321,3.0000996044237840,-363.775850,2.181185,361.5946642841334,-791.4625663793631,0,3.1e-11
1.0025238150519207,0.0,-0.0000000000000000,-0.0065946583451526,-0.0050998448695762,0.0000000000000000,3.8169331834325324,3.0000992882285620,-364.651693,2.185700,362.4659928973537,-795.0191265531612,0,1.1e-08
1.0025320896058911,0.0,-0.0000000000000000,-0.0065651381473066,-0.0051327962227682,0.0000000000000000,3.8219331834325323,3.0000989730609180,-365.512299,2.190184,363.3221149289037,-798.5392551539408,0,1.6e-09
1.0025402108734796,0.0,-0.0000000000000000,-0.0065363151787400,-0.0051653831289167,0.0000000000000000,3.8269331834325322,3.0000986589305572,-366.358037,2.194639,364.1633979459890,-802.0236055653513,0,2.5e-10
1.0025481836988190,0.0,-0.0000000000000000,-0.0065081643074571,-0.0051976127849887,0.0000000000000000,3.8319331834325321,3.0000983458465522,-367.189180,2.199065,364.9901155916045,-805.4726831056469,0,6.0e-09
1.0025560127264608,0.0,-0.0000000000000000,-0.0064806616119308,-0.0052294921521056,0.0000000000000000,3.8369331834325324,3.0000980338173640,-368.005992,2.203461,365.8025303975154,-808.8869763860712,0,8.1e-11
1.0025637024112979,0.0,-0.0000000000000000,-0.0064537843094016,-0.0052610279672082,0.0000000000000000,3.8419331834325323,3.0000977228508678,-368.808789,2.207830,366.6009587108987,-812.2670633738744,0,8.8e-10
1.0025712570285945,0.0,-0.0000000000000000,-0.0064275106874993,-0.0052922267540906,0.0000000000000000,3.8469331834325322,3.0000974129543732,-369.597839,2.212171,367.3856682757788,-815.6134449629608,0,1.1e-09
1.0025786806829686,0.0,-0.0000000000000000,-0.0064018200416819,-0.0053230948336461,0.0000000000000000,3.8519331834325321,3.0000971041346447,-370.373413,2.216484,368.1569289653951,-818.9266270654480,0,2.7e-09
1.0025859773171830,0.0,-0.0000000000000000,-0.0063766926160551,-0.0053536383334381,0.0000000000000000,3.8569331834325324,3.0000967963979228,-371.135800,2.220770,368.9150304156273,-822.2071496091667,0,7.6e-10
1.0025931507200396,0.0,-0.0000000000000000,-0.0063521095496388,-0.0053838631966891,0.0000000000000000,3.8619331834325323,3.0000964897499447,-371.885249,2.225029,369.6602196086300,-825.4554837748583,0,7.1e-10
1.0026002045340288,0.0,-0.0000000000000000,-0.0063280528252723,-0.0054137751906959,0.0000000000000000,3.8669331834325322,3.0000961841959608,-372.622031,2.229262,370.3927688820198,-828.6721438686509,0,6.6e-10
1.0026071422624900,0.0,-0.0000000000000000,-0.0063045052223943,-0.0054433799147136,0.0000000000000000,3.8719331834325321,3.0000958797407566,-373.346402,2.233469,371.1129332669286,-831.8576169078879,0,5.4e-10
1.0026139672761332,0.0,-0.0000000000000000,-0.0062814502734561,-0.0054726828073344,0.0000000000000000,3.8769331834325325,3.0000955763886692,-374.058625,2.237650,371.8209744559135,-835.0124020018848,0,5.2e-09
1.0026206828195625,0.0,-0.0000000000000000,-0.0062588722223058,-0.0055016891535552,0.0000000000000000,3.8819331834325324,3.0000952741436029,-374.758922,2.241806,372.5171158575175,-838.1369354150083,0,2.2e-10
1.0026272920170085,0.0,-0.0000000000000000,-0.0062367559861170,-0.0055304040911342,0.0000000000000000,3.8869331834325322,3.0000949730090500,-375.447566,2.245937,373.2016286024896,-841.2317340926675,0,1.1e-09
1.0026337978780835,0.0,-0.0000000000000000,-0.0062150871192981,-0.0055588326169564,0.0000000000000000,3.8919331834325321,3.0000946729881037,-376.124782,2.250044,373.8747386478137,-844.2972403075837,0,4.7e-12
1.0026402033029147,0.0,-0.0000000000000000,-0.0061938517801444,-0.0055869795927219,0.0000000000000000,3.8969331834325320,3.0000943740834756,-376.790809,2.254126,374.5366833165444,-847.3339161637850,0,2.3e-09
1.0026465110872336,0.0,-0.0000000000000000,-0.0061730366990639,-0.0056148497504830,0.0000000000000000,3.9019331834325324,3.0000940762975112,-377.445886,2.258184,375.1877021872705,-850.3422281149979,0,8.9e-11
1.0026527239270207,0.0,-0.0000000000000000,-0.0061526291493408,-0.0056424476977971,0.0000000000000000,3.9069331834325323,3.0000937796322025,-378.090235,2.262218,375.8280167819121,-853.3226130405092,0,3.5e-09
1.0026588444229569,0.0,-0.0000000000000000,-0.0061326169194259,-0.0056697779226548,0.0000000000000000,3.9119331834325322,3.0000934840892044,-378.724064,2.266229,376.4578353345049,-856.2754856711836,0,2.1e-09
1.0026648750846807,0.0,-0.0000000000000000,-0.0061129882866496,-0.0056968447980481,0.0000000000000000,3.9169331834325325,3.0000931896698488,-379.347617,2.270217,377.0774000650431,-859.2013189299614,0,1.6e-10
1.0026708183346715,0.0,-0.0000000000000000,-0.0060937319933619,-0.0057236525864115,0.0000000000000000,3.9219331834325324,3.0000928963751550,-379.961093,2.274182,377.6869115999154,-862.1005155289895,0,5.9e-10
1.0026766765121160,0.0,-0.0000000000000000,-0.0060748372235370,-0.0057502054437450,0.0000000000000000,3.9269331834325323,3.0000926042058453,-380.564705,2.278124,378.2865808221404,-864.9734960895876,0,1.6e-10
1.0026824518764055,0.0,-0.0000000000000000,-0.0060562935814307,-0.0057765074235530,0.0000000000000000,3.9319331834325322,3.0000923131623569,-381.158661,2.282044,378.8766174284672,-867.8206794131256,0,5.2e-10
1.0026881466105768,0.0,-0.0000000000000000,-0.0060380910711372,-0.0058025624805864,0.0000000000000000,3.9369331834325321,3.0000920232448536,-381.743164,2.285941,379.4572230978057,-870.6424710341234,0,2.5e-09
1.0026937628244861,0.0,-0.0000000000000000,-0.0060202200775756,-0.0058283744743845,0.0000000000000000,3.9419331834325324,3.0000917344532350,-382.318406,2.289817,380.0285886145542,-873.4392578912957,0,1.7e-10
1.0026993025578612,0.0,-0.0000000000000000,-0.0060026713483248,-0.0058539471726462,0.0000000000000000,3.9469331834325323,3.0000914467871529,-382.884589,2.293671,380.5909180241391,-876.2114500431198,0,1.1e-09
1.0027047677832086,0.0,-0.0000000000000000,-0.0059854359767233,-0.0058792842544379,0.0000000000000000,3.9519331834325322,3.0000911602460159,-383.441899,2.297504,381.1443949999036,-878.9594225638575,0,1.1e-10
1.0027101604085609,0.0,-0.0000000000000000,-0.0059685053856956,-0.0059043893132542,0.0000000000000000,3.9569331834325321,3.0000908748290058,-383.990526,2.301316,381.6892098164104,-881.6835620796483,0,1.4e-10
1.0027154822800801,0.0,-0.0000000000000000,-0.0059518713126692,-0.0059292658599119,0.0000000000000000,3.9619331834325324,3.0000905905350819,-384.530653,2.305107,382.2255465035706,-884.3842444779875,0,2.1e-09
1.0027207351845566,0.0,-0.0000000000000000,-0.0059355257952489,-0.0059539173253272,0.0000000000000000,3.9669331834325323,3.0000903073629939,-385.062454,2.308877,382.7535766913519,-887.0618242697674,0,8.2e-11
1.0027259208517594,0.0,-0.0000000000000000,-0.0059194611575766,-0.0059783470631607,0.0000000000000000,3.9719331834325322,3.0000900253112919,-385.586111,2.312627,383.2734843710176,-889.7166774278739,0,4.5e-10
1.0027310409567016,0.0,-0.0000000000000000,-0.0059036699976292,-0.0060025583523329,0.0000000000000000,3.9769331834325321,3.0000897443783328,-386.101793,2.316356,383.7854370518048,-892.3491512456676,0,6.2e-11
1.0027360971217611,0.0,-0.0000000000000000,-0.0058881451750405,-0.0060265543994484,0.0000000000000000,3.9819331834325324,3.0000894645622891,-386.609671,2.320065,384.2896061074213,-894.9595997288998,0,7.4e-10
1.0027410909187768,0.0,-0.0000000000000000,-0.0058728797995388,-0.0060503383410706,0.0000000000000000,3.9869331834325323,3.0000891858611598,-387.109910,2.323754,384.7861553441091,-897.5483636699646,0,1.8e-09
1.0027460238709314,0.0,-0.0000000000000000,-0.0058578672202208,-0.0060739132459529,0.0000000000000000,3.9919331834325322,3.0000889082727751,-387.602667,2.327424,385.2752430382045,-900.1157740816270,0,9.5e-11
1.0027508974546284,0.0,-0.0000000000000000,-0.0058431010151162,-0.0060972821171242,0.0000000000000000,3.9969331834325321,3.0000886317948079,-388.088108,2.331074,385.7570335007576,-902.6621723753633,0,6.3e-10
1.0027557131012912,0.0,-0.0000000000000000,-0.0058285749814349,-0.0061204478939143,0.0000000000000000,4.0019331834325325,3.0000883564247776,-388.566383,2.334705,386.2316780241042,-905.1878771466290,0,6.9e-11
1.0027604721990273,0.0,-0.0000000000000000,-0.0058142831262700,-0.0061434134538831,0.0000000000000000,4.0069331834325324,3.0000880821600586,-389.037647,2.338317,386.6993305583626,-907.6932114110095,0,8.9e-11
1.0027651760942506,0.0,-0.0000000000000000,-0.0058002196577986,-0.0061661816146717,0.0000000000000000,4.0119331834325322,3.0000878089978862,-389.502049,2.341909,387.1601395451010,-910.1784883593500,0,2.9e-10
1.0027698260932278,0.0,-0.0000000000000000,-0.0057863789768967,-0.0061887551357779,0.0000000000000000,4.0169331834325321,3.0000875369353661,-389.959733,2.345483,387.6142498301684,-912.6440147069079,0,1.5e-10
1.0027744234635421,0.0,-0.0000000000000000,-0.0057727556691821,-0.0062111367202607,0.0000000000000000,4.0219331834325320,3.0000872659694795,-390.410844,2.349038,388.0618055715786,-915.0900956983096,0,1.1e-12
1.0027789694355029,0.0,-0.0000000000000000,-0.0057593444974765,-0.0062333290163700,0.0000000000000000,4.0269331834325319,3.0000869960970848,-390.855521,2.352575,388.5029459963815,-917.5170276941644,0,1.8e-10
1.0027834652035121,0.0,-0.0000000000000000,-0.0057461403945529,-0.0062553346191239,0.0000000000000000,4.0319331834325318,3.0000867273149310,-391.293901,2.356094,388.9378074069538,-919.9251016733615,0,1.2e-10
1.0027879119272924,0.0,-0.0000000000000000,-0.0057331384564232,-0.0062771560718372,0.0000000000000000,4.0369331834325326,3.0000864596196584,-391.726119,2.359594,389.3665247736782,-922.3146059344290,0,7.8e-11
1.0027923107332932,0.0,-0.0000000000000000,-0.0057203339354322,-0.0062987958674599,0.0000000000000000,4.0419331834325325,3.0000861930078049,-392.152305,2.363076,389.7892289904884,-924.6858214188396,0,9.7e-11
1.0027966627155751,0.0,-0.0000000000000000,-0.0057077222347304,-0.0063202564501912,0.0000000000000000,4.0469331834325324,3.0000859274758120,-392.572590,2.366541,390.2060490768379,-927.0390253244113,0,3.4e-10
1.0028009689371729,0.0,-0.0000000000000000,-0.0056952989018343,-0.0063415402166294,0.0000000000000000,4.0519331834325323,3.0000856630200303,-392.987098,2.369987,390.6171101768866,-929.3744878261350,0,6.1e-10
1.0028052304311639,0.0,-0.0000000000000000,-0.0056830596230108,-0.0063626495171121,0.0000000000000000,4.0569331834325322,3.0000853996367214,-393.395952,2.373417,391.0225353784415,-931.6924750759499,0,5.3e-10
1.0028094482016532,0.0,-0.0000000000000000,-0.0056710002180276,-0.0063835866570169,0.0000000000000000,4.0619331834325321,3.0000851373220674,-393.799274,2.376828,391.4224454490522,-933.9932487651968,0,3.1e-10
1.0028136232246894,0.0,-0.0000000000000000,-0.0056591166352207,-0.0064043538978990,0.0000000000000000,4.0669331834325320,3.0000848760721719,-394.197181,2.380223,391.8169585501579,-936.2770657209039,0,3.6e-11
1.0028177564493699,0.0,-0.0000000000000000,-0.0056474049462458,-0.0064249534586821,0.0000000000000000,4.0719331834325319,3.0000846158830625,-394.589790,2.383600,392.2061904176726,-938.5441780529072,0,3.7e-10
1.0028218487986726,0.0,-0.0000000000000000,-0.0056358613415963,-0.0064453875167737,0.0000000000000000,4.0769331834325326,3.0000843567507025,-394.977215,2.386960,392.5902551803941,-940.7948346616758,0,3.0e-10
1.0028259011703498,0.0,-0.0000000000000000,-0.0056244821261390,-0.0064656582091183,0.0000000000000000,4.0819331834325325,3.0000840986709862,-395.359565,2.390303,392.9692619456309,-943.0292752351670,0,2.7e-10
1.0028299144377675,0.0,-0.0000000000000000,-0.0056132637148255,-0.0064857676332584,0.0000000000000000,4.0869331834325324,3.0000838416397473,-395.736949,2.393630,393.3433196191373,-945.2477386838000,0,3.2e-11
1.0028338894507134,0.0,-0.0000000000000000,-0.0056022026286381,-0.0065057178483288,0.0000000000000000,4.0919331834325323,3.0000835856527641,-396.109475,2.396940,393.7125352300281,-947.4504601871595,0,2.8e-10
1.0028378270361893,0.0,-0.0000000000000000,-0.0055912954906830,-0.0065255108760352,0.0000000000000000,4.0969331834325322,3.0000833307057571,-396.477244,2.400233,394.0770115436858,-949.6376670089958,0,3.0e-11
1.0028417279991264,0.0,-0.0000000000000000,-0.0055805390225113,-0.0065451487015610,0.0000000000000000,4.1019331834325321,3.0000830767943985,-396.840361,2.403510,394.4368510131148,-951.8095854621497,0,8.1e-11
1.0028455931231486,0.0,-0.0000000000000000,-0.0055699300404766,-0.0065646332745201,0.0000000000000000,4.1069331834325320,3.0000828239143131,-397.198923,2.406770,394.7921532194907,-953.9664362786425,0,4.9e-11
1.0028494231712273,0.0,-0.0000000000000000,-0.0055594654524012,-0.0065839665097839,0.0000000000000000,4.1119331834325319,3.0000825720610802,-397.553030,2.410014,395.1430154496373,-956.1084357776272,0,1.1e-10
1.0028532188862986,0.0,-0.0000000000000000,-0.0055491422544145,-0.0066031502883798,0.0000000000000000,4.1169331834325327,3.0000823212302388,-397.902776,2.413242,395.4895333778624,-958.2357969726727,0,2.9e-11
1.0028569809920536,0.0,-0.0000000000000000,-0.0055389575275059,-0.0066221864582391,0.0000000000000000,4.1219331834325326,3.0000820714172898,-398.248254,2.416454,395.8317999620676,-960.3487276567757,0,1.3e-10
1.0028607101933831,0.0,-0.0000000000000000,-0.0055289084348858,-0.0066410768350597,0.0000000000000000,4.1269331834325325,3.0000818226176968,-398.589558,2.419651,396.1699072320378,-962.4474334858824,0,4.9e-11
1.0028644071770565,0.0,-0.0000000000000000,-0.0055189922189461,-0.0066598232030348,0.0000000000000000,4.1319331834325324,3.0000815748268930,-398.926775,2.422831,396.5039443557064,-964.5321146498318,0,1.8e-10
1.0028680726122594,0.0,-0.0000000000000000,-0.0055092061985732,-0.0066784273156099,0.0000000000000000,4.1369331834325322,3.0000813280402792,-399.259994,2.425996,396.8339987087960,-966.6029677405459,0,7.0e-12
1.0028717071511664,0.0,-0.0000000000000000,-0.0054995477664512,-0.0066968908961959,0.0000000000000000,4.1419331834325321,3.0000810822532289,-399.589301,2.429145,397.1601564779211,-968.6601867269201,0,6.4e-12
1.0028753114294493,0.0,-0.0000000000000000,-0.0054900143865904,-0.0067152156388728,0.0000000000000000,4.1469331834325320,3.0000808374610912,-399.914780,2.432278,397.4825014247504,-970.7039608797350,0,3.4e-11
1.0028788860667797,0.0,-0.0000000000000000,-0.0054806035919087,-0.0067334032090632,0.0000000000000000,4.1519331834325319,3.0000805936591908,-400.236512,2.435396,397.8011158685463,-972.7344764313311,0,4.0e-11
1.0028824316673286,0.0,-0.0000000000000000,-0.0054713129818853,-0.0067514552441890,0.0000000000000000,4.1569331834325318,3.0000803508428309,-400.554579,2.438499,398.1160800745040,-974.7519155580521,0,4.0e-11
1.0028859488202364,0.0,-0.0000000000000000,-0.0054621402203328,-0.0067693733543091,0.0000000000000000,4.1619331834325326,3.0000801090072984,-400.869059,2.441586,398.4274727958007,-976.7564572718547,0,1.7e-11
1.0028894381000595,0.0,-0.0000000000000000,-0.0054530830332716,-0.0067871591227349,0.0000000000000000,4.1669331834325325,3.0000798681478593,-401.180030,2.444659,398.7353709925007,-978.7482769724884,0,2.6e-10
1.0028929000672155,0.0,-0.0000000000000000,-0.0054441392068452,-0.0068048141066266,0.0000000000000000,4.1719331834325324,3.0000796282597686,-401.487567,2.447716,399.0398509807040,-980.7275483545818,0,3.4e-10
1.0028963352684035,0.0,-0.0000000000000000,-0.0054353065853833,-0.0068223398375835,0.0000000000000000,4.1769331834325323,3.0000793893382656,-401.791743,2.450758,399.3409851471503,-982.6944379167107,0,3.7e-11
1.0028997442369778,0.0,-0.0000000000000000,-0.0054265830695033,-0.0068397378222032,0.0000000000000000,4.1819331834325322,3.0000791513785789,-402.092634,2.453786,399.6388486481235,-984.6491161643644,0,2.3e-09
1.0029031274934743,0.0,-0.0000000000000000,-0.0054179666141470,-0.0068570095426275,0.0000000000000000,4.1869331834325321,3.0000789143759272,-402.390304,2.456798,399.9335063512542,-986.5917358432052,0,2.4e-11
1.0029064855457512,0.0,-0.0000000000000000,-0.0054094552271028,-0.0068741564570722,0.0000000000000000,4.1919331834325320,3.0000786783255213,-402.684829,2.459796,400.2250332119443,-988.5224658740044,0,4.4e-11
1.0029098188895691,0.0,-0.0000000000000000,-0.0054010469670780,-0.0068911800003641,0.0000000000000000,4.1969331834325327,3.0000784432225669,-402.976274,2.462779,400.5134952106161,-990.4414595919079,0,3.7e-11
1.0029131280088375,0.0,-0.0000000000000000,-0.0053927399421981,-0.0069080815844174,0.0000000000000000,4.2019331834325326,3.0000782090622629,-403.264706,2.465747,400.7989586761486,-992.3488703689800,0,1.6e-10
1.0029164133760182,0.0,-0.0000000000000000,-0.0053845323083381,-0.0069248625987428,0.0000000000000000,4.2069331834325325,3.0000779758398042,-403.550190,2.468701,401.0814883007376,-994.2448481576866,0,3.4e-11
1.0029196754523804,0.0,-0.0000000000000000,-0.0053764222677643,-0.0069415244109118,0.0000000000000000,4.2119331834325324,3.0000777435503858,-403.832789,2.471641,401.3611481249734,-996.1295412728796,0,1.3e-11
1.0029229146883876,0.0,-0.0000000000000000,-0.0053684080675571,-0.0069580683670247,0.0000000000000000,4.2169331834325323,3.0000775121891996,-404.112566,2.474566,401.6380001447379,-998.0030939932622,0,5.0e-11
1.0029261315239533,0.0,-0.0000000000000000,-0.0053604879983173,-0.0069744957921573,0.0000000000000000,4.2219331834325322,3.0000772817514396,-404.389582,2.477476,401.9121055082699,-999.8656486048567,0,2.9e-11
1.0029293263887680,0.0,-0.0000000000000000,-0.0053526603927688,-0.0069908079908042,0.0000000000000000,4.2269331834325321,3.0000770522323004,-404.663897,2.480373,402.1835236524840,-1001.7173439677135,0,3.7e-11
1.0029324997025941,0.0,-0.0000000000000000,-0.0053449236244453,-0.0070070062472847,0.0000000000000000,4.2319331834325320,3.0000768236269786,-404.935568,2.483255,402.4523132362618,-1003.5583170321188,0,6.6e-11
1.0029356518754993,0.0,-0.0000000000000000,-0.0053372761065398,-0.0070230918261960,0.0000000000000000,4.2369331834325319,3.0000765959306768,-405.204654,2.486123,402.7185311736146,-1005.3887012685736,0,2.5e-11
1.0029387833081680,0.0,-0.0000000000000000,-0.0053297162906142,-0.0070390659727765,0.0000000000000000,4.2419331834325327,3.0000763691386005,-405.471211,2.488977,402.9822336862923,-1007.2086284126563,0,2.9e-11
1.0029418943921493,0.0,-0.0000000000000000,-0.0053222426654748,-0.0070549299133227,0.0000000000000000,4.2469331834325326,3.0000761432459617,-405.735292,2.491817,403.2434749652986,-1009.0182263263850,0,6.1e-10
1.0029449855101045,0.0,-0.0000000000000000,-0.0053148537560313,-0.0070706848555623,0.0000000000000000,4.2519331834325325,3.0000759182479797,-405.996954,2.494643,403.5023102994859,-1010.8176237563457,0,3.0e-10
1.0029480570360123,0.0,-0.0000000000000000,-0.0053075481223681,-0.0070863319890312,0.0000000000000000,4.2569331834325324,3.0000756941398818,-406.256246,2.497456,403.7587901786683,-1012.6069416090759,0,3.5e-11
1.0029511093355505,0.0,-0.0000000000000000,-0.0053003243583344,-0.0071018724854270,0.0000000000000000,4.2619331834325322,3.0000754709169022,-406.513221,2.500254,404.0129671868319,-1014.3863029551139,0,1.7e-11
1.0029541427660631,0.0,-0.0000000000000000,-0.0052931810911070,-0.0071173074989833,0.0000000000000000,4.2669331834325321,3.0000752485742868,-406.767930,2.503039,404.2648914308019,-1016.1558266943757,0,2.6e-11
1.0029571576770335,0.0,-0.0000000000000000,-0.0052861169797155,-0.0071326381667944,0.0000000000000000,4.2719331834325320,3.0000750271072905,-407.020422,2.505809,404.5146121287004,-1017.9156294940331,0,1.2e-11
1.0029601544101667,0.0,-0.0000000000000000,-0.0052791307143633,-0.0071478656091584,0.0000000000000000,4.2769331834325319,3.0000748065111793,-407.270744,2.508567,404.7621776170940,-1019.6658260344120,0,5.6e-11
1.0029631332996343,0.0,-0.0000000000000000,-0.0052722210154569,-0.0071629909299081,0.0000000000000000,4.2819331834325318,3.0000745867812308,-407.518945,2.511310,405.0076351555870,-1021.4065286373225,0,1.8e-10
1.0029660946722425,0.0,-0.0000000000000000,-0.0052653866328004,-0.0071780152167315,0.0000000000000000,4.2869331834325326,3.0000743679127360,-407.765071,2.514040,405.2510307665764,-1023.1378471346688,0,4.9e-11
1.0029690388476769,0.0,-0.0000000000000000,-0.0052586263446492,-0.0071929395414677,0.0000000000000000,4.2919331834325325,3.0000741499009989,-408.009167,2.516757,405.4924099975732,-1024.8598898932396,0,4.1e-11
1.0029719661386423,0.0,-0.0000000000000000,-0.0052519389570011,-0.0072077649604333,0.0000000000000000,4.2969331834325324,3.0000739327413353,-408.251277,2.519460,405.7318170814509,-1026.5727626615117,0,1.5e-11
1.0029748768510658,0.0,-0.0000000000000000,-0.0052453233027686,-0.0072224925147066,0.0000000000000000,4.3019331834325323,3.0000737164290778,-408.491445,2.522150,405.9692954170580,-1028.2765692540706,0,5.9e-11
1.0029777712842805,0.0,-0.0000000000000000,-0.0052387782410063,-0.0072371232304157,0.0000000000000000,4.3069331834325322,3.0000735009595734,-408.729714,2.524826,406.2048876372972,-1029.9714116335526,0,1.9e-11
1.0029806497311726,0.0,-0.0000000000000000,-0.0052323026562281,-0.0072516581190288,0.0000000000000000,4.3119331834325321,3.0000732863281829,-408.966124,2.527489,406.4386352091410,-1031.6573894223402,0,1.7e-11
1.0029835124783690,0.0,-0.0000000000000000,-0.0052258954576547,-0.0072660981776201,0.0000000000000000,4.3169331834325320,3.0000730725302853,-409.200718,2.530139,406.6705790549079,-1033.3346007118380,0,2.3e-10
1.0029863598063806,0.0,-0.0000000000000000,-0.0052195555785758,-0.0072804443891455,0.0000000000000000,4.3219331834325327,3.0000728595612745,-409.433534,2.532775,406.9007584719585,-1035.0031407471397,0,3.2e-10
1.0029891919897991,0.0,-0.0000000000000000,-0.0052132819755727,-0.0072946977227135,0.0000000000000000,4.3269331834325326,3.0000726474165615,-409.664612,2.535399,407.1292135898545,-1036.6631047373667,0,7.2e-11
1.0029920092973654,0.0,-0.0000000000000000,-0.0052070736280948,-0.0073088591338115,0.0000000000000000,4.3319331834325325,3.0000724360915756,-409.893991,2.538009,407.3559817911906,-1038.3145840010257,0,2.1e-11
1.0029948119922016,0.0,-0.0000000000000000,-0.0052009295376267,-0.0073229295645910,0.0000000000000000,4.3369331834325324,3.0000722255817625,-410.121707,2.540606,407.5811008309839,-1039.9576692458359,0,2.2e-12
1.0029976003318888,0.0,-0.0000000000000000,-0.0051948487272384,-0.0073369099440898,0.0000000000000000,4.3419331834325323,3.0000720158825867,-410.347797,2.543190,407.8046072491130,-1041.5924490264879,0,2.2e-10
1.0030003745687082,0.0,-0.0000000000000000,-0.0051888302408002,-0.0073508011884943,0.0000000000000000,4.3469331834325322,3.0000718069895318,-410.572298,2.545761,408.0265373302467,-1043.2190103899920,0,1.1e-11
1.0030031349495951,0.0,-0.0000000000000000,-0.0051828731427700,-0.0073646042013335,0.0000000000000000,4.3519331834325321,3.0000715988980997,-410.795245,2.548319,408.2469258610444,-1044.8374383088812,0,2.2e-11
1.0030058817164429,0.0,-0.0000000000000000,-0.0051769765173161,-0.0073783198737470,0.0000000000000000,4.3569331834325320,3.0000713916038104,-411.016672,2.550864,408.4658073752693,-1046.4478162920714,0,7.1e-12
1.0030086151061441,0.0,-0.0000000000000000,-0.0051711394679506,-0.0073919490846885,0.0000000000000000,4.3619331834325319,3.0000711851022053,-411.236612,2.553397,408.6832156198693,-1048.0502261847578,0,2.9e-11
1.0030113353507344,0.0,-0.0000000000000000,-0.0051653611169863,-0.0074054927011437,0.0000000000000000,4.3669331834325327,3.0000709793888447,-411.455100,2.555916,408.8991836271812,-1049.6447481959767,0,3.1e-11
1.0030140426774945,0.0,-0.0000000000000000,-0.0051596406050680,-0.0074189515783513,0.0000000000000000,4.3719331834325326,3.0000707744593087,-411.672167,2.558423,409.1137437176253,-1051.2314609218447,0,3.3e-11
1.0030167373090975,0.0,-0.0000000000000000,-0.0051539770906414,-0.0074323265599995,0.0000000000000000,4.3769331834325325,3.0000705703091985,-411.887844,2.560917,409.3269275945991,-1052.8104414235131,0,2.6e-11
1.0030194194636763,0.0,-0.0000000000000000,-0.0051483697495440,-0.0074456184784374,0.0000000000000000,4.3819331834325324,3.0000703669341351,-412.102165,2.563398,409.5387674418600,-1054.3817661859066,0,2.3e-09
1.0030220893549988,0.0,-0.0000000000000000,-0.0051428177745701,-0.0074588281548916,0.0000000000000000,4.3869331834325322,3.0000701643297591,-412.315156,2.565866,409.7492899066250,-1055.9455060701730,0,2.5e-12
1.0030247471924805,0.0,-0.0000000000000000,-0.0051373203749339,-0.0074719563996081,0.0000000000000000,4.3919331834325321,3.0000699624917360,-412.526850,2.568322,409.9585284964941,-1057.5017367674445,0,6.5e-12
1.0030273931813747,0.0,-0.0000000000000000,-0.0051318767759625,-0.0074850040120997,0.0000000000000000,4.3969331834325320,3.0000697614157485,-412.737276,2.570765,410.1665110651778,-1059.0505282579543,0,2.2e-11
1.0030300275228290,0.0,-0.0000000000000000,-0.0051264862186313,-0.0074979717813033,0.0000000000000000,4.4019331834325319,3.0000695610975021,-412.946462,2.573195,410.3732661591951,-1060.5919501820899,0,1.0e-12
1.0030326504139908,0.0,-0.0000000000000000,-0.0051211479591781,-0.0075108604857673,0.0000000000000000,4.4069331834325318,3.0000693615327241,-413.154435,2.575613,410.5788216750182,-1062.1260707391339,0,1.2e-11
1.0030352620481027,0.0,-0.0000000000000000,-0.0051158612687168,-0.0075236708938305,0.0000000000000000,4.4119331834325326,3.0000691627171636,-413.361224,2.578019,410.7832050186468,-1063.6529568014666,0,3.1e-11
1.0030378626145942,0.0,-0.0000000000000000,-0.0051106254328674,-0.0075364037637954,0.0000000000000000,4.4169331834325325,3.0000689646465908,-413.566854,2.580412,410.9864429117035,-1065.1726738179714,0,1.2e-12
1.0030404522991683,0.0,-0.0000000000000000,-0.0051054397513963,-0.0075490598440997,0.0000000000000000,4.4219331834325324,3.0000687673167983,-413.771354,2.582792,411.1885616490476,-1066.6852859828941,0,1.6e-11
1.0030430312838918,0.0,-0.0000000000000000,-0.0051003035378594,-0.0075616398734823,0.0000000000000000,4.4269331834325323,3.0000685707236006,-413.974747,2.585160,411.3895869789959,-1068.1908561730233,0,1.8e-10
1.0030455997472816,0.0,-0.0000000000000000,-0.0050952161192684,-0.0075741445811519,0.0000000000000000,4.4319331834325322,3.0000683748628338,-414.177059,2.587515,411.5895438005861,-1069.6894458249008,0,4.2e-11
1.0030481578643857,0.0,-0.0000000000000000,-0.0050901768357406,-0.0075865746869343,0.0000000000000000,4.4369331834325321,3.0000681797303579,-414.378315,2.589858,411.7884570792013,-1071.1811153880408,0,2.1e-11
1.0030507058068505,0.0,-0.0000000000000000,-0.0050851850402218,-0.0075989309014442,0.0000000000000000,4.4419331834325320,3.0000679853220538,-414.578540,2.592189,411.9863508256382,-1072.6659238888387,0,6.4e-12
1.0030532437430140,0.0,-0.0000000000000000,-0.0050802400981378,-0.0076112139262177,0.0000000000000000,4.4469331834325327,3.0000677916338256,-414.777756,2.594507,412.1832487116608,-1074.1439293073781,0,2.9e-11
1.0030557718379980,0.0,-0.0000000000000000,-0.0050753413870661,-0.0076234244539204,0.0000000000000000,4.4519331834325326,3.0000675986615990,-414.975987,2.596813,412.3791738253677,-1075.6151879296813,0,1.3e-11
1.0030582902537204,0.0,-0.0000000000000000,-0.0050704882965436,-0.0076355631683818,0.0000000000000000,4.4569331834325325,3.0000674064013233,-415.173256,2.599107,412.5741489600775,-1077.0797556661419,0,1.1e-10
1.0030607991490503,0.0,-0.0000000000000000,-0.0050656802276500,-0.0076476307448668,0.0000000000000000,4.4619331834325324,3.0000672148489693,-415.369585,2.601389,412.7681961512438,-1078.5376865720900,0,2.7e-11
1.0030632986798025,0.0,-0.0000000000000000,-0.0050609165928405,-0.0076596278501228,0.0000000000000000,4.4669331834325323,3.0000670240005318,-415.564995,2.603658,412.9613373444038,-1079.9890339992999,0,7.1e-12
1.0030657889988375,0.0,-0.0000000000000000,-0.0050561968156284,-0.0076715551425674,0.0000000000000000,4.4719331834325322,3.0000668338520278,-415.759509,2.605915,413.1535940729304,-1081.4338500149606,0,6.6e-10
1.0030682702561793,0.0,-0.0000000000000000,-0.0050515203302752,-0.0076834132724155,0.0000000000000000,4.4769331834325321,3.0000666443994954,-415.953146,2.608160,413.3449864681588,-1082.8721855308540,0,3.5e-10
1.0030707425989682,0.0,-0.0000000000000000,-0.0050468865816514,-0.0076952028817889,0.0000000000000000,4.4819331834325320,3.0000664556389975,-416.145928,2.610392,413.5355353951826,-1084.3040905839298,0,4.5e-11
1.0030732061716003,0.0,-0.0000000000000000,-0.0050422950249037,-0.0077069246048771,0.0000000000000000,4.4869331834325319,3.0000662675666194,-416.337874,2.612613,413.7252611044345,-1085.7296139212558,0,1.5e-11
1.0030756611157905,0.0,-0.0000000000000000,-0.0050377451252230,-0.0077185790680408,0.0000000000000000,4.4919331834325327,3.0000660801784687,-416.529004,2.614821,413.9141829904901,-1087.1488034456415,0,1.2e-11
1.0030781075705857,0.0,-0.0000000000000000,-0.0050332363576614,-0.0077301668899593,0.0000000000000000,4.4969331834325326,3.0000658934706750,-416.719338,2.617017,414.1023202864093,-1088.5617059358628,0,4.0e-12
1.0030805456724834,0.0,-0.0000000000000000,-0.0050287682068191,-0.0077416886817266,0.0000000000000000,4.5019331834325325,3.0000657074393917,-416.908893,2.619201,414.2896918337933,-1089.9683671829116,0,3.1e-11
1.0030829755554342,0.0,-0.0000000000000000,-0.0050243401667077,-0.0077531450469924,0.0000000000000000,4.5069331834325324,3.0000655220807957,-417.097690,2.621374,414.4763160378058,-1091.3688320268411,0,2.6e-11
1.0030853973509264,0.0,-0.0000000000000000,-0.0050199517404889,-0.0077645365820713,0.0000000000000000,4.5119331834325322,3.0000653373910842,-417.285744,2.623534,414.6622109622609,-1092.7631443042919,0,6.2e-12
1.0030878111880230,0.0,-0.0000000000000000,-0.0050156024402898,-0.0077758638760560,0.0000000000000000,4.5169331834325321,3.0000651533664788,-417.473076,2.625682,414.8473943099593,-1094.1513469521160,0,2.6e-12
1.0030902171934082,0.0,-0.0000000000000000,-0.0050112917870083,-0.0077871275109435,0.0000000000000000,4.5219331834325320,3.0000649700032236,-417.659701,2.627818,415.0318834484895,-1095.5334818912670,0,1.3e-10
1.0030926154915698,0.0,-0.0000000000000000,-0.0050070193099141,-0.0077983280617108,0.0000000000000000,4.5269331834325319,3.0000647872975854,-417.845637,2.629942,415.2156955614143,-1096.9095896506042,0,9.2e-10
1.0030950062045352,0.0,-0.0000000000000000,-0.0050027845469750,-0.0078094660964901,0.0000000000000000,4.5319331834325318,3.0000646052458517,-418.030900,2.632054,415.3988463223140,-1098.2797117193259,0,4.0e-11
1.0030973894522497,0.0,-0.0000000000000000,-0.0049985870440581,-0.0078205421765887,0.0000000000000000,4.5369331834325326,3.0000644238443352,-418.215507,2.634154,415.5813530983851,-1099.6438861025090,0,4.2e-12
1.0030997653524631,0.0,-0.0000000000000000,-0.0049944263551155,-0.0078315568566656,0.0000000000000000,4.5419331834325325,3.0000642430893709,-418.399473,2.636242,415.7632314352376,-1101.0021515829867,0,5.6e-12
1.0031021340208006,0.0,-0.0000000000000000,-0.0049903020419040,-0.0078425106848001,0.0000000000000000,4.5469331834325324,3.0000640629773132,-418.582815,2.638318,415.9444969588953,-1102.3545456675638,0,2.8e-11
1.0031044955708091,0.0,-0.0000000000000000,-0.0049862136738211,-0.0078534042025970,0.0000000000000000,4.5519331834325323,3.0000638835045423,-418.765547,2.640382,416.1251650285838,-1103.7011049709981,0,3.3e-11
1.0031068501140548,0.0,-0.0000000000000000,-0.0049821608276607,-0.0078642379452915,0.0000000000000000,4.5569331834325322,3.0000637046674585,-418.947685,2.642435,416.3052506406758,-1105.0418650266656,0,2.3e-10
1.0031091977599171,0.0,-0.0000000000000000,-0.0049781430878203,-0.0078750124418382,0.0000000000000000,4.5619331834325321,3.0000635264624860,-419.129243,2.644475,416.4847683605669,-1106.3768618296453,0,1.6e-10
1.0031115386161109,0.0,-0.0000000000000000,-0.0049741600454236,-0.0078857282150087,0.0000000000000000,4.5669331834325320,3.0000633488860697,-419.310236,2.646504,416.6637326366746,-1107.7061288550176,0,8.5e-12
1.0031138727882671,0.0,-0.0000000000000000,-0.0049702112988444,-0.0078963857814914,0.0000000000000000,4.5719331834325327,3.0000631719346780,-419.490678,2.648521,416.8421576362768,-1109.0296995027893,0,3.1e-12
1.0031162003802032,0.0,-0.0000000000000000,-0.0049662964532241,-0.0079069856519621,0.0000000000000000,4.5769331834325326,3.0000629956047993,-419.670583,2.650526,417.0200571775345,-1110.3476064574206,0,1.3e-10
1.0031185214938307,0.0,-0.0000000000000000,-0.0049624151205128,-0.0079175283312319,0.0000000000000000,4.5819331834325325,3.0000628198929462,-419.849963,2.652519,417.1974446382437,-1111.6598818520288,0,4.5e-12
1.0031208362293909,0.0,-0.0000000000000000,-0.0049585669190313,-0.0079280143182276,0.0000000000000000,4.5869331834325324,3.0000626447956527,-420.028833,2.654500,417.3743334153572,-1112.9665565936739,0,1.1e-11
1.0031231446852884,0.0,-0.0000000000000000,-0.0049547514736347,-0.0079384441061886,0.0000000000000000,4.5919331834325323,3.0000624703094734,-420.207206,2.656470,417.5507364377544,-1114.2676611386996,0,9.5e-12
1.0031254469582416,0.0,-0.0000000000000000,-0.0049509684154057,-0.0079488181826961,0.0000000000000000,4.5969331834325322,3.0000622964309858,-420.385094,2.658427,417.7266664276157,-1115.5632250353810,0,2.5e-11
1.0031277431432428,0.0,-0.0000000000000000,-0.0049472173816322,-0.0079591370297531,0.0000000000000000,4.6019331834325321,3.0000621231567886,-420.562509,2.660373,417.9021358357779,-1116.8532775943459,0,1.3e-11
1.0031300333336983,0.0,-0.0000000000000000,-0.0049434980155234,-0.0079694011239002,0.0000000000000000,4.6069331834325320,3.0000619504835018,-420.739464,2.662308,418.0771568789011,-1118.1378466788155,0,2.6e-11
1.0031323176213565,0.0,-0.0000000000000000,-0.0049398099662378,-0.0079796109362596,0.0000000000000000,4.6119331834325319,3.0000617784077672,-420.915972,2.664230,418.2517415171476,-1119.4169599241577,0,7.3e-12
1.0031345960964082,0.0,-0.0000000000000000,-0.0049361528886621,-0.0079897669326275,0.0000000000000000,4.6169331834325327,3.0000616069262476,-421.092042,2.666141,418.4259014412041,-1120.6906443468470,0,3.6e-11
1.0031368688474336,0.0,-0.0000000000000000,-0.0049325264434048,-0.0079998695735846,0.0000000000000000,4.6219331834325326,3.0000614360356277,-421.267688,2.668040,418.5996481581102,-1121.9589258431806,0,2.2e-11
1.0031391359615840,0.0,-0.0000000000000000,-0.0049289302964850,-0.0080099193144903,0.0000000000000000,4.6269331834325325,3.0000612657326133,-421.442920,2.669927,418.7729928816274,-1123.2218302375259,0,2.4e-11
1.0031413975244592,0.0,-0.0000000000000000,-0.0049253641194132,-0.0080199166056425,0.0000000000000000,4.6319331834325324,3.0000610960139307,-421.617749,2.671803,418.9459466288213,-1124.4793823487562,0,1.2e-12
1.0031436536202212,0.0,-0.0000000000000000,-0.0049218275889592,-0.0080298618923094,0.0000000000000000,4.6369331834325322,3.0000609268763276,-421.792187,2.673666,419.1185204286022,-1125.7316050804075,0,8.8e-10
1.0031459043315818,0.0,-0.0000000000000000,-0.0049183203871714,-0.0080397556148031,0.0000000000000000,4.6419331834325321,3.0000607583165722,-421.966243,2.675519,419.2907241729500,-1126.9785258086631,0,4.1e-11
1.0031481497398820,0.0,-0.0000000000000000,-0.0049148422010558,-0.0080495982085591,0.0000000000000000,4.6469331834325320,3.0000605903314543,-422.139928,2.677359,419.4625688681688,-1128.2201639726554,0,1.4e-11
1.0031503899250613,0.0,-0.0000000000000000,-0.0049113927226944,-0.0080593901042058,0.0000000000000000,4.6519331834325328,3.0000604229177830,-422.313252,2.679188,419.6340644697925,-1129.4565429553622,0,2.5e-12
1.0031526249657268,0.0,-0.0000000000000000,-0.0049079716490212,-0.0080691317276246,0.0000000000000000,4.6569331834325318,3.0000602560723890,-422.486226,2.681005,419.8052208992382,-1130.6876846014493,0,2.3e-11
1.0031548549391562,0.0,-0.0000000000000000,-0.0049045786817637,-0.0080788235000227,0.0000000000000000,4.6619331834325326,3.0000600897921235,-422.658858,2.682810,419.9760478989668,-1131.9136101562617,0,5.6e-11
1.0031570799213418,0.0,-0.0000000000000000,-0.0049012135273288,-0.0080884658379994,0.0000000000000000,4.6669331834325325,3.0000599240738577,-422.831159,2.684604,420.1465549780888,-1133.1343403616629,0,1.7e-11
1.0031592999869947,0.0,-0.0000000000000000,-0.0048978758967266,-0.0080980591536072,0.0000000000000000,4.6719331834325324,3.0000597589144826,-423.003138,2.686386,420.3167515449481,-1134.3498948799970,0,7.0e-11
1.0031615152095958,0.0,-0.0000000000000000,-0.0048945655054616,-0.0081076038544205,0.0000000000000000,4.6769331834325323,3.0000595943109105,-423.174804,2.688157,420.4866466859655,-1135.5602936231735,0,1.5e-11
1.0031637256613892,0.0,-0.0000000000000000,-0.0048912820734641,-0.0081171003435929,0.0000000000000000,4.6819331834325322,3.0000594302600732,-423.346165,2.689916,420.6562494148467,-1136.7655552818906,0,8.4e-12
1.0031659314134331,0.0,-0.0000000000000000,-0.0048880253249810,-0.0081265490199231,0.0000000000000000,4.6869331834325321,3.0000592667589223,-423.517232,2.691663,420.8255685138723,-1137.9656981464504,0,2.0e-11
1.0031681325356083,0.0,-0.0000000000000000,-0.0048847949885062,-0.0081359502779118,0.0000000000000000,4.6919331834325320,3.0000591038044284,-423.688011,2.693399,420.9946125856798,-1139.1607402076916,0,2.2e-11
1.0031703290966409,0.0,-0.0000000000000000,-0.0048815907966949,-0.0081453045078230,0.0000000000000000,4.6969331834325327,3.0000589413935832,-423.858513,2.695123,421.1633900651352,-1140.3506988017325,0,1.8e-12
1.0031725211641418,0.0,-0.0000000000000000,-0.0048784124862614,-0.0081546120957433,0.0000000000000000,4.7019331834325317,3.0000587795233966,-424.028744,2.696835,421.3319092210183,-1141.5355905597826,0,1.4e-11
1.0031747088045937,0.0,-0.0000000000000000,-0.0048752597979460,-0.0081638734236365,0.0000000000000000,4.7069331834325325,3.0000586181909004,-424.198714,2.698536,421.5001781549429,-1142.7154317361419,0,2.0e-11
1.0031768920834083,0.0,-0.0000000000000000,-0.0048721324763899,-0.0081730888694017,0.0000000000000000,4.7119331834325324,3.0000584573931421,-424.368430,2.700225,421.6682047809623,-1143.8902382788947,0,7.2e-12
1.0031790710649231,0.0,-0.0000000000000000,-0.0048690302700877,-0.0081822588069285,0.0000000000000000,4.7169331834325323,3.0000582971271923,-424.537899,2.701903,421.8359968920050,-1145.0600252548029,0,8.7e-12
1.0031812458124341,0.0,-0.0000000000000000,-0.0048659529313029,-0.0081913836061517,0.0000000000000000,4.7219331834325322,3.0000581373901372,-424.707131,2.703568,422.0035620883159,-1146.2248075806565,0,5.1e-12
1.0031834163882110,0.0,-0.0000000000000000,-0.0048629002159960,-0.0082004636331051,0.0000000000000000,4.7269331834325321,3.0000579781790844,-424.876131,2.705223,422.1709078396638,-1147.3845994249714,0,1.2e-12
1.0031855828535152,0.0,-0.0000000000000000,-0.0048598718837598,-0.0082094992499730,0.0000000000000000,4.7319331834325320,3.0000578194911598,-425.044907,2.706866,422.3380414508147,-1148.5394146266481,0,1.0e-11
1.0031877452686222,0.0,-0.0000000000000000,-0.0048568676977437,-0.0082184908151435,0.0000000000000000,4.7369331834325319,3.0000576613235075,-425.213467,2.708497,422.5049700811561,-1149.6892665516934,0,1.0e-11
1.0031899036928345,0.0,-0.0000000000000000,-0.0048538874245927,-0.0082274386832588,0.0000000000000000,4.7419331834325327,3.0000575036732906,-425.381817,2.710116,422.6717007566152,-1150.8341679513833,0,6.0e-11
1.0031920581845155,0.0,-0.0000000000000000,-0.0048509308343669,-0.0082363432052655,0.0000000000000000,4.7469331834325326,3.0000573465376918,-425.549965,2.711724,422.8382403367535,-1151.9741313336417,0,9.0e-11
1.0031942088010768,0.0,-0.0000000000000000,-0.0048479977005111,-0.0082452047284619,0.0000000000000000,4.7519331834325325,3.0000571899139103,-425.717916,2.713321,423.0045955510736,-1153.1091689993918,0,1.1e-11
1.0031963555990278,0.0,-0.0000000000000000,-0.0048450877997452,-0.0082540235965519,0.0000000000000000,4.7569331834325324,3.0000570337991648,-425.885678,2.714905,423.1707730182575,-1154.2392919574922,0,3.0e-12
1.0031984986339739,0.0,-0.0000000000000000,-0.0048422009120391,-0.0082628001496866,0.0000000000000000,4.7619331834325322,3.0000568781906924,-426.053258,2.716478,423.3367792006958,-1155.3645113705425,0,2.5e-11
1.0032006379606393,0.0,-0.0000000000000000,-0.0048393368205392,-0.0082715347245146,0.0000000000000000,4.7669331834325321,3.0000567230857467,-426.220660,2.718040,423.5026204178844,-1156.4848382423079,0,3.9e-11
1.0032027736328819,0.0,-0.0000000000000000,-0.0048364953115052,-0.0082802276542280,0.0000000000000000,4.7719331834325320,3.0000565684816016,-426.387893,2.719590,423.6683028938872,-1157.6002822898299,0,1.1e-11
1.0032049057037027,0.0,-0.0000000000000000,-0.0048336761742696,-0.0082888792686060,0.0000000000000000,4.7769331834325328,3.0000564143755470,-426.554961,2.721128,423.8338327119015,-1158.7108533795545,0,1.0e-10
1.0032070342252910,0.0,-0.0000000000000000,-0.0048308792011481,-0.0082974898940605,0.0000000000000000,4.7819331834325318,3.0000562607648917,-426.721871,2.722655,423.9992157969520,-1159.8165616892220,0,1.1e-11
1.0032091592489920,0.0,-0.0000000000000000,-0.0048281041874286,-0.0083060598536696,0.0000000000000000,4.7869331834325326,3.0000561076469618,-426.888629,2.724171,424.1644580146699,-1160.9174162421259,0,2.5e-10
1.0032112808253348,0.0,-0.0000000000000000,-0.0048253509312943,-0.0083145894672812,0.0000000000000000,4.7919331834325325,3.0000559550190999,-427.055239,2.725674,424.3295650951953,-1162.0134231588600,0,8.4e-12
1.0032133990041023,0.0,-0.0000000000000000,-0.0048226192337535,-0.0083230790514301,0.0000000000000000,4.7969331834325324,3.0000558028786668,-427.221709,2.727166,424.4945426214308,-1163.1045934676658,0,1.7e-12
1.0032155138342713,0.0,-0.0000000000000000,-0.0048199088986203,-0.0083315289195054,0.0000000000000000,4.8019331834325323,3.0000556512230414,-427.388043,2.728647,424.6593960879470,-1164.1909339624544,0,9.7e-13
1.0032176253640612,0.0,-0.0000000000000000,-0.0048172197324482,-0.0083399393817313,0.0000000000000000,4.8069331834325322,3.0000555000496183,-427.554246,2.730115,424.8241308831567,-1165.2724519997137,0,2.6e-11
1.0032197336409450,0.0,-0.0000000000000000,-0.0048145515444599,-0.0083483107452050,0.0000000000000000,4.8119331834325321,3.0000553493558111,-427.720325,2.731573,424.9887523501700,-1166.3491509666783,0,1.3e-09
1.0032218387116663,0.0,-0.0000000000000000,-0.0048119041466153,-0.0083566433140002,0.0000000000000000,4.8169331834325320,3.0000551991390463,-427.886284,2.733018,425.1532654259694,-1167.4210488852987,0,2.6e-11
1.0032239406222381,0.0,-0.0000000000000000,-0.0048092773533318,-0.0083649373890798,0.0000000000000000,4.8219331834325327,3.0000550493967726,-428.052128,2.734452,425.3176754035225,-1168.4881407415669,0,3.8e-12
1.0032260394179726,0.0,-0.0000000000000000,-0.0048066709816686,-0.0083731932684648,0.0000000000000000,4.8269331834325317,3.0000549001264512,-428.217862,2.735875,425.4819871666904,-1169.5504358939797,0,3.3e-11
1.0032281351434822,0.0,-0.0000000000000000,-0.0048040848511732,-0.0083814112472022,0.0000000000000000,4.8319331834325325,3.0000547513255618,-428.383491,2.737286,425.6462055749691,-1170.6079404958873,0,2.0e-11
1.0032302278426941,0.0,-0.0000000000000000,-0.0048015187838536,-0.0083895916174276,0.0000000000000000,4.8369331834325324,3.0000546029915998,-428.549020,2.738685,425.8103353815662,-1171.6606592314201,0,4.1e-11
1.0032323175588791,0.0,-0.0000000000000000,-0.0047989726041190,-0.0083977346683687,0.0000000000000000,4.8419331834325323,3.0000544551220782,-428.714454,2.740072,425.9743812768515,-1172.7085970634362,0,1.6e-11
1.0032344043346255,0.0,-0.0000000000000000,-0.0047964461387856,-0.0084058406864413,0.0000000000000000,4.8469331834325322,3.0000543077145250,-428.879796,2.741448,426.1383478140484,-1173.7517589114141,0,2.9e-11
1.0032364882118878,0.0,-0.0000000000000000,-0.0047939392169812,-0.0084139099552283,0.0000000000000000,4.8519331834325321,3.0000541607664846,-429.045052,2.742813,426.3022394742827,-1174.7901481063163,0,7.1e-11
1.0032385692319850,0.0,-0.0000000000000000,-0.0047914516701363,-0.0084219427555406,0.0000000000000000,4.8569331834325320,3.0000540142755172,-429.210226,2.744165,426.4660606559464,-1175.8237696806900,0,3.8e-12
1.0032406474356044,0.0,-0.0000000000000000,-0.0047889833319316,-0.0084299393654492,0.0000000000000000,4.8619331834325319,3.0000538682392000,-429.375322,2.745506,426.6298156627925,-1176.8526263433596,0,1.4e-11
1.0032427228628227,0.0,-0.0000000000000000,-0.0047865340382645,-0.0084379000603186,0.0000000000000000,4.8669331834325327,3.0000537226551240,-429.540344,2.746836,426.7935087017254,-1177.8767209461657,0,9.1e-11
1.0032447955531425,0.0,-0.0000000000000000,-0.0047841036271830,-0.0084458251128275,0.0000000000000000,4.8719331834325326,3.0000535775208990,-429.705297,2.748153,426.9571439219884,-1178.8960574558878,0,4.7e-11
1.0032468655453597,0.0,-0.0000000000000000,-0.0047816919389883,-0.0084537147930572,0.0000000000000000,4.8769331834325325,3.0000534328341470,-429.870185,2.749459,427.1207253524826,-1179.9106378278084,0,1.2e-11
1.0032489328778480,0.0,-0.0000000000000000,-0.0047792988159135,-0.0084615693684197,0.0000000000000000,4.8819331834325324,3.0000532885925075,-430.035011,2.750754,427.2842569753115,-1180.9204637510120,0,1.1e-10
1.0032509975883221,0.0,-0.0000000000000000,-0.0047769241023575,-0.0084693891037921,0.0000000000000000,4.8869331834325322,3.0000531447936343,-430.199779,2.752037,427.4477426755185,-1181.9255376643414,0,1.9e-10
1.0032530597139255,0.0,-0.0000000000000000,-0.0047745676447644,-0.0084771742615002,0.0000000000000000,4.8919331834325321,3.0000530014351972,-430.364494,2.753308,427.6111862764844,-1182.9258623729984,0,3.1e-12
1.0032551192912720,0.0,-0.0000000000000000,-0.0047722292915326,-0.0084849251013517,0.0000000000000000,4.8969331834325320,3.0000528585148811,-430.529159,2.754567,427.7745914940485,-1183.9214370369154,0,4.4e-11
1.0032571763564342,0.0,-0.0000000000000000,-0.0047699088930423,-0.0084926418806732,0.0000000000000000,4.9019331834325328,3.0000527160303863,-430.693777,2.755815,427.9379620057461,-1184.9122640606656,0,7.1e-12
1.0032592309449380,0.0,-0.0000000000000000,-0.0047676063016063,-0.0085003248543445,0.0000000000000000,4.9069331834325318,3.0000525739794264,-430.858352,2.757051,428.1013013910191,-1185.8983435257978,0,1.3e-11
1.0032612830917873,0.0,-0.0000000000000000,-0.0047653213714388,-0.0085079742748186,0.0000000000000000,4.9119331834325326,3.0000524323597317,-431.022888,2.758275,428.2646131718483,-1186.8796760825207,0,1.2e-11
1.0032633328314779,0.0,-0.0000000000000000,-0.0047630539586110,-0.0085155903921584,0.0000000000000000,4.9169331834325325,3.0000522911690464,-431.187388,2.759488,428.4279007894841,-1187.8562617124844,0,1.4e-11
1.0032653801979916,0.0,-0.0000000000000000,-0.0047608039210400,-0.0085231734540613,0.0000000000000000,4.9219331834325324,3.0000521504051285,-431.351856,2.760688,428.5911676320044,-1188.8281006163161,0,5.4e-13
1.0032674252248128,0.0,-0.0000000000000000,-0.0047585711184434,-0.0085307237058905,0.0000000000000000,4.9269331834325323,3.0000520100657515,-431.516295,2.761878,428.7544170066453,-1189.7951921249187,0,3.6e-12
1.0032694679449385,0.0,-0.0000000000000000,-0.0047563554123154,-0.0085382413907018,0.0000000000000000,4.9319331834325322,3.0000518701487038,-431.680707,2.763055,428.9176521546164,-1190.7575354731525,0,9.9e-12
1.0032715083908770,0.0,-0.0000000000000000,-0.0047541566659027,-0.0085457267492708,0.0000000000000000,4.9369331834325321,3.0000517306517875,-431.845097,2.764221,429.0808762712936,-1191.7151299956749,0,1.1e-11
1.0032735465946729,0.0,-0.0000000000000000,-0.0047519747441595,-0.0085531800201221,0.0000000000000000,4.9419331834325320,3.0000515915728174,-432.009467,2.765375,429.2440924603521,-1192.6679740156978,0,4.8e-12
1.0032755825878972,0.0,-0.0000000000000000,-0.0047498095137396,-0.0085606014395526,0.0000000000000000,4.9469331834325327,3.0000514529096254,-432.173820,2.766517,429.4073037946846,-1193.6160664172203,0,7.9e-12
1.0032776164016646,0.0,-0.0000000000000000,-0.0047476608429541,-0.0085679912416624,0.0000000000000000,4.9519331834325317,3.0000513146600549,-432.338160,2.767647,429.5705132543031,-1194.5594047881750,0,6.7e-11
1.0032796480666497,0.0,-0.0000000000000000,-0.0047455286017411,-0.0085753496583584,0.0000000000000000,4.9569331834325325,3.0000511768219651,-432.502489,2.768766,429.7337237921485,-1195.4979870062525,0,3.2e-10
1.0032816776130595,0.0,-0.0000000000000000,-0.0047434126616891,-0.0085826769194781,0.0000000000000000,4.9619331834325324,3.0000510393932256,-432.666811,2.769872,429.8969383102149,-1196.4318134693603,0,5.8e-12
1.0032837050706966,0.0,-0.0000000000000000,-0.0047413128959064,-0.0085899732526198,0.0000000000000000,4.9669331834325323,3.0000509023717239,-432.831127,2.770967,430.0601596024155,-1197.3608784168464,0,3.0e-11
1.0032857304689158,0.0,-0.0000000000000000,-0.0047392291790968,-0.0085972388833639,0.0000000000000000,4.9719331834325322,3.0000507657553594,-432.995441,2.772050,430.2233904122706,-1198.2851788910630,0,1.4e-10
1.0032877538366665,0.0,-0.0000000000000000,-0.0047371613874895,-0.0086044740352020,0.0000000000000000,4.9769331834325321,3.0000506295420433,-433.159755,2.773122,430.3866335058381,-1199.2047137248446,0,1.5e-10
1.0032897752024466,0.0,-0.0000000000000000,-0.0047351093988527,-0.0086116789295566,0.0000000000000000,4.9819331834325320,3.0000504937297037,-433.324073,2.774181,430.5498915967780,-1200.1194808304426,0,6.7e-11
1.0032917945943938,0.0,-0.0000000000000000,-0.0047330730923767,-0.0086188537858608,0.0000000000000000,4.9869331834325319,3.0000503583162779,-433.488396,2.775229,430.7131671726310,-1201.0294728382869,0,1.5e-11
1.0032938120402297,0.0,-0.0000000000000000,-0.0047310523487516,-0.0086259988215246,0.0000000000000000,4.9919331834325327,3.0000502232997199,-433.652727,2.776265,430.8764628663799,-1201.9346883774415,0,2.6e-12
1.0032958275672725,0.0,-0.0000000000000000,-0.0047290470501021,-0.0086331142519831,0.0000000000000000,4.9969331834325326,3.0000500886779946,-433.817070,2.777288,431.0397811737104,-1202.8351228032698,0,2.5e-11
1.0032978412024622,0.0,-0.0000000000000000,-0.0047270570799634,-0.0086402002907216,0.0000000000000000,5.0019331834325325,3.0000499544490813,-433.981425,2.778300,431.2031245678787,-1203.7307722783444,0,4.2e-12
1.0032998529723574,0.0,-0.0000000000000000,-0.0047250823232604,-0.0086472571492883,0.0000000000000000,5.0069331834325324,3.0000498206109709,-434.145796,2.779301,431.3664954497423,-1204.6216317544458,0,1.3e-11
1.0033018629030948,0.0,-0.0000000000000000,-0.0047231226663321,-0.0086542850373136,0.0000000000000000,5.0119331834325322,3.0000496871616686,-434.310185,2.780289,431.5298962011171,-1205.5076966370398,0,1.8e-10
1.0033038710206073,0.0,-0.0000000000000000,-0.0047211779967271,-0.0086612841625835,0.0000000000000000,5.0169331834325321,3.0000495540991898,-434.474594,2.781265,431.6933291375927,-1206.3889625651354,0,5.8e-11
1.0033058773502341,0.0,-0.0000000000000000,-0.0047192482035141,-0.0086682547309536,0.0000000000000000,5.0219331834325320,3.0000494214215654,-434.639026,2.782229,431.8567965204342,-1207.2654229944601,0,1.8e-10
1.0033078819171022,0.0,-0.0000000000000000,-0.0047173331769637,-0.0086751969464727,0.0000000000000000,5.0269331834325328,3.0000492891268378,-434.803482,2.783182,432.0203006861814,-1208.1370757165132,0,2.2e-12
1.0033098847459583,0.0,-0.0000000000000000,-0.0047154328086345,-0.0086821110113614,0.0000000000000000,5.0319331834325318,3.0000491572130610,-434.967966,2.784122,432.1838437359449,-1209.0039123725001,0,9.2e-11
1.0033118858612009,0.0,-0.0000000000000000,-0.0047135469913663,-0.0086889971260383,0.0000000000000000,5.0369331834325326,3.0000490256783028,-435.132478,2.785051,432.3474277927600,-1209.8659263366862,0,3.8e-13
1.0033138852868921,0.0,-0.0000000000000000,-0.0047116756192508,-0.0086958554891330,0.0000000000000000,5.0419331834325325,3.0000488945206407,-435.297022,2.785967,432.5110550212703,-1210.7231130133878,0,7.6e-11
1.0033158830467506,0.0,-0.0000000000000000,-0.0047098185876172,-0.0087026862975135,0.0000000000000000,5.0469331834325324,3.0000487637381688,-435.461599,2.786871,432.6747275321854,-1211.5754672609182,0,2.5e-12
1.0033178791641775,0.0,-0.0000000000000000,-0.0047079757929821,-0.0087094897463094,0.0000000000000000,5.0519331834325323,3.0000486333289884,-435.626211,2.787764,432.8384472820573,-1212.4229803999770,0,7.8e-11
1.0033198736622466,0.0,-0.0000000000000000,-0.0047061471330764,-0.0087162660289272,0.0000000000000000,5.0569331834325322,3.0000485032912159,-435.790861,2.788644,433.0022163599435,-1213.2656482972670,0,5.6e-11
1.0033218665637214,0.0,-0.0000000000000000,-0.0047043325067770,-0.0087230153370693,0.0000000000000000,5.0619331834325321,3.0000483736229770,-435.955549,2.789513,433.1660366103313,-1214.1034610069910,0,5.7e-12
1.0033238578910313,0.0,-0.0000000000000000,-0.0047025318141541,-0.0087297378607486,0.0000000000000000,5.0669331834325320,3.0000482443224130,-436.120279,2.790369,433.3299100383978,-1214.9364136167424,0,3.7e-12
1.0033258476663161,0.0,-0.0000000000000000,-0.0047007449563927,-0.0087364337883181,0.0000000000000000,5.0719331834325327,3.0000481153876737,-436.285051,2.791213,433.4938385142424,-1215.7644983689388,0,8.1e-12
1.0033278359114077,0.0,-0.0000000000000000,-0.0046989718358030,-0.0087431033064820,0.0000000000000000,5.0769331834325317,3.0000479868169219,-436.449869,2.792045,433.6578238792815,-1216.5877074756863,0,8.0e-12
1.0033298226478395,0.0,-0.0000000000000000,-0.0046972123558030,-0.0087497466003157,0.0000000000000000,5.0819331834325325,3.0000478586083315,-436.614733,2.792865,433.8218679709970,-1217.4060337106639,0,3.8e-12
1.0033318078968512,0.0,-0.0000000000000000,-0.0046954664208976,-0.0087563638532844,0.0000000000000000,5.0869331834325324,3.0000477307600879,-436.779645,2.793673,433.9859725645678,-1218.2194688705204,0,1.5e-12
1.0033337916793936,0.0,-0.0000000000000000,-0.0046937339366645,-0.0087629552472601,0.0000000000000000,5.0919331834325323,3.0000476032703873,-436.944608,2.794469,434.1501394163494,-1219.0280049683352,0,7.2e-12
1.0033357740161315,0.0,-0.0000000000000000,-0.0046920148097411,-0.0087695209625402,0.0000000000000000,5.0969331834325322,3.0000474761374392,-437.109622,2.795252,434.3143702608009,-1219.8316340438905,0,1.3e-11
1.0033377549274602,0.0,-0.0000000000000000,-0.0046903089477893,-0.0087760611778636,0.0000000000000000,5.1019331834325321,3.0000473493594613,-437.274690,2.796024,434.4786667326829,-1220.6303461683856,0,1.1e-10
1.0033397344334825,0.0,-0.0000000000000000,-0.0046886162595265,-0.0087825760704212,0.0000000000000000,5.1069331834325320,3.0000472229346857,-437.439813,2.796783,434.6430306110501,-1221.4241355568229,0,6.7e-11
1.0033417125540400,0.0,-0.0000000000000000,-0.0046869366546579,-0.0087890658159028,0.0000000000000000,5.1119331834325319,3.0000470968613531,-437.604993,2.797530,434.8074634589368,-1222.2129917737475,0,1.6e-12
1.0033436893087109,0.0,-0.0000000000000000,-0.0046852700438838,-0.0087955305884637,0.0000000000000000,5.1169331834325327,3.0000469711377158,-437.770231,2.798265,434.9719668717498,-1222.9969054887333,0,7.1e-12
1.0033456647168248,0.0,-0.0000000000000000,-0.0046836163388586,-0.0088019705607898,0.0000000000000000,5.1219331834325326,3.0000468457620371,-437.935529,2.798987,435.1365421876708,-1223.7758618185326,0,6.2e-10
1.0033476387973748,0.0,-0.0000000000000000,-0.0046819754523425,-0.0088083859040642,0.0000000000000000,5.1269331834325325,3.0000467207325912,-438.100889,2.799697,435.3011917047059,-1224.5498693627014,0,1.4e-11
1.0033496115692204,0.0,-0.0000000000000000,-0.0046803472978356,-0.0088147767880497,0.0000000000000000,5.1319331834325324,3.0000465960476634,-438.266311,2.800395,435.4659162126280,-1225.3189009821072,0,2.5e-12
1.0033515830508897,0.0,-0.0000000000000000,-0.0046787317899179,-0.0088211433810401,0.0000000000000000,5.1369331834325322,3.0000464717055486,-438.431798,2.801081,435.6307174433474,-1226.0829525854206,0,8.4e-12
1.0033535532606852,0.0,-0.0000000000000000,-0.0046771288440605,-0.0088274858499097,0.0000000000000000,5.1419331834325321,3.0000463477045529,-438.597351,2.801754,435.7955968804201,-1226.8420145743585,0,2.5e-12
1.0033555222166619,0.0,-0.0000000000000000,-0.0046755383766458,-0.0088338043601192,0.0000000000000000,5.1469331834325320,3.0000462240429928,-438.762971,2.802415,435.9605559306686,-1227.5960759215232,0,8.7e-11
1.0033574899366520,0.0,-0.0000000000000000,-0.0046739603049541,-0.0088400990757369,0.0000000000000000,5.1519331834325328,3.0000461007191945,-438.928660,2.803064,436.1255961145028,-1228.3451286664349,0,6.4e-12
1.0033594564382293,0.0,-0.0000000000000000,-0.0046723945471543,-0.0088463701594441,0.0000000000000000,5.1569331834325318,3.0000459777314967,-439.094419,2.803700,436.2907187402549,-1229.0891602722113,0,1.2e-11
1.0033614217387523,0.0,-0.0000000000000000,-0.0046708410222869,-0.0088526177725592,0.0000000000000000,5.1619331834325326,3.0000458550782452,-439.260249,2.804324,436.4559252199276,-1229.8281609891128,0,7.8e-12
1.0033633858553468,0.0,-0.0000000000000000,-0.0046692996502538,-0.0088588420750471,0.0000000000000000,5.1669331834325325,3.0000457327577985,-439.426153,2.804936,436.6212169059582,-1230.5621200202149,0,3.0e-12
1.0033653488049143,0.0,-0.0000000000000000,-0.0046677703518058,-0.0088650432255355,0.0000000000000000,5.1719331834325324,3.0000456107685247,-439.592130,2.805535,436.7865951287741,-1231.2910264273087,0,1.5e-12
1.0033673106041268,0.0,-0.0000000000000000,-0.0046662530485281,-0.0088712213813248,0.0000000000000000,5.1769331834325323,3.0000454891088011,-439.758183,2.806121,436.9520610767441,-1232.0148663298169,0,3.1e-10
1.0033692712694746,0.0,-0.0000000000000000,-0.0046647476628407,-0.0088773766984202,0.0000000000000000,5.1819331834325322,3.0000453677770142,-439.924312,2.806696,437.1176164208211,-1232.7336371085112,0,3.0e-12
1.0033712308171916,0.0,-0.0000000000000000,-0.0046632541179452,-0.0088835093315109,0.0000000000000000,5.1869331834325321,3.0000452467715628,-440.090519,2.807257,437.2832619200341,-1233.4473158023757,0,2.7e-10
1.0033731892632889,0.0,-0.0000000000000000,-0.0046617723379256,-0.0088896194340143,0.0000000000000000,5.1919331834325320,3.0000451260908543,-440.256806,2.807806,437.4489993526675,-1234.1559027953481,0,6.7e-12
1.0033751466236334,0.0,-0.0000000000000000,-0.0046603022475468,-0.0088957071580844,0.0000000000000000,5.1969331834325327,3.0000450057333050,-440.423173,2.808343,437.6148295360879,-1234.8593769789441,0,3.8e-11
1.0033771029138443,0.0,-0.0000000000000000,-0.0046588437724244,-0.0089017726546096,0.0000000000000000,5.2019331834325317,3.0000448856973421,-440.589621,2.808867,437.7807538595044,-1235.5577304666367,0,2.1e-11
1.0033790581493316,0.0,-0.0000000000000000,-0.0046573968389349,-0.0089078160732493,0.0000000000000000,5.2069331834325325,3.0000447659814014,-440.756152,2.809379,437.9467734762219,-1236.2509503361071,0,3.3e-11
1.0033810123453397,0.0,-0.0000000000000000,-0.0046559613741951,-0.0089138375624208,0.0000000000000000,5.2119331834325324,3.0000446465839290,-440.922767,2.809878,438.1128896116581,-1236.9390254366299,0,1.7e-11
1.0033829655168904,0.0,-0.0000000000000000,-0.0046545373060824,-0.0089198372693331,0.0000000000000000,5.2169331834325323,3.0000445275033800,-441.089467,2.810364,438.2791033649422,-1237.6219420932757,0,1.8e-12
1.0033849176788241,0.0,-0.0000000000000000,-0.0046531245632086,-0.0089258153399894,0.0000000000000000,5.2219331834325322,3.0000444087382188,-441.256254,2.810838,438.4454158876747,-1238.2996880196297,0,7.4e-11
1.0033868688457890,0.0,-0.0000000000000000,-0.0046517230749219,-0.0089317719192026,0.0000000000000000,5.2269331834325321,3.0000442902869193,-441.423127,2.811299,438.6118284249479,-1238.9722531681909,0,2.3e-11
1.0033888190322537,0.0,-0.0000000000000000,-0.0046503327712667,-0.0089377071506094,0.0000000000000000,5.2319331834325320,3.0000441721479651,-441.590089,2.811747,438.7783419369444,-1239.6396214299748,0,4.1e-12
1.0033907682524918,0.0,-0.0000000000000000,-0.0046489535830160,-0.0089436211766739,0.0000000000000000,5.2369331834325319,3.0000440543198477,-441.757140,2.812183,438.9449575784378,-1240.3017811865138,0,4.0e-11
1.0033927165206076,0.0,-0.0000000000000000,-0.0046475854416305,-0.0089495141387191,0.0000000000000000,5.2419331834325327,3.0000439368010685,-441.924282,2.812606,439.1116764366187,-1240.9587194898049,0,6.5e-11
1.0033946638505169,0.0,-0.0000000000000000,-0.0046462282792680,-0.0089553861769088,0.0000000000000000,5.2469331834325326,3.0000438195901387,-442.091515,2.813016,439.2784996318865,-1241.6104242821311,0,1.3e-11
1.0033966102559626,0.0,-0.0000000000000000,-0.0046448820287530,-0.0089612374302833,0.0000000000000000,5.2519331834325325,3.0000437026855757,-442.258841,2.813413,439.4454280684316,-1242.2568790133955,0,1.6e-10
1.0033985557505318,0.0,-0.0000000000000000,-0.0046435466235939,-0.0089670680367768,0.0000000000000000,5.2569331834325324,3.0000435860859103,-442.426261,2.813798,439.6124630380706,-1242.8980756127712,0,4.7e-12
1.0034005003476116,0.0,-0.0000000000000000,-0.0046422219979490,-0.0089728781331932,0.0000000000000000,5.2619331834325322,3.0000434697896767,-442.593775,2.814170,439.7796053364002,-1243.5339954934025,0,1.6e-11
1.0034024440604428,0.0,-0.0000000000000000,-0.0046409080866365,-0.0089786678552572,0.0000000000000000,5.2669331834325321,3.0000433537954234,-442.761385,2.814529,439.9468560754145,-1244.1646270118508,0,6.1e-12
1.0034043869020908,0.0,-0.0000000000000000,-0.0046396048251173,-0.0089844373375980,0.0000000000000000,5.2719331834325320,3.0000432381017030,-442.929091,2.814875,440.1142162389399,-1244.7899558992212,0,5.5e-12
1.0034063288854693,0.0,-0.0000000000000000,-0.0046383121494814,-0.0089901867137815,0.0000000000000000,5.2769331834325328,3.0000431227070798,-443.096895,2.815208,440.2816868081003,-1245.4099679280043,0,8.3e-12
1.0034082700233209,0.0,-0.0000000000000000,-0.0046370299964544,-0.0089959161163021,0.0000000000000000,5.2819331834325318,3.0000430076101234,-443.264797,2.815528,440.4492687891285,-1246.0246495549654,0,1.0e-12
1.0034102103282367,0.0,-0.0000000000000000,-0.0046357583033735,-0.0090016256766042,0.0000000000000000,5.2869331834325326,3.0000428928094172,-443.432799,2.815836,440.6169631328352,-1246.6339861486340,0,3.7e-12
1.0034121498126449,0.0,-0.0000000000000000,-0.0046344970081925,-0.0090073155250954,0.0000000000000000,5.2919331834325325,3.0000427783035470,-443.600901,2.816130,440.7847707949014,-1247.2379632897355,0,7.9e-12
1.0034140884888310,0.0,-0.0000000000000000,-0.0046332460494608,-0.0090129857911434,0.0000000000000000,5.2969331834325324,3.0000426640911111,-443.769105,2.816412,440.9526927443201,-1247.8365668873594,0,8.4e-12
1.0034160263689258,0.0,-0.0000000000000000,-0.0046320053663216,-0.0090186366031043,0.0000000000000000,5.3019331834325323,3.0000425501707149,-443.937410,2.816680,441.1207298421287,-1248.4297807636613,0,5.3e-11
1.0034179634649061,0.0,-0.0000000000000000,-0.0046307748985166,-0.0090242680883161,0.0000000000000000,5.3069331834325322,3.0000424365409715,-444.105819,2.816936,441.2888831486421,-1249.0175928978279,0,2.0e-12
1.0034198997886061,0.0,-0.0000000000000000,-0.0046295545863506,-0.0090298803731203,0.0000000000000000,5.3119331834325321,3.0000423232005020,-444.274332,2.817178,441.4571534381553,-1249.5999854071561,0,5.6e-11
1.0034218353517241,0.0,-0.0000000000000000,-0.0046283443707091,-0.0090354735828728,0.0000000000000000,5.3169331834325320,3.0000422101479374,-444.442949,2.817408,441.6255417428104,-1250.1769458397466,0,3.4e-12
1.0034237701658002,0.0,-0.0000000000000000,-0.0046271441930394,-0.0090410478419392,0.0000000000000000,5.3219331834325327,3.0000420973819151,-444.611673,2.817624,441.7940488740235,-1250.7484572062676,0,3.8e-13
1.0034257042422463,0.0,-0.0000000000000000,-0.0046259539953439,-0.0090466032737217,0.0000000000000000,5.3269331834325317,3.0000419849010811,-444.780503,2.817827,441.9626757432505,-1251.3145046643331,0,2.8e-12
1.0034276375923321,0.0,-0.0000000000000000,-0.0046247737201774,-0.0090521400006587,0.0000000000000000,5.3319331834325325,3.0000418727040903,-444.949440,2.818017,442.1314232474309,-1251.8750730956381,0,6.2e-12
1.0034295702271936,0.0,-0.0000000000000000,-0.0046236033106330,-0.0090576581442393,0.0000000000000000,5.3369331834325324,3.0000417607896033,-445.118486,2.818194,442.3002922223014,-1252.4301462184085,0,2.0e-11
1.0034315021578288,0.0,-0.0000000000000000,-0.0046224427103462,-0.0090631578250083,0.0000000000000000,5.3419331834325323,3.0000416491562896,-445.287641,2.818357,442.4692835965469,-1252.9797096166585,0,1.5e-12
1.0034334333951120,0.0,-0.0000000000000000,-0.0046212918634711,-0.0090686391625808,0.0000000000000000,5.3469331834325322,3.0000415378028276,-445.456906,2.818508,442.6383981773697,-1253.5237464873208,0,2.8e-12
1.0034353639497788,0.0,-0.0000000000000000,-0.0046201507146850,-0.0090741022756453,0.0000000000000000,5.3519331834325321,3.0000414267279019,-445.626282,2.818645,442.8076367158819,-1254.0622387577314,0,1.6e-10
1.0034372938324492,0.0,-0.0000000000000000,-0.0046190192091853,-0.0090795472819831,0.0000000000000000,5.3569331834325320,3.0000413159302055,-445.795769,2.818769,442.9770001600186,-1254.5951725641498,0,3.2e-10
1.0034392230535765,0.0,-0.0000000000000000,-0.0046178972927033,-0.0090849742984411,0.0000000000000000,5.3619331834325319,3.0000412054084391,-445.965369,2.818879,443.1464895330146,-1255.1225358282827,0,3.1e-10
1.0034411516235582,0.0,-0.0000000000000000,-0.0046167849114271,-0.0090903834410320,0.0000000000000000,5.3669331834325327,3.0000410951613099,-446.135082,2.818976,443.3161056583713,-1255.6443119139585,0,3.9e-12
1.0034430795526192,0.0,-0.0000000000000000,-0.0046156820120461,-0.0090957748248144,0.0000000000000000,5.3719331834325326,3.0000409851875345,-446.304909,2.819060,443.4858489872065,-1256.1604766706150,0,1.1e-11
1.0034450068508778,0.0,-0.0000000000000000,-0.0046145885417644,-0.0091011485640034,0.0000000000000000,5.3769331834325325,3.0000408754858348,-446.474851,2.819131,443.6557205571858,-1256.6710181462840,0,8.9e-12
1.0034469335283338,0.0,-0.0000000000000000,-0.0046135044482556,-0.0091065047719360,0.0000000000000000,5.3819331834325324,3.0000407660549420,-446.644909,2.819188,443.8257211623673,-1257.1759193031612,0,2.3e-11
1.0034488595948625,0.0,-0.0000000000000000,-0.0046124296796708,-0.0091118435610837,0.0000000000000000,5.3869331834325322,3.0000406568935931,-446.815083,2.819232,443.9958514894591,-1257.6751608855848,0,2.3e-10
1.0034507850602425,0.0,-0.0000000000000000,-0.0046113641846511,-0.0091171650430765,0.0000000000000000,5.3919331834325321,3.0000405480005332,-446.985374,2.819262,444.1661127938526,-1258.1687355009635,0,3.7e-12
1.0034527099341164,0.0,-0.0000000000000000,-0.0046103079122671,-0.0091224693286829,0.0000000000000000,5.3969331834325320,3.0000404393745153,-447.155784,2.819278,444.3365053793928,-1258.6566158238129,0,2.4e-11
1.0034546342260293,0.0,-0.0000000000000000,-0.0046092608120766,-0.0091277565278447,0.0000000000000000,5.4019331834325328,3.0000403310142971,-447.326312,2.819281,444.5070302489937,-1259.1387891515769,0,9.2e-12
1.0034565579454096,0.0,-0.0000000000000000,-0.0046082228340832,-0.0091330267496721,0.0000000000000000,5.4069331834325318,3.0000402229186465,-447.496959,2.819271,444.6776881632805,-1259.6152377055987,0,8.6e-13
1.0034584811015794,0.0,-0.0000000000000000,-0.0046071939287387,-0.0091382801024540,0.0000000000000000,5.4119331834325326,3.0000401150863367,-447.667727,2.819247,444.8484799012949,-1260.0859440446366,0,3.6e-12
1.0034604037037527,0.0,-0.0000000000000000,-0.0046061740469396,-0.0091435166936662,0.0000000000000000,5.4169331834325325,3.0000400075161484,-447.838616,2.819210,445.0194062604850,-1260.5508911046200,0,5.8e-12
1.0034623257610387,0.0,-0.0000000000000000,-0.0046051631400179,-0.0091487366299805,0.0000000000000000,5.4219331834325324,3.0000399002068692,-448.009626,2.819158,445.1904680240829,-1261.0100614532275,0,1.4e-12
1.0034642472824411,0.0,-0.0000000000000000,-0.0046041611597400,-0.0091539400172690,0.0000000000000000,5.4269331834325323,3.0000397931572924,-448.180759,2.819093,445.3616659566708,-1261.4634373380686,0,4.3e-12
1.0034661682768637,0.0,-0.0000000000000000,-0.0046031680582961,-0.0091591269606116,0.0000000000000000,5.4319331834325322,3.0000396863662218,-448.352016,2.819015,445.5330008486011,-1261.9110013552272,0,1.3e-11
1.0034680887531033,0.0,-0.0000000000000000,-0.0046021837883011,-0.0091642975643209,0.0000000000000000,5.4369331834325321,3.0000395798324626,-448.523396,2.818923,445.7044734236782,-1262.3527347506606,0,1.8e-12
1.0034700087198647,0.0,-0.0000000000000000,-0.0046012083027846,-0.0091694519319111,0.0000000000000000,5.4419331834325320,3.0000394735548328,-448.694901,2.818817,445.8760845067590,-1262.7886208574637,0,3.9e-12
1.0034719281857498,0.0,-0.0000000000000000,-0.0046002415551878,-0.0091745901661447,0.0000000000000000,5.4469331834325327,3.0000393675321515,-448.866532,2.818697,446.0478348299011,-1263.2186409422720,0,1.0e-12
1.0034738471592637,0.0,-0.0000000000000000,-0.0045992834993631,-0.0091797123690194,0.0000000000000000,5.4519331834325317,3.0000392617632485,-449.038288,2.818563,446.2197252246498,-1263.6427784618572,0,6.6e-11
1.0034757656488200,0.0,-0.0000000000000000,-0.0045983340895498,-0.0091848186417808,0.0000000000000000,5.4569331834325325,3.0000391562469586,-449.210172,2.818416,446.3917562765055,-1264.0610113998118,0,2.3e-12
1.0034776836627333,0.0,-0.0000000000000000,-0.0045973932804037,-0.0091899090849278,0.0000000000000000,5.4619331834325324,3.0000390509821226,-449.382183,2.818254,446.5639289070858,-1264.4733249638957,0,4.9e-12
1.0034796012092284,0.0,-0.0000000000000000,-0.0045964610269593,-0.0091949837982209,0.0000000000000000,5.4669331834325323,3.0000389459675900,-449.554323,2.818079,446.7362438101460,-1264.8796993880242,0,2.6e-11
1.0034815182964376,0.0,-0.0000000000000000,-0.0045955372846466,-0.0092000428806878,0.0000000000000000,5.4719331834325322,3.0000388412022128,-449.726592,2.817890,446.9087017961676,-1265.2801174116903,0,6.2e-13
1.0034834349324049,0.0,-0.0000000000000000,-0.0045946220092697,-0.0092050864306326,0.0000000000000000,5.4769331834325321,3.0000387366848549,-449.898991,2.817687,447.0813035529084,-1265.6745589677885,0,2.4e-13
1.0034853511250847,0.0,-0.0000000000000000,-0.0045937151570164,-0.0092101145456402,0.0000000000000000,5.4819331834325320,3.0000386324143817,-450.071520,2.817470,447.2540498473351,-1266.0630057025992,0,8.6e-12
1.0034872668823456,0.0,-0.0000000000000000,-0.0045928166844440,-0.0092151273225856,0.0000000000000000,5.4869331834325319,3.0000385283896684,-450.244180,2.817239,447.4269413852113,-1266.4454378161900,0,7.1e-11
1.0034891822119636,0.0,-0.0000000000000000,-0.0045919265484931,-0.0092201248576336,0.0000000000000000,5.4919331834325327,3.0000384246095941,-450.416973,2.816994,447.5999791074081,-1266.8218405139778,0,5.7e-12
1.0034910971216384,0.0,-0.0000000000000000,-0.0045910447064470,-0.0092251072462578,0.0000000000000000,5.4969331834325326,3.0000383210730455,-450.589898,2.816735,447.7731635421855,-1267.1921901236637,0,4.9e-12
1.0034930116189846,0.0,-0.0000000000000000,-0.0045901711159630,-0.0092300745832390,0.0000000000000000,5.5019331834325325,3.0000382177789149,-450.762957,2.816461,447.9464955269348,-1267.5564693540655,0,4.8e-12
1.0034949257115269,0.0,-0.0000000000000000,-0.0045893057350559,-0.0092350269626668,0.0000000000000000,5.5069331834325324,3.0000381147261002,-450.936150,2.816174,448.1199758185865,-1267.9146592758771,0,3.1e-12
1.0034968394067210,0.0,-0.0000000000000000,-0.0045884485220852,-0.0092399644779588,0.0000000000000000,5.5119331834325322,3.0000380119135075,-451.109478,2.815872,448.2936051485066,-1268.2667401898943,0,8.5e-12
1.0034987527119292,0.0,-0.0000000000000000,-0.0045875994357656,-0.0092448872218555,0.0000000000000000,5.5169331834325321,3.0000379093400471,-451.282941,2.815557,448.4673842527799,-1268.6126925953577,0,1.5e-12
1.0035006656344445,0.0,-0.0000000000000000,-0.0045867584351519,-0.0092497952864332,0.0000000000000000,5.5219331834325320,3.0000378070046354,-451.456541,2.815227,448.6413139049041,-1268.9524974677479,0,3.2e-12
1.0035025781814784,0.0,-0.0000000000000000,-0.0045859254796400,-0.0092546887631071,0.0000000000000000,5.5269331834325328,3.0000377049061959,-451.630277,2.814882,448.8153948550580,-1269.2861353138433,0,5.0e-12
1.0035044903601713,0.0,-0.0000000000000000,-0.0045851005289569,-0.0092595677426396,0.0000000000000000,5.5319331834325318,3.0000376030436580,-451.804152,2.814524,448.9896277687409,-1269.6135847590340,0,5.3e-11
1.0035064021775761,0.0,-0.0000000000000000,-0.0045842835431711,-0.0092644323151508,0.0000000000000000,5.5369331834325326,3.0000375014159548,-451.978164,2.814151,449.1640134348575,-1269.9348267944588,0,1.3e-10
1.0035083136406697,0.0,-0.0000000000000000,-0.0045834744826888,-0.0092692825700879,0.0000000000000000,5.5419331834325325,3.0000374000220282,-452.152317,2.813764,449.3385528553853,-1270.2498473460291,0,2.6e-11
1.0035102247563856,0.0,-0.0000000000000000,-0.0045826733082057,-0.0092741185963094,0.0000000000000000,5.5469331834325324,3.0000372988608244,-452.326609,2.813362,449.5132464741136,-1270.5586196053628,0,1.1e-11
1.0035121355315519,0.0,-0.0000000000000000,-0.0045818799807666,-0.0092789404820110,0.0000000000000000,5.5519331834325323,3.0000371979312952,-452.501041,2.812946,449.6880951137695,-1270.8611251893017,0,2.8e-11
1.0035140459729375,0.0,-0.0000000000000000,-0.0045810944617262,-0.0092837483147792,0.0000000000000000,5.5569331834325322,3.0000370972323989,-452.675615,2.812516,449.8630994922576,-1271.1573432927544,0,5.0e-12
1.0035159560872429,0.0,-0.0000000000000000,-0.0045803167127546,-0.0092885421815676,0.0000000000000000,5.5619331834325321,3.0000369967630993,-452.850331,2.812071,450.0382604350596,-1271.4472552800289,0,6.9e-13
1.0035178658810957,0.0,-0.0000000000000000,-0.0045795466958304,-0.0092933221687256,0.0000000000000000,5.5669331834325320,3.0000368965223649,-453.025190,2.811612,450.2135786886266,-1271.7308407256642,0,3.6e-12
1.0035197753610565,0.0,-0.0000000000000000,-0.0045787843732334,-0.0092980883620235,0.0000000000000000,5.5719331834325327,3.0000367965091703,-453.200192,2.811138,450.3890548171663,-1272.0080749023182,0,1.2e-10
1.0035216845336210,0.0,-0.0000000000000000,-0.0045780297075663,-0.0093028408465100,0.0000000000000000,5.5769331834325317,3.0000366967224985,-453.375339,2.810649,450.5646900992820,-1272.2789494096942,0,6.2e-13
1.0035235934052147,0.0,-0.0000000000000000,-0.0045772826617027,-0.0093075797068148,0.0000000000000000,5.5819331834325325,3.0000365971613325,-453.550631,2.810146,450.7404847795178,-1272.5434318492480,0,4.6e-12
1.0035255019822000,0.0,-0.0000000000000000,-0.0045765431988309,-0.0093123050268584,0.0000000000000000,5.5869331834325324,3.0000364978246661,-453.726068,2.809628,450.9164398016210,-1272.8015058085584,0,1.3e-12
1.0035274102708749,0.0,-0.0000000000000000,-0.0045758112824278,-0.0093170168900042,0.0000000000000000,5.5919331834325323,3.0000363987114942,-453.901652,2.809096,451.0925559178082,-1273.0531503611564,0,3.4e-13
1.0035293182774738,0.0,-0.0000000000000000,-0.0045750868762584,-0.0093217153790358,0.0000000000000000,5.5969331834325322,3.0000362998208208,-454.077382,2.808548,451.2688338557241,-1273.2983439858799,0,3.4e-11
1.0035312260081670,0.0,-0.0000000000000000,-0.0045743699443805,-0.0093264005761592,0.0000000000000000,5.6019331834325321,3.0000362011516533,-454.253261,2.807987,451.4452744903031,-1273.5370682247740,0,8.5e-12
1.0035331334690671,0.0,-0.0000000000000000,-0.0045736604511235,-0.0093310725630159,0.0000000000000000,5.6069331834325320,3.0000361027030045,-454.429288,2.807410,451.6218784481096,-1273.7692989344068,0,4.5e-11
1.0035350406662189,0.0,-0.0000000000000000,-0.0045729583611116,-0.0093357314206697,0.0000000000000000,5.6119331834325319,3.0000360044738930,-454.605465,2.806818,451.7986466862097,-1273.9950193116238,0,1.1e-11
1.0035369476056164,0.0,-0.0000000000000000,-0.0045722636392139,-0.0093403772296463,0.0000000000000000,5.6169331834325327,3.0000359064633422,-454.781792,2.806212,451.9755794052580,-1274.2141955326224,0,3.4e-10
1.0035388542931909,0.0,-0.0000000000000000,-0.0045715762506469,-0.0093450100698914,0.0000000000000000,5.6219331834325326,3.0000358086703813,-454.958270,2.805591,452.1526786331202,-1274.4268340408162,0,8.7e-12
1.0035407607348164,0.0,-0.0000000000000000,-0.0045708961607901,-0.0093496300208305,0.0000000000000000,5.6269331834325325,3.0000357110940454,-455.134899,2.804955,452.3299436884938,-1274.6328813071450,0,2.1e-10
1.0035426669362932,0.0,-0.0000000000000000,-0.0045702233354000,-0.0093542371612832,0.0000000000000000,5.6319331834325324,3.0000356137333726,-455.311681,2.804304,452.5073765592909,-1274.8323430726014,0,1.2e-11
1.0035445729033929,0.0,-0.0000000000000000,-0.0045695577404146,-0.0093588315696090,0.0000000000000000,5.6369331834325322,3.0000355165874071,-455.488615,2.803638,452.6849772753067,-1275.0251808705070,0,1.1e-11
1.0035464786418173,0.0,-0.0000000000000000,-0.0045688993420727,-0.0093634133235888,0.0000000000000000,5.6419331834325321,3.0000354196551990,-455.665704,2.802957,452.8627468001182,-1275.2113771575096,0,2.9e-12
1.0035483841572144,0.0,-0.0000000000000000,-0.0045682481068684,-0.0093679825004699,0.0000000000000000,5.6469331834325320,3.0000353229358034,-455.842947,2.802261,453.0406859814311,-1275.3909117514559,0,1.7e-13
1.0035502894551753,0.0,-0.0000000000000000,-0.0045676040015499,-0.0093725391769853,0.0000000000000000,5.6519331834325328,3.0000352264282792,-456.020346,2.801550,453.2187956044892,-1275.5637627911783,0,1.3e-12
1.0035521945412420,0.0,-0.0000000000000000,-0.0045669669931181,-0.0093770834293422,0.0000000000000000,5.6569331834325318,3.0000351301316908,-456.197900,2.800824,453.3970764606062,-1275.7299084754632,0,9.6e-13
1.0035540994209116,0.0,-0.0000000000000000,-0.0045663370488181,-0.0093816153332384,0.0000000000000000,5.6619331834325326,3.0000350340451072,-456.375612,2.800082,453.5755292476044,-1275.8893246595399,0,8.0e-11
1.0035560040996034,0.0,-0.0000000000000000,-0.0045657141361452,-0.0093861349638388,0.0000000000000000,5.6669331834325325,3.0000349381676044,-456.553480,2.799326,453.7541544959794,-1276.0419836339279,0,4.9e-10
1.0035579085826996,0.0,-0.0000000000000000,-0.0045650982229032,-0.0093906423958166,0.0000000000000000,5.6719331834325324,3.0000348424982608,-456.731509,2.798554,453.9329544775753,-1276.1878961637558,0,6.1e-12
1.0035598128755567,0.0,-0.0000000000000000,-0.0045644892770076,-0.0093951377033514,0.0000000000000000,5.6769331834325323,3.0000347470361599,-456.909696,2.797767,454.1119283034100,-1276.3270021539065,0,2.3e-12
1.0035617169834499,0.0,-0.0000000000000000,-0.0045638872667135,-0.0093996209601064,0.0000000000000000,5.6819331834325322,3.0000346517803926,-457.088042,2.796965,454.2910774034606,-1276.4592933698441,0,8.2e-12
1.0035636209116159,0.0,-0.0000000000000000,-0.0045632921604880,-0.0094040922392560,0.0000000000000000,5.6869331834325321,3.0000345567300508,-457.266550,2.796148,454.4704026171485,-1276.5847481594246,0,5.3e-12
1.0035655246652451,0.0,-0.0000000000000000,-0.0045627039270293,-0.0094085516134883,0.0000000000000000,5.6919331834325320,3.0000344618842330,-457.445219,2.795315,454.6499046792384,-1276.7033424129186,0,2.7e-11
1.0035674282494746,0.0,-0.0000000000000000,-0.0045621225352762,-0.0094129991549933,0.0000000000000000,5.6969331834325327,3.0000343672420433,-457.624051,2.794466,454.8295845668747,-1276.8150573001330,0,6.9e-12
1.0035693316694005,0.0,-0.0000000000000000,-0.0045615479543893,-0.0094174349354961,0.0000000000000000,5.7019331834325317,3.0000342728025897,-457.803046,2.793603,455.0094429940273,-1276.9198678892280,0,2.2e-11
1.0035712349300783,0.0,-0.0000000000000000,-0.0045609801537556,-0.0094218590262379,0.0000000000000000,5.7069331834325325,3.0000341785649836,-457.982204,2.792724,455.1894807632594,-1277.0177509729401,0,2.9e-12
1.0035731380364976,0.0,-0.0000000000000000,-0.0045604191030014,-0.0094262714979760,0.0000000000000000,5.7119331834325324,3.0000340845283433,-458.161528,2.791829,455.3696988559727,-1277.1086875782785,0,3.7e-11
1.0035750409936324,0.0,-0.0000000000000000,-0.0045598647719540,-0.0094306724210231,0.0000000000000000,5.7169331834325323,3.0000339906917892,-458.341017,2.790919,455.5500979177152,-1277.1926504034200,0,9.3e-13
1.0035769438063857,0.0,-0.0000000000000000,-0.0045593171306819,-0.0094350618651996,0.0000000000000000,5.7219331834325322,3.0000338970544491,-458.520672,2.789993,455.7306789543712,-1277.2696207178524,0,3.7e-12
1.0035788464796331,0.0,-0.0000000000000000,-0.0045587761494601,-0.0094394398998814,0.0000000000000000,5.7269331834325321,3.0000338036154526,-458.700495,2.789052,455.9114427433813,-1277.3395741818822,0,6.6e-12
1.0035807490182016,0.0,-0.0000000000000000,-0.0045582417987832,-0.0094438065939828,0.0000000000000000,5.7319331834325329,3.0000337103739354,-458.880485,2.788095,456.0923901808079,-1277.4024889425491,0,1.5e-12
1.0035826514268780,0.0,-0.0000000000000000,-0.0045577140493570,-0.0094481620159657,0.0000000000000000,5.7369331834325319,3.0000336173290365,-459.060645,2.787123,456.2735220906698,-1277.4583414188382,0,1.1e-12
1.0035845537104069,0.0,-0.0000000000000000,-0.0045571928721011,-0.0094525062338431,0.0000000000000000,5.7419331834325327,3.0000335244799019,-459.240974,2.786134,456.4548393415669,-1277.5071089238627,0,7.7e-13
1.0035864558734919,0.0,-0.0000000000000000,-0.0045566782381433,-0.0094568393151821,0.0000000000000000,5.7469331834325317,3.0000334318256789,-459.421473,2.785131,456.6363428046774,-1277.5487685879343,0,1.8e-12
1.0035883579207967,0.0,-0.0000000000000000,-0.0045561701188184,-0.0094611613271088,0.0000000000000000,5.7519331834325325,3.0000333393655203,-459.602144,2.784111,456.8180333526497,-1277.5832974613731,0,1.0e-12
1.0035902598569451,0.0,-0.0000000000000000,-0.0045556684856636,-0.0094654723363115,0.0000000000000000,5.7569331834325324,3.0000332470985835,-459.782987,2.783075,456.9999118066750,-1277.6106711149914,0,4.2e-11
1.0035921616865213,0.0,-0.0000000000000000,-0.0045551733104270,-0.0094697724090447,0.0000000000000000,5.7619331834325322,3.0000331550240298,-459.964003,2.782024,457.1819791864028,-1277.6308697142813,0,1.5e-11
1.0035940634140714,0.0,-0.0000000000000000,-0.0045546845650486,-0.0094740616111327,0.0000000000000000,5.7669331834325321,3.0000330631410259,-460.145193,2.780957,457.3642362849860,-1277.6438679173589,0,6.9e-12
1.0035959650441046,0.0,-0.0000000000000000,-0.0045542022216683,-0.0094783400079739,0.0000000000000000,5.7719331834325320,3.0000329714487406,-460.326558,2.779874,457.5466839557022,-1277.6496416055888,0,2.9e-12
1.0035978665811018,0.0,-0.0000000000000000,-0.0045537262526232,-0.0094826076645523,0.0000000000000000,5.7769331834325328,3.0000328799463492,-460.508098,2.778775,457.7293231615807,-1277.6481687742198,0,3.6e-11
1.0035997680294677,0.0,-0.0000000000000000,-0.0045532566304640,-0.0094868646453968,0.0000000000000000,5.7819331834325318,3.0000327886330300,-460.689815,2.777659,457.9121550572207,-1277.6394326882146,0,2.3e-10
1.0036016693936216,0.0,-0.0000000000000000,-0.0045527933278778,-0.0094911110146731,0.0000000000000000,5.7869331834325326,3.0000326975079661,-460.871708,2.776528,458.0951796777278,-1277.6233889941795,0,3.6e-12
1.0036035706779247,0.0,-0.0000000000000000,-0.0045523363178133,-0.0094953468361025,0.0000000000000000,5.7919331834325325,3.0000326065703438,-461.053780,2.775381,458.2783987936401,-1277.6000344770146,0,1.4e-11
1.0036054718867016,0.0,-0.0000000000000000,-0.0045518855733701,-0.0094995721729980,0.0000000000000000,5.7969331834325324,3.0000325158193535,-461.236031,2.774218,458.4618132260883,-1277.5693434503046,0,9.8e-11
1.0036073730242445,0.0,-0.0000000000000000,-0.0045514410678264,-0.0095037870882908,0.0000000000000000,5.8019331834325323,3.0000324252541906,-461.418462,2.773039,458.6454234944696,-1277.5312827031448,0,5.3e-11
1.0036092740948090,0.0,-0.0000000000000000,-0.0045510027746664,-0.0095079916444812,0.0000000000000000,5.8069331834325322,3.0000323348740543,-461.601074,2.771843,458.8292307430061,-1277.4858338861086,0,5.6e-12
1.0036111751026247,0.0,-0.0000000000000000,-0.0045505706675443,-0.0095121859036859,0.0000000000000000,5.8119331834325330,3.0000322446781471,-461.783867,2.770632,459.0132358038440,-1277.4329708911100,0,1.1e-10
1.0036130760518687,0.0,-0.0000000000000000,-0.0045501447203184,-0.0095163699276197,0.0000000000000000,5.8169331834325320,3.0000321546656767,-461.966844,2.769404,459.1974400185282,-1277.3726797302952,0,7.9e-12
1.0036149769467131,0.0,-0.0000000000000000,-0.0045497249069872,-0.0095205437776180,0.0000000000000000,5.8219331834325327,3.0000320648358541,-462.150003,2.768160,459.3818438661431,-1277.3049253641657,0,1.4e-11
1.0036168777912751,0.0,-0.0000000000000000,-0.0045493112017586,-0.0095247075146158,0.0000000000000000,5.8269331834325317,3.0000319751878943,-462.333348,2.766899,459.5664484951832,-1277.2296889378340,0,1.8e-11
1.0036187785896615,0.0,-0.0000000000000000,-0.0045489035789962,-0.0095288611991750,0.0000000000000000,5.8319331834325325,3.0000318857210155,-462.516877,2.765622,459.7512547173773,-1277.1469429141580,0,1.3e-11
1.0036206793459286,0.0,-0.0000000000000000,-0.0045485020132474,-0.0095330048914503,0.0000000000000000,5.8369331834325324,3.0000317964344401,-462.700592,2.764329,459.9362634741539,-1277.0566632508853,0,1.3e-10
1.0036225800640961,0.0,-0.0000000000000000,-0.0045481064792520,-0.0095371386512729,0.0000000000000000,5.8419331834325323,3.0000317073273961,-462.884496,2.763019,460.1214761321071,-1276.9588351119310,0,2.4e-12
1.0036244807481833,0.0,-0.0000000000000000,-0.0045477169518749,-0.0095412625380283,0.0000000000000000,5.8469331834325322,3.0000316183991131,-463.068587,2.761693,460.3068931850747,-1276.8534234428953,0,8.8e-12
1.0036263814021527,0.0,-0.0000000000000000,-0.0045473334061808,-0.0095453766107730,0.0000000000000000,5.8519331834325321,3.0000315296488256,-463.252866,2.760351,460.4925156953616,-1276.7404061096458,0,7.6e-11
1.0036282820299596,0.0,-0.0000000000000000,-0.0045469558174032,-0.0095494809281893,0.0000000000000000,5.8569331834325329,3.0000314410757714,-463.437337,2.758992,460.6783449063674,-1276.6197651750408,0,1.7e-12
1.0036301826355056,0.0,-0.0000000000000000,-0.0045465841609237,-0.0095535755485851,0.0000000000000000,5.8619331834325319,3.0000313526791929,-463.621998,2.757616,460.8643814991471,-1276.4914691502636,0,7.6e-12
1.0036320832226808,0.0,-0.0000000000000000,-0.0045462184123024,-0.0095576605299102,0.0000000000000000,5.8669331834325327,3.0000312644583342,-463.806850,2.756224,461.0506265891837,-1276.3554967901000,0,5.2e-12
1.0036339837953441,0.0,-0.0000000000000000,-0.0045458585472526,-0.0095617359297542,0.0000000000000000,5.8719331834325317,3.0000311764124459,-463.991896,2.754815,461.2370811013571,-1276.2118219323747,0,4.3e-11
1.0036358843573214,0.0,-0.0000000000000000,-0.0045455045416604,-0.0095658018053488,0.0000000000000000,5.8769331834325325,3.0000310885407808,-464.177136,2.753389,461.4237462347370,-1276.0604249837343,0,2.4e-11
1.0036377849124185,0.0,-0.0000000000000000,-0.0045451563715538,-0.0095698582135718,0.0000000000000000,5.8819331834325324,3.0000310008425952,-464.362570,2.751947,461.6106227314104,-1275.9012751323316,0,7.1e-12
1.0036396854644141,0.0,-0.0000000000000000,-0.0045448140131305,-0.0095739052109530,0.0000000000000000,5.8869331834325322,3.0000309133171492,-464.548200,2.750488,461.7977117325593,-1275.7343508230551,0,1.2e-12
1.0036415860170542,0.0,-0.0000000000000000,-0.0045444774427424,-0.0095779428536682,0.0000000000000000,5.8919331834325321,3.0000308259637065,-464.734027,2.749012,461.9850142473686,-1275.5596274242271,0,4.2e-12
1.0036434865740642,0.0,-0.0000000000000000,-0.0045441466368945,-0.0095819711975524,0.0000000000000000,5.8969331834325320,3.0000307387815348,-464.920051,2.747520,462.1725312946880,-1275.3770801425999,0,4.5e-12
1.0036453871391422,0.0,-0.0000000000000000,-0.0045438215722449,-0.0095859902980969,0.0000000000000000,5.9019331834325328,3.0000306517699058,-465.106274,2.746010,462.3602639077936,-1275.1866843981115,0,1.8e-12
1.0036472877159621,0.0,-0.0000000000000000,-0.0045435022256026,-0.0095900002104540,0.0000000000000000,5.9069331834325318,3.0000305649280921,-465.292697,2.744484,462.5482130941105,-1274.9884148097626,0,3.4e-12
1.0036491883081722,0.0,-0.0000000000000000,-0.0045431885739289,-0.0095940009894387,0.0000000000000000,5.9119331834325326,3.0000304782553733,-465.479321,2.742941,462.7363799229718,-1274.7822473069682,0,1.7e-12
1.0036510889193968,0.0,-0.0000000000000000,-0.0045428805943313,-0.0095979926895320,0.0000000000000000,5.9169331834325325,3.0000303917510309,-465.666146,2.741381,462.9247654137779,-1274.5681563921971,0,8.3e-13
1.0036529895532311,0.0,-0.0000000000000000,-0.0045425782640661,-0.0096019753648821,0.0000000000000000,5.9219331834325324,3.0000303054143487,-465.853174,2.739803,463.1133706046997,-1274.3461169537477,0,2.4e-11
1.0036548902133160,0.0,-0.0000000000000000,-0.0045422815604929,-0.0096059490693356,0.0000000000000000,5.9269331834325323,3.0000302192446155,-466.040405,2.738209,463.3021956950736,-1274.1160817557102,0,6.6e-10
1.0036567909030454,0.0,-0.0000000000000000,-0.0045419904612834,-0.0096099138563270,0.0000000000000000,5.9319331834325322,3.0000301332411254,-466.227842,2.736598,463.4912444706846,-1273.8780958462594,0,2.0e-12
1.0036586916260992,0.0,-0.0000000000000000,-0.0045417049440004,-0.0096138697790857,0.0000000000000000,5.9369331834325330,3.0000300474031700,-466.415485,2.734969,463.6805152082491,-1273.6320626166562,0,5.5e-12
1.0036605923859383,0.0,-0.0000000000000000,-0.0045414249865166,-0.0096178168904458,0.0000000000000000,5.9419331834325320,3.0000299617300503,-466.603334,2.733324,463.8700099200964,-1273.3779809847765,0,1.9e-11
1.0036624931860483,0.0,-0.0000000000000000,-0.0045411505668053,-0.0096217552429425,0.0000000000000000,5.9469331834325327,3.0000298762210678,-466.791391,2.731661,464.0597297399887,-1273.1158271609020,0,1.7e-13
1.0036643940298924,0.0,-0.0000000000000000,-0.0045408816629792,-0.0096256848887948,0.0000000000000000,5.9519331834325317,3.0000297908755273,-466.979657,2.729981,464.2496758252028,-1272.8455777624476,0,1.0e-10
1.0036662949209205,0.0,-0.0000000000000000,-0.0045406182532709,-0.0096296058799083,0.0000000000000000,5.9569331834325325,3.0000297056927376,-467.168133,2.728284,464.4398488606995,-1272.5671973299613,0,2.0e-12
1.0036681958625449,0.0,-0.0000000000000000,-0.0045403603160829,-0.0096335182678784,0.0000000000000000,5.9619331834325324,3.0000296206720116,-467.356820,2.726569,464.6302504374856,-1272.2806730652665,0,3.9e-11
1.0036700968581735,0.0,-0.0000000000000000,-0.0045401078299116,-0.0096374221039994,0.0000000000000000,5.9669331834325323,3.0000295358126641,-467.545718,2.724837,464.8208810091672,-1271.9859631064464,0,2.3e-10
1.0036719979111957,0.0,-0.0000000000000000,-0.0045398607734452,-0.0096413174392554,0.0000000000000000,5.9719331834325322,3.0000294511140115,-467.734831,2.723088,465.0117427516385,-1271.6830689822382,0,6.8e-11
1.0036738990249550,0.0,-0.0000000000000000,-0.0045396191254463,-0.0096452043243196,0.0000000000000000,5.9769331834325321,3.0000293665753781,-467.924157,2.721321,465.2028360346966,-1271.3719467177434,0,8.7e-12
1.0036758002028050,0.0,-0.0000000000000000,-0.0045393828648307,-0.0096490828095811,0.0000000000000000,5.9819331834325329,3.0000292821960870,-468.113699,2.719537,465.3941619918070,-1271.0525709460780,0,6.5e-12
1.0036777014480642,0.0,-0.0000000000000000,-0.0045391519706498,-0.0096529529451211,0.0000000000000000,5.9869331834325319,3.0000291979754672,-468.303457,2.717735,465.5857218483741,-1270.7249187091948,0,4.5e-12
1.0036796027640364,0.0,-0.0000000000000000,-0.0045389264220802,-0.0096568147807281,0.0000000000000000,5.9919331834325327,3.0000291139128499,-468.493433,2.715916,465.7775167861062,-1270.3889656503452,0,7.9e-12
1.0036815041540228,0.0,-0.0000000000000000,-0.0045387061984089,-0.0096606683658964,0.0000000000000000,5.9969331834325317,3.0000290300075689,-468.683627,2.714080,465.9695475117741,-1270.0446750573174,0,2.6e-10
1.0036834056212440,0.0,-0.0000000000000000,-0.0045384912791136,-0.0096645137498369,0.0000000000000000,6.0019331834325325,3.0000289462589622,-468.874042,2.712225,466.1618163284547,-1269.6920512572542,0,9.5e-12
1.0036853071689875,0.0,-0.0000000000000000,-0.0045382816437033,-0.0096683509814588,0.0000000000000000,6.0069331834325324,3.0000288626663698,-469.064677,2.710353,466.3543232417041,-1269.3310389840772,0,3.9e-12
1.0036872088004765,0.0,-0.0000000000000000,-0.0045380772718693,-0.0096721801093976,0.0000000000000000,6.0119331834325322,3.0000287792291358,-469.255533,2.708464,466.5470697104923,-1268.9616202547186,0,6.0e-11
1.0036891105189221,0.0,-0.0000000000000000,-0.0045378781434246,-0.0096760011820028,0.0000000000000000,6.0169331834325321,3.0000286959466069,-469.446614,2.706556,466.7400571519241,-1268.5837758723210,0,3.9e-12
1.0036910123275200,0.0,-0.0000000000000000,-0.0045376842382799,-0.0096798142473390,0.0000000000000000,6.0219331834325320,3.0000286128181322,-469.637918,2.704631,466.9332863727449,-1268.1974706508045,0,8.4e-11
1.0036929142294453,0.0,-0.0000000000000000,-0.0045374955364968,-0.0096836193531923,0.0000000000000000,6.0269331834325328,3.0000285298430649,-469.829448,2.702689,467.1267589753291,-1267.8026899411925,0,1.9e-12
1.0036948162278649,0.0,-0.0000000000000000,-0.0045373120182281,-0.0096874165470761,0.0000000000000000,6.0319331834325318,3.0000284470207608,-470.021204,2.700728,467.3204758099238,-1267.3993991462048,0,1.1e-11
1.0036967183259231,0.0,-0.0000000000000000,-0.0045371336637605,-0.0096912058762260,0.0000000000000000,6.0369331834325326,3.0000283643505781,-470.213188,2.698749,467.5144381187778,-1266.9875738681731,0,6.1e-12
1.0036986205267577,0.0,-0.0000000000000000,-0.0045369604534853,-0.0096949873876110,0.0000000000000000,6.0419331834325325,3.0000282818318791,-470.405400,2.696753,467.7086468508490,-1266.5671815066016,0,2.2e-10
1.0037005228334628,0.0,-0.0000000000000000,-0.0045367923679541,-0.0096987611279151,0.0000000000000000,6.0469331834325324,3.0000281994640283,-470.597843,2.694739,467.9031041162928,-1266.1382204031397,0,8.9e-12
1.0037024252491566,0.0,-0.0000000000000000,-0.0045366293877657,-0.0097025271435737,0.0000000000000000,6.0519331834325323,3.0000281172463930,-470.790517,2.692706,468.0978101946775,-1265.7006398145459,0,7.5e-12
1.0037043277769166,0.0,-0.0000000000000000,-0.0045364714936796,-0.0097062854807445,0.0000000000000000,6.0569331834325322,3.0000280351783442,-470.983423,2.690656,468.2927666000921,-1265.2544218150724,0,7.9e-12
1.0037062304198121,0.0,-0.0000000000000000,-0.0045363186665561,-0.0097100361853242,0.0000000000000000,6.0619331834325330,3.0000279532592540,-471.176562,2.688588,468.4879745663894,-1264.7995406582631,0,6.4e-13
1.0037081331808972,0.0,-0.0000000000000000,-0.0045361708873683,-0.0097137793029495,0.0000000000000000,6.0669331834325320,3.0000278714884998,-471.369937,2.686501,468.6834352966391,-1264.3359696598491,0,8.0e-13
1.0037100360632125,0.0,-0.0000000000000000,-0.0045360281371999,-0.0097175148789955,0.0000000000000000,6.0719331834325327,3.0000277898654604,-471.563547,2.684397,468.8791500236957,-1263.8636827074370,0,4.0e-12
1.0037119390697828,0.0,-0.0000000000000000,-0.0045358903972478,-0.0097212429585810,0.0000000000000000,6.0769331834325317,3.0000277083895175,-471.757394,2.682274,469.0751200202181,-1263.3826546355558,0,1.2e-11
1.0037138422036220,0.0,-0.0000000000000000,-0.0045357576488124,-0.0097249635865712,0.0000000000000000,6.0819331834325325,3.0000276270600557,-471.951480,2.680133,469.2713464456224,-1262.8928568648116,0,1.0e-11
1.0037157454677283,0.0,-0.0000000000000000,-0.0045356298733064,-0.0097286768075750,0.0000000000000000,6.0869331834325324,3.0000275458764620,-472.145805,2.677974,469.4678305645809,-1262.3942635759886,0,6.1e-11
1.0037176488650843,0.0,-0.0000000000000000,-0.0045355070522564,-0.0097323826659504,0.0000000000000000,6.0919331834325323,3.0000274648381282,-472.340371,2.675797,469.6645738301544,-1261.8868539160030,0,7.1e-13
1.0037195523986664,0.0,-0.0000000000000000,-0.0045353891672801,-0.0097360812058097,0.0000000000000000,6.0969331834325322,3.0000273839444462,-472.535178,2.673601,469.8615772479886,-1261.3705945381516,0,6.6e-12
1.0037214560714303,0.0,-0.0000000000000000,-0.0045352762001113,-0.0097397724710130,0.0000000000000000,6.1019331834325321,3.0000273031948113,-472.730229,2.671387,470.0588421877347,-1260.8454618935211,0,9.6e-12
1.0037233598863249,0.0,-0.0000000000000000,-0.0045351681325877,-0.0097434565051787,0.0000000000000000,6.1069331834325329,3.0000272225886224,-472.925525,2.669155,470.2563699470355,-1260.3114302511240,0,8.1e-12
1.0037252638462848,0.0,-0.0000000000000000,-0.0045350649466484,-0.0097471333516797,0.0000000000000000,6.1119331834325319,3.0000271421252811,-473.121066,2.666904,470.4541617945290,-1259.7684728999448,0,4.0e-11
1.0037271679542319,0.0,-0.0000000000000000,-0.0045349666243312,-0.0097508030536519,0.0000000000000000,6.1169331834325327,3.0000270618041909,-473.316854,2.664635,470.6522189131365,-1259.2165604470647,0,1.0e-11
1.0037290722130772,0.0,-0.0000000000000000,-0.0045348731477848,-0.0097544656539851,0.0000000000000000,6.1219331834325317,3.0000269816247580,-473.512890,2.662347,470.8505427037542,-1258.6556695228646,0,7.6e-13
1.0037309766257199,0.0,-0.0000000000000000,-0.0045347844992549,-0.0097581211953352,0.0000000000000000,6.1269331834325325,3.0000269015863923,-473.709175,2.660041,471.0491345141260,-1258.0857748958224,0,4.0e-11
1.0037328811950466,0.0,-0.0000000000000000,-0.0045347006610790,-0.0097617697201227,0.0000000000000000,6.1319331834325324,3.0000268216885053,-473.905712,2.657716,471.2479954291814,-1257.5068440066680,0,2.2e-11
1.0037347859239341,0.0,-0.0000000000000000,-0.0045346216157104,-0.0097654112705321,0.0000000000000000,6.1369331834325322,3.0000267419305109,-474.102500,2.655373,471.4471270367074,-1256.9188579320617,0,1.1e-11
1.0037366908152499,0.0,-0.0000000000000000,-0.0045345473456833,-0.0097690458885194,0.0000000000000000,6.1419331834325321,3.0000266623118268,-474.299541,2.653011,471.6465304254273,-1256.3217837312550,0,2.5e-11
1.0037385958718459,0.0,-0.0000000000000000,-0.0045344778336436,-0.0097726736158065,0.0000000000000000,6.1469331834325320,3.0000265828318722,-474.496837,2.650630,471.8462071029314,-1255.7155999244424,0,3.4e-12
1.0037405010965716,0.0,-0.0000000000000000,-0.0045344130623227,-0.0097762944938923,0.0000000000000000,6.1519331834325328,3.0000265034900697,-474.694389,2.648231,472.0461582739768,-1255.1002762595454,0,1.2e-11
1.0037424064922507,0.0,-0.0000000000000000,-0.0045343530145536,-0.0097799085640357,0.0000000000000000,6.1569331834325318,3.0000264242858439,-474.892198,2.645813,472.2463852846091,-1254.4757867888256,0,4.7e-12
1.0037443120617204,0.0,-0.0000000000000000,-0.0045342976732557,-0.0097835158672930,0.0000000000000000,6.1619331834325326,3.0000263452186209,-475.090265,2.643376,472.4468892975444,-1253.8420992768952,0,1.6e-10
1.0037462178077901,0.0,-0.0000000000000000,-0.0045342470214484,-0.0097871164444967,0.0000000000000000,6.1669331834325325,3.0000262662878319,-475.288592,2.640920,472.6476715843760,-1253.1991845716693,0,5.2e-10
1.0037481237332526,0.0,-0.0000000000000000,-0.0045342010422924,-0.0097907103361928,0.0000000000000000,6.1719331834325324,3.0000261874929093,-475.487181,2.638446,472.8487349897299,-1252.5470592260390,0,1.6e-12
1.0037500298409201,0.0,-0.0000000000000000,-0.0045341597189322,-0.0097942975828167,0.0000000000000000,6.1769331834325323,3.0000261088332865,-475.686031,2.635952,473.0500789414314,-1251.8856407731655,0,5.0e-12
1.0037519361335716,0.0,-0.0000000000000000,-0.0045341230346897,-0.0097978782245149,0.0000000000000000,6.1819331834325322,3.0000260303084012,-475.885145,2.633440,473.2517055482688,-1251.2149236847472,0,2.9e-11
1.0037538426139854,0.0,-0.0000000000000000,-0.0045340909729496,-0.0098014523012280,0.0000000000000000,6.1869331834325330,3.0000259519176948,-476.084525,2.630909,473.4536160870885,-1250.5348785513052,0,5.5e-12
1.0037557492849272,0.0,-0.0000000000000000,-0.0045340635171921,-0.0098050198526942,0.0000000000000000,6.1919331834325320,3.0000258736606069,-476.284170,2.628358,473.6558119608324,-1249.8454790562828,0,4.8e-11
1.0037576561491615,0.0,-0.0000000000000000,-0.0045340406509916,-0.0098085809184286,0.0000000000000000,6.1969331834325327,3.0000257955365837,-476.484084,2.625789,473.8582947613104,-1249.1467042885779,0,1.9e-11
1.0037595632094336,0.0,-0.0000000000000000,-0.0045340223579985,-0.0098121355377423,0.0000000000000000,6.2019331834325317,3.0000257175450713,-476.684266,2.623201,474.0610656948396,-1248.4385221066041,0,7.4e-11
1.0037614704684921,0.0,-0.0000000000000000,-0.0045340086219514,-0.0098156837497348,0.0000000000000000,6.2069331834325325,3.0000256396855196,-476.884719,2.620593,474.2641259839540,-1247.7209005652985,0,6.3e-12
1.0037633779290678,0.0,-0.0000000000000000,-0.0045339994266910,-0.0098192255932949,0.0000000000000000,6.2119331834325324,3.0000255619573801,-477.085444,2.617967,474.4674773335138,-1246.9938213875575,0,4.1e-12
1.0037652855938888,0.0,-0.0000000000000000,-0.0045339947561327,-0.0098227611071080,0.0000000000000000,6.2169331834325323,3.0000254843601071,-477.286442,2.615321,474.6711210753197,-1246.2572554113576,0,2.7e-11
1.0037671934656767,0.0,-0.0000000000000000,-0.0045339945942759,-0.0098262903296570,0.0000000000000000,6.2219331834325322,3.0000254068931569,-477.487715,2.612656,474.8750585087813,-1245.5111723085720,0,3.5e-12
1.0037691015471424,0.0,-0.0000000000000000,-0.0045339989252109,-0.0098298132992177,0.0000000000000000,6.2269331834325321,3.0000253295559882,-477.689263,2.609972,475.0792911454000,-1244.7555476553680,0,7.5e-12
1.0037710098409895,0.0,-0.0000000000000000,-0.0045340077331099,-0.0098333300538670,0.0000000000000000,6.2319331834325329,3.0000252523480619,-477.891089,2.607268,475.2838204288230,-1243.9903549067822,0,7.1e-12
1.0037729183499153,0.0,-0.0000000000000000,-0.0045340210022288,-0.0098368406314775,0.0000000000000000,6.2369331834325319,3.0000251752688416,-478.093193,2.604546,475.4886477849201,-1243.2155670074135,0,4.8e-11
1.0037748270766156,0.0,-0.0000000000000000,-0.0045340387169013,-0.0098403450697402,0.0000000000000000,6.2419331834325327,3.0000250983177934,-478.295578,2.601804,475.6937745346144,-1242.4311529752013,0,1.8e-11
1.0037767360237704,0.0,-0.0000000000000000,-0.0045340608615503,-0.0098438434061257,0.0000000000000000,6.2469331834325317,3.0000250214943844,-478.498244,2.599042,475.8992022176975,-1241.6370888389356,0,2.8e-12
1.0037786451940574,0.0,-0.0000000000000000,-0.0045340874206776,-0.0098473356779241,0.0000000000000000,6.2519331834325325,3.0000249447980858,-478.701194,2.596261,476.1049323082025,-1240.8333480517031,0,2.0e-12
1.0037805545901484,0.0,-0.0000000000000000,-0.0045341183788642,-0.0098508219222281,0.0000000000000000,6.2569331834325324,3.0000248682283699,-478.904427,2.593461,476.3109662069161,-1240.0199019103165,0,6.4e-12
1.0037824642147086,0.0,-0.0000000000000000,-0.0045341537207720,-0.0098543021759394,0.0000000000000000,6.2619331834325322,3.0000247917847109,-479.107946,2.590641,476.5173054200959,-1239.1967244311236,0,2.2e-12
1.0037843740703969,0.0,-0.0000000000000000,-0.0045341934311416,-0.0098577764757689,0.0000000000000000,6.2669331834325321,3.0000247154665853,-479.311753,2.587802,476.7239513672864,-1238.3637870586244,0,4.5e-12
1.0037862841598661,0.0,-0.0000000000000000,-0.0045342374947933,-0.0098612448582378,0.0000000000000000,6.2719331834325320,3.0000246392734735,-479.515848,2.584943,476.9309055640367,-1237.5210637712880,0,3.1e-12
1.0037881944857647,0.0,-0.0000000000000000,-0.0045342858966236,-0.0098647073596803,0.0000000000000000,6.2769331834325328,3.0000245632048554,-479.720234,2.582064,477.1381694529342,-1236.6685262020765,0,1.8e-12
1.0037901050507343,0.0,-0.0000000000000000,-0.0045343386216087,-0.0098681640162434,0.0000000000000000,6.2819331834325318,3.0000244872602160,-479.924911,2.579166,477.3457445516690,-1235.8061481117038,0,6.6e-12
1.0037920158574098,0.0,-0.0000000000000000,-0.0045343956547987,-0.0098716148638915,0.0000000000000000,6.2869331834325326,3.0000244114390404,-480.129881,2.576249,477.5536323105633,-1234.9339009609830,0,2.3e-12
1.0037939269084246,0.0,-0.0000000000000000,-0.0045344569813223,-0.0098750599384029,0.0000000000000000,6.2919331834325325,3.0000243357408158,-480.335145,2.573311,477.7618342552862,-1234.0517583098990,0,6.7e-12
1.0037958382064038,0.0,-0.0000000000000000,-0.0045345225863829,-0.0098784992753770,0.0000000000000000,6.2969331834325324,3.0000242601650329,-480.540706,2.570354,477.9703519095798,-1233.1596934459230,0,8.5e-12
1.0037977497539712,0.0,-0.0000000000000000,-0.0045345924552603,-0.0098819329102298,0.0000000000000000,6.3019331834325323,3.0000241847111830,-480.746564,2.567377,478.1791868229325,-1232.2576802978001,0,7.5e-11
1.0037996615537395,0.0,-0.0000000000000000,-0.0045346665732968,-0.0098853608782008,0.0000000000000000,6.3069331834325322,3.0000241093787614,-480.952721,2.564380,478.3883402509545,-1231.3456836852856,0,1.8e-12
1.0038015736083241,0.0,-0.0000000000000000,-0.0045347449259278,-0.0098887832143503,0.0000000000000000,6.3119331834325330,3.0000240341672635,-481.159178,2.561364,478.5978139782358,-1230.4236842154787,0,1.6e-11
1.0038034859203309,0.0,-0.0000000000000000,-0.0045348274986489,-0.0098921999535618,0.0000000000000000,6.3169331834325320,3.0000239590761879,-481.365937,2.558327,478.8076094687769,-1229.4916526656452,0,2.2e-11
1.0038053984923685,0.0,-0.0000000000000000,-0.0045349142770284,-0.0098956111305538,0.0000000000000000,6.3219331834325327,3.0000238841050342,-481.572999,2.555271,479.0177281513998,-1228.5495581873838,0,1.0e-10
1.0038073113270256,0.0,-0.0000000000000000,-0.0045350052467056,-0.0098990167798512,0.0000000000000000,6.3269331834325317,3.0000238092533071,-481.780366,2.552195,479.2281714792832,-1227.5973711968254,0,3.0e-10
1.0038092244269046,0.0,-0.0000000000000000,-0.0045351003934207,-0.0099024169358054,0.0000000000000000,6.3319331834325325,3.0000237345205090,-481.988041,2.549099,479.4389418362786,-1226.6350902471313,0,3.6e-12
1.0038111377945980,0.0,-0.0000000000000000,-0.0045351997029252,-0.0099058116326365,0.0000000000000000,6.3369331834325324,3.0000236599061472,-482.196022,2.545983,479.6500397087282,-1225.6626546232583,0,9.1e-12
1.0038130514326911,0.0,-0.0000000000000000,-0.0045353031610850,-0.0099092009043551,0.0000000000000000,6.3419331834325323,3.0000235854097297,-482.404313,2.542846,479.8614670257130,-1224.6800487203582,0,3.7e-12
1.0038149653437709,0.0,-0.0000000000000000,-0.0045354107538244,-0.0099125847848183,0.0000000000000000,6.3469331834325322,3.0000235110307685,-482.612915,2.539690,480.0732253631256,-1223.6872454344848,0,4.7e-12
1.0038168795304157,0.0,-0.0000000000000000,-0.0045355224671368,-0.0099159633077128,0.0000000000000000,6.3519331834325321,3.0000234367687750,-482.821830,2.536514,480.2853163079647,-1222.6842179879459,0,3.2e-12
1.0038187939952035,0.0,-0.0000000000000000,-0.0045356382870801,-0.0099193365065612,0.0000000000000000,6.3569331834325329,3.0000233626232644,-483.031059,2.533317,480.4977413335181,-1221.6709358534426,0,4.6e-11
1.0038207087407114,0.0,-0.0000000000000000,-0.0045357581997901,-0.0099227044147229,0.0000000000000000,6.3619331834325319,3.0000232885937526,-483.240603,2.530101,480.7105022225350,-1220.6473777862266,0,6.4e-13
1.0038226237695087,0.0,-0.0000000000000000,-0.0045358821914554,-0.0099260670653914,0.0000000000000000,6.3669331834325327,3.0000232146797590,-483.450464,2.526864,480.9236003377554,-1219.6135095303180,0,2.0e-11
1.0038245390841709,0.0,-0.0000000000000000,-0.0045360102483352,-0.0099294244916068,0.0000000000000000,6.3719331834325317,3.0000231408808031,-483.660644,2.523607,481.1370371400397,-1218.5692992774275,0,2.1e-10
1.0038264546872464,0.0,-0.0000000000000000,-0.0045361423567788,-0.0099327767262235,0.0000000000000000,6.3769331834325325,3.0000230671964081,-483.871144,2.520330,481.3508148837533,-1217.5147407931072,0,5.4e-11
1.0038283705813154,0.0,-0.0000000000000000,-0.0045362785031625,-0.0099361238019711,0.0000000000000000,6.3819331834325324,3.0000229936260974,-484.081967,2.517032,481.5649345713525,-1216.4497872456268,0,1.7e-11
1.0038302867689346,0.0,-0.0000000000000000,-0.0045364186739492,-0.0099394657514009,0.0000000000000000,6.3869331834325322,3.0000229201693980,-484.293112,2.513714,481.7793979325592,-1215.3744150805287,0,1.1e-12
1.0038322032526672,0.0,-0.0000000000000000,-0.0045365628556619,-0.0099428026069127,0.0000000000000000,6.3919331834325321,3.0000228468258379,-484.504582,2.510376,481.9942065139596,-1214.2885946086899,0,5.7e-11
1.0038341200350569,0.0,-0.0000000000000000,-0.0045367110348953,-0.0099461344007426,0.0000000000000000,6.3969331834325320,3.0000227735949463,-484.716379,2.507017,482.2093621533716,-1213.1923055536754,0,6.9e-12
1.0038360371186703,0.0,-0.0000000000000000,-0.0045368631982957,-0.0099494611649841,0.0000000000000000,6.4019331834325328,3.0000227004762561,-484.928504,2.503638,482.4248662963473,-1212.0855144604575,0,8.3e-12
1.0038362329009809,0.0,-0.0000000000000000,-0.0045368789603134,-0.0099498005996830,-0.0000000000000000,6.4024437643437890,3.0000226930159499,-484.950184,2.503292,482.4468924148937,-1211.9719006274972,0,4.1e-12
1.0038364327979890,0.0,0.0000000000000000,-0.0045368950960399,-0.0099501471087757,0.0000000000000000,6.4029650674490908,3.0000226854001792,-484.972323,2.502938,482.4693848846075,-1211.8557886328781,0,8.3e-12
1.0038366368962450,0.0,-0.0000000000000000,-0.0045369116151192,-0.0099505008385809,0.0000000000000000,6.4034973179143089,3.0000226776257293,-484.994931,2.502577,482.4923536081338,-1211.7371195537999,0,6.9e-12
1.0038368452841231,0.0,-0.0000000000000000,-0.0045369285274742,-0.0099508619383973,-0.0000000000000000,6.4040407456337904,3.0000226696893204,-485.018017,2.502208,482.5158087662318,-1211.6158350075129,0,1.9e-12
1.0038370580518596,0.0,0.0000000000000000,-0.0045369458433144,-0.0099512305605623,-0.0000000000000000,6.4045955853296554,3.0000226615876060,-485.041591,2.501831,482.5397607701856,-1211.4918753836682,0,2.0e-12
1.0038372752915929,0.0,-0.0000000000000000,-0.0045369635731455,-0.0099516068605119,-0.0000000000000000,6.4051620766531805,3.0000226533171732,-485.065665,2.501445,482.5642202355329,-1211.3651789435971,0,7.6e-12
1.0038374970974033,0.0,0.0000000000000000,-0.0045369817277786,-0.0099519909968415,0.0000000000000000,6.4057404642883089,3.0000226448745360,-485.090249,2.501051,482.5891979959148,-1211.2356820829737,0,1.2e-11
1.0038377235653539,0.0,0.0000000000000000,-0.0045370003183400,-0.0099523831313683,0.0000000000000000,6.4063309980573395,3.0000226362561420,-485.115354,2.500649,482.6147051192253,-1211.1033194772317,0,1.6e-12
1.0038379547935330,0.0,-0.0000000000000000,-0.0045370193562835,-0.0099527834291939,-0.0000000000000000,6.4069339330288280,3.0000226274583635,-485.140991,2.500238,482.6407529703522,-1210.9680259571032,0,3.0e-12
1.0038381908820968,0.0,-0.0000000000000000,-0.0045370388533981,-0.0099531920587696,-0.0000000000000000,6.4075495296277625,3.0000226184775012,-485.167171,2.499818,482.6673530971581,-1210.8297327200999,0,2.4e-12
1.0038384319333133,0.0,-0.0000000000000000,-0.0045370588218209,-0.0099536091919609,-0.0000000000000000,6.4081780537480437,3.0000226093097804,-485.193906,2.499389,482.6945173473025,-1210.6883706833614,0,9.0e-12
1.0038386780516069,0.0,-0.0000000000000000,-0.0045370792740476,-0.0099540350041154,-0.0000000000000000,6.4088197768673352,3.0000225999513499,-485.221208,2.498951,482.7222577651837,-1210.5438670707663,0,2.5e-12
1.0038389293436039,0.0,-0.0000000000000000,-0.0045371002229464,-0.0099544696741294,-0.0000000000000000,6.4094749761643204,3.0000225903982800,-485.249089,2.498503,482.7505867375659,-1210.3961498790013,0,5.0e-12
1.0038391859181797,0.0,-0.0000000000000000,-0.0045371216817667,-0.0099549133845182,-0.0000000000000000,6.4101439346384232,3.0000225806465628,-485.277562,2.498045,482.7795168498772,-1210.2451428413333,0,4.8e-12
1.0038394478865056,0.0,-0.0000000000000000,-0.0045371436641561,-0.0099553663214860,-0.0000000000000000,6.4108269412320462,3.0000225706921100,-485.306638,2.497577,482.8090610284047,-1210.0907699553500,0,3.1e-12
1.0038397153620988,0.0,0.0000000000000000,-0.0045371661841697,-0.0099558286749975,0.0000000000000000,6.4115242909553682,3.0000225605307484,-485.336332,2.497099,482.8392324241373,-1209.9329513874109,0,3.1e-12
1.0038399884608704,0.0,0.0000000000000000,-0.0045371892562863,-0.0099563006388510,0.0000000000000000,6.4122362850137700,3.0000225501582225,-485.366655,2.496611,482.8700445206418,-1209.7716065908025,0,9.9e-12
1.0038402673011777,0.0,0.0000000000000000,-0.0045372128954210,-0.0099567824107528,0.0000000000000000,6.4129632309379341,3.0000225395701916,-485.397623,2.496112,482.9015110403437,-1209.6066513002152,0,3.5e-12
1.0038405520038753,0.0,-0.0000000000000000,-0.0045372371169422,-0.0099572741923920,-0.0000000000000000,6.4137054427166733,3.0000225287622269,-485.429248,2.495602,482.9336460979322,-1209.4380018381926,0,7.1e-12
1.0038408426923684,0.0,0.0000000000000000,-0.0045372619366831,-0.0099577761895185,0.0000000000000000,6.4144632409325517,3.0000225177298105,-485.461544,2.495080,482.9664640229285,-1209.2655693524866,0,3.3e-12
1.0038411394926661,0.0,0.0000000000000000,-0.0045372873709613,-0.0099582886120204,0.0000000000000000,6.4152369529003535,3.0000225064683330,-485.494527,2.494548,482.9999795292778,-1209.0892649461020,0,4.8e-12
1.0038414425334381,0.0,0.0000000000000000,-0.0045373134365922,-0.0099588116740036,0.0000000000000000,6.4160269128084595,3.0000224949730954,-485.528211,2.494003,483.0342076170579,-1208.9089961743302,0,5.8e-12
1.0038417519460705,0.0,0.0000000000000000,-0.0045373401509078,-0.0099593455938736,-0.0000000000000000,6.4168334618631908,3.0000224832393019,-485.562611,2.493447,483.0691636286620,-1208.7246684935235,0,4.2e-12
1.0038420678647226,0.0,-0.0000000000000000,-0.0045373675317738,-0.0099598905944166,-0.0000000000000000,6.4176569484361874,3.0000224712620618,-485.597742,2.492879,483.1048632450505,-1208.5361850449844,0,3.7e-12
1.0038423904263873,0.0,-0.0000000000000000,-0.0045373955976068,-0.0099604469028847,-0.0000000000000000,6.4184977282148763,3.0000224590363858,-485.633620,2.492297,483.1413225028429,-1208.3434465461178,0,3.8e-12
1.0038427197709510,0.0,-0.0000000000000000,-0.0045374243673942,-0.0099610147510800,-0.0000000000000000,6.4193561643561052,3.0000224465571859,-485.670261,2.491704,483.1785577776445,-1208.1463506976143,0,4.5e-12
1.0038430560412535,0.0,-0.0000000000000000,-0.0045374538607135,-0.0099615943754421,-0.0000000000000000,6.4202326276429984,3.0000224338192711,-485.707682,2.491097,483.2165858145025,-1207.9447926776338,0,4.5e-12
1.0038433993831533,0.0,0.0000000000000000,-0.0045374840977526,-0.0099621860171361,0.0000000000000000,6.4211274966451093,3.0000224208173498,-485.745900,2.490476,483.2554237362846,-1207.7386651369015,0,6.6e-12
1.0038437499455897,0.0,-0.0000000000000000,-0.0045375150993305,-0.0099627899221420,-0.0000000000000000,6.4220411578819325,3.0000224075460222,-485.784931,2.489842,483.2950890318050,-1207.5278573967953,0,7.8e-12
1.0038441078806501,0.0,-0.0000000000000000,-0.0045375468869191,-0.0099634063413464,-0.0000000000000000,6.4229740059898557,3.0000223939997825,-485.824794,2.489194,483.3355995779569,-1207.3122558535688,0,4.9e-12
1.0038444733436351,0.0,-0.0000000000000000,-0.0045375794826665,-0.0099640355306350,-0.0000000000000000,6.4239264438926105,3.0000223801730148,-485.865505,2.488532,483.3769736843205,-1207.0917448808905,0,7.8e-12
1.0038448464931289,0.0,0.0000000000000000,-0.0045376129094187,-0.0099646777509870,0.0000000000000000,6.4248988829753078,3.0000223660599916,-485.907085,2.487855,483.4192300155952,-1206.8662041663483,0,6.6e-12
1.0038452274910672,0.0,-0.0000000000000000,-0.0045376471907466,-0.0099653332685709,-0.0000000000000000,6.4258917432621265,3.0000223516548736,-485.949550,2.487163,483.4623876968023,-1206.6355115498736,0,1.0e-11
1.0038456165028105,0.0,-0.0000000000000000,-0.0045376823509677,-0.0099660023548424,0.0000000000000000,6.4269054535977324,3.0000223369517034,-485.992921,2.486455,483.5064662430601,-1206.3995403013250,0,7.1e-12
1.0038460136972158,0.0,-0.0000000000000000,-0.0045377184151754,-0.0099666852866430,-0.0000000000000000,6.4279404518325087,3.0000223219444080,-486.037217,2.485732,483.5514856469561,-1206.1581616499316,0,9.4e-12
1.0038464192467118,0.0,0.0000000000000000,-0.0045377554092640,-0.0099673823463011,0.0000000000000000,6.4289971850116743,3.0000223066267937,-486.082459,2.484992,483.5974663090595,-1205.9112420911697,0,9.2e-12
1.0038468333273747,0.0,-0.0000000000000000,-0.0045377933599573,-0.0099680938217345,-0.0000000000000000,6.4300761095683754,3.0000222909925438,-486.128666,2.484237,483.6444291086351,-1205.6586449970200,0,7.1e-12
1.0038472561190059,0.0,0.0000000000000000,-0.0045378322948385,-0.0099688200065538,0.0000000000000000,6.4311776915208334,3.0000222750352177,-486.175859,2.483464,483.6923954064552,-1205.4002305507020,0,1.1e-11
1.0038476878052129,0.0,0.0000000000000000,-0.0045378722423785,-0.0099695612001694,0.0000000000000000,6.4323024066736272,3.0000222587482495,-486.224061,2.482674,483.7413869995570,-1205.1358535904292,0,8.7e-12
1.0038481285734879,0.0,-0.0000000000000000,-0.0045379132319689,-0.0099703177078979,-0.0000000000000000,6.4334507408232096,3.0000222421249423,-486.273293,2.481866,483.7914262195709,-1204.8653663708537,0,7.3e-12
1.0038485786152935,0.0,-0.0000000000000000,-0.0045379552939544,-0.0099710898410719,-0.0000000000000000,6.4346231899677324,3.0000222251584692,-486.323577,2.481041,483.8425358886378,-1204.5886166886048,0,7.9e-12
1.0038490381261460,0.0,0.0000000000000000,-0.0045379984596650,-0.0099718779171505,0.0000000000000000,6.4358202605212869,3.0000222078418681,-486.374936,2.480197,483.8947393403242,-1204.3054478731938,0,1.1e-11
1.0038495073057025,0.0,-0.0000000000000000,-0.0045380427614512,-0.0099726822598329,-0.0000000000000000,6.4370424695326314,3.0000221901680431,-486.427394,2.479333,483.9480604229420,-1204.0156984915084,0,8.7e-12
1.0038499863578498,0.0,0.0000000000000000,-0.0045380882327228,-0.0099735031991718,0.0000000000000000,6.4382903449085251,3.0000221721297571,-486.480974,2.478451,484.0025235593245,-1203.7192037752684,0,1.4e-11
1.0038504754907940,0.0,0.0000000000000000,-0.0045381349079815,-0.0099743410716907,0.0000000000000000,6.4395644256417413,3.0000221537196339,-486.535702,2.477548,484.0581536716884,-1203.4157924179162,0,8.6e-12
1.0038509749171540,0.0,0.0000000000000000,-0.0045381828228655,-0.0099751962205016,0.0000000000000000,6.4408652620438742,3.0000221349301515,-486.591602,2.476626,484.1149763281064,-1203.1052908859128,0,1.1e-11
1.0038514848540556,0.0,-0.0000000000000000,-0.0045382320141847,-0.0099760689954253,0.0000000000000000,6.4421934159830352,3.0000221157536449,-486.648700,2.475682,484.1730175940015,-1202.7875180505653,0,9.0e-12
1.0038520055232281,0.0,0.0000000000000000,-0.0045382825199662,-0.0099769597531128,0.0000000000000000,6.4435494611265369,3.0000220961822972,-486.707022,2.474717,484.2323042043137,-1202.4622899655078,0,1.4e-11
1.0038525371511031,0.0,-0.0000000000000000,-0.0045383343794953,-0.0099778688571696,-0.0000000000000000,6.4449339831886787,3.0000220762081415,-486.766594,2.473731,484.2928634351071,-1202.1294151535549,0,1.3e-11
1.0038530799689149,0.0,-0.0000000000000000,-0.0045383876333627,-0.0099787966782808,0.0000000000000000,6.4463475801837298,3.0000220558230573,-486.827445,2.472722,484.3547232347887,-1201.7886983303470,0,1.2e-11
1.0038536342128046,0.0,0.0000000000000000,-0.0045384423235092,-0.0099797435943391,0.0000000000000000,6.4477908626842302,3.0000220350187656,-486.889602,2.471690,484.4179121753143,-1201.4399378964154,0,1.1e-11
1.0038542001239250,0.0,-0.0000000000000000,-0.0045384984932756,-0.0099807099905744,-0.0000000000000000,6.4492644540847142,3.0000220137868294,-486.953094,2.470634,484.4824594991578,-1201.0829269399692,0,1.4e-11
1.0038547779485480,0.0,0.0000000000000000,-0.0045385561874514,-0.0099816962596847,0.0000000000000000,6.4507689908709711,3.0000219921186484,-487.017950,2.469555,484.5483950943051,-1200.7174516215018,0,1.5e-11
1.0038553679381752,0.0,-0.0000000000000000,-0.0045386154523287,-0.0099827028019701,-0.0000000000000000,6.4523051228949626,3.0000219700054576,-487.084200,2.468451,484.6157495505669,-1200.3432922950888,0,1.3e-11
1.0038559703496501,0.0,0.0000000000000000,-0.0045386763357553,-0.0099837300254679,0.0000000000000000,6.4538735136555099,3.0000219474383232,-487.151876,2.467321,484.6845541874752,-1199.9602236561186,0,1.7e-11
1.0038565854452735,0.0,0.0000000000000000,-0.0045387388871905,-0.0099847783460902,-0.0000000000000000,6.4554748405848796,3.0000219244081419,-487.221007,2.466166,484.7548410094288,-1199.5680123666825,0,1.7e-11
1.0038572134929207,0.0,0.0000000000000000,-0.0045388031577631,-0.0099858481877635,0.0000000000000000,6.4571097953413856,3.0000219009056348,-487.291628,2.464985,484.8266427903155,-1199.1664192379103,0,1.9e-11
1.0038578547661623,0.0,0.0000000000000000,-0.0045388692003332,-0.0099869399825697,0.0000000000000000,6.4587790841081354,3.0000218769213474,-487.363769,2.463776,484.8999930518842,-1198.7551974154776,0,2.0e-11
1.0038585095443864,0.0,0.0000000000000000,-0.0045389370695527,-0.0099880541708904,-0.0000000000000000,6.4604834278980512,3.0000218524456441,-487.437466,2.462540,484.9749261025490,-1198.3340929471160,0,1.9e-11
1.0038591781129245,0.0,-0.0000000000000000,-0.0045390068219313,-0.0099891912015520,-0.0000000000000000,6.4622235628652964,3.0000218274687080,-487.512752,2.461275,485.0514770524171,-1197.9028442328417,0,1.7e-11
1.0038598607631806,0.0,-0.0000000000000000,-0.0045390785159043,-0.0099903515319739,-0.0000000000000000,6.4640002406232409,3.0000218019805347,-487.589663,2.459981,485.1296818435262,-1197.4611822531879,0,1.9e-11
1.0038605577927613,0.0,0.0000000000000000,-0.0045391522119005,-0.0099915356283180,0.0000000000000000,6.4658142285691058,3.0000217759709313,-487.668234,2.458657,485.2095772391955,-1197.0088291264110,0,2.3e-11
1.0038612695056113,0.0,-0.0000000000000000,-0.0045392279724158,-0.0099927439656412,-0.0000000000000000,6.4676663102154253,3.0000217494295129,-487.748503,2.457302,485.2912008607458,-1196.5454983874370,0,1.9e-11
1.0038619962121500,0.0,-0.0000000000000000,-0.0045393058620886,-0.0099939770280494,-0.0000000000000000,6.4695572855284667,3.0000217223456978,-487.830508,2.455916,485.3745912512159,-1196.0708960166085,0,2.0e-11
1.0038627382294116,0.0,0.0000000000000000,-0.0045393859477772,-0.0099952353088537,-0.0000000000000000,6.4714879712737607,3.0000216947087082,-487.914286,2.454498,485.4597878393445,-1195.5847181890131,0,2.2e-11
1.0038634958811903,0.0,0.0000000000000000,-0.0045394682986393,-0.0099965193107295,0.0000000000000000,6.4734592013688879,3.0000216665075614,-487.999878,2.453047,485.5468309910370,-1195.0866518983821,0,2.5e-11
1.0038642694981845,0.0,-0.0000000000000000,-0.0045395529862175,-0.0099978295458769,-0.0000000000000000,6.4754718272436715,3.0000216377310704,-488.087324,2.451562,485.6357620154999,-1194.5763740782859,0,2.5e-11
1.0038650594181493,0.0,0.0000000000000000,-0.0045396400845249,-0.0099991665361844,0.0000000000000000,6.4775267182079350,3.0000216083678404,-488.176666,2.450042,485.7266232300138,-1194.0535524055886,0,2.4e-11
1.0038658659860491,0.0,0.0000000000000000,-0.0045397296701355,-0.0100005308133933,0.0000000000000000,6.4796247618269840,3.0000215784062640,-488.267945,2.448487,485.8194579471125,-1193.5178438385337,0,2.5e-11
1.0038666895542188,0.0,0.0000000000000000,-0.0045398218222781,-0.0100019229192740,0.0000000000000000,6.4817668643049746,3.0000215478345185,-488.361206,2.446896,485.9143105144618,-1192.9688942174253,0,5.7e-13
1.0038675304825073,0.0,-0.0000000000000000,-0.0045399166229303,-0.0100033434057653,-0.0000000000000000,6.4839539508763302,3.0000215166405613,-488.456493,2.445267,486.0112263500573,-1192.4063395775156,0,3.8e-12
1.0038683891384677,0.0,-0.0000000000000000,-0.0045400141569231,-0.0100047928351915,-0.0000000000000000,6.4861869662053779,3.0000214848121298,-488.553851,2.443599,486.1102519671562,-1191.8298035802145,0,5.7e-13
1.0038692658975086,0.0,0.0000000000000000,-0.0045401145120411,-0.0100062717804081,0.0000000000000000,6.4884668747943790,3.0000214523367332,-488.653327,2.441893,486.2114349809568,-1191.2388976861257,0,3.6e-12
1.0038701611430696,0.0,0.0000000000000000,-0.0045402177791322,-0.0100077808249857,0.0000000000000000,6.4907946614001295,3.0000214192016519,-488.754970,2.440145,486.3148241549384,-1190.6332209190005,0,6.0e-12
1.0038710752667974,0.0,0.0000000000000000,-0.0045403240522192,-0.0100093205633897,0.0000000000000000,6.4931713314593074,3.0000213853939348,-488.858827,2.438357,486.4204694838743,-1190.0123610591545,0,2.3e-12
1.0038720086687265,0.0,0.0000000000000000,-0.0045404334286149,-0.0100108916011626,0.0000000000000000,6.4955979115227533,3.0000213509003921,-488.964948,2.436526,486.5284221229808,-1189.3758909160242,0,1.7e-12
1.0038729617574624,0.0,0.0000000000000000,-0.0045405460090429,-0.0100124945551082,0.0000000000000000,6.4980754496988720,3.0000213157075954,-489.073386,2.434652,486.6387344974027,-1188.7233702945668,0,2.1e-12
1.0038739349503700,0.0,-0.0000000000000000,-0.0045406618977619,-0.0100141300534789,-0.0000000000000000,6.5006050161063458,3.0000212798018717,-489.184193,2.432733,486.7514603216753,-1188.0543449243560,0,5.8e-13
1.0038749286737672,0.0,-0.0000000000000000,-0.0045407812026948,-0.0100157987361653,0.0000000000000000,6.5031877033363532,3.0000212431692996,-489.297422,2.430768,486.8666546139526,-1187.3683453708218,0,2.1e-12
1.0038759433631219,0.0,0.0000000000000000,-0.0045409040355617,-0.0100175012548886,0.0000000000000000,6.5058246269244968,3.0000212057957092,-489.413129,2.428756,486.9843737514436,-1186.6648869780329,0,1.4e-12
1.0038769794632532,0.0,0.0000000000000000,-0.0045410305120203,-0.0100192382733952,0.0000000000000000,6.5085169258326419,3.0000211676666719,-489.531371,2.426695,487.1046755198715,-1185.9434697412507,0,5.8e-13
1.0038780374285392,0.0,-0.0000000000000000,-0.0045411607518072,-0.0100210104676549,0.0000000000000000,6.5112657629408730,3.0000211287675018,-489.652204,2.424585,487.2276191148469,-1185.2035764716711,0,1.8e-12
1.0038791177231277,0.0,0.0000000000000000,-0.0045412948788891,-0.0100228185260604,0.0000000000000000,6.5140723255497850,3.0000210890832522,-489.775690,2.422425,487.3532652281363,-1184.4446736783430,0,3.4e-12
1.0038802208211535,0.0,0.0000000000000000,-0.0045414330216151,-0.0100246631496318,-0.0000000000000000,6.5169378258933186,3.0000210485987067,-489.901888,2.420212,487.4816760296275,-1183.6662089667807,0,3.2e-12
1.0038813472069588,0.0,0.0000000000000000,-0.0045415753128784,-0.0100265450522212,0.0000000000000000,6.5198635016623676,3.0000210072983813,-490.030860,2.417945,487.6129153022267,-1182.8676133698318,0,4.7e-12
1.0038824973753224,0.0,-0.0000000000000000,-0.0045417218902797,-0.0100284649607230,-0.0000000000000000,6.5228506165393867,3.0000209651665148,-490.162672,2.415623,487.7470483650446,-1182.0482966529817,0,2.2e-12
1.0038836718316897,0.0,-0.0000000000000000,-0.0045418728963010,-0.0100304236152850,-0.0000000000000000,6.5259004607442206,3.0000209221870699,-490.297387,2.413245,487.8841422479312,-1181.2076507649617,0,3.1e-12
1.0038848710924122,0.0,0.0000000000000000,-0.0045420284784823,-0.0100324217695238,0.0000000000000000,6.5290143515913996,3.0000208783437277,-490.435074,2.410809,488.0242656438426,-1180.3450460681343,0,2.2e-12
1.0038860956849907,0.0,0.0000000000000000,-0.0045421887896057,-0.0100344601907431,0.0000000000000000,6.5321936340591389,3.0000208336198821,-490.575801,2.408312,488.1674890036593,-1179.4598318850767,0,2.2e-12
1.0038873461483255,0.0,0.0000000000000000,-0.0045423539878859,-0.0100365396601550,0.0000000000000000,6.5354396813702884,3.0000207879986358,-490.719640,2.405755,488.3138845617600,-1178.5513349152025,0,1.7e-12
1.0038886230329711,0.0,-0.0000000000000000,-0.0045425242371686,-0.0100386609731046,-0.0000000000000000,6.5387538955854820,3.0000207414628002,-490.866661,2.403135,488.4635264120173,-1177.6188590917445,0,5.9e-12
1.0038899269013988,0.0,0.0000000000000000,-0.0045426997071349,-0.0100408249392984,0.0000000000000000,6.5421377082087444,3.0000206939948870,-491.016941,2.400450,488.6164905923047,-1176.6616857361369,0,7.1e-12
1.0038912583282653,0.0,0.0000000000000000,-0.0045428805735122,-0.0100430323830361,-0.0000000000000000,6.5455925808058169,3.0000206455771052,-491.170554,2.397699,488.7728550245357,-1175.6790686275635,0,4.4e-12
1.0038926179006866,0.0,-0.0000000000000000,-0.0045430670182942,-0.0100452841434454,-0.0000000000000000,6.5491200056354710,3.0000205961913595,-491.327579,2.394879,488.9326997131857,-1174.6702377446636,0,2.5e-12
1.0038940062185211,0.0,0.0000000000000000,-0.0045432592299696,-0.0100475810747214,0.0000000000000000,6.5527215062940796,3.0000205458192428,-491.488096,2.391990,489.0961067554279,-1173.6343965920678,0,6.2e-12
1.0038954238946571,0.0,-0.0000000000000000,-0.0045434574037534,-0.0100499240463698,-0.0000000000000000,6.5563986383737216,3.0000204944420350,-491.652188,2.389028,489.2631603274020,-1172.5707184521598,0,6.6e-12
1.0038968715553098,0.0,-0.0000000000000000,-0.0045436617418350,-0.0100523139434536,-0.0000000000000000,6.5601529901341173,3.0000204420406953,-491.819939,2.385992,489.4339469205537,-1171.4783510586130,0,4.0e-12
1.0038983498403238,0.0,0.0000000000000000,-0.0045438724536264,-0.0100547516668441,0.0000000000000000,6.5639861831886659,3.0000203885958636,-491.991435,2.382880,489.6085552019267,-1170.3564084755926,0,2.0e-12
1.0038998594034843,0.0,-0.0000000000000000,-0.0045440897560252,-0.0100572381334771,-0.0000000000000000,6.5678998732048992,3.0000203340878513,-492.166766,2.379689,489.7870762690603,-1169.2039760013140,0,3.5e-12
1.0039014009128366,0.0,-0.0000000000000000,-0.0045443138736832,-0.0100597742766126,-0.0000000000000000,6.5718957506196425,3.0000202784966383,-492.346022,2.376418,489.9696036280787,-1168.0201058407401,0,6.1e-12
1.0039029750510127,0.0,-0.0000000000000000,-0.0045445450392862,-0.0100623610460994,0.0000000000000000,6.5759755413691963,3.0000202218018726,-492.529298,2.373065,490.1562332454905,-1166.8038148319611,0,4.6e-13
1.0039045825155659,0.0,-0.0000000000000000,-0.0045447834938439,-0.0100649994086454,-0.0000000000000000,6.5801410076348565,3.0000201639828590,-492.716689,2.369626,490.3470637464518,-1165.5540872207785,0,1.1e-11
1.0039062240193164,0.0,-0.0000000000000000,-0.0045450294869863,-0.0100676903480927,-0.0000000000000000,6.5843939486040890,3.0000201050185624,-492.908295,2.366099,490.5421963388927,-1164.2698677271255,0,6.3e-12
1.0039079002907028,0.0,0.0000000000000000,-0.0045452832772753,-0.0100704348656973,0.0000000000000000,6.5887362012476931,3.0000200448875991,-493.104218,2.362482,490.7417350454689,-1162.9500651838462,0,3.8e-12
1.0039096120741451,0.0,-0.0000000000000000,-0.0045455451325235,-0.0100732339804161,-0.0000000000000000,6.5931696411132874,3.0000199835682348,-493.304560,2.358773,490.9457867015440,-1161.5935477997846,0,8.9e-14
1.0039113601304157,0.0,0.0000000000000000,-0.0045458153301252,-0.0100760887291984,-0.0000000000000000,6.5976961831354632,3.0000199210383767,-493.509430,2.354968,491.1544610906892,-1160.1991430393828,0,2.5e-12
1.0039131452370211,0.0,0.0000000000000000,-0.0045460941573973,-0.0100790001672848,0.0000000000000000,6.6023177824629506,3.0000198572755759,-493.718937,2.351066,491.3678709958215,-1158.7656343534618,0,3.3e-12
1.0039149681885935,0.0,-0.0000000000000000,-0.0045463819119346,-0.0100819693685122,-0.0000000000000000,6.6070364353031632,3.0000197922570160,-493.933194,2.347062,491.5861323711863,-1157.2917619049113,0,8.7e-13
1.0039168297972927,0.0,-0.0000000000000000,-0.0045466789019736,-0.0100849974256257,-0.0000000000000000,6.6118541797844745,3.0000197259595147,-494.152318,2.342954,491.8093643582812,-1155.7762177315017,0,4.3e-12
1.0039187308932185,0.0,0.0000000000000000,-0.0045469854467716,-0.0100880854505987,0.0000000000000000,6.6167730968366110,3.0000196583595153,-494.376429,2.338739,492.0376894835073,-1154.2176467984391,0,3.4e-12
1.0039206723248357,0.0,0.0000000000000000,-0.0045473018769960,-0.0100912345749594,0.0000000000000000,6.6217953110895351,3.0000195894330863,-494.605648,2.334415,492.2712336964894,-1152.6146424725157,0,5.4e-12
1.0039226549594080,0.0,-0.0000000000000000,-0.0045476285351282,-0.0100944459501273,-0.0000000000000000,6.6269229917912105,3.0000195191559129,-494.840103,2.329976,492.5101265475022,-1150.9657464984193,0,1.1e-12
1.0039246796834473,0.0,-0.0000000000000000,-0.0045479657758803,-0.0100977207477576,-0.0000000000000000,6.6321583537446402,3.0000194475032980,-495.079923,2.325421,492.7545012511965,-1149.2694446857349,0,4.1e-12
1.0039267474031723,0.0,0.0000000000000000,-0.0045483139666252,-0.0101010601600942,0.0000000000000000,6.6375036582645910,3.0000193744501509,-495.325241,2.320746,493.0044948526802,-1147.5241660723113,0,4.3e-12
1.0039288590449813,0.0,-0.0000000000000000,-0.0045486734878423,-0.0101044654003342,-0.0000000000000000,6.6429612141544103,3.0000192999709911,-495.576196,2.315947,493.2602483864438,-1145.7282813789352,0,6.5e-13
1.0039310155559387,0.0,0.0000000000000000,-0.0045490447335756,-0.0101079377030013,0.0000000000000000,6.6485333787033669,3.0000192240399381,-495.832928,2.311021,493.5219069454702,-1143.8800980103551,0,6.5e-12
1.0039332179042746,0.0,0.0000000000000000,-0.0045494281119064,-0.0101114783243321,0.0000000000000000,6.6542225587049328,3.0000191466307098,-496.095582,2.305963,493.7896198459675,-1141.9778581040446,0,6.3e-12
1.0039354670798981,0.0,-0.0000000000000000,-0.0045498240454469,-0.0101150885426719,-0.0000000000000000,6.6600312114964613,3.0000190677166163,-496.364310,2.300769,494.0635408643431,-1140.0197390312824,0,5.5e-13
1.0039377640949274,0.0,-0.0000000000000000,-0.0045502329718399,-0.0101187696588857,-0.0000000000000000,6.6659618460207009,3.0000189872705589,-496.639265,2.295436,494.3438282476697,-1138.0038450657012,0,6.0e-12
1.0039401099842322,0.0,0.0000000000000000,-0.0045506553442842,-0.0101225229967806,0.0000000000000000,6.6720170239096079,3.0000189052650219,-496.920605,2.289960,494.6306450174367,-1135.9282095572707,0,4.2e-12
1.0039425058059959,0.0,-0.0000000000000000,-0.0045510916320690,-0.0101263499035438,-0.0000000000000000,6.6781993605909253,3.0000188216720702,-497.208494,2.284335,494.9241590145380,-1133.7907870079653,0,1.9e-12
1.0039449526422897,0.0,-0.0000000000000000,-0.0045515423211313,-0.0101302517501950,-0.0000000000000000,6.6845115264180102,3.0000187364633448,-497.503101,2.278558,495.2245432045969,-1131.5894546873751,0,1.7e-12
1.0039474515996687,0.0,0.0000000000000000,-0.0045520079146255,-0.0101342299320555,0.0000000000000000,6.6909562478233884,3.0000186496100589,-497.804598,2.272623,495.5319757584774,-1129.3220048919029,0,2.7e-12
1.0039500038097819,0.0,-0.0000000000000000,-0.0045524889335143,-0.0101382858692347,-0.0000000000000000,6.6975363084965478,3.0000185610829919,-498.113166,2.266525,495.8466403275928,-1126.9861446178693,0,6.4e-13
1.0039526104300038,0.0,0.0000000000000000,-0.0045529859171764,-0.0101424210071349,0.0000000000000000,6.7042545505864712,3.0000184708524862,-498.428987,2.260261,496.1687261854570,-1124.5794893202692,0,3.1e-12
1.0039552726440830,0.0,-0.0000000000000000,-0.0045534994240322,-0.0101466368169760,-0.0000000000000000,6.7111138759294304,3.0000183788884409,-498.752252,2.253824,496.4984284710611,-1122.0995600577735,0,3.6e-12
1.0039579916628074,0.0,-0.0000000000000000,-0.0045540300321906,-0.0101509347963334,-0.0000000000000000,6.7181172473025761,3.0000182851603108,-499.083157,2.247208,496.8359484655747,-1119.5437816700432,0,3.7e-11
1.0039607687247143,0.0,-0.0000000000000000,-0.0045545783401133,-0.0101553164697373,-0.0000000000000000,6.7252676897038581,3.0000181896370970,-499.421903,2.240409,497.1814936647744,-1116.9094710086065,0,3.1e-11
1.0039636050967731,0.0,0.0000000000000000,-0.0045551449672989,-0.0101597833892169,0.0000000000000000,6.7325682916588434,3.0000180922873447,-499.768699,2.233421,497.5352782350027,-1114.1938426514680,0,3.8e-11
1.0039665020751405,0.0,-0.0000000000000000,-0.0045557305549881,-0.0101643371349514,-0.0000000000000000,6.7400222065549782,3.0000179930791395,-500.123760,2.226237,497.8975230903247,-1111.3939956893446,0,2.8e-11
1.0039694609859144,0.0,0.0000000000000000,-0.0045563357668909,-0.0101689793159063,0.0000000000000000,6.7476326540038878,3.0000178919800997,-500.487308,2.218851,498.2684562997458,-1108.5069146291644,0,3.0e-11
1.0039724831859185,0.0,0.0000000000000000,-0.0045569612899314,-0.0101737115705095,0.0000000000000000,6.7554029212322968,3.0000177889573716,-500.859571,2.211257,498.6483132489382,-1105.5294593694271,0,2.0e-11
1.0039755700635100,0.0,-0.0000000000000000,-0.0045576078350179,-0.0101785355673550,-0.0000000000000000,6.7633363645021705,3.0000176839776271,-501.240786,2.203449,499.0373370401055,-1102.4583640744095,0,2.1e-11
1.0039787230394177,0.0,-0.0000000000000000,-0.0045582761378315,-0.0101834530059443,-0.0000000000000000,6.7714364105606935,3.0000175770070552,-501.631197,2.195418,499.4357787224855,-1099.2902282480645,0,2.7e-11
1.0039818791436985,0.0,0.0000000000000000,-0.0045589530594716,-0.0101883654446956,0.0000000000000000,6.7795411551709472,3.0000174701890909,-502.023047,2.187324,499.8357222240717,-1096.0872237913864,0,2.4e-11
1.0039850383912110,0.0,-0.0000000000000000,-0.0045596385731218,-0.0101932729706954,-0.0000000000000000,6.7876506010922775,3.0000173635225611,-502.416345,2.179167,500.2371782909796,-1092.8491760128090,0,3.0e-11
1.0039882007968908,0.0,0.0000000000000000,-0.0045603326520842,-0.0101981756707730,0.0000000000000000,6.7957647510855006,3.0000172570062977,-502.811104,2.170946,500.6401576800579,-1089.5759081362485,0,3.0e-11
1.0039913663757545,0.0,0.0000000000000000,-0.0045610352697784,-0.0102030736315076,0.0000000000000000,6.8038836079129075,3.0000171506391333,-503.207333,2.162662,501.0446712198384,-1086.2672438331210,0,2.4e-11
1.0039945351429003,0.0,0.0000000000000000,-0.0045617463997396,-0.0102079669392334,0.0000000000000000,6.8120071743382660,3.0000170444199066,-503.605043,2.154313,501.4507298170200,-1082.9230070750782,0,2.6e-11
1.0039977071135091,0.0,0.0000000000000000,-0.0045624660156164,-0.0102128556800450,0.0000000000000000,6.8201354531268228,3.0000169383474580,-504.004245,2.145901,501.8583443988605,-1079.5430202387215,0,2.7e-11
1.0040008823028457,0.0,0.0000000000000000,-0.0045631940911689,-0.0102177399398024,0.0000000000000000,6.8282684470453061,3.0000168324206307,-504.404950,2.137424,502.2675259570092,-1076.1271056468977,0,2.3e-11
1.0040041256066270,0.0,0.0000000000000000,-0.0045639457142237,-0.0102227193185898,0.0000000000000000,6.8365722346112099,3.0000167244815827,-504.815390,2.128707,502.6866824256074,-1072.6042801695003,0,2.2e-11
1.0040074385292570,0.0,0.0000000000000000,-0.0045647216857104,-0.0102277956032114,0.0000000000000000,6.8450504025586607,3.0000166144954528,-505.235835,2.119744,503.1160913565128,-1068.9706759709952,0,1.8e-12
1.0040108226107787,0.0,-0.0000000000000000,-0.0045655228338316,-0.0102329706152202,-0.0000000000000000,6.8537066129480486,3.0000165024268659,-505.666565,2.110526,503.5560397472339,-1065.2222692861542,0,1.7e-12
1.0040142794278302,0.0,-0.0000000000000000,-0.0045663500149193,-0.0102382462118292,-0.0000000000000000,6.8625446047481971,3.0000163882399273,-506.107868,2.101044,504.0068242621012,-1061.3548692009645,0,1.2e-12
1.0040178105946773,0.0,0.0000000000000000,-0.0045672041143371,-0.0102436242869490,0.0000000000000000,6.8715681954517738,3.0000162718982173,-506.560042,2.091290,504.4687517137181,-1057.3641117916995,0,6.1e-12
1.0040214177642632,0.0,-0.0000000000000000,-0.0045680860473975,-0.0102491067722412,-0.0000000000000000,6.8807812827246444,3.0000161533647796,-507.023395,2.081256,504.9421395362863,-1053.2454542886117,0,1.7e-12
1.0040251026293021,0.0,0.0000000000000000,-0.0045689967603003,-0.0102546956382363,0.0000000000000000,6.8901878460898898,3.0000160326021197,-507.498248,2.070932,505.4273161428085,-1048.9941634758870,0,4.4e-12
1.0040288669234116,0.0,-0.0000000000000000,-0.0045699372310995,-0.0102603928955112,-0.0000000000000000,6.8997919486472030,3.0000159095721877,-507.984929,2.060308,505.9246214687089,-1044.6053098358825,0,1.1e-11
1.0040327124222876,0.0,-0.0000000000000000,-0.0045709084706918,-0.0102662005959298,-0.0000000000000000,6.9095977388284231,3.0000157842363810,-508.483782,2.049375,506.4344074582682,-1040.0737584083399,0,5.1e-13
1.0040366369693552,0.0,-0.0000000000000000,-0.0045719105032528,-0.0102721148493249,-0.0000000000000000,6.9195993235430864,3.0000156566845519,-508.994642,2.038133,506.9565086749333,-1035.3989174192684,0,8.4e-12
1.0040405638264855,0.0,-0.0000000000000000,-0.0045729239785749,-0.0102780197680037,-0.0000000000000000,6.9296009099345177,3.0000155294195472,-509.507585,2.026801,507.4807835999777,-1030.6705339645559,0,2.5e-12
1.0040444930167804,0.0,0.0000000000000000,-0.0045739488265676,-0.0102839155201093,0.0000000000000000,6.9396024980587816,3.0000154024387879,-510.022627,2.015378,508.0072485983291,-1025.8883909803117,0,4.8e-12
1.0040484245634529,0.0,0.0000000000000000,-0.0045749849775929,-0.0102898022727347,0.0000000000000000,6.9496040879715242,3.0000152757397132,-510.539784,2.003864,508.5359201423711,-1021.0522747482028,0,2.8e-12
1.0040523584898307,0.0,0.0000000000000000,-0.0045760323624564,-0.0102956801919426,0.0000000000000000,6.9596056797279804,3.0000151493197773,-511.059074,1.992259,509.0668146888461,-1016.1619698470604,0,8.7e-12
1.0040562948193574,0.0,-0.0000000000000000,-0.0045770909124023,-0.0103015494427818,-0.0000000000000000,6.9696072733829801,3.0000150231764477,-511.580511,1.980563,509.5999487314249,-1011.2172613705334,0,6.2e-13
1.0040602335755939,0.0,0.0000000000000000,-0.0045781605591064,-0.0103074101893050,0.0000000000000000,6.9796088689909563,3.0000148973072105,-512.104114,1.968775,510.1353388306409,-1006.2179362414608,0,6.2e-13
1.0040641747822212,0.0,-0.0000000000000000,-0.0045792412346700,-0.0103132625945861,-0.0000000000000000,6.9896104666059502,3.0000147717095644,-512.629898,1.956897,510.6730015551498,-1001.1637808219093,0,6.8e-12
1.0040681184630411,0.0,-0.0000000000000000,-0.0045803328716128,-0.0103191068207374,-0.0000000000000000,6.9996120662816210,3.0000146463810227,-513.157880,1.944927,511.2129534888572,-996.0545812869677,0,5.8e-12
1.0040720646419785,0.0,-0.0000000000000000,-0.0045814354028678,-0.0103249430289262,-0.0000000000000000,7.0096136680712524,3.0000145213191156,-513.688077,1.932866,511.7552112678933,-990.8901252355572,0,5.6e-12
1.0040760133430828,0.0,0.0000000000000000,-0.0045825487617748,-0.0103307713793915,0.0000000000000000,7.0196152720277567,3.0000143965213848,-514.220505,1.920713,512.2997915366054,-985.6701999484794,0,9.3e-13
1.0040799645905301,0.0,-0.0000000000000000,-0.0045836728820738,-0.0103365920314604,-0.0000000000000000,7.0296168782036847,3.0000142719853882,-514.755181,1.908470,512.8467109819727,-980.3945938078105,0,4.9e-12
1.0040839184086248,0.0,0.0000000000000000,-0.0045848076979001,-0.0103424051435646,0.0000000000000000,7.0396184866512330,3.0000141477086979,-515.292121,1.896134,513.3959863091990,-975.0630954067456,0,6.2e-12
1.0040878748218003,0.0,-0.0000000000000000,-0.0045859531437773,-0.0103482108732560,-0.0000000000000000,7.0496200974222480,3.0000140236888995,-515.831342,1.883708,513.9476342438588,-969.6754936727521,0,1.8e-12
1.0040918338546225,0.0,-0.0000000000000000,-0.0045871091546123,-0.0103540093772231,-0.0000000000000000,7.0596217105682371,3.0000138999235921,-516.372861,1.871190,514.5016715244177,-964.2315777437470,0,1.5e-12
1.0040957955317897,0.0,-0.0000000000000000,-0.0045882756656891,-0.0103598008113065,-0.0000000000000000,7.0696233261403725,3.0000137764103885,-516.916695,1.858580,515.0581149148221,-958.7311372667027,0,1.2e-12
1.0040997598781356,0.0,-0.0000000000000000,-0.0045894526126635,-0.0103655853305141,-0.0000000000000000,7.0796249441894981,3.0000136531469153,-517.462860,1.845879,515.6169812059734,-953.1739628721552,0,2.1e-13
1.0041037269186299,0.0,-0.0000000000000000,-0.0045906399315573,-0.0103713630890370,-0.0000000000000000,7.0896265647661396,3.0000135301308131,-518.011374,1.833087,516.1782871968493,-947.5598452426493,0,2.3e-12
1.0041076966783802,0.0,-0.0000000000000000,-0.0045918375587526,-0.0103771342402641,-0.0000000000000000,7.0996281879205085,3.0000134073597335,-518.562253,1.820203,516.7420496992122,-941.8885755055235,0,2.2e-12
1.0041116691826346,0.0,0.0000000000000000,-0.0045930454309870,-0.0103828989367975,0.0000000000000000,7.1096298137025098,3.0000132848313434,-519.115513,1.807228,517.3082855460785,-936.1599455467367,0,3.3e-12
1.0041156444567816,0.0,-0.0000000000000000,-0.0045942634853475,-0.0103886573304671,-0.0000000000000000,7.1196314421617490,3.0000131625433211,-519.671173,1.794161,517.8770115733263,-930.3737472282955,0,2.8e-12
1.0041196225263533,0.0,-0.0000000000000000,-0.0045954916592654,-0.0103944095723454,-0.0000000000000000,7.1296330733475406,3.0000130404933585,-520.229248,1.781003,518.4482446490725,-924.5297740900714,0,2.0e-12
1.0041236034170256,0.0,-0.0000000000000000,-0.0045967298905111,-0.0104001558127620,-0.0000000000000000,7.1396347073089128,3.0000129186791589,-520.789755,1.767753,519.0220016206700,-918.6278186842974,0,7.1e-13
1.0041275871546209,0.0,-0.0000000000000000,-0.0045979781171889,-0.0104058962013177,-0.0000000000000000,7.1496363440946160,3.0000127970984396,-521.352712,1.754412,519.5982993646434,-912.6676751029445,0,5.0e-13
1.0041315737651095,0.0,-0.0000000000000000,-0.0045992362777320,-0.0104116308868990,-0.0000000000000000,7.1596379837531297,3.0000126757489287,-521.918135,1.740980,520.1771547591431,-906.6491378607461,0,4.7e-12
1.0041355632746105,0.0,-0.0000000000000000,-0.0046005043108968,-0.0104173600176919,-0.0000000000000000,7.1696396263326685,3.0000125546283671,-522.486041,1.727457,520.7585846740388,-900.5720012213860,0,1.0e-12
1.0041395557093935,0.0,-0.0000000000000000,-0.0046017821557588,-0.0104230837411961,-0.0000000000000000,7.1796412718811906,3.0000124337345073,-523.056448,1.713842,521.3426060022728,-894.4360611101147,0,3.8e-12
1.0041435510958812,0.0,0.0000000000000000,-0.0046030697517070,-0.0104288022042382,0.0000000000000000,7.1896429204464027,3.0000123130651146,-523.629372,1.700136,521.9292356413303,-888.2411140643817,0,7.5e-12
1.0041475494606495,0.0,-0.0000000000000000,-0.0046043670384388,-0.0104345155529859,-0.0000000000000000,7.1996445720757700,3.0000121926179641,-524.204829,1.686339,522.5184904475378,-881.9869552788732,0,1.3e-12
1.0041515508304297,0.0,0.0000000000000000,-0.0046056739559560,-0.0104402239329609,0.0000000000000000,7.2096462268165205,3.0000120723908443,-524.782838,1.672451,523.1103873202186,-875.6733826872369,0,3.4e-12
1.0041555552321106,0.0,0.0000000000000000,-0.0046069904445591,-0.0104459274890524,0.0000000000000000,7.2196478847156520,3.0000119523815538,-525.363415,1.658471,523.7049431443114,-869.3001942337723,0,2.7e-12
1.0041595626927389,0.0,-0.0000000000000000,-0.0046083164448428,-0.0104516263655308,-0.0000000000000000,7.2296495458199423,3.0000118325879046,-525.946576,1.644401,524.3021747885828,-862.8671879826288,0,3.0e-12
1.0041635732395213,0.0,0.0000000000000000,-0.0046096518976917,-0.0104573207060594,0.0000000000000000,7.2396512101759534,3.0000117130077157,-526.532339,1.630240,524.9020991262834,-856.3741631280864,0,2.9e-12
1.0041675868998263,0.0,-0.0000000000000000,-0.0046109967442750,-0.0104630106537090,-0.0000000000000000,7.2496528778300382,3.0000115936388214,-527.120721,1.615988,525.5047330023234,-849.8209185069136,0,4.0e-12
1.0041716037011847,0.0,-0.0000000000000000,-0.0046123509260425,-0.0104686963509693,-0.0000000000000000,7.2596545488283502,3.0000114744790642,-527.711739,1.601646,526.1100932864408,-843.2072553195176,0,2.1e-12
1.0041756236712929,0.0,0.0000000000000000,-0.0046137143847195,-0.0104743779397621,0.0000000000000000,7.2696562232168480,3.0000113555262988,-528.305409,1.587213,526.7181968006785,-836.5329736068088,0,6.5e-13
1.0041796468380120,0.0,-0.0000000000000000,-0.0046150870623026,-0.0104800555614542,-0.0000000000000000,7.2796579010413032,3.0000112367783900,-528.901749,1.572689,527.3290603724563,-829.7978750051116,0,2.9e-12
1.0041836732293714,0.0,-0.0000000000000000,-0.0046164689010552,-0.0104857293568684,-0.0000000000000000,7.2896595823473085,3.0000111182332132,-529.500776,1.558075,527.9427008201959,-823.0017621961597,0,4.9e-12
1.0041877028735691,0.0,0.0000000000000000,-0.0046178598435024,-0.0104913994662978,0.0000000000000000,7.2996612671802827,3.0000109998886528,-530.102505,1.543370,528.5591349162798,-816.1444369418314,0,1.3e-12
1.0041917357989734,0.0,0.0000000000000000,-0.0046192598324284,-0.0104970660295159,0.0000000000000000,7.3096629555854804,3.0000108817426052,-530.706955,1.528576,529.1783794545355,-809.2257038645039,0,7.2e-12
1.0041957720341250,0.0,-0.0000000000000000,-0.0046206688108697,-0.0105027291857903,-0.0000000000000000,7.3196646476079970,3.0000107637929769,-531.314142,1.513691,529.8004511672827,-802.2453661269101,0,6.6e-12
1.0041998116077377,0.0,-0.0000000000000000,-0.0046220867221125,-0.0105083890738939,-0.0000000000000000,7.3296663432927769,3.0000106460376839,-531.924083,1.498716,530.4253667838868,-795.2032285697642,0,2.7e-12
1.0042038545487002,0.0,-0.0000000000000000,-0.0046235135096884,-0.0105140458321160,-0.0000000000000000,7.3396680426846199,3.0000105284746508,-532.536795,1.483652,531.0531430252094,-788.0990976454923,0,9.9e-13
1.0042079008860769,0.0,0.0000000000000000,-0.0046249491173690,-0.0105196995982751,0.0000000000000000,7.3496697458281890,3.0000104111018131,-533.152294,1.468497,531.6837965596233,-780.9327791190008,0,5.9e-12
1.0042119506491112,0.0,-0.0000000000000000,-0.0046263934891628,-0.0105253505097305,-0.0000000000000000,7.3596714527680174,3.0000102939171174,-533.770598,1.453254,532.3173440302926,-773.7040796502843,0,4.8e-12
1.0042160038672250,0.0,-0.0000000000000000,-0.0046278465693105,-0.0105309987033928,-0.0000000000000000,7.3696731635485158,3.0000101769185181,-534.391723,1.437920,532.9538020588689,-766.4128070758888,0,3.7e-13
1.0042200605700209,0.0,-0.0000000000000000,-0.0046293083022815,-0.0105366443157358,-0.0000000000000000,7.3796748782139785,3.0000100601039774,-535.015685,1.422498,533.5931872424055,-759.0587704123172,0,5.6e-12
1.0042241207872840,0.0,0.0000000000000000,-0.0046307786327683,-0.0105422874828081,0.0000000000000000,7.3896765968085933,3.0000099434714702,-535.642503,1.406987,534.2355161180908,-751.6417780659685,0,3.0e-12
1.0042281845489824,0.0,-0.0000000000000000,-0.0046322575056847,-0.0105479283402437,-0.0000000000000000,7.3996783193764459,3.0000098270189790,-536.272191,1.391386,534.8808052119791,-744.1616404302185,0,2.3e-12
1.0042322518852704,0.0,0.0000000000000000,-0.0046337448661596,-0.0105535670232735,0.0000000000000000,7.4096800459615286,3.0000097107444956,-536.904768,1.375697,535.5290709997087,-736.6181682278111,0,2.3e-12
1.0042363228264877,0.0,0.0000000000000000,-0.0046352406595346,-0.0105592036667357,0.0000000000000000,7.4196817766077476,3.0000095946460190,-537.540249,1.359919,536.1803299250760,-729.0111732112127,0,8.6e-12
1.0042403974031631,0.0,0.0000000000000000,-0.0046367448313588,-0.0105648384050875,0.0000000000000000,7.4296835113589301,3.0000094787215605,-538.178651,1.344053,536.8345983664626,-721.3404668228468,0,6.1e-13
1.0042444756460136,0.0,-0.0000000000000000,-0.0046382573273862,-0.0105704713724150,-0.0000000000000000,7.4396852502588304,3.0000093629691365,-538.819991,1.328098,537.4918926912972,-713.6058629749168,0,5.4e-12
1.0042485575859483,0.0,0.0000000000000000,-0.0046397780935705,-0.0105761027024444,0.0000000000000000,7.4496869933511398,3.0000092473867754,-539.464285,1.312056,538.1522292072806,-705.8071757805010,0,2.5e-12
1.0042526432540679,0.0,-0.0000000000000000,-0.0046413070760619,-0.0105817325285526,-0.0000000000000000,7.4596887406794918,3.0000091319725106,-540.111549,1.295925,538.8156241676287,-697.9442198212200,0,2.7e-12
1.0042567326816676,0.0,0.0000000000000000,-0.0046428442212034,-0.0105873609837773,0.0000000000000000,7.4696904922874703,3.0000090167243880,-540.761801,1.279707,539.4820937676568,-690.0168101584713,0,3.3e-12
1.0042608259002368,0.0,0.0000000000000000,-0.0046443894755264,-0.0105929882008279,-0.0000000000000000,7.4796922482186172,3.0000089016404572,-541.415056,1.263402,540.1516541820243,-682.0247643928742,0,6.6e-12
1.0042649229414629,0.0,-0.0000000000000000,-0.0046459427857471,-0.0105986143120954,-0.0000000000000000,7.4896940085164401,3.0000087867187801,-542.071331,1.247009,540.8243214842522,-673.9678984597849,0,7.0e-13
1.0042690238372305,0.0,0.0000000000000000,-0.0046475040987635,-0.0106042394496629,0.0000000000000000,7.4996957732244196,3.0000086719574242,-542.730641,1.230529,541.5001117373539,-665.8460318291327,0,3.4e-12
1.0042731286196243,0.0,0.0000000000000000,-0.0046490733616507,-0.0106098637453157,-0.0000000000000000,7.5096975423860162,3.0000085573544659,-543.393004,1.213963,542.1790409161654,-657.6589831631572,0,8.3e-12
1.0042772373209301,0.0,0.0000000000000000,-0.0046506505216569,-0.0106154873305513,0.0000000000000000,7.5196993160446777,3.0000084429079901,-544.058435,1.197310,542.8611249294145,-649.4065717911581,0,9.3e-13
1.0042813499736361,0.0,-0.0000000000000000,-0.0046522355262014,-0.0106211103365896,0.0000000000000000,7.5297010942438476,3.0000083286160883,-544.726950,1.180571,543.5463796513346,-641.0886196630599,0,2.4e-12
1.0042854666104339,0.0,-0.0000000000000000,-0.0046538283228692,-0.0106267328943822,0.0000000000000000,7.5397028770269738,3.0000082144768605,-545.398566,1.163745,544.2348208708466,-632.7049484974705,0,1.5e-12
1.0042895872642219,0.0,-0.0000000000000000,-0.0046554288594081,-0.0106323551346231,-0.0000000000000000,7.5497046644375132,3.0000081004884143,-546.073298,1.146834,544.9264643054094,-624.2553807816585,0,5.0e-12
1.0042937119681046,0.0,0.0000000000000000,-0.0046570370837249,-0.0106379771877579,0.0000000000000000,7.5597064565189420,3.0000079866488640,-546.751163,1.129837,545.6213256024262,-615.7397400854970,0,2.7e-12
1.0042978407553944,0.0,0.0000000000000000,-0.0046586529438820,-0.0106435991839935,0.0000000000000000,7.5697082533147633,3.0000078729563326,-547.432175,1.112755,546.3194203451470,-607.1578513530840,0,6.0e-13
1.0043019736596146,0.0,-0.0000000000000000,-0.0046602763880936,-0.0106492212533081,0.0000000000000000,7.5797100548685119,3.0000077594089496,-548.116352,1.095588,547.0207640409837,-598.5095405221509,0,3.2e-12
1.0043061107144984,0.0,-0.0000000000000000,-0.0046619073647222,-0.0106548435254599,-0.0000000000000000,7.5897118612237664,3.0000076460048519,-548.803708,1.078336,547.7253721134805,-589.7946342626819,0,1.0e-11
1.0043102519539935,0.0,-0.0000000000000000,-0.0046635458222749,-0.0106604661299978,-0.0000000000000000,7.5997136724241541,3.0000075327421842,-549.494259,1.060999,548.4332598914768,-581.0129592888698,0,6.2e-13
1.0043143974122604,0.0,-0.0000000000000000,-0.0046651917094005,-0.0106660891962697,-0.0000000000000000,7.6097154885133591,3.0000074196190969,-550.188021,1.043578,549.1444426570069,-572.1643454747973,0,5.4e-13
1.0043185471236755,0.0,-0.0000000000000000,-0.0046668449748851,-0.0106717128534322,0.0000000000000000,7.6197173095351323,3.0000073066337487,-550.885009,1.026074,549.8589355806434,-563.2486222901498,0,1.3e-12
1.0043227011228326,0.0,-0.0000000000000000,-0.0046685055676493,-0.0106773372304601,-0.0000000000000000,7.6297191355332972,3.0000071937843051,-551.585239,1.008485,550.5767537551799,-554.2656206889078,0,9.8e-12
1.0043268594445445,0.0,0.0000000000000000,-0.0046701734367439,-0.0106829624561554,0.0000000000000000,7.6397209665517583,3.0000070810689370,-552.288726,0.990814,551.2979121598623,-545.2151715080836,0,1.9e-12
1.0043310221238433,0.0,0.0000000000000000,-0.0046718485313477,-0.0106885886591560,0.0000000000000000,7.6497228026345097,3.0000069684858235,-552.995484,0.973059,552.0224257178820,-536.0971086948121,0,3.4e-13
1.0043351891959831,0.0,-0.0000000000000000,-0.0046735308007629,-0.0106942159679456,-0.0000000000000000,7.6597246438256432,3.0000068560331510,-553.705530,0.955221,552.7503092342594,-526.9112660165702,0,1.6e-12
1.0043393606964408,0.0,0.0000000000000000,-0.0046752201944121,-0.0106998445108622,0.0000000000000000,7.6697264901693556,3.0000067437091098,-554.418879,0.937301,553.4815774246778,-517.6574787841819,0,2.0e-12
1.0043435366609179,0.0,-0.0000000000000000,-0.0046769166618352,-0.0107054744161068,-0.0000000000000000,7.6797283417099580,3.0000066315118992,-555.135544,0.919299,554.2162448919102,-508.3355829269567,0,1.8e-12
1.0043477171253423,0.0,-0.0000000000000000,-0.0046786201526853,-0.0107111058117532,-0.0000000000000000,7.6897301984918842,3.0000065194397227,-555.855541,0.901215,554.9543261453201,-498.9454158667068,0,3.3e-13
1.0043519021258687,0.0,0.0000000000000000,-0.0046803306167259,-0.0107167388257555,0.0000000000000000,7.6997320605596977,3.0000064074907931,-556.578885,0.883050,555.6958355917793,-489.4868165820371,0,3.9e-12
1.0043560916988812,0.0,-0.0000000000000000,-0.0046820480038273,-0.0107223735859580,-0.0000000000000000,7.7097339279581005,3.0000062956633271,-557.305591,0.864803,556.4407875132656,-479.9596242101979,0,2.9e-12
1.0043602858809941,0.0,0.0000000000000000,-0.0046837722639629,-0.0107280102201033,0.0000000000000000,7.7197358007319412,3.0000061839555467,-558.035672,0.846476,557.1891960925740,-470.3636798273074,0,2.6e-12
1.0043644847090540,0.0,-0.0000000000000000,-0.0046855033472068,-0.0107336488558414,-0.0000000000000000,7.7297376789262255,3.0000060723656841,-558.769143,0.828068,557.9410753993036,-460.6988257686317,0,4.4e-12
1.0043686882201406,0.0,-0.0000000000000000,-0.0046872412037294,-0.0107392896207376,-0.0000000000000000,7.7397395625861236,3.0000059608919716,-559.506019,0.809580,558.6964393814816,-450.9649054329493,0,2.0e-12
1.0043728964515686,0.0,-0.0000000000000000,-0.0046889857837946,-0.0107449326422816,-0.0000000000000000,7.7497414517569760,3.0000058495326534,-560.246314,0.791012,559.4553018683798,-441.1617634427093,0,6.4e-12
1.0043771094408895,0.0,0.0000000000000000,-0.0046907370377560,-0.0107505780478962,0.0000000000000000,7.7597433464843064,3.0000057382859757,-560.990042,0.772365,560.2176765512241,-431.2892448288039,0,1.0e-12
1.0043813272258928,0.0,-0.0000000000000000,-0.0046924949160548,-0.0107562259649448,-0.0000000000000000,7.7697452468138293,3.0000056271501911,-561.737216,0.753639,560.9835770170557,-421.3471972463303,0,7.1e-12
1.0043855498446064,0.0,-0.0000000000000000,-0.0046942593692152,-0.0107618765207406,-0.0000000000000000,7.7797471527914555,3.0000055161235593,-562.487851,0.734834,561.7530167257866,-411.3354696744645,0,9.2e-13
1.0043897773353005,0.0,-0.0000000000000000,-0.0046960303478409,-0.0107675298425549,-0.0000000000000000,7.7897490644633063,3.0000054052043428,-563.241960,0.715951,562.5260089774430,-401.2539108250348,0,3.6e-12
1.0043940097364872,0.0,-0.0000000000000000,-0.0046978078026139,-0.0107731860576246,-0.0000000000000000,7.7997509818757180,3.0000052943908142,-563.999558,0.696991,563.3025669726637,-391.1023727667343,0,7.6e-12
1.0043982470869228,0.0,0.0000000000000000,-0.0046995916842883,-0.0107788452931617,0.0000000000000000,7.8097529050752525,3.0000051836812474,-564.760656,0.677952,564.0827037337173,-380.8807066613517,0,4.5e-12
1.0044024894256092,0.0,-0.0000000000000000,-0.0047013819436892,-0.0107845076763605,0.0000000000000000,7.8197548341087071,3.0000050730739227,-565.525269,0.658837,564.8664321651037,-370.5887662557361,0,1.5e-11
1.0044067367917948,0.0,-0.0000000000000000,-0.0047031785317090,-0.0107901733344055,0.0000000000000000,7.8297567690231222,3.0000049625671270,-566.293409,0.639644,565.6537650489969,-360.2264080450404,0,1.4e-11
1.0044109892249773,0.0,-0.0000000000000000,-0.0047049813993036,-0.0107958423944807,0.0000000000000000,7.8397587098657926,3.0000048521591518,-567.065091,0.620376,566.4447149953088,-349.7934885932773,0,5.1e-12
1.0044152467649043,0.0,0.0000000000000000,-0.0047067904974890,-0.0108015149837771,0.0000000000000000,7.8497606566842730,3.0000047418482931,-567.840326,0.601031,567.2392944375370,-339.2898641383508,0,1.2e-12
1.0044195094515753,0.0,-0.0000000000000000,-0.0047086057773390,-0.0108071912294998,-0.0000000000000000,7.8597626095263919,3.0000046316328537,-568.619127,0.581611,568.0375156974061,-328.7153950090287,0,2.4e-13
1.0044237773252429,0.0,-0.0000000000000000,-0.0047104271899811,-0.0108128712588776,-0.0000000000000000,7.8697645684402575,3.0000045215111393,-569.401507,0.562116,568.8393909260247,-318.0699421491008,0,3.7e-12
1.0044280504264140,0.0,-0.0000000000000000,-0.0047122546865938,-0.0108185551991693,0.0000000000000000,7.8797665334742693,3.0000044114814619,-570.187479,0.542547,569.6449321129427,-307.3533678477688,0,5.2e-12
1.0044323287958528,0.0,0.0000000000000000,-0.0047140882184029,-0.0108242431776728,-0.0000000000000000,7.8897685046771260,3.0000043015421385,-570.977054,0.522903,570.4541510830584,-296.5655360229721,0,4.2e-12
1.0044366124745805,0.0,0.0000000000000000,-0.0047159277366786,-0.0108299353217323,0.0000000000000000,7.8997704820978365,3.0000041916914908,-571.770245,0.503185,571.2670594967439,-285.7063120246748,0,3.3e-12
1.0044409015038784,0.0,-0.0000000000000000,-0.0047177731927323,-0.0108356317587461,-0.0000000000000000,7.9097724657857302,3.0000040819278455,-572.567063,0.483394,572.0836688428996,-274.7755629796302,0,2.9e-12
1.0044451959252887,0.0,-0.0000000000000000,-0.0047196245379128,-0.0108413326161752,-0.0000000000000000,7.9197744557904644,3.0000039722495324,-573.367521,0.463530,572.9039904284507,-263.7731568512972,0,2.2e-12
1.0044494957806158,0.0,0.0000000000000000,-0.0047214817236037,-0.0108470380215495,0.0000000000000000,7.9297764521620371,3.0000038626548888,-574.171629,0.443594,573.7280353949145,-252.6989640081883,0,2.7e-12
1.0044538011119284,0.0,0.0000000000000000,-0.0047233447012200,-0.0108527481024767,-0.0000000000000000,7.9397784549507948,3.0000037531422548,-574.979400,0.423585,574.5558147016956,-241.5528562865220,0,3.4e-12
1.0044581119615617,0.0,-0.0000000000000000,-0.0047252134222052,-0.0108584629866495,-0.0000000000000000,7.9497804642074437,3.0000036437099746,-575.790845,0.403505,575.3873391212780,-230.3347071580356,0,1.4e-12
1.0044624283721171,0.0,0.0000000000000000,-0.0047270878380270,-0.0108641828018536,0.0000000000000000,7.9597824799830592,3.0000035343563987,-576.605974,0.383354,576.2226192364158,-219.0443914993084,0,7.1e-13
1.0044667503864655,0.0,0.0000000000000000,-0.0047289679001752,-0.0108699076759742,0.0000000000000000,7.9697845023290981,3.0000034250798810,-577.424798,0.363133,577.0616654398962,-207.6817860186275,0,1.3e-12
1.0044710780477484,0.0,-0.0000000000000000,-0.0047308535601581,-0.0108756377370048,-0.0000000000000000,7.9797865312974068,3.0000033158787787,-578.247329,0.342841,577.9044879285915,-196.2467691151542,0,1.7e-12
1.0044754113993792,0.0,0.0000000000000000,-0.0047327447694990,-0.0108813731130541,-0.0000000000000000,7.9897885669402315,3.0000032067514555,-579.073576,0.322479,578.7510967001613,-184.7392207753437,0,2.8e-12
1.0044797504850451,0.0,-0.0000000000000000,-0.0047346414797335,-0.0108871139323532,-0.0000000000000000,7.9997906093102324,3.0000030976962777,-579.903550,0.302049,579.6015015595626,-173.1590235383483,0,1.7e-12
1.0044840953487086,0.0,-0.0000000000000000,-0.0047365436424058,-0.0108928603232638,-0.0000000000000000,8.0097926584604906,3.0000029887116173,-580.737261,0.281549,580.4557120882051,-161.5060604191967,0,3.8e-13
1.0044884460346091,0.0,0.0000000000000000,-0.0047384512090658,-0.0108986124142848,0.0000000000000000,8.0197947144445205,3.0000028797958485,-581.574719,0.260981,581.3137376716116,-149.7802173809905,0,1.0e-12
1.0044928025872641,0.0,0.0000000000000000,-0.0047403641312654,-0.0109043703340601,0.0000000000000000,8.0297967773162799,3.0000027709473507,-582.415934,0.240346,582.1755874648999,-137.9813809979823,0,1.3e-11
1.0044971650514722,0.0,0.0000000000000000,-0.0047422823605564,-0.0109101342113859,-0.0000000000000000,8.0397988471301822,3.0000026621645084,-583.260914,0.219643,583.0412704386486,-126.1094417076965,0,1.0e-11
1.0045015334723131,0.0,0.0000000000000000,-0.0047442058484856,-0.0109159041752176,0.0000000000000000,8.0498009239411079,3.0000025534457082,-584.109669,0.198874,583.9107953117198,-114.1642903301981,0,4.1e-12
1.0045059078951497,0.0,0.0000000000000000,-0.0047461345465930,-0.0109216803546779,0.0000000000000000,8.0598030078044136,3.0000024447893416,-584.962209,0.178039,584.7841705781202,-102.1458192673745,0,5.1e-12
1.0045102883656305,0.0,-0.0000000000000000,-0.0047480684064077,-0.0109274628790632,-0.0000000000000000,8.0698050987759462,3.0000023361938033,-585.818542,0.157137,585.6614045123260,-90.0539235667675,0,1.2e-11
1.0045146749296903,0.0,0.0000000000000000,-0.0047500073794454,-0.0109332518778510,0.0000000000000000,8.0798071969120535,3.0000022276574927,-586.678676,0.136171,586.5425051696267,-77.8885012111568,0,6.6e-13
1.0045190676335520,0.0,-0.0000000000000000,-0.0047519514172041,-0.0109390474807075,0.0000000000000000,8.0898093022695932,3.0000021191788133,-587.542620,0.115140,587.4274803304378,-65.6494498305547,0,2.8e-12
1.0045234665237293,0.0,0.0000000000000000,-0.0047539004711621,-0.0109448498174943,0.0000000000000000,8.0998114149059486,3.0000020107561700,-588.410382,0.094044,588.3163375652902,-53.3366710671689,0,8.3e-13
1.0045278716470263,0.0,0.0000000000000000,-0.0047558544927737,-0.0109506590182758,0.0000000000000000,8.1098135348790379,3.0000019023879743,-589.281970,0.072885,589.2090841848144,-40.9500676101306,0,4.2e-12
1.0045322830505412,0.0,-0.0000000000000000,-0.0047578134334666,-0.0109564752133260,-0.0000000000000000,8.1198156622473281,3.0000017940726398,-590.157391,0.051663,590.1057272533565,-28.4895447331655,0,8.0e-12
1.0045367007816668,0.0,0.0000000000000000,-0.0047597772446385,-0.0109622985331357,-0.0000000000000000,8.1298177970698458,3.0000016858085838,-591.036652,0.030379,591.0062735865081,-15.9550099622284,0,7.5e-12
1.0045411248880920,0.0,-0.0000000000000000,-0.0047617458776538,-0.0109681291084194,-0.0000000000000000,8.1398199394061912,3.0000015775942268,-591.919762,0.009032,591.9107297384788,-3.3463726890914,0,2.8e-12
1.0045455554178049,0.0,-0.0000000000000000,-0.0047637192838395,-0.0109739670701230,-0.0000000000000000,8.1498220893165456,3.0000014694279939,-592.806726,-0.012376,592.8191019848859,9.3364562455681,0,6.0e-13
1.0045499924190924,0.0,-0.0000000000000000,-0.0047656974144844,-0.0109798125494295,-0.0000000000000000,8.1598242468616906,3.0000013613083132,-593.697552,-0.033845,593.7313963661675,22.0935620878299,0,1.4e-11
1.0045544359405438,0.0,-0.0000000000000000,-0.0047676802208318,-0.0109856656777675,0.0000000000000000,8.1698264121030171,3.0000012532336151,-594.592244,-0.055374,594.6476185996993,34.9250307839829,0,7.7e-12
1.0045588860310510,0.0,-0.0000000000000000,-0.0047696676540810,-0.0109915265868162,-0.0000000000000000,8.1798285851025376,3.0000011452023347,-595.490811,-0.076963,595.5677741972883,47.8309420153673,0,8.9e-12
1.0045633427398111,0.0,0.0000000000000000,-0.0047716596653799,-0.0109973954085144,0.0000000000000000,8.1898307659229026,3.0000010372129102,-596.393257,-0.098612,596.4918683411818,60.8113757657411,0,9.5e-12
1.0045678061163272,0.0,-0.0000000000000000,-0.0047736562058240,-0.0110032722750657,-0.0000000000000000,8.1998329546274089,3.0000009292637824,-597.299587,-0.120319,597.4199059448511,73.8664091287937,0,2.7e-12
1.0045722762104119,0.0,-0.0000000000000000,-0.0047756572264521,-0.0110091573189467,-0.0000000000000000,8.2098351512800178,3.0000008213533951,-598.209807,-0.142084,598.3518916248023,86.9961170344905,0,3.0e-12
1.0045767530721865,0.0,-0.0000000000000000,-0.0047776626782438,-0.0110150506729123,-0.0000000000000000,8.2198373559453657,3.0000007134801976,-599.123923,-0.163907,599.2878296935056,100.2005728941294,0,1.5e-11
1.0045812367520841,0.0,0.0000000000000000,-0.0047796725121157,-0.0110209524700038,-0.0000000000000000,8.2298395686887780,3.0000006056426392,-600.041937,-0.185787,600.2277242132704,113.4798444390181,0,6.2e-12
1.0045857273008516,0.0,-0.0000000000000000,-0.0047816866789175,-0.0110268628435551,-0.0000000000000000,8.2398417895762819,3.0000004978391743,-600.963856,-0.207723,601.1715788874930,126.8340004781203,0,1.6e-12
1.0045902247695508,0.0,0.0000000000000000,-0.0047837051294300,-0.0110327819271995,0.0000000000000000,8.2498440186746222,3.0000003900682590,-601.889682,-0.229715,602.1193971394657,140.2631057725521,0,3.9e-12
1.0045947292095598,0.0,-0.0000000000000000,-0.0047857278143603,-0.0110387098548767,-0.0000000000000000,8.2598462560512758,3.0000002823283540,-602.819420,-0.251762,603.0711820665325,153.7672232283803,0,4.6e-13
1.0045992406725754,0.0,-0.0000000000000000,-0.0047877546843400,-0.0110446467608391,0.0000000000000000,8.2698485017744652,3.0000001746179228,-603.753072,-0.273864,604.0269364691428,167.3464119222772,0,4.2e-12
1.0046037592106150,0.0,-0.0000000000000000,-0.0047897856899202,-0.0110505927796583,-0.0000000000000000,8.2798507559131700,3.0000000669354292,-604.690642,-0.296020,604.9866628021945,181.0007298326236,0,6.6e-13
1.0046082848760165,0.0,0.0000000000000000,-0.0047918207815694,-0.0110565480462326,-0.0000000000000000,8.2898530185371460,2.9999999592793434,-605.632133,-0.318230,605.9503632102212,194.7302313215332,0,7.7e-12
1.0046128177214424,0.0,0.0000000000000000,-0.0047938599096699,-0.0110625126957928,-0.0000000000000000,8.2998552897169375,2.9999998516481368,-606.577547,-0.340492,606.9180395131992,208.5349675098259,0,6.2e-12
1.0046173577998805,0.0,-0.0000000000000000,-0.0047959030245134,-0.0110684868639092,0.0000000000000000,8.3098575695238921,2.9999997440402835,-607.526886,-0.362807,607.8896931556174,222.4149893169233,0,5.3e-12
1.0046219051646450,0.0,-0.0000000000000000,-0.0047979500762993,-0.0110744706864981,-0.0000000000000000,8.3198598580301759,2.9999996364542607,-608.480152,-0.385173,608.8653252930455,236.3703416067001,0,7.9e-13
1.0046264598693790,0.0,0.0000000000000000,-0.0048000010151295,-0.0110804642998282,-0.0000000000000000,8.3298621553087919,2.9999995288885479,-609.437346,-0.407591,609.8449366821142,250.4010696089244,0,8.8e-12
1.0046310219680559,0.0,0.0000000000000000,-0.0048020557910067,-0.0110864678405277,0.0000000000000000,8.3398644614335904,2.9999994213416286,-610.398469,-0.430059,610.8285277793317,264.5072126397281,0,8.3e-13
1.0046355915149814,0.0,-0.0000000000000000,-0.0048041143538297,-0.0110924814455897,0.0000000000000000,8.3498667764792884,2.9999993138119874,-611.363522,-0.452577,611.8160986418304,278.6888097457995,0,6.2e-12
1.0046401685647950,0.0,0.0000000000000000,-0.0048061766533904,-0.0110985052523801,0.0000000000000000,8.3598691005214842,2.9999992062981136,-612.332505,-0.475144,612.8076489753875,292.9458965405938,0,2.8e-12
1.0046447531724714,0.0,-0.0000000000000000,-0.0048082426393705,-0.0111045393986429,0.0000000000000000,8.3698714336366713,2.9999990987984959,-613.305419,-0.497759,613.8031781348396,307.2785044609045,0,5.3e-12
1.0046493453933230,0.0,-0.0000000000000000,-0.0048103122613379,-0.0111105840225069,-0.0000000000000000,8.3798737759022579,2.9999989913116289,-614.282262,-0.520423,614.8026850869488,321.6866630642035,0,1.4e-11
1.0046539452830010,0.0,0.0000000000000000,-0.0048123854687435,-0.0111166392624926,0.0000000000000000,8.3898761273965849,2.9999988838360072,-615.263034,-0.543134,615.8061684464778,336.1703973464319,0,5.3e-12
1.0046585528974974,0.0,0.0000000000000000,-0.0048144622109169,-0.0111227052575185,0.0000000000000000,8.3998784881989348,2.9999987763701301,-616.247734,-0.565892,616.8136263880032,350.7297326717817,0,1.4e-12
1.0046631682931466,0.0,0.0000000000000000,-0.0048165424370642,-0.0111287821469069,0.0000000000000000,8.4098808583895561,2.9999986689124989,-617.236361,-0.588696,617.8250567480389,365.3646883279725,0,1.3e-11
1.0046677915266273,0.0,0.0000000000000000,-0.0048186260962633,-0.0111348700703906,0.0000000000000000,8.4198832380496782,2.9999985614616147,-618.228911,-0.611546,618.8404569780814,380.0752798969042,0,4.0e-12
1.0046724226549641,0.0,-0.0000000000000000,-0.0048207131374614,-0.0111409691681192,-0.0000000000000000,8.4298856272615268,2.9999984540159850,-619.225384,-0.634440,619.8598240665003,394.8615235967445,0,1.2e-11
1.0046770617355287,0.0,-0.0000000000000000,-0.0048228035094703,-0.0111470795806659,-0.0000000000000000,8.4398880261083438,2.9999983465741176,-620.225776,-0.657379,620.8831546684843,409.7234282264253,0,1.4e-11
1.0046817088260434,0.0,0.0000000000000000,-0.0048248971609643,-0.0111532014490326,0.0000000000000000,8.4498904346744030,2.9999982391345226,-621.230084,-0.680361,621.9104449970154,424.6610012132442,0,7.3e-12
1.0046863639845802,0.0,0.0000000000000000,-0.0048269940404757,-0.0111593349146572,0.0000000000000000,8.4598928530450284,2.9999981316957132,-622.238304,-0.703387,622.9416908460244,439.6742468778684,0,1.1e-12
1.0046910272695646,0.0,-0.0000000000000000,-0.0048290940963911,-0.0111654801194198,-0.0000000000000000,8.4698952813066128,2.9999980242562043,-623.250433,-0.726455,623.9768875793246,454.7631668874819,0,7.8e-12
1.0046956987397770,0.0,0.0000000000000000,-0.0048311972769488,-0.0111716372056482,0.0000000000000000,8.4798977195466350,2.9999979168145137,-624.266466,-0.749564,625.0160301586966,469.9277578268957,0,1.8e-11
1.0047003784543533,0.0,-0.0000000000000000,-0.0048333035302344,-0.0111778063161242,-0.0000000000000000,8.4899001678536816,2.9999978093691606,-625.286398,-0.772715,626.0591131211006,485.1680124764971,0,5.6e-12
1.0047050664727881,0.0,0.0000000000000000,-0.0048354128041777,-0.0111839875940910,-0.0000000000000000,8.4999026263174624,2.9999977019186677,-626.310225,-0.795906,627.1061305234545,500.4839226937038,0,2.7e-12
1.0047097628549351,0.0,-0.0000000000000000,-0.0048375250465483,-0.0111901811832575,0.0000000000000000,8.5099050950288291,2.9999975944615591,-627.337939,-0.819137,628.1570760084204,515.8754749936343,0,1.6e-12
1.0047144676610102,0.0,0.0000000000000000,-0.0048396402049533,-0.0111963872278055,0.0000000000000000,8.5199075740797987,2.9999974869963610,-628.369536,-0.842407,629.2119427555392,531.3426533549209,0,9.8e-12
1.0047191809515916,0.0,0.0000000000000000,-0.0048417582268329,-0.0112026058723958,0.0000000000000000,8.5299100635635661,2.9999973795216022,-629.405008,-0.865715,630.2707235116997,546.8854363974242,0,8.3e-12
1.0047239027876231,0.0,-0.0000000000000000,-0.0048438790594563,-0.0112088372621740,0.0000000000000000,8.5399125635745285,2.9999972720358135,-630.444349,-0.889062,631.3334105442281,562.5038007262920,0,4.1e-13
1.0047286332304148,0.0,-0.0000000000000000,-0.0048460026499191,-0.0112150815427763,0.0000000000000000,8.5499150742083074,2.9999971645375285,-631.487551,-0.912445,632.3999956425043,578.1977192905906,0,7.9e-12
1.0047333723416454,0.0,0.0000000000000000,-0.0048481289451390,-0.0112213388603360,0.0000000000000000,8.5599175955617621,2.9999970570252814,-632.534605,-0.935865,633.4704701541428,593.9671600302099,0,1.6e-12
1.0047381201833629,0.0,-0.0000000000000000,-0.0048502578918523,-0.0112276093614893,-0.0000000000000000,8.5699201277330150,2.9999969494976106,-633.585504,-0.959321,634.5448249079589,609.8120891441649,0,1.6e-11
1.0047428768179880,0.0,0.0000000000000000,-0.0048523894366105,-0.0112338931933813,0.0000000000000000,8.5799226708214729,2.9999968419530538,-634.640238,-0.982813,635.6230503072891,625.7324654989643,0,1.3e-12
1.0047476423083141,0.0,-0.0000000000000000,-0.0048545235257762,-0.0112401905036711,-0.0000000000000000,8.5899252249278426,2.9999967343901539,-635.698798,-1.006339,636.7051362048791,641.7282478315756,0,1.6e-11
1.0047524167175101,0.0,-0.0000000000000000,-0.0048566601055189,-0.0112465014405399,-0.0000000000000000,8.5999277901541564,2.9999966268074538,-636.761173,-1.029899,637.7910719498577,657.7993912104575,0,6.5e-12
1.0047572001091218,0.0,-0.0000000000000000,-0.0048587991218135,-0.0112528261526942,-0.0000000000000000,8.6099303666037930,2.9999965192034992,-637.827355,-1.053492,638.8808464753091,673.9458415806002,0,3.7e-12
1.0047619925470737,0.0,0.0000000000000000,-0.0048609405204334,-0.0112591647893737,0.0000000000000000,8.6199329543814986,2.9999964115768378,-638.897331,-1.077118,639.9744481033015,690.1675471066847,0,6.4e-12
1.0047667940956695,0.0,-0.0000000000000000,-0.0048630842469497,-0.0112655175003555,0.0000000000000000,8.6299355535934090,2.9999963039260185,-639.971089,-1.100775,641.0718647149940,706.4644473007938,0,2.0e-12
1.0047716048195960,0.0,0.0000000000000000,-0.0048652302467254,-0.0112718844359615,0.0000000000000000,8.6399381643470683,2.9999961962495933,-641.048619,-1.124465,642.1730836297388,722.8364800462150,0,2.7e-12
1.0047764247839233,0.0,-0.0000000000000000,-0.0048673784649126,-0.0112782657470632,-0.0000000000000000,8.6499407867514577,2.9999960885461157,-642.129907,-1.148184,643.2780916349707,739.2835795328720,0,1.4e-11
1.0047812540541061,0.0,0.0000000000000000,-0.0048695288464491,-0.0112846615850873,0.0000000000000000,8.6599434209170134,2.9999959808141416,-643.214941,-1.171934,644.3868750374609,755.8056722979236,0,2.4e-12
1.0047860926959871,0.0,-0.0000000000000000,-0.0048716813360534,-0.0112910721020224,-0.0000000000000000,8.6699460669556512,2.9999958730522276,-644.303706,-1.195714,645.4994195283623,772.4026855684642,0,6.6e-12
1.0047909407757962,0.0,-0.0000000000000000,-0.0048738358782224,-0.0112974974504231,-0.0000000000000000,8.6799487249807878,2.9999957652589342,-645.396189,-1.219522,646.6157103183890,789.0745378221327,0,4.8e-12
1.0047957983601550,0.0,0.0000000000000000,-0.0048759924172258,-0.0113039377834173,0.0000000000000000,8.6899513951073679,2.9999956574328217,-646.492375,-1.243358,647.7357320319300,805.8211455776182,0,3.8e-12
1.0048006655160759,0.0,0.0000000000000000,-0.0048781508971046,-0.0113103932547109,-0.0000000000000000,8.6999540774518831,2.9999955495724544,-647.592248,-1.267221,648.8594687308637,822.6424214492727,0,2.2e-12
1.0048055423109654,0.0,0.0000000000000000,-0.0048803112616650,-0.0113168640185935,0.0000000000000000,8.7099567721324007,2.9999954416763965,-648.695793,-1.291111,649.9869039269535,839.5382721849310,0,1.3e-11
1.0048104288126247,0.0,0.0000000000000000,-0.0048824734544764,-0.0113233502299441,-0.0000000000000000,8.7199594792685833,2.9999953337432159,-649.802993,-1.315027,651.1180205800579,856.5085993722605,0,3.9e-12
1.0048153250892520,0.0,0.0000000000000000,-0.0048846374188666,-0.0113298520442363,0.0000000000000000,8.7299621989817187,2.9999952257714821,-650.913832,-1.338969,652.2528010267204,873.5533025593613,0,1.6e-12
1.0048202312094441,0.0,-0.0000000000000000,-0.0048868030979175,-0.0113363696175446,-0.0000000000000000,8.7399649313947396,2.9999951177597639,-652.028292,-1.362935,653.3912270361500,890.6722757821553,0,1.8e-11
1.0048251472421970,0.0,-0.0000000000000000,-0.0048889704344632,-0.0113429031065486,0.0000000000000000,8.7499676766322505,2.9999950097066370,-653.146354,-1.386926,654.5332798317090,907.8654058616958,0,2.5e-12
1.0048300732569093,0.0,0.0000000000000000,-0.0048911393710837,-0.0113494526685397,-0.0000000000000000,8.7599704348205520,2.9999949016106742,-654.268000,-1.410940,655.6789399597881,925.1325796829187,0,1.0e-11
1.0048350093233820,0.0,-0.0000000000000000,-0.0048933098501029,-0.0113560184614258,-0.0000000000000000,8.7699732060876698,2.9999947934704521,-655.393211,-1.434976,656.8281874313540,942.4736754341575,0,1.3e-11
1.0048399555118210,0.0,0.0000000000000000,-0.0048954818135840,-0.0113626006437361,0.0000000000000000,8.7799759905633774,2.9999946852845505,-656.521967,-1.459035,657.9810016278860,959.8885675661440,0,1.6e-12
1.0048449118928389,0.0,0.0000000000000000,-0.0048976552033250,-0.0113691993746277,0.0000000000000000,8.7899787883792211,2.9999945770515479,-657.654246,-1.483115,659.1373612832493,977.3771279015928,0,9.8e-12
1.0048498785374551,0.0,-0.0000000000000000,-0.0048998299608567,-0.0113758148138902,-0.0000000000000000,8.7999815996685520,2.9999944687700282,-658.790028,-1.507217,660.2972445726967,994.9392194485990,0,2.3e-12
1.0048548555170997,0.0,0.0000000000000000,-0.0049020060274363,-0.0113824471219508,0.0000000000000000,8.8099844245665455,2.9999943604385737,-659.929291,-1.531338,661.4606289781415,1012.5747039681009,0,3.2e-12
1.0048598429036126,0.0,0.0000000000000000,-0.0049041833440458,-0.0113890964598795,0.0000000000000000,8.8199872632102334,2.9999942520557723,-661.072013,-1.555479,662.6274913781652,1030.2834366587631,0,4.2e-12
1.0048648407692466,0.0,0.0000000000000000,-0.0049063618513864,-0.0113957629893946,-0.0000000000000000,8.8299901157385268,2.9999941436202104,-662.218170,-1.579638,663.7978080162941,1048.0652672163851,0,1.1e-11
1.0048698491866686,0.0,0.0000000000000000,-0.0049085414898758,-0.0114024468728676,0.0000000000000000,8.8399929822922498,2.9999940351304781,-663.367738,-1.603816,664.9715544873834,1065.9200402619899,0,2.8e-12
1.0048748682289603,0.0,-0.0000000000000000,-0.0049107221996435,-0.0114091482733286,-0.0000000000000000,8.8499958630141631,2.9999939265851672,-664.520694,-1.628012,666.1487056935644,1083.8475974579342,0,9.0e-12
1.0048798979696207,0.0,-0.0000000000000000,-0.0049129039205272,-0.0114158673544701,-0.0000000000000000,8.8599987580489898,2.9999938179828707,-665.677012,-1.652224,667.3292359328480,1101.8477722764073,0,1.6e-11
1.0048849384825669,0.0,0.0000000000000000,-0.0049150865920689,-0.0114226042806536,-0.0000000000000000,8.8700016675434483,2.9999937093221840,-666.836666,-1.676453,668.5131188190653,1119.9203939200088,0,1.1e-11
1.0048899898421364,0.0,-0.0000000000000000,-0.0049172701535104,-0.0114293592169143,-0.0000000000000000,8.8800045916462800,2.9999936006017043,-667.999630,-1.700697,669.7003272329299,1138.0652891176869,0,9.0e-12
1.0048950521230866,0.0,0.0000000000000000,-0.0049194545437905,-0.0114361323289644,0.0000000000000000,8.8900075305082744,2.9999934918200299,-669.165877,-1.724957,670.8908334755984,1156.2822745555895,0,6.3e-13
1.0049001254005987,0.0,0.0000000000000000,-0.0049216397015402,-0.0114429237832000,0.0000000000000000,8.9000104842823031,2.9999933829757635,-670.335378,-1.749231,672.0846090787902,1174.5711653434264,0,5.9e-12
1.0049052097502769,0.0,-0.0000000000000000,-0.0049238255650792,-0.0114497337467045,-0.0000000000000000,8.9100134531233461,2.9999932740675055,-671.508107,-1.773518,673.2816249384567,1192.9317686748400,0,8.3e-12
1.0049103052481518,0.0,-0.0000000000000000,-0.0049260120724108,-0.0114565623872542,-0.0000000000000000,8.9200164371885240,2.9999931650938620,-672.684033,-1.797819,674.4818511974852,1211.3638886599219,0,3.2e-12
1.0049154119706802,0.0,0.0000000000000000,-0.0049281991612198,-0.0114634098733227,0.0000000000000000,8.9300194366371244,2.9999930560534405,-673.863126,-1.822132,675.6852573217944,1229.8673227916297,0,1.8e-11
1.0049205299947468,0.0,0.0000000000000000,-0.0049303867688676,-0.0114702763740851,0.0000000000000000,8.9400224516306359,2.9999929469448472,-675.045356,-1.846456,676.8918120946673,1248.4418610644934,0,2.2e-11
1.0049256593976654,0.0,0.0000000000000000,-0.0049325748323881,-0.0114771620594232,0.0000000000000000,8.9500254823327747,2.9999928377666945,-676.230691,-1.870792,678.1014835369117,1267.0872905536671,0,2.2e-11
1.0049308002571811,0.0,-0.0000000000000000,-0.0049347632884838,-0.0114840670999300,-0.0000000000000000,8.9600285289095183,2.9999927285175936,-677.419100,-1.895139,679.3142389783342,1285.8033908286598,0,8.2e-13
1.0049359526514705,0.0,0.0000000000000000,-0.0049369520735221,-0.0114909916669140,0.0000000000000000,8.9700315915291355,2.9999926191961590,-678.610549,-1.919496,680.5300449477529,1304.5899389196129,0,1.3e-11
1.0049411166591440,0.0,-0.0000000000000000,-0.0049391411235313,-0.0114979359324040,-0.0000000000000000,8.9800346703622189,2.9999925098010074,-679.805006,-1.943861,681.7488673298769,1323.4467019315634,0,1.4e-11
1.0049462923592454,0.0,-0.0000000000000000,-0.0049413303741971,-0.0115049000691522,-0.0000000000000000,8.9900377655817110,2.9999924003307568,-681.002435,-1.968236,682.9706712156725,1342.3734435595688,0,7.2e-12
1.0049514798312549,0.0,0.0000000000000000,-0.0049435197608570,-0.0115118842506408,-0.0000000000000000,9.0000408773629434,2.9999922907840268,-682.202802,-1.992618,684.1954209524586,1361.3699210814375,0,1.3e-12
1.0049566791550892,0.0,0.0000000000000000,-0.0049457092184986,-0.0115188886510846,0.0000000000000000,9.0100440058836639,2.9999921811594401,-683.406072,-2.017009,685.4230801149664,1380.4358870034339,0,2.0e-11
1.0049618904111031,0.0,0.0000000000000000,-0.0049478986817546,-0.0115259134454349,0.0000000000000000,9.0200471513240696,2.9999920714556207,-684.612206,-2.041405,686.6536115762170,1399.5710848227900,0,5.5e-12
1.0049671136800904,0.0,0.0000000000000000,-0.0049500880848981,-0.0115329588093855,0.0000000000000000,9.0300503138668393,2.9999919616711952,-685.821169,-2.065809,687.8869773532497,1418.7752562062815,0,2.3e-11
1.0049723490432851,0.0,-0.0000000000000000,-0.0049522773618403,-0.0115400249193745,-0.0000000000000000,9.0400534936971670,2.9999918518047903,-687.032921,-2.090217,689.1231387913422,1438.0481321158877,0,2.4e-12
1.0049775965823626,0.0,-0.0000000000000000,-0.0049544664461251,-0.0115471119525904,-0.0000000000000000,9.0500566910027960,2.9999917418550379,-688.247425,-2.114631,690.3620563607604,1457.3894419108692,0,1.3e-11
1.0049828563794410,0.0,0.0000000000000000,-0.0049566552709263,-0.0115542200869749,0.0000000000000000,9.0600599059740468,2.9999916318205702,-689.464640,-2.139049,691.6036897723783,1476.7989074023499,0,3.5e-12
1.0049881285170810,0.0,0.0000000000000000,-0.0049588437690432,-0.0115613495012267,0.0000000000000000,9.0700631388038566,2.9999915217000206,-690.684527,-2.163471,692.8479979777750,1496.2762425981928,0,1.1e-11
1.0049934130782878,0.0,-0.0000000000000000,-0.0049610318728968,-0.0115685003748057,-0.0000000000000000,9.0800663896878078,2.9999914114920259,-691.907042,-2.187897,694.0949391348604,1515.8211555655871,0,1.7e-12
1.0049987101465130,0.0,-0.0000000000000000,-0.0049632195145256,-0.0115756728879374,-0.0000000000000000,9.0900696588241647,2.9999913011952248,-693.132146,-2.212325,695.3444705303219,1535.4333508898271,0,8.9e-12
1.0050040198056531,0.0,-0.0000000000000000,-0.0049654066255825,-0.0115828672216146,-0.0000000000000000,9.1000729464139063,2.9999911908082586,-694.359794,-2.236755,696.5965487193818,1555.1125232179184,0,8.7e-12
1.0050093421400530,0.0,0.0000000000000000,-0.0049675931373301,-0.0115900835576038,0.0000000000000000,9.1100762526607593,2.9999910803297696,-695.589943,-2.261186,697.8511294081626,1574.8583627686603,0,4.1e-12
1.0050146772345052,0.0,-0.0000000000000000,-0.0049697789806375,-0.0115973220784464,-0.0000000000000000,9.1200795777712358,2.9999909697584028,-696.822549,-2.285619,699.1081674601933,1594.6705539241666,0,6.3e-13
1.0050200251742507,0.0,-0.0000000000000000,-0.0049719640859759,-0.0116045829674626,-0.0000000000000000,9.1300829219546635,2.9999908590928057,-698.057566,-2.310051,700.3676169501791,1614.5487733932096,0,2.7e-12
1.0050253860449812,0.0,0.0000000000000000,-0.0049741483834156,-0.0116118664087563,0.0000000000000000,9.1400862854232212,2.9999907483316277,-699.294947,-2.334484,701.6294311097947,1634.4926915386459,0,5.5e-12
1.0050307599328383,0.0,-0.0000000000000000,-0.0049763318026215,-0.0116191725872168,-0.0000000000000000,9.1500896683919777,2.9999906374735206,-700.534647,-2.358915,702.8935623292592,1654.5019730232598,0,8.0e-12
1.0050361469244147,0.0,0.0000000000000000,-0.0049785142728494,-0.0116265016885220,0.0000000000000000,9.1600930710789186,2.9999905265171392,-701.776616,-2.383346,704.1599621731948,1674.5762746400724,0,6.5e-12
1.0050415471067558,0.0,0.0000000000000000,-0.0049806957229425,-0.0116338538991431,-0.0000000000000000,9.1700964937049889,2.9999904154611383,-703.020807,-2.407774,705.4285813195357,1694.7152483026148,0,2.7e-13
1.0050469605673598,0.0,-0.0000000000000000,-0.0049828760813275,-0.0116412294063461,-0.0000000000000000,9.1800999364941234,2.9999903043041778,-704.267170,-2.432200,706.6993696115175,1714.9185390995408,0,2.9e-11
1.0050523873941772,0.0,0.0000000000000000,-0.0049850552760115,-0.0116486283981953,0.0000000000000000,9.1901033996732853,2.9999901930449182,-705.515653,-2.456623,707.9722761057187,1735.1857818649441,0,1.9e-11
1.0050578276756135,0.0,-0.0000000000000000,-0.0049872332345771,-0.0116560510635563,0.0000000000000000,9.2001068834724986,2.9999900816820233,-706.766207,-2.481042,709.2472489024524,1755.5166091510328,0,2.5e-12
1.0050632815005278,0.0,0.0000000000000000,-0.0049894098841796,-0.0116634975920991,0.0000000000000000,9.2101103881248836,2.9999899702141590,-708.018778,-2.505457,710.5242352338423,1775.9106463804783,0,2.0e-11
1.0050687489582348,0.0,0.0000000000000000,-0.0049915851515435,-0.0116709681742998,0.0000000000000000,9.2201139138666939,2.9999898586399922,-709.273314,-2.529868,711.8031815514765,1796.3675087925221,0,9.5e-12
1.0050742301385049,0.0,-0.0000000000000000,-0.0049937589629580,-0.0116784630014444,-0.0000000000000000,9.2301174609373504,2.9999897469581955,-710.529761,-2.554273,713.0840333505315,1816.8868081177061,0,3.3e-12
1.0050797251315635,0.0,0.0000000000000000,-0.0049959312442742,-0.0116859822656308,0.0000000000000000,9.2401210295794787,2.9999896351674411,-711.788063,-2.578672,714.3667352387042,1837.4681492947275,0,1.6e-11
1.0050852340280934,0.0,0.0000000000000000,-0.0049981019209018,-0.0116935261597710,-0.0000000000000000,9.2501246200389424,2.9999895232664060,-713.048165,-2.603066,715.6512310373777,1858.1111265650252,0,5.4e-12
1.0050907569192338,0.0,0.0000000000000000,-0.0050002709178046,-0.0117010948775941,0.0000000000000000,9.2601282325648793,2.9999894112537664,-714.310011,-2.627452,716.9374635583782,1878.8153317710676,0,8.6e-12
1.0050962938965800,0.0,-0.0000000000000000,-0.0050024381594975,-0.0117086886136476,0.0000000000000000,9.2701318674097397,2.9999892991282042,-715.573543,-2.651831,718.2253747687768,1899.5803486315999,0,1.3e-11
1.0051018450521862,0.0,-0.0000000000000000,-0.0050046035700435,-0.0117163075633008,-0.0000000000000000,9.2801355248293156,2.9999891868884045,-716.838703,-2.676203,719.5149057836501,1920.4057510593557,0,1.8e-11
1.0051074104785624,0.0,-0.0000000000000000,-0.0050067670730496,-0.0117239519227452,-0.0000000000000000,9.2901392050827827,2.9999890745330515,-718.105431,-2.700566,720.8059967695687,1941.2911089164554,0,1.3e-11
1.0051129902686775,0.0,0.0000000000000000,-0.0050089285916634,-0.0117316218889982,-0.0000000000000000,9.3001429084327345,2.9999889620608351,-719.373667,-2.724920,722.0985869736957,1962.2359847923799,0,2.4e-11
1.0051185845159580,0.0,0.0000000000000000,-0.0050110880485708,-0.0117393176599039,0.0000000000000000,9.3101466351452142,2.9999888494704465,-720.643349,-2.749266,723.3926148088799,1983.2399317640520,0,3.5e-12
1.0051241933142880,0.0,-0.0000000000000000,-0.0050132453659910,-0.0117470394341348,0.0000000000000000,9.3201503854897521,2.9999887367605802,-721.914417,-2.773601,724.6880176644631,2004.3025003267394,0,1.1e-11
1.0051298167580092,0.0,0.0000000000000000,-0.0050154004656751,-0.0117547874111939,-0.0000000000000000,9.3301541597394024,2.9999886239299345,-723.186806,-2.797926,725.9847321138617,2025.4232294642716,0,1.4e-11
1.0051354549419218,0.0,0.0000000000000000,-0.0050175532689014,-0.0117625617914155,0.0000000000000000,9.3401579581707761,2.9999885109772082,-724.460453,-2.822241,727.2826937774389,2046.6016527601751,0,1.4e-11
1.0051411079612838,0.0,-0.0000000000000000,-0.0050197036964734,-0.0117703627759675,-0.0000000000000000,9.3501617810640756,2.9999883979011055,-725.735294,-2.846544,728.5818373599151,2067.8372967336327,0,1.1e-12
1.0051467759118102,0.0,0.0000000000000000,-0.0050218516687151,-0.0117781905668521,0.0000000000000000,9.3601656287031325,2.9999882847003314,-727.011261,-2.870835,729.8820966034104,2089.1296818181872,0,1.8e-11
1.0051524588896741,0.0,-0.0000000000000000,-0.0050239971054703,-0.0117860453669065,-0.0000000000000000,9.3701695013754396,2.9999881713735941,-728.288289,-2.895115,731.1834044183298,2110.4783177734935,0,2.7e-12
1.0051581569915058,0.0,0.0000000000000000,-0.0050261399260973,-0.0117939273798053,-0.0000000000000000,9.3801733993721861,2.9999880579196074,-729.566311,-2.919382,732.4856926853608,2131.8827111742576,0,1.6e-12
1.0051638703143928,0.0,-0.0000000000000000,-0.0050282800494671,-0.0118018368100603,-0.0000000000000000,9.3901773229882899,2.9999879443370854,-730.845256,-2.943636,733.7888924029083,2153.3423594868509,0,1.3e-11
1.0051695989558782,0.0,-0.0000000000000000,-0.0050304173939605,-0.0118097738630209,-0.0000000000000000,9.4001812725224347,2.9999878306247463,-732.125057,-2.967876,735.0929336553456,2174.8567521441728,0,1.3e-11
1.0051753430139625,0.0,-0.0000000000000000,-0.0050325518774649,-0.0118177387448763,-0.0000000000000000,9.4101852482771022,2.9999877167813107,-733.405642,-2.992103,736.3977455605191,2196.4253727697651,0,1.4e-11
1.0051811025871014,0.0,-0.0000000000000000,-0.0050346834173720,-0.0118257316626551,0.0000000000000000,9.4201892505586038,2.9999876028055041,-734.686941,-3.016316,737.7032563032959,2218.0476973421173,0,2.9e-11
1.0051868777742055,0.0,-0.0000000000000000,-0.0050368119305745,-0.0118337528242247,-0.0000000000000000,9.4301932796771162,2.9999874886960525,-735.968880,-3.040513,739.0093931824771,2239.7231927916291,0,2.2e-11
1.0051926686746411,0.0,0.0000000000000000,-0.0050389373334636,-0.0118418024382941,-0.0000000000000000,9.4401973359467135,2.9999873744516878,-737.251387,-3.064696,740.3160824892886,2261.4513214281178,0,1.9e-11
1.0051984753882275,0.0,-0.0000000000000000,-0.0050410595419271,-0.0118498807144117,0.0000000000000000,9.4502014196853956,2.9999872600711441,-738.534387,-3.088863,741.6232496144607,2283.2315371356672,0,1.2e-11
1.0052042980152378,0.0,-0.0000000000000000,-0.0050431784713458,-0.0118579878629661,0.0000000000000000,9.4602055312151272,2.9999871455531584,-739.817805,-3.113014,742.9308190016308,2305.0632859107573,0,1.2e-11
1.0052101366563975,0.0,-0.0000000000000000,-0.0050452940365916,-0.0118661240951868,-0.0000000000000000,9.4702096708618626,2.9999870308964729,-741.101565,-3.137149,744.2387141392112,2326.9460081753205,0,3.0e-11
1.0052159914128835,0.0,-0.0000000000000000,-0.0050474061520264,-0.0118742896231418,-0.0000000000000000,9.4802138389555815,2.9999869160998305,-742.385591,-3.161267,745.5468576713025,2348.8791329538799,0,1.0e-11
1.0052218623863243,0.0,-0.0000000000000000,-0.0050495147314961,-0.0118824846597399,-0.0000000000000000,9.4902180358303152,2.9999868011619792,-743.669803,-3.185368,746.8551710942900,2370.8620887469151,0,2.4e-11
1.0052277496787971,0.0,0.0000000000000000,-0.0050516196883334,-0.0118907094187279,0.0000000000000000,9.5002222618241792,2.9999866860816713,-744.954123,-3.209452,748.1635752103223,2392.8942892411142,0,2.6e-11
1.0052336533928288,0.0,-0.0000000000000000,-0.0050537209353518,-0.0118989641146908,-0.0000000000000000,9.5102265172794045,2.9999865708576614,-746.238472,-3.233517,749.4719897365592,2414.9751455574296,0,2.2e-11
1.0052395736313935,0.0,0.0000000000000000,-0.0050558183848453,-0.0119072489630511,-0.0000000000000000,9.5202308025423594,2.9999864554887075,-747.522768,-3.257565,750.7803334885552,2437.1040599686094,0,1.3e-11
1.0052455104979121,0.0,-0.0000000000000000,-0.0050579119485857,-0.0119155641800675,-0.0000000000000000,9.5302351179635849,2.9999863399735727,-748.806930,-3.281594,752.0885243202393,2459.2804285848397,0,1.5e-11
1.0052514640962502,0.0,-0.0000000000000000,-0.0050600015378218,-0.0119239099828334,-0.0000000000000000,9.5402394638978212,2.9999862243110225,-750.090875,-3.305604,753.3964792085756,2481.5036376680946,0,1.5e-11
1.0052574345307179,0.0,-0.0000000000000000,-0.0050620870632763,-0.0119322865892763,-0.0000000000000000,9.5502438407040291,2.9999861084998276,-751.374519,-3.329595,754.7041141460329,2503.7730688603478,0,1.7e-11
1.0052634219060681,0.0,-0.0000000000000000,-0.0050641684351451,-0.0119406942181561,-0.0000000000000000,9.5602482487454221,2.9999859925387606,-752.657777,-3.353567,756.0113442194317,2526.0880950489081,0,1.3e-11
1.0052694263274937,0.0,-0.0000000000000000,-0.0050662455630953,-0.0119491330890625,-0.0000000000000000,9.5702526883894912,2.9999858764265985,-753.940565,-3.377518,757.3180835825016,2548.4480819439050,0,9.3e-13
1.0052754479006281,0.0,0.0000000000000000,-0.0050683183562636,-0.0119576034224149,0.0000000000000000,9.5802571600080242,2.9999857601621249,-755.222796,-3.401450,758.6242453874686,2570.8523906715563,0,5.1e-11
1.0052814867315421,0.0,-0.0000000000000000,-0.0050703867232562,-0.0119661054394587,-0.0000000000000000,9.5902616639771363,2.9999856437441226,-756.504381,-3.425361,759.9297421073611,2593.3003670471953,0,1.2e-12
1.0052875429267432,0.0,-0.0000000000000000,-0.0050724505721451,-0.0119746393622647,-0.0000000000000000,9.6002662006772876,2.9999855271713836,-757.785234,-3.449251,761.2344849465856,2615.7913611099357,0,1.5e-11
1.0052936165931725,0.0,0.0000000000000000,-0.0050745098104694,-0.0119832054137251,0.0000000000000000,9.6102707704933099,2.9999854104426995,-759.065265,-3.473120,762.5383844807833,2638.3247057585395,0,2.4e-12
1.0052997078382053,0.0,-0.0000000000000000,-0.0050765643452328,-0.0119918038175532,0.0000000000000000,9.6202753738144224,2.9999852935568692,-760.344383,-3.496968,763.8413501857901,2660.8997338117333,0,1.1e-11
1.0053058167696458,0.0,0.0000000000000000,-0.0050786140829033,-0.0120004347982784,0.0000000000000000,9.6302800110342570,2.9999851765126935,-761.622497,-3.520794,765.1432907714152,2683.5157655858202,0,2.3e-12
1.0053119434957281,0.0,0.0000000000000000,-0.0050806589294122,-0.0120090985812451,0.0000000000000000,9.6402846825508757,2.9999850593089792,-762.899516,-3.544598,766.4441139301995,2706.1721182574984,0,1.2e-12
1.0053180881251123,0.0,0.0000000000000000,-0.0050826987901533,-0.0120177953926088,0.0000000000000000,9.6502893887667849,2.9999849419445370,-764.175346,-3.568380,767.7437265359636,2728.8680987092084,0,1.1e-11
1.0053242507668834,0.0,0.0000000000000000,-0.0050847335699827,-0.0120265254593333,0.0000000000000000,9.6602941300889587,2.9999848244181808,-765.449895,-3.592140,769.0420344866134,2751.6030101068900,0,1.3e-11
1.0053304315305476,0.0,-0.0000000000000000,-0.0050867631732187,-0.0120352890091868,-0.0000000000000000,9.6702989069288492,2.9999847067287306,-766.723066,-3.615877,770.3389429124780,2774.3761445282726,0,3.5e-12
1.0053366305260321,0.0,-0.0000000000000000,-0.0050887875036399,-0.0120440862707395,-0.0000000000000000,9.6803037197024047,2.9999845888750092,-767.994765,-3.639591,771.6343559340306,2797.1867907057749,0,1.9e-11
1.0053428478636806,0.0,0.0000000000000000,-0.0050908064644875,-0.0120529174733583,0.0000000000000000,9.6903085688300834,2.9999844708558445,-769.264895,-3.663282,772.9281769035107,2820.0342276619049,0,3.2e-12
1.0053490836542525,0.0,0.0000000000000000,-0.0050928199584627,-0.0120617828472046,0.0000000000000000,9.7003134547368610,2.9999843526700700,-770.533359,-3.686950,774.2203082223003,2842.9177293415414,0,4.3e-12
1.0053553380089186,0.0,0.0000000000000000,-0.0050948278877288,-0.0120706826232281,0.0000000000000000,9.7103183778522464,2.9999842343165226,-771.800058,-3.710594,775.5106514243505,2865.8365640237462,0,2.1e-11
1.0053616110392600,0.0,0.0000000000000000,-0.0050968301539110,-0.0120796170331648,0.0000000000000000,9.7203233386102887,2.9999841157940432,-773.064893,-3.734214,776.7991073348588,2888.7899871967384,0,8.0e-12
1.0053679028572642,0.0,-0.0000000000000000,-0.0050988266580960,-0.0120885863095305,0.0000000000000000,9.7303283374495866,2.9999839971014799,-774.327765,-3.757811,778.0855756968995,2911.7772563098697,0,1.1e-11
1.0053742135753230,0.0,-0.0000000000000000,-0.0051008173008339,-0.0120975906856176,-0.0000000000000000,9.7403333748132948,2.9999838782376829,-775.588572,-3.781383,779.3699556440612,2934.7976140310639,0,4.2e-12
1.0053805433062286,0.0,0.0000000000000000,-0.0051028019821375,-0.0121066303954890,0.0000000000000000,9.7503384511491280,2.9999837592015095,-776.847214,-3.804931,780.6521453108836,2957.8503020908101,0,3.0e-12
1.0053868921631719,0.0,-0.0000000000000000,-0.0051047806014849,-0.0121157056739741,-0.0000000000000000,9.7603435669093681,2.9999836399918181,-778.103587,-3.828455,781.9320421121701,2980.9345521659125,0,2.0e-12
1.0053932602597382,0.0,-0.0000000000000000,-0.0051067530578188,-0.0121248167566625,-0.0000000000000000,9.7703487225508621,2.9999835206074770,-779.357589,-3.851954,783.2095426414627,3004.0495898578665,0,2.4e-11
1.0053996477099043,0.0,0.0000000000000000,-0.0051087192495489,-0.0121339638798996,0.0000000000000000,9.7803539185350239,2.9999834010473569,-780.609114,-3.875428,784.4845425950880,3027.1946371986996,0,9.7e-12
1.0054060546280359,0.0,0.0000000000000000,-0.0051106790745529,-0.0121431472807797,0.0000000000000000,9.7903591553278346,2.9999832813103327,-781.858059,-3.898878,785.7569369961764,3050.3689062756021,0,4.2e-12
1.0054124811288825,0.0,-0.0000000000000000,-0.0051126324301786,-0.0121523671971408,0.0000000000000000,9.8003644333998388,2.9999831613952859,-783.104318,-3.922302,787.0266200697217,3073.5716030085459,0,2.1e-12
1.0054189273275758,0.0,-0.0000000000000000,-0.0051145792132447,-0.0121616238675589,-0.0000000000000000,9.8103697532261407,2.9999830413011019,-784.347784,-3.945701,788.2934852307258,3096.8019294353435,0,9.7e-12
1.0054253933396251,0.0,-0.0000000000000000,-0.0051165193200429,-0.0121709175313406,-0.0000000000000000,9.8203751152863976,2.9999829210266715,-785.588350,-3.969075,789.5574250871529,3120.0590809911373,0,2.9e-11
1.0054318792809132,0.0,-0.0000000000000000,-0.0051184526463425,-0.0121802484285171,-0.0000000000000000,9.8303805200648107,2.9999828005708924,-786.825908,-3.992423,790.8183317370342,3143.3422418428818,0,1.7e-11
1.0054383852676940,0.0,-0.0000000000000000,-0.0051203790873879,-0.0121896167998380,-0.0000000000000000,9.8403859680501142,2.9999826799326645,-788.060350,-4.015747,792.0760962015603,3166.6505995988846,0,7.9e-12
1.0054449114165871,0.0,0.0000000000000000,-0.0051222985379054,-0.0121990228867638,0.0000000000000000,9.8503914597355688,2.9999825591108960,-789.291565,-4.039044,793.3306090386990,3189.9833276306163,0,2.4e-12
1.0054514578445743,0.0,-0.0000000000000000,-0.0051242108921044,-0.0122084669314582,0.0000000000000000,9.8603969956189417,2.9999824381044990,-790.519444,-4.062316,794.5817600229212,3213.3395969253033,0,2.5e-12
1.0054580246689966,0.0,0.0000000000000000,-0.0051261160436801,-0.0122179491767819,0.0000000000000000,9.8704025762024941,2.9999823169123903,-791.743876,-4.085562,795.8294382042046,3236.7185727071483,0,2.2e-11
1.0054646120075483,0.0,0.0000000000000000,-0.0051280138858166,-0.0122274698662844,0.0000000000000000,9.8804082019929602,2.9999821955334931,-792.964750,-4.108782,797.0735320532934,3260.1194122327142,0,1.7e-11
1.0054712199782729,0.0,-0.0000000000000000,-0.0051299043111912,-0.0122370292441955,-0.0000000000000000,9.8904138735015330,2.9999820739667360,-794.181953,-4.131977,798.3139292944113,3283.5412699675071,0,2.9e-12
1.0054778486995612,0.0,-0.0000000000000000,-0.0051317872119761,-0.0122466275554194,0.0000000000000000,9.9004195912438338,2.9999819522110531,-795.395372,-4.155145,799.5505169964853,3306.9832935537561,0,3.8e-12
1.0054844982901432,0.0,0.0000000000000000,-0.0051336624798451,-0.0122562650455235,0.0000000000000000,9.9104253557398962,2.9999818302653836,-796.604894,-4.178288,800.7831816443543,3330.4446261319681,0,9.1e-12
1.0054911688690860,0.0,-0.0000000000000000,-0.0051355300059740,-0.0122659419607325,0.0000000000000000,9.9204311675141348,2.9999817081286730,-797.810404,-4.201405,802.0118090740694,3353.9244040661724,0,4.9e-12
1.0054978605557883,0.0,-0.0000000000000000,-0.0051373896810478,-0.0122756585479182,-0.0000000000000000,9.9304370270953175,2.9999815857998717,-799.011789,-4.224496,803.2362845489488,3377.4217598244431,0,2.9e-11
1.0055045734699752,0.0,0.0000000000000000,-0.0051392413952640,-0.0122854150545914,0.0000000000000000,9.9404429350165362,2.9999814632779365,-800.208932,-4.247560,804.4564928293935,3400.9358183201985,0,3.4e-12
1.0055113077316951,0.0,0.0000000000000000,-0.0051410850383368,-0.0122952117288924,0.0000000000000000,9.9504488918151690,2.9999813405618290,-801.401719,-4.270599,805.6723179246806,3424.4657037427532,0,4.2e-12
1.0055180634613119,0.0,-0.0000000000000000,-0.0051429204995032,-0.0123050488195814,-0.0000000000000000,9.9604548980328484,2.9999812176505167,-802.590031,-4.293612,806.8836434664255,3448.0105310387444,0,3.3e-12
1.0055248407795023,0.0,-0.0000000000000000,-0.0051447476675271,-0.0123149265760298,-0.0000000000000000,9.9704609542154223,2.9999810945429743,-803.773753,-4.316600,808.0903524744322,3471.5694147588219,0,1.0e-11
1.0055316398072498,0.0,-0.0000000000000000,-0.0051465664307056,-0.0123248452482094,0.0000000000000000,9.9804670609129129,2.9999809712381804,-804.952767,-4.339561,809.2923275332682,3495.1414603800513,0,5.5e-12
1.0055384606658395,0.0,-0.0000000000000000,-0.0051483766768740,-0.0123348050866830,0.0000000000000000,9.9904732186794760,2.9999808477351206,-806.126954,-4.362496,810.4894506672953,3518.7257722722134,0,1.4e-11
1.0055453034768520,0.0,0.0000000000000000,-0.0051501782934123,-0.0123448063425944,0.0000000000000000,10.0004794280733496,2.9999807240327856,-807.296198,-4.385406,811.6816035227910,3542.3214478995069,0,5.7e-12
1.0055521683621593,0.0,-0.0000000000000000,-0.0051519711672509,-0.0123548492676567,-0.0000000000000000,10.0104856896568126,2.9999806001301730,-808.460377,-4.408290,812.8686672154314,3565.9275835808949,0,4.4e-12
1.0055590554439182,0.0,0.0000000000000000,-0.0051537551848770,-0.0123649341141435,0.0000000000000000,10.0204920039961305,2.9999804760262854,-809.619375,-4.431148,814.0505224980818,3589.5432684625266,0,6.3e-12
1.0055659648445650,0.0,-0.0000000000000000,-0.0051555302323429,-0.0123750611348763,-0.0000000000000000,10.0304983716615030,2.9999803517201307,-810.773069,-4.453981,815.2270496911701,3613.1675890691695,0,4.4e-12
1.0055728966868098,0.0,0.0000000000000000,-0.0051572961952700,-0.0123852305832145,0.0000000000000000,10.0405047932270080,2.9999802272107257,-811.921341,-4.476788,816.3981287519086,3636.7996291170712,0,9.5e-12
1.0055798510936300,0.0,0.0000000000000000,-0.0051590529588593,-0.0123954427130434,0.0000000000000000,10.0505112692705438,2.9999801024970894,-813.064070,-4.499570,817.5636393140735,3660.4384665908874,0,8.8e-12
1.0055868281882658,0.0,-0.0000000000000000,-0.0051608004078962,-0.0124056977787632,-0.0000000000000000,10.0605178003737663,2.9999799775782496,-814.201134,-4.522326,818.7234606012508,3684.0831780649023,0,3.2e-11
1.0055938280942123,0.0,-0.0000000000000000,-0.0051625384267614,-0.0124159960352764,-0.0000000000000000,10.0705243871220276,2.9999798524532384,-815.332414,-4.545058,819.8774716657827,3707.7328342751134,0,2.6e-11
1.0056008509352148,0.0,0.0000000000000000,-0.0051642668994356,-0.0124263377379770,-0.0000000000000000,10.0805310301043072,2.9999797271210951,-816.457787,-4.567764,821.0255511125511,3731.3865053617628,0,4.6e-11
1.0056078968352615,0.0,0.0000000000000000,-0.0051659857095107,-0.0124367231427371,0.0000000000000000,10.0905377299131445,2.9999796015808649,-817.577132,-4.590445,822.1675775112715,3755.0432550376281,0,6.6e-12
1.0056149659185789,0.0,0.0000000000000000,-0.0051676947401967,-0.0124471525058957,0.0000000000000000,10.1005444871445658,2.9999794758315979,-818.690327,-4.613102,823.3034288842836,3778.7021497375681,0,9.8e-12
1.0056220583096227,0.0,-0.0000000000000000,-0.0051693938743322,-0.0124576260842446,-0.0000000000000000,10.1105513023980098,2.9999793498723513,-819.797249,-4.635734,824.4329833407382,3802.3622478912002,0,5.8e-12
1.0056291741330738,0.0,0.0000000000000000,-0.0051710829943924,-0.0124681441350171,0.0000000000000000,10.1205581762762513,2.9999792237021885,-820.897777,-4.658342,825.5561186671856,3826.0226078716223,0,6.1e-12
1.0056363135138302,0.0,0.0000000000000000,-0.0051727619825001,-0.0124787069158740,0.0000000000000000,10.1305651093853175,2.9999790973201788,-821.991787,-4.680925,826.6727125293731,3849.6822851410834,0,2.0e-11
1.0056434765770010,0.0,-0.0000000000000000,-0.0051744307204344,-0.0124893146848905,0.0000000000000000,10.1405721023344082,2.9999789707253965,-823.079158,-4.703485,827.7826425176615,3873.3403319484787,0,2.2e-11
1.0056506634478988,0.0,-0.0000000000000000,-0.0051760890896419,-0.0124999677005426,-0.0000000000000000,10.1505791557358105,2.9999788439169230,-824.159766,-4.726020,828.8857860618721,3896.9958009722759,0,2.5e-11
1.0056578742520343,0.0,-0.0000000000000000,-0.0051777369712468,-0.0125106662216943,0.0000000000000000,10.1605862702048064,2.9999787168938465,-825.233488,-4.748532,829.9820205811219,3920.6477398632560,0,2.1e-11
1.0056651091151079,0.0,0.0000000000000000,-0.0051793742460617,-0.0125214105075827,-0.0000000000000000,10.1705934463595860,2.9999785896552602,-826.300203,-4.771020,831.0712234159121,3944.2951976502663,0,1.2e-11
1.0056723681630033,0.0,0.0000000000000000,-0.0051810007945994,-0.0125322008178046,0.0000000000000000,10.1806006848211510,2.9999784622002621,-827.359786,-4.793486,832.1532719010420,3967.9372202092200,0,1.4e-11
1.0056796515217805,0.0,-0.0000000000000000,-0.0051826164970842,-0.0125430374123016,-0.0000000000000000,10.1906079862132160,2.9999783345279587,-828.412116,-4.815928,833.2280434274334,3991.5728526508901,0,1.3e-11
1.0056869593176685,0.0,-0.0000000000000000,-0.0051842212334636,-0.0125539205513471,-0.0000000000000000,10.2006153511621118,2.9999782066374610,-829.457068,-4.838347,834.2954154056059,4015.2011390735861,0,2.6e-11
1.0056942916770575,0.0,-0.0000000000000000,-0.0051858148834208,-0.0125648504955297,-0.0000000000000000,10.2106227802966831,2.9999780785278869,-830.494522,-4.860744,835.3552653928157,4038.8211220051744,0,2.5e-11
1.0057016487264923,0.0,-0.0000000000000000,-0.0051873973263877,-0.0125758275057397,0.0000000000000000,10.2206302742481796,2.9999779501983590,-831.524353,-4.883118,836.4074710398995,4062.4318434492452,0,9.1e-12
1.0057090305926653,0.0,0.0000000000000000,-0.0051889684415564,-0.0125868518431542,0.0000000000000000,10.2306378336501531,2.9999778216480069,-832.546439,-4.905471,837.4519099931781,4086.0323476564954,0,3.5e-11
1.0057164374023977,0.0,-0.0000000000000000,-0.0051905281078923,-0.0125979237692075,-0.0000000000000000,10.2406454591383493,2.9999776928759658,-833.560659,-4.927802,838.4884604272268,4109.6216729302541,0,6.2e-12
1.0057238692826709,0.0,-0.0000000000000000,-0.0051920762041548,-0.0126090435456305,-0.0000000000000000,10.2506531513505745,2.9999775638813766,-834.566889,-4.950111,839.5170003549534,4133.1988630569540,0,3.2e-12
1.0057313263605634,0.0,0.0000000000000000,-0.0051936126088984,-0.0126202114343546,-0.0000000000000000,10.2606609109266103,2.9999774346633856,-835.565009,-4.972399,840.5374083116503,4156.7629588243435,0,1.0e-11
1.0057388087632786,0.0,0.0000000000000000,-0.0051951372004975,-0.0126314276975488,0.0000000000000000,10.2706687385080748,2.9999773052211465,-836.554896,-4.994667,841.5495629306181,4180.3130041331751,0,1.1e-12
1.0057463166181293,0.0,-0.0000000000000000,-0.0051966498571568,-0.0126426925975918,-0.0000000000000000,10.2806766347383061,2.9999771755538163,-837.536430,-5.016914,842.5533433028183,4203.8480395871447,0,1.1e-12
1.0057538500525292,0.0,0.0000000000000000,-0.0051981504569270,-0.0126540063970548,0.0000000000000000,10.2906846002622423,2.9999770456605588,-838.509488,-5.039140,843.5486287912024,4227.3671089092386,0,1.5e-11
1.0057614091939846,0.0,-0.0000000000000000,-0.0051996388777207,-0.0126653693586859,-0.0000000000000000,10.3006926357262909,2.9999769155405458,-839.473952,-5.061347,844.5352992196539,4250.8692567160469,0,3.0e-12
1.0057689941700880,0.0,0.0000000000000000,-0.0052011149973276,-0.0126767817453949,-0.0000000000000000,10.3107007417782022,2.9999767851929500,-840.429700,-5.083535,845.5132346936410,4274.3535305286641,0,6.9e-12
1.0057766051085084,0.0,0.0000000000000000,-0.0052025786934314,-0.0126882438202345,0.0000000000000000,10.3207089190669379,2.9999766546169533,-841.376613,-5.105703,846.4823159636029,4297.8189742419054,0,9.7e-12
1.0057842421369843,0.0,0.0000000000000000,-0.0052040298436254,-0.0126997558463860,-0.0000000000000000,10.3307171682425416,2.9999765238117417,-842.314572,-5.127852,847.4424240779657,4321.2646402643295,0,5.4e-12
1.0057919053833149,0.0,-0.0000000000000000,-0.0052054683254297,-0.0127113180871420,-0.0000000000000000,10.3407254899559966,2.9999763927765066,-843.243458,-5.149983,848.3934407690523,4344.6895781893400,0,1.8e-11
1.0057995949753533,0.0,0.0000000000000000,-0.0052068940163096,-0.0127229308058894,0.0000000000000000,10.3507338848590962,2.9999762615104442,-844.163152,-5.172096,849.3352483911567,4368.0928392201313,0,3.4e-11
1.0058073110409973,0.0,0.0000000000000000,-0.0052083067936902,-0.0127345942660925,-0.0000000000000000,10.3607423536042962,2.9999761300127563,-845.073538,-5.194191,850.2677295445601,4391.4734830227098,0,8.6e-12
1.0058150537081814,0.0,-0.0000000000000000,-0.0052097065349789,-0.0127463087312765,-0.0000000000000000,10.3707508968445783,2.9999759982826513,-845.974499,-5.216269,851.1907679337537,4414.8305642149644,0,1.4e-11
1.0058228231048687,0.0,-0.0000000000000000,-0.0052110931175793,-0.0127580744650103,-0.0000000000000000,10.3807595152333043,2.9999758663193399,-846.865918,-5.238330,852.1042476785610,4438.1631453479640,0,2.0e-11
1.0058306193590427,0.0,-0.0000000000000000,-0.0052124664189136,-0.0127698917308888,-0.0000000000000000,10.3907682094240705,2.9999757341220397,-847.747679,-5.260375,853.0080537085236,4461.4702904667938,0,8.6e-12
1.0058384425986988,0.0,0.0000000000000000,-0.0052138263164386,-0.0127817607925162,0.0000000000000000,10.4007769800705603,2.9999756016899726,-848.619669,-5.282403,853.9020716399788,4484.7510673697689,0,1.2e-12
1.0058462929518375,0.0,-0.0000000000000000,-0.0052151726876680,-0.0127936819134895,-0.0000000000000000,10.4107858278263929,2.9999754690223641,-849.481772,-5.304416,854.7861879735998,4508.0045455078944,0,2.8e-11
1.0058541705464537,0.0,0.0000000000000000,-0.0052165054101902,-0.0128056553573797,0.0000000000000000,10.4207947533449747,2.9999753361184460,-850.333876,-5.326413,855.6602898597514,4531.2298037839937,0,2.9e-13
1.0058620755105301,0.0,0.0000000000000000,-0.0052178243616900,-0.0128176813877148,0.0000000000000000,10.4308037572793477,2.9999752029774545,-851.175869,-5.348396,856.5242655892167,4554.4259183940594,0,1.2e-11
1.0058700079720284,0.0,0.0000000000000000,-0.0052191294199688,-0.0128297602679626,-0.0000000000000000,10.4408128402820299,2.9999750695986291,-852.007639,-5.370365,857.3780042701054,4577.5919731020113,0,2.2e-11
1.0058779680588819,0.0,0.0000000000000000,-0.0052204204629647,-0.0128418922615144,0.0000000000000000,10.4508220030048626,2.9999749359812133,-852.829076,-5.392320,858.2213957341758,4600.7270588015672,0,2.4e-11
1.0058859558989857,0.0,-0.0000000000000000,-0.0052216973687759,-0.0128540776316646,-0.0000000000000000,10.4608312460988557,2.9999748021244566,-853.640070,-5.414261,859.0543312150362,4623.8302653634455,0,1.3e-11
1.0058939716201891,0.0,-0.0000000000000000,-0.0052229600156804,-0.0128663166415956,-0.0000000000000000,10.4708405702140244,2.9999746680276100,-854.440513,-5.436190,859.8767026521915,4646.9006923051202,0,2.2e-11
1.0059020153502880,0.0,-0.0000000000000000,-0.0052242082821601,-0.0128786095543597,0.0000000000000000,10.4808499759992362,2.9999745336899308,-855.230297,-5.458106,860.6884032610627,4669.9374429963063,0,1.7e-11
1.0059100872170161,0.0,0.0000000000000000,-0.0052254420469212,-0.0128909566328611,-0.0000000000000000,10.4908594641020425,2.9999743991106782,-856.009317,-5.480010,861.4893271034939,4692.9396292018937,0,2.1e-12
1.0059181873480374,0.0,-0.0000000000000000,-0.0052266611889194,-0.0129033581398393,0.0000000000000000,10.5008690351685239,2.9999742642891163,-856.777467,-5.501903,862.2793696860190,4715.9063636916107,0,7.4e-12
1.0059263158709355,0.0,-0.0000000000000000,-0.0052278655873816,-0.0129158143378498,-0.0000000000000000,10.5108786898431248,2.9999741292245097,-857.534643,-5.523785,863.0584275679172,4738.8367681356613,0,8.3e-12
1.0059344729132098,0.0,0.0000000000000000,-0.0052290551218302,-0.0129283254892492,-0.0000000000000000,10.5208884287684903,2.9999739939161301,-858.280742,-5.545656,863.8263986570423,4761.7299702628516,0,6.2e-11
1.0059426586022637,0.0,0.0000000000000000,-0.0052302296721067,-0.0129408918561761,0.0000000000000000,10.5308982525853079,2.9999738583632496,-859.015664,-5.567518,864.5831816872715,4784.5851076765684,0,7.5e-12
1.0059508730653981,0.0,-0.0000000000000000,-0.0052313891183974,-0.0129535137005329,0.0000000000000000,10.5409081619321370,2.9999737225651439,-859.739307,-5.589370,865.3286773896474,4807.4013186959201,0,5.2e-12
1.0059591164298032,0.0,-0.0000000000000000,-0.0052325333412564,-0.0129661912839710,-0.0000000000000000,10.5509181574452473,2.9999735865210915,-860.451574,-5.611214,866.0627873869353,4830.1777530875406,0,1.1e-12
1.0059673888225513,0.0,-0.0000000000000000,-0.0052336622216319,-0.0129789248678723,-0.0000000000000000,10.5609282397584554,2.9999734502303728,-861.152366,-5.633049,866.7854148076279,4852.9135664455825,0,6.3e-12
1.0059756903705872,0.0,0.0000000000000000,-0.0052347756408910,-0.0129917147133312,-0.0000000000000000,10.5709384095029613,2.9999733136922706,-861.841587,-5.654877,867.4964641937129,4875.6079244402354,0,9.1e-12
1.0059840212007229,0.0,-0.0000000000000000,-0.0052358734808467,-0.0130045610811394,-0.0000000000000000,10.5809486673071813,2.9999731769060705,-862.519144,-5.676697,868.1958415736484,4898.2599966798443,0,7.7e-12
1.0059923814396274,0.0,0.0000000000000000,-0.0052369556237824,-0.0130174642317679,-0.0000000000000000,10.5909590137965850,2.9999730398710587,-863.184943,-5.698511,868.8834544704312,4920.8689651979366,0,2.4e-12
1.0060007712138208,0.0,0.0000000000000000,-0.0052380219524803,-0.0130304244253501,-0.0000000000000000,10.6009694495935314,2.9999729025865234,-863.838893,-5.720319,869.5592119894930,4943.4340188690112,0,2.1e-12
1.0060091906496662,0.0,-0.0000000000000000,-0.0052390723502471,-0.0130434419216656,0.0000000000000000,10.6109799753171075,2.9999727650517554,-864.480903,-5.742121,870.2230248678065,4965.9543518353603,0,3.8e-11
1.0060176398733622,0.0,0.0000000000000000,-0.0052401067009408,-0.0130565169801245,-0.0000000000000000,10.6209905915829612,2.9999726272660445,-865.110886,-5.763919,870.8748052019127,4988.4291752738063,0,1.7e-11
1.0060261190109363,0.0,-0.0000000000000000,-0.0052411248889999,-0.0130696498597498,-0.0000000000000000,10.6310012990031453,2.9999724892286821,-865.728755,-5.785713,871.5144670724169,5010.8577027339488,0,4.2e-12
1.0060346281882364,0.0,-0.0000000000000000,-0.0052421267994706,-0.0130828408191619,-0.0000000000000000,10.6410120981859535,2.9999723509389620,-866.334424,-5.807502,872.1419260842945,5033.2391592395725,0,3.1e-11
1.0060431675309247,0.0,0.0000000000000000,-0.0052431123180342,-0.0130960901165625,-0.0000000000000000,10.6510229897357576,2.9999722123961763,-866.927811,-5.829289,872.7570997609611,5055.5727797060972,0,7.2e-12
1.0060517371644708,0.0,0.0000000000000000,-0.0052440813310369,-0.0131093980097196,0.0000000000000000,10.6610339742528506,2.9999720735996176,-867.508834,-5.851073,873.3599071806989,5077.8578089636867,0,1.8e-11
1.0060603372141452,0.0,-0.0000000000000000,-0.0052450337255170,-0.0131227647559519,0.0000000000000000,10.6710450523332927,2.9999719345485794,-868.077413,-5.872856,873.9502692302721,5100.0935040987679,0,5.6e-12
1.0060689678050110,0.0,0.0000000000000000,-0.0052459693892370,-0.0131361906121124,-0.0000000000000000,10.6810562245687493,2.9999717952423528,-868.633472,-5.894637,874.5281088121742,5122.2791303829290,0,3.6e-11
1.0060776290619189,0.0,0.0000000000000000,-0.0052468882107098,-0.0131496758345751,-0.0000000000000000,10.6910674915463400,2.9999716556802309,-869.176933,-5.916418,875.0933508009603,5144.4139615283930,0,1.3e-11
1.0060863211095010,0.0,-0.0000000000000000,-0.0052477900792303,-0.0131632206792192,0.0000000000000000,10.7010788538484842,2.9999715158615023,-869.707723,-5.938199,875.6459216352379,5166.4972879203851,0,3.4e-11
1.0060950440721639,0.0,-0.0000000000000000,-0.0052486748849052,-0.0131768254014162,0.0000000000000000,10.7110903120527521,2.9999713757854582,-870.225770,-5.959980,876.1857498556872,5188.5284097823896,0,2.8e-12
1.0061037980740819,0.0,-0.0000000000000000,-0.0052495425186832,-0.0131904902560133,-0.0000000000000000,10.7211018667317113,2.9999712354513850,-870.731003,-5.981763,876.7127662010323,5210.5066336232703,0,3.4e-12
1.0061125832391935,0.0,-0.0000000000000000,-0.0052503928723856,-0.0132042154973223,-0.0000000000000000,10.7311135184527835,2.9999710948585685,-871.223355,-6.003548,877.2269032260102,5232.4312841148931,0,1.4e-11
1.0061213996911940,0.0,0.0000000000000000,-0.0052512258387372,-0.0132180013791053,-0.0000000000000000,10.7411252677780986,2.9999709540062938,-871.702760,-6.025336,877.7280955039136,5254.3016945234849,0,1.2e-11
1.0061302475535303,0.0,-0.0000000000000000,-0.0052520413113978,-0.0132318481545604,-0.0000000000000000,10.7511371152643544,2.9999708128938387,-872.169153,-6.047127,878.2162799069648,5276.1172104359139,0,9.4e-12
1.0061391269493953,0.0,0.0000000000000000,-0.0052528391849926,-0.0132457560763112,-0.0000000000000000,10.7611490614626728,2.9999706715204835,-872.622474,-6.068921,878.6913952528243,5297.8771901807631,0,7.9e-13
1.0061480380017247,0.0,-0.0000000000000000,-0.0052536193551449,-0.0132597253963927,0.0000000000000000,10.7711611069184663,2.9999705298855019,-873.062662,-6.090721,879.1533825070507,5319.5810066747363,0,1.6e-11
1.0061569808331901,0.0,-0.0000000000000000,-0.0052543817185075,-0.0132737563662406,0.0000000000000000,10.7811732521713015,2.9999703879881645,-873.489659,-6.112526,879.6021849722241,5341.2280406322679,0,1.2e-12
1.0061659555661955,0.0,-0.0000000000000000,-0.0052551261727948,-0.0132878492366796,-0.0000000000000000,10.7911854977547712,2.9999702458277389,-873.903411,-6.134337,880.0377479806356,5362.8176920225960,0,9.9e-12
1.0061749623228722,0.0,0.0000000000000000,-0.0052558526168143,-0.0133020042579113,-0.0000000000000000,10.8011978441963592,2.9999701034034869,-874.303865,-6.156154,880.4600191799657,5384.3493677911465,0,8.1e-13
1.0061840012250758,0.0,0.0000000000000000,-0.0052565609505006,-0.0133162216795055,-0.0000000000000000,10.8112102920173232,2.9999699607146679,-874.690969,-6.177979,880.8689485222322,5405.8224952445016,0,2.8e-12
1.0061930723943819,0.0,-0.0000000000000000,-0.0052572510749478,-0.0133305017503888,0.0000000000000000,10.8212228417325687,2.9999698177605336,-875.064676,-6.199812,881.2644882276495,5427.2365068591316,0,1.3e-11
1.0062021759520827,0.0,-0.0000000000000000,-0.0052579228924404,-0.0133448447188355,0.0000000000000000,10.8312354938505297,2.9999696745403308,-875.424939,-6.221654,881.6465927254455,5448.5908590534236,0,1.5e-11
1.0062113120191820,0.0,-0.0000000000000000,-0.0052585763064892,-0.0133592508324579,0.0000000000000000,10.8412482488730575,2.9999695310533010,-875.771714,-6.243505,882.0152191070133,5469.8850108014303,0,2.2e-11
1.0062204807163955,0.0,0.0000000000000000,-0.0052592112218617,-0.0133737203381991,0.0000000000000000,10.8512611072953078,2.9999693872986799,-876.104960,-6.265366,882.3703264020299,5491.1184448448475,0,1.4e-11
1.0062296821641450,0.0,-0.0000000000000000,-0.0052598275446181,-0.0133882534823232,0.0000000000000000,10.8612740696056314,2.9999692432756944,-876.424638,-6.287238,882.7118763518498,5512.2906546354061,0,1.6e-11
1.0062389164825576,0.0,-0.0000000000000000,-0.0052604251821424,-0.0134028505104092,-0.0000000000000000,10.8712871362854724,2.9999690989835663,-876.730711,-6.309122,883.0398329499479,5533.4011474308791,0,5.9e-12
1.0062481837914630,0.0,-0.0000000000000000,-0.0052610040431769,-0.0134175116673434,0.0000000000000000,10.8813003078092709,2.9999689544215085,-877.023145,-6.331018,883.3541628142078,5554.4494433745858,0,1.2e-11
1.0062574842103922,0.0,-0.0000000000000000,-0.0052615640378570,-0.0134322371973135,-0.0000000000000000,10.8913135846443634,2.9999688095887267,-877.301908,-6.352927,883.6548347659229,5575.4350831893971,0,9.9e-12
1.0062668178585756,0.0,-0.0000000000000000,-0.0052621050777428,-0.0134470273438031,0.0000000000000000,10.9013269672508954,2.9999686644844168,-877.566970,-6.374850,883.9418202575432,5596.3576188897132,0,4.1e-12
1.0062761848549415,0.0,-0.0000000000000000,-0.0052626270758547,-0.0134618823495858,0.0000000000000000,10.9113404560817298,2.9999685191077679,-877.818306,-6.396787,884.2150932315971,5617.2166154168081,0,4.5e-12
1.0062855853181163,0.0,-0.0000000000000000,-0.0052631299467067,-0.0134768024567212,0.0000000000000000,10.9213540515823677,2.9999683734579574,-878.055891,-6.418739,884.4746300592835,5638.0116573706619,0,5.8e-12
1.0062950193664226,0.0,-0.0000000000000000,-0.0052636136063405,-0.0134917879065515,-0.0000000000000000,10.9313677541908696,2.9999682275341542,-878.279703,-6.440707,884.7204098130171,5658.7423406996531,0,3.5e-11
1.0063044871178812,0.0,-0.0000000000000000,-0.0052640779723581,-0.0135068389396991,0.0000000000000000,10.9413815643377816,2.9999680813355152,-878.489722,-6.462692,884.9524137440633,5679.4082820488256,0,1.3e-11
1.0063139886902093,0.0,0.0000000000000000,-0.0052645229639590,-0.0135219557960622,-0.0000000000000000,10.9513954824460686,2.9999679348611896,-878.685932,-6.484694,885.1706260298305,5700.0091091906070,0,3.9e-12
1.0063235242008217,0.0,-0.0000000000000000,-0.0052649485019719,-0.0135371387148141,0.0000000000000000,10.9614095089310428,2.9999677881103115,-878.868320,-6.506714,885.3750332728498,5720.5444655600004,0,1.0e-11
1.0063330937668324,0.0,0.0000000000000000,-0.0052653545088888,-0.0135523879344035,-0.0000000000000000,10.9714236442003106,2.9999676410820060,-879.036872,-6.528752,885.5656245896984,5741.0140135141555,0,1.4e-11
1.0063426975050560,0.0,-0.0000000000000000,-0.0052657409089000,-0.0135677036925535,-0.0000000000000000,10.9814378886537156,2.9999674937753844,-879.191581,-6.550810,885.7423917557977,5761.4174276794074,0,2.7e-11
1.0063523355320083,0.0,0.0000000000000000,-0.0052661076279276,-0.0135830862262603,-0.0000000000000000,10.9914522426832892,2.9999673461895449,-879.332440,-6.572889,885.9053290152299,5781.7544026999967,0,1.1e-11
1.0063620079639100,0.0,-0.0000000000000000,-0.0052664545936597,-0.0135985357717984,0.0000000000000000,11.0014667066732041,2.9999671983235729,-879.459445,-6.594988,886.0544334126084,5802.0246440969640,0,2.5e-11
1.0063717149166891,0.0,0.0000000000000000,-0.0052667817355839,-0.0136140525647205,-0.0000000000000000,11.0114812809997353,2.9999670501765396,-879.572595,-6.617109,886.1897043473340,5822.2278794511221,0,1.1e-11
1.0063814565059821,0.0,0.0000000000000000,-0.0052670889850224,-0.0136296368398595,-0.0000000000000000,11.0214959660312211,2.9999669017475017,-879.671892,-6.639253,886.3111440558181,5842.3638450488215,0,2.4e-11
1.0063912328471405,0.0,0.0000000000000000,-0.0052673762751637,-0.0136452888313351,-0.0000000000000000,11.0315107621280397,2.9999667530355008,-879.757338,-6.661419,886.4187571769169,5862.4323016685667,0,2.2e-11
1.0064010440552318,0.0,-0.0000000000000000,-0.0052676435410979,-0.0136610087725561,0.0000000000000000,11.0415256696425761,2.9999666040395638,-879.828942,-6.683609,886.5125510133348,5882.4330210591434,0,1.5e-12
1.0064108902450466,0.0,0.0000000000000000,-0.0052678907198504,-0.0136767968962276,-0.0000000000000000,11.0515406889192072,2.9999664547586997,-879.886711,-6.705824,886.5925355329243,5902.3657907458837,0,2.6e-11
1.0064207715311002,0.0,-0.0000000000000000,-0.0052681177504140,-0.0136926534343563,0.0000000000000000,11.0615558202942843,2.9999663051919025,-879.930659,-6.728065,886.6587234442056,5922.2304171068245,0,4.1e-11
1.0064306880276417,0.0,-0.0000000000000000,-0.0052683245737823,-0.0137085786182593,0.0000000000000000,11.0715710640961245,2.9999661553381469,-879.960798,-6.750331,886.7111295057391,5942.0267243996495,0,1.4e-11
1.0064406398486563,0.0,0.0000000000000000,-0.0052685111329852,-0.0137245726785704,-0.0000000000000000,11.0815864206450048,2.9999660051963914,-879.977147,-6.772624,886.7497716813007,5961.7545450655743,0,2.8e-11
1.0064506271078735,0.0,0.0000000000000000,-0.0052686773731177,-0.0137406358452512,-0.0000000000000000,11.0916018902531590,2.9999658547655756,-879.979725,-6.794945,886.7746701308976,5981.4137381096953,0,1.8e-11
1.0064606499187732,0.0,-0.0000000000000000,-0.0052688232413761,-0.0137567683476003,0.0000000000000000,11.1016174732247901,2.9999657040446195,-879.968554,-6.817294,886.7858477296212,6001.0041711549857,0,7.3e-12
1.0064707083945932,0.0,-0.0000000000000000,-0.0052689486870896,-0.0137729704142644,0.0000000000000000,11.1116331698560735,2.9999655530324243,-879.943658,-6.839672,886.7833300000353,6020.5257312466274,0,3.3e-12
1.0064808026483361,0.0,-0.0000000000000000,-0.0052690536617513,-0.0137892422732506,0.0000000000000000,11.1216489804351735,2.9999654017278701,-879.905066,-6.862079,886.7671448111601,6039.9783205699059,0,6.1e-12
1.0064909327927789,0.0,-0.0000000000000000,-0.0052691381190521,-0.0138055841519398,0.0000000000000000,11.1316649052422676,2.9999652501298160,-879.852805,-6.884517,886.7373226916591,6059.3618584561627,0,6.9e-12
1.0065010989404803,0.0,0.0000000000000000,-0.0052692020149105,-0.0138219962771006,-0.0000000000000000,11.1416809445495666,2.9999650982370998,-879.786910,-6.906986,886.6938966801506,6078.6762755693635,0,1.2e-11
1.0065113012037905,0.0,0.0000000000000000,-0.0052692453075056,-0.0138384788749034,-0.0000000000000000,11.1516970986213497,2.9999649460485371,-879.707415,-6.929487,886.6369022429824,6097.9215263253427,0,2.6e-12
1.0065215396948619,0.0,-0.0000000000000000,-0.0052692679573078,-0.0138550321709391,0.0000000000000000,11.1617133677139933,2.9999647935629219,-879.614356,-6.952021,886.5663774667370,6117.0975765115581,0,1.4e-11
1.0065318145256570,0.0,0.0000000000000000,-0.0052692699271096,-0.0138716563902331,-0.0000000000000000,11.1717297520760166,2.9999646407790226,-879.507775,-6.974588,886.4823627612282,6136.2044070309494,0,1.6e-11
1.0065421258079621,0.0,0.0000000000000000,-0.0052692511820563,-0.0138883517572662,-0.0000000000000000,11.1817462519481250,2.9999644876955842,-879.387712,-6.997189,886.3849010073163,6155.2420148561941,0,1.5e-11
1.0065524736533962,0.0,0.0000000000000000,-0.0052692116896757,-0.0139051184959924,-0.0000000000000000,11.1917628675632574,2.9999643343113283,-879.254213,-7.019825,886.2740376672688,6174.2104114371468,0,4.1e-12
1.0065628581734243,0.0,-0.0000000000000000,-0.0052691514199094,-0.0139219568298594,0.0000000000000000,11.2017795991466453,2.9999641806249486,-879.107325,-7.042496,886.1498204812020,6193.1096263824147,0,5.2e-11
1.0065732794793705,0.0,-0.0000000000000000,-0.0052690703451393,-0.0139388669818321,0.0000000000000000,11.2117964469158640,2.9999640266351153,-878.947096,-7.065203,886.0122992281059,6211.9397045802325,0,3.6e-12
1.0065837376824285,0.0,-0.0000000000000000,-0.0052689684402207,-0.0139558491744114,0.0000000000000000,11.2218134110809054,2.9999638723404702,-878.773580,-7.087947,885.8615267119270,6230.7006995898555,0,1.3e-11
1.0065942328936774,0.0,0.0000000000000000,-0.0052688456825075,-0.0139729036296616,-0.0000000000000000,11.2318304918442404,2.9999637177396288,-878.586829,-7.110729,885.6975575288964,6249.3926880249637,0,3.6e-11
1.0066047652240959,0.0,0.0000000000000000,-0.0052687020518823,-0.0139900305692336,-0.0000000000000000,11.2418476894008919,2.9999635628311765,-878.386900,-7.133549,885.5204485945751,6268.0157560674706,0,9.8e-12
1.0066153347845757,0.0,-0.0000000000000000,-0.0052685375307841,-0.0140072302143912,0.0000000000000000,11.2518650039385122,2.9999634076136719,-878.173852,-7.156408,885.3302593547049,6286.5700038633659,0,2.9e-11
1.0066259416859371,0.0,0.0000000000000000,-0.0052683521042347,-0.0140245027860376,-0.0000000000000000,11.2618824356374674,2.9999632520856441,-877.947745,-7.179306,885.1270510613824,6305.0555505792145,0,1.6e-11
1.0066365860389461,0.0,-0.0000000000000000,-0.0052681457598671,-0.0140418485047449,0.0000000000000000,11.2718999846709167,2.9999630962455899,-877.708643,-7.202245,884.9108876164887,6323.4725228628959,0,4.6e-12
1.0066472679543292,0.0,-0.0000000000000000,-0.0052679184879507,-0.0140592675907818,0.0000000000000000,11.2819176512049104,2.9999629400919776,-877.456610,-7.225225,884.6818346311943,6341.8210668989341,0,8.0e-12
1.0066579875427921,0.0,0.0000000000000000,-0.0052676702814163,-0.0140767602641476,-0.0000000000000000,11.2919354353984733,2.9999627836232432,-877.191714,-7.248246,884.4399599808559,6360.1013391703018,0,8.4e-12
1.0066687449150356,0.0,-0.0000000000000000,-0.0052674011358860,-0.0140943267445987,0.0000000000000000,11.3019533374037131,2.9999626268377892,-876.914024,-7.271310,884.1853336647387,6378.3135086107068,0,1.2e-11
1.0066795401817759,0.0,0.0000000000000000,-0.0052671110496921,-0.0141119672516881,0.0000000000000000,11.3119713573659126,2.9999624697339868,-876.623611,-7.294417,883.9180275866042,6396.4577604663209,0,1.9e-11
1.0066903734537607,0.0,-0.0000000000000000,-0.0052668000239057,-0.0141296820047931,-0.0000000000000000,11.3219894954236420,2.9999623123101724,-876.320549,-7.317567,883.6381157541565,6414.5342885353602,0,1.6e-11
1.0067012448417927,0.0,-0.0000000000000000,-0.0052664680623589,-0.0141474712231567,0.0000000000000000,11.3320077517088613,2.9999621545646487,-876.004912,-7.340762,883.3456738267533,6432.5433030284476,0,5.1e-12
1.0067121544567450,0.0,0.0000000000000000,-0.0052661151716687,-0.0141653351259188,-0.0000000000000000,11.3420261263470383,2.9999619964956814,-875.676778,-7.364001,883.0407796563107,6450.4850224750699,0,9.9e-12
1.0067231024095855,0.0,-0.0000000000000000,-0.0052657413612593,-0.0141832739321588,0.0000000000000000,11.3520446194572600,2.9999618381015032,-875.336226,-7.387287,882.7235126592401,6468.3596810459276,0,2.6e-11
1.0067340888113958,0.0,-0.0000000000000000,-0.0052653466433844,-0.0142012878609310,0.0000000000000000,11.3620632311523551,2.9999616793803074,-874.983336,-7.410618,882.3939543678582,6486.1675195269636,0,6.2e-12
1.0067451137733952,0.0,-0.0000000000000000,-0.0052649310331481,-0.0142193771313075,0.0000000000000000,11.3720819615390152,2.9999615203302512,-874.618191,-7.433997,882.0521876891551,6503.9087943802588,0,2.7e-12
1.0067561774069604,0.0,0.0000000000000000,-0.0052644945485275,-0.0142375419624177,-0.0000000000000000,11.3821008107179207,2.9999613609494542,-874.240875,-7.457423,881.6982973646104,6521.5837694819784,0,3.7e-13
1.0067672798236513,0.0,-0.0000000000000000,-0.0052640372103908,-0.0142557825734920,0.0000000000000000,11.3921197787838651,2.9999612012359962,-873.851473,-7.480897,881.3323697914826,6539.1927198477788,0,1.0e-11
1.0067784211352346,0.0,0.0000000000000000,-0.0052635590425189,-0.0142740991839078,-0.0000000000000000,11.4021388658258918,2.9999610411879174,-873.450073,-7.504420,880.9544928089356,6556.7359328813618,0,1.1e-11
1.0067896014537054,0.0,-0.0000000000000000,-0.0052630600716230,-0.0142924920132300,0.0000000000000000,11.4121580719274256,2.9999608808032172,-873.036764,-7.527992,880.5647560263207,6574.2136992650339,0,1.8e-11
1.0068008208913151,0.0,0.0000000000000000,-0.0052625403273645,-0.0143109612812616,-0.0000000000000000,11.4221773971664096,2.9999607200798559,-872.611636,-7.551614,880.1632501503414,6591.6263263419969,0,1.1e-11
1.0068120795605959,0.0,0.0000000000000000,-0.0052619998423707,-0.0143295072080899,-0.0000000000000000,11.4321968416154434,2.9999605590157494,-872.174781,-7.575287,879.7500674574482,6608.9741258786526,0,4.3e-11
1.0068233775743871,0.0,-0.0000000000000000,-0.0052614386522540,-0.0143481300141359,0.0000000000000000,11.4422164053419255,2.9999603976087728,-871.726291,-7.599011,879.3253018389577,6626.2574165797560,0,1.0e-11
1.0068347150458623,0.0,-0.0000000000000000,-0.0052608567956274,-0.0143668299202041,0.0000000000000000,11.4522360884081973,2.9999602358567561,-871.266262,-7.622786,878.8890479424902,6643.4765298646525,0,2.1e-11
1.0068460920885556,0.0,0.0000000000000000,-0.0052602543141195,-0.0143856071475342,-0.0000000000000000,11.4622558908716901,2.9999600737574870,-870.794788,-7.646614,878.4414020214639,6660.6318000486935,0,6.1e-12
1.0068575088163920,0.0,0.0000000000000000,-0.0052596312523905,-0.0144044619178540,-0.0000000000000000,11.4722758127850710,2.9999599113087072,-870.311966,-7.670495,877.9824613013839,6677.7235712227412,0,1.1e-11
1.0068689653437131,0.0,0.0000000000000000,-0.0052589876581464,-0.0144233944534324,-0.0000000000000000,11.4822958541963942,2.9999597485081120,-869.817895,-7.694429,877.5123240990550,6694.7521914098179,0,2.2e-12
1.0068804617853095,0.0,0.0000000000000000,-0.0052583235821523,-0.0144424049771365,-0.0000000000000000,11.4923160151492514,2.9999595853533521,-869.312673,-7.718417,877.0310898958310,6711.7180153825902,0,2.1e-11
1.0068919982564493,0.0,0.0000000000000000,-0.0052576390782458,-0.0144614937124872,-0.0000000000000000,11.5023362956829267,2.9999594218420285,-868.796399,-7.742460,876.5388589569758,6728.6214039415354,0,1.9e-11
1.0069035748729083,0.0,0.0000000000000000,-0.0052569342033489,-0.0144806608837160,-0.0000000000000000,11.5123566958325547,2.9999592579716974,-868.269175,-7.766558,876.0357325088208,6745.4627249930054,0,2.1e-13
1.0069151917510006,0.0,-0.0000000000000000,-0.0052562090174790,-0.0144999067158243,0.0000000000000000,11.5223772156292696,2.9999590937398621,-867.731102,-7.790711,875.5218127781261,6762.2423456457327,0,4.0e-11
1.0069268490076144,0.0,0.0000000000000000,-0.0052554635837612,-0.0145192314346463,-0.0000000000000000,11.5323978551003687,2.9999589291439794,-867.182282,-7.814921,874.9972023293394,6778.9606421689969,0,1.5e-11
1.0069385467602385,0.0,-0.0000000000000000,-0.0052546979684365,-0.0145386352669058,0.0000000000000000,11.5424186142694740,2.9999587641814554,-866.622818,-7.839187,874.4620048265894,6795.6179893094231,0,1.7e-12
1.0069502851270007,0.0,-0.0000000000000000,-0.0052539122408730,-0.0145581184402834,-0.0000000000000000,11.5524394931566849,2.9999585988496436,-866.052815,-7.863510,873.9163243650502,6812.2147684811498,0,2.5e-11
1.0069620642266974,0.0,0.0000000000000000,-0.0052531064735723,-0.0145776811834772,-0.0000000000000000,11.5624604917787472,2.9999584331458462,-865.472375,-7.887891,873.3602656799084,6828.7513626886066,0,2.2e-11
1.0069738841788314,0.0,0.0000000000000000,-0.0052522807421802,-0.0145973237262705,-0.0000000000000000,11.5724816101492127,2.9999582670673131,-864.881604,-7.912329,872.7939338816935,6845.2281536316732,0,1.7e-11
1.0069857451036435,0.0,0.0000000000000000,-0.0052514351254906,-0.0146170462995955,-0.0000000000000000,11.5825028482786028,2.9999581006112401,-864.280608,-7.936827,872.2174345046366,6861.6455289800069,0,2.3e-11
1.0069976471221505,0.0,0.0000000000000000,-0.0052505697054549,-0.0146368491356042,-0.0000000000000000,11.5925242061745735,2.9999579337747688,-863.669490,-7.961383,871.6308734985358,6878.0038737867144,0,1.4e-11
1.0070095903561809,0.0,-0.0000000000000000,-0.0052496845671858,-0.0146567324677351,0.0000000000000000,11.6025456838420773,2.9999577665549864,-863.048358,-7.985999,871.0343569731106,6894.3035706722876,0,1.8e-11
1.0070215749284093,0.0,0.0000000000000000,-0.0052487797989624,-0.0146766965307823,-0.0000000000000000,11.6125672812835354,2.9999575989489222,-862.417316,-8.010675,870.4279913159970,6910.5450096991844,0,9.7e-12
1.0070336009623977,0.0,-0.0000000000000000,-0.0052478554922360,-0.0146967415609704,0.0000000000000000,11.6225889984989976,2.9999574309535508,-861.776472,-8.035412,869.8118830073473,6926.7285699645290,0,1.1e-11
1.0070456685826306,0.0,-0.0000000000000000,-0.0052469117416314,-0.0147168677960245,0.0000000000000000,11.6326108354863127,2.9999572625657889,-861.125930,-8.060209,869.1861384755837,6942.8546358152525,0,9.8e-13
1.0070577779145538,0.0,-0.0000000000000000,-0.0052459486449512,-0.0147370754752436,0.0000000000000000,11.6426327922412955,2.9999570937824931,-860.465797,-8.085067,868.5508643351983,6958.9235844308860,0,3.0e-11
1.0070699290846139,0.0,0.0000000000000000,-0.0052449663031757,-0.0147573648395768,-0.0000000000000000,11.6526548687578906,2.9999569246004638,-859.796180,-8.109987,867.9061667585019,6974.9357951232232,0,1.3e-11
1.0070821222202988,0.0,-0.0000000000000000,-0.0052439648204692,-0.0147777361316987,0.0000000000000000,11.6626770650283458,2.9999567550164397,-859.117183,-8.134969,867.2521521618689,6990.8916365455370,0,1.9e-11
1.0070943574501774,0.0,-0.0000000000000000,-0.0052429443041740,-0.0147981895960883,0.0000000000000000,11.6726993810433761,2.9999565850270979,-858.428913,-8.160013,866.5889265218090,7006.7914785012254,0,2.7e-11
1.0071066349039390,0.0,-0.0000000000000000,-0.0052419048648149,-0.0148187254791035,0.0000000000000000,11.6827218167923341,2.9999564146290560,-857.731475,-8.185121,865.9165952796349,7022.6356843191315,0,2.1e-11
1.0071189547124384,0.0,-0.0000000000000000,-0.0052408466160969,-0.0148393440290667,0.0000000000000000,11.6927443722633750,2.9999562438188669,-857.024972,-8.210291,865.2352636921202,7038.4246112269466,0,2.1e-11
1.0071313170077341,0.0,-0.0000000000000000,-0.0052397696749037,-0.0148600454963406,0.0000000000000000,11.7027670474436292,2.9999560725930228,-856.309511,-8.235525,864.5450367111215,7054.1586093867663,0,3.1e-12
1.0071437219231327,0.0,0.0000000000000000,-0.0052386741612950,-0.0148808301334120,0.0000000000000000,11.7127898423193670,2.9999559009479499,-855.585195,-8.260823,863.8460184119198,7069.8380224880530,0,3.3e-12
1.0071561695932341,0.0,-0.0000000000000000,-0.0052375601985051,-0.0149016981949770,0.0000000000000000,11.7228127568761700,2.9999557288800109,-854.852127,-8.286185,863.1383123620022,7085.4631860398804,0,2.0e-11
1.0071686601539700,0.0,-0.0000000000000000,-0.0052364279129378,-0.0149226499380204,0.0000000000000000,11.7328357910990970,2.9999555563855025,-854.110409,-8.311612,862.4220215588331,7101.0344287183834,0,2.7e-11
1.0071811937426540,0.0,-0.0000000000000000,-0.0052352774341628,-0.0149436856219064,0.0000000000000000,11.7428589449728520,2.9999553834606538,-853.360144,-8.337104,861.6972481700847,7116.5520694454317,0,8.7e-12
1.0071937704980238,0.0,-0.0000000000000000,-0.0052341088949104,-0.0149648055084629,0.0000000000000000,11.7528822184819539,2.9999552101016280,-852.601433,-8.362661,860.9640933196278,7132.0164179046988,0,1.8e-11
1.0072063905602859,0.0,-0.0000000000000000,-0.0052329224310663,-0.0149860098620689,-0.0000000000000000,11.7629056116109041,2.9999550363045193,-851.834375,-8.388283,860.2226575238856,7147.4277707090368,0,3.4e-11
1.0072190540711643,0.0,0.0000000000000000,-0.0052317181816661,-0.0150072989497444,-0.0000000000000000,11.7729291243443530,2.9999548620653540,-851.059069,-8.413971,859.4730402332997,7162.7864161717007,0,1.3e-11
1.0072317611739445,0.0,0.0000000000000000,-0.0052304962888864,-0.0150286730412395,-0.0000000000000000,11.7829527566672709,2.9999546873800882,-850.275614,-8.439725,858.7153396805388,7178.0926283081644,0,2.6e-11
1.0072445120135223,0.0,0.0000000000000000,-0.0052292568980395,-0.0150501324091263,-0.0000000000000000,11.7929765085651095,2.9999545122446065,-849.484107,-8.465546,857.9496531890543,7193.3466713831876,0,1.3e-11
1.0072573067364510,0.0,0.0000000000000000,-0.0052280001575637,-0.0150716773288912,0.0000000000000000,11.8030003800239740,2.9999543366547230,-848.684644,-8.491433,857.1760766743632,7208.5487967521185,0,3.4e-11
1.0072701454909900,0.0,0.0000000000000000,-0.0052267262190166,-0.0150933080790274,0.0000000000000000,11.8130243710307905,2.9999541606061784,-847.877318,-8.517387,856.3947050569622,7223.6992378461291,0,3.5e-12
1.0072830284271537,0.0,-0.0000000000000000,-0.0052254352370626,-0.0151150249411307,0.0000000000000000,11.8230484815734709,2.9999539840946423,-847.062224,-8.543408,855.6056315926890,7238.7982171645272,0,1.3e-11
1.0072959556967609,0.0,-0.0000000000000000,-0.0052241273694663,-0.0151368281999947,0.0000000000000000,11.8330727116410817,2.9999538071157077,-846.239452,-8.569496,854.8089483216800,7253.8459420343279,0,4.6e-11
1.0073089274534832,0.0,0.0000000000000000,-0.0052228027770814,-0.0151587181437050,-0.0000000000000000,11.8430970612240074,2.9999536296648950,-845.409094,-8.595652,854.0047459480404,7268.8426011503907,0,1.6e-11
1.0073219438528984,0.0,0.0000000000000000,-0.0052214616238369,-0.0151806950637417,-0.0000000000000000,11.8531215303141195,2.9999534517376474,-844.571237,-8.621876,853.1931132829703,7283.7883656349150,0,2.9e-11
1.0073350050525400,0.0,0.0000000000000000,-0.0052201040767300,-0.0152027592550747,-0.0000000000000000,11.8631461189049467,2.9999532733293321,-843.725971,-8.648167,852.3741378722203,7298.6833958451753,0,5.2e-12
1.0073481112119484,0.0,-0.0000000000000000,-0.0052187303058113,-0.0152249110162641,0.0000000000000000,11.8731708269918368,2.9999530944352397,-842.873378,-8.674527,851.5479052654052,7313.5278283063672,0,6.2e-12
1.0073612624927237,0.0,0.0000000000000000,-0.0052173404841730,-0.0152471506495624,-0.0000000000000000,11.8831956545721233,2.9999529150505801,-842.013545,-8.700955,850.7144995394548,7328.3217792576179,0,1.5e-11
1.0073744590585783,0.0,0.0000000000000000,-0.0052159347879357,-0.0152694784610158,-0.0000000000000000,11.8932206016452984,2.9999527351704867,-841.146552,-8.727451,849.8740029081239,7343.0653475097497,0,4.7e-12
1.0073877010753902,0.0,0.0000000000000000,-0.0052145133962349,-0.0152918947605675,-0.0000000000000000,11.9032456682131702,2.9999525547900112,-840.272480,-8.754016,849.0264955521023,7357.7586181586958,0,1.2e-11
1.0074009887112565,0.0,0.0000000000000000,-0.0052130764912078,-0.0153143998621615,-0.0000000000000000,11.9132708542800412,2.9999523739041249,-839.391407,-8.780649,848.1720559634814,7372.4016434385558,0,9.4e-12
1.0074143221365484,0.0,-0.0000000000000000,-0.0052116242579782,-0.0153369940838499,0.0000000000000000,11.9232961598528675,2.9999521925077164,-838.503409,-8.807352,847.3107604478203,7386.9944638834568,0,2.4e-11
1.0074277015239643,0.0,0.0000000000000000,-0.0052101568846424,-0.0153596777478951,0.0000000000000000,11.9333215849414316,2.9999520105955932,-837.608560,-8.834123,846.4426834480945,7401.5370905469754,0,3.0e-13
1.0074411270485886,0.0,-0.0000000000000000,-0.0052086745622531,-0.0153824511808827,0.0000000000000000,11.9433471295585090,2.9999518281624780,-836.706934,-8.860963,845.5678970776155,7416.0295177811058,0,5.5e-12
1.0074545988879440,0.0,-0.0000000000000000,-0.0052071774848042,-0.0154053147138255,-0.0000000000000000,11.9533727937200354,2.9999516452030091,-835.798599,-8.887873,844.6864714009527,7430.4717094039661,0,6.8e-12
1.0074681172220497,0.0,-0.0000000000000000,-0.0052056658492151,-0.0154282686822758,-0.0000000000000000,11.9633985774452789,2.9999514617117389,-834.883623,-8.914852,843.7984741636997,7444.8636117475107,0,8.1e-11
1.0074816822334782,0.0,-0.0000000000000000,-0.0052041398553165,-0.0154513134264328,0.0000000000000000,11.9734244807570125,2.9999512776831350,-833.962072,-8.941900,842.9039712757288,7459.2051416111062,0,3.4e-12
1.0074952941074145,0.0,-0.0000000000000000,-0.0052025997058273,-0.0154744492912605,0.0000000000000000,11.9834505036816790,2.9999510931115743,-833.034009,-8.969017,842.0030255116575,7473.4961917684413,0,2.5e-11
1.0075089530317114,0.0,0.0000000000000000,-0.0052010456063464,-0.0154976766265941,-0.0000000000000000,11.9934766462495670,2.9999509079913498,-832.099494,-8.996204,841.0956979301277,7487.7366258082911,0,5.2e-12
1.0075226591969491,0.0,-0.0000000000000000,-0.0051994777653277,-0.0155209957872562,0.0000000000000000,12.0035029084949851,2.9999507223166622,-831.158587,-9.023460,840.1820467129330,7501.9262838319992,0,5.5e-11
1.0075364127964950,0.0,0.0000000000000000,-0.0051978963940682,-0.0155444071331717,-0.0000000000000000,12.0135292904564324,2.9999505360816223,-830.211342,-9.050786,839.2621279717356,7516.0649746705894,0,2.9e-11
1.0075502140265646,0.0,0.0000000000000000,-0.0051963017066878,-0.0155679110294858,-0.0000000000000000,12.0235557921767757,2.9999503492802511,-829.257814,-9.078181,838.3359948672939,7530.1524825791130,0,3.2e-11
1.0075640630862799,0.0,-0.0000000000000000,-0.0051946939201106,-0.0155915078466780,0.0000000000000000,12.0335824137034280,2.9999501619064763,-828.298052,-9.105646,837.4036981252584,7544.1885613331688,0,5.8e-11
1.0075779601777302,0.0,-0.0000000000000000,-0.0051930732540491,-0.0156151979606818,0.0000000000000000,12.0436091550885251,2.9999499739541324,-827.332106,-9.133180,836.4652860201555,7558.1729316301062,0,5.1e-12
1.0075919055060352,0.0,0.0000000000000000,-0.0051914399309839,-0.0156389817530036,-0.0000000000000000,12.0536360163891061,2.9999497854169603,-826.360020,-9.160784,835.5208037275114,7572.1052882560762,0,8.4e-13
1.0076058992794068,0.0,0.0000000000000000,-0.0051897941761455,-0.0156628596108448,0.0000000000000000,12.0636629976672936,2.9999495962886060,-825.381837,-9.188457,834.5702939873192,7585.9852907307213,0,1.2e-12
1.0076199417092102,0.0,0.0000000000000000,-0.0051881362174966,-0.0156868319272203,-0.0000000000000000,12.0736900989904825,2.9999494065626187,-824.397597,-9.216199,833.6137966078675,7599.8125696384814,0,4.4e-11
1.0076340330100284,0.0,-0.0000000000000000,-0.0051864662857120,-0.0157108991010839,0.0000000000000000,12.0837173204315196,2.9999492162324506,-823.407338,-9.244011,832.6513488197678,7613.5867236269405,0,2.9e-11
1.0076481733997258,0.0,-0.0000000000000000,-0.0051847846141608,-0.0157350615374497,-0.0000000000000000,12.0937446620688949,2.9999490252914542,-822.411092,-9.271893,831.6829847207946,7627.3073157485342,0,2.1e-11
1.0076623630995125,0.0,0.0000000000000000,-0.0051830914388870,-0.0157593196475200,-0.0000000000000000,12.1037721239869320,2.9999488337328861,-821.408892,-9.299843,830.7087356118976,7640.9738769007381,0,7.0e-12
1.0076766023340100,0.0,-0.0000000000000000,-0.0051813869985891,-0.0157836738488092,0.0000000000000000,12.1137997062759837,2.9999486415498993,-820.400767,-9.327863,829.7286297576998,7654.5859008559491,0,4.1e-11
1.0076908913313143,0.0,0.0000000000000000,-0.0051796715346041,-0.0158081245652695,-0.0000000000000000,12.1238274090326232,2.9999484487355477,-819.386741,-9.355952,828.7426926782019,7668.1428575242171,0,2.5e-11
1.0077052303230660,0.0,-0.0000000000000000,-0.0051779452908853,-0.0158326722274248,0.0000000000000000,12.1338552323598474,2.9999482552827801,-818.366837,-9.384110,827.7509466095288,7681.6441643449361,0,3.4e-11
1.0077196195445137,0.0,-0.0000000000000000,-0.0051762085139841,-0.0158573172724946,0.0000000000000000,12.1438831763672752,2.9999480611844427,-817.341074,-9.412336,826.7534109206562,7695.0892132461886,0,2.2e-11
1.0077340592345838,0.0,0.0000000000000000,-0.0051744614530324,-0.0158820601445279,-0.0000000000000000,12.1539112411713592,2.9999478664332782,-816.309470,-9.440632,825.7501017299509,7708.4773589445394,0,4.2e-11
1.0077485496359468,0.0,0.0000000000000000,-0.0051727043597217,-0.0159069012945340,-0.0000000000000000,12.1639394268955865,2.9999476710219213,-815.272036,-9.468996,824.7410323385650,7721.8079173643491,0,3.1e-11
1.0077630909950885,0.0,0.0000000000000000,-0.0051709374882840,-0.0159318411806185,-0.0000000000000000,12.1739677336707004,2.9999474749429016,-814.228783,-9.497429,823.7262123338453,7735.0801639897982,0,1.6e-11
1.0077776835623762,0.0,0.0000000000000000,-0.0051691610954751,-0.0159568802681129,-0.0000000000000000,12.1839961616349104,2.9999472781886376,-813.179718,-9.525930,822.7056488137753,7748.2933429799159,0,2.7e-11
1.0077923275921317,0.0,-0.0000000000000000,-0.0051673754405528,-0.0159820190297153,0.0000000000000000,12.1940247109341158,2.9999470807514408,-812.124845,-9.554500,821.6793451086735,7761.4466495802626,0,1.1e-11
1.0078070233427010,0.0,0.0000000000000000,-0.0051655807852611,-0.0160072579456255,-0.0000000000000000,12.2040533817221348,2.9999468826235107,-811.064164,-9.583137,820.6473015853927,7774.5392481817398,0,2.2e-11
1.0078217710765245,0.0,0.0000000000000000,-0.0051637773938093,-0.0160325975036821,0.0000000000000000,12.2140821741609304,2.9999466837969346,-809.997673,-9.611843,819.6095153629087,7787.5702585816034,0,2.7e-11
1.0078365710602124,0.0,0.0000000000000000,-0.0051619655328561,-0.0160580381995060,0.0000000000000000,12.2241110884208464,2.9999464842636883,-808.925364,-9.640616,818.5659801975398,7800.5387655348750,0,1.5e-11
1.0078514235646141,0.0,0.0000000000000000,-0.0051601454714882,-0.0160835805366382,-0.0000000000000000,12.2341401246808505,2.9999462840156306,-807.847230,-9.669457,817.5166864880104,7813.4438017497305,0,1.8e-11
1.0078663288648948,0.0,0.0000000000000000,-0.0051583174812061,-0.0161092250266852,-0.0000000000000000,12.2441692831287785,2.9999460830445055,-806.763257,-9.698365,816.4616213519287,7826.2843681493541,0,3.7e-11
1.0078812872406080,0.0,-0.0000000000000000,-0.0051564818359037,-0.0161349721894595,-0.0000000000000000,12.2541985639615874,2.9999458813419402,-805.673429,-9.727340,815.4007686512192,7839.0594178505708,0,9.1e-12
1.0078962989757716,0.0,0.0000000000000000,-0.0051546388118524,-0.0161608225531297,-0.0000000000000000,12.2642279673856116,2.9999456788994445,-804.577726,-9.756382,814.3341086172557,7851.7678668960580,0,3.5e-11
1.0079113643589439,0.0,-0.0000000000000000,-0.0051527886876827,-0.0161867766543639,0.0000000000000000,12.2742574936168296,2.9999454757084045,-803.476127,-9.785491,813.2616184157999,7864.4085818134481,0,2.5e-12
1.0079264836833006,0.0,-0.0000000000000000,-0.0051509317443692,-0.0162128350384806,0.0000000000000000,12.2842871428811318,2.9999452717600885,-802.368605,-9.814667,812.1832714958712,7876.9803895811201,0,1.3e-11
1.0079416572467110,0.0,-0.0000000000000000,-0.0051490682652113,-0.0162389982595962,-0.0000000000000000,12.2943169154146030,2.9999450670456409,-801.255130,-9.843908,811.0990379615173,7889.4820705206366,0,3.2e-11
1.0079568853518184,0.0,-0.0000000000000000,-0.0051471985358208,-0.0162652668807790,0.0000000000000000,12.3043468114638053,2.9999448615560813,-800.135669,-9.873216,810.0088847056194,7901.9123615599819,0,7.0e-12
1.0079721683061187,0.0,-0.0000000000000000,-0.0051453228441031,-0.0162916414742027,0.0000000000000000,12.3143768312860704,2.9999446552823059,-799.010185,-9.902590,808.9127747892419,7914.2699542284827,0,3.3e-11
1.0079875064220394,0.0,-0.0000000000000000,-0.0051434414802431,-0.0163181226212981,-0.0000000000000000,12.3244069751498007,2.9999444482150808,-797.878639,-9.932029,807.8106680901843,7926.5534963749815,0,3.5e-11
1.0080029000170236,0.0,0.0000000000000000,-0.0051415547366897,-0.0163447109129150,0.0000000000000000,12.3344372433347793,2.9999442403450449,-796.740988,-9.961533,806.7025208730499,7938.7615842806990,0,2.8e-11
1.0080183494136090,0.0,-0.0000000000000000,-0.0051396629081428,-0.0163714069494760,0.0000000000000000,12.3444676361324905,2.9999440316627068,-795.597184,-9.991102,805.5882859306994,7950.8927752213785,0,5.9e-12
1.0080338549395131,0.0,0.0000000000000000,-0.0051377662915366,-0.0163982113411388,-0.0000000000000000,12.3544981538464427,2.9999438221584436,-794.447176,-10.020736,804.4679124971533,7962.9455738565302,0,1.0e-11
1.0080491051348333,0.0,-0.0000000000000000,-0.0051359032498923,-0.0164245853727435,0.0000000000000000,12.3643281842428276,2.9999436160373993,-793.314098,-10.049840,803.3639384985972,7974.6797777420725,0,1.3e-11
1.0080635083250160,0.0,-0.0000000000000000,-0.0051341460848844,-0.0164495045510098,0.0000000000000000,12.3735802445475525,2.9999434212998275,-792.242116,-10.077289,802.3194048096182,7985.6524551269831,0,1.4e-11
1.0080763153022740,0.0,0.0000000000000000,-0.0051325858184014,-0.0164716701859726,-0.0000000000000000,12.3817809615666246,2.9999432480881030,-791.287429,-10.101663,801.3890920191106,7995.3191763784271,0,1.9e-11
1.0080894308045880,0.0,0.0000000000000000,-0.0051309902610038,-0.0164943776448162,-0.0000000000000000,12.3901539795348796,2.9999430706466259,-790.308264,-10.126594,800.4348580183340,8005.1307127255131,0,2.0e-11
1.0081028632024893,0.0,0.0000000000000000,-0.0051293587487377,-0.0165176419405777,-0.0000000000000000,12.3987029206311234,2.9999428888552795,-789.303881,-10.152093,799.4559742403533,8015.0866014746716,0,2.0e-11
1.0081166211392425,0.0,-0.0000000000000000,-0.0051276906200066,-0.0165414785869597,0.0000000000000000,12.4074314832847143,2.9999427025896224,-788.273507,-10.178176,798.4516825035611,8025.1861413573497,0,3.2e-12
1.0081307135420658,0.0,-0.0000000000000000,-0.0051259852172466,-0.0165659036192964,0.0000000000000000,12.4163434437868467,2.9999425117206853,-787.216339,-10.204855,797.4211935347835,8035.4283417421393,0,3.5e-12
1.0081448604395629,0.0,0.0000000000000000,-0.0051242767745135,-0.0165904321055370,0.0000000000000000,12.4252606739127760,2.9999423200341129,-786.153290,-10.231599,796.3848888482238,8045.6049879350467,0,3.4e-11
1.0081587776875574,0.0,-0.0000000000000000,-0.0051225997504468,-0.0166145711653981,0.0000000000000000,12.4340047273135532,2.9999421313783441,-785.105728,-10.257871,795.3635989228502,8055.5131605510251,0,3.2e-11
1.0081730336802428,0.0,-0.0000000000000000,-0.0051208859110222,-0.0166393067116456,0.0000000000000000,12.4429325050616324,2.9999419380443588,-784.030829,-10.284743,794.3155720170909,8065.5558081132476,0,3.3e-11
1.0081870585245924,0.0,0.0000000000000000,-0.0051192040210597,-0.0166636499727561,-0.0000000000000000,12.4516869019561547,2.9999417477567412,-782.971521,-10.311141,793.2826616971015,8075.3297758288682,0,3.5e-12
1.0081995277189220,0.0,-0.0000000000000000,-0.0051177123186830,-0.0166853003258231,0.0000000000000000,12.4594465040094420,2.9999415784999437,-782.028164,-10.334578,792.3627422774234,8083.9310318313655,0,3.6e-11
1.0082115440620201,0.0,0.0000000000000000,-0.0051162781618983,-0.0167061708313901,-0.0000000000000000,12.4669032229543522,2.9999414153203330,-781.117675,-10.357134,791.4748089866565,8092.1406764923013,0,3.4e-11
1.0082233594090970,0.0,0.0000000000000000,-0.0051148713418353,-0.0167266983720136,-0.0000000000000000,12.4742151164167012,2.9999412548015556,-780.221066,-10.379285,790.6003510877566,8100.1368521309923,0,3.0e-12
1.0082328491524208,0.0,-0.0000000000000000,-0.0051137439081638,-0.0167431898798954,0.0000000000000000,12.4800734313634631,2.9999411258270388,-779.499958,-10.397055,789.8970132605542,8106.5042587270727,0,2.0e-11
1.0082425596803408,0.0,-0.0000000000000000,-0.0051125926016820,-0.0167600690982733,0.0000000000000000,12.4860548162466678,2.9999409938042567,-778.761162,-10.415220,789.1763820382421,8112.9690002763527,0,4.8e-12
1.0082519116314144,0.0,0.0000000000000000,-0.0051114861221862,-0.0167763288585957,-0.0000000000000000,12.4918027150230131,2.9999408666102219,-778.048768,-10.432696,788.4814640818654,8119.1462739449926,0,1.1e-11
1.0082612892434617,0.0,-0.0000000000000000,-0.0051103789428276,-0.0167926369973743,0.0000000000000000,12.4975539906516868,2.9999407390205826,-777.333546,-10.450202,787.7837472274958,8125.2923035791027,0,1.6e-11
1.0082689709806532,0.0,0.0000000000000000,-0.0051094737714110,-0.0168059987221490,-0.0000000000000000,12.5022559632496293,2.9999406344692598,-776.747008,-10.464528,787.2115362867157,8130.2907954772236,0,1.9e-11
1.0082768280924506,0.0,0.0000000000000000,-0.0051085496296959,-0.0168196680937699,-0.0000000000000000,12.5070567067419489,2.9999405274975475,-776.146462,-10.479169,786.6256310227398,8135.3696938384091,0,1.8e-11
1.0082848649065108,0.0,-0.0000000000000000,-0.0051076061584967,-0.0168336528107904,0.0000000000000000,12.5119582966304037,2.9999404180437126,-775.531530,-10.494131,786.0256604432686,8140.5293811985175,0,4.7e-12
1.0082927600271312,0.0,0.0000000000000000,-0.0051066811335669,-0.0168473936289799,-0.0000000000000000,12.5167646718263477,2.9999403104840980,-774.926791,-10.508816,785.4356075753132,8145.5631643773522,0,2.6e-11
1.0082992253433403,0.0,0.0000000000000000,-0.0051059249910228,-0.0168586479454821,-0.0000000000000000,12.5206941335017952,2.9999402223769391,-774.431090,-10.520832,784.9519222484612,8149.6594743644819,0,1.3e-11
1.0083050811679466,0.0,-0.0000000000000000,-0.0051052412040102,-0.0168688428235176,0.0000000000000000,12.5242481343996186,2.9999401425548369,-773.981743,-10.531708,784.5134502756143,8153.3494736608118,0,9.4e-12
1.0083085500093711,0.0,0.0000000000000000,-0.0051048366326753,-0.0168748826883189,-0.0000000000000000,12.5263511837546631,2.9999400952608042,-773.715391,-10.538147,784.2535374899052,8155.5262865551631,0,7.3e-12
1.0083113312309435,0.0,0.0000000000000000,-0.0051045125223325,-0.0168797256497577,-0.0000000000000000,12.5280361428216001,2.9999400573366355,-773.501746,-10.543307,784.0450531284764,8157.2667248744401,0,1.6e-11
1.0083139520413129,0.0,-0.0000000000000000,-0.0051042073217697,-0.0168842895821906,0.0000000000000000,12.5296229361891864,2.9999400215956156,-773.300348,-10.548169,783.8485171100459,8158.9028087363695,0,6.0e-12
1.0083154123604514,0.0,0.0000000000000000,-0.0051040373550541,-0.0168868327361842,-0.0000000000000000,12.5305066860420311,2.9999400016789011,-773.188097,-10.550877,783.7389747506209,8159.8127643731423,0,7.9e-12
