x0,y0,z0,xd0,yd0,zd0,Tp,JC,stabilityIndex1,stabilityIndex2,alpha,beta,impactFlag,error
0.9962097004062828,0.0,0.0000630982586306,0.0000000000000000,0.0097762088484902,0.0000000000000000,16.8283503628038744,3.0000470544605391,2.000000,0.134520,-2.1345197164652,2.2690394346374,0,1.5e-12
0.9962096900823222,0.0,0.0000640136385396,0.0000000000000000,0.0097761598594906,0.0000000000000000,16.8283357356297003,3.0000470548578981,2.000000,0.134401,-2.1344014179313,2.2688028365285,0,1.1e-11
0.9962096795458660,0.0,0.0000649344947776,0.0000000000000000,0.0097761098653042,0.0000000000000000,16.8283208074677688,3.0000470552634186,2.000000,0.134281,-2.1342806647562,2.2685613305990,0,1.1e-11
0.9962096687939314,0.0,0.0000658608491353,0.0000000000000000,0.0097760588519720,0.0000000000000000,16.8283055741014493,3.0000470556772156,2.000000,0.134157,-2.1341574222600,2.2683148467096,0,7.0e-12
0.9962096578234715,0.0,0.0000667927261155,0.0000000000000000,0.0097760068052378,0.0000000000000000,16.8282900312213926,3.0000470560994041,2.000000,0.134032,-2.1340316557665,2.2680633137897,0,7.1e-12
0.9962096466313753,0.0,0.0000677301528078,0.0000000000000000,0.0097759537105440,0.0000000000000000,16.8282741744220630,3.0000470565301032,2.000000,0.133903,-2.1339033276136,2.2678066572320,0,1.2e-11
0.9962096352144595,0.0,0.0000686731591194,0.0000000000000000,0.0097758995530058,0.0000000000000000,16.8282579992020445,3.0000470569694349,2.000000,0.133772,-2.1337723984069,2.2675448002774,0,7.0e-12
0.9962096235694735,0.0,0.0000696217774518,0.0000000000000000,0.0097758443174190,0.0000000000000000,16.8282415009582671,3.0000470574175218,2.000000,0.133639,-2.1336388317937,2.2672776676733,0,4.2e-12
0.9962096116930910,0.0,0.0000705760429192,0.0000000000000000,0.0097757879882344,0.0000000000000000,16.8282246749861706,3.0000470578744922,2.000000,0.133503,-2.1335025887687,2.2670051806642,0,1.1e-11
0.9962095995819121,0.0,0.0000715359930599,0.0000000000000000,0.0097757305495633,0.0000000000000000,16.8282075164743503,3.0000470583404737,2.000000,0.133364,-2.1333636263489,2.2667272559583,0,1.4e-11
0.9962095872324618,0.0,0.0000725016678833,0.0000000000000000,0.0097756719851633,0.0000000000000000,16.8281900205029871,3.0000470588156007,2.000000,0.133222,-2.1332219034632,2.2664438116012,0,9.0e-12
0.9962095746411833,0.0,0.0000734731099529,0.0000000000000000,0.0097756122784202,0.0000000000000000,16.8281721820422945,3.0000470593000079,2.000000,0.133077,-2.1330773801296,2.2661547647045,0,1.3e-11
0.9962095618044426,0.0,0.0000744503640345,0.0000000000000000,0.0097755514123589,0.0000000000000000,16.8281539959468098,3.0000470597938329,2.000000,0.132930,-2.1329300110239,2.2658600267492,0,1.4e-11
0.9962095487185205,0.0,0.0000754334773556,0.0000000000000000,0.0097754893696148,0.0000000000000000,16.8281354569556960,3.0000470602972196,2.000000,0.132780,-2.1327797512688,2.2655595084517,0,1.0e-11
0.9962095353796140,0.0,0.0000764224994266,0.0000000000000000,0.0097754261324328,0.0000000000000000,16.8281165596885742,3.0000470608103109,2.000000,0.132627,-2.1326265576864,2.2652531214108,0,1.3e-11
0.9962095217838349,0.0,0.0000774174818674,0.0000000000000000,0.0097753616826679,0.0000000000000000,16.8280972986416906,3.0000470613332548,2.000000,0.132470,-2.1324703809254,2.2649407697498,0,6.9e-12
0.9962095079272051,0.0,0.0000784184786507,0.0000000000000000,0.0097752960017559,0.0000000000000000,16.8280776681877633,3.0000470618662036,2.000000,0.132311,-2.1323111767004,2.2646223614500,0,1.2e-11
0.9962094938056573,0.0,0.0000794255457353,0.0000000000000000,0.0097752290707266,0.0000000000000000,16.8280576625702274,3.0000470624093123,2.000000,0.132149,-2.1321488931790,2.2642977966114,0,2.9e-12
0.9962094794150306,0.0,0.0000804387413429,0.0000000000000000,0.0097751608701736,0.0000000000000000,16.8280372759032986,3.0000470629627380,2.000000,0.131983,-2.1319834848063,2.2639669792051,0,1.1e-11
0.9962094647510712,0.0,0.0000814581256430,0.0000000000000000,0.0097750913802629,0.0000000000000000,16.8280165021666193,3.0000470635266439,2.000000,0.131815,-2.1318148965848,2.2636298035355,0,1.1e-11
0.9962094498094276,0.0,0.0000824837607983,0.0000000000000000,0.0097750205807187,0.0000000000000000,16.8279953352032763,3.0000470641011954,2.000000,0.131643,-2.1316430775196,2.2632861665482,0,1.1e-11
0.9962094345856509,0.0,0.0000835157110823,0.0000000000000000,0.0097749484508031,0.0000000000000000,16.8279737687180990,3.0000470646865609,2.000000,0.131468,-2.1314679747183,2.2629359619013,0,1.2e-11
0.9962094190751897,0.0,0.0000845540426868,0.0000000000000000,0.0097748749693177,0.0000000000000000,16.8279517962734673,3.0000470652829136,2.000000,0.131290,-2.1312895330256,2.2625790798123,0,1.1e-11
0.9962094032733921,0.0,0.0000855988235832,0.0000000000000000,0.0097748001146004,0.0000000000000000,16.8279294112853748,3.0000470658904308,2.000000,0.131108,-2.1311076966434,2.2622154084931,0,9.4e-12
0.9962093871755001,0.0,0.0000866501238043,0.0000000000000000,0.0097747238644949,0.0000000000000000,16.8279066070231593,3.0000470665092935,2.000000,0.130922,-2.1309224092932,2.2618448343357,0,1.4e-11
0.9962093707766501,0.0,0.0000877080150481,0.0000000000000000,0.0097746461963663,0.0000000000000000,16.8278833766033493,3.0000470671396866,2.000000,0.130734,-2.1307336103529,2.2614672386852,0,8.0e-12
0.9962093540718673,0.0,0.0000887725709509,0.0000000000000000,0.0097745670870691,0.0000000000000000,16.8278597129891345,3.0000470677817992,2.000000,0.130541,-2.1305412419645,2.2610825030047,0,1.1e-11
0.9962093370560660,0.0,0.0000898438669285,0.0000000000000000,0.0097744865129474,0.0000000000000000,16.8278356089860317,3.0000470684358231,2.000000,0.130345,-2.1303452408680,2.2606905031906,0,7.5e-12
0.9962093197240491,0.0,0.0000909219800330,0.0000000000000000,0.0097744044498320,0.0000000000000000,16.8278110572378594,3.0000470691019574,2.000000,0.130146,-2.1301455465788,2.2602911159977,0,8.2e-12
0.9962093020705000,0.0,0.0000920069892065,0.0000000000000000,0.0097743208730105,0.0000000000000000,16.8277860502256793,3.0000470697804040,2.000000,0.129942,-2.1299420931847,2.2598842109555,0,9.4e-12
0.9962092840899868,0.0,0.0000930989749063,0.0000000000000000,0.0097742357572428,0.0000000000000000,16.8277605802617032,3.0000470704713682,2.000000,0.129735,-2.1297348153378,2.2594696575620,0,7.2e-12
0.9962092657769552,0.0,0.0000941980194233,0.0000000000000000,0.0097741490767239,0.0000000000000000,16.8277346394886216,3.0000470711750613,2.000000,0.129524,-2.1295236458272,2.2590473208162,0,7.8e-12
0.9962092471257268,0.0,0.0000953042066745,0.0000000000000000,0.0097740608050877,0.0000000000000000,16.8277082198747046,3.0000470718916992,2.000000,0.129309,-2.1293085165965,2.2586170640678,0,1.1e-11
0.9962092281305008,0.0,0.0000964176220876,0.0000000000000000,0.0097739709154039,0.0000000000000000,16.8276813132095846,3.0000470726215012,2.000000,0.129089,-2.1290893565331,2.2581787459609,0,1.2e-11
0.9962092087853447,0.0,0.0000975383528969,0.0000000000000000,0.0097738793801410,0.0000000000000000,16.8276539111030914,3.0000470733646929,2.000000,0.128866,-2.1288660932473,2.2577322219992,0,1.2e-11
0.9962091890841984,0.0,0.0000986664877023,0.0000000000000000,0.0097737861711886,0.0000000000000000,16.8276260049784447,3.0000470741215044,2.000000,0.128639,-2.1286386534268,2.2572773449674,0,1.2e-11
0.9962091690208656,0.0,0.0000998021168513,0.0000000000000000,0.0097736912598150,0.0000000000000000,16.8275975860715121,3.0000470748921702,2.000000,0.128407,-2.1284069610738,2.2568139639760,0,7.5e-12
0.9962091485890151,0.0,0.0001009453322507,0.0000000000000000,0.0097735946166677,0.0000000000000000,16.8275686454256714,3.0000470756769304,2.000000,0.128171,-2.1281709408907,2.2563419258236,0,1.3e-11
0.9962091277821783,0.0,0.0001020962271749,0.0000000000000000,0.0097734962117766,0.0000000000000000,16.8275391738868265,3.0000470764760307,2.000000,0.127931,-2.1279305119647,2.2558610715078,0,1.1e-11
0.9962091065937430,0.0,0.0001032548965983,0.0000000000000000,0.0097733960145136,0.0000000000000000,16.8275091621018333,3.0000470772897212,2.000000,0.127686,-2.1276855937780,2.2553712394030,0,6.8e-12
0.9962090850169526,0.0,0.0001044214370041,0.0000000000000000,0.0097732939935932,0.0000000000000000,16.8274786005132029,3.0000470781182584,2.000000,0.127436,-2.1274361053299,2.2548722654676,0,1.2e-11
0.9962090630449063,0.0,0.0001055959462059,0.0000000000000000,0.0097731901170766,0.0000000000000000,16.8274474793538928,3.0000470789619023,2.000000,0.127182,-2.1271819614327,2.2543639807681,0,1.6e-11
0.9962090406705485,0.0,0.0001067785236782,0.0000000000000000,0.0097730843523270,0.0000000000000000,16.8274157886454567,3.0000470798209213,2.000000,0.126923,-2.1269230727166,2.2538462091419,0,7.2e-12
0.9962090178866724,0.0,0.0001079692703685,0.0000000000000000,0.0097729766660129,0.0000000000000000,16.8273835181925087,3.0000470806955883,2.000000,0.126659,-2.1266593548207,2.2533187775005,0,1.0e-11
0.9962089946859169,0.0,0.0001091682885372,0.0000000000000000,0.0097728670241080,0.0000000000000000,16.8273506575773268,3.0000470815861817,2.000000,0.126391,-2.1263907156689,2.2527815036620,0,1.2e-11
0.9962089710607585,0.0,0.0001103756820569,0.0000000000000000,0.0097727553918497,0.0000000000000000,16.8273171961574874,3.0000470824929861,2.000000,0.126117,-2.1261170622468,2.2522342020727,0,1.2e-11
0.9962089470035111,0.0,0.0001115915562100,0.0000000000000000,0.0097726417337426,0.0000000000000000,16.8272831230599742,3.0000470834162916,2.000000,0.125838,-2.1258382995941,2.2516766828937,0,5.4e-12
0.9962089225063229,0.0,0.0001128160177637,0.0000000000000000,0.0097725260135374,0.0000000000000000,16.8272484271770040,3.0000470843563964,2.000000,0.125554,-2.1255543318091,2.2511087528937,0,9.3e-12
0.9962088975611747,0.0,0.0001140491747761,0.0000000000000000,0.0097724081942327,0.0000000000000000,16.8272130971601150,3.0000470853136019,2.000000,0.125265,-2.1252650595451,2.2505302143234,0,1.1e-11
0.9962088721598715,0.0,0.0001152911368915,0.0000000000000000,0.0097722882380326,0.0000000000000000,16.8271771214172006,3.0000470862882205,2.000000,0.124970,-2.1249703799464,2.2499408626986,0,4.9e-12
0.9962088462940434,0.0,0.0001165420151339,0.0000000000000000,0.0097721661063512,0.0000000000000000,16.8271404881062203,3.0000470872805653,2.000000,0.124670,-2.1246701923310,2.2493404935268,0,8.5e-12
0.9962088199551395,0.0,0.0001178019219874,0.0000000000000000,0.0097720417597875,0.0000000000000000,16.8271031851306390,3.0000470882909616,2.000000,0.124364,-2.1243643870160,2.2487288908241,0,8.1e-12
0.9962087931344280,0.0,0.0001190709712325,0.0000000000000000,0.0097719151581272,0.0000000000000000,16.8270652001332550,3.0000470893197386,2.000000,0.124053,-2.1240528572025,2.2481058393394,0,4.5e-12
0.9962087658229869,0.0,0.0001203492781999,0.0000000000000000,0.0097717862602996,0.0000000000000000,16.8270265204924883,3.0000470903672327,2.000000,0.123736,-2.1237354920905,2.2474711171719,0,6.2e-12
0.9962087380117024,0.0,0.0001216369596338,0.0000000000000000,0.0097716550243758,0.0000000000000000,16.8269871333160701,3.0000470914337880,2.000000,0.123412,-2.1234121772560,2.2468244960382,0,1.0e-11
0.9962087096912702,0.0,0.0001229341335524,0.0000000000000000,0.0097715214075655,0.0000000000000000,16.8269470254346949,3.0000470925197558,2.000000,0.123083,-2.1230827961155,2.2461657432268,0,9.8e-12
0.9962086808521818,0.0,0.0001242409195314,0.0000000000000000,0.0097713853661708,0.0000000000000000,16.8269061833980906,3.0000470936254948,2.000000,0.122747,-2.1227472303035,2.2454946214046,0,1.0e-11
0.9962086514847287,0.0,0.0001255574385119,0.0000000000000000,0.0097712468555889,0.0000000000000000,16.8268645934679988,3.0000470947513707,2.000000,0.122405,-2.1224053570592,2.2448108861047,0,8.1e-12
0.9962086215789923,0.0,0.0001268838128872,0.0000000000000000,0.0097711058302849,0.0000000000000000,16.8268222416128310,3.0000470958977568,2.000000,0.122057,-2.1220570535019,2.2441142895069,0,1.5e-11
0.9962085911248466,0.0,0.0001282201663184,0.0000000000000000,0.0097709622437935,0.0000000000000000,16.8267791135005353,3.0000470970650350,2.000000,0.121702,-2.1217021892990,2.2434045742016,0,8.3e-12
0.9962085601119460,0.0,0.0001295666240363,0.0000000000000000,0.0097708160486685,0.0000000000000000,16.8267351944941481,3.0000470982535967,2.000000,0.121341,-2.1213406361439,2.2426814811188,0,7.4e-12
0.9962085285297259,0.0,0.0001309233126343,0.0000000000000000,0.0097706671964866,0.0000000000000000,16.8266904696442694,3.0000470994638366,2.000000,0.120972,-2.1209722609735,2.2419447442569,0,8.7e-12
0.9962084963673964,0.0,0.0001322903601558,0.0000000000000000,0.0097705156378180,0.0000000000000000,16.8266449236830695,3.0000471006961638,2.000000,0.120597,-2.1205969254081,2.2411940876594,0,7.9e-12
0.9962084636139399,0.0,0.0001336678959258,0.0000000000000000,0.0097703613222265,0.0000000000000000,16.8265985410168035,3.0000471019509902,2.000000,0.120215,-2.1202144902778,2.2404292333150,0,6.2e-12
0.9962084302581022,0.0,0.0001350560508358,0.0000000000000000,0.0097702041982184,0.0000000000000000,16.8265513057206135,3.0000471032287415,2.000000,0.119825,-2.1198248134055,2.2396498955682,0,7.2e-12
0.9962083962883918,0.0,0.0001364549571519,0.0000000000000000,0.0097700442132433,0.0000000000000000,16.8265032015305422,3.0000471045298482,2.000000,0.119428,-2.1194277466115,2.2388557797912,0,7.6e-12
0.9962083616930703,0.0,0.0001378647486040,0.0000000000000000,0.0097698813136634,0.0000000000000000,16.8264542118369675,3.0000471058547515,2.000000,0.119023,-2.1190231415574,2.2380465882087,0,7.9e-12
0.9962083264601559,0.0,0.0001392855602068,0.0000000000000000,0.0097697154447546,0.0000000000000000,16.8264043196764632,3.0000471072039026,2.000000,0.118611,-2.1186108442155,2.2372220130146,0,6.8e-12
0.9962082905774076,0.0,0.0001407175285593,0.0000000000000000,0.0097695465506488,0.0000000000000000,16.8263535077260293,3.0000471085777614,2.000000,0.118191,-2.1181906975449,2.2363817403975,0,9.0e-12
0.9962082540323263,0.0,0.0001421607916373,0.0000000000000000,0.0097693745743394,0.0000000000000000,16.8263017582944485,3.0000471099767951,2.000000,0.117763,-2.1177625410038,2.2355254491476,0,9.8e-12
0.9962082168121490,0.0,0.0001436154888585,0.0000000000000000,0.0097691994576483,0.0000000000000000,16.8262490533149069,3.0000471114014848,2.000000,0.117326,-2.1173262091022,2.2346528093396,0,7.1e-12
0.9962081789038409,0.0,0.0001450817611288,0.0000000000000000,0.0097690211412012,0.0000000000000000,16.8261953743374164,3.0000471128523185,2.000000,0.116882,-2.1168815344047,2.2337634851377,0,7.6e-12
0.9962081402940953,0.0,0.0001465597506544,0.0000000000000000,0.0097688395644256,0.0000000000000000,16.8261407025198189,3.0000471143297958,2.000000,0.116429,-2.1164283448949,2.2328571322223,0,1.0e-11
0.9962081009693191,0.0,0.0001480496012380,0.0000000000000000,0.0097686546654927,0.0000000000000000,16.8260850186211179,3.0000471158344255,2.000000,0.115967,-2.1159664631334,2.2319333969395,0,9.6e-12
0.9962080609156343,0.0,0.0001495514580895,0.0000000000000000,0.0097684663813167,0.0000000000000000,16.8260283029920714,3.0000471173667282,2.000000,0.115496,-2.1154957087984,2.2309919180136,0,1.0e-11
0.9962080201188700,0.0,0.0001510654678801,0.0000000000000000,0.0097682746475246,0.0000000000000000,16.8259705355669524,3.0000471189272337,2.000000,0.115016,-2.1150158966450,2.2300323257332,0,7.9e-12
0.9962079785645532,0.0,0.0001525917787812,0.0000000000000000,0.0097680793984259,0.0000000000000000,16.8259116958549590,3.0000471205164851,2.000000,0.114527,-2.1145268373510,2.2290542404432,0,1.2e-11
0.9962079362379107,0.0,0.0001541305402908,0.0000000000000000,0.0097678805670109,0.0000000000000000,16.8258517629304762,3.0000471221350349,2.000000,0.114029,-2.1140283369099,2.2280572755034,0,1.0e-11
0.9962078931238526,0.0,0.0001556819035357,0.0000000000000000,0.0097676780848868,0.0000000000000000,16.8257907154254056,3.0000471237834465,2.000000,0.113521,-2.1135201967935,2.2270410330799,0,8.9e-12
0.9962078492069726,0.0,0.0001572460210626,0.0000000000000000,0.0097674718822780,0.0000000000000000,16.8257285315188128,3.0000471254622973,2.000000,0.113003,-2.1130022132054,2.2260051061537,0,9.3e-12
0.9962078044715391,0.0,0.0001588230468976,0.0000000000000000,0.0097672618879932,0.0000000000000000,16.8256651889276938,3.0000471271721745,2.000000,0.112475,-2.1124741784477,2.2249490790673,0,1.1e-11
0.9962077589014883,0.0,0.0001604131366161,0.0000000000000000,0.0097670480293882,0.0000000000000000,16.8256006648975642,3.0000471289136783,2.000000,0.111936,-2.1119358778530,2.2238725231758,0,1.3e-11
0.9962077124804212,0.0,0.0001620164471097,0.0000000000000000,0.0097668302323714,0.0000000000000000,16.8255349361914952,3.0000471306874212,2.000000,0.111388,-2.1113870937311,2.2227750034531,0,7.5e-12
0.9962076651915900,0.0,0.0001636331369492,0.0000000000000000,0.0097666084213267,0.0000000000000000,16.8254679790816049,3.0000471324940285,2.000000,0.110828,-2.1108276018811,2.2216560706576,0,8.9e-12
0.9962076170178950,0.0,0.0001652633661348,0.0000000000000000,0.0097663825191184,0.0000000000000000,16.8253997693375439,3.0000471343341371,2.000000,0.110258,-2.1102571735253,2.2205152676714,0,1.0e-11
0.9962075679418766,0.0,0.0001669072961762,0.0000000000000000,0.0097661524470531,0.0000000000000000,16.8253302822162674,3.0000471362083987,2.000000,0.109676,-2.1096755722150,2.2193521229470,0,7.5e-12
0.9962075179457097,0.0,0.0001685650901102,0.0000000000000000,0.0097659181248469,0.0000000000000000,16.8252594924513197,3.0000471381174783,2.000000,0.109083,-2.1090825584346,2.2181661561922,0,8.2e-12
0.9962074670111926,0.0,0.0001702369124625,0.0000000000000000,0.0097656794706013,0.0000000000000000,16.8251873742416329,3.0000471400620525,2.000000,0.108478,-2.1084778850805,2.2169568740328,0,8.8e-12
0.9962074151197394,0.0,0.0001719229293342,0.0000000000000000,0.0097654364007611,0.0000000000000000,16.8251139012406021,3.0000471420428148,2.000000,0.107862,-2.1078612976821,2.2157237688679,0,6.0e-12
0.9962073622523802,0.0,0.0001736233082246,0.0000000000000000,0.0097651888301091,0.0000000000000000,16.8250390465437931,3.0000471440604701,2.000000,0.107233,-2.1072325413806,2.2144663277095,0,9.7e-12
0.9962073083897399,0.0,0.0001753382182926,0.0000000000000000,0.0097649366716965,0.0000000000000000,16.8249627826783907,3.0000471461157394,2.000000,0.106592,-2.1065913457223,2.2131840140340,0,8.0e-12
0.9962072535120406,0.0,0.0001770678301876,0.0000000000000000,0.0097646798368365,0.0000000000000000,16.8248850815903452,3.0000471482093589,2.000000,0.105938,-2.1059374410048,2.2118762865805,0,8.2e-12
0.9962071975990872,0.0,0.0001788123160824,0.0000000000000000,0.0097644182350651,0.0000000000000000,16.8248059146323392,3.0000471503420783,2.000000,0.105271,-2.1052705478546,2.2105425871970,0,6.7e-12
0.9962071406302627,0.0,0.0001805718497131,0.0000000000000000,0.0097641517741050,0.0000000000000000,16.8247252525513709,3.0000471525146635,2.000000,0.104591,-2.1045903801549,2.2091823438106,0,6.6e-12
0.9962070825845158,0.0,0.0001823466063847,0.0000000000000000,0.0097638803598288,0.0000000000000000,16.8246430654760033,3.0000471547278962,2.000000,0.103898,-2.1038966440637,2.2077949694567,0,7.0e-12
0.9962070234403596,0.0,0.0001841367628322,0.0000000000000000,0.0097636038962475,0.0000000000000000,16.8245593229027328,3.0000471569825731,2.000000,0.103190,-2.1031890395817,2.2063798641070,0,9.1e-12
0.9962069631758511,0.0,0.0001859424974686,0.0000000000000000,0.0097633222854369,0.0000000000000000,16.8244739936837000,3.0000471592795082,2.000000,0.102468,-2.1024672585630,2.2049364119515,0,8.3e-12
0.9962069017685917,0.0,0.0001877639902353,0.0000000000000000,0.0097630354275254,0.0000000000000000,16.8243870460123830,3.0000471616195328,2.000000,0.101732,-2.1017309836574,2.2034639785229,0,9.9e-12
0.9962068391957122,0.0,0.0001896014226123,0.0000000000000000,0.0097627432206562,0.0000000000000000,16.8242984474097881,3.0000471640034925,2.000000,0.100981,-2.1009798902656,2.2019619164131,0,5.2e-12
0.9962067754338666,0.0,0.0001914549776528,0.0000000000000000,0.0097624455609466,0.0000000000000000,16.8242081647103632,3.0000471664322532,2.000000,0.100215,-2.1002136479227,2.2004295624087,0,8.7e-12
0.9962067104592215,0.0,0.0001933248399758,0.0000000000000000,0.0097621423424503,0.0000000000000000,16.8241161640474566,3.0000471689066961,2.000000,0.099433,-2.0994319127098,2.1988662316342,0,6.1e-12
0.9962066442474433,0.0,0.0001952111958056,0.0000000000000000,0.0097618334571137,0.0000000000000000,16.8240224108386762,3.0000471714277217,2.000000,0.098636,-2.0986343361350,2.1972712258261,0,9.0e-12
0.9962065767736965,0.0,0.0001971142328132,0.0000000000000000,0.0097615187947640,0.0000000000000000,16.8239268697701299,3.0000471739962484,2.000000,0.097822,-2.0978205588184,2.1956438274726,0,1.2e-11
0.9962065080126217,0.0,0.0001990341403681,0.0000000000000000,0.0097611982430276,0.0000000000000000,16.8238295047820046,3.0000471766132124,2.000000,0.096992,-2.0969902107000,2.1939832977493,0,8.8e-12
0.9962064379383335,0.0,0.0002009711093817,0.0000000000000000,0.0097608716873168,0.0000000000000000,16.8237302790521284,3.0000471792795702,2.000000,0.096145,-2.0961429138073,2.1922888809513,0,5.6e-12
0.9962063665244073,0.0,0.0002029253323237,0.0000000000000000,0.0097605390107867,0.0000000000000000,16.8236291549799901,3.0000471819962975,2.000000,0.095280,-2.0952782812357,2.1905598023308,0,9.5e-12
0.9962062937438686,0.0,0.0002048970032626,0.0000000000000000,0.0097602000942868,0.0000000000000000,16.8235260941703864,3.0000471847643895,2.000000,0.094398,-2.0943959125579,2.1887952633622,0,9.3e-12
0.9962062195691825,0.0,0.0002068863178306,0.0000000000000000,0.0097598548163256,0.0000000000000000,16.8234210574165566,3.0000471875848596,2.000000,0.093497,-2.0934953982651,2.1869944459631,0,7.4e-12
0.9962061439722409,0.0,0.0002088934732397,0.0000000000000000,0.0097595030530246,0.0000000000000000,16.8233140046830840,3.0000471904587465,2.000000,0.092578,-2.0925763197584,2.1851565122447,0,8.3e-12
0.9962060669243524,0.0,0.0002109186683374,0.0000000000000000,0.0097591446780664,0.0000000000000000,16.8232048950885869,3.0000471933871053,2.000000,0.091640,-2.0916382443232,2.1832805976219,0,1.3e-11
0.9962059883962335,0.0,0.0002129621034009,0.0000000000000000,0.0097587795626861,0.0000000000000000,16.8230936868871090,3.0000471963710136,2.000000,0.090683,-2.0906807279239,2.1813658166182,0,1.2e-11
0.9962059083579905,0.0,0.0002150239804463,0.0000000000000000,0.0097584075755729,0.0000000000000000,16.8229803374509963,3.0000471994115725,2.000000,0.089706,-2.0897033160521,2.1794112599563,0,1.2e-11
0.9962058267791112,0.0,0.0002171045030067,0.0000000000000000,0.0097580285828633,0.0000000000000000,16.8228648032514556,3.0000472025099034,2.000000,0.088708,-2.0887055402820,2.1774159921294,0,6.9e-12
0.9962057436284532,0.0,0.0002192038762016,0.0000000000000000,0.0097576424480832,0.0000000000000000,16.8227470398397543,3.0000472056671503,2.000000,0.087690,-2.0876869201789,2.1753790530803,0,4.0e-12
0.9962056588742304,0.0,0.0002213223067310,0.0000000000000000,0.0097572490321021,0.0000000000000000,16.8226270018278115,3.0000472088844812,2.000000,0.086650,-2.0866469630520,2.1732994569490,0,7.7e-12
0.9962055724840007,0.0,0.0002234600028636,0.0000000000000000,0.0097568481930883,0.0000000000000000,16.8225046428682958,3.0000472121630879,2.000000,0.085588,-2.0855851590888,2.1711761875717,0,6.4e-12
0.9962054844246535,0.0,0.0002256171744552,0.0000000000000000,0.0097564397864558,0.0000000000000000,16.8223799156344462,3.0000472155041851,2.000000,0.084504,-2.0845009874433,2.1690082035121,0,6.0e-12
0.9962053946623953,0.0,0.0002277940329237,0.0000000000000000,0.0097560236648217,0.0000000000000000,16.8222527717993060,3.0000472189090113,2.000000,0.083397,-2.0833939107197,2.1667944318466,0,1.3e-12
0.9962053031627389,0.0,0.0002299907912666,0.0000000000000000,0.0097555996779529,0.0000000000000000,16.8221231620146661,3.0000472223788308,2.000000,0.082267,-2.0822633797604,2.1645337730741,0,8.1e-12
0.9962052098904861,0.0,0.0002322076640842,0.0000000000000000,0.0097551676727100,0.0000000000000000,16.8219910358895781,3.0000472259149342,2.000000,0.081113,-2.0811088241954,2.1622250908766,0,9.3e-12
0.9962051148097218,0.0,0.0002344448674330,0.0000000000000000,0.0097547274930253,0.0000000000000000,16.8218563419678446,3.0000472295186356,2.000000,0.079934,-2.0799296618336,2.1598672213984,0,9.4e-12
0.9962050178837907,0.0,0.0002367026190439,0.0000000000000000,0.0097542789798094,0.0000000000000000,16.8217190277063189,3.0000472331912773,2.000000,0.078730,-2.0787252915403,2.1574589641814,0,9.9e-12
0.9962049190752872,0.0,0.0002389811381620,0.0000000000000000,0.0097538219709279,0.0000000000000000,16.8215790394513789,3.0000472369342277,2.000000,0.077500,-2.0774950956115,2.1549990857963,0,6.7e-12
0.9962048183460442,0.0,0.0002412806455991,0.0000000000000000,0.0097533563011389,0.0000000000000000,16.8214363224156465,3.0000472407488812,2.000000,0.076243,-2.0762384386002,2.1524863166488,0,5.8e-12
0.9962047156571151,0.0,0.0002436013637115,0.0000000000000000,0.0097528818020427,0.0000000000000000,16.8212908206540455,3.0000472446366633,2.000000,0.074960,-2.0749546668608,2.1499193509092,0,6.8e-12
0.9962046109687600,0.0,0.0002459435163960,0.0000000000000000,0.0097523983020278,0.0000000000000000,16.8211424770393236,3.0000472485990239,2.000000,0.073649,-2.0736431058630,2.1472968421678,0,9.7e-12
0.9962045042404311,0.0,0.0002483073290919,0.0000000000000000,0.0097519056262145,0.0000000000000000,16.8209912332371410,3.0000472526374438,2.000000,0.072309,-2.0723030607049,2.1446174042024,0,3.4e-12
0.9962043954307579,0.0,0.0002506930287788,0.0000000000000000,0.0097514035963994,0.0000000000000000,16.8208370296805718,3.0000472567534340,2.000000,0.070940,-2.0709338195450,2.1418796129584,0,6.3e-12
0.9962042844975323,0.0,0.0002531008439559,0.0000000000000000,0.0097508920310012,0.0000000000000000,16.8206798055440458,3.0000472609485334,2.000000,0.069541,-2.0695346449609,2.1390819980333,0,4.8e-12
0.9962041713976906,0.0,0.0002555310046862,0.0000000000000000,0.0097503707449943,0.0000000000000000,16.8205194987169406,3.0000472652243118,2.000000,0.068112,-2.0681047792673,2.1362230452995,0,1.2e-11
0.9962040560873057,0.0,0.0002579837424350,0.0000000000000000,0.0097498395498844,0.0000000000000000,16.8203560457759558,3.0000472695823723,2.000000,0.066651,-2.0666434405591,2.1333011959181,0,9.0e-12
0.9962039385215610,0.0,0.0002604592902944,0.0000000000000000,0.0097492982535998,0.0000000000000000,16.8201893819581656,3.0000472740243476,2.000000,0.065158,-2.0651498245358,2.1303148419545,0,1.2e-11
0.9962038186547409,0.0,0.0002629578828163,0.0000000000000000,0.0097487466604677,0.0000000000000000,16.8200194411321995,3.0000472785519019,2.000000,0.063631,-2.0636230993697,2.1272623254352,0,7.5e-12
0.9962036964402133,0.0,0.0002654797560460,0.0000000000000000,0.0097481845711454,0.0000000000000000,16.8198461557695147,3.0000472831667335,2.000000,0.062071,-2.0620624107003,2.1241419388875,0,9.0e-12
0.9962035718304142,0.0,0.0002680251475159,0.0000000000000000,0.0097476117825598,0.0000000000000000,16.8196694569148981,3.0000472878705744,2.000000,0.060476,-2.0604668739685,2.1209519190415,0,3.5e-12
0.9962034447768308,0.0,0.0002705942962416,0.0000000000000000,0.0097470280878452,0.0000000000000000,16.8194892741563677,3.0000472926651907,2.000000,0.058846,-2.0588355813505,2.1176904508394,0,6.0e-12
0.9962033152299844,0.0,0.0002731874426987,0.0000000000000000,0.0097464332762854,0.0000000000000000,16.8193055355944132,3.0000472975523809,2.000000,0.057178,-2.0571675907636,2.1143556566504,0,7.2e-12
0.9962031831394150,0.0,0.0002758048288332,0.0000000000000000,0.0097458271332468,0.0000000000000000,16.8191181678106290,3.0000473025339818,2.000000,0.055473,-2.0554619318637,2.1109456008656,0,8.1e-13
0.9962030484536645,0.0,0.0002784466980382,0.0000000000000000,0.0097452094401183,0.0000000000000000,16.8189270958356438,3.0000473076118643,2.000000,0.053729,-2.0537176063277,2.1074582883364,0,4.2e-12
0.9962029111202595,0.0,0.0002811132951557,0.0000000000000000,0.0097445799742458,0.0000000000000000,16.8187322431164112,3.0000473127879368,2.000000,0.051946,-2.0519335780710,2.1038916544768,0,7.0e-12
0.9962027710856939,0.0,0.0002838048664543,0.0000000000000000,0.0097439385088695,0.0000000000000000,16.8185335314827888,3.0000473180641443,2.000000,0.050122,-2.0501087786365,2.1002435680320,0,3.0e-12
0.9962026282954117,0.0,0.0002865216596696,0.0000000000000000,0.0097432848130484,0.0000000000000000,16.8183308811135177,3.0000473234424700,2.000000,0.048256,-2.0482421087568,2.0965118325612,0,1.2e-11
0.9962024826937970,0.0,0.0002892639238405,0.0000000000000000,0.0097426186516294,0.0000000000000000,16.8181242105009758,3.0000473289249352,2.000000,0.046347,-2.0463324249773,2.0926941713030,0,1.1e-11
0.9962023342241442,0.0,0.0002920319095350,0.0000000000000000,0.0097419397851265,0.0000000000000000,16.8179134364162941,3.0000473345136016,2.000000,0.044394,-2.0443785494644,2.0887882342771,0,7.3e-12
0.9962021828286506,0.0,0.0002948258686630,0.0000000000000000,0.0097412479696939,0.0000000000000000,16.8176984738725075,3.0000473402105712,2.000000,0.042396,-2.0423792670184,2.0847915954038,0,9.9e-12
0.9962020284483962,0.0,0.0002976460545313,0.0000000000000000,0.0097405429570438,0.0000000000000000,16.8174792360876637,3.0000473460179835,2.000000,0.040351,-2.0403333150470,2.0807017398555,0,5.3e-12
0.9962018710233275,0.0,0.0003004927218287,0.0000000000000000,0.0097398244943779,0.0000000000000000,16.8172556344469477,3.0000473519380240,2.000000,0.038258,-2.0382393932230,2.0765160720215,0,5.9e-12
0.9962017104922396,0.0,0.0003033661266031,0.0000000000000000,0.0097390923243221,0.0000000000000000,16.8170275784639891,3.0000473579729179,2.000000,0.036116,-2.0360961521302,2.0722319030947,0,2.0e-12
0.9962015467927607,0.0,0.0003062665262778,0.0000000000000000,0.0097383461848488,0.0000000000000000,16.8167949757414448,3.0000473641249337,2.000000,0.033924,-2.0339021977483,2.0678464518852,0,6.3e-12
0.9962013798613339,0.0,0.0003091941796140,0.0000000000000000,0.0097375858092134,0.0000000000000000,16.8165577319306436,3.0000473703963837,2.000000,0.031679,-2.0316560845314,2.0633568383821,0,6.8e-12
0.9962012096332012,0.0,0.0003121493467227,0.0000000000000000,0.0097368109258776,0.0000000000000000,16.8163157506904781,3.0000473767896247,1.999976,0.029380,-2.0293563163945,2.0587600808004,0,3.9e-12
0.9962010360423867,0.0,0.0003151322890526,0.0000000000000000,0.0097360212584369,0.0000000000000000,16.8160689336453686,3.0000473833070598,2.000000,0.027027,-2.0270013453160,2.0540530915661,0,4.7e-12
0.9962008590216810,0.0,0.0003181432693759,0.0000000000000000,0.0097352165255492,0.0000000000000000,16.8158171803423535,3.0000473899511357,2.000000,0.024617,-2.0245895643410,2.0492326697772,0,4.6e-12
0.9962006785026237,0.0,0.0003211825517954,0.0000000000000000,0.0097343964408565,0.0000000000000000,16.8155603882073308,3.0000473967243493,2.000000,0.022148,-2.0221193095362,2.0442954991622,0,4.2e-12
0.9962004944154890,0.0,0.0003242504017234,0.0000000000000000,0.0097335607129139,0.0000000000000000,16.8152984525002758,3.0000474036292437,1.999969,0.019619,-2.0195888553472,2.0392381419273,0,1.1e-12
0.9962003066892693,0.0,0.0003273470858851,0.0000000000000000,0.0097327090451105,0.0000000000000000,16.8150312662696066,3.0000474106684099,1.999968,0.017029,-2.0169964130326,2.0340570332992,0,1.7e-12
0.9962001152516583,0.0,0.0003304728723455,0.0000000000000000,0.0097318411355837,0.0000000000000000,16.8147587203056439,3.0000474178444905,2.000000,0.014374,-2.0143401264241,2.0287484743408,0,1.2e-11
0.9961999200290438,0.0,0.0003336280303763,0.0000000000000000,0.0097309566771772,0.0000000000000000,16.8144807030926451,3.0000474251601763,1.999964,0.011655,-2.0116180659817,2.0233086257640,0,8.1e-12
0.9961997209464816,0.0,0.0003368128306546,0.0000000000000000,0.0097300553573066,0.0000000000000000,16.8141971007607509,3.0000474326182109,1.999961,0.008867,-2.0088282336468,2.0177335048313,0,1.0e-11
0.9961995179276898,0.0,0.0003400275451219,0.0000000000000000,0.0097291368579171,0.0000000000000000,16.8139077970359487,3.0000474402213895,1.999959,0.006010,-2.0059685508338,2.0120189734902,0,6.3e-12
0.9961993108950326,0.0,0.0003432724470256,0.0000000000000000,0.0097282008553913,0.0000000000000000,16.8136126731895246,3.0000474479725603,1.999956,0.003080,-2.0030368605331,2.0061607356836,0,8.2e-12
0.9961990997695087,0.0,0.0003465478109190,0.0000000000000000,0.0097272470204679,0.0000000000000000,16.8133116079862930,3.0000474558746264,1.999954,0.000077,-2.0000309196548,2.0001543262908,0,7.0e-12
0.9961988844707381,0.0,0.0003498539126651,0.0000000000000000,0.0097262750181576,0.0000000000000000,16.8130044776317824,3.0000474639305454,1.999951,-0.003003,-1.9969483967268,1.9939951040530,0,3.3e-12
0.9961986649169520,0.0,0.0003531910294513,0.0000000000000000,0.0097252845076559,0.0000000000000000,16.8126911557182908,3.0000474721433310,1.999948,-0.006161,-1.9937868693063,1.9876782451634,0,7.9e-12
0.9961984410249800,0.0,0.0003565594397854,0.0000000000000000,0.0097242751422602,0.0000000000000000,16.8123715131697899,3.0000474805160535,1.999945,-0.009401,-1.9905438135877,1.9811987289469,0,5.9e-12
0.9961982127102431,0.0,0.0003599594235198,0.0000000000000000,0.0097232465692786,0.0000000000000000,16.8120454181857006,3.0000474890518425,1.999941,-0.012725,-1.9872166058042,1.9745513336474,0,3.6e-12
0.9961979798867434,0.0,0.0003633912618628,0.0000000000000000,0.0097221984299415,0.0000000000000000,16.8117127361834662,3.0000474977538860,1.999938,-0.016135,-1.9838025152611,1.9677306245570,0,8.5e-12
0.9961977424670565,0.0,0.0003668552373946,0.0000000000000000,0.0097211303593097,0.0000000000000000,16.8113733297399151,3.0000475066254308,1.999934,-0.019635,-1.9802986960577,1.9607309413550,0,7.1e-12
0.9961975003623250,0.0,0.0003703516340809,0.0000000000000000,0.0097200419861853,0.0000000000000000,16.8110270585313870,3.0000475156697881,1.999930,-0.023228,-1.9767021850005,1.9535463893780,0,5.0e-12
0.9961972534822537,0.0,0.0003738807373207,0.0000000000000000,0.0097189329330079,0.0000000000000000,16.8106737792726406,3.0000475248903284,1.999925,-0.026916,-1.9730098936278,1.9461708253716,0,5.3e-12
0.9961970017351052,0.0,0.0003774428339535,0.0000000000000000,0.0097178028157658,0.0000000000000000,16.8103133456544001,3.0000475342904882,1.999921,-0.030702,-1.9692186017017,1.9385978463395,0,1.5e-12
0.9961967450276965,0.0,0.0003810382122960,0.0000000000000000,0.0097166512438949,0.0000000000000000,16.8099456082796408,3.0000475438737673,1.999916,-0.034591,-1.9653249535131,1.9308207773411,0,6.5e-12
0.9961964832654001,0.0,0.0003846671621932,0.0000000000000000,0.0097154778201730,0.0000000000000000,16.8095704145985323,3.0000475536437317,1.999911,-0.038585,-1.9613254430479,1.9228326511222,0,5.6e-12
0.9961962163521397,0.0,0.0003883299750756,0.0000000000000000,0.0097142821406102,0.0000000000000000,16.8091876088420413,3.0000475636040140,1.999905,-0.042689,-1.9572164151915,1.9146262000292,0,1.3e-11
0.9961959441904042,0.0,0.0003920269438923,0.0000000000000000,0.0097130637943814,0.0000000000000000,16.8087970319538158,3.0000475737583163,1.999899,-0.046905,-1.9529940518367,1.9061938372447,0,1.0e-11
0.9961956666812368,0.0,0.0003957583633624,0.0000000000000000,0.0097118223636496,0.0000000000000000,16.8083985215213829,3.0000475841104093,1.999893,-0.051239,-1.9486543650592,1.8975276369005,0,9.0e-12
0.9961953837242510,0.0,0.0003995245298905,0.0000000000000000,0.0097105574235023,0.0000000000000000,16.8079919117050807,3.0000475946641361,1.999887,-0.055693,-1.9441931881902,1.8886193203243,0,6.4e-12
0.9961950952176377,0.0,0.0004033257416833,0.0000000000000000,0.0097092685418168,0.0000000000000000,16.8075770331659236,3.0000476054234095,1.999880,-0.060274,-1.9396061651995,1.8794602337822,0,6.9e-12
0.9961948010581752,0.0,0.0004071622988173,0.0000000000000000,0.0097079552791439,0.0000000000000000,16.8071537129918731,3.0000476163922194,1.999872,-0.064983,-1.9348887413466,1.8700413294718,0,7.0e-12
0.9961945011412432,0.0,0.0004110345033193,0.0000000000000000,0.0097066171885830,0.0000000000000000,16.8067217746225168,3.0000476275746277,1.999864,-0.069828,-1.9300361503255,1.8603531422606,0,6.9e-12
0.9961941953608395,0.0,0.0004149426592756,0.0000000000000000,0.0097052538156479,0.0000000000000000,16.8062810377722158,3.0000476389747757,1.999856,-0.074813,-1.9250434039497,1.8503857677415,0,5.9e-12
0.9961938836095993,0.0,0.0004188870729154,0.0000000000000000,0.0097038646981379,0.0000000000000000,16.8058313183515651,3.0000476505968807,1.999847,-0.079942,-1.9199052802340,1.8401288372165,0,6.5e-12
0.9961935657788165,0.0,0.0004228680527340,0.0000000000000000,0.0097024493659958,0.0000000000000000,16.8053724283872512,3.0000476624452408,1.999837,-0.085221,-1.9146163074528,1.8295714904948,0,5.4e-12
0.9961932417584708,0.0,0.0004268859096115,0.0000000000000000,0.0097010073411628,0.0000000000000000,16.8049041759401838,3.0000476745242359,1.999827,-0.090657,-1.9091707532678,1.8187023498542,0,4.1e-12
0.9961929114372565,0.0,0.0004309409569551,0.0000000000000000,0.0096995381374256,0.0000000000000000,16.8044263650219179,3.0000476868383266,1.999817,-0.096254,-1.9035626076258,1.8075094890454,0,3.2e-12
0.9961925747026149,0.0,0.0004350335108337,0.0000000000000000,0.0096980412602615,0.0000000000000000,16.8039387955092963,3.0000476993920620,1.999805,-0.102020,-1.8977855667464,1.7959804007737,0,5.1e-12
0.9961922314407723,0.0,0.0004391638901528,0.0000000000000000,0.0096965162066681,0.0000000000000000,16.8034412630573016,3.0000477121900739,1.999793,-0.107960,-1.8918330150711,1.7841019630879,0,2.9e-12
0.9961918815367803,0.0,0.0004433324168192,0.0000000000000000,0.0096949624649938,0.0000000000000000,16.8029335590100573,3.0000477252370858,1.999780,-0.114082,-1.8856980105250,1.7718604060197,0,3.6e-12
0.9961915248745626,0.0,0.0004475394159350,0.0000000000000000,0.0096933795147535,0.0000000000000000,16.8024154703099420,3.0000477385379103,1.999767,-0.120393,-1.8793732596898,1.7592412678499,0,4.3e-13
0.9961911613369653,0.0,0.0004517852160063,0.0000000000000000,0.0096917668264369,0.0000000000000000,16.8018867794047928,3.0000477520974504,1.999752,-0.126901,-1.8728511023366,1.7462293598551,0,2.6e-13
0.9961907908058116,0.0,0.0004560701491631,0.0000000000000000,0.0096901238613085,0.0000000000000000,16.8013472641531330,3.0000477659207072,1.999737,-0.133613,-1.8661234850747,1.7328087176880,0,1.9e-12
0.9961904131619659,0.0,0.0004603945514096,0.0000000000000000,0.0096884500711918,0.0000000000000000,16.8007966977273853,3.0000477800127761,1.999720,-0.140538,-1.8591819382483,1.7189625558957,0,3.2e-12
0.9961900282853976,0.0,0.0004647587628757,0.0000000000000000,0.0096867448982492,0.0000000000000000,16.8002348485150534,3.0000477943788524,1.999703,-0.147685,-1.8520175522848,1.7046732186991,0,4.9e-12
0.9961896360552563,0.0,0.0004691631281148,0.0000000000000000,0.0096850077747398,0.0000000000000000,16.7996614800177859,3.0000478090242311,1.999684,-0.155063,-1.8446209480552,1.6899221246470,0,2.7e-12
0.9961892363499506,0.0,0.0004736079963989,0.0000000000000000,0.0096832381227719,0.0000000000000000,16.7990763507482974,3.0000478239543140,1.999665,-0.162682,-1.8369822497796,1.6746897097372,0,2.4e-12
0.9961888290472348,0.0,0.0004780937220565,0.0000000000000000,0.0096814353540351,0.0000000000000000,16.7984792141251162,3.0000478391746062,1.999644,-0.170553,-1.8290910525377,1.6589553679304,0,1.9e-12
0.9961884140243008,0.0,0.0004826206648502,0.0000000000000000,0.0096795988695079,0.0000000000000000,16.7978698183651112,3.0000478546907243,1.999622,-0.178685,-1.8209363886846,1.6426973806843,0,8.7e-12
0.9961879911578877,0.0,0.0004871891902661,0.0000000000000000,0.0096777280591964,0.0000000000000000,16.7972479063734887,3.0000478705083951,1.999598,-0.187091,-1.8125066903329,1.6258928487782,0,6.1e-12
0.9961875603243785,0.0,0.0004917996700667,0.0000000000000000,0.0096758223017590,0.0000000000000000,16.7966132156319858,3.0000478866334612,1.999573,-0.195783,-1.8037897558604,1.6085176182985,0,7.6e-12
0.9961871213999275,0.0,0.0004964524826474,0.0000000000000000,0.0096738809642006,0.0000000000000000,16.7959654780840957,3.0000479030718838,1.999546,-0.204773,-1.7947727019677,1.5905461945282,0,6.1e-12
0.9961866742605850,0.0,0.0005011480135288,0.0000000000000000,0.0096719034015062,0.0000000000000000,16.7953044200181445,3.0000479198297434,1.999518,-0.214076,-1.7854419240631,1.5719516584162,0,6.9e-12
0.9961862187824349,0.0,0.0005058866558735,0.0000000000000000,0.0096698889562518,0.0000000000000000,16.7946297619477924,3.0000479369132482,1.999488,-0.223705,-1.7757830457204,1.5527055704144,0,5.1e-12
0.9961857548417409,0.0,0.0005106688110279,0.0000000000000000,0.0096678369581957,0.0000000000000000,16.7939412184899659,3.0000479543287333,1.999456,-0.233675,-1.7657808691809,1.5327778710773,0,7.1e-12
0.9961852823151051,0.0,0.0005154948891165,0.0000000000000000,0.0096657467238365,0.0000000000000000,16.7932384982401857,3.0000479720826658,1.999422,-0.244002,-1.7554193163891,1.5121367678100,0,4.8e-12
0.9961848010796378,0.0,0.0005203653096735,0.0000000000000000,0.0096636175559432,0.0000000000000000,16.7925213036451808,3.0000479901816504,1.999385,-0.254704,-1.7446813753317,1.4907486258656,0,3.4e-12
0.9961843110131375,0.0,0.0005252805023056,0.0000000000000000,0.0096614487430572,0.0000000000000000,16.7917893308727884,3.0000480086324313,1.999347,-0.265798,-1.7335490305715,1.4685778341305,0,5.3e-12
0.9961838119942856,0.0,0.0005302409074229,0.0000000000000000,0.0096592395589522,0.0000000000000000,16.7910422696789965,3.0000480274418986,1.999306,-0.277303,-1.7220031941744,1.4455866712937,0,3.0e-12
0.9961833039028540,0.0,0.0005352469770075,0.0000000000000000,0.0096569892620597,0.0000000000000000,16.7902798032721385,3.0000480466170929,1.999263,-0.289239,-1.7100236349552,1.4217351616006,0,4.6e-12
0.9961827866199263,0.0,0.0005402991754303,0.0000000000000000,0.0096546970948575,0.0000000000000000,16.7895016081741240,3.0000480661652089,1.999217,-0.301628,-1.6975888932712,1.3969809132280,0,3.3e-12
0.9961822600281324,0.0,0.0005453979803337,0.0000000000000000,0.0096523622832097,0.0000000000000000,16.7887073540786496,3.0000480860936030,1.999168,-0.314491,-1.6846761962940,1.3712789480053,0,3.1e-12
0.9961817240119034,0.0,0.0005505438835733,0.0000000000000000,0.0096499840356601,0.0000000000000000,16.7878967037062985,3.0000481064097966,1.999116,-0.327854,-1.6712613630913,1.3445815164126,0,3.7e-12
0.9961811784577377,0.0,0.0005557373922028,0.0000000000000000,0.0096475615426831,0.0000000000000000,16.7870693126564703,3.0000481271214841,1.999060,-0.341742,-1.6573187007892,1.3168378952941,0,3.4e-12
0.9961806232544882,0.0,0.0005609790295570,0.0000000000000000,0.0096450939758670,0.0000000000000000,16.7862248292560778,3.0000481482365391,1.999002,-0.356181,-1.6428208965043,1.2879941731405,0,2.6e-12
0.9961800582936661,0.0,0.0005662693363760,0.0000000000000000,0.0096425804870521,0.0000000000000000,16.7853628944048729,3.0000481697630184,1.998939,-0.371200,-1.6277388949302,1.2579930117300,0,2.3e-12
0.9961794834697646,0.0,0.0005716088720177,0.0000000000000000,0.0096400202073980,0.0000000000000000,16.7844831414173647,3.0000481917091735,1.998873,-0.386831,-1.6120417702066,1.2267733940161,0,3.0e-12
0.9961788986806034,0.0,0.0005769982157390,0.0000000000000000,0.0096374122463909,0.0000000000000000,16.7835851958612174,3.0000482140834568,1.998803,-0.403106,-1.5956965814674,1.1942703419857,0,3.2e-12
0.9961783038276940,0.0,0.0005824379680718,0.0000000000000000,0.0096347556907706,0.0000000000000000,16.7826686753920704,3.0000482368945276,1.998728,-0.420060,-1.5786682218428,1.1604146189243,0,3.5e-12
0.9961776988166292,0.0,0.0005879287522737,0.0000000000000000,0.0096320496033868,0.0000000000000000,16.7817331895846067,3.0000482601512632,1.998649,-0.437730,-1.5609192501156,1.1251324010738,0,2.8e-12
0.9961770835574916,0.0,0.0005934712158915,0.0000000000000000,0.0096292930219622,0.0000000000000000,16.7807783397599124,3.0000482838627662,1.998565,-0.456155,-1.5424097084499,1.0883449178490,0,1.1e-11
0.9961764579653029,0.0,0.0005990660323355,0.0000000000000000,0.0096264849578098,0.0000000000000000,16.7798037188086795,3.0000483080383775,1.998475,-0.475378,-1.5230969218107,1.0499680651363,0,7.7e-12
0.9961758219604724,0.0,0.0006047139027389,0.0000000000000000,0.0096236243943621,0.0000000000000000,16.7788089110108771,3.0000483326876846,1.998380,-0.495445,-1.5029352852576,1.0099119789603,0,7.0e-12
0.9961751754693003,0.0,0.0006104155577291,0.0000000000000000,0.0096207102856973,0.0000000000000000,16.7777934918507903,3.0000483578205315,1.998280,-0.516404,-1.4818760255676,0.9680805751487,0,5.9e-12
0.9961745184244979,0.0,0.0006161717594168,0.0000000000000000,0.0096177415549017,0.0000000000000000,16.7767570278280935,3.0000483834470333,1.998173,-0.538306,-1.4598669387683,0.9243710354752,0,6.3e-12
0.9961738507657399,0.0,0.0006219833034824,0.0000000000000000,0.0096147170923284,0.0000000000000000,16.7756990762644911,3.0000484095775866,1.998060,-0.561208,-1.4368521138180,0.8786732632040,0,6.2e-12
0.9961731724402535,0.0,0.0006278510213868,0.0000000000000000,0.0096116357537273,0.0000000000000000,16.7746191851058590,3.0000484362228859,1.997940,-0.585168,-1.4127716177499,0.8308692685488,0,7.1e-12
0.9961724834034384,0.0,0.0006337757827234,0.0000000000000000,0.0096084963582390,0.0000000000000000,16.7735168927197691,3.0000484633939339,1.997812,-0.610251,-1.3875611551541,0.7808325042120,0,4.9e-12
0.9961717836195270,0.0,0.0006397584976988,0.0000000000000000,0.0096052976862480,0.0000000000000000,16.7723917276882482,3.0000484911020617,1.997677,-0.636526,-1.3611516991775,0.7284271372290,0,7.0e-12
0.9961710730622810,0.0,0.0006458001197695,0.0000000000000000,0.0096020384770751,0.0000000000000000,16.7712432085956067,3.0000485193589412,1.997534,-0.664065,-1.3334690759768,0.6735072454183,0,4.2e-12
0.9961703517157321,0.0,0.0006519016484346,0.0000000000000000,0.0095987174265067,0.0000000000000000,16.7700708438111974,3.0000485481766046,1.997382,-0.692949,-1.3044335179832,0.6159159333981,0,3.9e-12
0.9961696195749647,0.0,0.0006580641321679,0.0000000000000000,0.0095953331841551,0.0000000000000000,16.7688741312669336,3.0000485775674623,1.997222,-0.723263,-1.2739591644323,0.5554843629737,0,1.0e-12
0.9961688766469383,0.0,0.0006642886716253,0.0000000000000000,0.0095918843505745,0.0000000000000000,16.7676525582295675,3.0000486075443260,1.997051,-0.755098,-1.2419535130608,0.4920306766316,0,3.7e-12
0.9961681229513790,0.0,0.0006705764228141,0.0000000000000000,0.0095883694742911,0.0000000000000000,16.7664056010669498,3.0000486381204245,1.996871,-0.788554,-1.2083168157969,0.4253588214980,0,3.3e-12
0.9961673585216949,0.0,0.0006769286007299,0.0000000000000000,0.0095847870484627,0.0000000000000000,16.7651327250091242,3.0000486693094297,1.996680,-0.823739,-1.1729414094322,0.3552572368484,0,1.7e-12
0.9961665834059676,0.0,0.0006833464829934,0.0000000000000000,0.0095811355074138,0.0000000000000000,16.7638333839029841,3.0000487011254817,1.996478,-0.860767,-1.1357109774359,0.2814974114176,0,1.3e-12
0.9961657976679925,0.0,0.0006898314137862,0.0000000000000000,0.0095774132228715,0.0000000000000000,16.7625070199609887,3.0000487335832151,1.996264,-0.899765,-1.0964997271661,0.2038322795751,0,2.5e-12
0.9961650013883822,0.0,0.0006963848079928,0.0000000000000000,0.0095736184999386,0.0000000000000000,16.7611530635034036,3.0000487666977831,1.996038,-0.940867,-1.0551714812973,0.1219944458685,0,9.3e-13
0.9961641946657348,0.0,0.0007030081555783,0.0000000000000000,0.0095697495727793,0.0000000000000000,16.7597709326939608,3.0000488004848931,1.995799,-0.984220,-1.0115786692711,0.0356942133550,0,3.6e-12
0.9961633776178728,0.0,0.0007097030262178,0.0000000000000000,0.0095658045999896,0.0000000000000000,16.7583600332686302,3.0000488349608321,1.995546,-1.029985,-0.9655612003722,-0.0553826104153,0,7.1e-13
0.9961625503831546,0.0,0.0007164710741999,0.0000000000000000,0.0095617816596280,0.0000000000000000,16.7569197582572755,3.0000488701425070,1.995279,-1.078334,-0.9169452183824,-0.1515771540655,0,4.8e-12
0.9961617131218635,0.0,0.0007233140435770,0.0000000000000000,0.0095576787439038,0.0000000000000000,16.7554494876978985,3.0000489060474771,1.994997,-1.129455,-0.8655416968682,-0.2532602065861,0,1.3e-12
0.9961608660176758,0.0,0.0007302337736705,0.0000000000000000,0.0095534937534432,0.0000000000000000,16.7539485883432882,3.0000489426939954,1.994699,-1.183554,-0.8111448920657,-0.3608352538169,0,9.2e-12
0.9961600092792359,0.0,0.0007372322047453,0.0000000000000000,0.0095492244912238,0.0000000000000000,16.7524164133593452,3.0000489801010479,1.994385,-1.240855,-0.7535305915572,-0.4747418731811,0,5.4e-12
0.9961591431417894,0.0,0.0007443113842471,0.0000000000000000,0.0095448686559210,0.0000000000000000,16.7508523020156979,3.0000490182884008,1.994054,-1.301600,-0.6924541708207,-0.5954595395006,0,3.7e-12
0.9961582678689559,0.0,0.0007514734731246,0.0000000000000000,0.0095404238349302,0.0000000000000000,16.7492555793669489,3.0000490572766476,1.993704,-1.366056,-0.6276484047533,-0.7235118812932,0,7.3e-12
0.9961573837545820,0.0,0.0007587207526733,0.0000000000000000,0.0095358874967805,0.0000000000000000,16.7476255559253566,3.0000490970872602,1.993336,-1.434515,-0.5588210078417,-0.8594714679766,0,8.5e-12
0.9961564911247180,0.0,0.0007660556317186,0.0000000000000000,0.0095312569830161,0.0000000000000000,16.7459615273238711,3.0000491377426464,1.992949,-1.507297,-0.4856518800652,-1.0039651814716,0,1.0e-11
0.9961555903397140,0.0,0.0007734806541883,0.0000000000000000,0.0095265294994926,0.0000000000000000,16.7442627739693712,3.0000491792662034,1.992541,-1.584751,-0.4077899909438,-1.1576802753571,0,1.1e-11
0.9961546817964463,0.0,0.0007809985071262,0.0000000000000000,0.0095217021070213,0.0000000000000000,16.7425285606855532,3.0000492216823873,1.992112,-1.667262,-0.3248498789233,-1.3213711923392,0,1.3e-11
0.9961537659306795,0.0,0.0007886120291436,0.0000000000000000,0.0095167717113271,0.0000000000000000,16.7407581363450433,3.0000492650167780,1.991660,-1.755253,-0.2364076849149,-1.4958672718739,0,1.5e-11
0.9961528432195841,0.0,0.0007963242193352,0.0000000000000000,0.0095117350522680,0.0000000000000000,16.7389507334901211,3.0000493092961515,1.991186,-1.849190,-0.1419966745172,-1.6820814635435,0,6.9e-12
0.9961519141843954,0.0,0.0008041382467701,0.0000000000000000,0.0095065886922021,0.0000000000000000,16.7371055679417857,3.0000493545485600,1.990689,-1.949587,-0.0411021581354,-1.8810201994584,0,4.9e-12
0.9961509793932668,0.0,0.0008120574603587,0.0000000000000000,0.0095013290035853,0.0000000000000000,16.7352218383959404,3.0000494008034169,-2.057011,1.990167,0.0668442691657,-2.0937945814224,0,8.1e-12
0.9961500394642815,0.0,0.0008200853994183,0.0000000000000000,0.0094959521555396,0.0000000000000000,16.7332987260068258,3.0000494480915827,-2.172091,1.989619,0.1824712842227,-2.3216331116401,0,6.6e-12
0.9961490950686726,0.0,0.0008282258047817,0.0000000000000000,0.0094904540994415,0.0000000000000000,16.7313353939564600,3.0000494964454658,-2.295521,1.989046,0.3064752903216,-2.5658961636252,0,5.0e-12
0.9961481469342446,0.0,0.0008364826305137,0.0000000000000000,0.0094848305534232,0.0000000000000000,16.7293309870095044,3.0000495458991283,-2.428074,1.988445,0.4396289252339,-2.8280924922748,0,4.8e-12
0.9961471958490231,0.0,0.0008448600563057,0.0000000000000000,0.0094790769856790,0.0000000000000000,16.7272846310527434,3.0000495964883918,-2.570608,1.987817,0.5827907858226,-3.1098980822051,0,6.8e-12
0.9961462426651446,0.0,0.0008533625005855,0.0000000000000000,0.0094731885964752,0.0000000000000000,16.7251954326182712,3.0000496482509669,-2.724077,1.987160,0.7369165576533,-3.4131777131620,0,7.9e-12
0.9961452883030024,0.0,0.0008619946343305,0.0000000000000000,0.0094671602987928,0.0000000000000000,16.7230624783894157,3.0000497012265765,-2.889546,1.986474,0.9030717673215,-3.7400096653230,0,5.4e-12
0.9961443337556739,0.0,0.0008707613957087,0.0000000000000000,0.0094609866974313,0.0000000000000000,16.7208848346883556,3.0000497554570993,-3.068205,1.985759,1.0824464401475,-4.0927140934117,0,7.6e-12
0.9961433800936479,0.0,0.0008796680055399,0.0000000000000000,0.0094546620664802,0.0000000000000000,16.7186615469442685,3.0000498109867206,-3.261384,1.985012,1.2763719796943,-4.4738856585889,0,7.8e-12
0.9961424284698723,0.0,0.0008887199836344,0.0000000000000000,0.0094481803250119,0.0000000000000000,16.7163916391407703,3.0000498678620957,-3.470574,1.984234,1.4863406050708,-4.8864311218073,0,7.8e-12
0.9961414801251532,0.0,0.0008979231660963,0.0000000000000000,0.0094415350108148,0.0000000000000000,16.7140741132412494,3.0000499261325255,-3.697451,1.983424,1.7140278324948,-5.3336127621904,0,9.7e-12
0.9961405363939309,0.0,0.0009072837236146,0.0000000000000000,0.0094347192520211,0.0000000000000000,16.7117079485905791,3.0000499858501462,-3.943899,1.982581,1.9613184976620,-5.8190985950195,0,1.2e-11
0.9961395987104606,0.0,0.0009168081808405,0.0000000000000000,0.0094277257364139,0.0000000000000000,16.7092921012915454,3.0000500470701370,-4.212041,1.981704,2.2303369282426,-6.3470205805667,0,1.2e-11
0.9961386686154372,0.0,0.0009265034368928,0.0000000000000000,0.0094205466782183,0.0000000000000000,16.7068255035541497,3.0000501098509416,-4.504276,1.980794,2.5234820389040,-6.9220422373876,0,1.1e-11
0.9961377477630932,0.0,0.0009363767870815,0.0000000000000000,0.0094131737821387,0.0000000000000000,16.7043070630157224,3.0000501742545076,-4.823317,1.979849,2.8434682020094,-7.5494373426473,0,9.8e-12
0.9961368379288187,0.0,0.0009464359459503,0.0000000000000000,0.0094055982043627,0.0000000000000000,16.7017356620296091,3.0000502403465479,-5.172241,1.978868,3.1933729732180,-8.2351817225053,0,9.2e-12
0.9961359410173413,0.0,0.0009566890716791,0.0000000000000000,0.0093978105102862,0.0000000000000000,16.6991101569198506,3.0000503081968266,-5.554544,1.977851,3.5766929440221,-8.9860605781356,0,5.2e-12
0.9961350590715139,0.0,0.0009671447920720,0.0000000000000000,0.0093898006285383,0.0000000000000000,16.6964293771992409,3.0000503778794623,-5.974206,1.976797,3.9974092439101,-9.8097942212920,0,4.2e-12
0.9961341942817760,0.0,0.0009778122319958,0.0000000000000000,0.0093815578011376,0.0000000000000000,16.6936921247471659,3.0000504494732616,-6.435770,1.975705,4.4600645481991,-10.7151857300299,0,7.6e-12
0.9961333489963320,0.0,0.0009887010426968,0.0000000000000000,0.0093730705291453,0.0000000000000000,16.6908971729442897,3.0000505230620838,-6.944429,1.974575,4.9698538626517,-11.7122947901019,0,6.6e-12
0.9961325257321272,0.0,0.0009998214329127,0.0000000000000000,0.0093643265135320,0.0000000000000000,16.6880432657596494,3.0000505987352355,-7.506136,1.973404,5.5327317583191,-12.8126428285981,0,5.6e-12
0.9961317271866866,0.0,0.0010111842020073,0.0000000000000000,0.0093553125906983,0.0000000000000000,16.6851291167859124,3.0000506765878971,-8.127732,1.972193,6.1555394356875,-14.0294556974508,0,7.3e-12
0.9961309562509031,0.0,0.0010228007752793,0.0000000000000000,0.0093460146620967,0.0000000000000000,16.6821534082176441,3.0000507567215955,-8.817094,1.970939,6.8461556252267,-15.3779515029052,0,8.0e-12
0.9961302160228702,0.0,0.0010346832416672,0.0000000000000000,0.0093364176172882,0.0000000000000000,16.6791147897668672,3.0000508392447123,-9.583316,1.969640,7.6136763476763,-16.8756829581293,0,9.3e-12
0.9961295098228536,0.0,0.0010468443939863,0.0000000000000000,0.0093265052497796,0.0000000000000000,16.6760118775094028,3.0000509242730469,-10.436925,1.968295,8.4686296101380,-18.5429456062391,0,8.4e-12
0.9961288412095306,0.0,0.0010592977720107,0.0000000000000000,0.0093162601647633,0.0000000000000000,16.6728432526544772,3.0000510119304256,-11.390134,1.966901,9.4232326032199,-20.4032660159936,0,5.2e-12
0.9961282139976160,0.0,0.0010720577085993,0.0000000000000000,0.0093056636778977,0.0000000000000000,16.6696074602291269,3.0000511023493761,-12.457156,1.965456,10.4917007556919,-22.4839873523906,0,8.4e-12
0.9961276322770296,0.0,0.0010851393792149,0.0000000000000000,0.0092946957040396,0.0000000000000000,16.6663030076675440,3.0000511956718641,-13.654575,1.963955,11.6906202634252,-24.8169737757268,0,7.4e-12
0.9961271004337716,0.0,0.0010985588551159,0.0000000000000000,0.0092833346347962,0.0000000000000000,16.6629283632941956,3.0000512920500979,-15.001794,1.962396,13.0393985233767,-27.4394604915054,0,7.3e-12
0.9961266231726934,0.0,0.0011123331606552,0.0000000000000000,0.0092715572034858,0.0000000000000000,16.6594819546875605,3.0000513916474310,-16.521584,1.960773,14.5608106944086,-30.3950827983174,0,1.3e-11
0.9961262055423790,0.0,0.0011264803350884,0.0000000000000000,0.0092593383360005,0.0000000000000000,16.6559621669095819,3.0000514946393362,-18.240747,1.959082,16.2816651281183,-33.7351260282351,0,1.2e-11
0.9961258529623899,0.0,0.0011410194993979,0.0000000000000000,0.0092466509857691,0.0000000000000000,16.6523673405832504,3.0000516012144969,-20.190933,1.957317,18.2336164149667,-37.5200489589984,0,8.4e-12
0.9961255712531476,0.0,0.0011559709286875,0.0000000000000000,0.0092334659507956,0.0000000000000000,16.6486957697979641,3.0000517115760101,-22.409632,1.955469,20.4541625610796,-41.8213470450898,0,1.5e-12
0.9961253666687827,0.0,0.0011713561308920,0.0000000000000000,0.0092197516703190,0.0000000000000000,16.6449456998191074,3.0000518259427200,-24.941405,1.953532,22.9878727113646,-46.7238399713308,0,5.2e-12
0.9961252459333245,0.0,0.0011871979323511,0.0000000000000000,0.0092054739985467,0.0000000000000000,16.6411153245734482,3.0000519445506977,-27.839401,1.951496,25.8879047233223,-52.3284902938382,0,6.8e-12
0.9961252162806661,0.0,0.0012035205714106,0.0000000000000000,0.0091905959520072,0.0000000000000000,16.6372027838783723,3.0000520676548983,-31.167240,1.949351,29.2178889592218,-58.7558908745704,0,6.2e-12
0.9961252854988051,0.0,0.0012203498008730,0.0000000000000000,0.0091750774269873,0.0000000000000000,16.6332061603758206,3.0000521955309969,-35.001361,1.947084,33.0542767188461,-66.1505969459646,0,8.2e-12
0.9961254619789544,0.0,0.0012377130006489,0.0000000000000000,0.0091588748825394,0.0000000000000000,16.6291234761256561,3.0000523284774556,-39.433964,1.944682,37.4892813125040,-74.6865306955629,0,1.0e-11
0.9961257203135246,0.0,0.0012538379445400,0.0000000000000000,0.0091436521235741,0.0000000000000000,16.6253697423032314,3.0000524528666217,-44.032075,1.942390,42.0896849960451,-83.5274523675851,0,9.1e-12
0.9961260810123790,0.0,0.0012704770004805,0.0000000000000000,0.0091277651668776,0.0000000000000000,16.6215350569014682,3.0000525821582125,-49.316114,1.939957,47.3761568488464,-93.6711520833212,0,4.6e-12
0.9961265005144346,0.0,0.0012859303913044,0.0000000000000000,0.0091128462432271,0.0000000000000000,16.6180092309951881,3.0000527030932651,-54.765315,1.937633,52.8276814442836,-104.1150904442238,0,1.0e-11
0.9961270175250392,0.0,0.0013018761951559,0.0000000000000000,0.0090972849368392,0.0000000000000000,16.6144072725593013,3.0000528287521391,-60.991332,1.935166,59.0561667750016,-116.0283334834946,0,3.4e-12
0.9961276396655924,0.0,0.0013183386516967,0.0000000000000000,0.0090810399651515,0.0000000000000000,16.6107273778012576,3.0000529594166618,-68.127348,1.932540,66.1948076458491,-129.6588379027567,0,8.4e-12
0.9961282830500159,0.0,0.0013333271311315,0.0000000000000000,0.0090660895621290,0.0000000000000000,16.6074112962416756,3.0000530792142182,-75.312931,1.930077,73.3828540153620,-143.3597762862673,0,4.4e-12
0.9961290227789156,0.0,0.0013487951966329,0.0000000000000000,0.0090504995816153,0.0000000000000000,16.6040234251491370,3.0000532036838248,-83.484267,1.927460,81.5568076775044,-158.9125529444109,0,5.6e-12
0.9961298660592619,0.0,0.0013647655386259,0.0000000000000000,0.0090342300782641,0.0000000000000000,16.6005620559527820,3.0000533330974442,-92.804561,1.924672,90.8798885807304,-176.6183832977567,0,7.8e-12
0.9961307209165644,0.0,0.0013796044199516,0.0000000000000000,0.0090189540798769,0.0000000000000000,16.5973790590074266,3.0000534541718507,-102.346339,1.922003,100.4243364161198,-194.7099384005569,0,2.4e-12
0.9961316742473140,0.0,0.0013949209479934,0.0000000000000000,0.0090030241851730,0.0000000000000000,16.5941269392430648,3.0000535799897770,-113.170862,1.919163,111.2516992632736,-215.1933213407883,0,2.3e-12
0.9961327331765690,0.0,0.0014107372689761,0.0000000000000000,0.0089864000843361,0.0000000000000000,16.5908040380126955,3.0000537108246506,-125.486819,1.916138,123.5706811380797,-238.4500138513686,0,1.2e-11
0.9961337622658297,0.0,0.0014251394673528,0.0000000000000000,0.0089711068594272,0.0000000000000000,16.5878092635020202,3.0000538307755127,-137.801018,1.913298,135.8877202719496,-261.6544065791168,0,2.3e-12
0.9961348881682747,0.0,0.0014400032482817,0.0000000000000000,0.0089551667719936,0.0000000000000000,16.5847492947873967,3.0000539553925640,-151.709191,1.910280,149.7989111951131,-287.8070003277826,0,1.8e-12
0.9961361176316290,0.0,0.0014553494503234,0.0000000000000000,0.0089385408858670,0.0000000000000000,16.5816225602038365,3.0000540849391313,-167.462042,1.907068,165.5549746896824,-317.3614381170955,0,5.7e-12
0.9961365525698420,0.0,0.0014605861670893,0.0000000000000000,0.0089328280651137,0.0000000000000000,16.5805631137986964,3.0000541293528618,-173.184212,1.905949,171.2782632200311,-328.0802187172776,0,3.8e-12
0.9961370064573843,0.0,0.0014659539722571,0.0000000000000000,0.0089269513139153,0.0000000000000000,16.5794810954772203,3.0000541749885921,-179.242012,1.904789,177.3372220664865,-339.4182957333542,0,3.7e-12
0.9961374801816804,0.0,0.0014714567173983,0.0000000000000000,0.0089209047731667,0.0000000000000000,16.5783760123264869,3.0000542218878015,-185.660602,1.903588,183.7570136252023,-351.4213172777636,0,3.8e-12
0.9961379746754226,0.0,0.0014770983965146,0.0000000000000000,0.0089146823140602,0.0000000000000000,16.5772473598529189,3.0000542700937878,-192.467431,1.902343,190.5650887548437,-364.1390061629390,0,4.4e-12
0.9961384909191644,0.0,0.0014828831528564,0.0000000000000000,0.0089082775223697,0.0000000000000000,16.5760946216485685,3.0000543196517766,-199.692482,1.901051,197.7914306602748,-377.6255868281551,0,3.7e-12
0.9961390299440942,0.0,0.0014888152862426,0.0000000000000000,0.0089016836815164,0.0000000000000000,16.5749172690430093,3.0000543706090315,-207.368539,1.899711,205.4688284978972,-391.9402600738249,0,4.2e-12
0.9961395928349867,0.0,0.0014948992606970,0.0000000000000000,0.0088948937545625,0.0000000000000000,16.5737147607390582,3.0000544230149675,-215.531505,1.898320,213.6331847483682,-407.1477380530159,0,2.0e-12
0.9961401807333689,0.0,0.0015011397127146,0.0000000000000000,0.0088879003647207,0.0000000000000000,16.5724865424321521,3.0000544769212838,-224.220737,1.896876,222.3238614254519,-423.3188429189286,0,9.5e-12
0.9961407948409061,0.0,0.0015075414600083,0.0000000000000000,0.0088806957744645,0.0000000000000000,16.5712320464113745,3.0000545323820949,-233.479445,1.895375,231.5840700147050,-440.5311811525753,0,6.0e-12
0.9961414364230281,0.0,0.0015141095108563,0.0000000000000000,0.0088732718630301,0.0000000000000000,16.5699506911410168,3.0000545894540789,-243.355128,1.893816,241.4613121808139,-458.8699021579341,0,3.8e-12
0.9961421068128218,0.0,0.0015208490740869,0.0000000000000000,0.0088656201021701,0.0000000000000000,16.5686418808210547,3.0000546481966328,-253.900073,1.892195,252.0078778667857,-478.4285540894198,0,2.7e-12
0.9961428074152108,0.0,0.0015277655697735,0.0000000000000000,0.0088577315299821,0.0000000000000000,16.5673050049248403,3.0000547086720468,-265.171920,1.890510,263.2814100079542,-499.3100505066686,0,4.8e-12
0.9961435397114496,0.0,0.0015348646406851,0.0000000000000000,0.0088495967226437,0.0000000000000000,16.5659394377120393,3.0000547709456811,-277.234301,1.888755,275.3455452643421,-521.6277655536396,0,2.9e-12
0.9961443052639662,0.0,0.0015421521645920,0.0000000000000000,0.0088412057638149,0.0000000000000000,16.5645445377147134,3.0000548350861669,-290.157572,1.886929,288.2706428207068,-545.5067723607281,0,7.5e-12
0.9961451057215822,0.0,0.0015496342674956,0.0000000000000000,0.0088325482114883,0.0000000000000000,16.5631196471941031,3.0000549011656186,-304.019642,1.885027,302.1346145793894,-571.0852535029044,0,4.6e-12
0.9961459428251521,0.0,0.0015573173378812,0.0000000000000000,0.0088236130620192,0.0000000000000000,16.5616640915654436,3.0000549692598657,-318.906918,1.883045,317.0238731475646,-598.5161014490441,0,3.7e-12
0.9961468184136660,0.0,0.0015652080421101,0.0000000000000000,0.0088143887110169,0.0000000000000000,16.5601771787877716,3.0000550394487058,-334.915395,1.880979,333.0344157789225,-627.9687457569526,0,1.4e-11
0.9961477344308610,0.0,0.0015733133410573,0.0000000000000000,0.0088048629107850,0.0000000000000000,16.5586581987152819,3.0000551118161716,-352.151891,1.878823,350.2730671531978,-659.6312387571161,0,3.3e-12
0.9961486929324106,0.0,0.0015816405082322,0.0000000000000000,0.0087950227237946,0.0000000000000000,16.5571064224066404,3.0000551864508367,-370.735481,1.876574,368.8589070899317,-693.7126413190126,0,2.2e-12
0.9961496960937302,0.0,0.0015901971493236,0.0000000000000000,0.0087848544720205,0.0000000000000000,16.5555211013871322,3.0000552634461313,-390.799139,1.874226,388.9249136607307,-730.4457599616435,0,5.3e-12
0.9961507462185055,0.0,0.0015989912236494,0.0000000000000000,0.0087743436812754,0.0000000000000000,16.5539014668596884,3.0000553429007053,-412.491632,1.871772,410.6198597036368,-770.0902917162020,0,3.4e-12
0.9961518457480072,0.0,0.0016080310675374,0.0000000000000000,0.0087634750201836,0.0000000000000000,16.5522467288582895,3.0000554249188087,-435.979714,1.869207,434.1105064112654,-812.9364447278058,0,4.7e-12
0.9961529972712977,0.0,0.0016173254199540,0.0000000000000000,0.0087522322330435,0.0000000000000000,16.5505560753375960,3.0000555096107235,-461.450671,1.866525,459.5841465884679,-859.3091200749477,0,2.9e-12
0.9961542035364453,0.0,0.0016268834506974,0.0000000000000000,0.0087405980657693,0.0000000000000000,16.5488286711911776,3.0000555970932323,-489.115279,1.863718,487.2515614724654,-909.5727473409061,0,3.1e-12
0.9961554674628792,0.0,0.0016367147914946,0.0000000000000000,0.0087285541840039,0.0000000000000000,16.5470636571896534,3.0000556874901361,-519.211245,1.860778,517.3504672111928,-964.1368978558457,0,7.6e-12
0.9961567921550436,0.0,0.0016468295704403,0.0000000000000000,0.0087160810823081,0.0000000000000000,16.5452601488287954,3.0000557809328283,-552.007242,1.857698,550.1495434945681,-1023.4628075440414,0,5.2e-12
0.9961581809175348,0.0,0.0016572384502618,0.0000000000000000,0.0087031579831642,0.0000000000000000,16.5434172350756938,3.0000558775609329,-587.807625,1.854469,585.9531559260124,-1088.0709882329684,0,1.1e-11
0.9961596372719411,0.0,0.0016679526710023,0.0000000000000000,0.0086897627243025,0.0000000000000000,16.5415339769993288,3.0000559775230120,-626.957990,1.851081,625.1069090170672,-1158.5501235320407,0,2.1e-12
0.9961611649756578,0.0,0.0016789840979366,0.0000000000000000,0.0086758716324372,0.0000000000000000,16.5396094062697543,3.0000560809773624,-669.851721,1.847525,668.0041967345231,-1235.5675050722493,0,1.4e-11
0.9961627680429560,0.0,0.0016903452753104,0.0000000000000000,0.0086614593816174,0.0000000000000000,16.5376425235057454,3.0000561880928998,-716.937742,1.843788,715.0939542534526,-1319.8813110133342,0,1.5e-11
0.9961644507687293,0.0,0.0017020494872917,0.0000000000000000,0.0086464988332009,0.0000000000000000,16.5356322964496059,3.0000562990501667,-768.729725,1.839860,766.8898652555580,-1412.3550912689534,0,1.9e-11
0.9961662177553325,0.0,0.0017141108271302,0.0000000000000000,0.0086309608547010,0.0000000000000000,16.5335776579410663,3.0000564140424606,-825.817064,1.835727,823.9813370159075,-1513.9749335428351,0,8.0e-12
0.9961680739430824,0.0,0.0017265442761475,0.0000000000000000,0.0086148141136685,0.0000000000000000,16.5314775036578787,3.0000565332771214,-888.878010,1.831376,887.0466343247070,-1625.8698497746373,0,5.5e-12
0.9961700246451031,0.0,0.0017393657945253,0.0000000000000000,0.0085980248419450,0.0000000000000000,16.5293306895841035,3.0000566569770020,-958.695452,1.826791,956.8686612116239,-1749.3361191889271,0,3.9e-12
0.9961720755873194,0.0,0.0017525924259987,0.0000000000000000,0.0085805565649792,0.0000000000000000,16.5271360291571057,3.0000567853821516,-1036.175962,1.821955,1034.3540066530329,-1885.8664302350953,0,6.5e-12
0.9961742329546690,0.0,0.0017662424196248,0.0000000000000000,0.0085623697889311,0.0000000000000000,16.5248922900357123,3.0000569187517563,-1122.372889,1.816852,1120.5560374471902,-2037.1849530085456,0,4.1e-12
0.9961765034447879,0.0,0.0017803353720226,0.0000000000000000,0.0085434216372333,0.0000000000000000,16.5225981904158878,3.0000570573663965,-1218.514494,1.811460,1216.7030346167608,-2205.2897261560429,0,6.0e-12
0.9961776029276195,0.0,0.0017870645836509,0.0000000000000000,0.0085343123665429,0.0000000000000000,16.5215108034271836,3.0000571238837352,-1267.142916,1.808841,1265.3340753592422,-2290.0595532467123,0,2.6e-12
0.9961787420346574,0.0,0.0017939734399142,0.0000000000000000,0.0085249181569633,0.0000000000000000,16.5203997651996453,3.0000571924001407,-1318.991454,1.806122,1317.1853327022363,-2380.2590745246271,0,2.6e-12
0.9961799225490913,0.0,0.0018010679840491,0.0000000000000000,0.0085152272573362,0.0000000000000000,16.5192645269168743,3.0000572629942872,-1374.335304,1.803298,1372.5320057185979,-2476.3359092782484,0,2.4e-11
0.9961811463576484,0.0,0.0018083545507434,0.0000000000000000,0.0085052272436110,0.0000000000000000,16.5181045242945004,3.0000573357491800,-1433.478541,1.800364,1431.6781775552492,-2578.7828975677257,0,1.6e-11
0.9961824154586697,0.0,0.0018158397876773,0.0000000000000000,0.0084949049652641,0.0000000000000000,16.5169191768908625,3.0000574107524898,-1496.757742,1.797314,1494.9604281402642,-2688.1435520637315,0,2.0e-11
0.9961837319710463,0.0,0.0018235306794048,0.0000000000000000,0.0084842464859271,0.0000000000000000,16.5157078873611702,3.0000574880969220,-1564.546119,1.794142,1562.7519769645696,-2805.0182460290380,0,6.1e-12
0.9961850981441331,0.0,0.0018314345738893,0.0000000000000000,0.0084732370174556,0.0000000000000000,16.5144700406482023,3.0000575678806314,-1637.258286,1.790842,1635.4674436678445,-2930.0713089073543,0,5.5e-12
0.9961865163687844,0.0,0.0018395592120955,0.0000000000000000,0.0084618608464769,0.0000000000000000,16.5132050031010422,3.0000576502076801,-1715.355743,1.787407,1713.5683358759359,-3064.0391635668930,0,8.0e-12
0.9961879891896863,0.0,0.0018479127611813,0.0000000000000000,0.0084501012521899,0.0000000000000000,16.5119121215128430,3.0000577351885496,-1799.353222,1.783830,1797.5693927135503,-3207.7396731071640,0,5.8e-12
0.9961895193191457,0.0,0.0018565038515903,0.0000000000000000,0.0084379404144598,0.0000000000000000,16.5105907220647019,3.0000578229407120,-1889.826039,1.780102,1888.0459370340354,-3362.0829001832753,0,2.8e-11
0.9961911096526265,0.0,0.0018653416190545,0.0000000000000000,0.0084253593101461,0.0000000000000000,16.5092401091641960,3.0000579135892766,-1987.418643,1.776215,1985.6424276639020,-3528.0835910500027,0,1.1e-11
0.9961927632862659,0.0,0.0018744357520078,0.0000000000000000,0.0084123375961920,0.0000000000000000,16.5078595641611656,3.0000580072677128,-2092.854598,1.772161,2091.0824364024434,-3706.8755806605332,0,7.9e-12
0.9961944835367299,0.0,0.0018837965454922,0.0000000000000000,0.0083988534770520,0.0000000000000000,16.5064483439225569,3.0000581041186738,-2206.948260,1.767929,2205.1803302749986,-3899.7286394373514,0,2.0e-11
0.9961962739638057,0.0,0.0018934349626517,0.0000000000000000,0.0083848835538167,0.0000000000000000,16.5050056792434887,3.0000582042949326,-2330.618510,1.763510,2328.8550005193633,-4108.0680760075338,0,1.4e-11
0.9961981383962202,0.0,0.0019033627051832,0.0000000000000000,0.0083704026517859,0.0000000000000000,16.5035307730672507,3.0000583079604453,-2464.904948,1.758890,2463.1460579516256,-4333.4977346472442,0,8.7e-12
0.9962000809613093,0.0,0.0019135922945605,0.0000000000000000,0.0083553836223201,0.0000000000000000,16.5020227984822014,3.0000584152915781,-2610.987082,1.754060,2609.2330221119983,-4577.8270598873496,0,4.1e-12
0.9962021061192202,0.0,0.0019241371658190,0.0000000000000000,0.0083397971144914,0.0000000000000000,16.5004808964538867,3.0000585264785133,-2770.207155,1.749004,2768.4581508595884,-4843.1030600266531,0,1.9e-11
0.9962042187026281,0.0,0.0019350117768310,0.0000000000000000,0.0083236113099625,0.0000000000000000,16.4989041732458013,3.0000586417268877,-2944.097445,1.743709,2942.3537362613711,-5131.6482574166730,0,1.0e-11
0.9962064239630528,0.0,0.0019462317360103,0.0000000000000000,0.0083067916139401,0.0000000000000000,16.4972916974671442,3.0000587612596927,-3134.413060,1.738158,3132.6749015413548,-5446.1059168977663,0,5.8e-11
0.9962087276252323,0.0,0.0019578139526198,0.0000000000000000,0.0082893002925399,0.0000000000000000,16.4956424966743320,3.0000588853195067,-3343.171557,1.732335,3341.4392220330037,-5789.4943146677688,0,3.0e-11
0.9962111359513182,0.0,0.0019697768145691,0.0000000000000000,0.0082710960449011,0.0000000000000000,16.4939555534323041,3.0000590141711236,-3572.701086,1.726221,3570.9748653258675,-6165.2720770565793,0,1.6e-11
0.9962136558172378,0.0,0.0019821404004144,0.0000000000000000,0.0082521334945078,0.0000000000000000,16.4922298007207289,3.0000591481046759,-3825.699252,1.719795,3823.9794573897439,-6577.4174655210227,0,4.6e-11
0.9962162948041435,0.0,0.0019949267336830,0.0000000000000000,0.0082323625804470,0.0000000000000000,16.4904641165363763,3.0000592874393681,-4105.305578,1.713033,4103.5925443495844,-7030.5252074114978,0,1.6e-11
0.9962190613088370,0.0,0.0020081600905483,0.0000000000000000,0.0082117278228818,0.0000000000000000,16.4886573175044546,3.0000594325279772,-4415.191366,1.705911,4413.4854546323159,-7529.9253737069666,0,4.2e-11
0.9962219646781604,0.0,0.0020218673747520,0.0000000000000000,0.0081901674298408,0.0000000000000000,16.4868081512540989,3.0000595837623214,-4759.672030,1.698401,4757.9736288056938,-8081.8308548424393,0,2.5e-11
0.9962250153741737,0.0,0.0020360785791164,0.0000000000000000,0.0081676122002281,0.0000000000000000,16.4849152872449523,3.0000597415799666,-5143.848747,1.690470,5142.1582774770304,-8693.5214619524777,0,1.7e-11
0.9962259413840929,0.0,0.0020403545771104,0.0000000000000000,0.0081607850197256,0.0000000000000000,16.4843506302959284,3.0000597892699763,-5265.123086,1.688055,5263.4350316234068,-8885.8160451948643,0,2.9e-11
0.9962268954271686,0.0,0.0020447420589334,0.0000000000000000,0.0081537602489038,0.0000000000000000,16.4837736177155314,3.0000598383017847,-5392.395038,1.685563,5390.7094750478418,-9087.2202529422939,0,4.5e-11
0.9962278786144658,0.0,0.0020492447253998,0.0000000000000000,0.0081465303683889,0.0000000000000000,16.4831839593044371,3.0000598887245618,-5526.060129,1.682991,5524.3771380759199,-9298.3078625369817,0,2.4e-11
0.9962288921187411,0.0,0.0020538664580633,0.0000000000000000,0.0081390874492117,0.0000000000000000,16.4825813565178017,3.0000599405900679,-5666.547230,1.680335,5664.8668944544161,-9519.6988515779376,0,2.3e-11
0.9962299371792808,0.0,0.0020586113328067,0.0000000000000000,0.0081314231207443,0.0000000000000000,16.4819655020892242,3.0000599939528483,-5814.322030,1.677593,5812.6444370613099,-9752.0641170851886,0,7.7e-12
0.9962310151072036,0.0,0.0020634836346505,0.0000000000000000,0.0081235285355940,0.0000000000000000,16.4813360796232082,3.0000600488704539,-5969.890939,1.674759,5968.2161797466897,-9996.1305215992033,0,1.0e-10
0.9962321272913754,0.0,0.0020684878743466,0.0000000000000000,0.0081153943304088,0.0000000000000000,16.4806927631553144,3.0000601054036800,-6133.805500,1.671831,6132.1336690296812,-10252.6868512406945,0,3.2e-11
0.9962332752049609,0.0,0.0020736288067110,0.0000000000000000,0.0081070105824947,0.0000000000000000,16.4800352166738726,3.0000601636168351,-6306.667373,1.668804,6304.9985687642939,-10522.5901770778000,0,3.1e-12
0.9962344604127227,0.0,0.0020789114510727,0.0000000000000000,0.0080983667614513,0.0000000000000000,16.4793630935993995,3.0000602235780396,-6489.133988,1.665673,6487.4683149033235,-10806.7733711674809,0,8.0e-11
0.9962356845791753,0.0,0.0020843411140991,0.0000000000000000,0.0080894516751777,0.0000000000000000,16.4786760362158802,3.0000602853595577,-6681.924977,1.662433,6680.2625436699127,-11106.2534908987582,0,5.2e-11
0.9962369494777199,0.0,0.0020899234153799,0.0000000000000000,0.0080802534093669,0.0000000000000000,16.4779736750476644,3.0000603490381703,-6885.829503,1.659080,6884.1704235814022,-11422.1411344110966,0,1.3e-11
0.9962382570009043,0.0,0.0020956643161548,0.0000000000000000,0.0080707592595614,0.0000000000000000,16.4772556281743086,3.0000604146955934,-7101.714646,1.655607,7100.0590387421144,-11755.6513469293714,0,5.9e-11
0.9962396091720154,0.0,0.0021015701518078,0.0000000000000000,0.0080609556543828,0.0000000000000000,16.4765215004753074,3.0000604824189456,-7330.535020,1.652010,7328.8830101421063,-12108.1159443855286,0,1.1e-10
0.9962410081581515,0.0,0.0021076476684490,0.0000000000000000,0.0080508280689962,0.0000000000000000,16.4757708827925526,3.0000605523012864,-7573.343846,1.648281,7571.6955652604320,-12480.9976369962096,0,5.7e-11
0.9962424562851095,0.0,0.0021139040646456,0.0000000000000000,0.0080403609265495,0.0000000000000000,16.4750033510009004,3.0000606244422126,-7831.305746,1.644414,7829.6613321312889,-12875.9062244929373,0,6.0e-11
0.9962439560543361,0.0,0.0021203470389096,0.0000000000000000,0.0080295374859834,0.0000000000000000,16.4742184649703916,3.0000606989485528,-8105.711568,1.640401,8104.0711670554292,-13294.6173715740442,0,2.2e-11
0.9962455101623361,0.0,0.0021269848440865,0.0000000000000000,0.0080183397135967,0.0000000000000000,16.4734157674038038,3.0000607759351481,-8397.995655,1.636235,8396.3594198453229,-13739.0942755639553,0,7.7e-11
0.9962471215229812,0.0,0.0021338263498656,0.0000000000000000,0.0080067481354579,0.0000000000000000,16.4725947825285637,3.0000608555257586,-8709.756019,1.631907,8708.1241114164495,-14211.5129587352276,0,6.1e-12
0.9962487932932957,0.0,0.0021408811150672,0.0000000000000000,0.0079947416668443,0.0000000000000000,16.4717550146191307,3.0000609378541050,-9042.778038,1.627408,9041.1506294522314,-14714.2916054800153,0,7.4e-11
0.9962505289033444,0.0,0.0021481594713775,0.0000000000000000,0.0079822974146142,0.0000000000000000,16.4708959463178495,3.0000610230650731,-9399.062404,1.622728,9397.4396759869796,-15250.1251609325409,0,8.8e-11
0.9962523320911515,0.0,0.0021556726212420,0.0000000000000000,0.0079693904463594,0.0000000000000000,16.4700170367210568,3.0000611113161284,-9780.858271,1.617857,9779.2404148760070,-15822.0262090861797,0,1.7e-10
0.9962542069436170,0.0,0.0021634327524960,0.0000000000000000,0.0079559935200124,0.0000000000000000,16.4691177191821581,3.0000612027789573,-10190.702760,1.612781,10189.0899787828439,-16433.3731821030378,0,6.2e-11
0.9962561579448505,0.0,0.0021714531738197,0.0000000000000000,0.0079420767645096,0.0000000000000000,16.4681973987807986,3.0000612976414196,-10631.468347,1.607489,10629.8608585030706,-17087.9677111133933,0,3.5e-11
0.9962581900335664,0.0,0.0021797484755345,0.0000000000000000,0.0079276073007322,0.0000000000000000,16.4672554493882615,3.0000613961098517,-11106.420049,1.601966,11104.8180833297793,-17790.1042281016707,0,2.3e-11
0.9962603086716918,0.0,0.0021883347217150,0.0000000000000000,0.0079125487885646,0.0000000000000000,16.4662912102439769,3.0000614984118239,-11619.284887,1.596196,11617.6886908707602,-18544.6529787182808,0,1.3e-10
0.9962625199270828,0.0,0.0021972296818025,0.0000000000000000,0.0078968608809815,0.0000000000000000,16.4653039819413358,3.0000616047994590,-12174.336924,1.590161,12172.7467627220558,-19357.1618244051933,0,7.2e-12
0.9962648305739080,0.0,0.0022064531114543,0.0000000000000000,0.0078804985618394,0.0000000000000000,16.4642930216841741,3.0000617155534535,-12776.502166,1.583844,12774.9183228836318,-20233.9803471565247,0,1.8e-10
0.9962672482157299,0.0,0.0022160270968347,0.0000000000000000,0.0078634113342087,0.0000000000000000,16.4632575376513017,3.0000618309880021,-13431.489128,1.577220,13429.9119077767464,-21182.4143251776695,0,1.9e-11
0.9962697814375981,0.0,0.0022259764796093,0.0000000000000000,0.0078455422178729,0.0000000000000000,16.4621966822436256,3.0000619514568769,-14145.952854,1.570267,14144.3825877010677,-22210.9171643704176,0,1.4e-11
0.9962724399962188,0.0,0.0022363293880380,0.0000000000000000,0.0078268264963610,0.0000000000000000,16.4611095439412232,3.0000620773610183,-14927.703188,1.562955,14926.1402322606064,-23329.3329363614321,0,4.4e-11
0.9962752350602216,0.0,0.0022471179072258,0.0000000000000000,0.0078071901346841,0.0000000000000000,16.4599951373987707,3.0000622091581088,-15785.972214,1.555255,15784.4169593026945,-24549.2049940079451,0,6.8e-11
0.9962781795177125,0.0,0.0022583789361693,0.0000000000000000,0.0077865477549259,0.0000000000000000,16.4588523913037044,3.0000623473748154,-16731.762159,1.547128,16730.2150313737475,-25884.1758138239384,0,1.2e-10
0.9962812883754276,0.0,0.0022701552986220,0.0000000000000000,0.0077648000102468,0.0000000000000000,16.4576801333629952,3.0000624926226482,-17778.304387,1.538533,17776.7658542675526,-27350.5102202594280,0,1.9e-10
0.9962845792848330,0.0,0.0022824972050236,0.0000000000000000,0.0077418301256216,0.0000000000000000,16.4564770715737403,3.0000626456188355,-18941.674657,1.529421,18940.1452359390423,-28967.7912538051605,0,1.4e-10
0.9962880732478240,0.0,0.0022954642101483,0.0000000000000000,0.0077174992603422,0.0000000000000000,16.4552417706556291,3.0000628072142703,-20241.632752,1.519732,20240.1130200475382,-30759.8645682036877,0,7.1e-11
0.9962917955822523,0.0,0.0023091278862901,0.0000000000000000,0.0076916401669789,0.0000000000000000,16.4539726221480151,3.0000629784316790,-21702.791871,1.509398,21701.2824734049427,-32756.1424203217030,0,5.0e-11
0.9962957772729223,0.0,0.0023235755551354,0.0000000000000000,0.0076640483247808,0.0000000000000000,16.4526678061915668,3.0000631605189212,-23356.285527,1.498331,23354.7871955957598,-34993.4479967355728,0,1.1e-10
0.9963000569117436,0.0,0.0023389156331347,0.0000000000000000,0.0076344692157098,0.0000000000000000,16.4513252424708831,3.0000633550253610,-25242.208371,1.486427,25240.7219442199676,-37518.6946149468422,0,4.3e-11
0.9963046835692849,0.0,0.0023552855191206,0.0000000000000000,0.0076025795073397,0.0000000000000000,16.4499425273433104,3.0000635639146287,-27413.304122,1.473551,27411.8305712368601,-40392.9005591273308,0,1.0e-10
0.9963097211987122,0.0,0.0023728636485652,0.0000000000000000,0.0075679582201383,0.0000000000000000,16.4485168544755886,3.0000637897370788,-29940.748197,1.459530,29939.2886663167337,-43697.4261501431465,0,1.1e-10
0.9963152556829804,0.0,0.0023918887028510,0.0000000000000000,0.0075300406365953,0.0000000000000000,16.4470449194444583,3.0000640359048925,-32923.627233,1.444133,32922.1830999470913,-47544.1034392118454,0,5.7e-11
0.9963178286575602,0.0,0.0024006337110716,0.0000000000000000,0.0075124541356167,0.0000000000000000,16.4463937749414733,3.0000641496668794,-34386.886736,1.436980,34385.4497564649500,-49411.2677642107010,0,1.8e-10
0.9963205626693725,0.0,0.0024098580755769,0.0000000000000000,0.0074937952355081,0.0000000000000000,16.4457246722125134,3.0000642700783211,-35996.710663,1.429384,35995.2812790700191,-51451.1143188476562,0,6.0e-10
0.9963234783880726,0.0,0.0024196194713876,0.0000000000000000,0.0074739280174362,0.0000000000000000,16.4450367577121348,3.0000643979605348,-37777.476589,1.421289,37776.0552997854247,-53690.7235791683197,0,4.8e-10
0.9963266011453266,0.0,0.0024299883117142,0.0000000000000000,0.0074526860557715,0.0000000000000000,16.4443291001896128,3.0000645343171537,-39759.773884,1.412629,39758.3612546728618,-56163.8117324113846,0,6.2e-10
0.9963299625102323,0.0,0.0024410519946054,0.0000000000000000,0.0074298621427849,0.0000000000000000,16.4436006879180923,3.0000646803951017,-41982.666072,1.403319,41981.2627530698519,-58913.0788621902466,0,7.0e-11
0.9963336025989363,0.0,0.0024529211024870,0.0000000000000000,0.0074051932392074,0.0000000000000000,16.4428504347433702,3.0000648377737251,-44497.073265,1.393254,44495.6800111736593,-61993.7080633640289,0,1.4e-10
0.9963375735699505,0.0,0.0024657387386498,0.0000000000000000,0.0073783377238017,0.0000000000000000,16.4420772067899534,3.0000650084992087,-47371.003878,1.382295,47369.6215824086685,-65478.7152969837189,0,1.6e-10
0.9963419451136810,0.0,0.0024796951063413,0.0000000000000000,0.0073488397086736,0.0000000000000000,16.4412798966078455,3.0000651952948534,-50697.975546,1.370262,50696.6052844019287,-69467.5013408660889,0,8.4e-11
0.9963468134571820,0.0,0.0024950512577579,0.0000000000000000,0.0073160705933057,0.0000000000000000,16.4404576079622267,3.0000654019043522,-54611.225709,1.356903,54609.8688061941502,-74100.1364762783051,0,4.8e-10
0.9963523169120790,0.0,0.0025121797452111,0.0000000000000000,0.0072791283400066,0.0000000000000000,16.4396101095271767,3.0000656336810057,-59309.089736,1.341861,59307.7478743005922,-79582.5807349681854,0,2.0e-10
0.9963586643831928,0.0,0.0025316383158860,0.0000000000000000,0.0072366532365330,0.0000000000000000,16.4387389858966060,3.0000658986598263,-65103.523081,1.324602,65102.1984792674339,-86234.2408022880554,0,6.4e-10
0.9963661913125424,0.0,0.0025543122219571,0.0000000000000000,0.0071864675873325,0.0000000000000000,16.4378507664189399,3.0000662096387765,-72520.746645,1.304273,72519.4423720239283,-94584.8327116966248,0,6.0e-11
0.9963754767335087,0.0,0.0025817043442774,0.0000000000000000,0.0071248258979833,0.0000000000000000,16.4369663476274788,3.0000665884585995,-82529.858790,1.279425,82528.5793641105556,-105588.7978172302246,0,8.3e-11
0.9963875859965048,0.0,0.0026165033901129,0.0000000000000000,0.0070448778800637,0.0000000000000000,16.4361530764409949,3.0000670745499409,-97096.191543,1.247454,97094.9440896068409,-121120.9938259124756,0,1.1e-10
0.9964042868979187,0.0,0.0026628663280121,0.0000000000000000,0.0069354191977141,0.0000000000000000,16.4356370307799011,3.0000677303524874,-120206.206202,1.204268,120205.0019332842057,-144758.5361137390137,0,3.2e-09
0.9964251175944274,0.0,0.0027182021497728,0.0000000000000000,0.0068001766279550,0.0000000000000000,16.4359213355043643,3.0000685248764030,-154362.703383,1.152079,154361.5513035751355,-177836.0994071960449,0,1.1e-10
0.9964424001706356,0.0,0.0027621450837048,0.0000000000000000,0.0066890292721271,0.0000000000000000,16.4368858055752725,3.0000691646202178,-187558.025170,1.110341,187556.9148293779872,-208251.3554534912109,0,1.2e-10
0.9964550963527793,0.0,0.0027933531223516,0.0000000000000000,0.0066079774393606,0.0000000000000000,16.4379862795015441,3.0000696235424980,-214924.654705,1.080644,214923.5740611802321,-232255.0012207031250,0,1.5e-09
0.9964652508331527,0.0,0.0028176869200764,0.0000000000000000,0.0065435106792124,0.0000000000000000,16.4390912257713815,3.0000699839589795,-238702.529919,1.057503,238701.4724155271833,-252426.7087783813477,0,1.2e-09
0.9964739171822287,0.0,0.0028380285059542,0.0000000000000000,0.0064887398557512,0.0000000000000000,16.4401843830668248,3.0000702869570923,-260358.882676,1.038193,260357.8444823735626,-270300.8899078369141,0,5.0e-12
0.9964816210618721,0.0,0.0028557903547039,0.0000000000000000,0.0064402410751275,0.0000000000000000,16.4412670948586062,3.0000705527917910,-280683.427504,1.021373,280682.4061311258702,-286680.4071578979492,0,1.6e-09
0.9964886558391203,0.0,0.0028717520551763,0.0000000000000000,0.0063961080464067,0.0000000000000000,16.4423432748660190,3.0000707926830570,-300137.093088,1.006299,300136.0867885678890,-302025.6544723510742,0,1.1e-09
0.9964952013510392,0.0,0.0028863874669565,0.0000000000000000,0.0063551743132986,0.0000000000000000,16.4434167342045896,3.0000710134693271,-319012.325234,0.992520,319011.3327136666630,-316624.2020034790039,0,9.3e-10
0.9965013759822445,0.0,0.0029000062419223,0.0000000000000000,0.0063166732187413,0.0000000000000000,16.4444907362166965,3.0000712196294730,-337507.664255,0.979741,337506.6845135347685,-330668.0925369262695,0,6.6e-10
0.9965072620476449,0.0,0.0029128221933153,0.0000000000000000,0.0062800724874170,0.0000000000000000,16.4455680086066955,3.0000714142625089,-355765.423272,0.967757,355764.4555147890933,-344292.4835739135742,0,1.4e-09
0.9965129193045706,0.0,0.0029249894534692,0.0000000000000000,0.0062449862912306,0.0000000000000000,16.4466508392084592,3.0000715996068674,-373892.258550,0.956421,373891.3021290662582,-357596.4822692871094,0,1.4e-09
0.9965183926743203,0.0,0.0029366230292572,0.0000000000000000,0.0062111250539484,0.0000000000000000,16.4477411707733339,3.0000717773361263,-391971.150531,0.945624,391970.2049067596090,-370655.2440185546875,0,1.7e-09
0.9965237169152394,0.0,0.0029478111885904,0.0000000000000000,0.0061782651003779,0.0000000000000000,16.4488406782231245,3.0000719487374741,-410068.766180,0.935281,410067.8308996044798,-383527.3961944580078,0,8.1e-10
0.9965289195872783,0.0,0.0029586232889664,0.0000000000000000,0.0061462294168879,0.0000000000000000,16.4499508283278537,3.0000721148246470,-428240.190260,0.925326,428239.2649337819894,-396259.7014160156250,0,1.3e-09
0.9965340230079276,0.0,0.0029691149253006,0.0000000000000000,0.0061148749662452,0.0000000000000000,16.4510729251704504,3.0000722764122885,-446532.079479,0.915706,446531.1637726158951,-408890.2867889404297,0,4.8e-10
0.9965389462590298,0.0,0.0029791304252824,0.0000000000000000,0.0060846923299317,0.0000000000000000,16.4521854045169071,3.0000724310589439,-464615.586530,0.906563,464614.6799675468937,-421201.1544036865234,0,8.5e-10
0.9965438084620117,0.0,0.0029889211379992,0.0000000000000000,0.0060549456364165,0.0000000000000000,16.4533119810710033,3.0000725826086994,-482895.027428,0.897663,482894.1297647458850,-433474.9292755126953,0,6.8e-10
0.9965485265938476,0.0,0.0029983273714221,0.0000000000000000,0.0060261381457135,0.0000000000000000,16.4544307394089238,3.0000727285591289,-501030.305885,0.889150,501029.4167349447380,-445489.1645507812500,0,5.5e-10
0.9965532099303839,0.0,0.0030075734280305,0.0000000000000000,0.0059975985961294,0.0000000000000000,16.4555652614839900,3.0000728723643628,-519417.013403,0.880820,519416.1325831460999,-457510.7459564208984,0,1.6e-09
0.9965578672337305,0.0,0.0030166794357980,0.0000000000000000,0.0059692717265064,0.0000000000000000,16.4567163493048412,3.0000730143252414,-538079.760219,0.872653,538078.8875664477237,-469554.8364257812500,0,2.9e-09
0.9965602106564038,0.0,0.0030212282145512,0.0000000000000000,0.0059550385787184,0.0000000000000000,16.4573039044946619,3.0000730853653179,-547612.147224,0.868588,547611.2786361248000,-475647.0908203125000,0,4.0e-09
0.9965625746398286,0.0,0.0030257946224605,0.0000000000000000,0.0059406940668911,0.0000000000000000,16.4579021430032881,3.0000731567656427,-557323.878464,0.864516,557323.0139472506708,-481813.6127014160156,0,2.5e-11
0.9965649599662846,0.0,0.0030303797086305,0.0000000000000000,0.0059262336975388,0.0000000000000000,16.4585113011070767,3.0000732285442955,-567220.316474,0.860438,567219.4560350924730,-488056.1783447265625,0,2.6e-09
0.9965673674229465,0.0,0.0030349845021169,0.0000000000000000,0.0059116529620407,0.0000000000000000,16.4591316197652944,3.0000733007191749,-577306.947057,0.856353,577306.0907037763391,-494376.7604064941406,0,4.0e-10
0.9965697978032384,0.0,0.0030396100140727,0.0000000000000000,0.0058969473284339,0.0000000000000000,16.4597633447324228,3.0000733733080360,-587589.388115,0.852260,587588.5358543528710,-500777.1904602050781,0,1.1e-10
0.9965722519079684,0.0,0.0030442572393892,0.0000000000000000,0.0058821122345661,0.0000000000000000,16.4604067266791034,3.0000734463285164,-598073.392751,0.848159,598072.5445915503660,-507259.3219909667969,0,3.8e-09
0.9965747305465106,0.0,0.0030489271583437,0.0000000000000000,0.0058671430809876,0.0000000000000000,16.4610620213141239,3.0000735197981694,-608764.853397,0.844049,608764.0093484097160,-513825.1560363769531,0,1.4e-10
0.9965772345379678,0.0,0.0030536207381292,0.0000000000000000,0.0058520352239778,0.0000000000000000,16.4617294895087412,3.0000735937344900,-619669.809864,0.839929,619668.9699356460478,-520476.4921875000000,0,6.7e-10
0.9965797647123261,0.0,0.0030583389342835,0.0000000000000000,0.0058367839686500,0.0000000000000000,16.4624093974236132,3.0000736681549451,-630794.451405,0.835799,630793.6156065275427,-527215.2452087402344,0,2.2e-09
0.9965823219116089,0.0,0.0030630826920334,0.0000000000000000,0.0058213845620738,0.0000000000000000,16.4631020166379862,3.0000737430769977,-642145.122513,0.831658,642144.2908550229622,-534043.3515319824219,0,2.7e-09
0.9965849069910322,0.0,0.0030678529475563,0.0000000000000000,0.0058058321864092,0.0000000000000000,16.4638076242815607,3.0000738185181333,-653728.328485,0.827507,653727.5009784640279,-540962.7546997070312,0,8.6e-10
0.9965875208201687,0.0,0.0030726506291696,0.0000000000000000,0.0057901219520055,0.0000000000000000,16.4645265031689334,3.0000738944958858,-665550.741043,0.823344,665549.9176984665683,-547975.2762756347656,0,3.0e-09
0.9965901642841205,0.0,0.0030774766584488,0.0000000000000000,0.0057742488904576,0.0000000000000000,16.4652589419368276,3.0000739710278639,-677619.200448,0.819169,677618.3812781063607,-555082.9428710937500,0,2.1e-09
0.9965928382847091,0.0,0.0030823319512838,0.0000000000000000,0.0057582079475754,0.0000000000000000,16.4660052351840811,3.0000740481317729,-689940.723773,0.814983,689939.9087903641630,-562287.6607971191406,0,5.5e-10
0.9965955437416808,0.0,0.0030872174188711,0.0000000000000000,0.0057419939762680,0.0000000000000000,16.4667656836146747,3.0000741258254413,-702522.508073,0.810783,702521.6972902695416,-569591.3318481445312,0,1.1e-10
0.9965982815939380,0.0,0.0030921339686551,0.0000000000000000,0.0057256017292793,0.0000000000000000,16.4675405941836885,3.0000742041268418,-715371.934912,0.806571,715371.1283413245110,-576995.9895935058594,0,6.8e-09
0.9966010528007838,0.0,0.0030970825051927,0.0000000000000000,0.0057090258518513,0.0000000000000000,16.4683302802466045,3.0000742830541194,-728496.577774,0.802345,728495.7754295414779,-584503.3583679199219,0,4.1e-10
0.9966038583432453,0.0,0.0031020639310546,0.0000000000000000,0.0056922608739207,0.0000000000000000,16.4691350617111425,3.0000743626256141,-741904.201430,0.798105,741903.4033243989106,-592115.6058349609375,0,2.0e-10
0.9966066992253326,0.0,0.0031070791475040,0.0000000000000000,0.0056753012026936,0.0000000000000000,16.4699552651939136,3.0000744428598813,-755602.771869,0.793852,755601.9780172487954,-599834.5649414062500,0,1.5e-09
0.9966095764754319,0.0,0.0031121290553001,0.0000000000000000,0.0056581411144232,0.0000000000000000,16.4707912241790417,3.0000745237757225,-769600.457593,0.789584,769599.6680092262104,-607662.2282104492188,0,6.3e-10
0.9966124911476898,0.0,0.0031172145553671,0.0000000000000000,0.0056407747462300,0.0000000000000000,16.4716432791811798,3.0000746053922045,-783905.635014,0.785302,783904.8497120260727,-615600.5183715820312,0,7.8e-10
0.9966154443234480,0.0,0.0031223365494294,0.0000000000000000,0.0056231960876123,0.0000000000000000,16.4725117779120183,3.0000746877286870,-798526.891640,0.781005,798526.1106351997005,-623651.3634643554688,0,6.0e-10
0.9966184371127251,0.0,0.0031274959405978,0.0000000000000000,0.0056053989716642,0.0000000000000000,16.4733970754507730,3.0000747708048450,-813473.030644,0.776693,813472.2539514818927,-631816.6655273437500,0,1.4e-09
0.9966214706557481,0.0,0.0031326936339067,0.0000000000000000,0.0055873770659765,0.0000000000000000,16.4742995344184706,3.0000748546406975,-828753.072360,0.772366,828752.2999947087374,-640098.3802490234375,0,1.1e-09
0.9966245461245337,0.0,0.0031379305367953,0.0000000000000000,0.0055691238632219,0.0000000000000000,16.4752195251564544,3.0000749392566317,-844376.259371,0.768023,844375.4913482256234,-648498.3788452148438,0,1.6e-09
0.9966276647245270,0.0,0.0031432075595371,0.0000000000000000,0.0055506326713646,0.0000000000000000,16.4761574259090473,3.0000750246734289,-860352.056744,0.763665,860351.2930794698186,-657018.6088867187500,0,1.2e-09
0.9966308276962895,0.0,0.0031485256155932,0.0000000000000000,0.0055318966035531,0.0000000000000000,16.4771136230106663,3.0000751109122925,-876690.156527,0.759291,876689.3972364165820,-665660.8631591796875,0,8.4e-11
0.9966340363172779,0.0,0.0031538856219570,0.0000000000000000,0.0055129085674216,0.0000000000000000,16.4780885110769795,3.0000751979948737,-893400.475554,0.754901,893399.7206525244983,-674427.0345458984375,0,4.4e-10
0.9966372919036210,0.0,0.0031592884993188,0.0000000000000000,0.0054936612543582,0.0000000000000000,16.4790824932016022,3.0000752859433026,-910493.158332,0.750495,910492.4078362128930,-683319.0050659179688,0,3.1e-09
0.9966405958120260,0.0,0.0031647351722625,0.0000000000000000,0.0054741471279531,0.0000000000000000,16.4800959811565519,3.0000753747802125,-927978.576401,0.746074,927977.8303271970944,-692338.4483642578125,0,2.2e-09
0.9966439494417108,0.0,0.0031702265693127,0.0000000000000000,0.0054543584122178,0.0000000000000000,16.4811293955981348,3.0000754645287731,-945867.325402,0.741636,945866.5837658453966,-701487.1877441406250,0,2.9e-10
0.9966473542364366,0.0,0.0031757636229430,0.0000000000000000,0.0054342870791358,0.0000000000000000,16.4821831662773519,3.0000755552127170,-964170.223022,0.737182,964169.4858397940407,-710766.9685058593750,0,3.1e-10
0.9966508116865427,0.0,0.0031813472693700,0.0000000000000000,0.0054139248361168,0.0000000000000000,16.4832577322562521,3.0000756468563723,-982898.305722,0.732712,982897.5730100626824,-720179.4645385742188,0,3.3e-10
0.9966543233311147,0.0,0.0031869784483434,0.0000000000000000,0.0053932631125444,0.0000000000000000,16.4843535421284884,3.0000757394846915,-1002062.822185,0.728226,1002062.0939589918125,-729726.3029174804688,0,2.1e-09
0.9966578907601772,0.0,0.0031926581027322,0.0000000000000000,0.0053722930460755,0.0000000000000000,16.4854710542457852,3.0000758331232840,-1021675.225911,0.723724,1021674.5021871812642,-739409.0900878906250,0,1.9e-09
0.9966615156169513,0.0,0.0031983871779686,0.0000000000000000,0.0053510054684071,0.0000000000000000,16.4866107369496007,3.0000759277984455,-1041747.166000,0.719207,1041746.4467933325795,-749229.3790893554688,0,4.6e-10
0.9966651996001774,0.0,0.0032041666213318,0.0000000000000000,0.0053293908905124,0.0000000000000000,16.4877730688081350,3.0000760235371917,-1062290.475063,0.714673,1062289.7603898253292,-759188.6217041015625,0,3.5e-09
0.9966689444664444,0.0,0.0032099973809655,0.0000000000000000,0.0053074394876566,0.0000000000000000,16.4889585388592685,3.0000761203672872,-1083317.156793,0.710124,1083316.4466681033373,-769287.9803466796875,0,8.7e-09
0.9966727520326303,0.0,0.0032158804047867,0.0000000000000000,0.0052851410835508,0.0000000000000000,16.4901676468580121,3.0000762183172798,-1104839.361257,0.705561,1104838.6556965413038,-779529.2065429687500,0,5.4e-09
0.9966766241783076,0.0,0.0032218166390338,0.0000000000000000,0.0052624851344898,0.0000000000000000,16.4914009035302023,3.0000763174165272,-1126869.372358,0.700982,1126868.6713759137783,-789913.4486083984375,0,6.7e-09
0.9966805628481503,0.0,0.0032278070265077,0.0000000000000000,0.0052394607132129,0.0000000000000000,16.4926588308314948,3.0000764176952295,-1149419.580782,0.696389,1149418.8843923460227,-800441.4476318359375,0,1.1e-09
0.9966845700543959,0.0,0.0032338525045739,0.0000000000000000,0.0052160564921517,0.0000000000000000,16.4939419622108225,3.0000765191844576,-1172502.447063,0.691782,1172501.7552801575512,-811114.6654052734375,0,2.6e-09
0.9966886478792063,0.0,0.0032399540026738,0.0000000000000000,0.0051922607269244,0.0000000000000000,16.4952508428794857,3.0000766219161759,-1196130.474816,0.687162,1196129.7876538289711,-821934.0059814453125,0,7.5e-10
0.9966903470935224,0.0,0.0032424815207848,0.0000000000000000,0.0051823511802993,0.0000000000000000,16.4957971129164420,3.0000766645632804,-1206015.701298,0.685257,1206015.0160409761593,-826429.2446289062500,0,5.7e-10
0.9966920798479272,0.0,0.0032450499104250,0.0000000000000000,0.0051722496271410,0.0000000000000000,16.4963546576300821,3.0000767079555728,-1216119.195756,0.683327,1216118.5124293707777,-831004.8907470703125,0,7.9e-09
0.9966938468455279,0.0,0.0032476597082393,0.0000000000000000,0.0051619521259480,0.0000000000000000,16.4969237101702682,3.0000767521055218,-1226445.854245,0.681371,1226445.1728738488164,-835662.3395996093750,0,7.2e-09
0.9966956488074596,0.0,0.0032503114549730,0.0000000000000000,0.0051514546336496,0.0000000000000000,16.4975045086018248,3.0000767970258395,-1237000.672551,0.679389,1236999.9931622238364,-840402.7017822265625,0,5.2e-09
0.9966974864734995,0.0,0.0032530056953808,0.0000000000000000,0.0051407530019307,0.0000000000000000,16.4980972960138814,3.0000768427294893,-1247788.745535,0.677382,1247788.0681529559661,-845227.0747070312500,0,3.9e-09
0.9966993606026482,0.0,0.0032557429780375,0.0000000000000000,0.0051298429737300,0.0000000000000000,16.4987023206313701,3.0000768892296921,-1258815.266262,0.675348,1258814.5909139285795,-850136.7579345703125,0,9.6e-10
0.9967012719738163,0.0,0.0032585238552550,0.0000000000000000,0.0051187201790990,0.0000000000000000,16.4993198359282793,3.0000769365399362,-1270085.526296,0.673289,1270084.8530070877168,-855132.8887939453125,0,3.5e-09
0.9967032213864504,0.0,0.0032613488828525,0.0000000000000000,0.0051073801313960,0.0000000000000000,16.4999501007443214,3.0000769846739819,-1281604.914593,0.671204,1281604.2433890930843,-860216.5426025390625,0,3.7e-10
0.9967052096612122,0.0,0.0032642186199542,0.0000000000000000,0.0050958182231338,0.0000000000000000,16.5005933794038668,3.0000770336458737,-1293378.916012,0.669093,1293378.2469192503486,-865389.0667724609375,0,5.5e-12
0.9967072376406748,0.0,0.0032671336287488,0.0000000000000000,0.0050840297217002,0.0000000000000000,16.5012499418376777,3.0000770834699444,-1305413.111079,0.666956,1305412.4441223908216,-870651.5566406250000,0,6.0e-09
0.9967093061900313,0.0,0.0032700944742094,0.0000000000000000,0.0050720097649706,0.0000000000000000,16.5019200637073737,3.0000771341608243,-1317713.170597,0.664794,1317712.5058029666543,-876005.4594726562500,0,7.7e-11
0.9967114161978231,0.0,0.0032731017237744,0.0000000000000000,0.0050597533567697,0.0000000000000000,16.5026040265327332,3.0000771857334532,-1330284.858980,0.662605,1330284.1963750508148,-881451.6143798828125,0,4.0e-09
0.9967135685766839,0.0,0.0032761559469874,0.0000000000000000,0.0050472553621952,0.0000000000000000,16.5033021178217680,3.0000772382030840,-1343134.024887,0.660391,1343133.3644958972000,-886991.4608154296875,0,5.4e-09
0.9967157642640945,0.0,0.0032792577150796,0.0000000000000000,0.0050345105028372,0.0000000000000000,16.5040146312037130,3.0000772915852925,-1356266.600145,0.658151,1356265.9419936039485,-892626.2163085937500,0,6.4e-10
0.9967180042231530,0.0,0.0032824076005045,0.0000000000000000,0.0050215133518504,0.0000000000000000,16.5047418665648813,3.0000773458959866,-1369688.596599,0.655885,1369687.9407140011899,-898356.8758544921875,0,1.3e-09
0.9967202894433517,0.0,0.0032856061764031,0.0000000000000000,0.0050082583289364,0.0000000000000000,16.5054841301874440,3.0000774011514162,-1383406.097754,0.653595,1383405.4441589226481,-904184.8251953125000,0,6.0e-09
0.9967226209413603,0.0,0.0032888540160021,0.0000000000000000,0.0049947396952196,0.0000000000000000,16.5062417348911410,3.0000774573681763,-1397425.254848,0.651278,1397424.6035700826906,-910110.9063720703125,0,2.7e-09
0.9967249997618167,0.0,0.0032921516919386,0.0000000000000000,0.0049809515480177,0.0000000000000000,16.5070150001778551,3.0000775145632201,-1411752.276708,0.648937,1411751.6277708185371,-916136.7796630859375,0,1.9e-09
0.9967274269781060,0.0,0.0032954997754845,0.0000000000000000,0.0049668878155977,0.0000000000000000,16.5078042523792341,3.0000775727538622,-1426393.424354,0.646571,1426392.7777828322724,-922263.2800292968750,0,4.5e-10
0.9967299036931438,0.0,0.0032988988356901,0.0000000000000000,0.0049525422518263,0.0000000000000000,16.5086098248070954,3.0000776319577906,-1441354.999400,0.644181,1441354.3552185986191,-928491.7148437500000,0,1.2e-09
0.9967324310401388,0.0,0.0033023494384065,0.0000000000000000,0.0049379084308494,0.0000000000000000,16.5094320579067428,3.0000776921930665,-1456643.332922,0.641767,1456642.6911558103748,-934823.1625976562500,0,6.2e-11
0.9967350101833378,0.0,0.0033058521451931,0.0000000000000000,0.0049229797417688,0.0000000000000000,16.5102712994131124,3.0000777534781360,-1472264.773680,0.639328,1472264.1343510649167,-941258.7518310546875,0,4.7e-09
0.9967376423187426,0.0,0.0033094075120902,0.0000000000000000,0.0049077493833775,0.0000000000000000,16.5111279045096317,3.0000778158318306,-1488225.671777,0.636867,1488225.0349096888676,-947799.8937988281250,0,1.9e-09
0.9967403286747797,0.0,0.0033130160882311,0.0000000000000000,0.0048922103590400,0.0000000000000000,16.5120022359897902,3.0000778792733738,-1504532.363397,0.634383,1504531.7290141345002,-954447.5432128906250,0,2.7e-09
0.9967430705129573,0.0,0.0033166784143378,0.0000000000000000,0.0048763554715193,0.0000000000000000,16.5128946644209051,3.0000779438223799,-1521191.153561,0.631876,1521190.5216845273972,-961202.7880859375000,0,7.1e-10
0.9967458691283754,0.0,0.0033203950209209,0.0000000000000000,0.0048601773185061,0.0000000000000000,16.5138055683109890,3.0000780094988571,-1538208.291335,0.629348,1538207.6619862304069,-968066.7563476562500,0,6.4e-09
0.9967487258502677,0.0,0.0033241664264224,0.0000000000000000,0.0048436682878064,0.0000000000000000,16.5147353342767680,3.0000780763232058,-1555589.949959,0.626799,1555589.3231598502025,-975040.8835449218750,0,6.4e-09
0.9967516420423377,0.0,0.0033279931349858,0.0000000000000000,0.0048268205535495,0.0000000000000000,16.5156843572146386,3.0000781443162117,-1573342.198061,0.624231,1573341.5738304283004,-982126.2038574218750,0,5.9e-09
0.9967546191030577,0.0,0.0033318756340833,0.0000000000000000,0.0048096260724153,0.0000000000000000,16.5166530404725052,3.0000782134990427,-1591470.971303,0.621643,1591470.3496606212575,-989324.1474609375000,0,5.7e-09
0.9967576584658140,0.0,0.0033358143918429,0.0000000000000000,0.0047920765805591,0.0000000000000000,16.5176417960230744,3.0000782838932376,-1609982.038281,0.619036,1609981.4192445736844,-996635.2038574218750,0,2.7e-10
0.9967607615988219,0.0,0.0033398098539920,0.0000000000000000,0.0047741635916294,0.0000000000000000,16.5186510446385562,3.0000783555206931,-1628880.963227,0.616413,1628880.3468141916674,-1004061.1464843750000,0,3.8e-09
0.9967639300049138,0.0,0.0033438624405521,0.0000000000000000,0.0047558783952918,0.0000000000000000,16.5196812160651803,3.0000784284036444,-1648173.067194,0.613774,1648172.4534206802491,-1011603.2866210937500,0,1.5e-09
0.9967671652210681,0.0,0.0033479725421274,0.0000000000000000,0.0047372120569864,0.0000000000000000,16.5207327491977729,3.0000785025646426,-1667863.377068,0.611120,1667862.7659482583404,-1019262.7724609375000,0,3.9e-09
0.9967704688176210,0.0,0.0033521405157288,0.0000000000000000,0.0047181554192331,0.0000000000000000,16.5218060922538932,3.0000785780265278,-1687956.580887,0.608453,1687955.9724337689113,-1027040.8198242187500,0,5.2e-10
0.9967738423972471,0.0,0.0033563666802573,0.0000000000000000,0.0046986991039768,0.0000000000000000,16.5229017029457204,3.0000786548123899,-1708456.965501,0.605775,1708456.3597260983661,-1034939.0617675781250,0,8.0e-09
0.9967772875935302,0.0,0.0033606513114429,0.0000000000000000,0.0046788335169736,0.0000000000000000,16.5240200486498594,3.0000787329455330,-1729368.357737,0.603088,1729367.7546496544965,-1042959.0122070312500,0,1.2e-08
0.9967808060689826,0.0,0.0033649946360896,0.0000000000000000,0.0046585488550196,0.0000000000000000,16.5251616065748159,3.0000788124494120,-1750694.054195,0.600393,1750693.4538015213329,-1051102.6013183593750,0,1.3e-09
0.9967843995128022,0.0,0.0033693968260216,0.0000000000000000,0.0046378351143240,0.0000000000000000,16.5263268639219376,3.0000788933475833,-1772436.743389,0.597693,1772436.1456960467622,-1059371.0466308593750,0,5.9e-10
0.9967880696378955,0.0,0.0033738579911768,0.0000000000000000,0.0046166821027399,0.0000000000000000,16.5275163180420819,3.0000789756636248,-1794598.426028,0.594990,1794597.8310378158931,-1067766.6257324218750,0,1.4e-09
0.9967918181772651,0.0,0.0033783781720258,0.0000000000000000,0.0045950794552517,0.0000000000000000,16.5287304765849647,3.0000790594210507,-1817180.316440,0.592288,1817179.7241522222757,-1076291.2346191406250,0,1.5e-09
0.9967956468797551,0.0,0.0033829573313564,0.0000000000000000,0.0045730166527545,0.0000000000000000,16.5299698576388714,3.0000791446432156,-1840182.749655,0.589588,1840182.1600672926288,-1084947.4016113281250,0,2.6e-09
0.9967995575048778,0.0,0.0033875953451569,0.0000000000000000,0.0045504830456910,0.0000000000000000,16.5312349898605682,3.0000792313531974,-1863605.065320,0.586895,1863604.4784258923028,-1093737.7336425781250,0,2.0e-09
0.9968035518167445,0.0,0.0033922919926993,0.0000000000000000,0.0045274678824213,0.0000000000000000,16.5325264125923290,3.0000793195736635,-1887445.492170,0.584212,1887444.9079584679566,-1102665.4819335937500,0,1.7e-09
0.9968076315769205,0.0,0.0033970469456988,0.0000000000000000,0.0045039603433524,0.0000000000000000,16.5338446759644562,3.0000794093267178,-1911701.014346,0.581542,1911700.4328033989295,-1111733.3259277343750,0,6.9e-11
0.9968117985361649,0.0,0.0034018597566051,0.0000000000000000,0.0044799495810606,0.0000000000000000,16.5351903409803995,3.0000795006337269,-1936367.234345,0.578892,1936366.6554529685527,-1120945.8298339843750,0,4.8e-09
0.9968159692835822,0.0,0.0034066328658313,0.0000000000000000,0.0044559154206789,0.0000000000000000,16.5365365061314336,3.0000795916606506,-1960937.929636,0.576317,1960937.3533192588948,-1130119.7910156250000,0,3.0e-09
0.9968201436153450,0.0,0.0034113661394067,0.0000000000000000,0.0044318582484569,0.0000000000000000,16.5378831784932991,3.0000796824076761,-1985402.593695,0.573819,1985402.0198762663640,-1139258.8649902343750,0,1.9e-09
0.9968218146642451,0.0,0.0034132486686553,0.0000000000000000,0.0044222269574495,0.0000000000000000,16.5384221093226635,3.0000797186359160,-1995158.504463,0.572841,1995157.9316226351075,-1142906.0893554687500,0,5.7e-09
0.9968235209392307,0.0,0.0034151636626455,0.0000000000000000,0.0044123920648813,0.0000000000000000,16.5389723145642265,3.0000797555698822,-2005096.955788,0.571856,2005096.3839325592853,-1146624.4206542968750,0,6.1e-09
0.9968252631638054,0.0,0.0034171114914917,0.0000000000000000,0.0044023493091526,0.0000000000000000,16.5395340294135806,3.0000797932219490,-2015220.070443,0.570864,2015219.4995788249653,-1150415.0505371093750,0,3.9e-10
0.9968270420730635,0.0,0.0034190925177110,0.0000000000000000,0.0043920943530503,0.0000000000000000,16.5401074939175956,3.0000798316046082,-2025529.885094,0.569866,2025529.3152272270527,-1154279.4484863281250,0,3.1e-09
0.9968288584134565,0.0,0.0034211070951811,0.0000000000000000,0.0043816227844036,0.0000000000000000,16.5406929530674951,3.0000798707304566,-2036028.341735,0.568863,2036027.7728719108272,-1158219.4704589843750,0,2.6e-09
0.9968307129425515,0.0,0.0034231555680738,0.0000000000000000,0.0043709301167466,0.0000000000000000,16.5412906568931284,3.0000799106121900,-2046717.273557,0.567855,2046716.7057017965708,-1162236.2919921875000,0,8.8e-09
0.9968326064286157,0.0,0.0034252382695824,0.0000000000000000,0.0043600117909401,0.0000000000000000,16.5419008605590925,3.0000799512625922,-2057598.400329,0.566842,2057597.8334866012447,-1166332.1250000000000,0,9.9e-09
0.9968345396502714,0.0,0.0034273555207178,0.0000000000000000,0.0043488631763276,0.0000000000000000,16.5425238244607193,3.0000799926945190,-2068673.303908,0.565827,2068672.7380805839784,-1170509.4538574218750,0,5.5e-09
0.9968365133959800,0.0,0.0034295076289060,0.0000000000000000,0.0043374795728376,0.0000000000000000,16.5431598143216512,3.0000800349208863,-2079943.410007,0.564809,2079942.8451982131228,-1174768.7541503906250,0,1.3e-08
0.9968385284634754,0.0,0.0034316948865267,0.0000000000000000,0.0043258562133141,0.0000000000000000,16.5438091012919095,3.0000800779546539,-2091409.998993,0.563790,2091409.4352028896101,-1179113.5612792968750,0,2.7e-11
0.9968405856591116,0.0,0.0034339175693542,0.0000000000000000,0.0043139882662960,0.0000000000000000,16.5444719620465861,3.0000801218088076,-2103074.149763,0.562770,2103073.5869934447110,-1183545.0664062500000,0,7.8e-09
0.9968426857971001,0.0,0.0034361759348817,0.0000000000000000,0.0043018708393661,0.0000000000000000,16.5451486788851696,3.0000801664963395,-2114936.745657,0.561751,2114936.1839064881206,-1188065.2250976562500,0,1.2e-08
0.9968448296986498,0.0,0.0034384702205451,0.0000000000000000,0.0042894989830096,0.0000000000000000,16.5458395398311850,3.0000802120302259,-2126998.461909,0.560734,2126997.9011757043190,-1192677.2963867187500,0,4.4e-09
0.9968470181909815,0.0,0.0034408006418219,0.0000000000000000,0.0042768676951386,0.0000000000000000,16.5465448387322063,3.0000802584234032,-2139259.722623,0.559720,2139259.1629030890763,-1197383.5659179687500,0,9.9e-09
0.9968492521062152,0.0,0.0034431673902122,0.0000000000000000,0.0042639719262818,0.0000000000000000,16.5472648753599962,3.0000803056887424,-2151720.687042,0.558710,2151720.1283316821791,-1202186.4252929687500,0,4.3e-09
0.9968515322801563,0.0,0.0034455706311319,0.0000000000000000,0.0042508065853042,0.0000000000000000,16.5479999555103632,3.0000803538390195,-2164381.234916,0.557707,2164380.6772091975436,-1207088.2724609375000,0,4.5e-09
0.9968538595508313,0.0,0.0034480105015722,0.0000000000000000,0.0042373665465096,0.0000000000000000,16.5487503911036455,3.0000804028868795,-2177240.937966,0.556711,2177240.3812542152591,-1212092.6923828125000,0,5.0e-09
0.9968562347570014,0.0,0.0034504871077724,0.0000000000000000,0.0042236466568079,0.0000000000000000,16.5495165002838043,3.0000804528448093,-2190299.018201,0.555725,2190298.4624753398821,-1217202.8193359375000,0,6.3e-09
0.9968586102651538,0.0,0.0034529504018154,0.0000000000000000,0.0042099218280399,0.0000000000000000,16.5502829651502772,3.0000805027086783,-2203289.994394,0.554770,2203289.4396238680929,-1222317.3383789062500,0,3.9e-09
0.9968610344175067,0.0,0.0034554501217737,0.0000000000000000,0.0041959125098460,0.0000000000000000,16.5510654342533670,3.0000805534909429,-2216474.449468,0.553827,2216473.8956412095577,-1227541.4526367187500,0,2.5e-09
0.9968635080352679,0.0,0.0034579862897481,0.0000000000000000,0.0041816135904618,0.0000000000000000,16.5518642384300669,3.0000806052033759,-2229850.674187,0.552899,2229850.1212884103879,-1232879.3427734375000,0,1.0e-09
0.9968660319336244,0.0,0.0034605588885366,0.0000000000000000,0.0041670199649830,0.0000000000000000,16.5526797150224709,3.0000806578574455,-2243416.525682,0.551987,2243415.9736951375380,-1238335.0717773437500,0,2.2e-09
0.9968686069194111,0.0,0.0034631678587355,0.0000000000000000,0.0041521265472304,0.0000000000000000,16.5535122079735153,3.0000807114642645,-2257169.402376,0.551095,2257168.8512809560634,-1243912.1831054687500,0,4.5e-09
0.9968712337885391,0.0,0.0034658130956928,0.0000000000000000,0.0041369282829518,0.0000000000000000,16.5543620679218293,3.0000807660345346,-2271106.195694,0.550224,2271105.6454696799628,-1249615.1586914062500,0,8.6e-10
0.9968739133231913,0.0,0.0034684944463339,0.0000000000000000,0.0041214201643503,0.0000000000000000,16.5552296522953775,3.0000808215784929,-2285223.274343,0.549378,2285222.7249651411548,-1255449.1821289062500,0,3.6e-09
0.9968766462887917,0.0,0.0034712117058855,0.0000000000000000,0.0041055972458876,0.0000000000000000,16.5561153254037094,3.0000808781058454,-2299516.452227,0.548560,2299515.9036672920920,-1261419.3701171875000,0,2.1e-08
0.9968793777160785,0.0,0.0034739097640410,0.0000000000000000,0.0040897774107574,0.0000000000000000,16.5570013755195191,3.0000809344771482,-2313692.885422,0.547786,2313692.3376353406347,-1267407.0405273437500,0,3.3e-09
0.9968821630207055,0.0,0.0034766428942330,0.0000000000000000,0.0040736393158642,0.0000000000000000,16.5579058901568104,3.0000809918335571,-2328034.657817,0.547046,2328034.1107712686062,-1273538.8383789062500,0,4.5e-09
0.9968850029001158,0.0,0.0034794107583249,0.0000000000000000,0.0040571783235816,0.0000000000000000,16.5588292474363463,3.0000810501830641,-2342536.088587,0.546340,2342535.5422466499731,-1279820.1904296875000,0,1.6e-08
0.9968878980231527,0.0,0.0034822129559637,0.0000000000000000,0.0040403899220846,0.0000000000000000,16.5597718326093712,3.0000811095328981,-2357190.812947,0.545674,2357190.2672729464248,-1286256.3671875000000,0,1.6e-09
0.9968908490260296,0.0,0.0034850490210878,0.0000000000000000,0.0040232697470671,0.0000000000000000,16.5607340381446129,3.0000811698894481,-2371991.779301,0.545052,2371991.2342494842596,-1292855.9931640625000,0,4.4e-09
0.9968938565080708,0.0,0.0034879184184328,0.0000000000000000,0.0040058136048520,0.0000000000000000,16.5617162638142688,3.0000812312581786,-2386931.152005,0.544476,2386930.6075294744223,-1299624.6616210937500,0,6.4e-09
0.9968969210272153,0.0,0.0034908205400506,0.0000000000000000,0.0039880174969574,0.0000000000000000,16.5627189167793745,3.0000812936435470,-2402000.327702,0.543952,2401999.7837498961017,-1306570.7011718750000,0,1.5e-08
0.9969000430953069,0.0,0.0034937547018866,0.0000000000000000,0.0039698776460128,0.0000000000000000,16.5637424116747987,3.0000813570489071,-2417189.883786,0.543484,2417189.3403020859696,-1313702.6933593750000,0,1.0e-08
0.9969032231731529,0.0,0.0034967201404205,0.0000000000000000,0.0039513905231518,0.0000000000000000,16.5647871706946361,3.0000814214764211,-2432489.527443,0.543078,2432488.9843653352000,-1321029.3754882812500,0,1.4e-08
0.9969064616654859,0.0,0.0034997160095209,0.0000000000000000,0.0039325528761401,0.0000000000000000,16.5658536236777394,3.0000814869269652,-2447888.071892,0.542738,2447887.5291539933532,-1328558.8266601562500,0,4.6e-09
0.9969096930557123,0.0,0.0035026811931017,0.0000000000000000,0.0039137452042280,0.0000000000000000,16.5669204358470772,3.0000815520739006,-2463066.034441,0.542474,2463065.4919672706164,-1336147.0322265625000,0,2.4e-09
0.9969129825123124,0.0,0.0035056749835468,0.0000000000000000,0.0038945875896756,0.0000000000000000,16.5680093790078367,3.0000816182285392,-2478321.351728,0.542285,2478320.8094433122315,-1343954.3427734375000,0,2.9e-09
0.9969163302724755,0.0,0.0035086963440838,0.0000000000000000,0.0038750776475505,0.0000000000000000,16.5691208981012466,3.0000816853882051,-2493640.784924,0.542176,2493640.2427483741194,-1351990.0830078125000,0,8.6e-09
0.9969197365009119,0.0,0.0035117441489641,0.0000000000000000,0.0038552133644280,0.0000000000000000,16.5702554459852465,3.0000817535486428,-2509010.150719,0.542154,2509009.6085651451722,-1360267.3701171875000,0,4.0e-09
0.9969231321090457,0.0,0.0035147560950415,0.0000000000000000,0.0038353969780534,0.0000000000000000,16.5713903219545209,3.0000818213249500,-2524109.068066,0.542223,2524108.5258436761796,-1368626.8110351562500,0,5.0e-09
0.9969265853990976,0.0,0.0035177922891406,0.0000000000000000,0.0038152291976828,0.0000000000000000,16.5725486845451115,3.0000818900780564,-2539232.411649,0.542387,2539231.8692625137046,-1377244.1889648437500,0,5.4e-09
0.9969300963350745,0.0,0.0035208514147332,0.0000000000000000,0.0037947090794821,0.0000000000000000,16.5737310023325790,3.0000819597996053,-2554363.995476,0.542655,2554363.4528212766163,-1386135.9570312500000,0,9.2e-10
0.9969336647940232,0.0,0.0035239320654587,0.0000000000000000,0.0037738361389214,0.0000000000000000,16.5749377521690064,3.0000820304794171,-2569486.662149,0.543033,2569486.1191168162040,-1395312.8710937500000,0,1.7e-08
0.9969372905616631,0.0,0.0035270327451790,0.0000000000000000,0.0037526103775314,0.0000000000000000,16.5761694193202445,3.0000821021054112,-2584582.379899,0.543529,2584581.8363709580153,-1404792.2910156250000,0,7.8e-09
0.9969409733283325,0.0,0.0035301518686576,0.0000000000000000,0.0037310323082737,0.0000000000000000,16.5774264976157788,3.0000821746635444,-2599632.114724,0.544150,2599631.5705744554289,-1414587.7358398437500,0,2.0e-09
0.9969447126853741,0.0,0.0035332877629541,0.0000000000000000,0.0037091029788100,0.0000000000000000,16.5787094896127414,3.0000822481377512,-2614616.007714,0.544905,2614615.4628091305494,-1424714.9614257812500,0,4.7e-09
0.9969485081219239,0.0,0.0035364386694840,0.0000000000000000,0.0036868239929120,0.0000000000000000,16.5800189067769210,3.0000823225098951,-2629513.308285,0.545803,2629512.7624822258949,-1435194.1865234375000,0,1.8e-08
0.9969523590224020,0.0,0.0035396027469672,0.0000000000000000,0.0036641975282645,0.0000000000000000,16.5813552696810440,3.0000823977597393,-2644302.386066,0.546852,2644301.8392141703516,-1446039.3515625000000,0,5.8e-09
0.9969561867949229,0.0,0.0035427150975076,0.0000000000000000,0.0036416845750647,0.0000000000000000,16.5826918300274286,3.0000824723496575,-2658672.032404,0.548036,2658671.4843672150746,-1457047.3061523437500,0,2.0e-08
0.9969600679728419,0.0,0.0035458376527882,0.0000000000000000,0.0036188342199342,0.0000000000000000,16.5840558575032802,3.0000825477691930,-2672900.155840,0.549384,2672899.6064559752122,-1468447.5668945312500,0,1.3e-09
0.9969640017052521,0.0,0.0035489684530194,0.0000000000000000,0.0035956499823995,0.0000000000000000,16.5854478916738124,3.0000826239936429,-2686964.120270,0.550906,2686963.5693637346849,-1480262.3129882812500,0,4.9e-09
0.9969679870382556,0.0,0.0035521054755046,0.0000000000000000,0.0035721359621315,0.0000000000000000,16.5868684820614050,3.0000827009962863,-2700840.582566,0.552611,2700840.0299558266997,-1492510.5371093750000,0,1.4e-08
0.9969714924883937,0.0,0.0035548358473279,0.0000000000000000,0.0035514315318775,0.0000000000000000,16.5881269991940243,3.0000827685426423,-2712732.142977,0.554249,2712731.5887274071574,-1503527.4379882812500,0,2.3e-08
0.9969750449782234,0.0,0.0035575753195468,0.0000000000000000,0.0035304280721361,0.0000000000000000,16.5894113747476091,3.0000828368195824,-2724479.354234,0.556045,2724478.7981893680990,-1514931.0859375000000,0,7.7e-09
0.9969786438417527,0.0,0.0035603223550597,0.0000000000000000,0.0035091282938936,0.0000000000000000,16.5907221209117957,3.0000829058073113,-2736063.978297,0.558006,2736063.4202907169238,-1526738.1186523437500,0,8.0e-09
0.9969822883407089,0.0,0.0035630753741299,0.0000000000000000,0.0034875353174999,0.0000000000000000,16.5920597597662933,3.0000829754845859,-2747467.340871,0.560142,2747466.7807283140719,-1538970.4677734375000,0,9.8e-09
0.9969859776655994,0.0,0.0035658327587873,0.0000000000000000,0.0034656526699656,0.0000000000000000,16.5934248235651616,3.0000830458287444,-2758670.468024,0.562462,2758669.9055620632134,-1551644.3891601562500,0,7.2e-09
0.9969897109374325,0.0,0.0035685928577370,0.0000000000000000,0.0034434842785898,0.0000000000000000,16.5948178550374017,3.0000831168157505,-2769654.001105,0.564972,2769653.4361330852844,-1564774.4414062500000,0,2.7e-08
0.9969934872098929,0.0,0.0035713539915835,0.0000000000000000,0.0034210344621147,0.0000000000000000,16.5962394077055357,3.0000831884202368,-2780398.375253,0.567681,2780397.8075715545565,-1578379.1494140625000,0,1.6e-08
0.9969972294541661,0.0,0.0035740598073920,0.0000000000000000,0.0033987606508579,0.0000000000000000,16.5976610316663979,3.0000832591802484,-2790678.879752,0.570543,2790678.3092086575925,-1592199.8959960937500,0,1.4e-08
0.9970010125814968,0.0,0.0035767644651609,0.0000000000000000,0.0033762164916892,0.0000000000000000,16.5991117400576584,3.0000833305108991,-2800696.053688,0.573613,2800695.4800744773820,-1606515.2812500000000,0,8.5e-09
0.9970042674049587,0.0,0.0035790667685738,0.0000000000000000,0.0033567985224146,0.0000000000000000,16.6003711721519416,3.0000833917168452,-2809008.758455,0.576404,2809008.1820515445434,-1619120.7333984375000,0,5.3e-10
0.9970075605358095,0.0,0.0035813730143054,0.0000000000000000,0.0033371309922093,0.0000000000000000,16.6016564465726759,3.0000834534884513,-2817128.944996,0.579372,2817128.3656250792556,-1632161.7998046875000,0,2.5e-08
0.9970108913718566,0.0,0.0035836820279779,0.0000000000000000,0.0033172165037608,0.0000000000000000,16.6029680812904452,3.0000835158082326,-2825042.098961,0.582518,2825041.5164429945871,-1645637.1674804687500,0,2.1e-08
0.9970139989327399,0.0,0.0035858148745992,0.0000000000000000,0.0032986169660017,0.0000000000000000,16.6042026873969562,3.0000835738054903,-2832150.338954,0.585591,2832149.7533624200150,-1658480.7329101562500,0,1.9e-08
0.9970167295653474,0.0,0.0035876720145805,0.0000000000000000,0.0032822573566110,0.0000000000000000,16.6052964777642309,3.0000836246518068,-2838175.954370,0.588405,2838175.3659648154862,-1669995.6342773437500,0,7.1e-09
0.9970193854960576,0.0,0.0035894631182500,0.0000000000000000,0.0032663307268178,0.0000000000000000,16.6063685771236536,3.0000836740022390,-2843837.457342,0.591243,2843836.8660993287340,-1681396.5112304687500,0,1.7e-08
0.9970220751213965,0.0,0.0035912616672682,0.0000000000000000,0.0032501872713620,0.0000000000000000,16.6074627572705822,3.0000837238727613,-2849369.051027,0.594220,2849368.4568072007969,-1693150.4042968750000,0,1.3e-08
0.9970247982303344,0.0,0.0035930669740755,0.0000000000000000,0.0032338275705635,0.0000000000000000,16.6085794660074022,3.0000837742548176,-2854761.355582,0.597342,2854760.7582405032590,-1705265.6108398437500,0,1.6e-08
0.9970271923972543,0.0,0.0035946412359271,0.0000000000000000,0.0032194312673740,0.0000000000000000,16.6095688576186902,3.0000838184594842,-2859328.169176,0.600176,2859327.5689998590387,-1716098.2573242187500,0,2.9e-08
0.9970295223568850,0.0,0.0035961616467357,0.0000000000000000,0.0032054094647076,0.0000000000000000,16.6105386735043190,3.0000838613960368,-2863615.006117,0.603020,2863614.4030968756415,-1726814.7275390625000,0,2.6e-09
0.9970318832448166,0.0,0.0035976905559081,0.0000000000000000,0.0031911897999558,0.0000000000000000,16.6115285088082594,3.0000839048189047,-2867799.679108,0.605983,2867799.0731245595962,-1737837.4448242187500,0,3.2e-08
0.9970340028663296,0.0,0.0035990532179567,0.0000000000000000,0.0031784131589596,0.0000000000000000,16.6124234384561227,3.0000839437321072,-2871419.293732,0.608719,2871418.6850128029473,-1747885.8222656250000,0,8.5e-10
0.9970361089097878,0.0,0.0036003977919902,0.0000000000000000,0.0031657088154961,0.0000000000000000,16.6133186010281690,3.0000839823280208,-2874886.556505,0.611507,2874885.9449983811937,-1758009.8930664062500,0,2.5e-08
0.9970376871937675,0.0,0.0036013993187569,0.0000000000000000,0.0031561818184908,0.0000000000000000,16.6139934041915964,3.0000840112073885,-2877400.007791,0.613644,2877399.3941475674510,-1765695.8032226562500,0,1.3e-08
0.9970392899941953,0.0,0.0036024110553251,0.0000000000000000,0.0031465013082561,0.0000000000000000,16.6146822147917064,3.0000840404959761,-2879877.955036,0.615850,2879877.3391861370765,-1773570.6816406250000,0,1.5e-08
0.9970408532023161,0.0,0.0036033926153167,0.0000000000000000,0.0031370545410477,0.0000000000000000,16.6153574773524291,3.0000840690226735,-2882221.892510,0.618045,2882221.2744647418149,-1781340.9970703125000,0,1.7e-08
0.9970421249731473,0.0,0.0036041874048564,0.0000000000000000,0.0031293650480522,0.0000000000000000,16.6159094035680148,3.0000840922028815,-2884075.654400,0.619861,2884075.0345390643924,-1787724.1381835937500,0,1.6e-08
0.9970429216720528,0.0,0.0036046835765894,0.0000000000000000,0.0031245461717501,0.0000000000000000,16.6162563369800225,3.0000841067111943,-2885212.600506,0.621011,2885211.9794949311763,-1791747.3022460937500,0,2.4e-08
0.9970431509231640,0.0,0.0036048261048614,0.0000000000000000,0.0031231592759215,0.0000000000000000,16.6163563369800222,3.0000841108841341,-2885536.298506,0.621341,2885535.6771648898721,-1792901.6401367187500,0,5.3e-10
0.9970433800002607,0.0,0.0036049684152709,0.0000000000000000,0.0031217733174883,0.0000000000000000,16.6164563369800220,3.0000841150530833,-2885858.110114,0.621675,2885857.4884389084764,-1794064.4575195312500,0,6.9e-08
0.9970436089034149,0.0,0.0036051105081318,0.0000000000000000,0.0031203882962184,0.0000000000000000,16.6165563369800218,3.0000841192180423,-2886178.472378,0.622012,2886177.8503672410734,-1795233.1181640625000,0,2.0e-07
0.9970438376326911,0.0,0.0036052523837496,0.0000000000000000,0.0031190042118968,0.0000000000000000,16.6166563369800215,3.0000841233790143,-2886496.425701,0.622346,2886495.8033547508530,-1796398.4155273437500,0,7.7e-08
0.9970440661881765,0.0,0.0036053940424490,0.0000000000000000,0.0031176210642168,0.0000000000000000,16.6167563369800213,3.0000841275360028,-2886812.986923,0.622683,2886812.3642408926971,-1797563.9604492187500,0,2.9e-09
0.9970442945699490,0.0,0.0036055354845448,0.0000000000000000,0.0031162388529063,0.0000000000000000,16.6168563369800211,3.0000841316890092,-2887127.720018,0.623018,2887127.0970002990216,-1798729.3105468750000,0,1.3e-08
0.9970445227780784,0.0,0.0036056767103466,0.0000000000000000,0.0031148575777366,0.0000000000000000,16.6169563369800208,3.0000841358380375,-2887440.348675,0.623350,2887439.7253240253776,-1799887.8369140625000,0,2.4e-07
0.9970447508126521,0.0,0.0036058177201760,0.0000000000000000,0.0031134772383738,0.0000000000000000,16.6170563369800242,3.0000841399830893,-2887751.721144,0.623694,2887751.0974507769570,-1801069.2768554687500,0,2.4e-08
0.9970449786737358,0.0,0.0036059585143382,0.0000000000000000,0.0031120978346121,0.0000000000000000,16.6171563369800239,3.0000841441241679,-2888061.082167,0.624030,2888060.4581376137212,-1802233.0678710937500,0,1.5e-08
0.9970452063614247,0.0,0.0036060990931597,0.0000000000000000,0.0031107193660938,0.0000000000000000,16.6172563369800237,3.0000841482612763,-2888368.626707,0.624367,2888368.0023408015259,-1803398.7358398437500,0,4.7e-08
0.9970454338757888,0.0,0.0036062394569490,0.0000000000000000,0.0031093418325945,0.0000000000000000,16.6173563369800235,3.0000841523944159,-2888674.445024,0.624705,2888673.8203185764141,-1804568.1845703125000,0,3.9e-08
0.9970456612169107,0.0,0.0036063796060207,0.0000000000000000,0.0031079652337915,0.0000000000000000,16.6174563369800232,3.0000841565235907,-2888978.452306,0.625043,2888977.8272617342882,-1805737.0195312500000,0,1.4e-09
0.9970458883848710,0.0,0.0036065195406901,0.0000000000000000,0.0031065895694111,0.0000000000000000,16.6175563369800230,3.0000841606488033,-2889280.687623,0.625380,2889280.0622412441298,-1806902.2939453125000,0,7.9e-09
0.9970461153797491,0.0,0.0036066592612695,0.0000000000000000,0.0031052148391540,0.0000000000000000,16.6176563369800228,3.0000841647700560,-2889581.202352,0.625730,2889580.5766235063784,-1808090.9711914062500,0,3.7e-09
0.9970463422016520,0.0,0.0036067987680930,0.0000000000000000,0.0031038410426383,0.0000000000000000,16.6177563369800225,3.0000841688873523,-2889879.997970,0.626069,2889879.3719023615122,-1809259.3193359375000,0,6.0e-08
0.9970465688506317,0.0,0.0036069380614512,0.0000000000000000,0.0031024681796732,0.0000000000000000,16.6178563369800223,3.0000841730006931,-2890177.039659,0.626413,2890176.4132466968149,-1810440.7099609375000,0,1.0e-07
0.9970467953267876,0.0,0.0036070771416695,0.0000000000000000,0.0031010962498758,0.0000000000000000,16.6179563369800221,3.0000841771100837,-2890472.374897,0.626759,2890471.7481400026008,-1811622.9799804687500,0,2.1e-07
0.9970470216301992,0.0,0.0036072160090611,0.0000000000000000,0.0030997252529951,0.0000000000000000,16.6180563369800218,3.0000841812155259,-2890765.499417,0.627094,2890764.8723224145360,-1812781.6083984375000,0,6.8e-08
0.9970472477609579,0.0,0.0036073546639440,0.0000000000000000,0.0030983551886447,0.0000000000000000,16.6181563369800216,3.0000841853170219,-2891057.729530,0.627444,2891057.1020869854838,-1813971.4584960937500,0,4.5e-07
0.9970474737191409,0.0,0.0036074931066261,0.0000000000000000,0.0030969860565706,0.0000000000000000,16.6182563369800214,3.0000841894145753,-2891347.193564,0.627785,2891346.5657795956358,-1815141.9926757812500,0,3.3e-08
0.9970476995048603,0.0,0.0036076313374395,0.0000000000000000,0.0030956178563052,0.0000000000000000,16.6183563369800211,3.0000841935081888,-2891634.865010,0.628124,2891634.2368851634674,-1816305.4819335937500,0,5.2e-07
0.9970479251181558,0.0,0.0036077693566702,0.0000000000000000,0.0030942505877726,0.0000000000000000,16.6184563369800209,3.0000841975978640,-2891922.430057,0.628480,2891921.8015774902888,-1817511.0053710937500,0,4.8e-07
0.9970481505591641,0.0,0.0036079071646607,0.0000000000000000,0.0030928842503860,0.0000000000000000,16.6185563369800242,3.0000842016836056,-2892206.490795,0.628821,2892205.8619744153693,-1818676.2905273437500,0,6.0e-08
0.9970483758279435,0.0,0.0036080447617087,0.0000000000000000,0.0030915188439686,0.0000000000000000,16.6186563369800240,3.0000842057654156,-2892489.566039,0.629165,2892488.9368730178103,-1819853.1333007812500,0,5.1e-08
0.9970486009245946,0.0,0.0036081821481354,0.0000000000000000,0.0030901543681169,0.0000000000000000,16.6187563369800237,3.0000842098432967,-2892770.697552,0.629516,2892770.0680370666087,-1821040.9614257812500,0,1.4e-08
0.9970488258491979,0.0,0.0036083193242496,0.0000000000000000,0.0030887908225391,0.0000000000000000,16.6188563369800235,3.0000842139172526,-2893050.484049,0.629862,2893049.8541864864528,-1822221.5400390625000,0,1.4e-07
0.9970490506018568,0.0,0.0036084562903734,0.0000000000000000,0.0030874282068137,0.0000000000000000,16.6189563369800233,3.0000842179872853,-2893328.139248,0.630209,2893327.5090366308577,-1823405.0844726562500,0,6.9e-09
0.9970492751826919,0.0,0.0036085930468445,0.0000000000000000,0.0030860665204754,0.0000000000000000,16.6190563369800230,3.0000842220533976,-2893604.124972,0.630560,2893603.4944116626866,-1824590.1372070312500,0,3.3e-08
0.9970494995917301,0.0,0.0036087295939295,0.0000000000000000,0.0030847057634482,0.0000000000000000,16.6191563369800228,3.0000842261155931,-2893878.527695,0.630909,2893877.8967855437659,-1825772.7314453125000,0,5.6e-08
0.9970497238290982,0.0,0.0036088659319684,0.0000000000000000,0.0030833459352079,0.0000000000000000,16.6192563369800226,3.0000842301738744,-2894151.799829,0.631268,2894151.1685636662878,-1826976.9541015625000,0,5.9e-07
0.9970499478948880,0.0,0.0036090020612744,0.0000000000000000,0.0030819870354410,0.0000000000000000,16.6193563369800223,3.0000842342282441,-2894421.993927,0.631614,2894421.3623141767457,-1828152.5844726562500,0,2.9e-08
0.9970501717891921,0.0,0.0036091379821613,0.0000000000000000,0.0030806290637436,0.0000000000000000,16.6194563369800221,3.0000842382787059,-2894691.193919,0.631963,2894690.5619560182095,-1829336.3369140625000,0,3.4e-08
0.9970503955120992,0.0,0.0036092736949396,0.0000000000000000,0.0030792720197869,0.0000000000000000,16.6195563369800219,3.0000842423252623,-2894958.691802,0.632313,2894958.0594894001260,-1830517.2509765625000,0,9.5e-08
0.9970506190637169,0.0,0.0036094091999323,0.0000000000000000,0.0030779159031312,0.0000000000000000,16.6196563369800216,3.0000842463679165,-2895224.441662,0.632666,2895223.8089952259324,-1831709.4687500000000,0,2.4e-08
0.9970508424441206,0.0,0.0036095444974401,0.0000000000000000,0.0030765607135040,0.0000000000000000,16.6197563369800214,3.0000842504066703,-2895488.462810,0.633021,2895487.8297884725034,-1832903.4521484375000,0,8.3e-09
0.9970510656534213,0.0,0.0036096795877870,0.0000000000000000,0.0030752064504460,0.0000000000000000,16.6198563369800212,3.0000842544415280,-2895750.892192,0.633379,2895750.2588138212450,-1834103.1113281250000,0,6.1e-09
0.9970512886917134,0.0,0.0036098144712860,0.0000000000000000,0.0030738531135876,0.0000000000000000,16.6199563369800210,3.0000842584724925,-2896011.549075,0.633730,2896010.9153449842706,-1835288.1508789062500,0,1.1e-08
0.9970515115590969,0.0,0.0036099491482524,0.0000000000000000,0.0030725007025230,0.0000000000000000,16.6200563369800207,3.0000842624995654,-2896270.627295,0.634089,2896269.9932064362802,-1836489.4487304687500,0,9.9e-08
0.9970517342556674,0.0,0.0036100836190007,0.0000000000000000,0.0030711492168934,0.0000000000000000,16.6201563369800240,3.0000842665227516,-2896528.104265,0.634449,2896527.4698189720511,-1837690.0292968750000,0,2.8e-07
0.9970519567815097,0.0,0.0036102178838319,0.0000000000000000,0.0030697986563303,0.0000000000000000,16.6202563369800238,3.0000842705420530,-2896783.684070,0.634800,2896783.0492700715549,-1838875.4941406250000,0,2.4e-07
0.9970521791367325,0.0,0.0036103519430680,0.0000000000000000,0.0030684490204102,0.0000000000000000,16.6203563369800236,3.0000842745574725,-2897037.240595,0.635151,2897036.6054435996339,-1840054.4497070312500,0,1.3e-08
0.9970524013214312,0.0,0.0036104857970207,0.0000000000000000,0.0030671003087517,0.0000000000000000,16.6204563369800233,3.0000842785690134,-2897289.389212,0.635516,2897288.7536963680759,-1841269.7656250000000,0,6.5e-09
0.9970526233357252,0.0,0.0036106194460164,0.0000000000000000,0.0030657525208591,0.0000000000000000,16.6205563369800231,3.0000842825766796,-2897539.862957,0.635869,2897539.2270870171487,-1842456.7412109375000,0,6.9e-09
0.9970528451796894,0.0,0.0036107528903531,0.0000000000000000,0.0030644056564545,0.0000000000000000,16.6206563369800229,3.0000842865804724,-2897789.798426,0.636233,2897789.1621937341988,-1843665.9790039062500,0,9.1e-07
0.9970530668534469,0.0,0.0036108861303523,0.0000000000000000,0.0030630597149877,0.0000000000000000,16.6207563369800226,3.0000842905803959,-2898035.864225,0.636585,2898035.2276390097104,-1844846.8173828125000,0,1.0e-07
0.9970532883570831,0.0,0.0036110191663240,0.0000000000000000,0.0030617146961611,0.0000000000000000,16.6208563369800224,3.0000842945764528,-2898281.861622,0.636946,2898281.2246753270738,-1846049.8173828125000,0,3.0e-07
0.9970535096907035,0.0,0.0036111519985790,0.0000000000000000,0.0030603705995212,0.0000000000000000,16.6209563369800222,3.0000842985686464,-2898525.312704,0.637310,2898524.6753942198120,-1847255.6655273437500,0,2.8e-09
0.9970537308544092,0.0,0.0036112846274309,0.0000000000000000,0.0030590274246572,0.0000000000000000,16.6210563369800219,3.0000843025569797,-2898767.500194,0.637670,2898766.8625237382948,-1848454.6030273437500,0,5.2e-08
0.9970539518483081,0.0,0.0036114170531964,0.0000000000000000,0.0030576851711346,0.0000000000000000,16.6211563369800217,3.0000843065414560,-2899008.109289,0.638031,2899007.4712576800957,-1849656.3105468750000,0,1.5e-07
0.9970541726725021,0.0,0.0036115492761839,0.0000000000000000,0.0030563438385040,0.0000000000000000,16.6212563369800215,3.0000843105220780,-2899246.673805,0.638398,2899246.0354083194397,-1850866.6025390625000,0,4.9e-08
0.9970543933270966,0.0,0.0036116812967098,0.0000000000000000,0.0030550034263577,0.0000000000000000,16.6213563369800212,3.0000843144988485,-2899483.923185,0.638755,2899483.2844304004684,-1852057.5732421875000,0,2.7e-08
0.9970546138121930,0.0,0.0036118131150836,0.0000000000000000,0.0030536639342727,0.0000000000000000,16.6214563369800210,3.0000843184717709,-2899719.552929,0.639115,2899718.9138133036904,-1853255.0371093750000,0,1.3e-08
0.9970548341278981,0.0,0.0036119447316181,0.0000000000000000,0.0030523253617987,0.0000000000000000,16.6215563369800208,3.0000843224408484,-2899953.336847,0.639481,2899952.6973672825843,-1854459.0541992187500,0,2.5e-08
0.9970550542743164,0.0,0.0036120761466250,0.0000000000000000,0.0030509877085073,0.0000000000000000,16.6216563369800241,3.0000843264060850,-2900185.512791,0.639846,2900184.8729461962357,-1855667.4458007812500,0,5.1e-08
0.9970552742515573,0.0,0.0036122073604185,0.0000000000000000,0.0030496509739379,0.0000000000000000,16.6217563369800239,3.0000843303674825,-2900416.254870,0.640208,2900415.6146615347825,-1856868.2827148437500,0,8.3e-09
0.9970554940597264,0.0,0.0036123383733094,0.0000000000000000,0.0030483151576479,0.0000000000000000,16.6218563369800236,3.0000843343250438,-2900645.055708,0.640576,2900644.4151321840473,-1858080.9282226562500,0,5.1e-08
0.9970557136989276,0.0,0.0036124691856078,0.0000000000000000,0.0030469802592085,0.0000000000000000,16.6219563369800234,3.0000843382787736,-2900872.355817,0.640941,2900871.7148766452447,-1859284.3930664062500,0,1.1e-08
0.9970559331692710,0.0,0.0036125997976262,0.0000000000000000,0.0030456462781548,0.0000000000000000,16.6220563369800232,3.0000843422286736,-2901097.951021,0.641307,2901097.3097137790173,-1860493.9086914062500,0,1.1e-09
0.9970561524708701,0.0,0.0036127302096800,0.0000000000000000,0.0030443132140089,0.0000000000000000,16.6221563369800229,3.0000843461747468,-2901321.818357,0.641673,2901321.1766828210093,-1861700.4443359375000,0,1.7e-07
0.9970563716038203,0.0,0.0036128604220717,0.0000000000000000,0.0030429810663679,0.0000000000000000,16.6222563369800227,3.0000843501169974,-2901544.371125,0.642041,2901543.7290835096501,-1862909.6782226562500,0,1.9e-08
0.9970565905682396,0.0,0.0036129904351178,0.0000000000000000,0.0030416498347338,0.0000000000000000,16.6223563369800225,3.0000843540554283,-2901765.077670,0.642410,2901764.4352591391653,-1864123.0878906250000,0,5.6e-08
0.9970568093642405,0.0,0.0036131202491320,0.0000000000000000,0.0030403195186335,0.0000000000000000,16.6224563369800222,3.0000843579900422,-2901984.196143,0.642785,2901983.5533591057174,-1865347.0522460937500,0,8.2e-09
0.9970570279919347,0.0,0.0036132498644261,0.0000000000000000,0.0030389901175924,0.0000000000000000,16.6225563369800220,3.0000843619208433,-2902201.691067,0.643147,2902201.0479194363579,-1866542.7744140625000,0,2.0e-08
0.9970572464514151,0.0,0.0036133792812977,0.0000000000000000,0.0030376616312116,0.0000000000000000,16.6226563369800218,3.0000843658478336,-2902417.636497,0.643513,2902416.9929820820689,-1867747.9213867187500,0,6.7e-10
0.9970574647428251,0.0,0.0036135085000809,0.0000000000000000,0.0030363340588866,0.0000000000000000,16.6227563369800215,3.0000843697710162,-2902631.663352,0.643888,2902631.0194630371407,-1868971.0966796875000,0,9.2e-08
0.9970576828662405,0.0,0.0036136375210606,0.0000000000000000,0.0030350074002945,0.0000000000000000,16.6228563369800213,3.0000843736903953,-2902844.332686,0.644259,2902843.6884269202128,-1870181.6835937500000,0,5.5e-08
0.9970579008217908,0.0,0.0036137663445583,0.0000000000000000,0.0030336816548728,0.0000000000000000,16.6229563369800211,3.0000843776059738,-2903054.822760,0.644629,2903054.1781311626546,-1871390.5825195312500,0,4.8e-07
0.9970581186095872,0.0,0.0036138949708859,0.0000000000000000,0.0030323568221622,0.0000000000000000,16.6230563369800208,3.0000843815177545,-2903265.034184,0.645004,2903264.3891801736318,-1872613.7919921875000,0,1.6e-08
0.9970583362297458,0.0,0.0036140234003524,0.0000000000000000,0.0030310329016452,0.0000000000000000,16.6231563369800242,3.0000843854257404,-2903472.583066,0.645378,2903471.9376873997971,-1873835.9399414062500,0,1.1e-08
0.9970585536823794,0.0,0.0036141516332688,0.0000000000000000,0.0030297098928559,0.0000000000000000,16.6232563369800239,3.0000843893299360,-2903678.938390,0.645752,2903678.2926385365427,-1875052.1518554687500,0,1.8e-08
0.9970587709675958,0.0,0.0036142796699396,0.0000000000000000,0.0030283877953162,0.0000000000000000,16.6233563369800237,3.0000843932303427,-2903883.537622,0.646128,2903882.8914948259480,-1876276.0771484375000,0,1.9e-09
0.9970589880855140,0.0,0.0036144075106778,0.0000000000000000,0.0030270666085176,0.0000000000000000,16.6234563369800235,3.0000843971269648,-2904086.660027,0.646498,2904086.0135278482921,-1877486.4648437500000,0,1.0e-07
0.9970592050362481,0.0,0.0036145351557920,0.0000000000000000,0.0030257463319735,0.0000000000000000,16.6235563369800232,3.0000844010198060,-2904288.037739,0.646872,2904287.3908663499169,-1878703.4213867187500,0,5.0e-08
0.9970594218199040,0.0,0.0036146626055846,0.0000000000000000,0.0030244269652166,0.0000000000000000,16.6236563369800230,3.0000844049088684,-2904487.720573,0.647249,2904487.0733235352673,-1879926.1396484375000,0,2.6e-08
0.9970596384366229,0.0,0.0036147898603823,0.0000000000000000,0.0030231085076380,0.0000000000000000,16.6237563369800228,3.0000844087941565,-2904686.073653,0.647624,2904685.4260283196345,-1881144.1166992187500,0,8.3e-10
0.9970598548864940,0.0,0.0036149169204753,0.0000000000000000,0.0030217909588533,0.0000000000000000,16.6238563369800225,3.0000844126756721,-2904882.921210,0.648008,2904882.2732042563148,-1882377.9335937500000,0,2.3e-07
0.9970600711696469,0.0,0.0036150437861798,0.0000000000000000,0.0030204743182940,0.0000000000000000,16.6239563369800223,3.0000844165534191,-2905077.433405,0.648383,2905076.7850226862356,-1883599.9121093750000,0,9.6e-08
0.9970602872862044,0.0,0.0036151704578107,0.0000000000000000,0.0030191585854375,0.0000000000000000,16.6240563369800221,3.0000844204274015,-2905271.344010,0.648762,2905270.6952490974218,-1884824.6059570312500,0,1.5e-07
0.9970605032362576,0.0,0.0036152969356545,0.0000000000000000,0.0030178437598646,0.0000000000000000,16.6241563369800218,3.0000844242976221,-2905463.046150,0.649135,2905462.3970148554072,-1886037.5776367187500,0,3.9e-08
0.9970607190199489,0.0,0.0036154232200383,0.0000000000000000,0.0030165298409709,0.0000000000000000,16.6242563369800216,3.0000844281640831,-2905653.400546,0.649515,2905652.7510305191390,-1887263.9516601562500,0,3.1e-08
0.9970609346373916,0.0,0.0036155493112661,0.0000000000000000,0.0030152168282576,0.0000000000000000,16.6243563369800214,3.0000844320267892,-2905842.171499,0.649896,2905841.5216025286354,-1888493.2031250000000,0,2.4e-09
0.9970611500886929,0.0,0.0036156752096369,0.0000000000000000,0.0030139047212635,0.0000000000000000,16.6244563369800211,3.0000844358857428,-2906028.747850,0.650265,2906028.0975824790075,-1889692.8569335937500,0,5.1e-07
0.9970613653739974,0.0,0.0036158009154761,0.0000000000000000,0.0030125935193223,0.0000000000000000,16.6245563369800209,3.0000844397409479,-2906214.917957,0.650656,2906214.2673007524572,-1890944.4340820312500,0,1.8e-08
0.9970615804934032,0.0,0.0036159264290756,0.0000000000000000,0.0030112832220345,0.0000000000000000,16.6246563369800242,3.0000844435924074,-2906399.045473,0.651033,2906398.3944388758391,-1892163.6411132812500,0,1.6e-08
0.9970617954470313,0.0,0.0036160517507433,0.0000000000000000,0.0030099738288586,0.0000000000000000,16.6247563369800240,3.0000844474401251,-2906581.641935,0.651420,2906580.9905154742301,-1893402.4951171875000,0,1.2e-08
0.9970620102350103,0.0,0.0036161768807914,0.0000000000000000,0.0030086653392268,0.0000000000000000,16.6248563369800237,3.0000844512841036,-2906762.558699,0.651800,2906761.9068991658278,-1894624.5727539062500,0,9.3e-09
0.9970622248574549,0.0,0.0036163018195222,0.0000000000000000,0.0030073577526320,0.0000000000000000,16.6249563369800235,3.0000844551243460,-2906941.974729,0.652186,2906941.3225440406241,-1895860.9711914062500,0,4.6e-08
0.9970624393144869,0.0,0.0036164265672423,0.0000000000000000,0.0030060510685366,0.0000000000000000,16.6250563369800233,3.0000844589608566,-2907119.684372,0.652566,2907119.0318057495169,-1897086.7929687500000,0,6.8e-09
0.9970626536062316,0.0,0.0036165511242603,0.0000000000000000,0.0030047452863832,0.0000000000000000,16.6251563369800230,3.0000844627936383,-2907295.880898,0.652950,2907295.2279474837705,-1898317.9331054687500,0,4.0e-08
0.9970628677328073,0.0,0.0036166754908799,0.0000000000000000,0.0030034404056510,0.0000000000000000,16.6252563369800228,3.0000844666226940,-2907470.673039,0.653345,2907470.0196958300658,-1899573.7846679687500,0,3.0e-08
0.9970630816943371,0.0,0.0036167996674067,0.0000000000000000,0.0030021364257925,0.0000000000000000,16.6253563369800226,3.0000844704480274,-2907643.847808,0.653715,2907643.1940918751061,-1900772.0634765625000,0,3.1e-08
0.9970632954909431,0.0,0.0036169236541462,0.0000000000000000,0.0030008333462650,0.0000000000000000,16.6254563369800223,3.0000844742696420,-2907815.511208,0.654108,2907814.8571015009657,-1902019.3828125000000,0,1.2e-08
0.9970635091227463,0.0,0.0036170474514015,0.0000000000000000,0.0029995311665271,0.0000000000000000,16.6255563369800221,3.0000844780875409,-2907985.548825,0.654492,2907984.8943327800371,-1903252.0434570312500,0,3.9e-08
0.9970637225898749,0.0,0.0036171710594817,0.0000000000000000,0.0029982298860165,0.0000000000000000,16.6256563369800219,3.0000844819017276,-2908154.119303,0.654880,2908153.4644239903428,-1904488.1171875000000,0,3.7e-09
0.9970639358924526,0.0,0.0036172944786900,0.0000000000000000,0.0029969295041655,0.0000000000000000,16.6257563369800216,3.0000844857122053,-2908321.094798,0.655264,2908320.4395339610055,-1905717.6435546875000,0,1.5e-07
0.9970641490305990,0.0,0.0036174177093292,0.0000000000000000,0.0029956300204535,0.0000000000000000,16.6258563369800214,3.0000844895189767,-2908486.606408,0.655650,2908485.9507576129399,-1906949.5151367187500,0,3.9e-08
0.9970643620044479,0.0,0.0036175407517090,0.0000000000000000,0.0029943314342757,0.0000000000000000,16.6259563369800212,3.0000844933220470,-2908650.811361,0.656042,2908650.1553183807991,-1908197.4194335937500,0,1.1e-08
0.9970645748141085,0.0,0.0036176636061221,0.0000000000000000,0.0029930337451362,0.0000000000000000,16.6260563369800209,3.0000844971214176,-2908813.117560,0.656435,2908812.4611265496351,-1909440.7856445312500,0,2.6e-08
0.9970647874597204,0.0,0.0036177862728840,0.0000000000000000,0.0029917369524342,0.0000000000000000,16.6261563369800207,3.0000845009170933,-2908973.919446,0.656819,2908973.2626270754263,-1910666.3569335937500,0,5.5e-09
0.9970649999414044,0.0,0.0036179087522927,0.0000000000000000,0.0029904410556028,0.0000000000000000,16.6262563369800240,3.0000845047090769,-2909133.321009,0.657202,2909132.6638046777807,-1911893.4003906250000,0,2.0e-07
0.9970652122592868,0.0,0.0036180310446522,0.0000000000000000,0.0029891460540663,0.0000000000000000,16.6263563369800238,3.0000845084973715,-2909291.350209,0.657594,2909290.6926144268364,-1913133.1279296875000,0,1.4e-07
0.9970654244134841,0.0,0.0036181531502608,0.0000000000000000,0.0029878519473397,0.0000000000000000,16.6264563369800236,3.0000845122819810,-2909447.768521,0.657986,2909447.1105338027701,-1914377.1723632812500,0,2.2e-09
0.9970656364041373,0.0,0.0036182750694284,0.0000000000000000,0.0029865587347531,0.0000000000000000,16.6265563369800233,3.0000845160629082,-2909602.578327,0.658379,2909601.9199480200186,-1915619.5141601562500,0,1.0e-07
0.9970658482313652,0.0,0.0036183968024530,0.0000000000000000,0.0029852664157776,0.0000000000000000,16.6266563369800231,3.0000845198401569,-2909755.857167,0.658771,2909755.1983947111294,-1916864.0014648437500,0,1.3e-07
0.9970660598952973,0.0,0.0036185183496386,0.0000000000000000,0.0029839749898325,0.0000000000000000,16.6267563369800229,3.0000845236137308,-2909907.781222,0.659160,2909907.1220593848266,-1918100.0424804687500,0,5.1e-08
0.9970662713960686,0.0,0.0036186397112913,0.0000000000000000,0.0029826844562987,0.0000000000000000,16.6268563369800226,3.0000845273836325,-2910058.345908,0.659561,2910057.6863489137031,-1919352.5488281250000,0,7.1e-09
0.9970664827337992,0.0,0.0036187608877086,0.0000000000000000,0.0029813948146521,0.0000000000000000,16.6269563369800224,3.0000845311498661,-2910207.265886,0.659952,2910206.6059330338612,-1920598.9663085937500,0,5.4e-08
0.9970666939086144,0.0,0.0036188818791885,0.0000000000000000,0.0029801060642972,0.0000000000000000,16.6270563369800222,3.0000845349124345,-2910354.441955,0.660346,2910353.7816084814258,-1921839.1596679687500,0,7.4e-08
0.9970669049206472,0.0,0.0036190026860363,0.0000000000000000,0.0029788182046497,0.0000000000000000,16.6271563369800219,3.0000845386713415,-2910500.233114,0.660744,2910499.5723695973866,-1923093.6035156250000,0,8.5e-08
0.9970671157700309,0.0,0.0036191233085557,0.0000000000000000,0.0029775312350931,0.0000000000000000,16.6272563369800217,3.0000845424265910,-2910644.936752,0.661137,2910644.2756141177379,-1924334.2368164062500,0,1.1e-07
0.9970673264568851,0.0,0.0036192437470406,0.0000000000000000,0.0029762451551004,0.0000000000000000,16.6273563369800215,3.0000845461781851,-2910787.593987,0.661528,2910786.9324581879191,-1925567.6215820312500,0,1.5e-07
0.9970675369813534,0.0,0.0036193640018014,0.0000000000000000,0.0029749599640037,0.0000000000000000,16.6274563369800212,3.0000845499261284,-2910929.049819,0.661926,2910928.3878904804587,-1926823.8198242187500,0,7.7e-09
0.9970677473435402,0.0,0.0036194840731195,0.0000000000000000,0.0029736756613247,0.0000000000000000,16.6275563369800210,3.0000845536704239,-2911068.484219,0.662319,2911067.8218996557407,-1928054.2285156250000,0,3.7e-07
0.9970679575436091,0.0,0.0036196039613186,0.0000000000000000,0.0029723922463317,0.0000000000000000,16.6276563369800208,3.0000845574110744,-2911206.268828,0.662708,2911205.6061147386208,-1929292.0307617187500,0,1.1e-06
0.9970681675816764,0.0,0.0036197236666905,0.0000000000000000,0.0029711097184753,0.0000000000000000,16.6277563369800241,3.0000845611480842,-2911344.418635,0.663117,2911343.7555165495723,-1930563.4023437500000,0,3.6e-08
0.9970683774578654,0.0,0.0036198431895262,0.0000000000000000,0.0029698280772025,0.0000000000000000,16.6278563369800239,3.0000845648814565,-2911479.933476,0.663522,2911479.2699549454264,-1931826.3120117187500,0,2.4e-09
0.9970685871723135,0.0,0.0036199625301304,0.0000000000000000,0.0029685473218847,0.0000000000000000,16.6279563369800236,3.0000845686111948,-2911613.991561,0.663918,2911613.3276422237977,-1933072.1523437500000,0,2.8e-08
0.9970687967251519,0.0,0.0036200816888012,0.0000000000000000,0.0029672674519131,0.0000000000000000,16.6280563369800234,3.0000845723373026,-2911746.388902,0.664315,2911745.7245872090571,-1934314.1860351562500,0,4.2e-08
0.9970690061165126,0.0,0.0036202006658381,0.0000000000000000,0.0029659884666890,0.0000000000000000,16.6281563369800232,3.0000845760597832,-2911877.716267,0.664710,2911877.0515527161770,-1935564.2329101562500,0,2.7e-08
0.9970692153465283,0.0,0.0036203194615393,0.0000000000000000,0.0029647103656064,0.0000000000000000,16.6282563369800229,3.0000845797786395,-2912007.177391,0.665120,2912006.5122726038098,-1936827.3906250000000,0,2.6e-08
0.9970694244153280,0.0,0.0036204380762010,0.0000000000000000,0.0029634331480663,0.0000000000000000,16.6283563369800227,3.0000845834938765,-2912135.757013,0.665519,2912135.0914951646701,-1938077.1806640625000,0,1.9e-07
0.9970696333230561,0.0,0.0036205565101269,0.0000000000000000,0.0029621568133937,0.0000000000000000,16.6284563369800225,3.0000845872054964,-2912262.124440,0.665911,2912261.4585265535861,-1939313.3276367187500,0,4.9e-08
0.9970698420698278,0.0,0.0036206747636058,0.0000000000000000,0.0029608813610864,0.0000000000000000,16.6285563369800222,3.0000845909135023,-2912387.403049,0.666318,2912386.7367294412106,-1940578.8491210937500,0,2.7e-08
0.9970700506557890,0.0,0.0036207928369411,0.0000000000000000,0.0029596067904509,0.0000000000000000,16.6286563369800220,3.0000845946178996,-2912511.191338,0.666727,2912510.5246139173396,-1941840.1933593750000,0,9.7e-08
0.9970702590810686,0.0,0.0036209107304269,0.0000000000000000,0.0029583331008989,0.0000000000000000,16.6287563369800218,3.0000845983186890,-2912633.626004,0.667127,2912632.9588774833828,-1943092.1093750000000,0,9.6e-09
0.9970704673458052,0.0,0.0036210284443631,0.0000000000000000,0.0029570602917879,0.0000000000000000,16.6288563369800215,3.0000846020158769,-2912754.416443,0.667527,2912753.7489163409919,-1944338.4418945312500,0,1.2e-08
0.9970706754501244,0.0,0.0036211459790405,0.0000000000000000,0.0029557883625353,0.0000000000000000,16.6289563369800213,3.0000846057094646,-2912874.159774,0.667927,2912873.4918446890078,-1945592.0146484375000,0,4.8e-08
0.9970708833941553,0.0,0.0036212633347515,0.0000000000000000,0.0029545173125489,0.0000000000000000,16.6290563369800211,3.0000846093994569,-2912992.224305,0.668349,2912991.5559593988582,-1946884.0292968750000,0,1.5e-07
0.9970710911780714,0.0,0.0036213805118176,0.0000000000000000,0.0029532471410258,0.0000000000000000,16.6291563369800208,3.0000846130858561,-2913108.756164,0.668745,2913108.0874219848774,-1948115.4223632812500,0,2.0e-08
0.9970712988019655,0.0,0.0036214975105060,0.0000000000000000,0.0029519778475295,0.0000000000000000,16.6292563369800241,3.0000846167686661,-2913223.753807,0.669158,2913223.0846523875371,-1949395.6025390625000,0,4.6e-08
0.9970715062659861,0.0,0.0036216143311213,0.0000000000000000,0.0029507094313772,0.0000000000000000,16.6293563369800239,3.0000846204478910,-2913337.662094,0.669553,2913336.9925405345857,-1950632.9052734375000,0,2.9e-09
0.9970717135702678,0.0,0.0036217309739571,0.0000000000000000,0.0029494418919382,0.0000000000000000,16.6294563369800237,3.0000846241235344,-2913449.809095,0.669959,2913449.1391362557188,-1951888.6035156250000,0,5.2e-08
0.9970719207149548,0.0,0.0036218474393147,0.0000000000000000,0.0029481752285559,0.0000000000000000,16.6295563369800234,3.0000846277955988,-2913560.783219,0.670357,2913560.1128573226742,-1953136.6665039062500,0,8.2e-08
0.9970721277001736,0.0,0.0036219637274805,0.0000000000000000,0.0029469094406180,0.0000000000000000,16.6296563369800232,3.0000846314640883,-2913670.068861,0.670776,2913669.3980839303695,-1954421.0659179687500,0,1.7e-08
0.9970723345260617,0.0,0.0036220798387512,0.0000000000000000,0.0029456445275170,0.0000000000000000,16.6297563369800230,3.0000846351290065,-2913778.143391,0.671185,2913777.4722057455219,-1955683.4682617187500,0,5.8e-09
0.9970725411927553,0.0,0.0036221957734184,0.0000000000000000,0.0029443804885881,0.0000000000000000,16.6298563369800227,3.0000846387903564,-2913884.758798,0.671591,2913884.0872068819590,-1956937.2817382812500,0,6.6e-08
0.9970727477003977,0.0,0.0036223115317811,0.0000000000000000,0.0029431173231803,0.0000000000000000,16.6299563369800225,3.0000846424481415,-2913989.906524,0.672002,2913989.2345233298838,-1958200.9506835937500,0,4.6e-10
0.9970729540491232,0.0,0.0036224271141297,0.0000000000000000,0.0029418550306576,0.0000000000000000,16.6300563369800223,3.0000846461023660,-2914093.716903,0.672413,2914093.0444901674055,-1959472.1059570312500,0,1.2e-09
0.9970731602390648,0.0,0.0036225425207547,0.0000000000000000,0.0029405936104061,0.0000000000000000,16.6301563369800220,3.0000846497530334,-2914196.054759,0.672829,2914195.3819325799122,-1960745.2822265625000,0,3.1e-08
0.9970733662703675,0.0,0.0036226577519556,0.0000000000000000,0.0029393330617397,0.0000000000000000,16.6302563369800218,3.0000846534001471,-2914299.154506,0.673251,2914298.4812600249425,-1962037.5834960937500,0,1.6e-06
0.9970735721431532,0.0,0.0036227728080074,0.0000000000000000,0.0029380733841010,0.0000000000000000,16.6303563369800216,3.0000846570437094,-2914396.530338,0.673643,2914395.8566945991479,-1963260.6870117187500,0,1.6e-07
0.9970737778575840,0.0,0.0036228876892247,0.0000000000000000,0.0029368145767210,0.0000000000000000,16.6304563369800213,3.0000846606837253,-2914494.770210,0.674052,2914494.0961562730372,-1964522.9340820312500,0,1.2e-07
0.9970739834137810,0.0,0.0036230023958855,0.0000000000000000,0.0029355566390320,0.0000000000000000,16.6305563369800211,3.0000846643201973,-2914591.712262,0.674474,2914591.0377890663221,-1965810.6225585937500,0,2.7e-08
0.9970741888118885,0.0,0.0036231169282847,0.0000000000000000,0.0029342995703655,0.0000000000000000,16.6306563369800209,3.0000846679531303,-2914686.975399,0.674875,2914686.3005230785348,-1967049.8276367187500,0,2.2e-08
0.9970743940520395,0.0,0.0036232312867097,0.0000000000000000,0.0029330433700893,0.0000000000000000,16.6307563369800242,3.0000846715825267,-2914780.996977,0.675297,2914780.3216815767810,-1968337.5703125000000,0,1.5e-08
0.9970745991343838,0.0,0.0036233454714579,0.0000000000000000,0.0029317880374989,0.0000000000000000,16.6308563369800240,3.0000846752083894,-2914873.493390,0.675715,2914872.8176779909991,-1969613.8627929687500,0,8.1e-09
0.9970748040590530,0.0,0.0036234594828149,0.0000000000000000,0.0029305335719822,0.0000000000000000,16.6309563369800237,3.0000846788307238,-2914964.799688,0.676128,2914964.1235639140941,-1970874.8979492187500,0,9.7e-09
0.9970750088261894,0.0,0.0036235733210727,0.0000000000000000,0.0029292799728666,0.0000000000000000,16.6310563369800235,3.0000846824495326,-2915054.533406,0.676534,2915053.8568728845567,-1972129.9062500000000,0,2.9e-08
0.9970752134359230,0.0,0.0036236869865146,0.0000000000000000,0.0029280272395460,0.0000000000000000,16.6311563369800233,3.0000846860648189,-2915142.691933,0.676948,2915142.0149861345999,-1973395.9086914062500,0,1.8e-07
0.9970754178884151,0.0,0.0036238004794437,0.0000000000000000,0.0029267753712428,0.0000000000000000,16.6312563369800230,3.0000846896765863,-2915230.056298,0.677372,2915229.3789265388623,-1974690.1889648437500,0,6.1e-08
0.9970756221837895,0.0,0.0036239138001405,0.0000000000000000,0.0029255243673908,0.0000000000000000,16.6313563369800228,3.0000846932848386,-2915316.999412,0.677797,2915316.3216183478944,-1975980.0869140625000,0,1.0e-06
0.9970758263221736,0.0,0.0036240269488800,0.0000000000000000,0.0029242742273808,0.0000000000000000,16.6314563369800226,3.0000846968895796,-2915399.728708,0.678194,2915399.0505134849809,-1977206.8325195312500,0,7.4e-08
0.9970760303037490,0.0,0.0036241399259830,0.0000000000000000,0.0029230249503613,0.0000000000000000,16.6315563369800223,3.0000847004908122,-2915482.879322,0.678612,2915482.2007093839347,-1978481.0600585937500,0,2.6e-08
0.9970762341286203,0.0,0.0036242527317116,0.0000000000000000,0.0029217765358389,0.0000000000000000,16.6316563369800221,3.0000847040885406,-2915563.931580,0.679033,2915563.2525484017096,-1979758.2602539062500,0,3.3e-07
0.9970764377969425,0.0,0.0036243653663640,0.0000000000000000,0.0029205289830713,0.0000000000000000,16.6317563369800219,3.0000847076827681,-2915644.488250,0.679436,2915643.8088108706288,-1980999.6826171875000,0,2.3e-08
0.9970766413088689,0.0,0.0036244778302337,0.0000000000000000,0.0029192822913381,0.0000000000000000,16.6318563369800216,3.0000847112734981,-2915723.037335,0.679870,2915722.3574657468125,-1982308.1562500000000,0,2.0e-07
0.9970768446644933,0.0,0.0036245901235787,0.0000000000000000,0.0029180364601935,0.0000000000000000,16.6319563369800214,3.0000847148607339,-2915800.556114,0.680292,2915799.8758243229240,-1983586.4135742187500,0,5.5e-08
0.9970770478640115,0.0,0.0036247022467214,0.0000000000000000,0.0029167914887317,0.0000000000000000,16.6320563369800212,3.0000847184444797,-2915877.238761,0.680700,2915876.5580576928332,-1984844.3583984375000,0,1.9e-07
0.9970772509075370,0.0,0.0036248141999265,0.0000000000000000,0.0029155473763690,0.0000000000000000,16.6321563369800209,3.0000847220247389,-2915951.207953,0.681124,2915950.5268282545730,-1986124.3764648437500,0,1.4e-07
0.9970774537952184,0.0,0.0036249259834880,0.0000000000000000,0.0029143041224326,0.0000000000000000,16.6322563369800207,3.0000847256015146,-2916024.804227,0.681555,2916024.1226747939363,-1987420.6298828125000,0,7.3e-08
0.9970776565272010,0.0,0.0036250375976926,0.0000000000000000,0.0029130617262269,0.0000000000000000,16.6323563369800240,3.0000847291748109,-2916096.911565,0.681972,2916096.2295947466046,-1988689.6201171875000,0,2.3e-09
0.9970778591036293,0.0,0.0036251490428277,0.0000000000000000,0.0029118201870683,0.0000000000000000,16.6324563369800238,3.0000847327446309,-2916167.663472,0.682400,2916166.9810731518082,-1989987.7353515625000,0,1.5e-07
0.9970780615246335,0.0,0.0036252603191691,0.0000000000000000,0.0029105795043252,0.0000000000000000,16.6325563369800236,3.0000847363109790,-2916236.871647,0.682808,2916236.1888362532482,-1991236.2519531250000,0,3.5e-09
0.9970782637903634,0.0,0.0036253714270081,0.0000000000000000,0.0029093396773030,0.0000000000000000,16.6326563369800233,3.0000847398738570,-2916304.678865,0.683242,2916303.9956252258271,-1992533.3051757812500,0,1.0e-07
0.9970784659009654,0.0,0.0036254823666297,0.0000000000000000,0.0029081007052855,0.0000000000000000,16.6327563369800231,3.0000847434332707,-2916371.585232,0.683664,2916370.9015699066222,-1993810.1494140625000,0,3.1e-08
0.9970786678565819,0.0,0.0036255931383192,0.0000000000000000,0.0029068625876079,0.0000000000000000,16.6328563369800229,3.0000847469892227,-2916437.085761,0.684096,2916436.4016695409082,-1995108.9340820312500,0,1.8e-07
0.9970788696573489,0.0,0.0036257037423552,0.0000000000000000,0.0029056253236238,0.0000000000000000,16.6329563369800226,3.0000847505417152,-2916501.120462,0.684510,2916500.4359516743571,-1996372.7280273437500,0,2.6e-07
0.9970790713034156,0.0,0.0036258141790235,0.0000000000000000,0.0029043889126045,0.0000000000000000,16.6330563369800224,3.0000847540907545,-2916563.497852,0.684925,2916562.8129252744839,-1997630.8500976562500,0,8.4e-09
0.9970792727949318,0.0,0.0036259244486136,0.0000000000000000,0.0029031533538578,0.0000000000000000,16.6331563369800222,3.0000847576363419,-2916624.572905,0.685362,2916623.8875454901718,-1998935.2744140625000,0,6.5e-08
0.9970794741320312,0.0,0.0036260345514005,0.0000000000000000,0.0029019186467248,0.0000000000000000,16.6332563369800219,3.0000847611784818,-2916684.490884,0.685783,2916683.8051034649834,-2000202.8212890625000,0,9.8e-08
0.9970796753148553,0.0,0.0036261444876649,0.0000000000000000,0.0029006847905303,0.0000000000000000,16.6333563369800217,3.0000847647171773,-2916743.489958,0.686216,2916742.8037450220436,-2001503.9609375000000,0,1.6e-07
0.9970798763435554,0.0,0.0036262542576942,0.0000000000000000,0.0028994517845632,0.0000000000000000,16.6334563369800215,3.0000847682524330,-2916800.541045,0.686643,2916799.8544049384072,-2002791.4628906250000,0,7.0e-08
0.9970800772182734,0.0,0.0036263638617685,0.0000000000000000,0.0028982196281431,0.0000000000000000,16.6335563369800212,3.0000847717842518,-2916856.718530,0.687062,2916856.0314683946781,-2004058.8691406250000,0,1.9e-09
0.9970802779391548,0.0,0.0036264733001697,0.0000000000000000,0.0028969883205635,0.0000000000000000,16.6336563369800210,3.0000847753126370,-2916911.154653,0.687499,2916910.4671570681967,-2005363.1020507812500,0,2.9e-08
0.9970804785063494,0.0,0.0036265825731827,0.0000000000000000,0.0028957578611153,0.0000000000000000,16.6337563369800208,3.0000847788375928,-2916964.718803,0.687904,2916964.0308961877599,-2006598.2446289062500,0,4.6e-08
0.9970806789199912,0.0,0.0036266916810810,0.0000000000000000,0.0028945282491503,0.0000000000000000,16.6338563369800241,3.0000847823591230,-2917016.676352,0.688349,2917015.9880045149475,-2007920.1933593750000,0,7.1e-09
0.9970808791802307,0.0,0.0036268006241488,0.0000000000000000,0.0028932994839512,0.0000000000000000,16.6339563369800238,3.0000847858772297,-2917067.662465,0.688766,2917066.9736967762001,-2009180.4384765625000,0,7.0e-08
0.9970810792872158,0.0,0.0036269094026677,0.0000000000000000,0.0028920715648047,0.0000000000000000,16.6340563369800236,3.0000847893919182,-2917116.876398,0.689209,2917116.1871908325702,-2010494.9799804687500,0,1.3e-08
0.9970812792410919,0.0,0.0036270180169180,0.0000000000000000,0.0028908444910134,0.0000000000000000,16.6341563369800234,3.0000847929031909,-2917165.336809,0.689629,2917164.6471815351397,-2011754.9477539062500,0,1.9e-07
0.9970814790419950,0.0,0.0036271264671719,0.0000000000000000,0.0028896182619226,0.0000000000000000,16.6342563369800231,3.0000847964110515,-2917212.024311,0.690068,2917211.3342449236661,-2013066.0336914062500,0,1.3e-07
0.9970816786900774,0.0,0.0036272347537152,0.0000000000000000,0.0028883928768057,0.0000000000000000,16.6343563369800229,3.0000847999155047,-2917257.818417,0.690493,2917257.1279241619632,-2014342.4531250000000,0,3.2e-07
0.9970818781854840,0.0,0.0036273428768228,0.0000000000000000,0.0028871683349530,0.0000000000000000,16.6344563369800227,3.0000848034165526,-2917301.565894,0.690940,2917300.8749594534747,-2015661.9848632812500,0,8.7e-08
0.9970820775283625,0.0,0.0036274508367769,0.0000000000000000,0.0028859446356658,0.0000000000000000,16.6345563369800225,3.0000848069141997,-2917344.376736,0.691355,2917343.6853819959797,-2016916.6059570312500,0,8.6e-08
0.9970822767188614,0.0,0.0036275586338564,0.0000000000000000,0.0028847217782291,0.0000000000000000,16.6346563369800222,3.0000848104084494,-2917386.476605,0.691791,2917385.7848149617203,-2018216.3017578125000,0,2.5e-09
0.9970824757571084,0.0,0.0036276662683263,0.0000000000000000,0.0028834997620160,0.0000000000000000,16.6347563369800220,3.0000848138993055,-2917426.597256,0.692207,2917425.9050468709320,-2019468.1499023437500,0,1.5e-07
0.9970826746432819,0.0,0.0036277737404864,0.0000000000000000,0.0028822785861838,0.0000000000000000,16.6348563369800218,3.0000848173867709,-2917465.781991,0.692663,2917465.0893305516802,-2020809.9707031250000,0,3.1e-08
0.9970828733775053,0.0,0.0036278810505959,0.0000000000000000,0.0028810582501076,0.0000000000000000,16.6349563369800215,3.0000848208708497,-2917503.946790,0.693092,2917503.2536956933327,-2022102.1953125000000,0,1.9e-08
0.9970830719599229,0.0,0.0036279881989320,0.0000000000000000,0.0028798387531112,0.0000000000000000,16.6350563369800213,3.0000848243515454,-2917540.446504,0.693529,2917539.7529763057828,-2023392.7089843750000,0,1.3e-07
0.9970832703906947,0.0,0.0036280951857796,0.0000000000000000,0.0028786200944259,0.0000000000000000,16.6351563369800211,3.0000848278288617,-2917575.360613,0.693964,2917574.6666516177356,-2024682.9584960937500,0,1.9e-07
0.9970834686699589,0.0,0.0036282020114078,0.0000000000000000,0.0028774022733692,0.0000000000000000,16.6352563369800208,3.0000848313028019,-2917609.397668,0.694393,2917608.7032785955817,-2025956.3867187500000,0,7.7e-08
0.9970836667978668,0.0,0.0036283086760964,0.0000000000000000,0.0028761852892280,0.0000000000000000,16.6353563369800241,3.0000848347733702,-2917641.942760,0.694833,2917641.2479288592003,-2027267.2851562500000,0,1.4e-08
0.9970838647745615,0.0,0.0036284151801173,0.0000000000000000,0.0028749691412941,0.0000000000000000,16.6354563369800239,3.0000848382405687,-2917673.589249,0.695266,2917672.8939843797125,-2028553.0263671875000,0,8.6e-08
0.9970840626001930,0.0,0.0036285215237468,0.0000000000000000,0.0028737538288448,0.0000000000000000,16.6355563369800237,3.0000848417044028,-2917703.575509,0.695691,2917702.8798167752102,-2029823.0610351562500,0,2.2e-08
0.9970842602749128,0.0,0.0036286277072624,0.0000000000000000,0.0028725393511467,0.0000000000000000,16.6356563369800234,3.0000848451648752,-2917732.209658,0.696139,2917731.5135202687234,-2031140.9550781250000,0,6.7e-08
0.9970844577988542,0.0,0.0036287337309296,0.0000000000000000,0.0028713257075582,0.0000000000000000,16.6357563369800232,3.0000848486219898,-2917760.241442,0.696574,2917759.5448646214791,-2032442.4272460937500,0,2.8e-08
0.9970846551721803,0.0,0.0036288395950313,0.0000000000000000,0.0028701128972850,0.0000000000000000,16.6358563369800230,3.0000848520757502,-2917786.615448,0.697009,2917785.9184385975823,-2033721.7075195312500,0,2.5e-08
0.9970848523950286,0.0,0.0036289452998343,0.0000000000000000,0.0028689009196527,0.0000000000000000,16.6359563369800227,3.0000848555261590,-2917811.572501,0.697447,2917810.8750554574654,-2035011.9619140625000,0,3.0e-08
0.9970850494675575,0.0,0.0036290508456191,0.0000000000000000,0.0028676897739063,0.0000000000000000,16.6360563369800225,3.0000848589732203,-2917835.425642,0.697893,2917834.7277502720244,-2036330.0610351562500,0,9.0e-09
0.9970852463899033,0.0,0.0036291562326505,0.0000000000000000,0.0028664794593749,0.0000000000000000,16.6361563369800223,3.0000848624169385,-2917857.796896,0.698341,2917857.0985594112426,-2037643.8549804687500,0,2.3e-09
0.9970854431622171,0.0,0.0036292614612029,0.0000000000000000,0.0028652699753235,0.0000000000000000,16.6362563369800220,3.0000848658573167,-2917879.164340,0.698769,2917878.4655709555373,-2038922.1884765625000,0,3.3e-09
0.9970856397846507,0.0,0.0036293665315503,0.0000000000000000,0.0028640613210156,0.0000000000000000,16.6363563369800218,3.0000848692943585,-2917899.226306,0.699205,2917898.5270999530330,-2040210.1977539062500,0,4.7e-08
0.9970858362573597,0.0,0.0036294714439697,0.0000000000000000,0.0028628534957093,0.0000000000000000,16.6364563369800216,3.0000848727280678,-2917917.796556,0.699638,2917917.0969191212207,-2041480.9360351562500,0,3.6e-07
0.9970860325804591,0.0,0.0036295761987108,0.0000000000000000,0.0028616464988144,0.0000000000000000,16.6365563369800213,3.0000848761584469,-2917936.141346,0.700087,2917935.4412600025535,-2042804.4428710937500,0,1.1e-07
0.9970862287541401,0.0,0.0036296807960693,0.0000000000000000,0.0028604403294166,0.0000000000000000,16.6366563369800211,3.0000848795855006,-2917951.242898,0.700519,2917950.5423754933290,-2044088.0268554687500,0,7.3e-07
0.9970864247785108,0.0,0.0036297852362954,0.0000000000000000,0.0028592349869982,0.0000000000000000,16.6367563369800209,3.0000848830092322,-2917967.288294,0.700966,2917966.5873259296641,-2045399.3012695312500,0,9.6e-08
0.9970866206537692,0.0,0.0036298895196855,0.0000000000000000,0.0028580304705854,0.0000000000000000,16.6368563369800242,3.0000848864296454,-2917981.050917,0.701415,2917980.3495021197014,-2046712.1196289062500,0,9.3e-08
0.9970868163800193,0.0,0.0036299936464832,0.0000000000000000,0.0028568267796700,0.0000000000000000,16.6369563369800240,3.0000848898467440,-2917993.862385,0.701849,2917993.1605347706936,-2047992.7934570312500,0,3.0e-08
0.9970870119574283,0.0,0.0036300976169685,0.0000000000000000,0.0028556239134298,0.0000000000000000,16.6370563369800237,3.0000848932605306,-2918005.511944,0.702290,2918004.8096516174264,-2049289.9785156250000,0,3.6e-08
0.9970872073861416,0.0,0.0036302014314099,0.0000000000000000,0.0028544218711729,0.0000000000000000,16.6371563369800235,3.0000848966710101,-2918015.983268,0.702750,2918015.2805219436996,-2050623.1518554687500,0,3.3e-07
0.9970874026663141,0.0,0.0036303050900768,0.0000000000000000,0.0028532206521212,0.0000000000000000,16.6372563369800233,3.0000849000781851,-2918024.491222,0.703187,2918023.7880346681923,-2051914.7734375000000,0,5.0e-08
0.9970875977980875,0.0,0.0036304085932358,0.0000000000000000,0.0028520202556011,0.0000000000000000,16.6373563369800230,3.0000849034820591,-2918032.504562,0.703626,2918031.8009342686273,-2053207.1723632812500,0,3.6e-08
0.9970877927815992,0.0,0.0036305119411461,0.0000000000000000,0.0028508206809366,0.0000000000000000,16.6374563369800228,3.0000849068826367,-2918038.581818,0.704072,2918037.8777439296246,-2054512.1806640625000,0,1.5e-07
0.9970879876170405,0.0,0.0036306151341007,0.0000000000000000,0.0028496219271656,0.0000000000000000,16.6375563369800226,3.0000849102799210,-2918043.992018,0.704531,2918043.2874883948825,-2055846.0468750000000,0,3.3e-07
0.9970881823045166,0.0,0.0036307181723404,0.0000000000000000,0.0028484239938176,0.0000000000000000,16.6376563369800223,3.0000849136739149,-2918047.969632,0.704955,2918047.2646737154573,-2057100.4169921875000,0,1.5e-07
0.9970883768441993,0.0,0.0036308210561459,0.0000000000000000,0.0028472268800270,0.0000000000000000,16.6377563369800221,3.0000849170646227,-2918050.586349,0.705427,2918049.8809265643358,-2058456.5473632812500,0,1.2e-07
0.9970885712362497,0.0,0.0036309237857910,0.0000000000000000,0.0028460305850104,0.0000000000000000,16.6378563369800219,3.0000849204520490,-2918052.904227,0.705866,2918052.1983620482497,-2059748.4731445312500,0,9.0e-08
0.9970887654807560,0.0,0.0036310263615016,0.0000000000000000,0.0028448351083187,0.0000000000000000,16.6379563369800216,3.0000849238361949,-2918052.857376,0.706302,2918052.1510738623329,-2061025.6699218750000,0,4.8e-08
0.9970889595779283,0.0,0.0036311287835838,0.0000000000000000,0.0028436404489484,0.0000000000000000,16.6380563369800214,3.0000849272170655,-2918052.299316,0.706772,2918051.5925515042618,-2062375.0942382812500,0,1.4e-07
0.9970891535279095,0.0,0.0036312310522963,0.0000000000000000,0.0028424466061823,0.0000000000000000,16.6381563369800212,3.0000849305946646,-2918050.116644,0.707202,2918049.4094407102093,-2063652.9404296875000,0,2.9e-08
0.9970893473308376,0.0,0.0036313331678977,0.0000000000000000,0.0028412535793482,0.0000000000000000,16.6382563369800209,3.0000849339689957,-2918046.968684,0.707668,2918046.2610208163969,-2064992.0390625000000,0,1.4e-07
0.9970895409868561,0.0,0.0036314351306486,0.0000000000000000,0.0028400613677416,0.0000000000000000,16.6383563369800207,3.0000849373400613,-2918042.472402,0.708111,2918041.7642943519168,-2066285.9555664062500,0,1.4e-07
0.9970897344961255,0.0,0.0036315369408199,0.0000000000000000,0.0028388699705754,0.0000000000000000,16.6384563369800240,3.0000849407078665,-2918037.031933,0.708558,2918036.3233753535897,-2067594.1293945312500,0,4.6e-08
0.9970899278587924,0.0,0.0036316385986730,0.0000000000000000,0.0028376793871305,0.0000000000000000,16.6385563369800238,3.0000849440724142,-2918030.422558,0.709015,2918029.7135466439649,-2068913.6196289062500,0,6.1e-08
0.9970901210750200,0.0,0.0036317401044791,0.0000000000000000,0.0028364896165945,0.0000000000000000,16.6386563369800236,3.0000849474337077,-2918022.957787,0.709448,2918022.2483380595222,-2070185.4511718750000,0,2.4e-07
0.9970903141449231,0.0,0.0036318414584795,0.0000000000000000,0.0028353006584132,0.0000000000000000,16.6387563369800233,3.0000849507917504,-2918013.584105,0.709904,2918012.8741998192854,-2071511.9218750000000,0,1.0e-07
0.9970905070686962,0.0,0.0036319426609650,0.0000000000000000,0.0028341125116371,0.0000000000000000,16.6388563369800231,3.0000849541465469,-2918003.157879,0.710362,2918002.4475170057267,-2072836.0156250000000,0,2.0e-08
0.9970906998464630,0.0,0.0036320437121803,0.0000000000000000,0.0028329251756392,0.0000000000000000,16.6389563369800229,3.0000849574981001,-2917991.580135,0.710810,2917990.8693282124586,-2074126.4106445312500,0,1.9e-08
0.9970908924783641,0.0,0.0036321446123823,0.0000000000000000,0.0028317386497360,0.0000000000000000,16.6390563369800226,3.0000849608464133,-2917978.894021,0.711261,2917978.1827615965158,-2075436.9497070312500,0,1.3e-07
0.9970910849645835,0.0,0.0036322453618518,0.0000000000000000,0.0028305529330039,0.0000000000000000,16.6391563369800224,3.0000849641914908,-2917965.303236,0.711717,2917964.5915205026977,-2076759.1621093750000,0,4.2e-07
0.9970912773052305,0.0,0.0036323459608260,0.0000000000000000,0.0028293680249412,0.0000000000000000,16.6392563369800222,3.0000849675333363,-2917949.900339,0.712168,2917949.1881695706397,-2078071.6518554687500,0,1.4e-08
0.9970914695004911,0.0,0.0036324464095875,0.0000000000000000,0.0028281839246083,0.0000000000000000,16.6393563369800219,3.0000849708719524,-2917933.509558,0.712631,2917932.7969299694523,-2079400.2314453125000,0,1.0e-07
0.9970916615504993,0.0,0.0036325467083860,0.0000000000000000,0.0028270006313425,0.0000000000000000,16.6394563369800217,3.0000849742073430,-2917916.334906,0.713079,2917915.6218306878582,-2080691.0341796875000,0,2.9e-08
0.9970918534554299,0.0,0.0036326468574961,0.0000000000000000,0.0028258181442760,0.0000000000000000,16.6395563369800215,3.0000849775395118,-2917898.260784,0.713533,2917897.5472544776276,-2082004.6225585937500,0,2.6e-07
0.9970920452153621,0.0,0.0036327468571341,0.0000000000000000,0.0028246364630360,0.0000000000000000,16.6396563369800212,3.0000849808684626,-2917878.021266,0.713986,2917877.3072802829556,-2083322.6816406250000,0,1.2e-08
0.9970922368305202,0.0,0.0036328467076037,0.0000000000000000,0.0028234555864979,0.0000000000000000,16.6397563369800210,3.0000849841941992,-2917856.606402,0.714428,2917855.8919713892974,-2084603.6528320312500,0,2.1e-07
0.9970924283010373,0.0,0.0036329464091546,0.0000000000000000,0.0028222755140201,0.0000000000000000,16.6398563369800208,3.0000849875167246,-2917834.774135,0.714894,2917834.0592404566705,-2085943.2348632812500,0,4.1e-08
0.9970926196270534,0.0,0.0036330459620373,0.0000000000000000,0.0028210962449025,0.0000000000000000,16.6399563369800241,3.0000849908360427,-2917811.491370,0.715345,2917810.7760246484540,-2087240.5625000000000,0,1.5e-07
0.9970928108087259,0.0,0.0036331453665141,0.0000000000000000,0.0028199177783625,0.0000000000000000,16.6400563369800238,3.0000849941521568,-2917787.295326,0.715811,2917786.5795159442350,-2088579.8710937500000,0,3.5e-08
0.9970930018462003,0.0,0.0036332446228396,0.0000000000000000,0.0028187401136848,0.0000000000000000,16.6401563369800236,3.0000849974650712,-2917761.916381,0.716258,2917761.2001207214780,-2089874.9384765625000,0,2.4e-09
0.9970931927396306,0.0,0.0036333437312729,0.0000000000000000,0.0028175632501072,0.0000000000000000,16.6402563369800234,3.0000850007747881,-2917735.124537,0.716732,2917734.4078142493963,-2091206.3393554687500,0,1.2e-08
0.9970933834891661,0.0,0.0036334426920700,0.0000000000000000,0.0028163871868887,0.0000000000000000,16.6403563369800231,3.0000850040813121,-2917707.079856,0.717169,2917706.3626820044592,-2092501.8305664062500,0,1.5e-08
0.9970935740949610,0.0,0.0036335415054893,0.0000000000000000,0.0028152119232628,0.0000000000000000,16.6404563369800229,3.0000850073846466,-2917678.562672,0.717646,2917677.8450307645835,-2093843.2705078125000,0,6.9e-08
0.9970937645571621,0.0,0.0036336401717852,0.0000000000000000,0.0028140374585170,0.0000000000000000,16.6405563369800227,3.0000850106847947,-2917648.617851,0.718087,2917647.8997608479112,-2095133.3486328125000,0,2.8e-08
0.9970939548759251,0.0,0.0036337386912155,0.0000000000000000,0.0028128637918666,0.0000000000000000,16.6406563369800224,3.0000850139817610,-2917617.252166,0.718554,2917616.5336115742102,-2096463.6220703125000,0,6.9e-08
0.9970941450513944,0.0,0.0036338370640316,0.0000000000000000,0.0028116909225934,0.0000000000000000,16.6407563369800222,3.0000850172755480,-2917584.631435,0.719029,2917583.9124115034938,-2097808.6948242187500,0,7.1e-08
0.9970943350837260,0.0,0.0036339352904920,0.0000000000000000,0.0028105188499263,0.0000000000000000,16.6408563369800220,3.0000850205661598,-2917550.870390,0.719478,2917550.1509122531861,-2099111.1713867187500,0,2.0e-07
0.9970945249730698,0.0,0.0036340333708499,0.0000000000000000,0.0028093475731266,0.0000000000000000,16.6409563369800217,3.0000850238535994,-2917516.167758,0.719936,2917515.4478186480701,-2100431.6166992187500,0,1.7e-09
0.9970947147195716,0.0,0.0036341313053566,0.0000000000000000,0.0028081770914626,0.0000000000000000,16.6410563369800215,3.0000850271378718,-2917480.601911,0.720407,2917479.8815068490803,-2101762.7050781250000,0,5.6e-08
0.9970949043233962,0.0,0.0036342290942758,0.0000000000000000,0.0028070074041339,0.0000000000000000,16.6411563369800213,3.0000850304189792,-2917443.507675,0.720851,2917442.7868226817809,-2103043.2446289062500,0,1.3e-07
0.9970950937846766,0.0,0.0036343267378463,0.0000000000000000,0.0028058385104410,0.0000000000000000,16.6412563369800210,3.0000850336969251,-2917405.416543,0.721323,2917404.6952186315320,-2104392.8686523437500,0,1.7e-08
0.9970952831035884,0.0,0.0036344242363403,0.0000000000000000,0.0028046704095609,0.0000000000000000,16.6413563369800208,3.0000850369717140,-2917366.492292,0.721790,2917365.7705063964240,-2105712.4409179687500,0,9.8e-08
0.9970954722802478,0.0,0.0036345215899862,0.0000000000000000,0.0028035031008791,0.0000000000000000,16.6414563369800241,3.0000850402433485,-2917326.503503,0.722240,2917325.7812643661164,-2107003.3271484375000,0,1.1e-07
0.9970956613148454,0.0,0.0036346187990617,0.0000000000000000,0.0028023365834683,0.0000000000000000,16.6415563369800239,3.0000850435118331,-2917284.515140,0.722713,2917283.7924295272678,-2108351.1958007812500,0,3.1e-08
0.9970958502074976,0.0,0.0036347158637967,0.0000000000000000,0.0028011708567319,0.0000000000000000,16.6416563369800237,3.0000850467771705,-2917242.012488,0.723164,2917241.2893235338852,-2109644.9750976562500,0,4.3e-09
0.9970960389583783,0.0,0.0036348127844571,0.0000000000000000,0.0028000059198150,0.0000000000000000,16.6417563369800234,3.0000850500393650,-2917198.287299,0.723639,2917197.5636630076915,-2110987.3198242187500,0,8.0e-08
0.9970962275676294,0.0,0.0036349095612888,0.0000000000000000,0.0027988417720170,0.0000000000000000,16.6418563369800232,3.0000850532984193,-2917153.698749,0.724102,2917152.9746503285132,-2112305.9360351562500,0,2.2e-07
0.9970964160353971,0.0,0.0036350061945372,0.0000000000000000,0.0027976784125819,0.0000000000000000,16.6419563369800230,3.0000850565543375,-2917107.522097,0.724556,2917106.7975383996964,-2113613.3071289062500,0,2.1e-08
0.9970966043618500,0.0,0.0036351026844658,0.0000000000000000,0.0027965158407034,0.0000000000000000,16.6420563369800227,3.0000850598071227,-2917060.482615,0.725035,2917059.7575827636756,-2114960.3784179687500,0,2.9e-08
0.9970967925471244,0.0,0.0036351990313148,0.0000000000000000,0.0027953540556907,0.0000000000000000,16.6421563369800225,3.0000850630567797,-2917012.072491,0.725497,2917011.3469937988557,-2116281.0400390625000,0,1.3e-08
0.9970969805913831,0.0,0.0036352952353406,0.0000000000000000,0.0027941930567305,0.0000000000000000,16.6422563369800223,3.0000850663033112,-2916962.803541,0.725942,2916962.0775952213444,-2117554.5288085937500,0,2.4e-08
0.9970971684947595,0.0,0.0036353912967823,0.0000000000000000,0.0027930328431433,0.0000000000000000,16.6423563369800220,3.0000850695467194,-2916914.128155,0.726448,2916913.4017145959660,-2118962.9125976562500,0,1.0e-06
0.9970973562574185,0.0,0.0036354872158937,0.0000000000000000,0.0027918734141305,0.0000000000000000,16.6424563369800218,3.0000850727870096,-2916860.939066,0.726897,2916860.2121717939153,-2120248.4838867187500,0,4.1e-08
0.9970975438795119,0.0,0.0036355829929279,0.0000000000000000,0.0027907147689254,0.0000000000000000,16.6425563369800216,3.0000850760241859,-2916808.377303,0.727362,2916807.6499404995702,-2121573.7827148437500,0,5.8e-08
0.9970977313611903,0.0,0.0036356786281294,0.0000000000000000,0.0027895569067661,0.0000000000000000,16.6426563369800213,3.0000850792582496,-2916753.806700,0.727823,2916753.0788768511266,-2122879.1533203125000,0,3.1e-07
0.9970979187025902,0.0,0.0036357741217392,0.0000000000000000,0.0027883998269749,0.0000000000000000,16.6427563369800211,3.0000850824892060,-2916700.251769,0.728308,2916699.5234684497118,-2124232.7680664062500,0,1.1e-07
0.9970981059038815,0.0,0.0036358694740138,0.0000000000000000,0.0027872435287093,0.0000000000000000,16.6428563369800209,3.0000850857170582,-2916644.193076,0.728763,2916643.4643147159368,-2125536.7792968750000,0,5.7e-08
0.9970982929652096,0.0,0.0036359646851979,0.0000000000000000,0.0027860880112401,0.0000000000000000,16.6429563369800242,3.0000850889418094,-2916587.140636,0.729221,2916586.4114120462909,-2126842.7387695312500,0,5.3e-08
0.9970984798867228,0.0,0.0036360597555357,0.0000000000000000,0.0027849332738228,0.0000000000000000,16.6430563369800240,3.0000850921634634,-2916529.223518,0.729713,2916528.4938093791716,-2128214.5092773437500,0,7.5e-09
0.9970986666685775,0.0,0.0036361546852760,0.0000000000000000,0.0027837793156771,0.0000000000000000,16.6431563369800237,3.0000850953820235,-2916469.882501,0.730177,2916469.1523228753358,-2129541.8149414062500,0,1.3e-07
0.9970988533109221,0.0,0.0036362494746638,0.0000000000000000,0.0027826261360655,0.0000000000000000,16.6432563369800235,3.0000850985974932,-2916409.750193,0.730654,2916409.0195406274870,-2130879.8583984375000,0,8.4e-09
0.9970990398139076,0.0,0.0036363441239432,0.0000000000000000,0.0027814737342207,0.0000000000000000,16.6433563369800233,3.0000851018098769,-2916348.387698,0.731121,2916347.6565812816843,-2132190.4091796875000,0,2.3e-09
0.9970992261776817,0.0,0.0036364386333571,0.0000000000000000,0.0027803221094040,0.0000000000000000,16.6434563369800230,3.0000851050191772,-2916286.307786,0.731615,2916285.5761818075553,-2133566.0454101562500,0,1.6e-07
0.9970994124024064,0.0,0.0036365330031574,0.0000000000000000,0.0027791712608254,0.0000000000000000,16.6435563369800228,3.0000851082253979,-2916222.611355,0.732063,2916221.8792954911478,-2134846.5395507812500,0,1.2e-07
0.9970995984882275,0.0,0.0036366272335847,0.0000000000000000,0.0027780211877301,0.0000000000000000,16.6436563369800226,3.0000851114285423,-2916158.349869,0.732510,2916157.6173554509878,-2136123.6406250000000,0,2.5e-07
0.9970997844352788,0.0,0.0036367213248709,0.0000000000000000,0.0027768718894473,0.0000000000000000,16.6437563369800223,3.0000851146286145,-2916092.432372,0.732989,2916091.6993833300658,-2137461.9472656250000,0,1.2e-07
0.9970999702437409,0.0,0.0036368152772780,0.0000000000000000,0.0027757233650830,0.0000000000000000,16.6438563369800221,3.0000851178256172,-2916026.224611,0.733457,2916025.4911513146944,-2138786.1142578125000,0,3.7e-08
0.9971001559137505,0.0,0.0036369090910413,0.0000000000000000,0.0027745756139608,0.0000000000000000,16.6439563369800219,3.0000851210195547,-2915957.680620,0.733940,2915956.9466822086833,-2140130.8901367187500,0,2.4e-07
0.9971003414454551,0.0,0.0036370027663991,0.0000000000000000,0.0027734286353031,0.0000000000000000,16.6440563369800216,3.0000851242104298,-2915889.129340,0.734428,2915888.3949188217521,-2141489.0434570312500,0,1.0e-08
0.9971005268390069,0.0,0.0036370963035956,0.0000000000000000,0.0027722824283787,0.0000000000000000,16.6441563369800214,3.0000851273982470,-2915819.668663,0.734874,2915818.9337818901986,-2142777.8896484375000,0,5.3e-08
0.9971007120945762,0.0,0.0036371897028843,0.0000000000000000,0.0027711369923310,0.0000000000000000,16.6442563369800212,3.0000851305830087,-2915748.860347,0.735379,2915748.1249722703360,-2144165.3105468750000,0,4.1e-08
0.9971008972122894,0.0,0.0036372829644917,0.0000000000000000,0.0027699923265195,0.0000000000000000,16.6443563369800209,3.0000851337647187,-2915676.817072,0.735816,2915676.0812512957491,-2145414.7939453125000,0,1.8e-07
0.9971010821923120,0.0,0.0036373760886661,0.0000000000000000,0.0027688484301070,0.0000000000000000,16.6444563369800207,3.0000851369433814,-2915603.338685,0.736312,2915602.6023701704107,-2146799.4506835937500,0,3.5e-08
0.9971012670347752,0.0,0.0036374690756372,0.0000000000000000,0.0027677053024310,0.0000000000000000,16.6445563369800240,3.0000851401189990,-2915529.307897,0.736776,2915528.5711164241657,-2148102.6816406250000,0,2.7e-08
0.9971014517398615,0.0,0.0036375619256650,0.0000000000000000,0.0027665629425972,0.0000000000000000,16.6446563369800238,3.0000851432915758,-2915454.036258,0.737275,2915453.2989856759086,-2149481.1118164062500,0,3.3e-09
0.9971016363076985,0.0,0.0036376546389737,0.0000000000000000,0.0027654213499391,0.0000000000000000,16.6447563369800235,3.0000851464611151,-2915377.973266,0.737758,2915377.2355103520676,-2150833.2314453125000,0,3.1e-09
0.9971018207384410,0.0,0.0036377472158053,0.0000000000000000,0.0027642805236761,0.0000000000000000,16.6448563369800233,3.0000851496276209,-2915300.842494,0.738217,2915300.1042841030285,-2152103.2377929687500,0,6.0e-08
0.9971020050322428,0.0,0.0036378396564016,0.0000000000000000,0.0027631404630571,0.0000000000000000,16.6449563369800231,3.0000851527910957,-2915222.216956,0.738695,2915221.4782588034868,-2153464.7636718750000,0,2.9e-08
0.9971021891892634,0.0,0.0036379319610062,0.0000000000000000,0.0027620011672731,0.0000000000000000,16.6450563369800228,3.0000851559515431,-2915143.493185,0.739164,2915142.7540179686621,-2154775.3217773437500,0,3.8e-08
0.9971023732096416,0.0,0.0036380241298492,0.0000000000000000,0.0027608626356102,0.0000000000000000,16.6451563369800226,3.0000851591089677,-2915063.161386,0.739658,2915062.4217363996431,-2156124.4809570312500,0,2.0e-08
0.9971025570935276,0.0,0.0036381161631683,0.0000000000000000,0.0027597248673190,0.0000000000000000,16.6452563369800224,3.0000851622633720,-2914980.720063,0.740134,2914979.9799306895584,-2157468.1679687500000,0,1.8e-07
0.9971027408410845,0.0,0.0036382080612097,0.0000000000000000,0.0027585878615860,0.0000000000000000,16.6453563369800221,3.0000851654147600,-2914898.986203,0.740599,2914898.2456005406566,-2158780.4487304687500,0,5.3e-08
0.9971029244524439,0.0,0.0036382998241971,0.0000000000000000,0.0027574516177321,0.0000000000000000,16.6454563369800219,3.0000851685631345,-2914815.124072,0.741095,2914814.3829812519252,-2160140.1425781250000,0,2.3e-09
0.9971031079277740,0.0,0.0036383914523793,0.0000000000000000,0.0027563161349272,0.0000000000000000,16.6455563369800217,3.0000851717084998,-2914730.721714,0.741550,2914729.9801600561477,-2161427.1577148437500,0,2.7e-08
0.9971032912672239,0.0,0.0036384829459904,0.0000000000000000,0.0027551814124063,0.0000000000000000,16.6456563369800215,3.0000851748508590,-2914645.148585,0.742048,2914644.4065369735472,-2162805.9555664062500,0,6.3e-08
0.9971034744709376,0.0,0.0036385743052627,0.0000000000000000,0.0027540474494449,0.0000000000000000,16.6457563369800212,3.0000851779902158,-2914558.322636,0.742536,2914557.5801054928452,-2164147.4770507812500,0,1.5e-08
0.9971036575390645,0.0,0.0036386655304315,0.0000000000000000,0.0027529142452946,0.0000000000000000,16.6458563369800210,3.0000851811265727,-2914470.418293,0.743005,2914469.6752869593911,-2165466.5278320312500,0,9.8e-08
0.9971038404717545,0.0,0.0036387566217305,0.0000000000000000,0.0027517817991842,0.0000000000000000,16.6459563369800208,3.0000851842599343,-2914381.972928,0.743508,2914381.2294282829389,-2166841.5961914062500,0,1.0e-07
0.9971040232691787,0.0,0.0036388475794090,0.0000000000000000,0.0027506501102851,0.0000000000000000,16.6460563369800241,3.0000851873903041,-2914292.433147,0.743974,2914291.6891744821332,-2168152.1166992187500,0,7.8e-08
0.9971042059314627,0.0,0.0036389384036838,0.0000000000000000,0.0027495191779204,0.0000000000000000,16.6461563369800238,3.0000851905176851,-2914201.376162,0.744456,2914200.6317058131099,-2169491.9833984375000,0,2.5e-08
0.9971043884587704,0.0,0.0036390290947981,0.0000000000000000,0.0027483890012871,0.0000000000000000,16.6462563369800236,3.0000851936420809,-2914109.898718,0.744929,2914109.1537893875502,-2170803.0083007812500,0,2.8e-07
0.9971045708512442,0.0,0.0036391196529810,0.0000000000000000,0.0027472595796538,0.0000000000000000,16.6463563369800234,3.0000851967634943,-2914016.777153,0.745415,2914016.0317387497053,-2172147.6625976562500,0,2.2e-08
0.9971047531090413,0.0,0.0036392100784692,0.0000000000000000,0.0027461309122322,0.0000000000000000,16.6464563369800231,3.0000851998819296,-2913923.353039,0.745903,2913922.6071353675798,-2173505.2592773437500,0,3.6e-08
0.9971049352323130,0.0,0.0036393003714967,0.0000000000000000,0.0027450029982642,0.0000000000000000,16.6465563369800229,3.0000852029973908,-2913829.006541,0.746380,2913828.2601588247344,-2174827.8652343750000,0,1.4e-08
0.9971051172212024,0.0,0.0036393905322899,0.0000000000000000,0.0027438758370017,0.0000000000000000,16.6466563369800227,3.0000852061098797,-2913732.577605,0.746892,2913731.8307154076174,-2176233.8994140625000,0,1.5e-07
0.9971052990758622,0.0,0.0036394805610847,0.0000000000000000,0.0027427494276967,0.0000000000000000,16.6467563369800224,3.0000852092194017,-2913636.452126,0.747336,2913635.7047891821712,-2177465.9882812500000,0,1.4e-07
0.9971054807964379,0.0,0.0036395704581090,0.0000000000000000,0.0027416237696052,0.0000000000000000,16.6468563369800222,3.0000852123259585,-2913538.010607,0.747819,2913537.2627850826830,-2178804.3393554687500,0,1.5e-07
0.9971056623831002,0.0,0.0036396602236069,0.0000000000000000,0.0027404988618551,0.0000000000000000,16.6469563369800220,3.0000852154295545,-2913441.021525,0.748332,2913440.2731987875886,-2180200.9389648437500,0,1.0e-06
0.9971058438359780,0.0,0.0036397498577946,0.0000000000000000,0.0027393747038169,0.0000000000000000,16.6470563369800217,3.0000852185301925,-2913340.590516,0.748785,2913339.8417200879194,-2181495.3979492187500,0,1.4e-07
0.9971060251552272,0.0,0.0036398393609072,0.0000000000000000,0.0027382512946650,0.0000000000000000,16.6471563369800215,3.0000852216278768,-2913239.272634,0.749309,2913238.5233315075748,-2182896.7397460937500,0,2.5e-08
0.9971062063410010,0.0,0.0036399287331777,0.0000000000000000,0.0027371286336558,0.0000000000000000,16.6472563369800213,3.0000852247226097,-2913137.246744,0.749773,2913136.4969689557329,-2184196.5488281250000,0,5.7e-08
0.9971063873934468,0.0,0.0036400179748331,0.0000000000000000,0.0027360067200216,0.0000000000000000,16.6473563369800210,3.0000852278143961,-2913034.526052,0.750255,2913033.7757955780253,-2185520.6166992187500,0,5.1e-08
0.9971065683127174,0.0,0.0036401070861050,0.0000000000000000,0.0027348855529958,0.0000000000000000,16.6474563369800208,3.0000852309032386,-2912930.513681,0.750772,2912929.7629096689634,-2186941.9975585937500,0,9.3e-11
0.9971067490989650,0.0,0.0036401960672234,0.0000000000000000,0.0027337651318110,0.0000000000000000,16.6475563369800241,3.0000852339891413,-2912825.481304,0.751270,2912824.7300477391109,-2188277.8129882812500,0,3.8e-07
0.9971069297523120,0.0,0.0036402849184016,0.0000000000000000,0.0027326454558309,0.0000000000000000,16.6476563369800239,3.0000852370721058,-2912720.034584,0.751724,2912719.2828555139713,-2189571.9160156250000,0,1.6e-07
0.9971071102729596,0.0,0.0036403736398957,0.0000000000000000,0.0027315265240431,0.0000000000000000,16.6477563369800237,3.0000852401521372,-2912613.091917,0.752207,2912612.3397064735182,-2190896.1391601562500,0,2.1e-07
0.9971072906610228,0.0,0.0036404622319148,0.0000000000000000,0.0027304083358584,0.0000000000000000,16.6478563369800234,3.0000852432292389,-2912505.850388,0.752700,2912505.0976856239140,-2192249.2719726562500,0,1.3e-07
0.9971074709166493,0.0,0.0036405506946863,0.0000000000000000,0.0027292908905445,0.0000000000000000,16.6479563369800232,3.0000852463034140,-2912397.090485,0.753199,2912396.3372900281101,-2193601.1694335937500,0,5.5e-08
0.9971076510399995,0.0,0.0036406390284421,0.0000000000000000,0.0027281741872772,0.0000000000000000,16.6480563369800230,3.0000852493746653,-2912287.174235,0.753696,2912286.4205454876646,-2194959.4946289062500,0,1.2e-07
0.9971078310312284,0.0,0.0036407272334119,0.0000000000000000,0.0027270582252656,0.0000000000000000,16.6481563369800227,3.0000852524429975,-2912176.284620,0.754163,2912175.5304538365453,-2196262.6811523437500,0,6.5e-08
0.9971080108904786,0.0,0.0036408153098191,0.0000000000000000,0.0027259430038007,0.0000000000000000,16.6482563369800225,3.0000852555084125,-2912064.388289,0.754663,2912063.6336264042184,-2197624.8735351562500,0,1.2e-07
0.9971081906178924,0.0,0.0036409032578830,0.0000000000000000,0.0027248285221198,0.0000000000000000,16.6483563369800223,3.0000852585709152,-2911952.376051,0.755145,2911951.6208996390924,-2198963.4760742187500,0,2.7e-10
0.9971083702136277,0.0,0.0036409910778361,0.0000000000000000,0.0027237147794479,0.0000000000000000,16.6484563369800220,3.0000852616305083,-2911838.761521,0.755628,2911838.0058894548565,-2200275.6845703125000,0,1.7e-07
0.9971085496778362,0.0,0.0036410787699054,0.0000000000000000,0.0027226017750293,0.0000000000000000,16.6485563369800218,3.0000852646871956,-2911724.103729,0.756155,2911723.3475782568567,-2201699.2280273437500,0,7.9e-08
0.9971087290106641,0.0,0.0036411663343125,0.0000000000000000,0.0027214895081005,0.0000000000000000,16.6486563369800216,3.0000852677409795,-2911608.603600,0.756625,2911607.8469752212986,-2202993.7597656250000,0,2.3e-08
0.9971089082122538,0.0,0.0036412537712776,0.0000000000000000,0.0027203779779297,0.0000000000000000,16.6487563369800213,3.0000852707918639,-2911491.390696,0.757119,2911490.6335768941790,-2204343.5971679687500,0,1.9e-07
0.9971090872827657,0.0,0.0036413410810327,0.0000000000000000,0.0027192671837148,0.0000000000000000,16.6488563369800211,3.0000852738398525,-2911374.414891,0.757630,2911373.6572691840120,-2205718.3964843750000,0,9.6e-08
0.9971092662223253,0.0,0.0036414282637852,0.0000000000000000,0.0027181571247934,0.0000000000000000,16.6489563369800209,3.0000852768849491,-2911255.948182,0.758074,2911255.1900968165137,-2206978.8442382812500,0,3.4e-08
0.9971094450311212,0.0,0.0036415153197843,0.0000000000000000,0.0027170478002463,0.0000000000000000,16.6490563369800242,3.0000852799271556,-2911136.403032,0.758597,2911135.6444441596977,-2208350.7583007812500,0,1.6e-08
0.9971096237092730,0.0,0.0036416022492334,0.0000000000000000,0.0027159392094247,0.0000000000000000,16.6491563369800240,3.0000852829664777,-2911016.069312,0.759104,2911015.3102109539323,-2209751.9482421875000,0,6.2e-08
0.9971098022569377,0.0,0.0036416890523625,0.0000000000000000,0.0027148313515723,0.0000000000000000,16.6492563369800237,3.0000852860029168,-2910895.006866,0.759596,2910894.2472765482962,-2211083.2856445312500,0,9.6e-08
0.9971099806742677,0.0,0.0036417757293917,0.0000000000000000,0.0027137242258583,0.0000000000000000,16.6493563369800235,3.0000852890364764,-2910772.927290,0.760077,2910772.1672153724357,-2212402.2851562500000,0,3.4e-08
0.9971101589614081,0.0,0.0036418622805435,0.0000000000000000,0.0027126178315836,0.0000000000000000,16.6494563369800233,3.0000852920671615,-2910648.649258,0.760542,2910647.8887114860117,-2213681.2075195312500,0,4.2e-08
0.9971103371185022,0.0,0.0036419487060355,0.0000000000000000,0.0027115121679989,0.0000000000000000,16.6495563369800230,3.0000852950949732,-2910526.164577,0.761052,2910525.4035239587538,-2215061.8339843750000,0,1.8e-07
0.9971105151457093,0.0,0.0036420350060933,0.0000000000000000,0.0027104072342869,0.0000000000000000,16.6496563369800228,3.0000852981199171,-2910400.534894,0.761582,2910399.7733179661445,-2216489.2153320312500,0,1.9e-07
0.9971106930431716,0.0,0.0036421211809366,0.0000000000000000,0.0027093030297544,0.0000000000000000,16.6497563369800226,3.0000853011419952,-2910273.980894,0.762040,2910273.2188500049524,-2217754.0454101562500,0,5.9e-08
0.9971108708110472,0.0,0.0036422072307898,0.0000000000000000,0.0027081995535788,0.0000000000000000,16.6498563369800223,3.0000853041612112,-2910146.880243,0.762541,2910146.1176974656992,-2219116.4667968750000,0,1.9e-07
0.9971110484494593,0.0,0.0036422931558582,0.0000000000000000,0.0027070968051074,0.0000000000000000,16.6499563369800221,3.0000853071775686,-2910020.074386,0.763056,2910019.3113342737779,-2220494.3227539062500,0,7.7e-07
0.9971112259585733,0.0,0.0036423789563675,0.0000000000000000,0.0027059947834972,0.0000000000000000,16.6500563369800219,3.0000853101910705,-2909890.166043,0.763555,2909889.4024890540168,-2221856.8706054687500,0,1.7e-07
0.9971114033385564,0.0,0.0036424646325542,0.0000000000000000,0.0027048934879424,0.0000000000000000,16.6501563369800216,3.0000853132017209,-2909760.901576,0.764087,2909760.1375012407079,-2223272.3569335937500,0,5.0e-07
0.9971115805895254,0.0,0.0036425501846122,0.0000000000000000,0.0027037929177849,0.0000000000000000,16.6502563369800214,3.0000853162095225,-2909629.786029,0.764531,2909629.0214943909086,-2224511.9394531250000,0,3.1e-08
0.9971117577116366,0.0,0.0036426356127695,0.0000000000000000,0.0027026930722609,0.0000000000000000,16.6503563369800212,3.0000853192144792,-2909498.346100,0.765042,2909497.5810576980002,-2225886.6313476562500,0,4.1e-07
0.9971119347050503,0.0,0.0036427209172492,0.0000000000000000,0.0027015939505625,0.0000000000000000,16.6504563369800209,3.0000853222165937,-2909365.451391,0.765520,2909364.6858654110692,-2227191.5888671875000,0,8.6e-08
0.9971121115698889,0.0,0.0036428060982521,0.0000000000000000,0.0027004955520314,0.0000000000000000,16.6505563369800242,3.0000853252158697,-2909230.123074,0.766033,2909229.3570398404263,-2228567.5830078125000,0,1.3e-06
0.9971122883063380,0.0,0.0036428911560232,0.0000000000000000,0.0026993978757479,0.0000000000000000,16.6506563369800240,3.0000853282123101,-2909097.012341,0.766523,2909096.2458160347305,-2229892.0234375000000,0,2.6e-08
0.9971124649145078,0.0,0.0036429760907510,0.0000000000000000,0.0026983009211224,0.0000000000000000,16.6507563369800238,3.0000853312059195,-2908961.339495,0.767029,2908960.5724672037177,-2231253.6132812500000,0,2.3e-08
0.9971126413945839,0.0,0.0036430609026769,0.0000000000000000,0.0026972046872339,0.0000000000000000,16.6508563369800235,3.0000853341967004,-2908825.058683,0.767526,2908824.2911585383117,-2232591.0468750000000,0,8.0e-08
0.9971128177466795,0.0,0.0036431455919958,0.0000000000000000,0.0026961091734735,0.0000000000000000,16.6509563369800233,3.0000853371846556,-2908688.429899,0.768029,2908687.6618732945062,-2233946.1372070312500,0,1.1e-07
0.9971129939709571,0.0,0.0036432301589321,0.0000000000000000,0.0026950143790265,0.0000000000000000,16.6510563369800231,3.0000853401697900,-2908549.796921,0.768529,2908549.0283950613812,-2235293.6098632812500,0,1.4e-07
0.9971131700675617,0.0,0.0036433146037004,0.0000000000000000,0.0026939203031484,0.0000000000000000,16.6511563369800228,3.0000853431521053,-2908410.781272,0.769034,2908410.0122364382260,-2236668.5737304687500,0,2.4e-08
0.9971133460366429,0.0,0.0036433989265159,0.0000000000000000,0.0026928269450707,0.0000000000000000,16.6512563369800226,3.0000853461316055,-2908270.985628,0.769550,2908270.2160886693746,-2238027.2236328125000,0,3.8e-08
0.9971135218783387,0.0,0.0036434831275880,0.0000000000000000,0.0026917343040835,0.0000000000000000,16.6513563369800224,3.0000853491082942,-2908130.623336,0.770017,2908129.8533217133954,-2239300.9111328125000,0,3.7e-08
0.9971136975928212,0.0,0.0036435672071454,0.0000000000000000,0.0026906423793202,0.0000000000000000,16.6514563369800221,3.0000853520821749,-2907987.970464,0.770529,2907987.1999372076243,-2240681.9560546875000,0,1.4e-07
0.9971138731802111,0.0,0.0036436511653869,0.0000000000000000,0.0026895511701533,0.0000000000000000,16.6515563369800219,3.0000853550532498,-2907844.540862,0.771004,2907843.7698484119028,-2241985.1523437500000,0,6.9e-08
0.9971140486406692,0.0,0.0036437350025325,0.0000000000000000,0.0026884606757473,0.0000000000000000,16.6516563369800217,3.0000853580215230,-2907701.621158,0.771548,2907700.8496141494252,-2243417.0874023437500,0,5.0e-08
0.9971142239743199,0.0,0.0036438187187858,0.0000000000000000,0.0026873708954637,0.0000000000000000,16.6517563369800214,3.0000853609869975,-2907560.776680,0.772039,2907560.0046433568932,-2244742.8745117187500,0,2.5e-06
0.9971143991813521,0.0,0.0036439023143751,0.0000000000000000,0.0026862818283664,0.0000000000000000,16.6518563369800212,3.0000853639496778,-2907411.332012,0.772529,2907410.5594762638211,-2246078.1948242187500,0,8.7e-09
0.9971145742618782,0.0,0.0036439857895004,0.0000000000000000,0.0026851934738415,0.0000000000000000,16.6519563369800210,3.0000853669095653,-2907264.867280,0.773097,2907264.0942011172883,-2247544.0268554687500,0,2.4e-07
0.9971147492160445,0.0,0.0036440691443716,0.0000000000000000,0.0026841058311491,0.0000000000000000,16.6520563369800207,3.0000853698666647,-2907117.035310,0.773566,2907116.2617498855107,-2248828.5908203125000,0,1.6e-07
0.9971149240440403,0.0,0.0036441523792257,0.0000000000000000,0.0026830188993455,0.0000000000000000,16.6521563369800241,3.0000853728209793,-2906969.642983,0.774064,2906968.8689172551967,-2250183.2490234375000,0,6.4e-08
0.9971150987459393,0.0,0.0036442354942289,0.0000000000000000,0.0026819326779988,0.0000000000000000,16.6522563369800238,3.0000853757725112,-2906820.818109,0.774568,2906820.0435353266075,-2251545.5659179687500,0,7.7e-08
0.9971152733219588,0.0,0.0036443184896357,0.0000000000000000,0.0026808471660500,0.0000000000000000,16.6523563369800236,3.0000853787212654,-2906670.578719,0.775072,2906669.8036446017213,-2252882.9956054687500,0,2.0e-07
0.9971154477721942,0.0,0.0036444013656251,0.0000000000000000,0.0026797623629725,0.0000000000000000,16.6524563369800234,3.0000853816672430,-2906519.248230,0.775586,2906518.4726466746069,-2254245.1469726562500,0,1.0e-08
0.9971156220968251,0.0,0.0036444841224260,0.0000000000000000,0.0026786782678461,0.0000000000000000,16.6525563369800231,3.0000853846104500,-2906368.251645,0.776055,2906367.4755830783397,-2255519.4672851562500,0,2.8e-07
0.9971157962959849,0.0,0.0036445667602420,0.0000000000000000,0.0026775948799985,0.0000000000000000,16.6526563369800229,3.0000853875508877,-2906214.520349,0.776566,2906213.7437742841430,-2256889.9345703125000,0,3.1e-07
0.9971159703698138,0.0,0.0036446492792799,0.0000000000000000,0.0026765121987185,0.0000000000000000,16.6527563369800227,3.0000853904885600,-2906061.002766,0.777067,2906060.2256845887750,-2258243.4121093750000,0,3.2e-07
0.9971161443184736,0.0,0.0036447316797555,0.0000000000000000,0.0026754302231468,0.0000000000000000,16.6528563369800224,3.0000853934234701,-2905907.637768,0.777600,2905906.8601644495502,-2259641.3413085937500,0,9.1e-08
0.9971163181420897,0.0,0.0036448139618652,0.0000000000000000,0.0026743489526473,0.0000000000000000,16.6529563369800222,3.0000853963556215,-2905751.629810,0.778102,2905750.8517081621103,-2260969.6679687500000,0,1.4e-07
0.9971164918408233,0.0,0.0036448961258281,0.0000000000000000,0.0026732683864049,0.0000000000000000,16.6530563369800220,3.0000853992850169,-2905596.108441,0.778591,2905595.3298428393900,-2262288.3691406250000,0,5.8e-08
0.9971166654148153,0.0,0.0036449781718475,0.0000000000000000,0.0026721885236807,0.0000000000000000,16.6531563369800217,3.0000854022116608,-2905438.501877,0.779131,2905437.7227390669286,-2263734.0825195312500,0,3.1e-08
0.9971168388642109,0.0,0.0036450601001329,0.0000000000000000,0.0026711093637473,0.0000000000000000,16.6532563369800215,3.0000854051355552,-2905280.542529,0.779658,2905279.7628771625459,-2265106.6279296875000,0,5.6e-07
0.9971170121891566,0.0,0.0036451419108871,0.0000000000000000,0.0026700309058117,0.0000000000000000,16.6533563369800213,3.0000854080567039,-2905121.393687,0.780159,2905120.6135350638069,-2266433.1132812500000,0,2.9e-07
0.9971171853897980,0.0,0.0036452236043219,0.0000000000000000,0.0026689531491851,0.0000000000000000,16.6534563369800210,3.0000854109751103,-2904960.972685,0.780642,2904960.1920564826578,-2267693.0410156250000,0,2.7e-07
0.9971173584662564,0.0,0.0036453051806250,0.0000000000000000,0.0026678760931502,0.0000000000000000,16.6535563369800208,3.0000854138907775,-2904801.097599,0.781112,2904800.3164819413796,-2268988.0249023437500,0,1.3e-07
0.9971175314187197,0.0,0.0036453866400297,0.0000000000000000,0.0026667997368140,0.0000000000000000,16.6536563369800241,3.0000854168037088,-2904639.793783,0.781669,2904639.0121151162311,-2270462.8139648437500,0,4.0e-07
0.9971177042473063,0.0,0.0036454679827286,0.0000000000000000,0.0026657240795732,0.0000000000000000,16.6537563369800239,3.0000854197139071,-2904477.339706,0.782189,2904476.5575246177614,-2271826.6552734375000,0,3.2e-09
0.9971178769521805,0.0,0.0036455492089330,0.0000000000000000,0.0026646491205381,0.0000000000000000,16.6538563369800237,3.0000854226213760,-2904313.957318,0.782690,2904313.1746328957379,-2273162.1059570312500,0,5.1e-08
0.9971180495334612,0.0,0.0036456303188366,0.0000000000000000,0.0026635748591339,0.0000000000000000,16.6539563369800234,3.0000854255261191,-2904150.267747,0.783203,2904149.4845447046682,-2274534.5019531250000,0,9.9e-08
0.9971182219913065,0.0,0.0036457113126487,0.0000000000000000,0.0026625012945132,0.0000000000000000,16.6540563369800232,3.0000854284281395,-2903985.587588,0.783713,2903984.8038809201680,-2275871.6250000000000,0,1.7e-08
0.9971183943258637,0.0,0.0036457921905760,0.0000000000000000,0.0026614284259328,0.0000000000000000,16.6541563369800230,3.0000854313274390,-2903818.975513,0.784244,2903818.1912836404517,-2277256.7006835937500,0,2.9e-08
0.9971185665372793,0.0,0.0036458729528239,0.0000000000000000,0.0026603562526424,0.0000000000000000,16.6542563369800227,3.0000854342240229,-2903652.353470,0.784722,2903651.5687450454570,-2278565.2416992187500,0,4.2e-07
0.9971187386256825,0.0,0.0036459535995844,0.0000000000000000,0.0026592847739540,0.0000000000000000,16.6543563369800225,3.0000854371178938,-2903485.893038,0.785225,2903485.1078072870150,-2279905.4843750000000,0,4.6e-08
0.9971189105912307,0.0,0.0036460341310706,0.0000000000000000,0.0026582139890769,0.0000000000000000,16.6544563369800223,3.0000854400090544,-2903316.909901,0.785793,2903316.1241165162064,-2281380.6582031250000,0,4.0e-08
0.9971190824340670,0.0,0.0036461145474844,0.0000000000000000,0.0026571438972693,0.0000000000000000,16.6545563369800220,3.0000854428975088,-2903149.279010,0.786285,2903148.4927354855463,-2282669.8271484375000,0,6.4e-07
0.9971192541543381,0.0,0.0036461948490263,0.0000000000000000,0.0026560744977662,0.0000000000000000,16.6546563369800218,3.0000854457832591,-2902976.878823,0.786786,2902976.0920363697223,-2284020.7812500000000,0,7.0e-09
0.9971194257521578,0.0,0.0036462750358833,0.0000000000000000,0.0026550057899766,0.0000000000000000,16.6547563369800216,3.0000854486663089,-2902806.221583,0.787281,2902805.4343019896187,-2285322.6713867187500,0,4.0e-07
0.9971195972277284,0.0,0.0036463551082912,0.0000000000000000,0.0026539377728789,0.0000000000000000,16.6548563369800213,3.0000854515466622,-2902635.047620,0.787822,2902634.2598062343895,-2286733.3535156250000,0,1.5e-07
0.9971197685811435,0.0,0.0036464350664199,0.0000000000000000,0.0026528704459675,0.0000000000000000,16.6549563369800211,3.0000854544243216,-2902461.049751,0.788366,2902460.2614007871598,-2288154.7514648437500,0,4.8e-08
0.9971199398125640,0.0,0.0036465149104810,0.0000000000000000,0.0026518038084081,0.0000000000000000,16.6550563369800209,3.0000854572992903,-2902288.733705,0.788794,2902287.9449009476230,-2289334.1469726562500,0,1.4e-07
0.9971201109221456,0.0,0.0036465946406839,0.0000000000000000,0.0026507378594437,0.0000000000000000,16.6551563369800242,3.0000854601715714,-2902115.310697,0.789361,2902114.5213387333788,-2290805.7338867187500,0,3.0e-07
0.9971202819100008,0.0,0.0036466742572053,0.0000000000000000,0.0026496725984110,0.0000000000000000,16.6552563369800239,3.0000854630411689,-2901938.762268,0.789830,2901937.9724257988855,-2292072.2695312500000,0,1.9e-08
0.9971204527763119,0.0,0.0036467537602711,0.0000000000000000,0.0026486080244131,0.0000000000000000,16.6553563369800237,3.0000854659080853,-2901764.430834,0.790382,2901763.6404465888627,-2293515.4306640625000,0,5.6e-07
0.9971206235211812,0.0,0.0036468331500583,0.0000000000000000,0.0026475441369564,0.0000000000000000,16.6554563369800235,3.0000854687723231,-2901586.468235,0.790912,2901585.6773291472346,-2294878.5664062500000,0,9.8e-08
0.9971207941447841,0.0,0.0036469124267813,0.0000000000000000,0.0026464809350812,0.0000000000000000,16.6555563369800232,3.0000854716338874,-2901409.034701,0.791398,2901408.2433003261685,-2296176.2890625000000,0,1.6e-07
0.9971209646472398,0.0,0.0036469915906254,0.0000000000000000,0.0026454184181788,0.0000000000000000,16.6556563369800230,3.0000854744927796,-2901229.890807,0.791959,2901229.0988602563739,-2297617.4116210937500,0,1.2e-07
0.9971211350287250,0.0,0.0036470706418112,0.0000000000000000,0.0026443565853807,0.0000000000000000,16.6557563369800228,3.0000854773490038,-2901051.429311,0.792433,2901050.6368699641898,-2298909.4526367187500,0,3.1e-08
0.9971213052893478,0.0,0.0036471495805130,0.0000000000000000,0.0026432954360711,0.0000000000000000,16.6558563369800225,3.0000854802025629,-2900870.127751,0.792993,2900869.3347625271417,-2300353.5458984375000,0,1.4e-07
0.9971214754292648,0.0,0.0036472284069360,0.0000000000000000,0.0026422349694469,0.0000000000000000,16.6559563369800223,3.0000854830534607,-2900689.706281,0.793476,2900688.9128019046038,-2301634.2685546875000,0,6.0e-08
0.9971216454486108,0.0,0.0036473071212732,0.0000000000000000,0.0026411751848296,0.0000000000000000,16.6560563369800221,3.0000854859017001,-2900505.641419,0.793943,2900504.8474651337601,-2302864.8779296875000,0,1.2e-06
0.9971218153475536,0.0,0.0036473857237413,0.0000000000000000,0.0026401160813706,0.0000000000000000,16.6561563369800218,3.0000854887472830,-2900323.855704,0.794547,2900323.0611628140323,-2304424.0478515625000,0,3.4e-08
0.9971219851261978,0.0,0.0036474642145098,0.0000000000000000,0.0026390576584887,0.0000000000000000,16.6562563369800216,3.0000854915902138,-2900142.281500,0.795038,2900141.4864546507597,-2305741.5673828125000,0,9.9e-07
0.9971221547847089,0.0,0.0036475425937848,0.0000000000000000,0.0026379999153229,0.0000000000000000,16.6563563369800214,3.0000854944304960,-2899957.303600,0.795517,2899956.5080675366335,-2307007.7236328125000,0,1.8e-07
0.9971223243232290,0.0,0.0036476208617682,0.0000000000000000,0.0026369428511799,0.0000000000000000,16.6564563369800211,3.0000854972681323,-2899771.233623,0.796081,2899770.4375382484868,-2308460.8417968750000,0,6.2e-09
0.9971224937418952,0.0,0.0036476990186505,0.0000000000000000,0.0026358864653284,0.0000000000000000,16.6565563369800209,3.0000855001031255,-2899585.655173,0.796582,2899584.8585816151462,-2309781.9189453125000,0,5.4e-08
0.9971226630408472,0.0,0.0036477770646223,0.0000000000000000,0.0026348307570072,0.0000000000000000,16.6566563369800242,3.0000855029354794,-2899398.541487,0.797169,2899397.7443381389603,-2311249.7299804687500,0,1.7e-09
0.9971228322202316,0.0,0.0036478549998849,0.0000000000000000,0.0026337757255089,0.0000000000000000,16.6567563369800240,3.0000855057651967,-2899211.417480,0.797618,2899210.6198444915935,-2312510.6865234375000,0,2.3e-09
0.9971230012801841,0.0,0.0036479328246276,0.0000000000000000,0.0026327213701102,0.0000000000000000,16.6568563369800238,3.0000855085922806,-2899021.932535,0.798175,2899021.1343572670594,-2313933.0073242187500,0,8.5e-08
0.9971231702208569,0.0,0.0036480105390513,0.0000000000000000,0.0026316676900339,0.0000000000000000,16.6569563369800235,3.0000855114167351,-2898833.520954,0.798683,2898832.7222725655884,-2315242.7080078125000,0,2.1e-07
0.9971233390423758,0.0,0.0036480881433381,0.0000000000000000,0.0026306146846024,0.0000000000000000,16.6570563369800233,3.0000855142385610,-2898644.298822,0.799172,2898643.4996385886334,-2316546.7480468750000,0,1.9e-08
0.9971235077449065,0.0,0.0036481656376974,0.0000000000000000,0.0026295623529919,0.0000000000000000,16.6571563369800231,3.0000855170577649,-2898453.443352,0.799719,2898452.6436314955354,-2317950.8178710937500,0,3.1e-07
0.9971236763285576,0.0,0.0036482430223022,0.0000000000000000,0.0026285106945952,0.0000000000000000,16.6572563369800228,3.0000855198743470,-2898261.103175,0.800289,2898260.3028975380585,-2319410.2036132812500,0,1.1e-07
0.9971238447934790,0.0,0.0036483202973485,0.0000000000000000,0.0026274597086409,0.0000000000000000,16.6573563369800226,3.0000855226883121,-2898068.731127,0.800782,2898067.9303547735326,-2320691.0190429687500,0,2.0e-07
0.9971240131398351,0.0,0.0036483974630459,0.0000000000000000,0.0026264093943272,0.0000000000000000,16.6574563369800224,3.0000855254996628,-2897873.952706,0.801265,2897873.1514432420954,-2321957.0869140625000,0,3.7e-08
0.9971241813677436,0.0,0.0036484745195688,0.0000000000000000,0.0026253597509835,0.0000000000000000,16.6575563369800221,3.0000855283084018,-2897682.165540,0.801809,2897681.3637335221283,-2323379.6176757812500,0,3.1e-08
0.9971243494773562,0.0,0.0036485514671173,0.0000000000000000,0.0026243107778652,0.0000000000000000,16.6576563369800219,3.0000855311145327,-2897486.323079,0.802334,2897485.5207533352077,-2324726.1367187500000,0,2.4e-07
0.9971245174687989,0.0,0.0036486283058727,0.0000000000000000,0.0026232624742791,0.0000000000000000,16.6577563369800217,3.0000855339180590,-2897291.233869,0.802857,2897290.4310212605633,-2326082.2373046875000,0,4.4e-08
0.9971246853422544,0.0,0.0036487050360513,0.0000000000000000,0.0026222148393306,0.0000000000000000,16.6578563369800214,3.0000855367189829,-2897095.185382,0.803412,2897094.3819796498865,-2327532.4125976562500,0,1.8e-07
0.9971248530978049,0.0,0.0036487816578104,0.0000000000000000,0.0026211678725432,0.0000000000000000,16.6579563369800212,3.0000855395173085,-2896899.497082,0.803923,2896898.6931676953100,-2328858.1083984375000,0,1.6e-06
0.9971250207356194,0.0,0.0036488581713503,0.0000000000000000,0.0026201215730428,0.0000000000000000,16.6580563369800210,3.0000855423130384,-2896698.095194,0.804461,2896697.2907320917584,-2330282.4775390625000,0,7.1e-08
0.9971251882558341,0.0,0.0036489345768644,0.0000000000000000,0.0026190759401266,0.0000000000000000,16.6581563369800207,3.0000855451061761,-2896500.087990,0.804923,2896499.2830622456968,-2331470.2226562500000,0,3.1e-07
0.9971253556585918,0.0,0.0036490108745424,0.0000000000000000,0.0026180309730528,0.0000000000000000,16.6582563369800241,3.0000855478967234,-2896301.152633,0.805508,2896300.3471373491921,-2332954.9199218750000,0,3.5e-08
0.9971255229440303,0.0,0.0036490870645738,0.0000000000000000,0.0026169866711432,0.0000000000000000,16.6583563369800238,3.0000855506846849,-2896100.025994,0.806007,2896099.2199923917651,-2334259.3393554687500,0,1.6e-08
0.9971256901123018,0.0,0.0036491631471514,0.0000000000000000,0.0026159430335683,0.0000000000000000,16.6584563369800236,3.0000855534700630,-2895899.504049,0.806539,2895898.6975153172389,-2335638.2558593750000,0,1.9e-07
0.9971258571635375,0.0,0.0036492391224588,0.0000000000000000,0.0026149000596549,0.0000000000000000,16.6585563369800234,3.0000855562528610,-2895695.863864,0.807105,2895695.0567765599117,-2337078.6948242187500,0,1.7e-07
0.9971260240978509,0.0,0.0036493149906671,0.0000000000000000,0.0026138577487709,0.0000000000000000,16.6586563369800231,3.0000855590330819,-2895493.107238,0.807569,2895492.2996751582250,-2338289.4960937500000,0,8.4e-07
0.9971261909154137,0.0,0.0036493907519891,0.0000000000000000,0.0026128161001027,0.0000000000000000,16.6587563369800229,3.0000855618107289,-2895290.838076,0.808091,2895290.0299829440191,-2339662.2070312500000,0,2.0e-08
0.9971263576163598,0.0,0.0036494664066024,0.0000000000000000,0.0026117751128991,0.0000000000000000,16.6588563369800227,3.0000855645858051,-2895085.699637,0.808654,2895084.8909830786288,-2341119.3710937500000,0,3.7e-08
0.9971265242008192,0.0,0.0036495419546905,0.0000000000000000,0.0026107347864968,0.0000000000000000,16.6589563369800224,3.0000855673583136,-2894880.983070,0.809175,2894880.1739001497626,-2342449.5429687500000,0,1.8e-08
0.9971266906689340,0.0,0.0036496173964401,0.0000000000000000,0.0026096951201347,0.0000000000000000,16.6590563369800222,3.0000855701282574,-2894674.653473,0.809646,2894673.8438056153245,-2343722.0410156250000,0,1.8e-07
0.9971268570208413,0.0,0.0036496927320394,0.0000000000000000,0.0026086561131333,0.0000000000000000,16.6591563369800220,3.0000855728956397,-2894469.483457,0.810227,2894468.6732329670340,-2345167.4521484375000,0,2.5e-07
0.9971270232566795,0.0,0.0036497679616718,0.0000000000000000,0.0026076177647632,0.0000000000000000,16.6592563369800217,3.0000855756604636,-2894260.347108,0.810736,2894259.5363639742136,-2346502.2099609375000,0,2.8e-07
0.9971271893765965,0.0,0.0036498430855285,0.0000000000000000,0.0026065800742429,0.0000000000000000,16.6593563369800215,3.0000855784227309,-2894053.349987,0.811254,2894052.5387232978828,-2347837.5869140625000,0,3.8e-08
0.9971273553807281,0.0,0.0036499181037932,0.0000000000000000,0.0026055430408798,0.0000000000000000,16.6594563369800213,3.0000855811824469,-2893844.015113,0.811760,2893843.2033458482474,-2349125.1962890625000,0,9.1e-08
0.9971275212692076,0.0,0.0036499930166479,0.0000000000000000,0.0026045066639709,0.0000000000000000,16.6595563369800210,3.0000855839396134,-2893635.395793,0.812338,2893634.5834512836300,-2350618.4116210937500,0,1.4e-07
0.9971276870421678,0.0,0.0036500678242724,0.0000000000000000,0.0026034709428121,0.0000000000000000,16.6596563369800208,3.0000855866942331,-2893424.413302,0.812862,2893423.6004500654526,-2351923.2563476562500,0,8.1e-08
0.9971278526997563,0.0,0.0036501425268571,0.0000000000000000,0.0026024358766486,0.0000000000000000,16.6597563369800241,3.0000855894463103,-2893212.869613,0.813397,2893212.0562200844288,-2353316.0610351562500,0,9.7e-09
0.9971280182421143,0.0,0.0036502171245881,0.0000000000000000,0.0026014014647538,0.0000000000000000,16.6598563369800239,3.0000855921958469,-2892999.203401,0.813870,2892998.3895171624608,-2354564.3134765625000,0,4.1e-08
0.9971281836693682,0.0,0.0036502916176408,0.0000000000000000,0.0026003677064506,0.0000000000000000,16.6599563369800237,3.0000855949428469,-2892786.134061,0.814450,2892785.3196018347517,-2356055.0541992187500,0,5.5e-07
0.9971283489816607,0.0,0.0036503660062021,0.0000000000000000,0.0025993346009866,0.0000000000000000,16.6600563369800234,3.0000855976873120,-2892572.965546,0.815031,2892572.1505381735042,-2357467.4370117187500,0,1.4e-08
0.9971285141791163,0.0,0.0036504402904465,0.0000000000000000,0.0025983021477264,0.0000000000000000,16.6601563369800232,3.0000856004292471,-2892358.563058,0.815538,2892357.7475281837396,-2358803.0000000000000,0,1.0e-07
0.9971286792619021,0.0,0.0036505144705745,0.0000000000000000,0.0025972703458152,0.0000000000000000,16.6602563369800230,3.0000856031686531,-2892144.267807,0.816025,2892143.4517698604614,-2360094.8457031250000,0,1.2e-07
0.9971288442301351,0.0,0.0036505885467544,0.0000000000000000,0.0025962391946166,0.0000000000000000,16.6603563369800227,3.0000856059055345,-2891928.685711,0.816609,2891927.8691192511469,-2361521.7910156250000,0,2.6e-08
0.9971290090839654,0.0,0.0036506625191775,0.0000000000000000,0.0025952086933746,0.0000000000000000,16.6604563369800225,3.0000856086398944,-2891711.401778,0.817106,2891710.5846704253927,-2362835.8588867187500,0,1.3e-07
0.9971291738235057,0.0,0.0036507363880082,0.0000000000000000,0.0025941788414595,0.0000000000000000,16.6605563369800223,3.0000856113717349,-2891493.905508,0.817644,2891493.0878643118776,-2364210.0292968750000,0,1.2e-07
0.9971293384489021,0.0,0.0036508101534341,0.0000000000000000,0.0025931496381210,0.0000000000000000,16.6606563369800220,3.0000856141010601,-2891277.278396,0.818151,2891276.4602365070023,-2365524.6171875000000,0,2.2e-09
0.9971295029603053,0.0,0.0036508838156445,0.0000000000000000,0.0025921210825979,0.0000000000000000,16.6607563369800218,3.0000856168278722,-2891057.548393,0.818732,2891056.7296605929732,-2366999.6357421875000,0,1.5e-07
0.9971296673578476,0.0,0.0036509573748167,0.0000000000000000,0.0025910931741911,0.0000000000000000,16.6608563369800216,3.0000856195521743,-2890836.935897,0.819239,2890836.1166532761417,-2368296.6801757812500,0,2.2e-07
0.9971298316416651,0.0,0.0036510308311301,0.0000000000000000,0.0025900659121737,0.0000000000000000,16.6609563369800213,3.0000856222739691,-2890617.269343,0.819821,2890616.4495479934849,-2369712.7211914062500,0,4.0e-07
0.9971299958118859,0.0,0.0036511041847580,0.0000000000000000,0.0025890392958824,0.0000000000000000,16.6610563369800211,3.0000856249932615,-2890396.685820,0.820301,2890395.8655251082964,-2370975.9965820312500,0,2.2e-07
0.9971301598686383,0.0,0.0036511774358781,0.0000000000000000,0.0025880133246514,0.0000000000000000,16.6611563369800209,3.0000856277100518,-2890175.893857,0.820824,2890175.0730335465632,-2372320.7260742187500,0,1.5e-07
0.9971303238120772,0.0,0.0036512505846782,0.0000000000000000,0.0025869879976637,0.0000000000000000,16.6612563369800242,3.0000856304243451,-2889952.909692,0.821373,2889952.0883210124448,-2373721.5195312500000,0,2.8e-07
0.9971304876423347,0.0,0.0036513236313345,0.0000000000000000,0.0025859633142462,0.0000000000000000,16.6613563369800239,3.0000856331361430,-2889729.051318,0.821914,2889728.2294018450193,-2375113.7314453125000,0,6.0e-08
0.9971306513595414,0.0,0.0036513965760216,0.0000000000000000,0.0025849392736954,0.0000000000000000,16.6614563369800237,3.0000856358454491,-2889504.518965,0.822427,2889503.6965278312564,-2376432.4643554687500,0,7.3e-07
0.9971308149638421,0.0,0.0036514694189247,0.0000000000000000,0.0025839158752686,0.0000000000000000,16.6615563369800235,3.0000856385522665,-2889278.696590,0.822982,2889277.8736276612617,-2377766.2602539062500,0,4.1e-07
0.9971309784553308,0.0,0.0036515421601940,0.0000000000000000,0.0025828931184271,0.0000000000000000,16.6616563369800232,3.0000856412565984,-2889052.079611,0.823515,2889051.2560871313326,-2379202.6894531250000,0,8.4e-07
0.9971311418342366,0.0,0.0036516148000666,0.0000000000000000,0.0025818710020896,0.0000000000000000,16.6617563369800230,3.0000856439584469,-2888829.111645,0.824050,2888828.2876003338024,-2380523.0112304687500,0,1.8e-07
0.9971313051006135,0.0,0.0036516873386669,0.0000000000000000,0.0025808495258788,0.0000000000000000,16.6618563369800228,3.0000856466578161,-2888599.087480,0.824571,2888598.2629033988342,-2381868.3193359375000,0,6.6e-07
0.9971314682546089,0.0,0.0036517597761811,0.0000000000000000,0.0025798286890273,0.0000000000000000,16.6619563369800225,3.0000856493547081,-2888373.308950,0.825164,2888372.4837996475399,-2383339.1562500000000,0,1.4e-07
0.9971316312963594,0.0,0.0036518321127831,0.0000000000000000,0.0025788084908109,0.0000000000000000,16.6620563369800223,3.0000856520491261,-2888144.609748,0.825686,2888143.7840798506513,-2384647.8862304687500,0,6.0e-08
0.9971317942260361,0.0,0.0036519043486739,0.0000000000000000,0.0025777889304001,0.0000000000000000,16.6621563369800221,3.0000856547410741,-2887916.550366,0.826181,2887915.7241772185080,-2385960.9663085937500,0,5.5e-07
0.9971319570437251,0.0,0.0036519764839963,0.0000000000000000,0.0025767700072727,0.0000000000000000,16.6622563369800218,3.0000856574305530,-2887686.185185,0.826711,2887685.3584747896530,-2387278.1450195312500,0,1.3e-07
0.9971321197495849,0.0,0.0036520485189422,0.0000000000000000,0.0025757517206277,0.0000000000000000,16.6623563369800216,3.0000856601175676,-2887454.487810,0.827329,2887453.6605088021606,-2388791.5712890625000,0,2.7e-07
0.9971322823437447,0.0,0.0036521204536855,0.0000000000000000,0.0025747340698122,0.0000000000000000,16.6624563369800214,3.0000856628021197,-2887225.902526,0.827767,2887225.0747405760922,-2390001.3554687500000,0,7.5e-08
0.9971324448263388,0.0,0.0036521922883954,0.0000000000000000,0.0025737170540751,0.0000000000000000,16.6625563369800211,3.0000856654842134,-2886991.801780,0.828377,2886990.9734117258340,-2391489.6284179687500,0,1.0e-07
0.9971326071975187,0.0,0.0036522640232599,0.0000000000000000,0.0025727006726622,0.0000000000000000,16.6626563369800209,3.0000856681638499,-2886760.587647,0.828855,2886759.7587914802134,-2392704.0400390625000,0,1.7e-07
0.9971327694573719,0.0,0.0036523356584247,0.0000000000000000,0.0025716849250833,0.0000000000000000,16.6627563369800242,3.0000856708410342,-2886525.229179,0.829401,2886524.3997600898147,-2394135.9692382812500,0,2.6e-08
0.9971329316060981,0.0,0.0036524071941017,0.0000000000000000,0.0025706698103382,0.0000000000000000,16.6628563369800240,3.0000856735157679,-2886290.900455,0.829951,2886290.0705056227744,-2395473.4096679687500,0,1.1e-07
0.9971330936437737,0.0,0.0036524786304299,0.0000000000000000,0.0025696553279727,0.0000000000000000,16.6629563369800238,3.0000856761880543,-2886055.096549,0.830499,2886054.2660461892374,-2396873.6210937500000,0,3.8e-08
0.9971332555705724,0.0,0.0036525499676065,0.0000000000000000,0.0025686414771073,0.0000000000000000,16.6630563369800235,3.0000856788578965,-2885821.049846,0.831006,2885820.2188331023790,-2398151.1870117187500,0,6.4e-07
0.9971334173865922,0.0,0.0036526212057828,0.0000000000000000,0.0025676282572266,0.0000000000000000,16.6631563369800233,3.0000856815252970,-2885583.516632,0.831624,2885582.6850123307668,-2399707.2246093750000,0,4.7e-08
0.9971335790919820,0.0,0.0036526923451395,0.0000000000000000,0.0025666156675185,0.0000000000000000,16.6632563369800231,3.0000856841902590,-2885347.902609,0.832129,2885347.0704983244650,-2400926.0830078125000,0,4.6e-07
0.9971337406869025,0.0,0.0036527633858657,0.0000000000000000,0.0025656037072145,0.0000000000000000,16.6633563369800228,3.0000856868527861,-2885108.053168,0.832679,2885107.2204835684970,-2402381.2338867187500,0,1.6e-07
0.9971339021714356,0.0,0.0036528343281012,0.0000000000000000,0.0025645923757914,0.0000000000000000,16.6634563369800226,3.0000856895128796,-2884870.388197,0.833186,2884869.5550110992044,-2403631.7182617187500,0,4.6e-07
0.9971340635457552,0.0,0.0036529051720443,0.0000000000000000,0.0025635816724084,0.0000000000000000,16.6635563369800224,3.0000856921705443,-2884630.756403,0.833745,2884629.9226658763364,-2405020.8066406250000,0,1.4e-07
0.9971342248100000,0.0,0.0036529759178672,0.0000000000000000,0.0025625715963385,0.0000000000000000,16.6636563369800221,3.0000856948257821,-2884391.858865,0.834252,2884391.0245969416574,-2406354.8046875000000,0,1.3e-07
0.9971343859642328,0.0,0.0036530465656960,0.0000000000000000,0.0025615621471392,0.0000000000000000,16.6637563369800219,3.0000856974785957,-2884149.848499,0.834872,2884149.0136398877949,-2407855.5009765625000,0,3.2e-07
0.9971345470086657,0.0,0.0036531171157562,0.0000000000000000,0.0025605533238640,0.0000000000000000,16.6638563369800217,3.0000857001289880,-2883910.058205,0.835374,2883909.2228326699696,-2409135.9404296875000,0,9.5e-08
0.9971347079434129,0.0,0.0036531875681986,0.0000000000000000,0.0025595451257959,0.0000000000000000,16.6639563369800214,3.0000857027769627,-2883669.056965,0.835927,2883668.2210491397418,-2410502.3515625000000,0,6.6e-07
0.9971348687685700,0.0,0.0036532579231772,0.0000000000000000,0.0025585375525052,0.0000000000000000,16.6640563369800212,3.0000857054225221,-2883423.683281,0.836401,2883422.8468600157648,-2411753.0693359375000,0,2.3e-07
0.9971350294842821,0.0,0.0036533281808647,0.0000000000000000,0.0025575306031365,0.0000000000000000,16.6641563369800210,3.0000857080656691,-2883183.616198,0.836995,2883182.7792006293312,-2413214.5776367187500,0,3.2e-07
0.9971351900907159,0.0,0.0036533983414523,0.0000000000000000,0.0025565242768932,0.0000000000000000,16.6642563369800207,3.0000857107064069,-2882938.684225,0.837571,2882937.8466622522101,-2414639.4150390625000,0,1.1e-06
0.9971353505879642,0.0,0.0036534684050846,0.0000000000000000,0.0025555185732728,0.0000000000000000,16.6643563369800241,3.0000857133447387,-2882692.306502,0.838067,2882691.4684129967354,-2415949.8696289062500,0,2.6e-07
0.9971355109761929,0.0,0.0036535383719520,0.0000000000000000,0.0025545134914211,0.0000000000000000,16.6644563369800238,3.0000857159806666,-2882447.388860,0.838598,2882446.5502622066997,-2417213.4453125000000,0,6.6e-08
0.9971356712555005,0.0,0.0036536082422012,0.0000000000000000,0.0025535090307612,0.0000000000000000,16.6645563369800236,3.0000857186141938,-2882201.631876,0.839251,2882200.7926547303796,-2418803.8750000000000,0,2.8e-07
0.9971358314260346,0.0,0.0036536780160085,0.0000000000000000,0.0025525051905530,0.0000000000000000,16.6646563369800234,3.0000857212453229,-2881955.360242,0.839705,2881954.5205247960985,-2420024.2153320312500,0,1.9e-07
0.9971359914879168,0.0,0.0036537476935391,0.0000000000000000,0.0025515019701653,0.0000000000000000,16.6647563369800231,3.0000857238740575,-2881706.847989,0.840271,2881706.0077320844866,-2421370.9497070312500,0,2.0e-08
0.9971361514412943,0.0,0.0036538172749694,0.0000000000000000,0.0025504993688255,0.0000000000000000,16.6648563369800229,3.0000857265003997,-2881461.679094,0.840880,2881460.8382428083569,-2422878.0639648437500,0,1.9e-06
0.9971363112862842,0.0,0.0036538867604503,0.0000000000000000,0.0025494973859053,0.0000000000000000,16.6649563369800227,3.0000857291243532,-2881209.302133,0.841324,2881208.4607809497975,-2424110.0063476562500,0,6.9e-07
0.9971364710230410,0.0,0.0036539561501703,0.0000000000000000,0.0025484960205935,0.0000000000000000,16.6650563369800224,3.0000857317459197,-2880960.240192,0.841856,2880959.3983160988428,-2425407.8149414062500,0,3.3e-08
0.9971366306516425,0.0,0.0036540254442628,0.0000000000000000,0.0025474952724721,0.0000000000000000,16.6651563369800222,3.0000857343651028,-2880710.582428,0.842504,2880709.7399364598095,-2426973.1904296875000,0,3.2e-07
0.9971367901722771,0.0,0.0036540946429245,0.0000000000000000,0.0025464951405722,0.0000000000000000,16.6652563369800220,3.0000857369819056,-2880457.055275,0.842950,2880456.2123068049550,-2428131.8120117187500,0,1.5e-07
0.9971369495850598,0.0,0.0036541637463153,0.0000000000000000,0.0025454956242982,0.0000000000000000,16.6653563369800217,3.0000857395963307,-2880208.897830,0.843596,2880208.0542451268993,-2429698.4541015625000,0,1.4e-07
0.9971371088900909,0.0,0.0036542327545774,0.0000000000000000,0.0025444967230419,0.0000000000000000,16.6654563369800215,3.0000857422083809,-2879952.869781,0.844049,2879952.0257085436024,-2430888.2675781250000,0,1.6e-07
0.9971372680875317,0.0,0.0036543016679006,0.0000000000000000,0.0025434984360565,0.0000000000000000,16.6655563369800213,3.0000857448180591,-2879700.882838,0.844697,2879700.0381549866870,-2432433.6513671875000,0,2.6e-07
0.9971374271775061,0.0,0.0036543704864419,0.0000000000000000,0.0025425007626497,0.0000000000000000,16.6656563369800210,3.0000857474253682,-2879446.726862,0.845226,2879445.8816312709823,-2433795.7939453125000,0,6.8e-08
0.9971375861601389,0.0,0.0036544392103614,0.0000000000000000,0.0025415037021378,0.0000000000000000,16.6657563369800208,3.0000857500303102,-2879193.895475,0.845689,2879193.0497947563417,-2434876.0874023437500,0,1.5e-07
0.9971377450355590,0.0,0.0036545078398255,0.0000000000000000,0.0025405072538791,0.0000000000000000,16.6658563369800241,3.0000857526328897,-2878938.477815,0.846315,2878937.6314945961349,-2436501.7431640625000,0,7.2e-08
0.9971379038038976,0.0,0.0036545763749969,0.0000000000000000,0.0025395114171625,0.0000000000000000,16.6659563369800239,3.0000857552331079,-2878681.099133,0.846843,2878680.2522895801812,-2437790.6416015625000,0,2.2e-08
0.9971380624652969,0.0,0.0036546448160467,0.0000000000000000,0.0025385161912634,0.0000000000000000,16.6660563369800236,3.0000857578309681,-2878425.734730,0.847323,2878424.8874067626894,-2438954.5537109375000,0,1.5e-07
0.9971382210198632,0.0,0.0036547131631242,0.0000000000000000,0.0025375215755856,0.0000000000000000,16.6661563369800234,3.0000857604264737,-2878169.016344,0.847873,2878168.1684455727227,-2440394.3134765625000,0,1.6e-07
0.9971383794677237,0.0,0.0036547814163917,0.0000000000000000,0.0025365275694778,0.0000000000000000,16.6662563369800232,3.0000857630196269,-2877911.215676,0.848418,2877910.3672433402389,-2441710.4169921875000,0,2.5e-07
0.9971385378090334,0.0,0.0036548495760241,0.0000000000000000,0.0025355341721204,0.0000000000000000,16.6663563369800229,3.0000857656104309,-2877653.254394,0.849003,2877652.4054022161290,-2443102.5073242187500,0,1.1e-07
0.9971386960439057,0.0,0.0036549176421769,0.0000000000000000,0.0025345413829237,0.0000000000000000,16.6664563369800227,3.0000857681988888,-2877392.248080,0.849632,2877391.3984692562371,-2444661.7524414062500,0,6.6e-08
0.9971388541724768,0.0,0.0036549856150153,0.0000000000000000,0.0025335492011679,0.0000000000000000,16.6665563369800225,3.0000857707850019,-2877135.973703,0.850167,2877135.1235447777435,-2446019.8056640625000,0,2.5e-07
0.9971390121948642,0.0,0.0036550534946956,0.0000000000000000,0.0025325576262454,0.0000000000000000,16.6666563369800222,3.0000857733687747,-2876874.856076,0.850598,2876874.0054766251706,-2447064.9907226562500,0,3.8e-07
0.9971391701111981,0.0,0.0036551212813752,0.0000000000000000,0.0025315666574191,0.0000000000000000,16.6667563369800220,3.0000857759502089,-2876611.734214,0.851280,2876610.8829446258023,-2448769.5561523437500,0,6.4e-08
0.9971393279216253,0.0,0.0036551889752312,0.0000000000000000,0.0025305762939858,0.0000000000000000,16.6668563369800218,3.0000857785293080,-2876351.111635,0.851835,2876350.2598192766309,-2450118.8168945312500,0,3.0e-07
0.9971394856262363,0.0,0.0036552565763978,0.0000000000000000,0.0025295865353918,0.0000000000000000,16.6669563369800215,3.0000857811060748,-2876089.297473,0.852327,2876088.4451509546489,-2451352.5820312500000,0,2.5e-07
0.9971396432251999,0.0,0.0036553240850607,0.0000000000000000,0.0025285973808114,0.0000000000000000,16.6670563369800213,3.0000857836805115,-2875826.871963,0.852926,2875826.0190524705686,-2452820.3261718750000,0,7.8e-08
0.9971398007186308,0.0,0.0036553915013727,0.0000000000000000,0.0025276088296298,0.0000000000000000,16.6671563369800211,3.0000857862526220,-2875560.910673,0.853454,2875560.0572450053878,-2454083.4306640625000,0,6.2e-08
0.9971399581066410,0.0,0.0036554588254818,0.0000000000000000,0.0025266208812128,0.0000000000000000,16.6672563369800208,3.0000857888224077,-2875296.894196,0.854035,2875296.0401687799022,-2455580.1201171875000,0,4.1e-07
0.9971401153893615,0.0,0.0036555260575529,0.0000000000000000,0.0025256335349053,0.0000000000000000,16.6673563369800242,3.0000857913898722,-2875033.823539,0.854513,2875032.9690145589411,-2456785.3159179687500,0,9.4e-08
0.9971402725669324,0.0,0.0036555931977477,0.0000000000000000,0.0025246467899445,0.0000000000000000,16.6674563369800239,3.0000857939550181,-2874767.372374,0.855031,2874766.5173216625117,-2458075.9741210937500,0,1.9e-07
0.9971404296394829,0.0,0.0036556602462284,0.0000000000000000,0.0025236606456946,0.0000000000000000,16.6675563369800237,3.0000857965178476,-2874500.983500,0.855618,2874500.1278702886775,-2459507.8569335937500,0,9.2e-07
0.9971405866071154,0.0,0.0036557272031416,0.0000000000000000,0.0025226751015727,0.0000000000000000,16.6676563369800235,3.0000857990783647,-2874233.691690,0.856186,2874232.8355106585659,-2460857.5795898437500,0,2.6e-08
0.9971407434699922,0.0,0.0036557940686614,0.0000000000000000,0.0025216901567502,0.0000000000000000,16.6677563369800232,3.0000858016365712,-2873966.669354,0.856783,2873965.8126031290740,-2462271.6191406250000,0,4.0e-08
0.9971409002281906,0.0,0.0036558608429160,0.0000000000000000,0.0025207058107513,0.0000000000000000,16.6678563369800230,3.0000858041924703,-2873695.323440,0.857328,2873694.4661175338551,-2463680.5820312500000,0,4.3e-07
0.9971410568818988,0.0,0.0036559275261022,0.0000000000000000,0.0025197220626823,0.0000000000000000,16.6679563369800228,3.0000858067460650,-2873429.509117,0.857783,2873428.6513034319505,-2464865.7436523437500,0,6.2e-07
0.9971412134311988,0.0,0.0036559941183507,0.0000000000000000,0.0025187389120416,0.0000000000000000,16.6680563369800225,3.0000858092973575,-2873161.183598,0.858341,2873160.3252283590846,-2466232.9902343750000,0,4.9e-07
0.9971413698762510,0.0,0.0036560606198348,0.0000000000000000,0.0025177563580240,0.0000000000000000,16.6681563369800223,3.0000858118463505,-2872889.680201,0.858945,2872888.8212527525611,-2467660.8735351562500,0,2.3e-08
0.9971415262171387,0.0,0.0036561270306869,0.0000000000000000,0.0025167744001253,0.0000000000000000,16.6682563369800221,3.0000858143930467,-2872618.622553,0.859452,2872617.7630756152794,-2468949.8105468750000,0,7.9e-08
0.9971416824540197,0.0,0.0036561933510831,0.0000000000000000,0.0025157930375691,0.0000000000000000,16.6683563369800218,3.0000858169374500,-2872344.181011,0.860079,2872343.3209413187578,-2470414.5883789062500,0,2.1e-07
0.9971418385869960,0.0,0.0036562595811671,0.0000000000000000,0.0025148122698095,0.0000000000000000,16.6684563369800216,3.0000858194795619,-2872076.007295,0.860682,2872075.1466377982870,-2471870.2060546875000,0,2.2e-08
0.9971419946162342,0.0,0.0036563257211124,0.0000000000000000,0.0025138320959451,0.0000000000000000,16.6685563369800214,3.0000858220193853,-2871802.553761,0.861263,2871801.6925309728831,-2473279.3486328125000,0,7.5e-08
0.9971421505418109,0.0,0.0036563917710495,0.0000000000000000,0.0025128525155675,0.0000000000000000,16.6686563369800211,3.0000858245569240,-2871530.323500,0.861648,2871529.4618195355870,-2474339.1411132812500,0,1.1e-07
0.9971423063638816,0.0,0.0036564577311509,0.0000000000000000,0.0025118735278859,0.0000000000000000,16.6687563369800209,3.0000858270921791,-2871254.188347,0.862381,2871253.3259914452210,-2476039.5888671875000,0,1.7e-07
0.9971424620825765,0.0,0.0036565236015726,0.0000000000000000,0.0025108951321941,0.0000000000000000,16.6688563369800242,3.0000858296251542,-2870981.462429,0.862898,2870980.5995226693340,-2477385.9912109375000,0,4.4e-08
0.9971426176979949,0.0,0.0036565893824542,0.0000000000000000,0.0025099173279504,0.0000000000000000,16.6689563369800240,3.0000858321558526,-2870704.185627,0.863472,2870703.3221620395780,-2478751.2895507812500,0,5.0e-08
0.9971427732102820,0.0,0.0036566550739633,0.0000000000000000,0.0025089401144280,0.0000000000000000,16.6690563369800238,3.0000858346842754,-2870433.121182,0.864005,2870432.2571831867099,-2480047.8559570312500,0,1.8e-07
0.9971429286195616,0.0,0.0036567206762480,0.0000000000000000,0.0025079634909188,0.0000000000000000,16.6691563369800235,3.0000858372104275,-2870154.707797,0.864398,2870153.8433549562469,-2481080.6782226562500,0,1.3e-07
0.9971430839259379,0.0,0.0036567861894560,0.0000000000000000,0.0025069874569134,0.0000000000000000,16.6692563369800233,3.0000858397343100,-2869878.048663,0.865025,2869877.1836044392549,-2482609.7719726562500,0,6.2e-09
0.9971432391295663,0.0,0.0036568516137550,0.0000000000000000,0.0025060120115916,0.0000000000000000,16.6693563369800231,3.0000858422559258,-2869601.228610,0.865710,2869600.3629272067919,-2484162.7612304687500,0,2.6e-08
0.9971433942305407,0.0,0.0036569169492794,0.0000000000000000,0.0025050371544075,0.0000000000000000,16.6694563369800228,3.0000858447752781,-2869321.824491,0.866205,2869320.9582844325341,-2485423.5444335937500,0,1.6e-07
0.9971435492290082,0.0,0.0036569821961960,0.0000000000000000,0.0025040628846280,0.0000000000000000,16.6695563369800226,3.0000858472923686,-2869042.069886,0.866843,2869041.2030997616239,-2486843.5776367187500,0,8.4e-08
0.9971437041250925,0.0,0.0036570473546562,0.0000000000000000,0.0025030892015805,0.0000000000000000,16.6696563369800224,3.0000858498072014,-2868762.835673,0.867403,2868761.9683394650929,-2488172.7490234375000,0,4.9e-07
0.9971438589189033,0.0,0.0036571124248046,0.0000000000000000,0.0025021161047012,0.0000000000000000,16.6697563369800221,3.0000858523197786,-2868481.883894,0.867859,2868481.0160214756615,-2489474.8593750000000,0,8.4e-08
0.9971440136105637,0.0,0.0036571774067931,0.0000000000000000,0.0025011435933252,0.0000000000000000,16.6698563369800219,3.0000858548301022,-2868203.663959,0.868458,2868202.7955187270418,-2490862.1494140625000,0,2.9e-07
0.9971441682002117,0.0,0.0036572423007764,0.0000000000000000,0.0025001716666980,0.0000000000000000,16.6699563369800217,3.0000858573381763,-2867917.892177,0.869052,2867917.0231488551944,-2492300.5898437500000,0,4.7e-07
0.9971443226879753,0.0,0.0036573071069132,0.0000000000000000,0.0024992003241843,0.0000000000000000,16.6700563369800214,3.0000858598440026,-2867639.533053,0.869489,2867638.6635426101275,-2493439.3945312500000,0,2.2e-07
0.9971444770739493,0.0,0.0036573718253377,0.0000000000000000,0.0024982295652630,0.0000000000000000,16.6701563369800212,3.0000858623475843,-2867354.574311,0.870060,2867353.7042602840811,-2494741.1191406250000,0,4.8e-08
0.9971446313582800,0.0,0.0036574364562116,0.0000000000000000,0.0024972593891600,0.0000000000000000,16.6702563369800210,3.0000858648489230,-2867072.714428,0.870595,2867071.8438190729357,-2496095.8603515625000,0,4.8e-08
0.9971447855410819,0.0,0.0036575009996804,0.0000000000000000,0.0024962897952672,0.0000000000000000,16.6703563369800207,3.0000858673480226,-2866787.415715,0.871130,2866786.5445467694663,-2497453.2407226562500,0,5.9e-08
0.9971449396224946,0.0,0.0036575654559018,0.0000000000000000,0.0024953207828301,0.0000000000000000,16.6704563369800240,3.0000858698448858,-2866506.383575,0.871784,2866505.5118346014060,-2498846.4423828125000,0,4.2e-08
0.9971450936026174,0.0,0.0036576298250150,0.0000000000000000,0.0024943523513425,0.0000000000000000,16.6705563369800238,3.0000858723395138,-2866221.057693,0.872435,2866220.1852726545185,-2500548.5498046875000,0,3.1e-07
0.9971452474815727,0.0,0.0036576941071678,0.0000000000000000,0.0024933845001478,0.0000000000000000,16.6706563369800236,3.0000858748319108,-2865934.328624,0.872880,2865933.4556980193593,-2501746.3540039062500,0,1.6e-08
0.9971454012595118,0.0,0.0036577583025247,0.0000000000000000,0.0024924172284512,0.0000000000000000,16.6707563369800233,3.0000858773220793,-2865649.352638,0.873556,2865648.4791055051610,-2503234.9565429687500,0,9.1e-09
0.9971455549365364,0.0,0.0036578224112277,0.0000000000000000,0.0024914505357026,0.0000000000000000,16.6708563369800231,3.0000858798100207,-2865365.761448,0.874144,2865364.8873474793509,-2504617.0932617187500,0,3.3e-06
0.9971457085127684,0.0,0.0036578864334125,0.0000000000000000,0.0024904844212726,0.0000000000000000,16.6709563369800229,3.0000858822957395,-2865074.428413,0.874653,2865073.5537906838581,-2505857.0244140625000,0,6.7e-07
0.9971458619883108,0.0,0.0036579503692287,0.0000000000000000,0.0024895188845576,0.0000000000000000,16.6710563369800226,3.0000858847792364,-2864785.093666,0.875104,2864784.2185522392392,-2507011.8403320312500,0,4.2e-08
0.9971460153633402,0.0,0.0036580142188508,0.0000000000000000,0.0024885539247095,0.0000000000000000,16.6711563369800224,3.0000858872605161,-2864499.119002,0.875731,2864498.2432726887055,-2508523.8627929687500,0,2.6e-07
0.9971461686379218,0.0,0.0036580779823969,0.0000000000000000,0.0024875895413408,0.0000000000000000,16.6712563369800222,3.0000858897395792,-2864206.958538,0.876249,2864206.0822689598426,-2509814.1240234375000,0,1.2e-08
0.9971463218122016,0.0,0.0036581416600237,0.0000000000000000,0.0024866257336567,0.0000000000000000,16.6713563369800220,3.0000858922164291,-2863916.616726,0.876845,2863915.7399062728509,-2511135.8125000000000,0,3.5e-07
0.9971464748863459,0.0,0.0036582052519060,0.0000000000000000,0.0024856625008330,0.0000000000000000,16.6714563369800217,3.0000858946910700,-2863629.120760,0.877401,2863628.2433294164948,-2512632.7675781250000,0,2.4e-07
0.9971466278603645,0.0,0.0036582687581256,0.0000000000000000,0.0024846998427059,0.0000000000000000,16.6715563369800215,3.0000858971635025,-2863333.358086,0.877945,2863332.4801287823357,-2513881.5991210937500,0,1.1e-07
0.9971467807344806,0.0,0.0036583321788878,0.0000000000000000,0.0024837377582034,0.0000000000000000,16.6716563369800213,3.0000858996337296,-2863042.921992,0.878605,2863042.0434181806631,-2515393.0815429687500,0,4.3e-07
0.9971469335087586,0.0,0.0036583955143067,0.0000000000000000,0.0024827762469095,0.0000000000000000,16.6717563369800210,3.0000859021017545,-2862750.879970,0.879110,2862750.0008756471798,-2516626.4477539062500,0,1.9e-07
0.9971470861833517,0.0,0.0036584587645459,0.0000000000000000,0.0024818153080591,0.0000000000000000,16.6718563369800208,3.0000859045675794,-2862458.679074,0.879626,2862457.7994355857372,-2517926.3212890625000,0,5.2e-07
0.9971472387583754,0.0,0.0036585219297492,0.0000000000000000,0.0024808549410290,0.0000000000000000,16.6719563369800241,3.0000859070312074,-2862165.766956,0.880110,2862164.8867991371080,-2519152.2905273437500,0,2.4e-07
0.9971473912339333,0.0,0.0036585850100521,0.0000000000000000,0.0024798951452578,0.0000000000000000,16.6720563369800239,3.0000859094926406,-2861871.735279,0.880791,2861870.8545031272806,-2520666.2163085937500,0,2.5e-07
0.9971475436101563,0.0,0.0036586480056041,0.0000000000000000,0.0024789359200625,0.0000000000000000,16.6721563369800236,3.0000859119518819,-2861578.161628,0.881397,2861577.2801946210675,-2522288.6171875000000,0,3.8e-07
0.9971476958871675,0.0,0.0036587109165508,0.0000000000000000,0.0024779772647604,0.0000000000000000,16.6722563369800234,3.0000859144089338,-2861281.945529,0.881853,2861281.0636272458360,-2523368.9199218750000,0,4.3e-07
0.9971478480650960,0.0,0.0036587737430452,0.0000000000000000,0.0024770191787185,0.0000000000000000,16.6723563369800232,3.0000859168637981,-2860984.497988,0.882578,2860983.6154301897623,-2524981.0166015625000,0,1.7e-07
0.9971480001440244,0.0,0.0036588364852047,0.0000000000000000,0.0024760616614224,0.0000000000000000,16.6724563369800229,3.0000859193164793,-2860689.001205,0.883049,2860688.1181177156977,-2526237.0410156250000,0,1.4e-06
0.9971481521241081,0.0,0.0036588991432001,0.0000000000000000,0.0024751047120989,0.0000000000000000,16.6725563369800227,3.0000859217669782,-2860395.362111,0.883641,2860394.4784919945523,-2527497.9863281250000,0,7.3e-08
0.9971483040054598,0.0,0.0036589617171672,0.0000000000000000,0.0024741483301575,0.0000000000000000,16.6726563369800225,3.0000859242152984,-2860097.697577,0.884102,2860096.8134540603496,-2528676.1728515625000,0,4.2e-07
0.9971484557882081,0.0,0.0036590242072520,0.0000000000000000,0.0024731925148862,0.0000000000000000,16.6727563369800222,3.0000859266614421,-2859796.802275,0.884800,2859795.9174910574220,-2530301.4448242187500,0,1.5e-08
0.9971486074724430,0.0,0.0036590866135850,0.0000000000000000,0.0024722372658145,0.0000000000000000,16.6728563369800220,3.0000859291054125,-2859499.004828,0.885346,2859498.1195143815130,-2531551.1469726562500,0,2.8e-07
0.9971487590582995,0.0,0.0036591489363162,0.0000000000000000,0.0024712825822204,0.0000000000000000,16.6729563369800218,3.0000859315472113,-2859199.809291,0.885868,2859198.9234271282330,-2532860.1069335937500,0,2.7e-07
0.9971489105459073,0.0,0.0036592111755929,0.0000000000000000,0.0024703284634123,0.0000000000000000,16.6730563369800215,3.0000859339868411,-2858900.548369,0.886492,2858899.6618921067566,-2534347.0786132812500,0,3.0e-07
0.9971490619353829,0.0,0.0036592733315588,0.0000000000000000,0.0024693749088041,0.0000000000000000,16.6731563369800213,3.0000859364243055,-2858599.817078,0.886943,2858598.9301274451427,-2535433.8647460937500,0,2.0e-07
0.9971492132268241,0.0,0.0036593354043405,0.0000000000000000,0.0024684219178142,0.0000000000000000,16.6732563369800211,3.0000859388596064,-2858298.604665,0.887594,2858297.7171196029522,-2536869.1748046875000,0,3.2e-07
0.9971493644203691,0.0,0.0036593973940935,0.0000000000000000,0.0024674694897601,0.0000000000000000,16.6733563369800208,3.0000859412927459,-2857996.662483,0.888165,2857995.7743418687023,-2538301.0620117187500,0,8.0e-08
0.9971495155161323,0.0,0.0036594593009553,0.0000000000000000,0.0024665176240107,0.0000000000000000,16.6734563369800242,3.0000859437237271,-2857695.881051,0.888778,2857694.9922718098387,-2539859.9213867187500,0,7.5e-08
0.9971496665142310,0.0,0.0036595211250654,0.0000000000000000,0.0024655663199418,0.0000000000000000,16.6735563369800239,3.0000859461525522,-2857394.584553,0.889197,2857393.6953561226837,-2540783.8349609375000,0,5.1e-07
0.9971498174147851,0.0,0.0036595828665693,0.0000000000000000,0.0024646155769386,0.0000000000000000,16.6736563369800237,3.0000859485792244,-2857090.254049,0.889896,2857089.3641346781515,-2542563.5336914062500,0,1.9e-07
0.9971499682179233,0.0,0.0036596445256082,0.0000000000000000,0.0024636653942799,0.0000000000000000,16.6737563369800235,3.0000859510037463,-2856785.614002,0.890275,2856784.7236823020503,-2543449.1157226562500,0,1.3e-07
0.9971501189237250,0.0,0.0036597061023053,0.0000000000000000,0.0024627157715554,0.0000000000000000,16.6738563369800232,3.0000859534261188,-2856478.657000,0.890827,2856477.7661076467484,-2544812.1123046875000,0,7.5e-08
0.9971502695323500,0.0,0.0036597675968216,0.0000000000000000,0.0024617667079241,0.0000000000000000,16.6739563369800230,3.0000859558463464,-2856176.716292,0.891669,2856175.8246356970631,-2546724.9062500000000,0,2.6e-08
0.9971504200438985,0.0,0.0036598290092874,0.0000000000000000,0.0024608182028497,0.0000000000000000,16.6740563369800228,3.0000859582644313,-2855870.842790,0.892263,2855869.9505871371366,-2548014.8974609375000,0,4.1e-07
0.9971505704584591,0.0,0.0036598903398266,0.0000000000000000,0.0024598702558066,0.0000000000000000,16.6741563369800225,3.0000859606803756,-2855565.500892,0.892807,2855564.6080983411521,-2549428.8237304687500,0,6.6e-07
0.9971507207762382,0.0,0.0036599515886277,0.0000000000000000,0.0024589228658252,0.0000000000000000,16.6742563369800223,3.0000859630941816,-2855261.203294,0.893228,2855260.3100477475673,-2550450.3598632812500,0,5.5e-07
0.9971508709972630,0.0,0.0036600127557788,0.0000000000000000,0.0024579760326515,0.0000000000000000,16.6743563369800221,3.0000859655058520,-2854947.475281,0.893926,2854946.5813887985423,-2552014.7089843750000,0,9.8e-08
0.9971510211216947,0.0,0.0036600738414432,0.0000000000000000,0.0024570297554529,0.0000000000000000,16.6744563369800218,3.0000859679153900,-2854641.777210,0.894378,2854640.8828203408048,-2553160.7968750000000,0,3.1e-07
0.9971511711496245,0.0,0.0036601348457459,0.0000000000000000,0.0024560840337350,0.0000000000000000,16.6745563369800216,3.0000859703227976,-2854336.522180,0.894901,2854335.6272973911837,-2554294.3129882812500,0,4.1e-08
0.9971513210811743,0.0,0.0036601957688269,0.0000000000000000,0.0024551388668503,0.0000000000000000,16.6746563369800214,3.0000859727280766,-2854026.834068,0.895688,2854025.9383971733041,-2556265.1689453125000,0,2.3e-08
0.9971514709164963,0.0,0.0036602566108449,0.0000000000000000,0.0024541942540326,0.0000000000000000,16.6747563369800211,3.0000859751312312,-2853718.735254,0.896255,2853717.8390409946442,-2557537.3300781250000,0,1.2e-07
0.9971516206556604,0.0,0.0036603173719103,0.0000000000000000,0.0024532501948484,0.0000000000000000,16.6748563369800209,3.0000859775322621,-2853407.347970,0.896843,2853406.4511842704378,-2558892.4267578125000,0,2.0e-07
0.9971517702988160,0.0,0.0036603780521787,0.0000000000000000,0.0024523066885409,0.0000000000000000,16.6749563369800242,3.0000859799311734,-2853096.049221,0.897425,2853095.1518714283593,-2560223.2290039062500,0,2.2e-07
0.9971519198460539,0.0,0.0036604386517721,0.0000000000000000,0.0024513637345862,0.0000000000000000,16.6750563369800240,3.0000859823279669,-2852783.771835,0.897955,2852782.8739138077945,-2561572.5239257812500,0,7.9e-07
0.9971520692975104,0.0,0.0036604991708444,0.0000000000000000,0.0024504213323264,0.0000000000000000,16.6751563369800238,3.0000859847226442,-2852469.775622,0.898342,2852468.8772371807136,-2562613.7167968750000,0,2.0e-08
0.9971522186532692,0.0,0.0036605596095063,0.0000000000000000,0.0024494794812207,0.0000000000000000,16.6752563369800235,3.0000859871152090,-2852164.939020,0.899110,2852164.0399367539212,-2564331.4414062500000,0,1.8e-07
0.9971523679134866,0.0,0.0036606199679201,0.0000000000000000,0.0024485381805026,0.0000000000000000,16.6753563369800233,3.0000859895056640,-2851848.400136,0.899759,2851847.5004193675704,-2565852.8500976562500,0,2.3e-07
0.9971525170782571,0.0,0.0036606802462100,0.0000000000000000,0.0024475974296478,0.0000000000000000,16.6754563369800231,3.0000859918940108,-2851535.933112,0.900171,2851535.0329373027198,-2566878.9838867187500,0,1.2e-07
0.9971526661477097,0.0,0.0036607404445178,0.0000000000000000,0.0024466572279627,0.0000000000000000,16.6755563369800228,3.0000859942802522,-2851220.132052,0.900791,2851219.2313143475913,-2568199.7260742187500,0,4.5e-07
0.9971528151219344,0.0,0.0036608005629693,0.0000000000000000,0.0024457175750070,0.0000000000000000,16.6756563369800226,3.0000859966643909,-2850905.489406,0.901369,2850904.5881157233380,-2569491.4692382812500,0,4.3e-07
0.9971529640010848,0.0,0.0036608606017149,0.0000000000000000,0.0024447784699234,0.0000000000000000,16.6757563369800224,3.0000859990464295,-2850589.672062,0.901854,2850588.7702373079956,-2570729.5659179687500,0,1.5e-07
0.9971531127852122,0.0,0.0036609205608567,0.0000000000000000,0.0024438399124046,0.0000000000000000,16.6758563369800221,3.0000860014263697,-2850276.848072,0.902502,2850275.9455716917291,-2572373.1386718750000,0,3.9e-07
0.9971532614745129,0.0,0.0036609804405758,0.0000000000000000,0.0024429019014787,0.0000000000000000,16.6759563369800219,3.0000860038042152,-2849964.853208,0.903147,2849963.9501252952032,-2573750.9882812500000,0,2.0e-07
0.9971534100690475,0.0,0.0036610402409753,0.0000000000000000,0.0024419644367838,0.0000000000000000,16.6760563369800217,3.0000860061799672,-2849641.586808,0.903458,2849640.6832661349326,-2574768.4819335937500,0,6.7e-08
0.9971535585689376,0.0,0.0036610999621927,0.0000000000000000,0.0024410275176595,0.0000000000000000,16.6761563369800214,3.0000860085536289,-2849327.346190,0.904365,2849326.4419204518199,-2576557.4233398437500,0,2.3e-07
0.9971537069742983,0.0,0.0036611596043632,0.0000000000000000,0.0024400911435000,0.0000000000000000,16.6762563369800212,3.0000860109252026,-2849009.534696,0.904814,2849008.6298800893128,-2577827.2622070312500,0,1.9e-07
0.9971538552852616,0.0,0.0036612191676293,0.0000000000000000,0.0024391553136066,0.0000000000000000,16.6763563369800210,3.0000860132946912,-2848689.402782,0.905325,2848688.4974381634966,-2579040.6806640625000,0,8.1e-08
0.9971540035019324,0.0,0.0036612786521202,0.0000000000000000,0.0024382200274283,0.0000000000000000,16.6764563369800207,3.0000860156620961,-2848373.936373,0.905873,2848373.0305012133904,-2580259.8603515625000,0,2.7e-07
0.9971541516244036,0.0,0.0036613380579554,0.0000000000000000,0.0024372852844302,0.0000000000000000,16.6765563369800240,3.0000860180274205,-2848052.433960,0.906381,2848051.5275407996960,-2581528.4887695312500,0,5.0e-08
0.9971542996528275,0.0,0.0036613973852910,0.0000000000000000,0.0024363510838510,0.0000000000000000,16.6766563369800238,3.0000860203906670,-2847734.136617,0.907053,2847733.2295601111837,-2583054.3090820312500,0,3.9e-08
0.9971544475872842,0.0,0.0036614566342413,0.0000000000000000,0.0024354174252317,0.0000000000000000,16.6767563369800236,3.0000860227518373,-2847414.428533,0.907432,2847413.5210012770258,-2584116.0664062500000,0,3.3e-07
0.9971545954279007,0.0,0.0036615158049433,0.0000000000000000,0.0024344843078899,0.0000000000000000,16.6768563369800233,3.0000860251109351,-2847093.074785,0.908276,2847092.1665295679122,-2585885.3803710937500,0,3.1e-08
0.9971547431747999,0.0,0.0036615748975371,0.0000000000000000,0.0024335517311983,0.0000000000000000,16.6769563369800231,3.0000860274679617,-2846770.273806,0.908819,2846769.3649851600640,-2587203.1113281250000,0,1.0e-07
0.9971548908280744,0.0,0.0036616339121405,0.0000000000000000,0.0024326196946167,0.0000000000000000,16.6770563369800229,3.0000860298229202,-2846452.646592,0.909292,2846451.7372716022655,-2588335.7202148437500,0,5.8e-08
0.9971550383878519,0.0,0.0036616928488951,0.0000000000000000,0.0024316881975012,0.0000000000000000,16.6771563369800226,3.0000860321758123,-2846128.842911,0.909658,2846127.9331638035364,-2589254.9169921875000,0,2.8e-08
0.9971551858542476,0.0,0.0036617517079328,0.0000000000000000,0.0024307572392296,0.0000000000000000,16.6772563369800224,3.0000860345266411,-2845809.426951,0.910491,2845808.5164508088492,-2591108.2216796875000,0,3.4e-08
0.9971553332273524,0.0,0.0036618104893712,0.0000000000000000,0.0024298268192789,0.0000000000000000,16.6773563369800222,3.0000860368754085,-2845481.568874,0.911279,2845480.6576380655169,-2592902.2700195312500,0,6.9e-09
0.9971554805073062,0.0,0.0036618691933582,0.0000000000000000,0.0024288969369524,0.0000000000000000,16.6774563369800219,3.0000860392221176,-2845156.419150,0.911569,2845155.5075378157198,-2593677.1049804687500,0,2.0e-07
0.9971556276942050,0.0,0.0036619278200128,0.0000000000000000,0.0024279675916993,0.0000000000000000,16.6775563369800217,3.0000860415667709,-2844826.365706,0.912195,2844825.4534959117882,-2595076.8701171875000,0,1.4e-08
0.9971557747881665,0.0,0.0036619863694706,0.0000000000000000,0.0024270387829179,0.0000000000000000,16.6776563369800215,3.0000860439093699,-2844504.990886,0.912762,2844504.0780611410737,-2596531.4189453125000,0,3.6e-09
0.9971559217893061,0.0,0.0036620448418607,0.0000000000000000,0.0024261105099770,0.0000000000000000,16.6777563369800212,3.0000860462499173,-2844183.315606,0.913476,2844182.4021580866538,-2598012.3730468750000,0,8.0e-07
0.9971560686977231,0.0,0.0036621032373092,0.0000000000000000,0.0024251827723383,0.0000000000000000,16.6778563369800210,3.0000860485884160,-2843853.744232,0.913999,2843852.8302681152709,-2599177.0722656250000,0,2.7e-08
0.9971562155135383,0.0,0.0036621615559481,0.0000000000000000,0.0024242555693810,0.0000000000000000,16.6779563369800208,3.0000860509248679,-2843532.524227,0.914533,2843531.6096962792799,-2600494.9892578125000,0,6.2e-07
0.9971563622368745,0.0,0.0036622197979117,0.0000000000000000,0.0024233289004030,0.0000000000000000,16.6780563369800241,3.0000860532592757,-2843199.920041,0.915261,2843199.0048706843518,-2602011.3774414062500,0,1.8e-07
0.9971565088678461,0.0,0.0036622779633323,0.0000000000000000,0.0024224027648509,0.0000000000000000,16.6781563369800239,3.0000860555916420,-2842875.239626,0.915779,2842874.3238055501133,-2603561.5004882812500,0,3.5e-07
0.9971566554065278,0.0,0.0036623360523180,0.0000000000000000,0.0024214771622676,0.0000000000000000,16.6782563369800236,3.0000860579219690,-2842545.441381,0.916201,2842544.5251923436299,-2604305.2221679687500,0,9.5e-07
0.9971568018530405,0.0,0.0036623940650006,0.0000000000000000,0.0024205520920131,0.0000000000000000,16.6783563369800234,3.0000860602502586,-2842218.538300,0.916668,2842217.6215689587407,-2605549.3671875000000,0,3.2e-07
0.9971569482075149,0.0,0.0036624520015214,0.0000000000000000,0.0024196275534152,0.0000000000000000,16.6784563369800232,3.0000860625765138,-2841892.536947,0.917290,2841891.6196066052653,-2606981.1025390625000,0,2.3e-07
0.9971570944700922,0.0,0.0036625098620248,0.0000000000000000,0.0024187035457632,0.0000000000000000,16.6785563369800229,3.0000860649007364,-2841560.443564,0.917796,2841559.5257266894914,-2608089.5400390625000,0,3.3e-07
0.9971572406408189,0.0,0.0036625676466032,0.0000000000000000,0.0024177800687183,0.0000000000000000,16.6786563369800227,3.0000860672229295,-2841227.216158,0.918538,2841226.2976033743471,-2609819.8671875000000,0,1.2e-07
0.9971573867198278,0.0,0.0036626253553933,0.0000000000000000,0.0024168571215793,0.0000000000000000,16.6787563369800225,3.0000860695430958,-2840893.332158,0.919370,2840892.4128352864645,-2611694.7836914062500,0,1.5e-07
0.9971575327072530,0.0,0.0036626829885402,0.0000000000000000,0.0024159347037042,0.0000000000000000,16.6788563369800222,3.0000860718612365,-2840570.424482,0.919805,2840569.5046897931024,-2612732.0849609375000,0,5.7e-08
0.9971576786031791,0.0,0.0036627405461506,0.0000000000000000,0.0024150128145433,0.0000000000000000,16.6789563369800220,3.0000860741773545,-2840236.769534,0.920264,2840235.8491948549636,-2613979.4790039062500,0,5.1e-08
0.9971578244077256,0.0,0.0036627980283617,0.0000000000000000,0.0024140914535261,0.0000000000000000,16.6790563369800218,3.0000860764914519,-2839900.423063,0.921034,2839899.5020387647673,-2615616.2963867187500,0,4.9e-07
0.9971579701209965,0.0,0.0036628554352924,0.0000000000000000,0.0024131706200539,0.0000000000000000,16.6791563369800215,3.0000860788035317,-2839572.177482,0.921505,2839571.2559654954821,-2616711.1352539062500,0,1.0e-07
0.9971581157431247,0.0,0.0036629127670840,0.0000000000000000,0.0024122503134645,0.0000000000000000,16.6792563369800213,3.0000860811135963,-2839232.589284,0.922345,2839231.6669748108834,-2618648.6562500000000,0,3.5e-07
0.9971582612741727,0.0,0.0036629700238336,0.0000000000000000,0.0024113305333186,0.0000000000000000,16.6793563369800211,3.0000860834216470,-2838905.306106,0.922653,2838904.3835180136375,-2619138.9785156250000,0,6.2e-08
0.9971584067142959,0.0,0.0036630272056977,0.0000000000000000,0.0024104112789211,0.0000000000000000,16.6794563369800208,3.0000860857276868,-2838566.836007,0.923208,2838565.9127819635905,-2620635.1733398437500,0,1.3e-07
0.9971585520635967,0.0,0.0036630843127926,0.0000000000000000,0.0024094925496445,0.0000000000000000,16.6795563369800206,3.0000860880317188,-2838235.507946,0.923695,2838234.5842116321437,-2621774.3291015625000,0,4.3e-07
0.9971586973221676,0.0,0.0036631413452338,0.0000000000000000,0.0024085743449897,0.0000000000000000,16.6796563369800204,3.0000860903337441,-2837897.203987,0.924324,2837896.2795776729472,-2623376.7290039062500,0,2.9e-07
0.9971588424901219,0.0,0.0036631983031519,0.0000000000000000,0.0024076566643672,0.0000000000000000,16.6797563369800201,3.0000860926337656,-2837568.203068,0.925028,2837567.2780667506158,-2624752.4287109375000,0,2.8e-07
0.9971589875675710,0.0,0.0036632551866726,0.0000000000000000,0.0024067395071779,0.0000000000000000,16.6798563369800235,3.0000860949317856,-2837234.521277,0.925448,2837233.5957723902538,-2625870.5664062500000,0,4.6e-07
0.9971591325546250,0.0,0.0036633119959170,0.0000000000000000,0.0024058228728175,0.0000000000000000,16.6799563369800232,3.0000860972278067,-2836886.053462,0.926370,2836885.1271474934183,-2627847.4355468750000,0,2.4e-08
0.9971592774513982,0.0,0.0036633687310176,0.0000000000000000,0.0024049067607087,0.0000000000000000,16.6800563369800230,3.0000860995218308,-2836550.984489,0.926702,2836550.0577217075042,-2628820.9926757812500,0,4.0e-07
0.9971594222579964,0.0,0.0036634253920914,0.0000000000000000,0.0024039911702412,0.0000000000000000,16.6801563369800228,3.0000861018138609,-2836213.566323,0.927723,2836212.6387343630195,-2630836.6123046875000,0,1.0e-07
0.9971595669745209,0.0,0.0036634819792632,0.0000000000000000,0.0024030761009051,0.0000000000000000,16.6802563369800225,3.0000861041038984,-2835882.572273,0.927844,2835881.6443897373974,-2631365.5898437500000,0,4.1e-08
0.9971597116010950,0.0,0.0036635384926624,0.0000000000000000,0.0024021615520267,0.0000000000000000,16.6803563369800223,3.0000861063919460,-2835541.395750,0.928548,2835540.4672168721445,-2632891.2827148437500,0,7.2e-07
0.9971598561378069,0.0,0.0036635949323980,0.0000000000000000,0.0024012475231106,0.0000000000000000,16.6804563369800221,3.0000861086780066,-2835204.095981,0.928902,2835203.1670456803404,-2633717.9780273437500,0,6.2e-07
0.9971600005847798,0.0,0.0036636512986078,0.0000000000000000,0.0024003340135299,0.0000000000000000,16.6805563369800218,3.0000861109620818,-2834856.380104,0.929945,2834855.4503131676465,-2635821.3481445312500,0,1.2e-07
0.9971601449421229,0.0,0.0036637075914114,0.0000000000000000,0.0023994210226970,0.0000000000000000,16.6806563369800216,3.0000861132441741,-2834518.389847,0.930123,2834517.4596939380281,-2636534.7041015625000,0,4.1e-09
0.9971602892099447,0.0,0.0036637638109317,0.0000000000000000,0.0023985085500120,0.0000000000000000,16.6807563369800214,3.0000861155242862,-2834177.004821,0.930684,2834176.0740786548704,-2637887.1684570312500,0,2.4e-07
0.9971604333883181,0.0,0.0036638199572722,0.0000000000000000,0.0023975965950633,0.0000000000000000,16.6808563369800211,3.0000861178024198,-2833833.645398,0.931377,2833832.7140050018206,-2639409.7299804687500,0,1.2e-07
0.9971605774773933,0.0,0.0036638760305785,0.0000000000000000,0.0023966851570766,0.0000000000000000,16.6809563369800209,3.0000861200785773,-2833491.099961,0.932166,2833490.1678646621294,-2641085.0507812500000,0,2.3e-08
0.9971607214772510,0.0,0.0036639320309584,0.0000000000000000,0.0023957742356026,0.0000000000000000,16.6810563369800207,3.0000861223527617,-2833150.814803,0.932516,2833149.8821898261085,-2642231.9570312500000,0,3.6e-07
0.9971608653880392,0.0,0.0036639879585553,0.0000000000000000,0.0023948638298971,0.0000000000000000,16.6811563369800204,3.0000861246249744,-2832814.312061,0.933362,2832813.3787370999344,-2643931.5444335937500,0,9.2e-08
0.9971610092098172,0.0,0.0036640438134635,0.0000000000000000,0.0023939539395639,0.0000000000000000,16.6812563369800202,3.0000861268952179,-2832466.738301,0.933618,2832465.8046617531218,-2644499.2431640625000,0,4.7e-08
0.9971611529427168,0.0,0.0036640995958187,0.0000000000000000,0.0023930445639414,0.0000000000000000,16.6813563369800235,3.0000861291634955,-2832119.749051,0.934291,2832118.8147337380797,-2646097.4614257812500,0,9.3e-08
0.9971612965868396,0.0,0.0036641553057391,0.0000000000000000,0.0023921357024750,0.0000000000000000,16.6814563369800233,3.0000861314298080,-2831784.890716,0.934724,2831783.9559891126119,-2646944.6694335937500,0,2.3e-08
0.9971614401422937,0.0,0.0036642109433453,0.0000000000000000,0.0023912273545826,0.0000000000000000,16.6815563369800230,3.0000861336941589,-2831437.862805,0.935735,2831436.9271007194184,-2649385.3076171875000,0,5.4e-08
0.9971615836091846,0.0,0.0036642665087579,0.0000000000000000,0.0023903195196966,0.0000000000000000,16.6816563369800228,3.0000861359565492,-2831084.201069,0.936379,2831083.2647779155523,-2650718.3266601562500,0,1.8e-07
0.9971617269876051,0.0,0.0036643220020887,0.0000000000000000,0.0023894121973065,0.0000000000000000,16.6817563369800226,3.0000861382169823,-2830741.758779,0.936660,2830740.8221442177892,-2651368.0463867187500,0,4.8e-09
0.9971618702776847,0.0,0.0036643774234711,0.0000000000000000,0.0023885053867408,0.0000000000000000,16.6818563369800223,3.0000861404754602,-2830402.514015,0.937408,2830401.5766260307282,-2653187.3027343750000,0,9.9e-08
0.9971620134795173,0.0,0.0036644327730176,0.0000000000000000,0.0023875990874750,0.0000000000000000,16.6819563369800221,3.0000861427319849,-2830054.031768,0.937857,2830053.0938697727397,-2654300.6958007812500,0,3.2e-08
0.9971621565932107,0.0,0.0036644880508493,0.0000000000000000,0.0023866932989417,0.0000000000000000,16.6820563369800219,3.0000861449865592,-2829704.257729,0.938599,2829703.3190991575830,-2656041.7944335937500,0,3.2e-08
0.9971622996188724,0.0,0.0036645432570860,0.0000000000000000,0.0023857880205651,0.0000000000000000,16.6821563369800216,3.0000861472391844,-2829365.541732,0.938839,2829364.6028368659317,-2656474.3598632812500,0,1.6e-07
0.9971624425566202,0.0,0.0036645983918532,0.0000000000000000,0.0023848832517137,0.0000000000000000,16.6822563369800214,3.0000861494898645,-2829016.952449,0.939944,2829016.0126384119503,-2658737.7543945312500,0,6.9e-08
0.9971625854065140,0.0,0.0036646534552442,0.0000000000000000,0.0023839789920144,0.0000000000000000,16.6823563369800212,3.0000861517385999,-2828665.180548,0.940110,2828664.2404049425386,-2659346.5874023437500,0,4.7e-08
0.9971627281687133,0.0,0.0036647084474074,0.0000000000000000,0.0023830752406770,0.0000000000000000,16.6824563369800210,3.0000861539853934,-2828321.701968,0.940847,2828320.7611557454802,-2660918.4155273437500,0,5.9e-08
0.9971628708432900,0.0,0.0036647633684440,0.0000000000000000,0.0023821719972722,0.0000000000000000,16.6825563369800207,3.0000861562302479,-2827964.921693,0.941585,2827963.9802009495907,-2662504.2631835937500,0,9.0e-07
0.9971630134303796,0.0,0.0036648182184886,0.0000000000000000,0.0023812692611489,0.0000000000000000,16.6826563369800205,3.0000861584731648,-2827618.867768,0.942120,2827617.9256096882746,-2664062.3408203125000,0,8.8e-08
0.9971631559300488,0.0,0.0036648729976341,0.0000000000000000,0.0023803670318089,0.0000000000000000,16.6827563369800203,3.0000861607141469,-2827263.309195,0.942471,2827262.3665373050608,-2665137.9829101562500,0,3.2e-07
0.9971632983424362,0.0,0.0036649277060264,0.0000000000000000,0.0023794653086526,0.0000000000000000,16.6828563369800200,3.0000861629531963,-2826926.171850,0.943221,2826925.2286394983530,-2666384.7500000000000,0,2.7e-06
0.9971634406676121,0.0,0.0036649823437486,0.0000000000000000,0.0023785640911826,0.0000000000000000,16.6829563369800233,3.0000861651903157,-2826568.845448,0.943571,2826567.9017215841450,-2667506.0053710937500,0,1.2e-07
0.9971635829057126,0.0,0.0036650369109465,0.0000000000000000,0.0023776633787173,0.0000000000000000,16.6830563369800231,3.0000861674255064,-2826204.197229,0.944455,2826203.2528424574994,-2669026.5937500000000,0,4.5e-08
0.9971637250568346,0.0,0.0036650914077337,0.0000000000000000,0.0023767631707871,0.0000000000000000,16.6831563369800229,3.0000861696587711,-2825860.555296,0.945133,2825859.6102850078605,-2670468.6025390625000,0,9.0e-08
0.9971638671210726,0.0,0.0036651458342158,0.0000000000000000,0.0023758634668018,0.0000000000000000,16.6832563369800226,3.0000861718901120,-2825504.666451,0.945935,2825503.7206584420055,-2672340.3012695312500,0,2.4e-07
0.9971640090985344,0.0,0.0036652001905163,0.0000000000000000,0.0023749642662268,0.0000000000000000,16.6833563369800224,3.0000861741195317,-2825162.893262,0.946234,2825161.9470945093781,-2673074.9121093750000,0,6.5e-07
0.9971641509893283,0.0,0.0036652544767475,0.0000000000000000,0.0023740655684453,0.0000000000000000,16.6834563369800222,3.0000861763470321,-2824793.754419,0.946788,2824792.8076469730586,-2674433.5493164062500,0,1.3e-07
0.9971642927935466,0.0,0.0036653086930242,0.0000000000000000,0.0023731673729740,0.0000000000000000,16.6835563369800219,3.0000861785726149,-2824454.385183,0.947322,2824453.4377892962657,-2675869.4082031250000,0,3.0e-08
0.9971644345113138,0.0,0.0036653628394720,0.0000000000000000,0.0023722696791642,0.0000000000000000,16.6836563369800217,3.0000861807962833,-2824093.985427,0.948171,2824093.0374026400968,-2677308.2041015625000,0,6.0e-08
0.9971645761427276,0.0,0.0036654169162041,0.0000000000000000,0.0023713724864791,0.0000000000000000,16.6837563369800215,3.0000861830180390,-2823731.902069,0.948782,2823730.9534381534904,-2678678.3002929687500,0,6.5e-07
0.9971647176878691,0.0,0.0036654709233217,0.0000000000000000,0.0023704757944588,0.0000000000000000,16.6838563369800212,3.0000861852378842,-2823372.627431,0.949276,2823371.6781393401325,-2680201.7651367187500,0,2.6e-07
0.9971648591468558,0.0,0.0036655248609485,0.0000000000000000,0.0023695796024799,0.0000000000000000,16.6839563369800210,3.0000861874558207,-2823033.257975,0.949698,2823032.3084039948881,-2680668.7592773437500,0,4.8e-08
0.9971650005197984,0.0,0.0036655787292046,0.0000000000000000,0.0023686839099647,0.0000000000000000,16.6840563369800208,3.0000861896718520,-2822671.972303,0.950415,2822671.0219610570930,-2682502.9804687500000,0,3.9e-08
0.9971651418067969,0.0,0.0036656325282023,0.0000000000000000,0.0023677887163680,0.0000000000000000,16.6841563369800205,3.0000861918859787,-2822308.430424,0.950808,2822307.4795463457704,-2683668.5805664062500,0,1.9e-07
0.9971652830079489,0.0,0.0036656862580524,0.0000000000000000,0.0023668940211507,0.0000000000000000,16.6842563369800203,3.0000861940982051,-2821951.376191,0.951877,2821950.4244223921560,-2685843.9291992187500,0,3.8e-08
0.9971654241233652,0.0,0.0036657399188751,0.0000000000000000,0.0023659998237434,0.0000000000000000,16.6843563369800201,3.0000861963085304,-2821587.158127,0.952385,2821586.2058774172328,-2686854.5703125000000,0,1.1e-07
0.9971655651531459,0.0,0.0036657935107822,0.0000000000000000,0.0023651061235895,0.0000000000000000,16.6844563369800234,3.0000861985169593,-2821229.885425,0.953173,2821228.9324446404353,-2688574.7324218750000,0,2.2e-07
0.9971657060973675,0.0,0.0036658470338717,0.0000000000000000,0.0023642129202222,0.0000000000000000,16.6845563369800232,3.0000862007234934,-2820878.672210,0.953356,2820877.7188957184553,-2689181.2709960937500,0,6.0e-08
0.9971658469561772,0.0,0.0036659004882845,0.0000000000000000,0.0023633202129496,0.0000000000000000,16.6846563369800229,3.0000862029281343,-2820515.782008,0.954067,2820514.8280655592680,-2690608.5971679687500,0,6.9e-08
0.9971659877296477,0.0,0.0036659538741165,0.0000000000000000,0.0023624280013208,0.0000000000000000,16.6847563369800227,3.0000862051308852,-2820164.809374,0.954529,2820163.8549105711281,-2691741.2495117187500,0,7.3e-09
0.9971661284178921,0.0,0.0036660071914867,0.0000000000000000,0.0023615362847391,0.0000000000000000,16.6848563369800225,3.0000862073317460,-2819802.402127,0.955093,2819801.4469570349902,-2693388.3256835937500,0,6.4e-09
0.9971662690210095,0.0,0.0036660604405062,0.0000000000000000,0.0023606450626656,0.0000000000000000,16.6849563369800222,3.0000862095307217,-2819441.378231,0.955740,2819440.4225196880288,-2694569.9013671875000,0,2.4e-07
0.9971664095390979,0.0,0.0036661136212868,0.0000000000000000,0.0023597543345711,0.0000000000000000,16.6850563369800220,3.0000862117278131,-2819091.733596,0.956221,2819090.7774491561577,-2695464.1777343750000,0,9.5e-08
0.9971665499722464,0.0,0.0036661667339336,0.0000000000000000,0.0023588640999646,0.0000000000000000,16.6851563369800218,3.0000862139230224,-2818732.311110,0.956682,2818731.3542989981361,-2696991.8979492187500,0,9.0e-08
0.9971666903206092,0.0,0.0036662197785860,0.0000000000000000,0.0023579743580614,0.0000000000000000,16.6852563369800215,3.0000862161163524,-2818348.939370,0.957386,2818347.9820474358276,-2698066.9667968750000,0,1.3e-07
0.9971668305842053,0.0,0.0036662727553144,0.0000000000000000,0.0023570851086833,0.0000000000000000,16.6853563369800213,3.0000862183078043,-2817996.433015,0.957881,2817995.4751381995156,-2699292.9697265625000,0,3.1e-07
0.9971669707632109,0.0,0.0036663256642680,0.0000000000000000,0.0023561963509484,0.0000000000000000,16.6854563369800211,3.0000862204973804,-2817636.666563,0.958981,2817635.7076682629995,-2701816.1196289062500,0,7.6e-08
0.9971671108576837,0.0,0.0036663785055371,0.0000000000000000,0.0023553080845107,0.0000000000000000,16.6855563369800208,3.0000862226850833,-2817281.078130,0.959522,2817280.1186954770237,-2702995.5932617187500,0,1.9e-07
0.9971672508677490,0.0,0.0036664312792456,0.0000000000000000,0.0023544203087085,0.0000000000000000,16.6856563369800206,3.0000862248709153,-2816902.817407,0.959509,2816901.8578553316183,-2702960.6054687500000,0,1.8e-07
0.9971673907934973,0.0,0.0036664839854953,0.0000000000000000,0.0023535330230363,0.0000000000000000,16.6857563369800204,3.0000862270548785,-2816544.603738,0.960160,2816543.6434606928378,-2704662.3315429687500,0,1.7e-06
0.9971675306350093,0.0,0.0036665366243949,0.0000000000000000,0.0023526462270667,0.0000000000000000,16.6858563369800201,3.0000862292369743,-2816178.463894,0.961228,2816177.5026969155297,-2706900.4956054687500,0,8.9e-07
0.9971676703924227,0.0,0.0036665891960688,0.0000000000000000,0.0023517599200658,0.0000000000000000,16.6859563369800235,3.0000862314172063,-2815810.574914,0.961332,2815809.6134921526536,-2707180.3071289062500,0,4.8e-07
0.9971678100658149,0.0,0.0036666417006181,0.0000000000000000,0.0023508741016249,0.0000000000000000,16.6860563369800232,3.0000862335955745,-2815441.513536,0.962115,2815440.5514711453579,-2708636.4326171875000,0,1.5e-07
0.9971679496552833,0.0,0.0036666941381492,0.0000000000000000,0.0023499887711833,0.0000000000000000,16.6861563369800230,3.0000862357720832,-2815071.796478,0.962392,2815070.8340300815180,-2709358.2309570312500,0,6.7e-08
0.9971680891609479,0.0,0.0036667465087832,0.0000000000000000,0.0023491039281224,0.0000000000000000,16.6862563369800228,3.0000862379467330,-2814717.957387,0.963819,2814716.9936354449019,-2712685.7856445312500,0,4.4e-08
0.9971682285828828,0.0,0.0036667988126149,0.0000000000000000,0.0023482195719934,0.0000000000000000,16.6863563369800225,3.0000862401195274,-2814341.342903,0.964098,2814340.3787954146974,-2713326.3417968750000,0,1.4e-08
0.9971683679211975,0.0,0.0036668510497634,0.0000000000000000,0.0023473357022722,0.0000000000000000,16.6864563369800223,3.0000862422904668,-2813996.425350,0.964446,2813995.4608601285145,-2714069.0190429687500,0,7.3e-08
0.9971685071760030,0.0,0.0036669032203414,0.0000000000000000,0.0023464523183443,0.0000000000000000,16.6865563369800221,3.0000862444595549,-2813623.786625,0.964837,2813622.8216277109459,-2715138.0488281250000,0,5.5e-07
0.9971686463474038,0.0,0.0036669553244607,0.0000000000000000,0.0023455694196210,0.0000000000000000,16.6866563369800218,3.0000862466267932,-2813243.970532,0.965701,2813243.0047935652547,-2716855.1123046875000,0,2.7e-07
0.9971687854354748,0.0,0.0036670073622173,0.0000000000000000,0.0023446870057078,0.0000000000000000,16.6867563369800216,3.0000862487921838,-2812885.411032,0.966228,2812884.4447867157869,-2717935.1040039062500,0,8.3e-09
0.9971689244403298,0.0,0.0036670593337281,0.0000000000000000,0.0023438050759925,0.0000000000000000,16.6868563369800214,3.0000862509557291,-2812517.680452,0.967114,2812516.7134009525180,-2719846.6459960937500,0,1.3e-08
0.9971690633620586,0.0,0.0036671112390953,0.0000000000000000,0.0023429236299613,0.0000000000000000,16.6869563369800211,3.0000862531174302,-2812140.769501,0.967567,2812139.8019299753942,-2720943.8007812500000,0,2.1e-07
0.9971692022007642,0.0,0.0036671630784326,0.0000000000000000,0.0023420426671093,0.0000000000000000,16.6870563369800209,3.0000862552772900,-2811778.190719,0.968231,2811777.2224578037858,-2722532.4790039062500,0,6.1e-08
0.9971693409565552,0.0,0.0036672148518504,0.0000000000000000,0.0023411621868243,0.0000000000000000,16.6871563369800207,3.0000862574353109,-2811406.844899,0.968783,2811405.8760494808666,-2723828.7495117187500,0,3.0e-07
0.9971694796295228,0.0,0.0036672665594535,0.0000000000000000,0.0023402821886003,0.0000000000000000,16.6872563369800204,3.0000862595914950,-2811035.609496,0.969083,2811034.6402284833603,-2724642.9941406250000,0,1.9e-09
0.9971696182197523,0.0,0.0036673182013429,0.0000000000000000,0.0023394026719850,0.0000000000000000,16.6873563369800202,3.0000862617458437,-2810669.457956,0.969641,2810668.4882251857780,-2725591.9121093750000,0,9.9e-08
0.9971697567273671,0.0,0.0036673697776385,0.0000000000000000,0.0023385236363156,0.0000000000000000,16.6874563369800235,3.0000862638983596,-2810295.836547,0.970580,2810294.8659929940477,-2727540.8823242187500,0,4.0e-08
0.9971698951524577,0.0,0.0036674212884457,0.0000000000000000,0.0023376450811287,0.0000000000000000,16.6875563369800233,3.0000862660490446,-2809914.940515,0.971028,2809913.9694006070495,-2728747.9370117187500,0,5.5e-09
0.9971700334951197,0.0,0.0036674727338668,0.0000000000000000,0.0023367670058673,0.0000000000000000,16.6876563369800230,3.0000862681979013,-2809549.356905,0.971468,2809548.3853523475118,-2729621.9658203125000,0,5.0e-07
0.9971701717554621,0.0,0.0036675241140168,0.0000000000000000,0.0023358894099696,0.0000000000000000,16.6877563369800228,3.0000862703449309,-2809174.356124,0.972466,2809173.3837053473108,-2731692.2768554687500,0,6.5e-07
0.9971703099335281,0.0,0.0036675754289754,0.0000000000000000,0.0023350122931589,0.0000000000000000,16.6878563369800226,3.0000862724901358,-2808791.062257,0.973176,2808790.0891215428710,-2733332.4819335937500,0,8.8e-09
0.9971704480294786,0.0,0.0036676266788784,0.0000000000000000,0.0023341356546065,0.0000000000000000,16.6879563369800223,3.0000862746335186,-2808439.764799,0.974105,2808438.7908014310524,-2735410.3427734375000,0,1.3e-07
0.9971705860433969,0.0,0.0036676778638265,0.0000000000000000,0.0023332594938585,0.0000000000000000,16.6880563369800221,3.0000862767750807,-2808056.932854,0.973627,2808055.9589813142084,-2734686.4262695312500,0,3.3e-08
0.9971707239753713,0.0,0.0036677289839205,0.0000000000000000,0.0023323838104266,0.0000000000000000,16.6881563369800219,3.0000862789148246,-2807679.663220,0.975227,2807678.6881718900986,-2737620.3310546875000,0,8.3e-08
0.9971708618254985,0.0,0.0036677800392658,0.0000000000000000,0.0023315086037854,0.0000000000000000,16.6882563369800216,3.0000862810527522,-2807315.937615,0.975047,2807314.9624320808798,-2737645.1372070312500,0,2.2e-08
0.9971709995938974,0.0,0.0036678310299801,0.0000000000000000,0.0023306338733178,0.0000000000000000,16.6883563369800214,3.0000862831888657,-2806934.638777,0.976302,2806933.6625146614388,-2740303.4555664062500,0,6.9e-08
0.9971711372806127,0.0,0.0036678819561405,0.0000000000000000,0.0023297596187222,0.0000000000000000,16.6884563369800212,3.0000862853231669,-2806557.835515,0.977180,2806556.8585761752911,-2741833.1513671875000,0,3.5e-08
0.9971712748857925,0.0,0.0036679328178798,0.0000000000000000,0.0023288858392551,0.0000000000000000,16.6885563369800209,3.0000862874556584,-2806180.937483,0.977260,2806179.9602141967043,-2742390.5107421875000,0,6.1e-09
0.9971714124095171,0.0,0.0036679836152942,0.0000000000000000,0.0023280125344680,0.0000000000000000,16.6886563369800207,3.0000862895863416,-2805810.634169,0.977911,2805809.6564716845751,-2743230.3696289062500,0,2.5e-07
0.9971715498518764,0.0,0.0036680343484848,0.0000000000000000,0.0023271397038589,0.0000000000000000,16.6887563369800205,3.0000862917152191,-2805431.523700,0.977713,2805430.5458512511104,-2743286.5097656250000,0,2.7e-07
0.9971716872129822,0.0,0.0036680850175645,0.0000000000000000,0.0023262673468375,0.0000000000000000,16.6888563369800202,3.0000862938422928,-2805057.545851,0.979009,2805056.5669587855227,-2745846.1455078125000,0,8.3e-08
0.9971718244929247,0.0,0.0036681356226335,0.0000000000000000,0.0023253954629125,0.0000000000000000,16.6889563369800200,3.0000862959675647,-2804684.139293,0.978955,2804683.1600894262083,-2746354.7856445312500,0,1.6e-07
0.9971719616917826,0.0,0.0036681861637889,0.0000000000000000,0.0023245240516490,0.0000000000000000,16.6890563369800233,3.0000862980910368,-2804286.819266,0.980392,2804285.8389660147950,-2749039.0292968750000,0,2.1e-07
0.9971720988096674,0.0,0.0036682366411407,0.0000000000000000,0.0023236531124471,0.0000000000000000,16.6891563369800231,3.0000863002127116,-2803917.782128,0.980541,2803916.8014608635567,-2749709.2675781250000,0,9.8e-08
0.9971722358466796,0.0,0.0036682870547963,0.0000000000000000,0.0023227826447743,0.0000000000000000,16.6892563369800229,3.0000863023325897,-2803538.336458,0.981177,2803537.3552271081135,-2750915.5541992187500,0,1.6e-07
0.9971723728029041,0.0,0.0036683374048522,0.0000000000000000,0.0023219126481581,0.0000000000000000,16.6893563369800226,3.0000863044506749,-2803164.533858,0.982081,2803163.5517694759183,-2752953.8261718750000,0,7.3e-07
0.9971725096784463,0.0,0.0036683876914194,0.0000000000000000,0.0023210431220313,0.0000000000000000,16.6894563369800224,3.0000863065669683,-2802782.900529,0.983257,2802781.9174968618900,-2755223.5502929687500,0,8.1e-08
0.9971726464733948,0.0,0.0036684379145942,0.0000000000000000,0.0023201740659044,0.0000000000000000,16.6895563369800222,3.0000863086814724,-2802391.738704,0.983139,2802390.7554750065319,-2755391.4248046875000,0,1.7e-07
0.9971727831878500,0.0,0.0036684880744856,0.0000000000000000,0.0023193054792629,0.0000000000000000,16.6896563369800219,3.0000863107941886,-2802018.530427,0.984118,2802017.5463678068481,-2757350.7270507812500,0,6.6e-09
0.9971729198219119,0.0,0.0036685381711972,0.0000000000000000,0.0023184373615550,0.0000000000000000,16.6897563369800217,3.0000863129051196,-2801648.458724,0.984645,2801647.4742979910225,-2758015.0219726562500,0,4.4e-08
0.9971730563756795,0.0,0.0036685882048322,0.0000000000000000,0.0023175697122349,0.0000000000000000,16.6898563369800215,3.0000863150142663,-2801255.298999,0.985160,2801254.3139259992167,-2759439.3881835937500,0,3.1e-07
