x0,y0,z0,xd0,yd0,zd0,Tp,JC,stabilityIndex1,stabilityIndex2,alpha,beta,impactFlag,error
0.9979695171698882,0.0,0.0038444725738724,0.0000000000000000,0.0000550071627388,0.0000000000000000,9.8975506112278158,3.0000841025013014,15092.531351,2.000493,-15094.5318440204155,30194.5092669576406,1,4.1e-10
0.9979618701334351,0.0,0.0038455577076187,0.0000000000000000,0.0000880740098348,0.0000000000000000,9.8975199908785481,3.0000840915290579,15035.598350,2.000647,-15037.5989967919759,30082.9204286187887,1,1.5e-10
0.9979539908200442,0.0,0.0038466409161243,0.0000000000000000,0.0001222327365128,0.0000000000000000,9.8974962328251177,3.0000840791770291,14971.526120,2.000835,-14973.5269555047435,29957.5575083345175,1,1.3e-09
0.9979458815436949,0.0,0.0038477182323230,0.0000000000000000,0.0001574811789777,0.0000000000000000,9.8974801093774296,3.0000840653456802,14899.877176,2.001065,-14901.8782404854464,29817.6164544969797,1,3.7e-10
0.9979375471860160,0.0,0.0038487852209066,0.0000000000000000,0.0001938061044458,0.0000000000000000,9.8974724068952238,3.0000840499372372,14820.244785,2.001341,-14822.2461256757433,29662.3619079589844,1,8.3e-11
0.9979289954702202,0.0,0.0038498370078421,0.0000000000000000,0.0002311818498151,0.0000000000000000,9.8974739081118059,3.0000840328581844,14732.268983,2.001671,-14734.2706531974291,29491.1509189754725,1,2.1e-10
0.9979202371402248,0.0,0.0038508683375651,0.0000000000000000,0.0002695693438939,0.0000000000000000,9.8974853710953905,3.0000840140220051,14635.652721,2.002061,-14637.6547816464808,29303.4662617444992,1,3.9e-10
0.9979112860040921,0.0,0.0038518736600255,0.0000000000000000,0.0003089157007591,0.0000000000000000,9.8975075055814354,3.0000839933519976,14530.177754,2.002518,-14532.1802719379848,29098.9463841319084,1,8.6e-10
0.9979021588060207,0.0,0.0038528472466102,0.0000000000000000,0.0003491545549394,0.0000000000000000,9.8975409484083272,3.0000839707839191,14415.718938,2.003050,-14417.7219877305870,28877.4076235592365,1,1.9e-10
0.9978928749044084,0.0,0.0038537833299612,0.0000000000000000,0.0003902072556429,0.0000000000000000,9.8975862398767589,3.0000839462681821,14292.254442,2.003663,-14294.2581054749771,28638.8663362264633,1,1.4e-10
0.9978834557542979,0.0,0.0038546762585069,0.0000000000000000,0.0004319849488394,0.0000000000000000,9.8976438033697907,3.0000839197713320,14159.871499,2.004365,-14161.8758638122854,28383.5441118180752,1,9.6e-12
0.9978739242183977,0.0,0.0038555206530350,0.0000000000000000,0.0004743914621019,0.0000000000000000,9.8977139304476012,3.0000838912765699,14018.765747,2.005160,-14020.7709063881794,28111.8658169806004,1,5.1e-11
0.9978643037562011,0.0,0.0038563115508803,0.0000000000000000,0.0005173267917249,0.0000000000000000,9.8977967731192731,3.0000838607832017,13869.234240,2.006055,-13871.2402946215916,27824.4437371939421,1,3.3e-10
0.9978546175603313,0.0,0.0038570445238686,0.0000000000000000,0.0005606908980659,0.0000000000000000,9.8978923442148385,3.0000838283050162,13711.662481,2.007054,-13713.6695354409349,27522.0501628518105,1,7.2e-11
0.9978448877170587,0.0,0.0038577157592199,0.0000000000000000,0.0006043874712355,0.0000000000000000,9.8980005257106676,3.0000837938677263,13546.506557,2.008162,-13548.5147192446675,27205.5831261277199,1,9.2e-10
0.9978351344627469,0.0,0.0038583220974582,0.0000000000000000,0.0006483273426329,0.0000000000000000,9.8981210838928355,3.0000837575057298,13374.272353,2.009382,-13376.2817355316620,26876.0258657038212,1,2.1e-10
0.9978253755907210,0.0,0.0038588610269445,0.0000000000000000,0.0006924312864445,0.0000000000000000,9.8982536894806739,3.0000837192584964,13195.493944,2.010717,-13197.5046607862660,26534.4025791138411,1,1.2e-09
0.9978156260387636,0.0,0.0038593306396698,0.0000000000000000,0.0007366320581139,0.0000000000000000,9.8983979404747657,3.0000836791668952,13010.712447,2.012168,-13012.7246153233318,26181.7432817816734,1,6.4e-10
0.9978058976616804,0.0,0.0038597295564955,0.0000000000000000,0.0007808756299856,0.0000000000000000,9.8985533855146102,3.0000836372697304,12820.457969,2.013738,-12822.4717072181738,25819.0430664569139,1,3.3e-10
0.9977961991720130,0.0,0.0038600568316457,0.0000000000000000,0.0008251216812265,0.0000000000000000,9.8987195459061414,3.0000835936006727,12625.234064,2.015427,-12627.2494908627596,25447.2409338653088,1,7.7e-11
0.9977865362172466,0.0,0.0038603118461184,0.0000000000000000,0.0008693434687637,0.0000000000000000,9.8988959349996346,3.0000835481856796,12425.506678,2.017237,-12427.5239155927720,25067.1939413845539,1,8.3e-11
0.9977769115552361,0.0,0.0038604941982140,0.0000000000000000,0.0009135272404690,0.0000000000000000,9.8990820741835215,3.0000835010409244,12221.696261,2.019169,-12223.7154296250610,24679.6659710109234,1,4.1e-11
0.9977673252894272,0.0,0.0038606035972223,0.0000000000000000,0.0009576713574120,0.0000000000000000,9.8992775052615531,3.0000834521711859,12014.173291,2.021223,-12016.1945137015118,24285.3192441165447,1,1.7e-10
0.9977577751298852,0.0,0.0038606397639965,0.0000000000000000,0.0010017852763176,0.0000000000000000,9.8994817993649065,3.0000834015686091,11803.256370,2.023400,-11805.2797706640977,23884.7119286209345,1,2.6e-10
0.9977482566528268,0.0,0.0038606023400447,0.0000000000000000,0.0010458885166192,0.0000000000000000,9.8996945627897031,3.0000833492117254,11589.212302,2.025703,-11591.2380044561723,23478.2988687157631,1,2.5e-10
0.9977387635383446,0.0,0.0038604908050747,0.0000000000000000,0.0010900097073200,0.0000000000000000,9.8999154402599441,3.0000832950646221,11372.257554,2.028132,-11374.2856857281258,23066.4339510649443,1,7.2e-11
0.9977292877729077,0.0,0.0038603044016817,0.0000000000000000,0.0011341857791536,0.0000000000000000,9.9001441161589163,3.0000832390761385,11152.560379,2.030689,-11154.5910676348540,22649.3761443495750,1,2.5e-10
0.9977198198074678,0.0,0.0038600420649909,0.0000000000000000,0.0011784613493262,0.0000000000000000,9.9003803141975695,3.0000831811789923,10930.243467,2.033376,-10932.2768430892138,22227.2926521599293,1,1.0e-10
0.9977103486661342,0.0,0.0038597023544610,0.0000000000000000,0.0012228883278047,0.0000000000000000,9.9006237959411401,3.0000831212887218,10705.386401,2.036196,-10707.4225970561129,21800.2647950649261,1,1.3e-10
0.9977008620024727,0.0,0.0038592833846183,0.0000000000000000,0.0012675257650043,0.0000000000000000,9.9008743585282879,3.0000830593023453,10478.027924,2.039152,-10480.0670764851911,21368.2916041687131,1,2.5e-10
0.9976913461001683,0.0,0.0038587827510232,0.0000000000000000,0.0013124399627152,0.0000000000000000,9.9011318317880299,3.0000829950966375,10248.167727,2.042247,-10250.2099746746153,20931.2916153892875,1,3.6e-10
0.9976817858156218,0.0,0.0038581974472925,0.0000000000000000,0.0013577048668666,0.0000000000000000,9.9013960749185888,3.0000829285258890,10015.767408,2.045485,-10017.8128933909538,20489.1060458198190,1,2.6e-10
0.9976721644572975,0.0,0.0038575237682179,0.0000000000000000,0.0014034027745432,0.0000000000000000,9.9016669727620723,3.0000828594190136,9780.750866,2.048871,-9782.7997364462935,20041.4956043288112,1,9.8e-11
0.9976624635945101,0.0,0.0038567571929570,0.0000000000000000,0.0014496253991072,0.0000000000000000,9.9019444316369167,3.0000827875758107,9543.003435,2.052408,-9545.0558434649956,19588.1401017904282,1,1.1e-10
0.9976526627842192,0.0,0.0038558922406361,0.0000000000000000,0.0014964753588461,0.0000000000000000,9.9022283745805115,3.0000827127621466,9302.370105,2.056103,-9304.4262077144413,19128.6315011605620,1,3.4e-10
0.9976427391988062,0.0,0.0038549222883084,0.0000000000000000,0.0015440681842144,0.0000000000000000,9.9025187357235254,3.0000826347037171,9058.652219,2.059961,-9060.7121794373361,18662.4662542864680,1,5.2e-10
0.9976326671297656,0.0,0.0038538393376161,0.0000000000000000,0.0015925349816588,0.0000000000000000,9.9028154533285555,3.0000825530779505,8811.602560,2.063987,-8813.6665472213681,18189.0327527150512,1,2.2e-10
0.9976224173317987,0.0,0.0038526337112624,0.0000000000000000,0.0016420259487060,0.0000000000000000,9.9031184607766445,3.0000824675033955,8560.918356,2.068189,-8562.9865450652560,17707.5939591303468,1,1.3e-10
0.9976119561544524,0.0,0.0038512936522661,0.0000000000000000,0.0016927150282995,0.0000000000000000,9.9034276743165410,3.0000823775257039,8306.231550,2.072572,-8308.3041219151728,17217.2646064460278,1,1.4e-10
0.9976012443865088,0.0,0.0038498047869331,0.0000000000000000,0.0017448061111917,0.0000000000000000,9.9037429757427375,3.0000822825988767,8047.095656,2.077144,-8049.1728000146459,16716.9790946654975,1,5.6e-11
0.9975902357019898,0.0,0.0038481493934483,0.0000000000000000,0.0017985413939405,0.0000000000000000,9.9040641869490837,3.0000821820598276,7782.967920,2.081911,-7785.0498309601844,16205.4494542069733,1,9.6e-11
0.9975788745442371,0.0,0.0038463053882485,0.0000000000000000,0.0018542127904402,0.0000000000000000,9.9043910312632271,3.0000820750933537,7513.185295,2.086879,-7515.2721740553161,15681.1070205532014,1,1.4e-10
0.9975670932047304,0.0,0.0038442448947413,0.0000000000000000,0.0019121777407860,0.0000000000000000,9.9047230727924784,3.0000819606830387,7236.931933,2.092050,-7239.0239829345264,15142.0240205302835,1,2.5e-10
0.9975548077303077,0.0,0.0038419321812376,0.0000000000000000,0.0019728814558127,0.0000000000000000,9.9050596181019213,3.0000818375412077,6953.195240,2.097425,-6955.2926648230805,14585.8062044419348,1,3.0e-10
0.9975419121172968,0.0,0.0038393206289656,0.0000000000000000,0.0020368886497513,0.0000000000000000,9.9053995514401834,3.0000817040071732,6660.707049,2.102997,-6662.8100460718442,14009.4449920579791,1,2.9e-11
0.9975282700146659,0.0,0.0038363481872886,0.0000000000000000,0.0021049292376585,0.0000000000000000,9.9057410483862824,3.0000815578971172,6357.866718,2.108745,-6359.9754635034815,13409.1207808256149,1,2.6e-10
0.9975137029617090,0.0,0.0038329304691375,0.0000000000000000,0.0021779638798465,0.0000000000000000,9.9060810588565769,3.0000813962810162,6042.648749,2.114627,-6044.7633758270667,12779.9476471543312,1,4.8e-11
0.9974979745015812,0.0,0.0038289502963564,0.0000000000000000,0.0022572743645397,0.0000000000000000,9.9064143368707978,3.0000812151562943,5712.518900,2.120553,-5714.6394527383272,12115.6989266574383,1,4.1e-11
0.9974807723895240,0.0,0.0038242426905077,0.0000000000000000,0.0023445702550829,0.0000000000000000,9.9067315599636885,3.0000810090090844,5364.461230,2.126345,-5366.5875748011476,11408.6954933404922,1,1.4e-11
0.9974617044667637,0.0,0.0038185779453727,0.0000000000000000,0.0024420357196162,0.0000000000000000,9.9070156622983294,3.0000807704140402,4995.478189,2.131646,-4997.6098344036345,10650.5888297315687,1,2.4e-10
0.9974403744945696,0.0,0.0038116648662426,0.0000000000000000,0.0025519747645748,0.0000000000000000,9.9072352736881637,3.0000804905563525,4604.709014,2.135746,-4606.8447597341456,9836.4874137174338,1,6.2e-11
0.9974167438877841,0.0,0.0038032664098158,0.0000000000000000,0.0026749542671477,0.0000000000000000,9.9073375422312058,3.0000801639453347,4199.864255,2.137362,-4202.0016164388826,8978.6284555438906,1,9.4e-11
0.9973920094729187,0.0,0.0037936042647620,0.0000000000000000,0.0028050938715720,0.0000000000000000,9.9072606102641796,3.0000798026046152,3808.329131,2.134837,-3810.4639679138636,8132.1632079239935,1,1.1e-10
0.9973688594511828,0.0,0.0037837138082242,0.0000000000000000,0.0029283026204213,0.0000000000000000,9.9069937263793655,3.0000794454756270,3471.776941,2.127607,-3473.9045479598371,7388.5758609594777,1,1.6e-11
0.9973492080445064,0.0,0.0037746440940580,0.0000000000000000,0.0030340357939977,0.0000000000000000,9.9066017368582191,3.0000791272206593,3208.460848,2.117039,-3210.5778871272805,6794.4359507001936,1,2.8e-11
0.9973329548950574,0.0,0.0037666545488296,0.0000000000000000,0.0031223339323831,0.0000000000000000,9.9061521899361100,3.0000788530192311,3005.834665,2.104763,-3007.9394272215554,6328.5682537360117,1,1.5e-10
0.9973192768128146,0.0,0.0037595751297194,0.0000000000000000,0.0031972749055949,0.0000000000000000,9.9056798445517735,3.0000786142212363,2845.646824,2.091677,-2847.7385011144806,5954.1751076471992,1,1.9e-10
0.9973074554411632,0.0,0.0037531860091789,0.0000000000000000,0.0032625340530814,0.0000000000000000,9.9051987290063295,3.0000784016882851,2714.591123,2.078174,-2716.6692971403500,5643.3933942965232,1,2.2e-10
0.9972969899440770,0.0,0.0037473139969043,0.0000000000000000,0.0033207065737272,0.0000000000000000,9.9047140471318862,3.0000782086051108,2604.116142,2.064415,-2606.1805573861980,5377.9762968756258,1,1.3e-10
0.9972875417955502,0.0,0.0037418340760423,0.0000000000000000,0.0033735598475088,0.0000000000000000,9.9042274877695284,3.0000780301873049,2508.726683,2.050464,-2510.7771474998308,5146.0548449018970,1,2.2e-11
0.9972788782198944,0.0,0.0037366564008619,0.0000000000000000,0.0034223157393732,0.0000000000000000,9.9037393246280061,3.0000778630576685,2424.778964,2.036346,-2426.8153096249334,4939.6885437122546,1,2.9e-11
0.9972708345170240,0.0,0.0037317152158176,0.0000000000000000,0.0034678425984897,0.0000000000000000,9.9032492585152720,3.0000777047769778,2349.766999,2.022064,-2351.7890624871534,4753.3781464840285,1,1.4e-11
0.9972632906848039,0.0,0.0037269612348029,0.0000000000000000,0.0035107756141804,0.0000000000000000,9.9027567681508391,3.0000775535362596,2281.907172,2.007613,-2283.9147857656139,4583.1871889526956,1,5.6e-11
0.9972561568935637,0.0,0.0037223566134574,0.0000000000000000,0.0035515920769770,0.0000000000000000,9.9022612605588591,3.0000774079590760,2219.890870,1.992987,-2221.8838570788498,4426.2136660912074,1,1.6e-10
0.9972493642626216,0.0,0.0037178716234579,0.0000000000000000,0.0035906593870879,0.0000000000000000,9.9017621358325698,3.0000772669730198,2162.732277,1.978175,-2164.7104516643935,4280.2626878190786,1,1.3e-10
0.9972428588425608,0.0,0.0037134824152420,0.0000000000000000,0.0036282664884006,0.0000000000000000,9.9012588139262601,3.0000771297243611,2109.671546,1.963167,-2111.6347126006654,4143.6365944617428,1,9.1e-11
0.9972365975803047,0.0,0.0037091694807026,0.0000000000000000,0.0036646450075184,0.0000000000000000,9.9007507442215541,3.0000769955199886,2060.111201,1.947951,-2062.0591528678860,4014.9965379401110,1,2.4e-10
0.9972305455438469,0.0,0.0037049165739787,0.0000000000000000,0.0036999838307624,0.0000000000000000,9.9002374072501116,3.0000768637869837,2013.573140,1.932519,-2015.5056588965224,3893.2688509952277,1,2.2e-10
0.9972246739667919,0.0,0.0037007099369254,0.0000000000000000,0.0037344394001212,0.0000000000000000,9.8997183129686626,3.0000767340438075,1969.668838,1.916860,-1971.5856977905960,3777.5792454828043,1,1.0e-10
0.9972189588416092,0.0,0.0036965377326381,0.0000000000000000,0.0037681431372353,0.0000000000000000,9.8991929976388313,3.0000766058793631,1928.078189,1.900964,-1929.9791530261612,3667.2064198399894,1,3.7e-11
0.9972133798871962,0.0,0.0036923896228285,0.0000000000000000,0.0038012069054346,0.0000000000000000,9.8986610203028516,3.0000764789374639,1888.534173,1.884821,-1890.4189940227825,3561.5482005972881,1,7.2e-11
0.9972079197774849,0.0,0.0036882564466671,0.0000000000000000,0.0038337271019412,0.0000000000000000,9.8981219593063852,3.0000763529050940,1850.811536,1.868422,-1852.6799579795338,3460.0964743192308,1,2.3e-10
0.9972025635563676,0.0,0.0036841299729562,0.0000000000000000,0.0038657877711193,0.0000000000000000,9.8975754090496260,3.0000762275034036,1814.718294,1.851758,-1816.5700516463066,3362.4184070655610,1,4.0e-11
0.9971972981864504,0.0,0.0036800027049639,0.0000000000000000,0.0038974630150316,0.0000000000000000,9.8970209770448481,3.0000761024806541,1780.089264,1.834819,-1781.9240835874180,3268.1418394183274,1,1.3e-10
0.9971921121963804,0.0,0.0036758677242100,0.0000000000000000,0.0039288188865076,0.0000000000000000,9.8964582812789921,3.0000759776066142,1746.781042,1.817597,-1748.5986388299420,3176.9444229700603,1,4.6e-11
0.9971869954021593,0.0,0.0036717185636499,0.0000000000000000,0.0039599148938984,0.0000000000000000,9.8958869478496485,3.0000758526680307,1714.668090,1.800083,-1716.4681726472515,3088.5446215299889,1,6.0e-11
0.9971819386829232,0.0,0.0036675491017814,0.0000000000000000,0.0039908052218138,0.0000000000000000,9.8953066088562398,3.0000757274648926,1683.639620,1.782267,-1685.4218867914192,3002.6949623462278,1,2.8e-11
0.9971769337996759,0.0,0.0036633534735431,0.0000000000000000,0.0040215397277298,0.0000000000000000,9.8947169004883193,3.0000756018073034,1653.597102,1.764140,-1655.3612422216456,2919.1763945135754,1,1.2e-10
0.9971719732455079,0.0,0.0036591259924656,0.0000000000000000,0.0040521647769480,0.0000000000000000,9.8941174612928151,3.0000754755127841,1624.452238,1.745692,-1626.1979299038758,2837.7938430104405,1,1.4e-10
0.9971670501213663,0.0,0.0036548610819755,0.0000000000000000,0.0040827239468370,0.0000000000000000,9.8935079305686369,3.0000753484039202,1596.125302,1.726915,-1597.8522167747608,2758.3724592924118,1,1.3e-10
0.9971621580310784,0.0,0.0036505532126886,0.0000000000000000,0.0041132586350700,0.0000000000000000,9.8928879468629400,3.0000752203062460,1568.543771,1.707797,-1570.2515677428194,2680.7546427671332,1,1.0e-11
0.9971572909909715,0.0,0.0036461968432386,0.0000000000000000,0.0041438085978856,0.0000000000000000,9.8922571465414109,3.0000750910462677,1541.641165,1.688329,-1543.3294938942929,2604.7974435633514,1,5.5e-11
0.9971524433515283,0.0,0.0036417863635240,0.0000000000000000,0.0041744124324254,0.0000000000000000,9.8916151623929469,3.0000749604496084,1515.356071,1.668499,-1517.0245698836543,2530.3705337988213,1,1.3e-10
0.9971476097275030,0.0,0.0036373160379676,0.0000000000000000,0.0042051080244105,0.0000000000000000,9.8909616222479677,3.0000748283391716,1489.631297,1.648297,-1491.2795940950846,2457.3543460434303,1,5.8e-12
0.9971427849347156,0.0,0.0036327799476110,0.0000000000000000,0.0042359329720488,0.0000000000000000,9.8902961475747624,3.0000746945332950,1464.413150,1.627709,-1466.0408588733087,2385.6384543869644,1,5.0e-11
0.9971379639308768,0.0,0.0036281719287510,0.0000000000000000,0.0042669250033403,0.0000000000000000,9.8896183520295970,3.0000745588438260,1439.650766,1.606723,-1441.2574895868388,2315.1203523844015,1,5.5e-11
0.9971331417594804,0.0,0.0036234855070717,0.0000000000000000,0.0042981223940806,0.0000000000000000,9.8889278399172653,3.0000744210740704,1415.295536,1.585326,-1416.8808619652402,2245.7041568112327,1,1.2e-10
0.9971283134943989,0.0,0.0036187138246001,0.0000000000000000,0.0043295644036389,0.0000000000000000,9.8882242045301130,3.0000742810165488,1391.300551,1.563501,-1392.8640515306954,2177.2996145226061,1,3.1e-11
0.9971234741837506,0.0,0.0036138495573198,0.0000000000000000,0.0043612917407249,0.0000000000000000,9.8875070263171576,3.0000741384504774,1367.620088,1.541233,-1369.1613205731621,2109.8210485368036,1,2.5e-11
0.9971186187911401,0.0,0.0036088848204110,0.0000000000000000,0.0043933470755999,0.0000000000000000,9.8867758708293483,3.0000739931389004,1344.209104,1.518504,-1345.7276079739152,2043.1865213377168,1,6.1e-12
0.9971137421324633,0.0,0.0036038110576744,0.0000000000000000,0.0044257756161476,0.0000000000000000,9.8860302863707510,3.0000738448253488,1321.022731,1.495294,-1322.5180242098054,1977.3169157976517,1,5.6e-11
0.9971088388052615,0.0,0.0035986189098020,0.0000000000000000,0.0044586257752621,0.0000000000000000,9.8852698012772819,3.0000736932298833,1298.015737,1.471581,-1299.4873180528205,1912.1351069429656,1,2.1e-11
0.9971039031084665,0.0,0.0035932980561938,0.0000000000000000,0.0044919499540184,0.0000000000000000,9.8844939207050402,3.0000735380443593,1275.141972,1.447341,-1276.5893125078060,1847.5650145573309,1,1.4e-10
0.9970989289480945,0.0,0.0035878370215036,0.0000000000000000,0.0045258054839575,0.0000000000000000,9.8837021227930375,3.0000733789266327,1252.353720,1.422546,-1253.7762658104916,1783.5307640592800,1,3.5e-11
0.9970939097241189,0.0,0.0035822229361399,0.0000000000000000,0.0045602557791996,0.0000000000000000,9.8828938540098381,3.0000732154934227,1229.600989,1.397165,-1230.9981535574229,1719.9555120846489,1,1.0e-10
0.9970888381916715,0.0,0.0035764412354884,0.0000000000000000,0.0045953717703607,0.0000000000000000,9.8820685234322685,3.0000730473113348,1206.830642,1.371162,-1208.2018038654519,1656.7603661669418,1,2.0e-11
0.9970837062871458,0.0,0.0035704752765966,0.0000000000000000,0.0046312337202429,0.0000000000000000,9.8812254956120427,3.0000728738854443,1183.985358,1.344495,-1185.3298532291474,1593.8629595792154,1,4.0e-11
0.9970785049058100,0.0,0.0035643058419287,0.0000000000000000,0.0046679335638965,0.0000000000000000,9.8803640815533207,3.0000726946445235,1161.002325,1.317117,-1162.3194414503541,1531.1756974564632,1,5.6e-12
0.9970732236115010,0.0,0.0035579104858733,0.0000000000000000,0.0047055779806605,0.0000000000000000,9.8794835271286185,3.0000725089215852,1137.811567,1.288969,-1139.1005357246868,1468.6035528392531,1,1.2e-11
0.9970678502494877,0.0,0.0035512626578219,0.0000000000000000,0.0047442925079367,0.0000000000000000,9.8785829979671327,3.0000723159277896,1114.333738,1.259983,-1115.5937211779687,1406.0412325623911,1,6.0e-11
0.9970623704179363,0.0,0.0035443304998546,0.0000000000000000,0.0047842271740456,0.0000000000000000,9.8776615594060253,3.0000721147166671,1090.477142,1.230076,-1091.7072176956444,1343.3692762677092,1,3.4e-11
0.9970567667287498,0.0,0.0035370751591362,0.0000000000000000,0.0048255643968912,0.0000000000000000,9.8767181493844873,3.0000719041338999,1066.133584,1.199145,-1067.3327292580937,1280.4487473592162,1,2.1e-11
0.9970510177428011,0.0,0.0035294483508242,0.0000000000000000,0.0048685303844528,0.0000000000000000,9.8757515410639822,3.0000716827447991,1041.172439,1.167063,-1042.3395017364969,1217.1134659666568,1,2.6e-11
0.9970450963862475,0.0,0.0035213887237330,0.0000000000000000,0.0049134121277999,0.0000000000000000,9.8747602901168587,3.0000714487261293,1015.431836,1.133664,-1016.5654996538283,1153.1586602524039,1,1.0e-11
0.9970389675017236,0.0,0.0035128162259305,0.0000000000000000,0.0049605837354725,0.0000000000000000,9.8737426586073340,3.0000711996983744,988.705062,1.098733,-989.8037952579243,1088.3232643018127,1,1.6e-11
0.9970325838835982,0.0,0.0035036229527588,0.0000000000000000,0.0050105491875966,0.0000000000000000,9.8726965022596378,3.0000709324531982,960.718554,1.061977,-961.7805318278336,1022.2613781398395,1,2.0e-11
0.9970258794800624,0.0,0.0034936573921260,0.0000000000000000,0.0050640158896639,0.0000000000000000,9.8716190994781030,3.0000706424841046,931.094133,1.022983,-932.1171154387126,954.4932743421523,1,2.7e-11
0.9970187568648943,0.0,0.0034826952316063,0.0000000000000000,0.0051220308407109,0.0000000000000000,9.8705068880237015,3.0000703231163426,899.279260,0.981136,-900.2603959246317,884.3151324069477,1,9.9e-12
0.9970110618369475,0.0,0.0034703797299847,0.0000000000000000,0.0051862583966947,0.0000000000000000,9.8693550681787396,3.0000699637285528,864.405145,0.935460,-865.3406045045517,810.6163831442245,1,1.0e-11
0.9970025246401326,0.0,0.0034560822552152,0.0000000000000000,0.0052596286238891,0.0000000000000000,9.8681571182933983,3.0000695455898665,824.956502,0.884239,-825.8407407092375,731.4583655440365,1,3.4e-11
0.9969925940166385,0.0,0.0034385021559244,0.0000000000000000,0.0053481917109841,0.0000000000000000,9.8669052357477227,3.0000690299014288,777.830691,0.823949,-778.6546395403483,642.8925894436543,1,3.2e-11
0.9969797734503858,0.0,0.0034140217533586,0.0000000000000000,0.0054687015757754,0.0000000000000000,9.8656044174215385,3.0000683085337330,714.513663,0.744972,-715.2586350000136,534.2929561903002,1,6.7e-11
0.9969583810773375,0.0,0.0033671713724984,0.0000000000000000,0.0056911672182546,0.0000000000000000,9.8647267538727501,3.0000669155075834,600.306632,0.609935,-600.9165673541381,368.1481519755907,1,6.5e-12
0.9969367157002043,0.0,0.0033068799742571,0.0000000000000000,0.0059639307753006,0.0000000000000000,9.8671841627715686,3.0000650943217742,466.962666,0.466784,-467.4294504957673,219.9707022897637,1,3.6e-11
0.9969324689746821,0.0,0.0032923468985979,0.0000000000000000,0.0060276926061094,0.0000000000000000,9.8684497799963182,3.0000646499564674,437.265734,0.437354,-437.7030881061268,193.2397470006836,1,2.5e-11
0.9969293496990870,0.0,0.0032807349407621,0.0000000000000000,0.0060781324916974,0.0000000000000000,9.8696622102126792,3.0000642933076489,414.257910,0.415246,-414.6731566987181,174.0191036209289,1,1.4e-11
0.9969268595658213,0.0,0.0032707345320918,0.0000000000000000,0.0061212249982315,0.0000000000000000,9.8708534635005325,3.0000639849890689,394.966428,0.397209,-395.3636372833597,158.8842393972882,1,4.2e-12
0.9969247850326735,0.0,0.0032617797826764,0.0000000000000000,0.0061595473168746,0.0000000000000000,9.8720382106479736,3.0000637079744874,378.109544,0.381845,-378.4913888698949,146.3792603626353,1,4.7e-12
0.9969230122990539,0.0,0.0032535668575154,0.0000000000000000,0.0061944812369207,0.0000000000000000,9.8732247375984556,3.0000634531190080,363.000287,0.368409,-363.3686957113505,135.7325524965709,1,1.6e-11
0.9969214726935990,0.0,0.0032459110311271,0.0000000000000000,0.0062268658453658,0.0000000000000000,9.8744183399392256,3.0000632148606736,349.221661,0.356450,-349.5781110063883,126.4800682363712,1,5.4e-12
0.9969201212718362,0.0,0.0032386904138026,0.0000000000000000,0.0062572542041478,0.0000000000000000,9.8756227042889471,3.0000629895279483,336.498955,0.345673,-336.8446280561827,118.3184876084706,1,3.5e-12
0.9969189268856354,0.0,0.0032318197422926,0.0000000000000000,0.0062860327896072,0.0000000000000000,9.8768405683016685,3.0000627745512909,324.640338,0.335871,-324.9762091150554,111.0374053825290,1,1.1e-11
0.9969178670158797,0.0,0.0032252366981313,0.0000000000000000,0.0063134837937662,0.0000000000000000,9.8780740721044147,3.0000625680515327,313.505870,0.326897,-313.8327671521475,104.4841951498383,1,3.3e-12
0.9969169248488859,0.0,0.0032188941450220,0.0000000000000000,0.0063398204485096,0.0000000000000000,9.8793249608202043,3.0000623686063044,302.989940,0.318638,-303.3085785566184,98.5442081429064,1,1.1e-11
0.9969160875128922,0.0,0.0032127554348752,0.0000000000000000,0.0063652083731251,0.0000000000000000,9.8805947085743355,3.0000621751087890,293.010645,0.311009,-293.3216538029954,93.1288701540907,1,9.0e-12
0.9969153449587925,0.0,0.0032067914214161,0.0000000000000000,0.0063897791486036,0.0000000000000000,9.8818845981723680,3.0000619866778480,283.503037,0.303941,-283.8069778380779,88.1681494239892,1,1.9e-11
0.9969146892199513,0.0,0.0032009784809622,0.0000000000000000,0.0064136393097772,0.0000000000000000,9.8831957743602690,3.0000618025984487,274.414650,0.297381,-274.7120309918628,83.6055929441645,1,6.1e-12
0.9969141139056511,0.0,0.0031952971547501,0.0000000000000000,0.0064368765108635,0.0000000000000000,9.8845292806200344,3.0000616222808092,265.702433,0.291284,-265.9937175169129,79.3949338995808,1,9.3e-12
0.9969136138443245,0.0,0.0031897311902211,0.0000000000000000,0.0064595638774354,0.0000000000000000,9.8858860853169084,3.0000614452315317,257.330581,0.285616,-257.6161966948616,75.4977106583101,1,1.4e-11
0.9969131848261032,0.0,0.0031842668473816,0.0000000000000000,0.0064817631540411,0.0000000000000000,9.8872671007419086,3.0000612710327310,249.268968,0.280346,-249.5493137231466,71.8815491526220,1,5.8e-12
0.9969128234130830,0.0,0.0031788923859637,0.0000000000000000,0.0065035270306344,0.0000000000000000,9.8886731972823156,3.0000610993265875,241.491990,0.275450,-241.7674397567937,68.5188974068878,1,1.5e-11
0.9969125267969304,0.0,0.0031735976787975,0.0000000000000000,0.0065249008957956,0.0000000000000000,9.8901052141708945,3.0000609298037118,233.977691,0.270907,-234.2485970391789,65.3860786621954,1,1.0e-11
0.9969122926903755,0.0,0.0031683739159872,0.0000000000000000,0.0065459241779701,0.0000000000000000,9.8915639677865901,3.0000607621942335,226.707091,0.266699,-226.9737898534526,62.4625647027824,1,7.5e-12
0.9969121192433725,0.0,0.0031632133747994,0.0000000000000000,0.0065666313884397,0.0000000000000000,9.8930502581667508,3.0000605962608731,219.663671,0.262813,-219.9264834822459,59.7304176061152,1,9.3e-12
0.9969120049775839,0.0,0.0031581092384603,0.0000000000000000,0.0065870529424545,0.0000000000000000,9.8945648741942769,3.0000604317934805,212.832959,0.259235,-213.0921942227901,57.1738482916771,1,1.6e-11
0.9969119487346783,0.0,0.0031530554517092,0.0000000000000000,0.0066072158136716,0.0000000000000000,9.8961085977880305,3.0000602686046878,206.202205,0.255957,-206.4581622128977,54.7788683964791,1,1.5e-11
0.9969119496352009,0.0,0.0031480466045350,0.0000000000000000,0.0066271440608837,0.0000000000000000,9.8976822073346327,3.0000601065263992,199.760120,0.252968,-200.0130882749499,52.5330077962790,1,8.2e-12
0.9969120070456505,0.0,0.0031430778373501,0.0000000000000000,0.0066468592574508,0.0000000000000000,9.8992864805343572,3.0000599454069348,193.496656,0.250263,-193.7469189150372,50.4250894169563,1,6.6e-12
0.9969121205520104,0.0,0.0031381447633831,0.0000000000000000,0.0066663808428648,0.0000000000000000,9.9009221967929815,3.0000597851086881,187.402835,0.247835,-187.6506705479324,48.4450420214089,1,3.0e-12
0.9969122899384167,0.0,0.0031332434043036,0.0000000000000000,0.0066857264142783,0.0000000000000000,9.9025901392556506,3.0000596255061827,181.470603,0.245680,-181.7162834133048,46.5837475955304,1,1.8e-11
0.9969125151699738,0.0,0.0031283701365536,0.0000000000000000,0.0067049119695861,0.0000000000000000,9.9042910965579871,3.0000594664844487,175.692705,0.243794,-175.9364999277539,44.8329140643655,1,1.4e-12
0.9969127963789529,0.0,0.0031235216462516,0.0000000000000000,0.0067239521116765,0.0000000000000000,9.9060258643517631,3.0000593079376636,170.062587,0.242175,-170.3047624698251,43.1849679551615,1,2.7e-12
0.9969131338537914,0.0,0.0031186948910483,0.0000000000000000,0.0067428602212246,0.0000000000000000,9.9077952466498882,3.0000591497679903,164.574306,0.240821,-164.8151266895048,41.6329658078776,1,1.1e-11
0.9969135280304402,0.0,0.0031138870676605,0.0000000000000000,0.0067616486037934,0.0000000000000000,9.9096000570259442,3.0000589918845995,159.222457,0.239731,-159.4621879067890,40.1705181566140,1,4.5e-12
0.9969139794857075,0.0,0.0031090955840643,0.0000000000000000,0.0067803286158513,0.0000000000000000,9.9114411196961871,3.0000588342028158,154.002114,0.238904,-154.2410180690872,38.7917245840545,1,8.8e-13
0.9969144889323276,0.0,0.0031043180355242,0.0000000000000000,0.0067989107734296,0.0000000000000000,9.9133192705063564,3.0000586766433979,148.908770,0.238341,-149.1471114519302,37.4911186151330,1,6.0e-12
0.9969150572155334,0.0,0.0030995521839355,0.0000000000000000,0.0068174048458674,0.0000000000000000,9.9152353578419152,3.0000585191318994,143.938294,0.238044,-144.1763377733020,36.2636205951585,1,5.0e-12
0.9969156853110034,0.0,0.0030947959396173,0.0000000000000000,0.0068358199383313,0.0000000000000000,9.9171902434752397,3.0000583615981138,139.086888,0.238013,-139.3249011874174,35.1044964933790,1,4.8e-12
0.9969163743240158,0.0,0.0030900473455837,0.0000000000000000,0.0068541645632845,0.0000000000000000,9.9191848033636383,3.0000582039755916,134.351053,0.238251,-134.5893047999922,34.0093224809880,1,3.4e-12
0.9969171254897585,0.0,0.0030853045635808,0.0000000000000000,0.0068724467038909,0.0000000000000000,9.9212199284070817,3.0000580462012079,129.727558,0.238762,-129.9663193455605,32.9739538960384,1,1.1e-11
0.9969179401747214,0.0,0.0030805658617411,0.0000000000000000,0.0068906738701268,0.0000000000000000,9.9232965251747007,3.0000578882147764,125.213409,0.239547,-125.4529555811606,31.9944988654006,1,3.2e-12
0.9969188198791367,0.0,0.0030758296035830,0.0000000000000000,0.0069088531488045,0.0000000000000000,9.9254155166072469,3.0000577299587099,120.805828,0.240612,-121.0464400622106,31.0672938109838,1,8.4e-12
0.9969197662404590,0.0,0.0030710942381451,0.0000000000000000,0.0069269912484596,0.0000000000000000,9.9275778427018153,3.0000575713777065,116.502233,0.241960,-116.7441933501868,30.1888837838205,1,2.8e-12
0.9969207810378891,0.0,0.0030663582910781,0.0000000000000000,0.0069450945398988,0.0000000000000000,9.9297844611843651,3.0000574124184647,112.300214,0.243597,-112.5438108962678,29.3560033444646,1,4.8e-12
0.9969218661979744,0.0,0.0030616203565387,0.0000000000000000,0.0069631690930977,0.0000000000000000,9.9320363481749823,3.0000572530294276,108.197517,0.245528,-108.4430457250414,28.5655609364176,1,6.4e-12
0.9969230238013320,0.0,0.0030568790897543,0.0000000000000000,0.0069812207110462,0.0000000000000000,9.9343344988504096,3.0000570931605384,104.192033,0.247760,-104.4397929931518,27.8146244910122,1,4.6e-12
0.9969242560905661,0.0,0.0030521332001340,0.0000000000000000,0.0069992549610779,0.0000000000000000,9.9366799281080684,3.0000569327630147,100.281777,0.250299,-100.5320761278538,27.1004084954247,1,1.6e-12
0.9969255654794694,0.0,0.0030473814448260,0.0000000000000000,0.0070172772041403,0.0000000000000000,9.9390736712356240,3.0000567717891360,96.464882,0.253152,-96.7180341644097,26.4202631140915,1,6.5e-12
0.9969269545636282,0.0,0.0030426226226147,0.0000000000000000,0.0070352926224554,0.0000000000000000,9.9415167845900854,3.0000566101920336,92.739583,0.256327,-92.9959104177143,25.7716637824569,1,1.2e-11
0.9969284261325738,0.0,0.0030378555680712,0.0000000000000000,0.0070533062459539,0.0000000000000000,9.9440103462904847,3.0000564479254970,89.104209,0.259833,-89.3640420817657,25.1522022936356,1,9.7e-12
0.9969299831836573,0.0,0.0030330791458604,0.0000000000000000,0.0070713229778882,0.0000000000000000,9.9465554569283281,3.0000562849437697,85.557172,0.263678,-85.8208508108205,24.5595785167116,1,4.6e-12
0.9969316289378597,0.0,0.0030282922451225,0.0000000000000000,0.0070893476199732,0.0000000000000000,9.9491532403003156,3.0000561212013550,82.096961,0.267873,-82.3648340378511,23.9915931320402,1,8.4e-12
0.9969333668577975,0.0,0.0030234937738301,0.0000000000000000,0.0071073848974572,0.0000000000000000,9.9518048441682350,3.0000559566528127,78.722129,0.272428,-78.9945569847242,23.4461411035195,1,1.6e-12
0.9969352006682320,0.0,0.0030186826530275,0.0000000000000000,0.0071254394845066,0.0000000000000000,9.9545114410515012,3.0000557912525556,75.431291,0.277354,-75.7086453651718,22.9212053620849,1,3.2e-12
0.9969371343794550,0.0,0.0030138578108458,0.0000000000000000,0.0071435160303246,0.0000000000000000,9.9572742290586067,3.0000556249546260,72.223115,0.282664,-72.5057785438570,22.4148514469484,1,3.2e-12
0.9969391723140051,0.0,0.0030090181761762,0.0000000000000000,0.0071616191864659,0.0000000000000000,9.9600944327647163,3.0000554577124672,69.096314,0.288369,-69.3846832012005,21.9252222674322,1,6.0e-13
0.9969413191372585,0.0,0.0030041626718659,0.0000000000000000,0.0071797536358733,0.0000000000000000,9.9629733041439330,3.0000552894786732,66.049644,0.294484,-66.3441273973695,21.4505333281359,1,1.3e-12
0.9969435798925611,0.0,0.0029992902072803,0.0000000000000000,0.0071979241242312,0.0000000000000000,9.9659121235664010,3.0000551202047112,63.081892,0.301022,-63.3829149665870,20.9890682840307,1,3.5e-12
0.9969459600417129,0.0,0.0029943996700439,0.0000000000000000,0.0072161354943420,0.0000000000000000,9.9689122008725057,3.0000549498406168,60.191879,0.308001,-60.4998802183733,20.5391745454338,1,7.8e-13
0.9969484655118065,0.0,0.0029894899167337,0.0000000000000000,0.0072343927243741,0.0000000000000000,9.9719748765391536,3.0000547783346554,57.378446,0.315437,-57.6938828371429,20.0992591547963,1,6.6e-13
0.9969511027496551,0.0,0.0029845597622482,0.0000000000000000,0.0072527009710050,0.0000000000000000,9.9751015229565798,3.0000546056329247,54.640457,0.323346,-54.9638029702880,19.6677846650641,1,8.8e-13
0.9969538787853490,0.0,0.0029796079675065,0.0000000000000000,0.0072710656187273,0.0000000000000000,9.9782935458386870,3.0000544316789091,51.976787,0.331749,-52.3085364016642,19.2432649960203,1,2.3e-12
0.9969568013068782,0.0,0.0029746332250451,0.0000000000000000,0.0072894923368994,0.0000000000000000,9.9815523857958368,3.0000542564129553,49.386323,0.340666,-49.7269897579191,18.8242611913347,1,1.6e-12
0.9969598787482647,0.0,0.0029696341419619,0.0000000000000000,0.0073079871465410,0.0000000000000000,9.9848795201068565,3.0000540797716573,46.867956,0.350119,-47.2180756816631,18.4093768759503,1,4.9e-12
0.9969631203943340,0.0,0.0029646092194958,0.0000000000000000,0.0073265564994361,0.0000000000000000,9.9882764647374440,3.0000539016871217,44.420576,0.360132,-44.7807078207430,17.9972534988347,1,3.1e-12
0.9969665365061565,0.0,0.0029595568283233,0.0000000000000000,0.0073452073728551,0.0000000000000000,9.9917447766661986,3.0000537220860988,42.043067,0.370729,-42.4137956063656,17.5865648358356,1,8.5e-13
0.9969701384724174,0.0,0.0029544751783559,0.0000000000000000,0.0073639473842447,0.0000000000000000,9.9952860565986335,3.0000535408889100,39.734301,0.381937,-40.1162385433651,17.1760110717779,1,2.4e-12
0.9969739389936478,0.0,0.0029493622814204,0.0000000000000000,0.0073827849316551,0.0000000000000000,9.9989019521758582,3.0000533580081501,37.493133,0.393787,-37.8869199492498,16.7643116806595,1,2.3e-12
0.9969779523085793,0.0,0.0029442159046379,0.0000000000000000,0.0074017293676674,0.0000000000000000,10.0025941618214969,3.0000531733470726,35.318390,0.406309,-35.7246998010249,16.3501970818730,1,2.4e-12
0.9969821944751691,0.0,0.0029390335115082,0.0000000000000000,0.0074207912174142,0.0000000000000000,10.0063644394226401,3.0000529867975674,33.208868,0.419538,-33.6284063605371,15.9323985962960,1,1.4e-12
0.9969866837235553,0.0,0.0029338121865369,0.0000000000000000,0.0074399824553936,0.0000000000000000,10.0102146001160275,3.0000527982375971,31.163315,0.433511,-31.5968260999995,15.5096360006992,1,1.7e-12
0.9969914409050918,0.0,0.0029285485375141,0.0000000000000000,0.0074593168617963,0.0000000000000000,10.0141465275613548,3.0000526075278953,29.180425,0.448266,-29.6286912565998,15.0806018600533,1,5.9e-12
0.9969964900719039,0.0,0.0029232385669508,0.0000000000000000,0.0074788104881491,0.0000000000000000,10.0181621832494052,3.0000524145076621,27.258816,0.463848,-27.7226640204184,14.6439414433789,1,9.5e-12
0.9970018592371264,0.0,0.0029178775001670,0.0000000000000000,0.0074984822760304,0.0000000000000000,10.0222636186467238,3.0000522189888472,25.397014,0.480302,-25.8773158984595,14.1982264693496,1,1.3e-11
0.9970075813906737,0.0,0.0029124595511637,0.0000000000000000,0.0075183548946897,0.0000000000000000,10.0264529913773099,3.0000520207484240,23.593422,0.497678,-24.0911000903479,13.7419199449170,1,1.3e-11
0.9970136958852640,0.0,0.0029069775970743,0.0000000000000000,0.0075384558992152,0.0000000000000000,10.0307325872857884,3.0000518195177208,21.846284,0.516030,-22.3623134592801,13.2733280734526,1,7.5e-13
0.9970202503742596,0.0,0.0029014227144203,0.0000000000000000,0.0075588193716625,0.0000000000000000,10.0351048512988168,3.0000516149673215,20.153629,0.535414,-20.6890425854530,12.7905327812160,1,6.3e-13
0.9970273035987699,0.0,0.0028957834999760,0.0000000000000000,0.0075794883124946,0.0000000000000000,10.0395724318561346,3.0000514066850985,18.513195,0.555890,-19.0690849111527,12.2912940648710,1,2.4e-12
0.9970349295335169,0.0,0.0028900450423688,0.0000000000000000,0.0076005182450086,0.0000000000000000,10.0441382470184326,3.0000511941431500,16.922313,0.577516,-17.4998290419499,11.7729039607950,1,6.9e-12
0.9970432238079422,0.0,0.0028841873017179,0.0000000000000000,0.0076219828695501,0.0000000000000000,10.0488055866714436,3.0000509766460097,15.377719,0.600346,-15.9780654290242,11.2319589363889,1,5.3e-12
0.9970523141575093,0.0,0.0028781824279652,0.0000000000000000,0.0076439833823079,0.0000000000000000,10.0535782778772909,3.0000507532454255,13.875251,0.624420,-14.4996712937035,10.6639870522134,1,5.0e-12
0.9970623785307762,0.0,0.0028719900401954,0.0000000000000000,0.0076666648149970,0.0000000000000000,10.0584609675195402,3.0000505225911538,12.409315,0.649738,-13.0590524224053,10.0627977961278,1,1.1e-11
0.9970736791176095,0.0,0.0028655482190311,0.0000000000000000,0.0076902470950033,0.0000000000000000,10.0634596395438844,3.0000502826478348,10.971863,0.676207,-11.6480702288654,9.4192526849586,1,6.4e-12
0.9970866337823796,0.0,0.0028587543248093,0.0000000000000000,0.0077150909430721,0.0000000000000000,10.0685826472552122,3.0000500300954411,9.550231,0.703509,-10.2537395125319,8.7186691161412,1,4.0e-12
0.9970869199057384,0.0,0.0028586108271377,0.0000000000000000,0.0077156152312184,0.0000000000000000,10.0686886334984376,3.0000500247718023,9.521234,0.704070,-10.2253044045223,8.7036146935993,1,2.6e-12
0.9970872129408314,0.0,0.0028584641438445,0.0000000000000000,0.0077161511346793,0.0000000000000000,10.0687968625265452,3.0000500193305744,9.491638,0.704643,-10.1962809561991,8.6882147209469,1,3.6e-12
0.9970875130795028,0.0,0.0028583141984463,0.0000000000000000,0.0077166989309695,0.0000000000000000,10.0689073823536486,3.0000500137689707,9.461429,0.705228,-10.1666568639328,8.6724603878731,1,3.2e-12
0.9970878205202773,0.0,0.0028581609122656,0.0000000000000000,0.0077172589054838,0.0000000000000000,10.0690202420567108,3.0000500080841257,9.430595,0.705824,-10.1364195422962,8.6563426098126,1,3.2e-12
0.9970881354686769,0.0,0.0028580042043399,0.0000000000000000,0.0077178313518181,0.0000000000000000,10.0691354918015179,3.0000500022730932,9.399123,0.706433,-10.1055561149933,8.6398520156960,1,5.2e-12
0.9970884581375540,0.0,0.0028578439913293,0.0000000000000000,0.0077184165720975,0.0000000000000000,10.0692531828695309,3.0000499963328444,9.366999,0.707055,-10.0740534076388,8.6229789306707,1,4.1e-12
0.9970887887474432,0.0,0.0028576801874184,0.0000000000000000,0.0077190148773221,0.0000000000000000,10.0693733676856141,3.0000499902602611,9.334209,0.707689,-10.0418979333049,8.6057133714053,1,7.0e-12
0.9970891275269371,0.0,0.0028575127042115,0.0000000000000000,0.0077196265877361,0.0000000000000000,10.0694960998466918,3.0000499840521351,9.300740,0.708336,-10.0090758860133,8.5880450216675,1,6.2e-12
0.9970894747130843,0.0,0.0028573414506235,0.0000000000000000,0.0077202520332139,0.0000000000000000,10.0696214341513954,3.0000499777051637,9.266577,0.708996,-9.9755731252806,8.5699632294440,1,6.1e-12
0.9970898305518164,0.0,0.0028571663327611,0.0000000000000000,0.0077208915536779,0.0000000000000000,10.0697494266307270,3.0000499712159470,9.231706,0.709669,-9.9413751672388,8.5514569803152,1,7.5e-12
0.9970901952984045,0.0,0.0028569872537976,0.0000000000000000,0.0077215454995399,0.0000000000000000,10.0698801345798330,3.0000499645809806,9.196111,0.710356,-9.9064671700994,8.5325148849793,1,7.3e-12
0.9970905692179428,0.0,0.0028568041138399,0.0000000000000000,0.0077222142321686,0.0000000000000000,10.0700136165909484,3.0000499577966533,9.159777,0.711057,-9.8708339203528,8.5131251624586,1,9.1e-12
0.9970909525858703,0.0,0.0028566168097851,0.0000000000000000,0.0077228981243924,0.0000000000000000,10.0701499325875670,3.0000499508592422,9.122688,0.711772,-9.8344598186604,8.4932756166000,1,9.4e-12
0.9970913456885272,0.0,0.0028564252351693,0.0000000000000000,0.0077235975610344,0.0000000000000000,10.0702891438599469,3.0000499437649086,9.084827,0.712502,-9.7973288626541,8.4729536202327,1,1.0e-11
0.9970917488237536,0.0,0.0028562292800031,0.0000000000000000,0.0077243129394861,0.0000000000000000,10.0704313131020076,3.0000499365096900,9.046179,0.713245,-9.7594246307091,8.4521460895891,1,1.2e-11
0.9970921623015307,0.0,0.0028560288305964,0.0000000000000000,0.0077250446703227,0.0000000000000000,10.0705765044497451,3.0000499290894962,9.006726,0.714004,-9.7207302636835,8.4308394613368,1,1.3e-11
0.9970925864446702,0.0,0.0028558237693717,0.0000000000000000,0.0077257931779577,0.0000000000000000,10.0707247835212748,3.0000499215001013,8.966451,0.714778,-9.6812284459734,8.4090196651280,1,1.2e-11
0.9970930215895593,0.0,0.0028556139746606,0.0000000000000000,0.0077265589013567,0.0000000000000000,10.0708762174585829,3.0000499137371417,8.925335,0.715567,-9.6409013799356,8.3866721032603,1,1.4e-11
0.9970934680869590,0.0,0.0028553993204866,0.0000000000000000,0.0077273422947951,0.0000000000000000,10.0710308749711768,3.0000499057961028,8.883360,0.716371,-9.5997307697330,8.3637816090416,1,1.4e-11
0.9970939263028712,0.0,0.0028551796763301,0.0000000000000000,0.0077281438286816,0.0000000000000000,10.0711888263817428,3.0000498976723144,8.840507,0.717191,-9.5576977895294,8.3403324274574,1,1.6e-11
0.9970943966194729,0.0,0.0028549549068742,0.0000000000000000,0.0077289639904445,0.0000000000000000,10.0713501436739907,3.0000498893609415,8.796756,0.718027,-9.5147830598202,8.3163081722449,1,1.9e-11
0.9970948794361080,0.0,0.0028547248717399,0.0000000000000000,0.0077298032854561,0.0000000000000000,10.0715149005430025,3.0000498808569778,8.752088,0.718879,-9.4709666234291,8.2916917856418,1,3.9e-13
0.9970953751704699,0.0,0.0028544894251483,0.0000000000000000,0.0077306622382160,0.0000000000000000,10.0716831724475124,3.0000498721552322,8.706481,0.719747,-9.4262278910221,8.2664655173818,1,1.4e-12
0.9970958842596718,0.0,0.0028542484156548,0.0000000000000000,0.0077315413932683,0.0000000000000000,10.0718550366662924,3.0000498632503212,8.659914,0.720632,-9.3805456370407,8.2406108536852,1,3.8e-12
0.9970964071616270,0.0,0.0028540016857584,0.0000000000000000,0.0077324413165692,0.0000000000000000,10.0720305723563452,3.0000498541366549,8.612365,0.721533,-9.3338979410391,8.2141084853221,1,2.3e-12
0.9970969443564458,0.0,0.0028537490715261,0.0000000000000000,0.0077333625967914,0.0000000000000000,10.0722098606151054,3.0000498448084270,8.563811,0.722452,-9.2862621495908,8.1869382544539,1,9.7e-13
0.9970974963479833,0.0,0.0028534904021726,0.0000000000000000,0.0077343058467864,0.0000000000000000,10.0723929845462408,3.0000498352595995,8.514228,0.723387,-9.2376148318926,8.1590790938286,1,1.7e-12
0.9970980636655340,0.0,0.0028532254995994,0.0000000000000000,0.0077352717051857,0.0000000000000000,10.0725800293295524,3.0000498254838885,8.463593,0.724339,-9.1879317259231,8.1305089666177,1,9.8e-13
0.9970986468656898,0.0,0.0028529541778897,0.0000000000000000,0.0077362608381543,0.0000000000000000,10.0727710822954339,3.0000498154747475,8.411880,0.725308,-9.1371876844436,8.1012047965971,1,2.8e-12
0.9970992465343826,0.0,0.0028526762427517,0.0000000000000000,0.0077372739413221,0.0000000000000000,10.0729662330043777,3.0000498052253515,8.359062,0.726295,-9.0853566107630,8.0711423940716,1,2.8e-12
0.9970998632891348,0.0,0.0028523914909056,0.0000000000000000,0.0077383117419098,0.0000000000000000,10.0731655733321137,3.0000497947285720,8.305113,0.727299,-9.0324113899661,8.0402963734112,1,6.4e-12
0.9971004977815427,0.0,0.0028520997094058,0.0000000000000000,0.0077393750010772,0.0000000000000000,10.0733691975610515,3.0000497839769618,8.250004,0.728320,-8.9783238128304,8.0086400579343,1,5.3e-12
0.9971011507000291,0.0,0.0028518006748881,0.0000000000000000,0.0077404645165274,0.0000000000000000,10.0735772024787806,3.0000497729627265,8.193706,0.729358,-8.9230644880092,7.9761453840650,1,5.5e-12
0.9971018227728923,0.0,0.0028514941527366,0.0000000000000000,0.0077415811253929,0.0000000000000000,10.0737896874845614,3.0000497616777002,8.136189,0.730414,-8.8666027466343,7.9427827860166,1,5.6e-12
0.9971025147717028,0.0,0.0028511798961519,0.0000000000000000,0.0077427257074535,0.0000000000000000,10.0740067547047971,3.0000497501133121,8.077420,0.731486,-8.8089065363173,7.9085210696489,1,7.4e-12
0.9971032275150912,0.0,0.0028508576451116,0.0000000000000000,0.0077438991887294,0.0000000000000000,10.0742285091187576,3.0000497382605595,8.017367,0.732576,-8.7499422988743,7.8733272735295,1,7.0e-12
0.9971039618729906,0.0,0.0028505271252042,0.0000000000000000,0.0077451025455080,0.0000000000000000,10.0744550586959143,3.0000497261099643,7.955993,0.733682,-8.6896748342272,7.8371665136693,1,6.4e-12
0.9971047187713914,0.0,0.0028501880463196,0.0000000000000000,0.0077463368088617,0.0000000000000000,10.0746865145466753,3.0000497136515358,7.893263,0.734804,-8.6280671464899,7.8000018075408,1,9.0e-12
0.9971054991977061,0.0,0.0028498401011683,0.0000000000000000,0.0077476030697534,0.0000000000000000,10.0749229910883713,3.0000497008747220,7.829138,0.735942,-8.5650802705107,7.7617938741923,1,1.2e-11
0.9971063042068237,0.0,0.0028494829636085,0.0000000000000000,0.0077489024848033,0.0000000000000000,10.0751646062289879,3.0000496877683553,7.763577,0.737096,-8.5006730719143,7.7225009111055,1,1.3e-11
0.9971071349279809,0.0,0.0028491162867428,0.0000000000000000,0.0077502362828431,0.0000000000000000,10.0754114815713898,3.0000496743205947,7.696538,0.738264,-8.4348020207382,7.6820783430291,1,1.6e-11
0.9971079925725613,0.0,0.0028487397007578,0.0000000000000000,0.0077516057723502,0.0000000000000000,10.0756637426416180,3.0000496605188567,7.627975,0.739446,-8.3674209361842,7.6404785258079,1,1.5e-12
0.9971088784431368,0.0,0.0028483528103949,0.0000000000000000,0.0077530123501577,0.0000000000000000,10.0759215191443321,3.0000496463497335,7.557839,0.740642,-8.2984806704606,7.5976504277556,1,1.9e-12
0.9971097939435971,0.0,0.0028479551921502,0.0000000000000000,0.0077544575110676,0.0000000000000000,10.0761849452528551,3.0000496317989080,7.486080,0.741849,-8.2279287881491,7.5535392327118,1,2.1e-12
0.9971107405910874,0.0,0.0028475463909276,0.0000000000000000,0.0077559428593602,0.0000000000000000,10.0764541599365991,3.0000496168510451,7.412643,0.743066,-8.1557091474190,7.5080859138262,1,2.5e-12
0.9971117200297234,0.0,0.0028471259162055,0.0000000000000000,0.0077574701219579,0.0000000000000000,10.0767293073356790,3.0000496014896738,7.337468,0.744293,-8.0817614390847,7.4612267161175,1,3.9e-12
0.9971127340465978,0.0,0.0028466932375497,0.0000000000000000,0.0077590411638252,0.0000000000000000,10.0770105371909615,3.0000495856970435,7.260494,0.745527,-8.0060206354154,7.4128925674522,1,6.4e-12
0.9971137845905413,0.0,0.0028462477793444,0.0000000000000000,0.0077606580060470,0.0000000000000000,10.0772980053410919,3.0000495694539611,7.181651,0.746765,-7.9284163468127,7.3630083758435,1,8.4e-12
0.9971148737942408,0.0,0.0028457889145673,0.0000000000000000,0.0077623228471731,0.0000000000000000,10.0775918743007846,3.0000495527395934,7.100866,0.748006,-7.8488720524780,7.3114922133479,1,8.9e-12
0.9971160040004943,0.0,0.0028453159573855,0.0000000000000000,0.0077640380885937,0.0000000000000000,10.0778923139383956,3.0000495355312373,7.018058,0.749246,-7.7673041899534,7.2582543334375,1,1.3e-11
0.9971171777935859,0.0,0.0028448281542914,0.0000000000000000,0.0077658063649033,0.0000000000000000,10.0781995022757762,3.0000495178040381,6.933139,0.750482,-7.6836210553412,7.2031960057294,1,1.4e-11
0.9971183980370353,0.0,0.0028443246734226,0.0000000000000000,0.0077676305804695,0.0000000000000000,10.0785136264401487,3.0000494995306610,6.846013,0.751709,-7.5977214825883,7.1462081043650,1,1.8e-12
0.9971196679196008,0.0,0.0028438045914996,0.0000000000000000,0.0077695139541403,0.0000000000000000,10.0788348838048289,3.0000494806808806,6.756571,0.752922,-7.5094932054602,7.0871694041683,1,2.0e-12
0.9971209910113226,0.0,0.0028432668779291,0.0000000000000000,0.0077714600736143,0.0000000000000000,10.0791634833723638,3.0000494612210806,6.664696,0.754115,-7.4188108901712,7.0259444740146,1,5.9e-12
0.9971223713331822,0.0,0.0028427103749679,0.0000000000000000,0.0077734729632659,0.0000000000000000,10.0794996474622209,3.0000494411136400,6.570254,0.755280,-7.3255336476261,6.9623810823981,1,7.7e-12
0.9971238134440700,0.0,0.0028421337729422,0.0000000000000000,0.0077755571688365,0.0000000000000000,10.0798436137953527,3.0000494203161581,6.473093,0.756409,-7.2295019287275,6.8963069503482,1,9.9e-12
0.9971253225509003,0.0,0.0028415355788175,0.0000000000000000,0.0077777178647938,0.0000000000000000,10.0801956380955939,3.0000493987804768,6.373042,0.757492,-7.1305335822986,6.8275256302917,1,1.6e-11
0.9971269046498048,0.0,0.0028409140758476,0.0000000000000000,0.0077799609921031,0.0000000000000000,10.0805559973755940,3.0000493764514227,6.269905,0.758514,-7.0284187858252,6.7558112225667,1,2.5e-12
0.9971285667101047,0.0,0.0028402672709110,0.0000000000000000,0.0077822934379629,0.0000000000000000,10.0809249941396555,3.0000493532651720,6.163452,0.759461,-6.9229134053449,6.6809015025536,1,5.7e-12
0.9971303169174252,0.0,0.0028395928248752,0.0000000000000000,0.0077847232733184,0.0000000000000000,10.0813029618412067,3.0000493291470858,6.053418,0.760312,-6.8137302332353,6.6024888037903,1,9.3e-12
0.9971321650018425,0.0,0.0028388879584764,0.0000000000000000,0.0077872600737537,0.0000000000000000,10.0816902720746615,3.0000493040087921,5.939483,0.761044,-6.7005271076983,6.5202077345050,1,2.2e-12
0.9971341226898958,0.0,0.0028381493225680,0.0000000000000000,0.0077899153616203,0.0000000000000000,10.0820873442224705,3.0000492777441599,5.821266,0.761624,-6.5828905209397,6.4336182563449,1,7.2e-12
0.9971362043425107,0.0,0.0028373728149035,0.0000000000000000,0.0077927032299792,0.0000000000000000,10.0824946586498037,3.0000492502236313,5.698299,0.762014,-6.4603124792200,6.3421817720855,1,1.4e-11
0.9971384278820119,0.0,0.0028365533137482,0.0000000000000000,0.0077956412492353,0.0000000000000000,10.0829127751407235,3.0000492212859835,5.569997,0.762160,-6.3321568228962,6.2452264083725,1,5.8e-12
0.9971408161851203,0.0,0.0028356842774952,0.0000000000000000,0.0077987518288953,0.0000000000000000,10.0833423592921214,3.0000491907259694,5.435617,0.761992,-6.1976085953793,6.1418948467926,1,1.4e-11
0.9971433992617502,0.0,0.0028347571185055,0.0000000000000000,0.0078020643455633,0.0000000000000000,10.0837842213449473,3.0000491582750159,5.294181,0.761414,-6.0555948964649,6.0310627335044,1,9.3e-12
0.9971462178357929,0.0,0.0028337601744183,0.0000000000000000,0.0078056186358943,0.0000000000000000,10.0842393750399690,3.0000491235695912,5.144366,0.760289,-5.9046548775266,5.9112046966955,1,7.5e-12
0.9971493296000702,0.0,0.0028326769128200,0.0000000000000000,0.0078094710863567,0.0000000000000000,10.0847091297188118,3.0000490860961100,4.984299,0.758414,-5.7427130859599,5.7801604650919,1,6.8e-12
0.9971528210379815,0.0,0.0028314825429723,0.0000000000000000,0.0078137061117852,0.0000000000000000,10.0851952386831751,3.0000490450872843,4.811185,0.755467,-5.5666523101607,5.6346933905221,1,1.6e-11
0.9971568322414224,0.0,0.0028301369184442,0.0000000000000000,0.0078184601610237,0.0000000000000000,10.0857001402153053,3.0000489993058226,4.620517,0.750904,-5.3714208504431,5.4695651966608,1,1.6e-11
0.9971616173722068,0.0,0.0028285673052743,0.0000000000000000,0.0078239798766462,0.0000000000000000,10.0862273107914433,3.0000489465219897,4.404199,0.743674,-5.1478724892496,5.2752875144343,1,8.6e-12
0.9971677302935531,0.0,0.0028266157592839,0.0000000000000000,0.0078307991545421,0.0000000000000000,10.0867812979030553,3.0000488819302422,4.144884,0.731322,-4.8762062302524,5.0312447929545,1,1.8e-11
0.9971769073443733,0.0,0.0028237912123059,0.0000000000000000,0.0078405689019505,0.0000000000000000,10.0873594371918234,3.0000487907867295,3.790035,0.705324,-4.4953594912217,4.6732044844756,1,1.5e-11
0.9971964288906124,0.0,0.0028181518822849,0.0000000000000000,0.0078596173604272,0.0000000000000000,10.0875588120948265,3.0000486192361593,3.165445,0.613587,-3.7790322642784,3.9422756033689,1,1.8e-11
0.9972094531862111,0.0,0.0028146242366002,0.0000000000000000,0.0078711237880932,0.0000000000000000,10.0868900585700381,3.0000485209767267,2.842082,0.519243,-3.3613256483967,3.4757319360513,1,1.5e-11
0.9972150463818255,0.0,0.0028131572652828,0.0000000000000000,0.0078757922395167,0.0000000000000000,10.0863996064231127,3.0000484826295502,2.724875,0.469796,-3.1946716923922,3.2801365005387,1,1.3e-11
0.9972193483083851,0.0,0.0028120462111227,0.0000000000000000,0.0078792764474146,0.0000000000000000,10.0859374300508851,3.0000484546834225,2.643149,0.428106,-3.0712552025914,3.1315476314186,1,1.2e-11
0.9972229973843381,0.0,0.0028111145756526,0.0000000000000000,0.0078821612972195,0.0000000000000000,10.0854866566342416,3.0000484320245744,2.579346,0.390306,-2.9696522147301,3.0067342222360,1,9.9e-12
0.9972262400451942,0.0,0.0028102944220441,0.0000000000000000,0.0078846716825051,0.0000000000000000,10.0850402812243498,3.0000484126901124,2.526741,0.354902,-2.8816429165556,2.8967448029677,1,9.8e-12
0.9972292014375908,0.0,0.0028095513188701,0.0000000000000000,0.0078869214692172,0.0000000000000000,10.0845945332478131,3.0000483956877098,2.481936,0.321136,-2.8030725089622,2.7970399117961,1,1.5e-11
0.9972319550876639,0.0,0.0028088650653946,0.0000000000000000,0.0078889773892166,0.0000000000000000,10.0841470750274631,3.0000483804366973,2.442941,0.288568,-2.7315093819187,2.7049557204895,1,1.4e-11
0.9972345483854046,0.0,0.0028082226536860,0.0000000000000000,0.0078908823578216,0.0000000000000000,10.0836963148208909,3.0000483665642812,2.408475,0.256917,-2.6653915707596,2.6187772096945,1,1.7e-11
0.9972370139137153,0.0,0.0028076151446507,0.0000000000000000,0.0078926658196846,0.0000000000000000,10.0832410914145409,3.0000483538151923,2.377659,0.225990,-2.6036484508397,2.5373265132771,1,5.8e-12
0.9972393751727341,0.0,0.0028070360916112,0.0000000000000000,0.0078943489678267,0.0000000000000000,10.0827805106691102,3.0000483420061386,2.349858,0.195652,-2.5455100915184,2.4597550604475,1,9.5e-12
0.9972416497491451,0.0,0.0028064806684772,0.0000000000000000,0.0078959476292674,0.0000000000000000,10.0823138531563021,3.0000483310006283,2.324597,0.165804,-2.4904019262121,2.3854285801547,1,4.2e-12
0.9972438511971462,0.0,0.0028059451528379,0.0000000000000000,0.0078974739755330,0.0000000000000000,10.0818405184440181,3.0000483206940611,2.301512,0.136371,-2.4378823785484,2.3138588750161,1,9.7e-12
0.9972459902166059,0.0,0.0028054266024614,0.0000000000000000,0.0078989375930051,0.0000000000000000,10.0813599897109043,3.0000483110043930,2.280311,0.107293,-2.3876038484542,2.2446611214776,1,4.1e-12
0.9972480754245925,0.0,0.0028049226436158,0.0000000000000000,0.0079003461831607,0.0000000000000000,10.0808718103175661,3.0000483018660349,2.260762,0.078525,-2.3392872189254,2.1775259061049,1,1.6e-11
0.9972501138787461,0.0,0.0028044313275591,0.0000000000000000,0.0079017060372808,0.0000000000000000,10.0803755677442322,3.0000482932257198,2.242675,0.050030,-2.2927045693326,2.1122002809862,1,8.0e-12
0.9972521114438427,0.0,0.0028039510300927,0.0000000000000000,0.0079030223686262,0.0000000000000000,10.0798708822532390,3.0000482850396053,2.225890,0.021778,-2.2476671056775,2.0484744792790,1,6.2e-12
0.9972540730547521,0.0,0.0028034803795304,0.0000000000000000,0.0079042995506483,0.0000000000000000,10.0793573986783347,3.0000482772712029,2.210273,-0.006256,-2.2040164927506,1.9861724091518,1,3.5e-12
0.9972560029097128,0.0,0.0028030182037781,0.0000000000000000,0.0079055412919475,0.0000000000000000,10.0788347803466394,3.0000482698898523,2.195710,-0.034092,-2.1616185048949,1.9251446540618,1,1.5e-11
0.9972579046149477,0.0,0.0028025634907441,0.0000000000000000,0.0079067507671572,0.0000000000000000,10.0783027044884719,3.0000482628695844,2.182105,-0.061746,-2.1203582675379,1.8652632512163,1,8.8e-12
0.9972597812950389,0.0,0.0028021153581325,0.0000000000000000,0.0079079307167496,0.0000000000000000,10.0777608587099632,3.0000482561882498,2.169371,-0.089234,-2.0801366454957,1.8064176908183,1,6.3e-12
0.9972616356780960,0.0,0.0028016730301282,0.0000000000000000,0.0079090835240813,0.0000000000000000,10.0772089382363834,3.0000482498268513,2.157436,-0.116568,-2.0408674429622,1.7485118467474,1,4.5e-12
0.9972634701626645,0.0,0.0028012358190829,0.0000000000000000,0.0079102112758762,0.0000000000000000,10.0766466437264892,3.0000482437690175,2.146233,-0.143758,-2.0024752148376,1.6914615568095,1,1.5e-12
0.9972652868708216,0.0,0.0028008031109739,0.0000000000000000,0.0079113158102175,0.0000000000000000,10.0760736795146624,3.0000482380005851,2.135707,-0.170813,-1.9648935306079,1.6351927047686,1,1.9e-11
0.9972670876906934,0.0,0.0028003743537535,0.0000000000000000,0.0079123987550071,0.0000000000000000,10.0754897521779316,3.0000482325092648,2.125805,-0.197742,-1.9280635768513,1.5796396946054,1,1.4e-11
0.9972688743111472,0.0,0.0027999490478417,0.0000000000000000,0.0079134615592798,0.0000000000000000,10.0748945693541874,3.0000482272843696,2.116483,-0.224550,-1.8919330363939,1.5247441871005,1,1.0e-11
0.9972706482499359,0.0,0.0027995267383975,0.0000000000000000,0.0079145055186826,0.0000000000000000,10.0742878387540120,3.0000482223165941,2.107699,-0.251244,-1.8564551605821,1.4704540958945,1,8.0e-12
0.9972724108770495,0.0,0.0027991070089029,0.0000000000000000,0.0079155317965799,0.0000000000000000,10.0736692673258474,3.0000482175978318,2.099416,-0.277828,-1.8215880112159,1.4167227440191,1,4.8e-12
0.9972741634340941,0.0,0.0027986894758281,0.0000000000000000,0.0079165414415858,0.0000000000000000,10.0730385605420345,3.0000482131210231,2.091602,-0.304308,-1.7872938293304,1.3635081676718,1,3.2e-12
0.9972759070505292,0.0,0.0027982737841542,0.0000000000000000,0.0079175354022569,0.0000000000000000,10.0723954217814970,3.0000482088800280,2.084226,-0.330687,-1.7535385066078,1.3107725344402,1,3.1e-12
0.9972776427573440,0.0,0.0027978596035912,0.0000000000000000,0.0079185145394804,0.0000000000000000,10.0717395517900314,3.0000482048695196,2.077260,-0.356969,-1.7202911413254,1.2584816531958,1,3.2e-12
0.9972793714986579,0.0,0.0027974466253618,0.0000000000000000,0.0079194796369868,0.0000000000000000,10.0710706482033743,3.0000482010848946,2.070681,-0.383157,-1.6875236618704,1.2066045595177,1,1.1e-12
0.9972810941416295,0.0,0.0027970345594448,0.0000000000000000,0.0079204314103351,0.0000000000000000,10.0703884051213670,3.0000481975221929,2.064463,-0.409253,-1.6552105081619,1.1551131597617,1,1.7e-11
0.9972828114848706,0.0,0.0027966231322228,0.0000000000000000,0.0079213705145784,0.0000000000000000,10.0696925127235204,3.0000481941780368,2.058587,-0.435259,-1.6233283518921,1.1039819410212,1,1.3e-11
0.9972845242658626,0.0,0.0027962120844051,0.0000000000000000,0.0079222975509711,0.0000000000000000,10.0689826569192604,3.0000481910495691,2.053033,-0.461177,-1.5918558684313,1.0531876958538,1,1.1e-11
0.9972862331671982,0.0,0.0027958011692625,0.0000000000000000,0.0079232130726858,0.0000000000000000,10.0682585190257008,3.0000481881344077,2.047783,-0.487010,-1.5607735274579,1.0027093118306,1,7.1e-12
0.9972879388221076,0.0,0.0027953901510608,0.0000000000000000,0.0079241175898464,0.0000000000000000,10.0675197754688082,3.0000481854306003,2.042821,-0.512758,-1.5300634193434,0.9525275731191,1,7.1e-12
0.9972896418192511,0.0,0.0027949788036894,0.0000000000000000,0.0079250115739168,0.0000000000000000,10.0667660975035336,3.0000481829365904,2.038131,-0.538422,-1.4997090996921,0.9026249961856,1,4.9e-12
0.9972913427069261,0.0,0.0027945669094492,0.0000000000000000,0.0079258954615579,0.0000000000000000,10.0659971509496469,3.0000481806511834,2.033699,-0.564004,-1.4696954571590,0.8529856813746,1,5.6e-12
0.9972930419967673,0.0,0.0027941542579769,0.0000000000000000,0.0079267696580312,0.0000000000000000,10.0652125959404746,3.0000481785735165,2.029512,-0.589504,-1.4400085936495,0.8035951895353,1,2.9e-12
0.9972947401670076,0.0,0.0027937406452863,0.0000000000000000,0.0079276345402093,0.0000000000000000,10.0644120866821929,3.0000481767030380,2.025558,-0.614922,-1.4106357242471,0.7544404265168,1,2.9e-12
0.9972964376653672,0.0,0.0027933258729101,0.0000000000000000,0.0079284904592526,0.0000000000000000,10.0635952712217485,3.0000481750394807,2.021824,-0.640259,-1.3815650834432,0.7055095507604,1,2.3e-12
0.9972981349116241,0.0,0.0027929097471273,0.0000000000000000,0.0079293377429989,0.0000000000000000,10.0627617912217495,3.0000481735828464,2.018300,-0.665514,-1.3527858472429,0.6567918848537,1,2.7e-12
0.9972998322998957,0.0,0.0027924920782654,0.0000000000000000,0.0079301766980985,0.0000000000000000,10.0619112817409029,3.0000481723333858,2.014977,-0.690689,-1.3242880610804,0.6082778429735,1,1.2e-12
0.9973015302006845,0.0,0.0027920726800676,0.0000000000000000,0.0079310076119342,0.0000000000000000,10.0610433710188154,3.0000481712915863,2.011844,-0.715782,-1.2960625783930,0.5599588637036,1,1.9e-12
0.9973032289627056,0.0,0.0027916513691162,0.0000000000000000,0.0079318307543493,0.0000000000000000,10.0601576802641244,3.0000481704581539,2.008893,-0.740792,-1.2681010034863,0.5118273552371,1,9.4e-13
0.9973049289145344,0.0,0.0027912279643040,0.0000000000000000,0.0079326463792132,0.0000000000000000,10.0592538234450757,3.0000481698340073,2.006116,-0.765720,-1.2403956441944,0.4638766421590,1,2.4e-12
0.9973066303660935,0.0,0.0027908022863477,0.0000000000000000,0.0079334547258414,0.0000000000000000,10.0583314070817700,3.0000481694202614,2.003504,-0.790564,-1.2129394670696,0.4161009228919,1,1.6e-11
0.9973083336099461,0.0,0.0027903741573509,0.0000000000000000,0.0079342560202651,0.0000000000000000,10.0573900300392900,3.0000481692182208,2.001050,-0.815324,-1.1857260569163,0.3684952360164,1,1.3e-11
0.9973100389225785,0.0,0.0027899434003719,0.0000000000000000,0.0079350504764427,0.0000000000000000,10.0564292833214708,3.0000481692293706,1.998748,-0.839998,-1.1587495865463,0.3210554176194,1,1.1e-11
0.9973117465654431,0.0,0.0027895098390503,0.0000000000000000,0.0079358382973108,0.0000000000000000,10.0554487498642775,3.0000481694553693,1.996590,-0.864585,-1.1320047830073,0.2737780796921,1,9.7e-12
0.9973134567859748,0.0,0.0027890732972434,0.0000000000000000,0.0079366196757828,0.0000000000000000,10.0544480043287372,3.0000481698980397,1.994570,-0.889083,-1.1054869015323,0.2266605837125,1,8.4e-12
0.9973151698184962,0.0,0.0027886335986880,0.0000000000000000,0.0079373947956577,0.0000000000000000,10.0534266128928049,3.0000481705593653,1.992683,-0.913491,-1.0791917012313,0.1797010203825,1,5.4e-12
0.9973168858850519,0.0,0.0027881905666821,0.0000000000000000,0.0079381638324629,0.0000000000000000,10.0523841330418620,3.0000481714414842,1.990923,-0.937807,-1.0531154253412,0.1328981901745,1,5.5e-12
0.9973186051961684,0.0,0.0027877440237835,0.0000000000000000,0.0079389269542353,0.0000000000000000,10.0513201133574857,3.0000481725466832,1.989284,-0.962029,-1.0272547811155,0.0862515914129,1,5.5e-12
0.9973203279515510,0.0,0.0027872937915248,0.0000000000000000,0.0079396843222437,0.0000000000000000,10.0502340933041658,3.0000481738773952,1.987761,-0.986154,-1.0016069244973,0.0397614077796,1,2.8e-12
0.9973220543407298,0.0,0.0027868396901405,0.0000000000000000,0.0079404360916677,0.0000000000000000,10.0491256030137333,3.0000481754361932,1.986350,-1.010180,-0.9761694468638,-0.0065715022324,1,2.1e-12
0.9973237845436496,0.0,0.0027863815383072,0.0000000000000000,0.0079411824122285,0.0000000000000000,10.0479941630671732,3.0000481772257879,1.985045,-1.034105,-0.9509403618861,-0.0527456095940,1,2.5e-12
0.9973255187312191,0.0,0.0027859191528934,0.0000000000000000,0.0079419234287828,0.0000000000000000,10.0468392842736503,3.0000481792490259,1.983844,-1.057925,-0.9259180956997,-0.0987587200432,1,1.7e-12
0.9973272570658195,0.0,0.0027854523487193,0.0000000000000000,0.0079426592818808,0.0000000000000000,10.0456604674464582,3.0000481815088849,1.982740,-1.081639,-0.9011014789228,-0.1446079770855,1,1.5e-12
0.9973289997017737,0.0,0.0027849809383238,0.0000000000000000,0.0079433901082929,0.0000000000000000,10.0444572031757264,3.0000481840084707,1.981731,-1.105241,-0.8764897390351,-0.1902898611984,1,3.1e-12
0.9973307467857885,0.0,0.0027845047317398,0.0000000000000000,0.0079441160415090,0.0000000000000000,10.0432289715976584,3.0000481867510191,1.980812,-1.128729,-0.8520824945928,-0.2358001881203,1,1.4e-12
0.9973324984573644,0.0,0.0027840235362740,0.0000000000000000,0.0079448372122122,0.0000000000000000,10.0419752421601185,3.0000481897398910,1.979980,-1.152100,-0.8278797520435,-0.2811341071807,1,2.9e-13
0.9973342548491788,0.0,0.0027835371562941,0.0000000000000000,0.0079455537487301,0.0000000000000000,10.0406954733843854,3.0000481929785692,1.979231,-1.175349,-0.8038819022788,-0.3262860955328,1,2.2e-12
0.9973360160874499,0.0,0.0027830453930187,0.0000000000000000,0.0079462657774666,0.0000000000000000,10.0393891126229029,3.0000481964706629,1.978561,-1.198472,-0.7800897176371,-0.3712499498114,1,9.6e-13
0.9973377822922733,0.0,0.0027825480443125,0.0000000000000000,0.0079469734233142,0.0000000000000000,10.0380555958128372,3.0000482002199007,1.977969,-1.221465,-0.7565043535081,-0.4160187819981,1,7.8e-13
0.9973395535779477,0.0,0.0027820449044841,0.0000000000000000,0.0079476768100529,0.0000000000000000,10.0366943472253087,3.0000482042301320,1.977450,-1.244322,-0.7331273467614,-0.4605850066491,1,1.2e-12
0.9973413300532760,0.0,0.0027815357640873,0.0000000000000000,0.0079483760607318,0.0000000000000000,10.0353047792101115,3.0000482085053268,1.977001,-1.267040,-0.7099606179077,-0.5049403316692,1,1.2e-12
0.9973431118218579,0.0,0.0027810204097238,0.0000000000000000,0.0079490712980409,0.0000000000000000,10.0338862919357794,3.0000482130495763,1.976620,-1.289613,-0.6870064732868,-0.5490757460180,1,2.0e-12
0.9973448989823722,0.0,0.0027804986238465,0.0000000000000000,0.0079497626446721,0.0000000000000000,10.0324382731248480,3.0000482178670893,1.976304,-1.312036,-0.6642676088778,-0.5929815076141,1,1.9e-11
0.9973466916288085,0.0,0.0027799701845754,0.0000000000000000,0.0079504502236561,0.0000000000000000,10.0309600977840976,3.0000482229621932,1.976049,-1.334302,-0.6417471106628,-0.6366471213891,1,1.5e-11
0.9973484898507753,0.0,0.0027794348654900,0.0000000000000000,0.0079511341587239,0.0000000000000000,10.0294511279297929,3.0000482283393364,1.975855,-1.356406,-0.6194484661777,-0.6800613368017,1,1.3e-11
0.9973502937337062,0.0,0.0027788924354484,0.0000000000000000,0.0079518145746244,0.0000000000000000,10.0279107123075519,3.0000482340030854,1.975717,-1.378341,-0.5973755645538,-0.7232121199928,1,1.1e-11
0.9973521033591064,0.0,0.0027783426583929,0.0000000000000000,0.0079524915974552,0.0000000000000000,10.0263381861068570,3.0000482399581259,1.975634,-1.400101,-0.5755327049000,-0.7660866394748,1,9.1e-12
0.9973539188047830,0.0,0.0027777852931589,0.0000000000000000,0.0079531653549832,0.0000000000000000,10.0247328706699896,3.0000482462092641,1.975603,-1.421678,-0.5539246036438,-0.8086712473984,1,7.2e-12
0.9973557401450678,0.0,0.0027772200932835,0.0000000000000000,0.0079538359769599,0.0000000000000000,10.0230940731952654,3.0000482527614287,1.975622,-1.443065,-0.5325564013820,-0.8509514577270,1,5.0e-12
0.9973575674510352,0.0,0.0027766468068131,0.0000000000000000,0.0079545035954342,0.0000000000000000,10.0214210864344118,3.0000482596196649,1.975689,-1.464255,-0.5114336722861,-0.8929119265043,1,3.9e-12
0.9973594007907162,0.0,0.0027760651761105,0.0000000000000000,0.0079551683450601,0.0000000000000000,10.0197131883839390,3.0000482667891433,1.975801,-1.485239,-0.4905624327696,-0.9345364291050,1,4.8e-12
0.9973612402293075,0.0,0.0027754749376618,0.0000000000000000,0.0079558303634044,0.0000000000000000,10.0179696419703514,3.0000482742751555,1.975957,-1.506008,-0.4699491507353,-0.9758078359745,1,2.9e-12
0.9973630858293786,0.0,0.0027748758218804,0.0000000000000000,0.0079564897912491,0.0000000000000000,10.0161896947290643,3.0000482820831182,1.976155,-1.526554,-0.4496007569000,-1.0167080904429,1,1.2e-12
0.9973649376510770,0.0,0.0027742675529110,0.0000000000000000,0.0079571467728962,0.0000000000000000,10.0143725784768503,3.0000482902185706,1.976393,-1.546868,-0.4295246554068,-1.0572181832570,1,2.6e-12
0.9973667957523273,0.0,0.0027736498484311,0.0000000000000000,0.0079578014564689,0.0000000000000000,10.0125175089776786,3.0000482986871808,1.976668,-1.566939,-0.4097287340895,-1.0973181246291,1,1.4e-12
0.9973686601890360,0.0,0.0027730224194508,0.0000000000000000,0.0079584539942152,0.0000000000000000,10.0106236856017876,3.0000483074947422,1.976979,-1.586758,-0.3902213781855,-1.1369869209409,1,3.1e-13
0.9973705310152889,0.0,0.0027723849701105,0.0000000000000000,0.0079591045428104,0.0000000000000000,10.0086902909778281,3.0000483166471770,1.977325,-1.606313,-0.3710114816932,-1.1762025452304,1,1.4e-12
0.9973724082835461,0.0,0.0027717371974781,0.0000000000000000,0.0079597532636587,0.0000000000000000,10.0067164906379169,3.0000483261505386,1.977703,-1.625594,-0.3521084590250,-1.2149419068358,1,1.5e-11
0.9973742920448685,0.0,0.0027710787913321,0.0000000000000000,0.0079604003232098,0.0000000000000000,10.0047014326554695,3.0000483360110128,1.978111,-1.644589,-0.3335222642038,-1.2531808342556,1,4.7e-13
0.9973761823490630,0.0,0.0027704094339711,0.0000000000000000,0.0079610458932461,0.0000000000000000,10.0026442472755548,3.0000483462349172,1.978550,-1.663286,-0.3152633940509,-1.2908940246900,1,4.7e-13
0.9973780792449387,0.0,0.0027697287999813,0.0000000000000000,0.0079616901512134,0.0000000000000000,10.0005440465377546,3.0000483568287053,1.979015,-1.681672,-0.2973429119754,-1.3280550337535,1,2.6e-13
0.9973799827804778,0.0,0.0027690365560302,0.0000000000000000,0.0079623332805236,0.0000000000000000,9.9983999238912151,3.0000483677989687,1.979507,-1.699734,-0.2797724583579,-1.3646362368915,1,4.6e-13
0.9973818930030470,0.0,0.0027683323606451,0.0000000000000000,0.0079629754708747,0.0000000000000000,9.9962109538017998,3.0000483791524397,1.980023,-1.717459,-0.2625642645945,-1.4006087974817,1,1.7e-12
0.9973838099595995,0.0,0.0027676158639901,0.0000000000000000,0.0079636169185711,0.0000000000000000,9.9939761913511340,3.0000483908959898,1.980563,-1.734832,-0.2457311702612,-1.4359426400565,1,6.9e-13
0.9973857336968812,0.0,0.0027668867076392,0.0000000000000000,0.0079642578268502,0.0000000000000000,9.9916946718273891,3.0000484030366361,1.981124,-1.751837,-0.2292866359553,-1.4706064144550,1,8.1e-13
0.9973876642616376,0.0,0.0027661445243454,0.0000000000000000,0.0079648984062126,0.0000000000000000,9.9893654103075971,3.0000484155815403,1.981705,-1.768460,-0.2132447601725,-1.5045674674937,1,1.6e-13
0.9973896017008236,0.0,0.0027653889378053,0.0000000000000000,0.0079655388747585,0.0000000000000000,9.9869874012313229,3.0000484285380158,1.982306,-1.784685,-0.1976202938877,-1.5377918098707,1,1.3e-13
0.9973915460618138,0.0,0.0027646195624196,0.0000000000000000,0.0079661794585309,0.0000000000000000,9.9845596179655178,3.0000484419135245,1.982924,-1.800495,-0.1824286564013,-1.5702440855011,1,1.1e-12
0.9973934973926183,0.0,0.0027638360030486,0.0000000000000000,0.0079668203918645,0.0000000000000000,9.9820810123603341,3.0000484557156835,1.983558,-1.815872,-0.1676859507655,-1.6018875403404,1,1.7e-13
0.9973954557420964,0.0,0.0027630378547629,0.0000000000000000,0.0079674619177424,0.0000000000000000,9.9795505142957381,3.0000484699522674,1.984207,-1.830798,-0.1534089784462,-1.6326839901229,1,5.9e-13
0.9973974211601759,0.0,0.0027622247025882,0.0000000000000000,0.0079681042881604,0.0000000000000000,9.9769670312186918,3.0000484846312094,1.984871,-1.845256,-0.1396152555762,-1.6625937921022,1,7.6e-13
0.9973993936980724,0.0,0.0027613961212456,0.0000000000000000,0.0079687477644999,0.0000000000000000,9.9743294476707174,3.0000484997606058,1.985547,-1.859224,-0.1263230269947,-1.6915758133434,1,1.5e-12
0.9974013734085146,0.0,0.0027605516748848,0.0000000000000000,0.0079693926179099,0.0000000000000000,9.9716366248056403,3.0000485153487197,1.986234,-1.872683,-0.1135512814565,-1.7195874029613,1,1.4e-13
0.9974033603459670,0.0,0.0027596909168126,0.0000000000000000,0.0079700391296985,0.0000000000000000,9.9688873998972856,3.0000485314039831,1.986932,-1.885613,-0.1013197653010,-1.7465843629520,1,8.5e-13
0.9974053545668589,0.0,0.0027588133892132,0.0000000000000000,0.0079706875917350,0.0000000000000000,9.9660805858369184,3.0000485479349992,1.987640,-1.897991,-0.0896489968014,-1.7725209225270,1,3.5e-13
0.9974073561298142,0.0,0.0027579186228635,0.0000000000000000,0.0079713383068629,0.0000000000000000,9.9632149706202178,3.0000485649505499,1.988355,-1.909795,-0.0785602788859,-1.7973497118832,1,5.9e-13
0.9974093650958826,0.0,0.0027570061368400,0.0000000000000000,0.0079719915893248,0.0000000000000000,9.9602893168235376,3.0000485824595944,1.989078,-1.921002,-0.0680757114159,-1.8210217380136,1,6.6e-13
0.9974113815287744,0.0,0.0027560754382185,0.0000000000000000,0.0079726477652000,0.0000000000000000,9.9573023610692530,3.0000486004712772,1.989806,-1.931588,-0.0582182037125,-1.8434863646942,1,8.0e-13
0.9974134054950959,0.0,0.0027551260217663,0.0000000000000000,0.0079733071728555,0.0000000000000000,9.9542528134799362,3.0000486189949291,1.990540,-1.941529,-0.0490114834253,-1.8646912889278,1,1.4e-12
0.9974154370645885,0.0,0.0027541573696255,0.0000000000000000,0.0079739701634114,0.0000000000000000,9.9511393571211357,3.0000486380400724,1.991278,-1.950798,-0.0404801081789,-1.8845825278323,1,2.1e-13
0.9974174763103669,0.0,0.0027531689509882,0.0000000000000000,0.0079746371012209,0.0000000000000000,9.9479606474325131,3.0000486576164258,1.992020,-1.959370,-0.0326494720961,-1.9031044002459,1,1.8e-13
0.9974195233091607,0.0,0.0027521602217621,0.0000000000000000,0.0079753083643676,0.0000000000000000,9.9447153116470801,3.0000486777339068,1.992763,-1.967218,-0.0255458136797,-1.9201995168438,1,9.9e-13
0.9974215781415570,0.0,0.0027511306242268,0.0000000000000000,0.0079759843451788,0.0000000000000000,9.9414019481983065,3.0000486984026380,1.993509,-1.974312,-0.0191962207242,-1.9358087709598,1,1.2e-12
0.9974236408922432,0.0,0.0027500795866795,0.0000000000000000,0.0079766654507577,0.0000000000000000,9.9380191261148063,3.0000487196329488,1.994254,-1.980626,-0.0136286343641,-1.9498713347308,1,3.5e-13
0.9974257116502518,0.0,0.0027490065230710,0.0000000000000000,0.0079773521035344,0.0000000000000000,9.9345653844023705,3.0000487414353834,1.995000,-1.986128,-0.0088718497730,-1.9623246564152,1,4.9e-14
0.9974277905092052,0.0,0.0027479108326294,0.0000000000000000,0.0079780447418385,0.0000000000000000,9.9310392314130560,3.0000487638207045,1.995744,-1.990789,-0.0049555169972,-1.9731044669463,1,3.9e-13
0.9974298775675606,0.0,0.0027467918994733,0.0000000000000000,0.0079787438204913,0.0000000000000000,9.9274391442010668,3.0000487867998977,1.996487,-1.994576,-0.0019101371776,-1.9821447866478,1,1.4e-13
0.9974319729288562,0.0,0.0027456490922117,0.0000000000000000,0.0079794498114235,0.0000000000000000,9.9237635678651372,3.0000488103841758,-1.997459,1.997226,0.0002329422517,-1.9893779405941,1,2.7e-13
0.9974340767019545,0.0,0.0027444817635319,0.0000000000000000,0.0079801632043154,0.0000000000000000,9.9200109148771407,3.0000488345849852,-1.999404,1.997963,0.0014415358807,-1.9947345782643,1,6.1e-13
0.9974361890012885,0.0,0.0027432892497729,0.0000000000000000,0.0079808845072640,0.0000000000000000,9.9161795643966304,3.0000488594140120,-2.000377,1.998695,0.0016826316615,-1.9981436996585,1,5.7e-13
0.9974383099471044,0.0,0.0027420708704856,0.0000000000000000,0.0079816142474766,0.0000000000000000,9.9122678615709994,3.0000488848831863,-2.000344,1.999422,0.0009224052468,-1.9995326890555,1,9.5e-13
0.9974404396657051,0.0,0.0027408259279775,0.0000000000000000,0.0079823529719943,0.0000000000000000,9.9082741168209729,3.0000489110046873,2.000144,-1.999270,-0.0008737624697,-1.9988273569315,1,1.1e-12
0.9974425782896886,0.0,0.0027395537068413,0.0000000000000000,0.0079831012484454,0.0000000000000000,9.9041966051111157,3.0000489377909512,2.000859,-1.997118,-0.0037412618274,-1.9959519858039,1,2.1e-13
0.9974447259581892,0.0,0.0027382534734685,0.0000000000000000,0.0079838596658309,0.0000000000000000,9.9000335652050300,3.0000489652546740,2.001568,-1.993852,-0.0077162302136,-1.9908293918498,1,1.5e-12
0.9974468828171131,0.0,0.0027369244755440,0.0000000000000000,0.0079846288353457,0.0000000000000000,9.8957831989049296,3.0000489934088224,2.002269,-1.989433,-0.0128355198662,-1.9833809889498,1,4.6e-13
0.9974490490193710,0.0,0.0027355659415240,0.0000000000000000,0.0079854093912341,0.0000000000000000,9.8914436702752493,3.0000490222666345,2.002962,-1.983825,-0.0191366633362,-1.9735268676790,1,9.6e-13
0.9974512247251101,0.0,0.0027341770800938,0.0000000000000000,0.0079862019916853,0.0000000000000000,9.8870131048499630,3.0000490518416303,2.003646,-1.976989,-0.0266578325754,-1.9611858829597,1,8.1e-13
0.9974534101019387,0.0,0.0027327570796070,0.0000000000000000,0.0079870073197678,0.0000000000000000,9.8824895888232547,3.0000490821476173,2.004321,-1.968884,-0.0354377918116,-1.9462757518132,1,4.4e-13
0.9974556053251521,0.0,0.0027313051075023,0.0000000000000000,0.0079878260844084,0.0000000000000000,9.8778711682231926,3.0000491131986964,2.004987,-1.959471,-0.0455158466097,-1.9287131677372,1,1.7e-12
0.9974578105779457,0.0,0.0027298203096989,0.0000000000000000,0.0079886590214143,0.0000000000000000,9.8731558480680519,3.0000491450092674,2.005642,-1.948710,-0.0569317845237,-1.9084139241929,1,1.4e-12
0.9974600260516319,0.0,0.0027283018099696,0.0000000000000000,0.0079895068945448,0.0000000000000000,9.8683415915049135,3.0000491775940419,2.006286,-1.936560,-0.0697258098083,-1.8852930537249,1,4.4e-13
0.9974622519458445,0.0,0.0027267487092887,0.0000000000000000,0.0079903704966319,0.0000000000000000,9.8634263189301628,3.0000492109680432,2.006919,-1.922980,-0.0839384703095,-1.8592649807634,1,8.3e-13
0.9974644884687408,0.0,0.0027251600851548,0.0000000000000000,0.0079912506507551,0.0000000000000000,9.8584079070915092,3.0000492451466187,2.007540,-1.907929,-0.0996105785589,-1.8302436936752,1,2.1e-13
0.9974667358371927,0.0,0.0027235349908876,0.0000000000000000,0.0079921482114717,0.0000000000000000,9.8532841881711324,3.0000492801454457,2.008149,-1.891365,-0.1167831219566,-1.7981429282299,1,1.2e-13
0.9974689942769768,0.0,0.0027218724548958,0.0000000000000000,0.0079930640661071,0.0000000000000000,9.8480529488495598,3.0000493159805379,2.008745,-1.873248,-0.1354971665200,-1.7628763728467,1,8.0e-13
0.9974712640229483,0.0,0.0027201714799166,0.0000000000000000,0.0079939991361066,0.0000000000000000,9.8427119293498642,3.0000493526682570,2.009328,-1.853534,-0.1557937507316,-1.7243578908084,1,4.6e-13
0.9974735453192118,0.0,0.0027184310422238,0.0000000000000000,0.0079949543784544,0.0000000000000000,9.8372588224617594,3.0000493902253167,2.009898,-1.832184,-0.1777137697637,-1.6825017620695,1,1.1e-12
0.9974758384192788,0.0,0.0027166500908037,0.0000000000000000,0.0079959307871607,0.0000000000000000,9.8316912725451839,3.0000494286687927,2.010453,-1.809156,-0.2012978498635,-1.6372229461495,1,3.6e-12
0.9974781435862170,0.0,0.0027148275464979,0.0000000000000000,0.0079969293948243,0.0000000000000000,9.8260068745129274,3.0000494680161305,2.010995,-1.784409,-0.2265862110989,-1.5884373648932,1,1.8e-12
0.9974804610927860,0.0,0.0027129623011087,0.0000000000000000,0.0079979512742704,0.0000000000000000,9.8202031727918548,3.0000495082851573,2.011522,-1.757904,-0.2536185217381,-1.5360622126906,1,2.8e-12
0.9974827912215608,0.0,0.0027110532164698,0.0000000000000000,0.0079989975402717,0.0000000000000000,9.8142776602622828,3.0000495494940833,2.012034,-1.729601,-0.2824337371110,-1.4800162838648,1,3.2e-12
0.9974851342650413,0.0,0.0027090991234752,0.0000000000000000,0.0080000693513544,0.0000000000000000,9.8082277771750412,3.0000495916615200,2.012532,-1.699462,-0.3130699290941,-1.4202203295768,1,5.0e-12
0.9974874905257469,0.0,0.0027070988210683,0.0000000000000000,0.0080011679116961,0.0000000000000000,9.8020509100457502,3.0000496348064796,2.013013,-1.667449,-0.3455641017490,-1.3565974388821,1,6.4e-12
0.9974898603162936,0.0,0.0027050510751873,0.0000000000000000,0.0080022944731183,0.0000000000000000,9.7957443905258277,3.0000496789483928,2.013479,-1.633527,-0.3799519939681,-1.2890734467247,1,8.3e-12
0.9974922439594542,0.0,0.0027029546176651,0.0000000000000000,0.0080034503371797,0.0000000000000000,9.7893054942497315,3.0000497241071127,2.013929,-1.597661,-0.4162678679188,-1.2175773694983,1,8.8e-12
0.9974946417881952,0.0,0.0027008081450809,0.0000000000000000,0.0080046368573772,0.0000000000000000,9.7827314396579457,3.0000497703029252,2.014363,-1.559819,-0.4545442843993,-1.1420418710380,1,1.1e-11
0.9974970541456959,0.0,0.0026986103175621,0.0000000000000000,0.0080058554414556,0.0000000000000000,9.7760193867951770,3.0000498175565622,2.014781,-1.519969,-0.4948118613881,-1.0624037552829,1,1.6e-11
0.9974994813853381,0.0,0.0026963597575326,0.0000000000000000,0.0080071075538386,0.0000000000000000,9.7691664360832586,3.0000498658892063,2.015182,-1.478082,-0.5370990184220,-0.9786044913932,1,1.5e-11
0.9975019238706685,0.0,0.0026940550484071,0.0000000000000000,0.0080083947181794,0.0000000000000000,9.7621696270681984,3.0000499153225038,2.015566,-1.434134,-0.5814317060726,-0.8905907713946,1,4.9e-13
0.9975043819753415,0.0,0.0026916947332169,0.0000000000000000,0.0080097185200501,0.0000000000000000,9.7550259371408501,3.0000499658785742,2.015933,-1.388100,-0.6278331204077,-0.7983151008946,1,1.9e-13
0.9975068560830047,0.0,0.0026892773131925,0.0000000000000000,0.0080110806097545,0.0000000000000000,9.7477322802306183,3.0000500175800222,2.016283,-1.339959,-0.6763233945656,-0.7017364146724,1,1.2e-12
0.9975093465871666,0.0,0.0026868012462619,0.0000000000000000,0.0080124827052987,0.0000000000000000,9.7402855054716539,3.0000500704499444,2.016615,-1.289696,-0.7269192812590,-0.6008207354916,1,1.5e-12
0.9975118538910113,0.0,0.0026842649454886,0.0000000000000000,0.0080139265955052,0.0000000000000000,9.7326823958409232,3.0000501245119437,2.016931,-1.237297,-0.7796338148486,-0.4955418622367,1,1.4e-12
0.9975143784071637,0.0,0.0026816667774346,0.0000000000000000,0.0080154141432899,0.0000000000000000,9.7249196667675708,3.0000501797901382,2.017228,-1.182753,-0.8344759560050,-0.3858820916892,1,9.7e-13
0.9975169205573994,0.0,0.0026790050604450,0.0000000000000000,0.0080169472891040,0.0000000000000000,9.7169939647129624,3.0000502363091726,2.017509,-1.126059,-0.8914502199251,-0.2718329754555,1,3.2e-13
0.9975194807722868,0.0,0.0026762780628510,0.0000000000000000,0.0080185280545522,0.0000000000000000,9.7089018657207617,3.0000502940942275,2.017771,-1.067215,-0.9505562871118,-0.1533961106406,1,3.3e-13
0.9975220594907568,0.0,0.0026734840010844,0.0000000000000000,0.0080201585461946,0.0000000000000000,9.7006398739364208,3.0000503531710332,2.018016,-1.006228,-1.0117885961472,-0.0305839632034,1,1.1e-12
0.9975246571595833,0.0,0.0026706210376997,0.0000000000000000,0.0080218409595391,0.0000000000000000,9.6922044200954076,3.0000504135658805,2.018243,-0.943108,-1.0751359208880,0.0965792742052,1,1.8e-12
0.9975272742327633,0.0,0.0026676872792962,0.0000000000000000,0.0080235775832359,0.0000000000000000,9.6835918599795043,3.0000504753056298,2.018453,-0.877872,-1.1405809299302,0.2280567934999,1,9.0e-13
0.9975299111707786,0.0,0.0026646807743343,0.0000000000000000,0.0080253708034792,0.0000000000000000,9.6747984728404788,3.0000505384177258,2.018645,-0.810545,-1.2080997313119,0.3637982503298,1,3.7e-12
0.9975325684397188,0.0,0.0026615995108384,0.0000000000000000,0.0080272231086272,0.0000000000000000,9.6658204597904263,3.0000506029302052,2.018818,-0.741157,-1.2776613995079,0.5037388157767,1,1.8e-12
0.9975352465102403,0.0,0.0026584414139770,0.0000000000000000,0.0080291370940456,0.0000000000000000,9.6566539421580373,3.0000506688717117,2.018974,-0.669747,-1.3492274914449,0.6477981980075,1,2.5e-13
0.9975379458563309,0.0,0.0026552043435121,0.0000000000000000,0.0080311154671844,0.0000000000000000,9.6472949598100559,3.0000507362715068,2.019113,-0.596361,-1.4227515462637,0.7958796411169,1,7.6e-13
0.9975406669538442,0.0,0.0026518860911065,0.0000000000000000,0.0080331610528916,0.0000000000000000,9.6377394694371361,3.0000508051594794,2.019233,-0.521055,-1.4981785737509,0.9478689010825,1,7.9e-13
0.9975434102787553,0.0,0.0026484843774765,0.0000000000000000,0.0080352767989704,0.0000000000000000,9.6279833428033115,3.0000508755661603,2.019336,-0.443892,-1.5754445337198,1.1036332023766,1,2.2e-12
0.9975461763050839,0.0,0.0026449968493770,0.0000000000000000,0.0080374657819816,0.0000000000000000,9.6180223649582395,3.0000509475227339,2.019422,-0.364946,-1.6544758047702,1.2630201807440,1,3.2e-12
0.9975489196677990,0.0,0.0026414803179862,0.0000000000000000,0.0080396935062046,0.0000000000000000,9.6080203748836439,3.0000510198446779,2.019489,-0.285634,-1.7338547237392,1.4231652091481,1,2.0e-12
0.9975516302447155,0.0,0.0026379491020625,0.0000000000000000,0.0080419514323163,0.0000000000000000,9.5980184077799429,3.0000510922322818,2.019538,-0.206403,-1.8131354056860,1.5831617147800,1,1.6e-12
0.9975543092854056,0.0,0.0026344031804939,0.0000000000000000,0.0080442399566970,0.0000000000000000,9.5880164612360552,3.0000511646823695,2.019571,-0.127370,-1.8922013058794,1.7427677307508,1,1.4e-13
0.9975569579495628,0.0,0.0026308425300625,0.0000000000000000,0.0080465594554782,0.0000000000000000,9.5780145330034099,3.0000512371919696,2.019588,-0.048649,-1.9709397783644,1.9017496616633,1,3.8e-12
0.9975595773122031,0.0,0.0026272671251918,0.0000000000000000,0.0080489102861029,0.0000000000000000,9.5680126209778464,3.0000513097583044,2.019591,0.029651,-2.0492420163348,2.0598821472487,1,2.3e-12
0.9975621683681756,0.0,0.0026236769377038,0.0000000000000000,0.0080512927886437,0.0000000000000000,9.5580107231832905,3.0000513823787642,2.019581,0.107422,-2.1270030018526,2.2169479319279,1,1.4e-12
0.9975647320360206,0.0,0.0026200719365767,0.0000000000000000,0.0080537072868948,0.0000000000000000,9.5480088377569459,3.0000514550508957,2.019557,0.184564,-2.2041214523766,2.3727377398017,1,2.2e-12
0.9975672691612069,0.0,0.0026164520876994,0.0000000000000000,0.0080561540892540,0.0000000000000000,9.5380069629357571,3.0000515277723903,2.019522,0.260978,-2.2804997713389,2.5270501538403,1,1.9e-12
0.9975697805187596,0.0,0.0026128173536137,0.0000000000000000,0.0080586334894018,0.0000000000000000,9.5280050970439270,3.0000516005410671,2.019476,0.336568,-2.3560440011099,2.6796914990723,1,2.4e-12
0.9975722668152853,0.0,0.0026091676932388,0.0000000000000000,0.0080611457667825,0.0000000000000000,9.5180032384812954,3.0000516733548648,2.019419,0.411245,-2.4306637756226,2.8304757286083,1,1.6e-12
0.9975747286903918,0.0,0.0026055030615695,0.0000000000000000,0.0080636911868903,0.0000000000000000,9.5080013857123902,3.0000517462118306,2.019352,0.484920,-2.5042722754264,2.9792243126434,1,3.0e-12
0.9975771667174758,0.0,0.0026018234093410,0.0000000000000000,0.0080662700013524,0.0000000000000000,9.4979995372559802,3.0000518191101113,2.019277,0.557510,-2.5767861825969,3.1257661293613,1,4.7e-12
0.9975795814038538,0.0,0.0025981286826498,0.0000000000000000,0.0080688824478029,0.0000000000000000,9.4879976916749520,3.0000518920479462,2.019192,0.628933,-2.6481256367027,3.2699373578719,1,5.0e-12
0.9975819731901817,0.0,0.0025944188225207,0.0000000000000000,0.0080715287495321,0.0000000000000000,9.4779958475663335,3.0000519650236579,2.019100,0.699114,-2.7182141917141,3.4115813729583,1,7.9e-12
0.9975843424490909,0.0,0.0025906937644069,0.0000000000000000,0.0080742091148884,0.0000000000000000,9.4679940035512864,3.0000520380356490,2.019000,0.767978,-2.7869787725996,3.5505486408328,1,1.8e-11
0.9975866894829544,0.0,0.0025869534376119,0.0000000000000000,0.0080769237364030,0.0000000000000000,9.4579921582648527,3.0000521110823906,2.018894,0.835456,-2.8543496297016,3.6866966136254,1,3.0e-12
0.9975890145206655,0.0,0.0025831977645945,0.0000000000000000,0.0080796727896123,0.0000000000000000,9.4479903103452507,3.0000521841624241,2.018781,0.901480,-2.9202603030917,3.8198896331772,1,1.6e-12
0.9975913177132497,0.0,0.0025794266601791,0.0000000000000000,0.0080824564314939,0.0000000000000000,9.4379884584224278,3.0000522572743527,2.018662,0.965986,-2.9846475721580,3.9499988230236,1,2.5e-12
0.9975935991281399,0.0,0.0025756400305905,0.0000000000000000,0.0080852747984930,0.0000000000000000,9.4279866011055979,3.0000523304168376,2.018537,1.028915,-3.0474514160913,4.0769019899109,1,1.1e-12
0.9975957696769291,0.0,0.0025719886402499,0.0000000000000000,0.0080880143534763,0.0000000000000000,9.4183808107564246,3.0000524006904539,2.018412,1.087813,-3.1062247658955,4.1956542385893,1,3.6e-12
0.9975978364359736,0.0,0.0025684661347136,0.0000000000000000,0.0080906772974518,0.0000000000000000,9.4091500516062840,3.0000524682448044,2.018288,1.142946,-3.1612335637126,4.3067932864467,1,1.1e-11
0.9975980639262401,0.0,0.0025680756149466,0.0000000000000000,0.0080909737265336,0.0000000000000000,9.4081288594495120,3.0000524757197193,2.018274,1.148955,-3.1672288571957,4.3189056580236,1,2.0e-12
0.9975982959556194,0.0,0.0025676767236053,0.0000000000000000,0.0080912767568975,0.0000000000000000,9.4070862221439846,3.0000524833518960,2.018260,1.155072,-3.1733312910199,4.3312343945018,1,6.8e-13
0.9975985326089748,0.0,0.0025672692774841,0.0000000000000000,0.0080915865431877,0.0000000000000000,9.4060216893348940,3.0000524911446482,2.018245,1.161297,-3.1795422627026,4.3437823122131,1,5.5e-13
0.9975987739724677,0.0,0.0025668530892061,0.0000000000000000,0.0080919032439726,0.0000000000000000,9.4049348012095599,3.0000524991013600,2.018230,1.167633,-3.1858631584695,4.3565522052923,1,8.8e-13
0.9975990201335615,0.0,0.0025664279671181,0.0000000000000000,0.0080922270218571,0.0000000000000000,9.4038250882987953,3.0000525072254853,2.018215,1.174081,-3.1922953523549,4.3695468428606,1,2.0e-12
0.9975992711810205,0.0,0.0025659937151856,0.0000000000000000,0.0080925580435961,0.0000000000000000,9.4026920712740800,3.0000525155205531,2.018199,1.180641,-3.1988402036551,4.3827689641541,1,1.8e-12
0.9975995272049133,0.0,0.0025655501328848,0.0000000000000000,0.0080928964802126,0.0000000000000000,9.4015352607404932,3.0000525239901639,2.018183,1.187316,-3.2054990554407,4.3962212748310,1,2.7e-12
0.9975997882966069,0.0,0.0025650970150908,0.0000000000000000,0.0080932425071188,0.0000000000000000,9.4003541570252747,3.0000525326379979,2.018166,1.194107,-3.2122732306916,4.4099064402303,1,7.4e-13
0.9976000545487645,0.0,0.0025646341519633,0.0000000000000000,0.0080935963042409,0.0000000000000000,9.3991482499619625,3.0000525414678103,2.018149,1.201015,-3.2191640318340,4.4238270827295,1,1.4e-12
0.9976003260553394,0.0,0.0025641613288286,0.0000000000000000,0.0080939580561482,0.0000000000000000,9.3979170186699754,3.0000525504834368,2.018132,1.208041,-3.2261727351230,4.4379857726090,1,2.4e-12
0.9976006029115639,0.0,0.0025636783260584,0.0000000000000000,0.0080943279521857,0.0000000000000000,9.3966599313295838,3.0000525596887933,2.018114,1.215187,-3.2333005896541,4.4523850244562,1,1.4e-12
0.9976008852139417,0.0,0.0025631849189453,0.0000000000000000,0.0080947061866115,0.0000000000000000,9.3953764449521362,3.0000525690878788,2.018096,1.222453,-3.2405488142633,4.4670272909036,1,1.1e-12
0.9976011730602320,0.0,0.0025626808775739,0.0000000000000000,0.0080950929587375,0.0000000000000000,9.3940660051454614,3.0000525786847785,2.018077,1.229841,-3.2479185932244,4.4819149546716,1,4.2e-12
0.9976014665494313,0.0,0.0025621659666890,0.0000000000000000,0.0080954884730751,0.0000000000000000,9.3927280458743443,3.0000525884836606,2.018058,1.237353,-3.2554110723307,4.4970503209023,1,5.4e-13
0.9976017657817557,0.0,0.0025616399455590,0.0000000000000000,0.0080958929394849,0.0000000000000000,9.3913619892159659,3.0000525984887840,2.018038,1.244989,-3.2630273579386,4.5124356131701,1,7.1e-13
0.9976020708586156,0.0,0.0025611025678360,0.0000000000000000,0.0080963065733318,0.0000000000000000,9.3899672451101956,3.0000526087044959,2.018018,1.252750,-3.2707685095048,4.5280729610305,1,1.1e-12
0.9976023818825859,0.0,0.0025605535814108,0.0000000000000000,0.0080967295956435,0.0000000000000000,9.3885432111046470,3.0000526191352375,2.017998,1.260638,-3.2786355375803,4.5439643943296,1,2.0e-12
0.9976026989573757,0.0,0.0025599927282648,0.0000000000000000,0.0080971622332750,0.0000000000000000,9.3870892720943644,3.0000526297855403,2.017976,1.268653,-3.2866293987556,4.5601118334667,1,2.9e-12
0.9976030221877898,0.0,0.0025594197443153,0.0000000000000000,0.0080976047190772,0.0000000000000000,9.3856048000560417,3.0000526406600350,2.017955,1.276796,-3.2947509907805,4.5765170797070,1,1.2e-12
0.9976033516796847,0.0,0.0025588343592575,0.0000000000000000,0.0080980572920709,0.0000000000000000,9.3840891537766549,3.0000526517634492,2.017932,1.285069,-3.3030011493506,4.5931818074627,1,1.3e-12
0.9976036875399212,0.0,0.0025582362964019,0.0000000000000000,0.0080985201976257,0.0000000000000000,9.3825416785763824,3.0000526631006093,2.017910,1.293471,-3.3113806398640,4.6101075498182,1,8.9e-13
0.9976040298763067,0.0,0.0025576252725046,0.0000000000000000,0.0080989936876445,0.0000000000000000,9.3809617060257064,3.0000526746764442,2.017886,1.302004,-3.3198901545997,4.6272956909495,1,3.9e-13
0.9976043787975331,0.0,0.0025570009975936,0.0000000000000000,0.0080994780207526,0.0000000000000000,9.3793485536565573,3.0000526864959882,2.017862,1.310668,-3.3285303061239,4.6447474533761,1,7.4e-13
0.9976047344131072,0.0,0.0025563631747896,0.0000000000000000,0.0080999734624929,0.0000000000000000,9.3777015246673923,3.0000526985643794,2.017838,1.319464,-3.3373016207342,4.6624638850623,1,1.1e-12
0.9976050968332673,0.0,0.0025557115001192,0.0000000000000000,0.0081004802855257,0.0000000000000000,9.3760199076220623,3.0000527108868673,2.017813,1.328392,-3.3462045326663,4.6804458472890,1,9.4e-13
0.9976054661688956,0.0,0.0025550456623239,0.0000000000000000,0.0081009987698349,0.0000000000000000,9.3743029761423440,3.0000527234688104,2.017787,1.337452,-3.3552393772862,4.6986940009544,1,1.0e-12
0.9976058425314178,0.0,0.0025543653426613,0.0000000000000000,0.0081015292029389,0.0000000000000000,9.3725499885940096,3.0000527363156815,2.017761,1.346646,-3.3644063840197,4.7172087922500,1,9.4e-13
0.9976062260326879,0.0,0.0025536702146997,0.0000000000000000,0.0081020718801071,0.0000000000000000,9.3707601877662832,3.0000527494330678,2.017734,1.355972,-3.3737056686936,4.7359904373558,1,1.1e-12
0.9976066167848627,0.0,0.0025529599441053,0.0000000000000000,0.0081026271045822,0.0000000000000000,9.3689328005445525,3.0000527628266762,2.017706,1.365431,-3.3831372249771,4.7550389055795,1,2.0e-12
0.9976070149002609,0.0,0.0025522341884226,0.0000000000000000,0.0081031951878073,0.0000000000000000,9.3670670375761951,3.0000527765023333,2.017677,1.375024,-3.3927009183804,4.7743539057903,1,3.0e-12
0.9976074204912035,0.0,0.0025514925968458,0.0000000000000000,0.0081037764496589,0.0000000000000000,9.3651620929293582,3.0000527904659884,2.017648,1.384748,-3.4023964753274,4.7939348658041,1,3.6e-12
0.9976078336698377,0.0,0.0025507348099822,0.0000000000000000,0.0081043712186841,0.0000000000000000,9.3632171437445635,3.0000528047237176,2.017618,1.394605,-3.4122234746041,4.8137809147230,1,6.1e-12
0.9976082545479387,0.0,0.0025499604596071,0.0000000000000000,0.0081049798323435,0.0000000000000000,9.3612313498789614,3.0000528192817244,2.017588,1.404594,-3.4221813385222,4.8338908646500,1,8.9e-12
0.9976086832366886,0.0,0.0025491691684084,0.0000000000000000,0.0081056026372584,0.0000000000000000,9.3592038535430984,3.0000528341463446,2.017556,1.414713,-3.4322693223108,4.8542631896243,1,1.1e-11
0.9976091198464316,0.0,0.0025483605497193,0.0000000000000000,0.0081062399894630,0.0000000000000000,9.3571337789300184,3.0000528493240468,2.017524,1.424962,-3.4424865044863,4.8748960056485,1,1.9e-12
0.9976095644863912,0.0,0.0025475342072513,0.0000000000000000,0.0081068922546538,0.0000000000000000,9.3550202318365514,3.0000528648214373,2.017491,1.435341,-3.4528317719439,4.8957870427292,1,1.3e-12
0.9976100172643684,0.0,0.0025466897347951,0.0000000000000000,0.0081075598084560,0.0000000000000000,9.3528622992766035,3.0000528806452604,2.017457,1.445847,-3.4633038142001,4.9169336300061,1,1.7e-12
0.9976104782863923,0.0,0.0025458267159290,0.0000000000000000,0.0081082430366783,0.0000000000000000,9.3506590490862891,3.0000528968024049,2.017423,1.456479,-3.4739011073633,4.9383326655308,1,1.6e-12
0.9976109476563313,0.0,0.0025449447237046,0.0000000000000000,0.0081089423355764,0.0000000000000000,9.3484095295207243,3.0000529132999043,2.017387,1.467235,-3.4846219022048,4.9599805917576,1,1.3e-13
0.9976114254754590,0.0,0.0025440433203205,0.0000000000000000,0.0081096581121146,0.0000000000000000,9.3461127688422980,3.0000529301449403,2.017351,1.478114,-3.4954642114024,4.9818733694673,1,1.3e-12
0.9976119118419670,0.0,0.0025431220567822,0.0000000000000000,0.0081103907842271,0.0000000000000000,9.3437677749002397,3.0000529473448481,2.017313,1.489113,-3.5064257943180,5.0040064477454,1,1.9e-12
0.9976124068504132,0.0,0.0025421804725426,0.0000000000000000,0.0081111407810768,0.0000000000000000,9.3413735347012814,3.0000529649071161,2.017275,1.500229,-3.5175041431877,5.0263747356434,1,1.2e-12
0.9976129105911068,0.0,0.0025412180951287,0.0000000000000000,0.0081119085433089,0.0000000000000000,9.3389290139712369,3.0000529828393918,2.017236,1.511461,-3.5286964680307,5.0489725716652,1,2.8e-13
0.9976134231494106,0.0,0.0025402344397461,0.0000000000000000,0.0081126945232986,0.0000000000000000,9.3364331567072725,3.0000530011494839,2.017196,1.522804,-3.5399996801249,5.0717936907262,1,8.2e-13
0.9976139446049557,0.0,0.0025392290088643,0.0000000000000000,0.0081134991853884,0.0000000000000000,9.3338848847206819,3.0000530198453697,2.017154,1.534256,-3.5514103751204,5.0948311901588,1,2.4e-12
0.9976144750307532,0.0,0.0025382012917791,0.0000000000000000,0.0081143230061125,0.0000000000000000,9.3312830971699405,3.0000530389351883,2.017112,1.545813,-3.5629248154653,5.1180774943324,1,4.6e-13
0.9976150144921896,0.0,0.0025371507641481,0.0000000000000000,0.0081151664744052,0.0000000000000000,9.3286266700838070,3.0000530584272593,2.017069,1.557470,-3.5745389131945,5.1415243195036,1,1.0e-12
0.9976155630458829,0.0,0.0025360768875014,0.0000000000000000,0.0081160300917857,0.0000000000000000,9.3259144558742673,3.0000530783300716,2.017025,1.569224,-3.5862482093533,5.1651626330511,1,1.3e-12
0.9976161207383876,0.0,0.0025349791087181,0.0000000000000000,0.0081169143725170,0.0000000000000000,9.3231452828390555,3.0000530986522977,2.016979,1.581069,-3.5980478550607,5.1889826149288,1,2.4e-12
0.9976166876047156,0.0,0.0025338568594718,0.0000000000000000,0.0081178198437295,0.0000000000000000,9.3203179546535146,3.0000531194027928,2.016933,1.593000,-3.6099325900924,5.2129736148278,1,3.1e-13
0.9976172636666463,0.0,0.0025327095556350,0.0000000000000000,0.0081187470455020,0.0000000000000000,9.3174312498515448,3.0000531405905999,2.016885,1.605012,-3.6218967223770,5.2371241104697,1,9.2e-13
0.9976178489307976,0.0,0.0025315365966421,0.0000000000000000,0.0081196965308891,0.0000000000000000,9.3144839212953485,3.0000531622249533,2.016836,1.617098,-3.6339341039729,5.2614216598776,1,3.7e-13
0.9976184433864014,0.0,0.0025303373648020,0.0000000000000000,0.0081206688658834,0.0000000000000000,9.3114746956336933,3.0000531843152842,2.016786,1.629252,-3.6460381087265,5.2858528560181,1,1.3e-12
0.9976190470027566,0.0,0.0025291112245582,0.0000000000000000,0.0081216646292989,0.0000000000000000,9.3084022727483955,3.0000532068712240,2.016735,1.641467,-3.6582016075136,5.3104032771649,1,2.0e-12
0.9976196597262765,0.0,0.0025278575216813,0.0000000000000000,0.0081226844125539,0.0000000000000000,9.3052653251886834,3.0000532299026093,2.016682,1.653735,-3.6704169425866,5.3350574354504,1,7.7e-12
0.9976202814770797,0.0,0.0025265755823924,0.0000000000000000,0.0081237288193362,0.0000000000000000,9.3020624975931057,3.0000532534194839,2.016628,1.666048,-3.6826759028382,5.3597987266464,1,9.9e-12
0.9976209121450236,0.0,0.0025252647123974,0.0000000000000000,0.0081247984651219,0.0000000000000000,9.2987924060985954,3.0000532774321100,2.016573,1.678396,-3.6949696951098,5.3846093730167,1,3.5e-12
0.9976215515850788,0.0,0.0025239241958371,0.0000000000000000,0.0081258939765044,0.0000000000000000,9.2954536377362800,3.0000533019509650,2.016517,1.690772,-3.7072889138156,5.4094703629098,1,1.4e-12
0.9976221996119268,0.0,0.0025225532940994,0.0000000000000000,0.0081270159903208,0.0000000000000000,9.2920447498135896,3.0000533269867540,2.016459,1.703164,-3.7196235170539,5.4343614011649,1,1.8e-12
0.9976228559936037,0.0,0.0025211512445184,0.0000000000000000,0.0081281651524902,0.0000000000000000,9.2885642692821282,3.0000533525504105,2.016400,1.715563,-3.7319627920777,5.4592608411075,1,1.8e-12
0.9976235204440045,0.0,0.0025197172589029,0.0000000000000000,0.0081293421165252,0.0000000000000000,9.2850106920907525,3.0000533786531052,2.016339,1.727956,-3.7442953248738,5.4841456232196,1,2.2e-12
0.9976241926140090,0.0,0.0025182505218772,0.0000000000000000,0.0081305475416288,0.0000000000000000,9.2813824825231688,3.0000534053062489,2.016277,1.740332,-3.7566089695172,5.5089912132614,1,3.5e-13
0.9976248720809067,0.0,0.0025167501889957,0.0000000000000000,0.0081317820902758,0.0000000000000000,9.2776780725192900,3.0000534325215020,2.016214,1.752677,-3.7688908109662,5.5337715286250,1,1.5e-11
0.9976255583357626,0.0,0.0025152153845654,0.0000000000000000,0.0081330464251695,0.0000000000000000,9.2738958609793976,3.0000534603107805,2.016149,1.764978,-3.7811271381073,5.5584588825929,1,4.8e-13
0.9976262235120402,0.0,0.0025137074397398,0.0000000000000000,0.0081342898591170,0.0000000000000000,9.2701871342659103,3.0000534875625444,2.016085,1.776742,-3.7928273185061,5.5820634499054,1,1.1e-13
0.9976268678934512,0.0,0.0025122258890100,0.0000000000000000,0.0081355125292617,0.0000000000000000,9.2665504641600940,3.0000535142871687,2.016023,1.787990,-3.8040126631369,5.6046283374736,1,9.1e-12
0.9976269578086522,0.0,0.0025120174285408,0.0000000000000000,0.0081356846327630,0.0000000000000000,9.2660393433689379,3.0000535180434040,2.016014,1.789548,-3.8055618751497,5.6077535778466,1,1.3e-11
0.9976270494425589,0.0,0.0025118045305872,0.0000000000000000,0.0081358604155537,0.0000000000000000,9.2655174895304224,3.0000535218785642,2.016005,1.791133,-3.8071378032858,5.6109326928504,1,1.4e-11
0.9976271428225951,0.0,0.0025115870992258,0.0000000000000000,0.0081360399572118,0.0000000000000000,9.2649846772759581,3.0000535257943093,2.015996,1.792745,-3.8087407616539,5.6141663147124,1,1.4e-11
0.9976272379762747,0.0,0.0025113650363898,0.0000000000000000,0.0081362233390453,0.0000000000000000,9.2644406765056377,3.0000535297923321,2.015986,1.794385,-3.8103710590620,5.6174550651741,1,1.5e-11
0.9976273349311737,0.0,0.0025111382418153,0.0000000000000000,0.0081364106441312,0.0000000000000000,9.2638852522889490,3.0000535338743641,2.015977,1.796052,-3.8120289996570,5.6207995565439,1,1.8e-11
0.9976274337148997,0.0,0.0025109066129876,0.0000000000000000,0.0081366019573511,0.0000000000000000,9.2633181647634331,3.0000535380421716,2.015967,1.797748,-3.8137148819332,5.6242003897801,1,1.7e-11
0.9976275343550568,0.0,0.0025106700450861,0.0000000000000000,0.0081367973654284,0.0000000000000000,9.2627391690312031,3.0000535422975569,2.015957,1.799472,-3.8154289994729,5.6276581557138,1,1.9e-11
0.9976276368792070,0.0,0.0025104284309305,0.0000000000000000,0.0081369969569631,0.0000000000000000,9.2621480150532989,3.0000535466423637,2.015947,1.801225,-3.8171716378267,5.6311734292450,1,2.1e-12
0.9976277413148353,0.0,0.0025101816609122,0.0000000000000000,0.0081372008224787,0.0000000000000000,9.2615444475418442,3.0000535510784694,2.015936,1.803007,-3.8189430787493,5.6347467769337,1,1.8e-12
0.9976278476892947,0.0,0.0025099296229494,0.0000000000000000,0.0081374090544455,0.0000000000000000,9.2609282058499218,3.0000535556077970,2.015926,1.804818,-3.8207435931345,5.6383787439685,1,9.1e-13
0.9976279560297646,0.0,0.0025096722024157,0.0000000000000000,0.0081376217473286,0.0000000000000000,9.2602990238591651,3.0000535602323057,2.015915,1.806658,-3.8225734446584,5.6420698606821,1,1.6e-12
0.9976280663631937,0.0,0.0025094092820787,0.0000000000000000,0.0081378389976231,0.0000000000000000,9.2596566298649829,3.0000535649539963,2.015904,1.808529,-3.8244328869771,5.6458206372772,1,5.0e-14
0.9976281787162425,0.0,0.0025091407420338,0.0000000000000000,0.0081380609038926,0.0000000000000000,9.2590007464593942,3.0000535697749138,2.015893,1.810430,-3.8263221646361,5.6496315653212,1,2.1e-12
0.9976282931152195,0.0,0.0025088664596375,0.0000000000000000,0.0081382875668076,0.0000000000000000,9.2583310904113958,3.0000535746971453,2.015881,1.812360,-3.8282415100183,5.6535031120120,1,8.1e-13
0.9976284095860087,0.0,0.0025085863094361,0.0000000000000000,0.0081385190891831,0.0000000000000000,9.2576473725448434,3.0000535797228216,2.015869,1.814322,-3.8301911444191,5.6574357219658,1,1.4e-13
0.9976285281539972,0.0,0.0025083001630945,0.0000000000000000,0.0081387555760178,0.0000000000000000,9.2569492976137671,3.0000535848541188,2.015857,1.816314,-3.8321712762756,5.6614298138085,1,2.1e-12
0.9976286488439849,0.0,0.0025080078893205,0.0000000000000000,0.0081389971345294,0.0000000000000000,9.2562365641750848,3.0000535900932586,2.015845,1.818337,-3.8341820994274,5.6654857767707,1,2.1e-12
0.9976287716801012,0.0,0.0025077093537890,0.0000000000000000,0.0081392438741944,0.0000000000000000,9.2555088644586512,3.0000535954425085,2.015832,1.820391,-3.8362237931650,5.6696039706047,1,9.6e-13
0.9976288966856999,0.0,0.0025074044190610,0.0000000000000000,0.0081394959067826,0.0000000000000000,9.2547658842345868,3.0000536009041867,2.015819,1.822477,-3.8382965206834,5.6737847225325,1,3.2e-13
0.9976290238832499,0.0,0.0025070929445011,0.0000000000000000,0.0081397533463931,0.0000000000000000,9.2540073026778398,3.0000536064806589,2.015806,1.824594,-3.8404004282933,5.6780283255861,1,2.1e-12
0.9976291532942200,0.0,0.0025067747861923,0.0000000000000000,0.0081400163094896,0.0000000000000000,9.2532327922299125,3.0000536121743386,2.015793,1.826743,-3.8425356427168,5.6823350334030,1,1.4e-12
0.9976292849389445,0.0,0.0025064497968471,0.0000000000000000,0.0081402849149329,0.0000000000000000,9.2524420184576996,3.0000536179876929,2.015779,1.828923,-3.8447022716928,5.6867050611230,1,8.3e-13
0.9976294188364836,0.0,0.0025061178257155,0.0000000000000000,0.0081405592840126,0.0000000000000000,9.2516346399093710,3.0000536239232409,2.015765,1.831135,-3.8469004016476,5.6911385808486,1,1.6e-12
0.9976295550044653,0.0,0.0025057787184892,0.0000000000000000,0.0081408395404772,0.0000000000000000,9.2508103079672512,3.0000536299835532,2.015751,1.833379,-3.8491300961060,5.6956357184651,1,2.2e-12
0.9976296934589159,0.0,0.0025054323172026,0.0000000000000000,0.0081411258105613,0.0000000000000000,9.2499686666976171,3.0000536361712564,2.015737,1.835655,-3.8513913943624,5.7001965509330,1,5.2e-13
0.9976298342140739,0.0,0.0025050784601296,0.0000000000000000,0.0081414182230108,0.0000000000000000,9.2491093526973618,3.0000536424890312,2.015722,1.837963,-3.8536843105567,5.7048211043174,1,1.7e-12
0.9976299772821833,0.0,0.0025047169816760,0.0000000000000000,0.0081417169091045,0.0000000000000000,9.2482319949374521,3.0000536489396161,2.015707,1.840302,-3.8560088305210,5.7095093476548,1,2.5e-13
0.9976301226732704,0.0,0.0025043477122680,0.0000000000000000,0.0081420220026723,0.0000000000000000,9.2473362146031128,3.0000536555258068,2.015691,1.842674,-3.8583649120218,5.7142611931477,1,3.2e-12
0.9976302703948982,0.0,0.0025039704782351,0.0000000000000000,0.0081423336401096,0.0000000000000000,9.2464216249306759,3.0000536622504588,2.015675,1.845077,-3.8607524804783,5.7190764878990,1,1.9e-12
0.9976304204518929,0.0,0.0025035851016881,0.0000000000000000,0.0081426519603856,0.0000000000000000,9.2454878310410109,3.0000536691164874,2.015659,1.847512,-3.8631714295521,5.7239550147128,1,1.9e-12
0.9976305728460504,0.0,0.0025031914003922,0.0000000000000000,0.0081429771050478,0.0000000000000000,9.2445344297694838,3.0000536761268699,2.015643,1.849979,-3.8656216174995,5.7288964849957,1,2.3e-12
0.9976307275758050,0.0,0.0025027891876330,0.0000000000000000,0.0081433092182183,0.0000000000000000,9.2435610094923479,3.0000536832846469,2.015626,1.852477,-3.8681028655392,5.7339005354025,1,3.8e-12
0.9976308846358730,0.0,0.0025023782720774,0.0000000000000000,0.0081436484465840,0.0000000000000000,9.2425671499495028,3.0000536905929223,2.015609,1.855006,-3.8706149554899,5.7389667230706,1,3.1e-12
0.9976310440168531,0.0,0.0025019584576259,0.0000000000000000,0.0081439949393771,0.0000000000000000,9.2415524220635454,3.0000536980548680,2.015591,1.857566,-3.8731576280245,5.7440945220408,1,3.2e-12
0.9976312057047910,0.0,0.0025015295432594,0.0000000000000000,0.0081443488483472,0.0000000000000000,9.2405163877550205,3.0000537056737215,2.015573,1.860157,-3.8757305797578,5.7492833174652,1,7.7e-12
0.9976313696806930,0.0,0.0025010913228755,0.0000000000000000,0.0081447103277202,0.0000000000000000,9.2394585997537995,3.0000537134527892,2.015555,1.862778,-3.8783334603207,5.7545323997296,1,1.2e-11
0.9976315359199934,0.0,0.0025006435851178,0.0000000000000000,0.0081450795341466,0.0000000000000000,9.2383786014064828,3.0000537213954495,2.015537,1.865429,-3.8809658706530,5.7598409609242,1,2.1e-11
0.9976317043919598,0.0,0.0025001861131994,0.0000000000000000,0.0081454566266289,0.0000000000000000,9.2372759264797537,3.0000537295051499,2.015518,1.868110,-3.8836273574257,5.7652080839240,1,2.2e-12
0.9976318750590415,0.0,0.0024997186846953,0.0000000000000000,0.0081458417664491,0.0000000000000000,9.2361500989595786,3.0000537377854135,2.015498,1.870819,-3.8863174175290,5.7706327505352,1,7.3e-13
0.9976320478761359,0.0,0.0024992410713587,0.0000000000000000,0.0081462351170496,0.0000000000000000,9.2350006328461447,3.0000537462398378,2.015479,1.873557,-3.8890354859601,5.7761138182131,1,3.0e-12
0.9976322193069328,0.0,0.0024987628034472,0.0000000000000000,0.0081466288082971,0.0000000000000000,9.2338505039662486,3.0000537546994495,2.015459,1.876268,-3.8917263221061,5.7815398917099,1,3.2e-12
0.9976323927641608,0.0,0.0024982740972689,0.0000000000000000,0.0081470308704466,0.0000000000000000,9.2326762264385955,3.0000537633370117,2.015439,1.879005,-3.8944439308632,5.7870198710176,1,3.0e-12
0.9976325681802283,0.0,0.0024977747114152,0.0000000000000000,0.0081474414696739,0.0000000000000000,9.2314772933686520,3.0000537721562806,2.015418,1.881770,-3.8971876092472,5.7925523351656,1,1.1e-11
0.9976327454768346,0.0,0.0024972643978990,0.0000000000000000,0.0081478607737186,0.0000000000000000,9.2302531872277402,3.0000537811610930,2.015397,1.884560,-3.8999565839559,5.7981357216105,1,2.8e-12
0.9976329245638017,0.0,0.0024967429018720,0.0000000000000000,0.0081482889516631,0.0000000000000000,9.2290033796295567,3.0000537903553677,2.015376,1.887374,-3.9027500128996,5.8037683287498,1,1.8e-12
0.9976331053377602,0.0,0.0024962099613455,0.0000000000000000,0.0081487261736490,0.0000000000000000,9.2277273311017751,3.0000537997431094,2.015354,1.890213,-3.9055669764389,5.8094482988155,1,9.6e-13
0.9976332876806792,0.0,0.0024956653068695,0.0000000000000000,0.0081491726105619,0.0000000000000000,9.2264244908525921,3.0000538093284081,2.015332,1.893075,-3.9084064765546,5.8151736158753,1,9.6e-12
0.9976334714582068,0.0,0.0024951086612008,0.0000000000000000,0.0081496284336467,0.0000000000000000,9.2250942965319975,3.0000538191154420,2.015309,1.895958,-3.9112674293545,5.8209420910890,1,6.9e-12
0.9976336565178159,0.0,0.0024945397389238,0.0000000000000000,0.0081500938140774,0.0000000000000000,9.2237361739875876,3.0000538291084817,2.015286,1.898863,-3.9141486651511,5.8267513624044,1,4.4e-12
0.9976338426866969,0.0,0.0024939582460581,0.0000000000000000,0.0081505689224341,0.0000000000000000,9.2223495370146544,3.0000538393118892,2.015262,1.901787,-3.9170489210437,5.8325988799653,1,2.7e-12
0.9976340297693799,0.0,0.0024933638796163,0.0000000000000000,0.0081510539281043,0.0000000000000000,9.2209337871002859,3.0000538497301235,2.015238,1.904729,-3.9199668370422,5.8384818981772,1,4.1e-12
0.9976342175450431,0.0,0.0024927563271235,0.0000000000000000,0.0081515489985812,0.0000000000000000,9.2194883131611416,3.0000538603677405,2.015214,1.907687,-3.9229009504972,5.8443974646012,1,2.9e-12
0.9976344057644504,0.0,0.0024921352660880,0.0000000000000000,0.0081520542986461,0.0000000000000000,9.2180124912745036,3.0000538712293983,2.015189,1.910661,-3.9258496923117,5.8503424121914,1,7.5e-13
0.9976345941464568,0.0,0.0024915003634141,0.0000000000000000,0.0081525699894113,0.0000000000000000,9.2165056844021382,3.0000538823198566,2.015164,1.913648,-3.9288113809863,5.8563133473853,1,1.5e-12
0.9976347823740308,0.0,0.0024908512747536,0.0000000000000000,0.0081530962272055,0.0000000000000000,9.2149672421063880,3.0000538936439853,2.015138,1.916646,-3.9317842167860,5.8623066383955,1,3.0e-12
0.9976349700896812,0.0,0.0024901876437792,0.0000000000000000,0.0081536331622678,0.0000000000000000,9.2133965002577849,3.0000539052067610,2.015112,1.919655,-3.9347662759968,5.8683184036562,1,1.2e-12
0.9976351568902115,0.0,0.0024895091013736,0.0000000000000000,0.0081541809372197,0.0000000000000000,9.2117927807333153,3.0000539170132758,2.015085,1.922671,-3.9377555063073,5.8743445024288,1,3.7e-13
0.9976353423206724,0.0,0.0024888152647155,0.0000000000000000,0.0081547396852725,0.0000000000000000,9.2101553911042178,3.0000539290687391,2.015058,1.925692,-3.9407497191268,5.8803805194721,1,2.6e-13
0.9976355258673665,0.0,0.0024881057362477,0.0000000000000000,0.0081553095281218,0.0000000000000000,9.2084836243119419,3.0000539413784826,2.015030,1.928716,-3.9437465840340,5.8864217538258,1,3.0e-12
0.9976357069497310,0.0,0.0024873801025039,0.0000000000000000,0.0081558905734669,0.0000000000000000,9.2067767583304843,3.0000539539479631,2.015002,1.931741,-3.9467436212897,5.8924632038047,1,1.7e-12
0.9976358849108814,0.0,0.0024866379327692,0.0000000000000000,0.0081564829120820,0.0000000000000000,9.2050340558128187,3.0000539667827697,2.014974,1.934764,-3.9497381963930,5.8984995559673,1,2.3e-12
0.9976360590065620,0.0,0.0024858787775446,0.0000000000000000,0.0081570866143503,0.0000000000000000,9.2032547637184692,3.0000539798886310,2.014945,1.937782,-3.9527275118023,5.9045251685571,1,4.7e-13
0.9976362283921663,0.0,0.0024851021667723,0.0000000000000000,0.0081577017261463,0.0000000000000000,9.2014381129183711,3.0000539932714174,2.014916,1.940793,-3.9557086007591,5.9105340590273,1,1.5e-12
0.9976363921074396,0.0,0.0024843076077783,0.0000000000000000,0.0081583282639302,0.0000000000000000,9.1995833177719391,3.0000540069371540,2.014887,1.943792,-3.9586783182871,5.9165198860284,1,2.7e-12
0.9976365490583619,0.0,0.0024834945828705,0.0000000000000000,0.0081589662088795,0.0000000000000000,9.1976895756696173,3.0000540208920250,2.014857,1.946776,-3.9616333345641,5.9224759360387,1,1.1e-12
0.9976366979955885,0.0,0.0024826625465174,0.0000000000000000,0.0081596154998419,0.0000000000000000,9.1957560665319065,3.0000540351423877,2.014827,1.949743,-3.9645701275251,5.9283951084944,1,2.6e-12
0.9976368374886612,0.0,0.0024818109220156,0.0000000000000000,0.0081602760248338,0.0000000000000000,9.1937819522527739,3.0000540496947825,2.014797,1.952688,-3.9674849735673,5.9342698971657,1,2.6e-12
0.9976369658949995,0.0,0.0024809390975247,0.0000000000000000,0.0081609476107340,0.0000000000000000,9.1917663760709694,3.0000540645559499,2.014766,1.955608,-3.9703739401320,5.9400923752559,1,2.0e-12
0.9976370813223991,0.0,0.0024800464213202,0.0000000000000000,0.0081616300107285,0.0000000000000000,9.1897084618467204,3.0000540797328492,2.014736,1.958497,-3.9732328778822,5.9458541796602,1,1.2e-12
0.9976371815833943,0.0,0.0024791321960680,0.0000000000000000,0.0081623228889217,0.0000000000000000,9.1876073132126557,3.0000540952326769,2.014705,1.961352,-3.9760574119823,5.9515464935087,1,1.7e-12
0.9976372641393561,0.0,0.0024781956718660,0.0000000000000000,0.0081630258013609,0.0000000000000000,9.1854620125554582,3.0000541110628998,2.014675,1.964168,-3.9788429338207,5.9571600295636,1,7.2e-13
0.9976373260315545,0.0,0.0024772360377241,0.0000000000000000,0.0081637381724873,0.0000000000000000,9.1832716197669981,3.0000541272312886,2.014645,1.966940,-3.9815845946914,5.9626850175103,1,1.7e-13
0.9976373637954755,0.0,0.0024762524110412,0.0000000000000000,0.0081644592656875,0.0000000000000000,9.1810351706776210,3.0000541437459622,2.014615,1.969662,-3.9842772962617,5.9681111849225,1,2.9e-12
0.9976373733534968,0.0,0.0024752438244968,0.0000000000000000,0.0081651881461884,0.0000000000000000,9.1787516750458078,3.0000541606154489,2.014587,1.972329,-3.9869156861429,5.9734277483436,1,5.0e-12
0.9976373498792543,0.0,0.0024742092095642,0.0000000000000000,0.0081659236338936,0.0000000000000000,9.1764201139207486,3.0000541778487611,2.014559,1.974936,-3.9894941503527,5.9786233982685,1,1.4e-11
0.9976372876246609,0.0,0.0024731473755686,0.0000000000000000,0.0081666642428892,0.0000000000000000,9.1740394361067068,3.0000541954554985,2.014532,1.977475,-3.9920068129845,5.9836862984980,1,2.0e-12
0.9976371796969877,0.0,0.0024720569828138,0.0000000000000000,0.0081674081030268,0.0000000000000000,9.1716085533228959,3.0000542134459858,2.014507,1.979941,-3.9944475269888,5.9886040678434,1,2.2e-12
0.9976370177684618,0.0,0.0024709365076473,0.0000000000000000,0.0081681528571947,0.0000000000000000,9.1691263334408113,3.0000542318314656,2.014483,1.982327,-3.9968098837730,5.9933637994371,1,9.5e-13
0.9976367916933103,0.0,0.0024697841965401,0.0000000000000000,0.0081688955250167,0.0000000000000000,9.1665915908432343,3.0000542506243568,2.014463,1.984625,-3.9990872152678,5.9979520651320,1,1.9e-12
0.9976364889960871,0.0,0.0024685980048450,0.0000000000000000,0.0081696323196116,0.0000000000000000,9.1640030724007389,3.0000542698386319,2.014445,1.986828,-4.0012726078712,6.0023549437831,1,2.8e-12
0.9976360941779634,0.0,0.0024673755139117,0.0000000000000000,0.0081703583975275,0.0000000000000000,9.1613594366530524,3.0000542894903535,2.014431,1.988928,-4.0033589245600,6.0065580660380,1,8.9e-12
0.9976355877609893,0.0,0.0024661138170453,0.0000000000000000,0.0081710675117941,0.0000000000000000,9.1586592222449692,3.0000543095984695,2.014422,1.990917,-4.0053388458569,6.0105466971740,1,2.3e-12
0.9976349449475241,0.0,0.0024648093597389,0.0000000000000000,0.0081717515215372,0.0000000000000000,9.1559007990039181,3.0000543301860003,2.014418,1.992787,-4.0072049251067,6.0143058489723,1,5.1e-13
0.9976341337017601,0.0,0.0024634577112394,0.0000000000000000,0.0081723996842776,0.0000000000000000,9.1530822903218301,3.0000543512818796,2.014421,1.994529,-4.0089496915344,6.0178204879884,1,2.4e-12
0.9976331119413296,0.0,0.0024620532305778,0.0000000000000000,0.0081729976100873,0.0000000000000000,9.1502014469021447,3.0000543729238607,2.014430,1.996136,-4.0105657967050,6.0210758318087,1,1.5e-11
0.9976318233191223,0.0,0.0024605885658622,0.0000000000000000,0.0081735256736399,0.0000000000000000,9.1472554358517968,3.0000543951632519,2.014446,1.997600,-4.0120462625844,6.0240578507394,1,1.7e-12
0.9976301906986482,0.0,0.0024590538824573,0.0000000000000000,0.0081739565265180,0.0000000000000000,9.1442404782323727,3.0000544180729070,2.014469,1.998916,-4.0133848691435,6.0267540522189,1,8.6e-12
0.9976281057163172,0.0,0.0024574356362784,0.0000000000000000,0.0081742510559165,0.0000000000000000,9.1411512075236825,3.0000544417611872,2.014495,2.000082,-4.0145768288593,6.0291548464119,1,4.6e-13
0.9976254114325426,0.0,0.0024557145607135,0.0000000000000000,0.0081743515363598,0.0000000000000000,9.1379795002957476,3.0000544663974229,2.014518,2.001102,-4.0156199389440,6.0312558809505,1,5.4e-12
0.9976218722584047,0.0,0.0024538622621731,0.0000000000000000,0.0081741694520361,0.0000000000000000,9.1347122892582320,3.0000544922604346,2.014524,2.001992,-4.0165167150026,6.0330623680060,1,1.3e-11
0.9976171196516943,0.0,0.0024518353634753,0.0000000000000000,0.0081735627025958,0.0000000000000000,9.1313274148144572,3.0000545198353756,2.014488,2.002790,-4.0172785530868,6.0345975340454,1,1.5e-11
0.9976105518877780,0.0,0.0024495657255680,0.0000000000000000,0.0081722911192099,0.0000000000000000,9.1277858926129554,3.0000545500146334,2.014349,2.003585,-4.0179344912115,6.0359204284259,1,5.5e-12
0.9976011598212789,0.0,0.0024469472672235,0.0000000000000000,0.0081699307468851,0.0000000000000000,9.1240189584371336,3.0000545845160937,2.013948,2.004602,-4.0185507565278,6.0371657079663,1,1.4e-11
0.9975990054513109,0.0,0.0024464160570493,0.0000000000000000,0.0081693253274033,0.0000000000000000,9.1232927808668460,3.0000545915652106,2.013816,2.004854,-4.0186694740905,6.0374060064845,1,2.2e-12
0.9975966327790764,0.0,0.0024458539093884,0.0000000000000000,0.0081686362450019,0.0000000000000000,9.1225367380578799,3.0000545990719960,2.013647,2.005148,-4.0187956846032,6.0376616303044,1,4.0e-12
0.9975940168833900,0.0,0.0024452588059681,0.0000000000000000,0.0081678517715310,0.0000000000000000,9.1217492938783860,3.0000546070883600,2.013430,2.005501,-4.0189313322050,6.0379365459697,1,2.2e-13
0.9975911318649610,0.0,0.0024446289660526,0.0000000000000000,0.0081669591302203,0.0000000000000000,9.1209290476225409,3.0000546156713979,2.013143,2.005936,-4.0190787639899,6.0382355422208,1,7.0e-12
0.9975879519322332,0.0,0.0024439630284151,0.0000000000000000,0.0081659448021117,0.0000000000000000,9.1200748139827983,3.0000546248827935,2.012748,2.006493,-4.0192407565314,6.0385642845750,1,6.3e-12
0.9975844529413422,0.0,0.0024432602662418,0.0000000000000000,0.0081647950370448,0.0000000000000000,9.1191857038498974,3.0000546347876407,2.012161,2.007260,-4.0194205161496,6.0389293166001,1,3.7e-12
0.9975806143521484,0.0,0.0024425208143565,0.0000000000000000,0.0081634965841763,0.0000000000000000,9.1182611929806683,3.0000546454525896,2.011056,2.008565,-4.0196216296347,6.0393379603746,1,8.2e-12
0.9975764214326592,0.0,0.0024417458736367,0.0000000000000000,0.0081620376090307,0.0000000000000000,9.1173011634504082,3.0000546569432918,2.210331,1.809517,-4.0198479578376,6.0397981006207,1,7.1e-12
0.9975718673973268,0.0,0.0024409378470032,0.0000000000000000,0.0081604086993383,0.0000000000000000,9.1163059051692219,3.0000546693213157,2.213189,1.806915,-4.0201034718131,6.0403178514797,1,4.6e-12
0.9975669550593718,0.0,0.0024401003622715,0.0000000000000000,0.0081586038004468,0.0000000000000000,9.1152760727512128,3.0000546826408128,2.216340,1.804052,-4.0203920365849,6.0409051161815,1,4.2e-12
0.9975616975844208,0.0,0.0024392381544824,0.0000000000000000,0.0081566208937216,0.0000000000000000,9.1142126048353749,3.0000546969454223,2.219790,1.800927,-4.0207171786917,6.0415671127404,1,1.9e-12
0.9975561180897003,0.0,0.0024383568118241,0.0000000000000000,0.0081544622629699,0.0000000000000000,9.1131166235208010,3.0000547122658769,2.223533,1.797549,-4.0210818678890,6.0423099276125,1,2.3e-12
0.9975502481022452,0.0,0.0024374624237923,0.0000000000000000,0.0081521342832714,0.0000000000000000,9.1119893357732931,3.0000547286187169,2.227552,1.793936,-4.0214883659177,6.0431382048411,1,8.3e-12
0.9975441251674723,0.0,0.0024365611934717,0.0000000000000000,0.0081496467815565,0.0000000000000000,9.1108319541915375,3.0000547460062710,2.231825,1.790113,-4.0219381514292,6.0440549897879,1,7.0e-12
0.9975377900713928,0.0,0.0024356590784886,0.0000000000000000,0.0081470121114202,0.0000000000000000,9.1096456447869922,3.0000547644178397,2.236321,1.786111,-4.0224319418647,6.0450617699806,1,5.7e-12
0.9975312841530175,0.0,0.0024347615089066,0.0000000000000000,0.0081442441236500,0.0000000000000000,9.1084314994867981,3.0000547838317737,2.241007,1.781963,-4.0229697813457,6.0461586507831,1,6.9e-12
0.9975246470641697,0.0,0.0024338732046609,0.0000000000000000,0.0081413571956015,0.0000000000000000,9.1071905255657146,3.0000548042180855,2.245850,1.777701,-4.0235511777641,6.0473446318557,1,6.3e-12
0.9975179151574560,0.0,0.0024329980910181,0.0000000000000000,0.0081383654287330,0.0000000000000000,9.1059236435250401,3.0000548255411821,2.250817,1.773358,-4.0241752579902,6.0486179213749,1,8.0e-12
0.9975111205214389,0.0,0.0024321392946373,0.0000000000000000,0.0081352820620855,0.0000000000000000,9.1046316873793476,3.0000548477624243,2.255877,1.768964,-4.0248409155362,6.0499762356516,1,7.3e-12
0.9975042905741300,0.0,0.0024312991962991,0.0000000000000000,0.0081321191000115,0.0000000000000000,9.1033154045105960,3.0000548708423156,2.261003,1.764544,-4.0255469403402,6.0514170630640,1,6.0e-12
0.9974974480772725,0.0,0.0024304795169675,0.0000000000000000,0.0081288871225828,0.0000000000000000,9.1019754545749727,3.0000548947422248,2.266172,1.760120,-4.0262921203529,6.0529378710572,1,6.7e-12
0.9974906114295128,0.0,0.0024296814182903,0.0000000000000000,0.0081255952349724,0.0000000000000000,9.1006124081238617,3.0000549194256463,2.271363,1.755713,-4.0270753155407,6.0545362572282,1,7.5e-12
0.9974837951174900,0.0,0.0024289056042211,0.0000000000000000,0.0081222511122923,0.0000000000000000,9.0992267458201646,3.0000549448590355,2.276558,1.751337,-4.0278955087489,6.0562100534036,1,4.3e-12
0.9974770102338218,0.0,0.0024281524155690,0.0000000000000000,0.0081188611029172,0.0000000000000000,9.0978188588747990,3.0000549710122932,2.281745,1.747007,-4.0287518374405,6.0579573907367,1,5.9e-12
0.9974702650005330,0.0,0.0024274219132571,0.0000000000000000,0.0081154303621556,0.0000000000000000,9.0963890509393632,3.0000549978589901,2.286911,1.742732,-4.0296436070555,6.0597767273272,1,7.5e-12
0.9974635652605343,0.0,0.0024267139488076,0.0000000000000000,0.0081119629964987,0.0000000000000000,9.0949375413894415,3.0000550253763887,2.292048,1.738523,-4.0305702980290,6.0616668626666,1,7.4e-12
0.9974569149177740,0.0,0.0024260282222704,0.0000000000000000,0.0081084622057630,0.0000000000000000,9.0934644697170413,3.0000550535453363,2.297146,1.734385,-4.0315315635122,6.0636269330546,1,5.4e-12
0.9974503163185852,0.0,0.0024253643287266,0.0000000000000000,0.0081049304156543,0.0000000000000000,9.0919699006940640,3.0000550823500736,2.302201,1.730326,-4.0325272231182,6.0656563986956,1,5.4e-12
0.9974437705742797,0.0,0.0024247217949048,0.0000000000000000,0.0081013693970032,0.0000000000000000,9.0904538299524731,3.0000551117780003,2.307206,1.726351,-4.0335572540848,6.0677550253270,1,6.8e-12
0.9974372778291568,0.0,0.0024241001075250,0.0000000000000000,0.0080977803703249,0.0000000000000000,9.0889161896941530,3.0000551418194150,2.312158,1.722464,-4.0346217814668,6.0699228637662,1,5.0e-12
0.9974308374801084,0.0,0.0024234987348952,0.0000000000000000,0.0080941640958585,0.0000000000000000,9.0873568542921177,3.0000551724672593,2.317052,1.718669,-4.0357210694786,6.0721602315129,1,5.5e-12
0.9974244483545627,0.0,0.0024229171431106,0.0000000000000000,0.0080905209500427,0.0000000000000000,9.0857756456217249,3.0000552037168680,2.321885,1.714971,-4.0368555111062,6.0744676908184,1,7.7e-12
0.9974181088534021,0.0,0.0024223548079961,0.0000000000000000,0.0080868509898290,0.0000000000000000,9.0841723380165309,3.0000552355657382,2.326653,1.711373,-4.0380256198962,6.0768460309057,1,7.4e-12
0.9974118170648398,0.0,0.0024218112237379,0.0000000000000000,0.0080831540063268,0.0000000000000000,9.0825466627897526,3.0000552680133139,2.331354,1.707878,-4.0392320230995,6.0792962528998,1,7.5e-12
0.9974055708545447,0.0,0.0024212859089665,0.0000000000000000,0.0080794295692807,0.0000000000000000,9.0808983122971938,3.0000553010607987,2.335983,1.704492,-4.0404754545773,6.0818195540878,1,7.2e-12
0.9973994909602936,0.0,0.0024207883385389,0.0000000000000000,0.0080757520126158,0.0000000000000000,9.0792604286347274,3.0000553340354816,2.340449,1.701282,-4.0417308781982,6.0843648875574,1,8.4e-12
0.9973970609810878,0.0,0.0024205932808509,0.0000000000000000,0.0080742676684650,0.0000000000000000,9.0785964915906749,3.0000553474391061,2.342220,1.700025,-4.0422453799388,6.0854073306584,1,1.4e-11
0.9973946067341788,0.0,0.0024203984893960,0.0000000000000000,0.0080727600442794,0.0000000000000000,9.0779204846438208,3.0000553611074716,2.344002,1.698771,-4.0427725357167,6.0864749833169,1,1.1e-11
0.9973921281170868,0.0,0.0024202040271737,0.0000000000000000,0.0080712287960857,0.0000000000000000,9.0772321914859067,3.0000553750455747,2.345792,1.697520,-4.0433126853246,6.0875684946128,1,2.1e-11
0.9973896250236489,0.0,0.0024200099586213,0.0000000000000000,0.0080696735713750,0.0000000000000000,9.0765313913293753,3.0000553892585220,2.347591,1.696275,-4.0438661768412,6.0886885276079,1,1.7e-11
0.9973870973438561,0.0,0.0024198163496636,0.0000000000000000,0.0080680940087921,0.0000000000000000,9.0758178588049905,3.0000554037515368,2.349398,1.695036,-4.0444333727304,6.0898357715919,1,1.5e-11
0.9973845449638402,0.0,0.0024196232677767,0.0000000000000000,0.0080664897379071,0.0000000000000000,9.0750913638538844,3.0000554185299588,2.351211,1.693803,-4.0450146464530,6.0910109349567,1,1.1e-11
0.9973819677657967,0.0,0.0024194307820495,0.0000000000000000,0.0080648603789390,0.0000000000000000,9.0743516716194694,3.0000554335992504,2.353031,1.692580,-4.0456103849612,6.0922147500956,1,8.8e-12
0.9973793656279180,0.0,0.0024192389632471,0.0000000000000000,0.0080632055424771,0.0000000000000000,9.0735985423370806,3.0000554489649991,2.354855,1.691366,-4.0462209887769,6.0934479733089,1,2.0e-11
0.9973767384243877,0.0,0.0024190478838830,0.0000000000000000,0.0080615248292315,0.0000000000000000,9.0728317312203242,3.0000554646329198,2.356683,1.690163,-4.0468468698453,6.0947113802594,1,1.5e-11
0.9973740860252622,0.0,0.0024188576182843,0.0000000000000000,0.0080598178297024,0.0000000000000000,9.0720509883479199,3.0000554806088613,2.358515,1.688974,-4.0474884575180,6.0960057778062,1,1.4e-11
0.9973714082964783,0.0,0.0024186682426693,0.0000000000000000,0.0080580841239204,0.0000000000000000,9.0712560585453854,3.0000554968988054,2.360348,1.687798,-4.0481461941894,6.0973319949291,1,9.3e-12
0.9973687050997936,0.0,0.0024184798352225,0.0000000000000000,0.0080563232811335,0.0000000000000000,9.0704466812662741,3.0000555135088760,2.362182,1.686639,-4.0488205396079,6.0986908911713,1,1.9e-11
0.9973659762928038,0.0,0.0024182924761785,0.0000000000000000,0.0080545348595332,0.0000000000000000,9.0696225904694643,3.0000555304453380,2.364014,1.685498,-4.0495119674237,6.1000833493561,1,1.6e-11
0.9973632217288355,0.0,0.0024181062478991,0.0000000000000000,0.0080527184058902,0.0000000000000000,9.0687835144968894,3.0000555477146054,2.365845,1.684376,-4.0502209697326,6.1015102844722,1,1.5e-11
0.9973604412569779,0.0,0.0024179212349643,0.0000000000000000,0.0080508734552676,0.0000000000000000,9.0679291759456611,3.0000555653232426,2.367671,1.683277,-4.0509480556813,6.1029726404957,1,1.2e-11
0.9973576347220491,0.0,0.0024177375242606,0.0000000000000000,0.0080489995306823,0.0000000000000000,9.0670592915393904,3.0000555832779701,2.369491,1.682203,-4.0516937530263,6.1044713932062,1,9.4e-12
0.9973548019645704,0.0,0.0024175552050739,0.0000000000000000,0.0080470961427583,0.0000000000000000,9.0661735719967211,3.0000556015856676,2.371303,1.681156,-4.0524586089614,6.1060075514728,1,1.9e-11
0.9973519428207986,0.0,0.0024173743691893,0.0000000000000000,0.0080451627894065,0.0000000000000000,9.0652717218961474,3.0000556202533795,2.373105,1.680139,-4.0532431884368,6.1075821534437,1,1.4e-11
0.9973490571226465,0.0,0.0024171951109870,0.0000000000000000,0.0080431989554190,0.0000000000000000,9.0643534395405201,3.0000556392883198,2.374894,1.679154,-4.0540480795034,6.1091962769286,1,1.3e-11
0.9973461446977272,0.0,0.0024170175275496,0.0000000000000000,0.0080412041121299,0.0000000000000000,9.0634184168159955,3.0000556586978746,2.376667,1.678206,-4.0548738904243,6.1108510330961,1,1.1e-11
0.9973432053693272,0.0,0.0024168417187692,0.0000000000000000,0.0080391777170188,0.0000000000000000,9.0624663390498661,3.0000556784896091,2.378423,1.677299,-4.0557212528226,6.1125475723395,1,2.2e-11
0.9973402389564613,0.0,0.0024166677874622,0.0000000000000000,0.0080371192133526,0.0000000000000000,9.0614968848638675,3.0000556986712725,2.380156,1.676435,-4.0565908195301,6.1142870794148,1,1.8e-11
0.9973372452737913,0.0,0.0024164958394812,0.0000000000000000,0.0080350280297211,0.0000000000000000,9.0605097260272167,3.0000557192508017,2.381864,1.675619,-4.0574832699216,6.1160707836687,1,1.5e-11
0.9973342241316933,0.0,0.0024163259838392,0.0000000000000000,0.0080329035796590,0.0000000000000000,9.0595045273033996,3.0000557402363275,2.383543,1.674856,-4.0583993079705,6.1178999545070,1,1.2e-11
0.9973311753362499,0.0,0.0024161583328334,0.0000000000000000,0.0080307452612007,0.0000000000000000,9.0584809462955818,3.0000557616361800,2.385187,1.674153,-4.0593396638953,6.1197759040978,1,9.6e-12
0.9973280986892522,0.0,0.0024159930021750,0.0000000000000000,0.0080285524564246,0.0000000000000000,9.0574386332884398,3.0000557834588961,2.386792,1.673513,-4.0603050962889,6.1216999909962,1,2.1e-11
0.9973249939882682,0.0,0.0024158301111264,0.0000000000000000,0.0080263245310290,0.0000000000000000,9.0563772310855324,3.0000558057132181,2.388351,1.672945,-4.0612963903588,6.1236736158784,1,1.9e-11
0.9973218610265738,0.0,0.0024156697826360,0.0000000000000000,0.0080240608337904,0.0000000000000000,9.0552963748458648,3.0000558284081111,2.389858,1.672456,-4.0623143631266,6.1256982312741,1,1.5e-11
0.9973186995932325,0.0,0.0024155121434870,0.0000000000000000,0.0080217606961103,0.0000000000000000,9.0541956919139039,3.0000558515527587,2.391306,1.672054,-4.0633598624896,6.1277753388560,1,1.2e-11
0.9973155094731027,0.0,0.0024153573244462,0.0000000000000000,0.0080194234314908,0.0000000000000000,9.0530748016476519,3.0000558751565758,2.392685,1.671749,-4.0644337686255,6.1299064914293,1,9.9e-12
0.9973122904468616,0.0,0.0024152054604198,0.0000000000000000,0.0080170483350024,0.0000000000000000,9.0519333152425894,3.0000558992292117,2.040149,2.025388,-4.0655369960556,6.1320932961232,1,9.5e-12
0.9973090422910217,0.0,0.0024150566906152,0.0000000000000000,0.0080146346827235,0.0000000000000000,9.0507708355519956,3.0000559237805584,2.044050,2.022620,-4.0666704947415,6.1343374156875,1,1.8e-11
0.9973057647780037,0.0,0.0024149111587103,0.0000000000000000,0.0080121817312018,0.0000000000000000,9.0495869569023935,3.0000559488207585,2.047347,2.020489,-4.0678352502796,6.1366405677914,1,1.5e-11
0.9973024576760973,0.0,0.0024147690130249,0.0000000000000000,0.0080096887168069,0.0000000000000000,9.0483812649070998,3.0000559743602091,2.050372,2.018660,-4.0690322887915,6.1390045337502,1,1.2e-11
0.9972991207495432,0.0,0.0024146304067034,0.0000000000000000,0.0080071548551514,0.0000000000000000,9.0471533362732739,3.0000560004095731,2.053253,2.017009,-4.0702626758713,6.1414311552666,1,1.1e-11
0.9972957537585573,0.0,0.0024144954979021,0.0000000000000000,0.0080045793404415,0.0000000000000000,9.0459027386060686,3.0000560269797854,2.056055,2.015472,-4.0715275192228,6.1439223384289,1,8.4e-12
0.9972923564593540,0.0,0.0024143644499837,0.0000000000000000,0.0080019613448014,0.0000000000000000,9.0446290302083607,3.0000560540820596,2.058816,2.014012,-4.0728279714444,6.1464800579754,1,2.2e-11
0.9972889286042389,0.0,0.0024142374317217,0.0000000000000000,0.0079993000176227,0.0000000000000000,9.0433317598749987,3.0000560817278972,2.061562,2.012604,-4.0741652284433,6.1491063526706,1,1.7e-11
0.9972854699415703,0.0,0.0024141146175077,0.0000000000000000,0.0079965944847845,0.0000000000000000,9.0420104666847809,3.0000561099290977,2.064309,2.011231,-4.0755405368380,6.1518033386770,1,1.4e-11
0.9972819802158579,0.0,0.0024139961875722,0.0000000000000000,0.0079938438479473,0.0000000000000000,9.0406646797852730,3.0000561386977656,2.067073,2.009882,-4.0769551923872,6.1545732046945,1,1.2e-11
0.9972784591677970,0.0,0.0024138823282111,0.0000000000000000,0.0079910471837668,0.0000000000000000,9.0392939181742182,3.0000561680463198,2.069863,2.008547,-4.0784105430303,6.1574182163777,1,9.1e-12
0.9972749065343176,0.0,0.0024137732320221,0.0000000000000000,0.0079882035430841,0.0000000000000000,9.0378976904757558,3.0000561979875036,2.072689,2.007219,-4.0799079918609,6.1603407204284,1,7.2e-12
0.9972713220486225,0.0,0.0024136690981498,0.0000000000000000,0.0079853119500735,0.0000000000000000,9.0364754947118140,3.0000562285343935,2.075557,2.005892,-4.0814489994221,6.1633431472147,1,1.9e-11
0.9972677054402922,0.0,0.0024135701325432,0.0000000000000000,0.0079823714014051,0.0000000000000000,9.0350268180674274,3.0000562597004121,2.078475,2.004560,-4.0830350845212,6.1664280102598,1,1.6e-11
0.9972640564352641,0.0,0.0024134765482184,0.0000000000000000,0.0079793808652686,0.0000000000000000,9.0335511366528287,3.0000562914993343,2.081448,2.003220,-4.0846678302076,6.1695979160287,1,1.3e-11
0.9972603747559466,0.0,0.0024133885655376,0.0000000000000000,0.0079763392804656,0.0000000000000000,9.0320479152578912,3.0000563239453029,2.084481,2.001868,-4.0863488844976,6.1728555628946,1,1.2e-11
0.9972566601212666,0.0,0.0024133064124967,0.0000000000000000,0.0079732455554013,0.0000000000000000,9.0305166071023280,3.0000563570528365,2.087580,2.000500,-4.0880799637157,6.1762037452990,1,9.8e-12
0.9972529122467372,0.0,0.0024132303250248,0.0000000000000000,0.0079700985670530,0.0000000000000000,9.0289566535799111,3.0000563908368436,2.090748,1.999115,-4.0898628558891,6.1796453577806,1,9.5e-12
0.9972491308445111,0.0,0.0024131605472964,0.0000000000000000,0.0079668971598746,0.0000000000000000,9.0273674839970965,3.0000564253126325,2.093992,1.997708,-4.0916994244818,6.1831833995160,1,2.0e-11
0.9972453156235062,0.0,0.0024130973320587,0.0000000000000000,0.0079636401447139,0.0000000000000000,9.0257485153048176,3.0000564604959270,2.097314,1.996278,-4.0935916093815,6.1868209731448,1,1.7e-11
0.9972414662894011,0.0,0.0024130409409682,0.0000000000000000,0.0079603262975661,0.0000000000000000,9.0240991518261300,3.0000564964028760,2.100720,1.994822,-4.0955414351203,6.1905612978711,1,1.5e-11
0.9972375825447696,0.0,0.0024129916449464,0.0000000000000000,0.0079569543583895,0.0000000000000000,9.0224187849754873,3.0000565330500715,2.104213,1.993338,-4.0975510104251,6.1944077049844,1,1.2e-11
0.9972336640891498,0.0,0.0024129497245476,0.0000000000000000,0.0079535230298081,0.0000000000000000,9.0207067929728240,3.0000565704545594,2.107799,1.991823,-4.0996225351601,6.1983636478748,1,1.0e-11
0.9972297106191319,0.0,0.0024129154703443,0.0000000000000000,0.0079500309757660,0.0000000000000000,9.0189625405508309,3.0000566086338547,2.111481,1.990277,-4.1017583024134,6.2024327021409,1,8.4e-12
0.9972257218284358,0.0,0.0024128891833284,0.0000000000000000,0.0079464768201093,0.0000000000000000,9.0171853786556913,3.0000566476059594,2.115264,1.988697,-4.1039607051636,6.2066185745331,1,2.3e-11
0.9972216974080641,0.0,0.0024128711753306,0.0000000000000000,0.0079428591451659,0.0000000000000000,9.0153746441400582,3.0000566873893764,2.119152,1.987081,-4.1062322373883,6.2109251004527,1,1.9e-11
0.9972176370463153,0.0,0.0024128617694574,0.0000000000000000,0.0079391764901262,0.0000000000000000,9.0135296594509775,3.0000567280031265,2.123149,1.985426,-4.1085755037148,6.2153562582496,1,1.6e-11
0.9972135404289515,0.0,0.0024128613005492,0.0000000000000000,0.0079354273494864,0.0000000000000000,9.0116497323083991,3.0000567694667661,2.127261,1.983732,-4.1109932210379,6.2199161670834,1,1.1e-11
0.9972094072392947,0.0,0.0024128701156571,0.0000000000000000,0.0079316101713449,0.0000000000000000,9.0097341553775259,3.0000568118004058,2.131492,1.981996,-4.1134882260186,6.2246090961408,1,1.0e-11
0.9972052371583445,0.0,0.0024128885745429,0.0000000000000000,0.0079277233556339,0.0000000000000000,9.0077822059333066,3.0000568550247286,2.135847,1.980217,-4.1160634788459,6.2294394660616,1,8.4e-12
0.9972010298649001,0.0,0.0024129170502008,0.0000000000000000,0.0079237652522610,0.0000000000000000,9.0057931455171705,3.0000568991610104,2.140330,1.978392,-4.1187220710759,6.2344118579542,1,7.4e-12
0.9971967850356818,0.0,0.0024129559294035,0.0000000000000000,0.0079197341591574,0.0000000000000000,9.0037662195859216,3.0000569442311384,2.144948,1.976520,-4.1214672315142,6.2395310181357,1,2.2e-11
0.9971925023455150,0.0,0.0024130056132736,0.0000000000000000,0.0079156283202784,0.0000000000000000,9.0017006571517317,3.0000569902576366,2.149704,1.974598,-4.1243023302779,6.2448018587628,1,1.7e-11
0.9971881814673974,0.0,0.0024130665178824,0.0000000000000000,0.0079114459233879,0.0000000000000000,8.9995956704154061,3.0000570372636846,2.154606,1.972625,-4.1272308909124,6.2502294738348,1,1.5e-11
0.9971838220727057,0.0,0.0024131390748757,0.0000000000000000,0.0079071850978595,0.0000000000000000,8.9974504543892202,3.0000570852731423,2.159657,1.970599,-4.1302565933086,6.2558191364857,1,1.3e-11
0.9971794238313423,0.0,0.0024132237321300,0.0000000000000000,0.0079028439122986,0.0000000000000000,8.9952641865119602,3.0000571343105742,2.164865,1.968518,-4.1333832834078,6.2615763090221,1,1.0e-11
0.9971749864119031,0.0,0.0024133209544407,0.0000000000000000,0.0078984203720547,0.0000000000000000,8.9930360262546802,3.0000571844012760,2.170235,1.966380,-4.1366149806216,6.2675066478920,1,8.5e-12
0.9971705094818553,0.0,0.0024134312242433,0.0000000000000000,0.0078939124166073,0.0000000000000000,8.9907651147171830,3.0000572355713002,2.175773,1.964183,-4.1399558869292,6.2736160111375,1,5.5e-12
0.9971659927077152,0.0,0.0024135550423692,0.0000000000000000,0.0078893179168033,0.0000000000000000,8.9884505742150544,3.0000572878474845,2.181487,1.961924,-4.1434103960842,6.2799104653931,1,2.2e-11
0.9971614357552924,0.0,0.0024136929288391,0.0000000000000000,0.0078846346720081,0.0000000000000000,8.9860915078562655,3.0000573412574791,2.187382,1.959602,-4.1469830998228,6.2863962862458,1,1.8e-11
0.9971568382898244,0.0,0.0024138454236976,0.0000000000000000,0.0078798604069787,0.0000000000000000,8.9836869991091266,3.0000573958297818,2.193465,1.957214,-4.1506788032691,6.2930799756055,1,1.4e-11
0.9971521999762504,0.0,0.0024140130878874,0.0000000000000000,0.0078749927687024,0.0000000000000000,8.9812361113583048,3.0000574515937659,2.199744,1.954758,-4.1545025316124,6.2999682612115,1,1.1e-11
0.9971475204794300,0.0,0.0024141965041686,0.0000000000000000,0.0078700293229916,0.0000000000000000,8.9787378874510697,3.0000575085797188,2.206227,1.952232,-4.1584595420258,6.3070681052670,1,9.6e-12
0.9971427994643893,0.0,0.0024143962780860,0.0000000000000000,0.0078649675509075,0.0000000000000000,8.9761913492323906,3.0000575668188696,2.212921,1.949634,-4.1625553345709,6.3143867102097,1,6.9e-12
0.9971380365965695,0.0,0.0024146130389859,0.0000000000000000,0.0078598048449710,0.0000000000000000,8.9735954970688745,3.0000576263434344,2.219835,1.946961,-4.1667956660378,6.3219315288317,1,2.2e-11
0.9971332315421505,0.0,0.0024148474410840,0.0000000000000000,0.0078545385052286,0.0000000000000000,8.9709493093604529,3.0000576871866507,2.226976,1.944211,-4.1711865588929,6.3297102638492,1,1.7e-11
0.9971283839682629,0.0,0.0024151001645954,0.0000000000000000,0.0078491657349514,0.0000000000000000,8.9682517420415220,3.0000577493828202,2.234354,1.941380,-4.1757343196707,6.3377308844036,1,1.3e-11
0.9971234935433513,0.0,0.0024153719169185,0.0000000000000000,0.0078436836362411,0.0000000000000000,8.9655017280681726,3.0000578129673503,2.241978,1.938468,-4.1804455494929,6.3460016258613,1,9.6e-12
0.9971185599374844,0.0,0.0024156634338868,0.0000000000000000,0.0078380892052948,0.0000000000000000,8.9626981768935661,3.0000578779768019,2.249857,1.935470,-4.1853271593893,6.3545309974945,1,6.9e-12
0.9971135828226915,0.0,0.0024159754810876,0.0000000000000000,0.0078323793274049,0.0000000000000000,8.9598399739300678,3.0000579444489346,2.258002,1.932384,-4.1903863870995,6.3633277912354,1,1.6e-11
0.9971085618733599,0.0,0.0024163088552517,0.0000000000000000,0.0078265507717085,0.0000000000000000,8.9569259799973864,3.0000580124227576,2.266423,1.929208,-4.1956308098533,6.3724010811459,1,4.8e-12
0.9971034967665723,0.0,0.0024166643857258,0.0000000000000000,0.0078206001855204,0.0000000000000000,8.9539550307575677,3.0000580819385863,2.275130,1.925939,-4.2010683653820,6.3817602365959,1,1.7e-11
0.9970983871825053,0.0,0.0024170429360257,0.0000000000000000,0.0078145240883733,0.0000000000000000,8.9509259361349525,3.0000581530380934,2.284135,1.922573,-4.2067073695703,6.3914149270988,1,7.1e-12
0.9970932328049593,0.0,0.0024174454054699,0.0000000000000000,0.0078083188658141,0.0000000000000000,8.9478374797201354,3.0000582257643695,2.293449,1.919107,-4.2125565299162,6.4013751169983,1,9.7e-12
0.9970880333217068,0.0,0.0024178727309230,0.0000000000000000,0.0078019807625623,0.0000000000000000,8.9446884181604833,3.0000583001619874,2.303086,1.915539,-4.2186249704437,6.4116510796571,1,1.2e-11
0.9970827884250325,0.0,0.0024183258886295,0.0000000000000000,0.0077955058754383,0.0000000000000000,8.9414774805327148,3.0000583762770661,2.313057,1.911865,-4.2249222500501,6.4222533965670,1,1.4e-11
0.9970774978122382,0.0,0.0024188058961596,0.0000000000000000,0.0077888901457584,0.0000000000000000,8.9382033676994226,3.0000584541573421,2.323376,1.908083,-4.2314583839422,6.4331929597053,1,1.3e-11
0.9970721611861905,0.0,0.0024193138144727,0.0000000000000000,0.0077821293512500,0.0000000000000000,8.9348647516480195,3.0000585338522425,2.334056,1.904188,-4.2382438656476,6.4444809721417,1,1.4e-11
0.9970667782559006,0.0,0.0024198507501050,0.0000000000000000,0.0077752190974341,0.0000000000000000,8.9314602748115153,3.0000586154129634,2.345113,1.900176,-4.2452896904356,6.4561289481507,1,1.5e-11
0.9970613487371429,0.0,0.0024204178574923,0.0000000000000000,0.0077681548084374,0.0000000000000000,8.9279885493703457,3.0000586988925537,2.356562,1.896046,-4.2526073795351,6.4681487114503,1,1.5e-11
0.9970558723531086,0.0,0.0024210163414378,0.0000000000000000,0.0077609317171803,0.0000000000000000,8.9244481565344511,3.0000587843460034,2.368417,1.891792,-4.2602090056390,6.4805523923601,1,1.5e-11
0.9970503488351047,0.0,0.0024216474597360,0.0000000000000000,0.0077535448548959,0.0000000000000000,8.9208376458046548,3.0000588718303369,2.380696,1.887411,-4.2681072177972,6.4933524200048,1,1.4e-11
0.9970447779232953,0.0,0.0024223125259647,0.0000000000000000,0.0077459890399232,0.0000000000000000,8.9171555342124300,3.0000589614047133,2.393415,1.882900,-4.2763152699209,6.5065615170176,1,1.3e-11
0.9970391593674907,0.0,0.0024230129124597,0.0000000000000000,0.0077382588657078,0.0000000000000000,8.9134003055369604,3.0000590531305331,2.406594,1.878253,-4.2848470475544,6.5201926867373,1,1.3e-11
0.9970334929279894,0.0,0.0024237500534851,0.0000000000000000,0.0077303486879486,0.0000000000000000,8.9095704094983610,3.0000591470715494,2.420249,1.873468,-4.2937170978603,6.5342592014734,1,1.2e-11
0.9970277783764739,0.0,0.0024245254486168,0.0000000000000000,0.0077222526108117,0.0000000000000000,8.9056642609258194,3.0000592432939923,2.434401,1.868539,-4.3029406583024,6.5487745834056,1,1.1e-11
0.9970220154969671,0.0,0.0024253406663568,0.0000000000000000,0.0077139644721305,0.0000000000000000,8.9016802388992780,3.0000593418666952,2.449071,1.863463,-4.3125336880915,6.5637525849618,1,8.7e-12
0.9970162040868532,0.0,0.0024261973479971,0.0000000000000000,0.0077054778274999,0.0000000000000000,8.8976166858631558,3.0000594428612333,2.464278,1.858235,-4.3225128978393,6.5792071602853,1,9.6e-12
0.9970103439579675,0.0,0.0024270972117562,0.0000000000000000,0.0076967859331629,0.0000000000000000,8.8934719067104897,3.0000595463520714,2.480046,1.852849,-4.3328957836007,6.5951524380399,1,9.6e-12
0.9970044349377623,0.0,0.0024280420572109,0.0000000000000000,0.0076878817275782,0.0000000000000000,8.8892441678356580,3.0000596524167227,2.496398,1.847303,-4.3437006562668,6.6116026795012,1,8.0e-12
0.9969984768705534,0.0,0.0024290337700509,0.0000000000000000,0.0076787578115427,0.0000000000000000,8.8849316961536946,3.0000597611359177,2.513357,1.841590,-4.3549466750447,6.6285722365044,1,5.9e-12
0.9969924696188566,0.0,0.0024300743271855,0.0000000000000000,0.0076694064267304,0.0000000000000000,8.8805326780839771,3.0000598725937864,2.530949,1.835705,-4.3666538790003,6.6460754982959,1,6.4e-12
0.9969864130648183,0.0,0.0024311658022351,0.0000000000000000,0.0076598194324898,0.0000000000000000,8.8760452584958323,3.0000599868780560,2.549200,1.829644,-4.3788432187609,6.6641268304969,1,4.6e-12
0.9969803071117525,0.0,0.0024323103714436,0.0000000000000000,0.0076499882807305,0.0000000000000000,8.8714675396133007,3.0000601040802590,2.568136,1.823400,-4.3915365862261,6.6827405016188,1,4.5e-12
0.9969741516857908,0.0,0.0024335103200547,0.0000000000000000,0.0076399039886981,0.0000000000000000,8.8667975798760246,3.0000602242959640,2.587787,1.816969,-4.4047568441103,6.7019305999309,1,5.5e-12
0.9969679467376574,0.0,0.0024347680491949,0.0000000000000000,0.0076295571094251,0.0000000000000000,8.8620333927528154,3.0000603476250203,2.608183,1.810345,-4.4185278533387,6.7217109363759,1,3.2e-12
0.9969616922445800,0.0,0.0024360860833171,0.0000000000000000,0.0076189376996048,0.0000000000000000,8.8571729455040451,3.0000604741718244,2.629353,1.803522,-4.4328744950878,6.7420949278207,1,3.1e-12
0.9969553882123501,0.0,0.0024374670782608,0.0000000000000000,0.0076080352846182,0.0000000000000000,8.8522141578885503,3.0000606040456068,2.651329,1.796493,-4.4478226930322,6.7630954688921,1,2.7e-12
0.9969490346775470,0.0,0.0024389138299958,0.0000000000000000,0.0075968388203902,0.0000000000000000,8.8471549008101249,3.0000607373607471,2.674146,1.789253,-4.4633994265025,6.7847247764227,1,4.2e-12
0.9969426317099430,0.0,0.0024404292841212,0.0000000000000000,0.0075853366517306,0.0000000000000000,8.8419929948980638,3.0000608742371115,2.697837,1.781795,-4.4796327418485,6.8069942173206,1,2.3e-12
0.9969361794151063,0.0,0.0024420165462044,0.0000000000000000,0.0075735164667470,0.0000000000000000,8.8367262090154544,3.0000610148004268,2.722439,1.774113,-4.4965517488342,6.8299140989935,1,2.1e-12
0.9969296779372245,0.0,0.0024436788930544,0.0000000000000000,0.0075613652468730,0.0000000000000000,8.8313522586879962,3.0000611591826778,2.747987,1.766199,-4.5141866148975,6.8534934399553,1,2.4e-12
0.9969231274621723,0.0,0.0024454197850370,0.0000000000000000,0.0075488692119861,0.0000000000000000,8.8258688044451539,3.0000613075225568,2.774521,1.758047,-4.5325685411030,6.8777396962476,1,2.5e-12
0.9969165282208486,0.0,0.0024472428795560,0.0000000000000000,0.0075360137600128,0.0000000000000000,8.8202734500641551,3.0000614599659428,2.802080,1.749650,-4.5517297231695,6.9026584469070,1,1.5e-12
0.9969098804928160,0.0,0.0024491520458414,0.0000000000000000,0.0075227834003269,0.0000000000000000,8.8145637407059976,3.0000616166664313,2.830705,1.740999,-4.5717032949803,6.9282530340882,1,1.3e-12
0.9969031846102760,0.0,0.0024511513812067,0.0000000000000000,0.0075091616801474,0.0000000000000000,8.8087371609308374,3.0000617777859224,2.860437,1.732087,-4.5925232460244,6.9545241440029,1,1.5e-12
0.9968964409624225,0.0,0.0024532452289631,0.0000000000000000,0.0074951311030121,0.0000000000000000,8.8027911325782089,3.0000619434952611,2.891319,1.722906,-4.6142243114056,6.9814693253363,1,1.3e-12
0.9968896500002171,0.0,0.0024554381982089,0.0000000000000000,0.0074806730382538,0.0000000000000000,8.7967230124950593,3.0000621139749506,2.923395,1.713447,-4.6368418229530,7.0090824284690,1,5.1e-13
0.9968828122416427,0.0,0.0024577351857432,0.0000000000000000,0.0074657676202394,0.0000000000000000,8.7905300900917513,3.0000622894159434,2.956709,1.703703,-4.6604115177731,7.0373529584190,1,1.2e-12
0.9968759282774960,0.0,0.0024601414004020,0.0000000000000000,0.0074503936359125,0.0000000000000000,8.7842095847027188,3.0000624700205138,2.991306,1.693663,-4.6849692933437,7.0662653257846,1,2.0e-12
0.9968689987777924,0.0,0.0024626623901576,0.0000000000000000,0.0074345283989272,0.0000000000000000,8.7777586427242920,3.0000626560032404,3.027231,1.683320,-4.7105508932276,7.0957979727077,1,8.3e-13
0.9968620244988674,0.0,0.0024653040723884,0.0000000000000000,0.0074181476083668,0.0000000000000000,8.7711743344971982,3.0000628475920941,3.064529,1.672662,-4.7371915118856,7.1259223578850,1,9.3e-13
0.9968550062912747,0.0,0.0024680727677972,0.0000000000000000,0.0074012251896564,0.0000000000000000,8.7644536508950281,3.0000630450296657,3.103245,1.661681,-4.7649253007931,7.1566017752330,1,2.3e-12
0.9968479451085984,0.0,0.0024709752385451,0.0000000000000000,0.0073837331148384,0.0000000000000000,8.7575934995724989,3.0000632485745427,3.143420,1.650365,-4.7937847496574,7.1877899720539,1,2.3e-12
0.9968408420173206,0.0,0.0024740187312786,0.0000000000000000,0.0073656411988268,0.0000000000000000,8.7505907008180106,3.0000634585028685,3.185096,1.638704,-4.8237999139605,7.2194295291389,1,1.8e-12
0.9968336982079066,0.0,0.0024772110258619,0.0000000000000000,0.0073469168675620,0.0000000000000000,8.7434419829435512,3.0000636751101042,3.228311,1.626687,-4.8549974542446,7.2514499594902,1,1.1e-12
0.9968265150073127,0.0,0.0024805604907923,0.0000000000000000,0.0073275248931672,0.0000000000000000,8.7361439771306664,3.0000638987130377,3.273099,1.614301,-4.8873994460143,7.2837654726833,1,1.4e-12
0.9968192938931533,0.0,0.0024840761464850,0.0000000000000000,0.0073074270901261,0.0000000000000000,8.7286932116332920,3.0000641296520794,3.319488,1.601534,-4.9210218953321,7.3162723282135,1,1.7e-12
0.9968120365098206,0.0,0.0024877677378763,0.0000000000000000,0.0072865819651926,0.0000000000000000,8.7210861052156208,3.0000643682938968,3.367500,1.588373,-4.9558728941564,7.3488456988081,1,7.1e-13
0.9968047446869139,0.0,0.0024916458181210,0.0000000000000000,0.0072649443120561,0.0000000000000000,8.7133189596743694,3.0000646150344541,3.417146,1.574804,-4.9919503245660,7.3813359372604,1,1.9e-12
0.9967974204604164,0.0,0.0024957218455839,0.0000000000000000,0.0072424647396436,0.0000000000000000,8.7053879512580217,3.0000648703025408,3.468426,1.560813,-5.0292389938477,7.4135641129146,1,8.6e-13
0.9967900660971637,0.0,0.0025000082968655,0.0000000000000000,0.0072190891201787,0.0000000000000000,8.6972891207479783,3.0000651345638811,3.521324,1.546384,-5.0677070484365,7.4453166482928,1,1.7e-12
0.9967826841232827,0.0,0.0025045187993043,0.0000000000000000,0.0071947579395268,0.0000000000000000,8.6890183619046724,3.0000654083259621,3.575802,1.531499,-5.1073014775708,7.4763388452006,1,6.5e-13
0.9967753668920446,0.0,0.0025092094733688,0.0000000000000000,0.0071697178969303,0.0000000000000000,8.6806744295855083,3.0000656886557779,3.631115,1.516331,-5.1474460884843,7.5059726011173,1,7.3e-13
0.9967681762909864,0.0,0.0025140473015440,0.0000000000000000,0.0071441471680360,0.0000000000000000,8.6723273882682292,3.0000659734325255,3.686666,1.501003,-5.1876687898697,7.5336955848853,1,1.9e-11
0.9967611108082077,0.0,0.0025190376920433,0.0000000000000000,0.0071180158522820,0.0000000000000000,8.6639766026592060,3.0000662628736761,3.742302,1.485511,-5.2278127611163,7.5592304364395,1,1.4e-11
0.9967541691683302,0.0,0.0025241865747306,0.0000000000000000,0.0070912915671537,0.0000000000000000,8.6556214048634175,3.0000665572148821,3.797843,1.469853,-5.2676958649139,7.5822697130102,1,9.6e-12
0.9967473503350952,0.0,0.0025295004635356,0.0000000000000000,0.0070639391187525,0.0000000000000000,8.6472610876100422,3.0000668567123396,3.853084,1.454023,-5.3071065734843,7.6024717083029,1,1.1e-11
0.9967406535167921,0.0,0.0025349865298640,0.0000000000000000,0.0070359201167281,0.0000000000000000,8.6388948965156587,3.0000671616455499,3.907783,1.438016,-5.3457991005323,7.6194555091625,1,1.1e-11
0.9967340781749061,0.0,0.0025406526893102,0.0000000000000000,0.0070071925215444,0.0000000000000000,8.6305220211485629,3.0000674723205667,3.961661,1.421827,-5.3834875792743,7.6327951356564,1,3.3e-12
0.9967276240362616,0.0,0.0025465077048247,0.0000000000000000,0.0069777101077405,0.0000000000000000,8.6221415846008984,3.0000677890738539,4.014393,1.405446,-5.4198390439472,7.6420125148882,1,6.7e-12
0.9967212911095426,0.0,0.0025525613099531,0.0000000000000000,0.0069474218243665,0.0000000000000000,8.6137526311904864,3.0000681122768675,4.065600,1.388865,-5.4544649210602,7.6465690447058,1,1.2e-11
0.9967150797068048,0.0,0.0025588243572829,0.0000000000000000,0.0069162710259989,0.0000000000000000,8.6053541118145898,3.0000684423415809,4.114838,1.372072,-5.4869106423979,7.6458553520265,1,1.9e-11
0.9967089904712088,0.0,0.0025653089984700,0.0000000000000000,0.0068841945412462,0.0000000000000000,8.5969448663306203,3.0000687797271612,4.161588,1.355054,-5.5166428633127,7.6391787802319,1,4.8e-12
0.9967030244123745,0.0,0.0025720289044753,0.0000000000000000,0.0068511215340140,0.0000000000000000,8.5885236021468714,3.0000691249481406,4.205238,1.337795,-5.5430336147237,7.6257479529277,1,4.2e-12
0.9966971829514757,0.0,0.0025789995373359,0.0000000000000000,0.0068169720987198,0.0000000000000000,8.5800888679346592,3.0000694785844821,4.245066,1.320275,-5.5653404576096,7.6046535762765,1,1.2e-11
0.9966914679786690,0.0,0.0025862384891248,0.0000000000000000,0.0067816555082337,0.0000000000000000,8.5716390210008377,3.0000698412941342,4.280212,1.302469,-5.5826813866974,7.5748442834095,1,1.6e-11
0.9966858819267372,0.0,0.0025937659093447,0.0000000000000000,0.0067450680041436,0.0000000000000000,8.5631721863212462,3.0000702138288582,4.309655,1.284348,-5.5940027499846,7.5350959008566,1,4.6e-12
0.9966804278661773,0.0,0.0026016050507145,0.0000000000000000,0.0067070899736547,0.0000000000000000,8.5546862044665399,3.0000705970544255,4.332164,1.265873,-5.5980377108898,7.4839718353282,1,6.1e-12
0.9966751096293985,0.0,0.0026097829758112,0.0000000000000000,0.0066675822921775,0.0000000000000000,8.5461785645134309,3.0000709919767794,4.346253,1.246999,-5.5932517099766,7.4197713171815,1,1.1e-11
0.9966699319749867,0.0,0.0026183314866139,0.0000000000000000,0.0066263815086347,0.0000000000000000,8.5376463163339427,3.0000713997764383,4.350108,1.227662,-5.5777697398057,7.3404606334674,1,2.0e-11
0.9966649008086170,0.0,0.0026272883689937,0.0000000000000000,0.0065832933938109,0.0000000000000000,8.5290859540361605,3.0000718218545628,4.341496,1.207782,-5.5492776285352,7.2435801343985,1,7.5e-12
0.9966600234858497,0.0,0.0026366990929989,0.0000000000000000,0.0065380841171666,0.0000000000000000,8.5204932582169857,3.0000722598958873,4.317634,1.187251,-5.5048852790269,7.1261158408963,1,1.2e-11
0.9966553092369027,0.0,0.0026466191901589,0.0000000000000000,0.0064904678970051,0.0000000000000000,8.5118630780180915,3.0000727159567213,4.275014,1.165918,-5.4409327285089,6.9843179896054,1,5.6e-12
0.9966507697787323,0.0,0.0026571176684613,0.0000000000000000,0.0064400892389958,0.0000000000000000,8.5031890228404485,3.0000731925913469,4.209139,1.143568,-5.3527075247936,6.8134373444542,1,1.4e-11
0.9966464202262449,0.0,0.0026682820751334,0.0000000000000000,0.0063864965699757,0.0000000000000000,8.4944630142361408,3.0000736930393845,4.114144,1.119876,-5.2340194253355,6.6073295579095,1,7.1e-12
0.9966422805025086,0.0,0.0026802262909604,0.0000000000000000,0.0063291015880312,0.0000000000000000,8.4856746135295698,3.0000742215141871,3.982208,1.094327,-5.0765353280356,6.3578381116805,1,1.7e-11
0.9966383776278055,0.0,0.0026931030902899,0.0000000000000000,0.0062671136530589,0.0000000000000000,8.4768099742093064,3.0000747836673933,3.802646,1.066043,-4.8686895655336,6.0537859625835,1,1.3e-11
0.9966347496618909,0.0,0.0027071255595762,0.0000000000000000,0.0061994277005619,0.0000000000000000,8.4678501341330517,3.0000753873806802,3.560423,1.033368,-4.5937917068031,5.6792290800826,1,1.3e-11
0.9966314530282013,0.0,0.0027226063517041,0.0000000000000000,0.0061244183875084,0.0000000000000000,8.4587680732295230,3.0000760442156311,3.233780,0.992708,-4.2264878837920,5.2101991395898,1,1.7e-11
0.9966285775589763,0.0,0.0027400368192320,0.0000000000000000,0.0060395240692111,0.0000000000000000,8.4495232843256645,3.0000767723329922,2.791040,0.934419,-3.7254589753970,4.6080013798271,1,1.9e-11
0.9966262820525782,0.0,0.0027602691716441,0.0000000000000000,0.0059402861573083,0.0000000000000000,8.4400508594110342,3.0000776032005980,2.194263,0.821870,-3.0161331997311,3.8033987638279,1,9.1e-12
0.9966261585358738,0.0,0.0027617212294432,0.0000000000000000,0.0059331317756504,0.0000000000000000,8.4394218700232972,3.0000776622650847,2.149658,0.809922,-2.9595798873793,3.7410545662174,1,8.9e-12
0.9966260363226985,0.0,0.0027632247301731,0.0000000000000000,0.0059257191176902,0.0000000000000000,8.4387776859515107,3.0000777233440594,2.103512,0.796683,-2.9001946924395,3.6758319041240,1,1.2e-11
0.9966259157629596,0.0,0.0027647825364766,0.0000000000000000,0.0059180334962322,0.0000000000000000,8.4381178255372564,3.0000777865458059,2.055833,0.781936,-2.8377688626111,3.6075301734146,1,1.7e-11
0.9966257972497742,0.0,0.0027663977705688,0.0000000000000000,0.0059100588723855,0.0000000000000000,8.4374417799693973,3.0000778519882689,2.006654,0.765418,-2.7720716341531,3.5359281990958,1,8.5e-12
0.9966256812257210,0.0,0.0027680738491365,0.0000000000000000,0.0059017776724611,0.0000000000000000,8.4367490104172074,3.0000779198003471,1.956043,0.746804,-2.7028470646897,3.4607812876196,1,1.3e-11
0.9966255681902646,0.0,0.0027698145243784,0.0000000000000000,0.0058931705724631,0.0000000000000000,8.4360389447075352,3.0000779901234140,1.904106,0.725704,-2.6298102781379,3.3818178062889,1,1.8e-11
0.9966254587086110,0.0,0.0027716239329060,0.0000000000000000,0.0058842162411865,0.0000000000000000,8.4353109734607941,3.0000780631131239,1.851005,0.701638,-2.5526429783544,3.2987350166093,1,9.5e-12
0.9966253534223541,0.0,0.0027735066542446,0.0000000000000000,0.0058748910326770,0.0000000000000000,8.4345644455679984,3.0000781389415829,1.796967,0.674022,-2.4709880434156,3.2111940864323,1,1.5e-11
0.9966252530623823,0.0,0.0027754677811495,0.0000000000000000,0.0058651686162784,0.0000000000000000,8.4337986628598038,3.0000782177999459,1.742292,0.642151,-2.3844429838000,3.1188141100215,1,7.2e-12
0.9966251584646268,0.0,0.0027775130052503,0.0000000000000000,0.0058550195258111,0.0000000000000000,8.4330128737941124,3.0000782999015843,1.687371,0.605181,-2.2925519500298,3.0211646903020,1,1.3e-11
0.9966250705894815,0.0,0.0027796487217187,0.0000000000000000,0.0058444106081501,0.0000000000000000,8.4322062659162569,3.0000783854859576,1.632678,0.562117,-2.1947958665999,2.9177569599474,1,8.6e-12
0.9966249905459524,0.0,0.0027818821589249,0.0000000000000000,0.0058333043397387,0.0000000000000000,8.4313779568008496,3.0000784748234017,1.578768,0.511812,-2.0905801833878,2.8080322327819,1,1.5e-11
0.9966249196220379,0.0,0.0027842215401818,0.0000000000000000,0.0058216579732613,0.0000000000000000,8.4305269830701892,3.0000785682211051,1.526247,0.452973,-1.9792194495641,2.6913479437272,1,1.2e-11
0.9966248593233695,0.0,0.0027866762883260,0.0000000000000000,0.0058094224575546,0.0000000000000000,8.4296522869827104,3.0000786660306598,1.475728,0.384190,-1.8599177104853,2.5669596036158,1,2.0e-11
0.9966248114230218,0.0,0.0027892572871594,0.0000000000000000,0.0057965410561669,0.0000000000000000,8.4287526998904774,3.0000787686577097,1.427775,0.303968,-1.7317432590273,2.4339977316618,1,1.6e-11
0.9966247780266236,0.0,0.0027919772207735,0.0000000000000000,0.0057829475529654,0.0000000000000000,8.4278269216529011,3.0000788765744626,1.382843,0.210752,-1.5935956551212,2.2914376031552,1,1.4e-11
0.9966247616588576,0.0,0.0027948510202191,0.0000000000000000,0.0057685638879610,0.0000000000000000,8.4268734947361335,3.0000789903361569,1.341227,0.102935,-1.4441619631955,2.1380592794449,1,1.2e-11
0.9966247653804434,0.0,0.0027978964620953,0.0000000000000000,0.0057532969861389,0.0000000000000000,8.4258907712750837,3.0000791106031031,1.303044,-0.021186,-1.2818576649969,1.9723935831035,1,1.4e-11
0.9966247929495916,0.0,0.0028011349863389,0.0000000000000000,0.0057370344207286,0.0000000000000000,8.4248768706882000,3.0000792381707915,1.268241,-0.163496,-1.1047452453936,1.7926478019273,1,1.6e-11
0.9966248490500479,0.0,0.0028045928385924,0.0000000000000000,0.0057196383487850,0.0000000000000000,8.4238296244674089,3.0000793740118969,1.236628,-0.326209,-0.9104194702096,1.5966010224424,1,1.1e-11
0.9966249396218778,0.0,0.0028083027073576,0.0000000000000000,0.0057009368101321,0.0000000000000000,8.4227465033789191,3.0000795193364427,1.207918,-0.512077,-0.6958413844330,1.3814528810138,1,1.6e-11
0.9966250723563564,0.0,0.0028123061406325,0.0000000000000000,0.0056807108672621,0.0000000000000000,8.4216245203588365,3.0000796756805070,1.181769,-0.724678,-0.4570907315506,1.1435982188256,1,1.4e-11
0.9966252574638758,0.0,0.0028166572404904,0.0000000000000000,0.0056586749171932,0.0000000000000000,8.4204600998928676,3.0000798450416961,1.157812,-0.968829,-0.1889831174819,0.8782789820811,1,1.8e-11
0.9966255089185345,0.0,0.0028214285513066,0.0000000000000000,0.0056344452640003,0.0000000000000000,8.4192489021473094,3.0000800300947748,-1.251221,1.135673,0.1155479060773,0.5790230999145,1,1.8e-11
0.9966258465851663,0.0,0.0028267209323172,0.0000000000000000,0.0056074873305314,0.0000000000000000,8.4179855908180130,3.0000802345526631,-1.581477,1.114976,0.4665018266385,0.2366913865008,1,1.3e-11
0.9966263001022463,0.0,0.0028326811840076,0.0000000000000000,0.0055770212112747,0.0000000000000000,8.4166635510090320,3.0000804638098280,-1.974054,1.095335,0.8787188820726,-0.1622499453625,1,1.7e-11
0.9966269165936202,0.0,0.0028395361415178,0.0000000000000000,0.0055418385234832,0.0000000000000000,8.4152746552458826,3.0000807261840445,-2.451973,1.076330,1.3756433523857,-0.6391309291845,1,2.0e-11
0.9966277777937999,0.0,0.0028476659524941,0.0000000000000000,0.0054999074899748,0.0000000000000000,8.4138096116909455,3.0000810355779866,-3.055056,1.057445,1.9976115668784,-1.2305539926392,1,1.5e-11
0.9966290444540017,0.0,0.0028577861410241,0.0000000000000000,0.0054473874533399,0.0000000000000000,8.4122617018493706,3.0000814180673179,-3.861053,1.037936,2.8231168532155,-2.0075262213713,1,1.5e-11
0.9966298074926571,0.0,0.0028631851180561,0.0000000000000000,0.0054192168772031,0.0000000000000000,8.4115610065027777,3.0000816209327716,-4.316455,1.028904,3.2875510950221,-2.4412156517518,1,1.2e-11
0.9966307975110098,0.0,0.0028696324994586,0.0000000000000000,0.0053854330373790,0.0000000000000000,8.4108383458703155,3.0000818621220984,-4.883874,1.019115,3.8647596545640,-2.9772287125535,1,1.4e-11
0.9966321543730401,0.0,0.0028776898237613,0.0000000000000000,0.0053429881742025,0.0000000000000000,8.4101100523438230,3.0000821619168447,-5.629772,1.008157,4.6216149751133,-3.6756914252522,1,1.3e-11
0.9966341732555650,0.0,0.0028884574172089,0.0000000000000000,0.0052858615556210,0.0000000000000000,8.4094407989784283,3.0000825597761596,-6.692109,0.995319,5.6967893143266,-4.6607845947100,1,1.4e-11
0.9966373731203063,0.0,0.0029034549340556,0.0000000000000000,0.0052054854842437,0.0000000000000000,8.4090912987903934,3.0000831087077109,-8.301585,0.980178,7.3214069986589,-6.1370309110300,1,1.5e-11
0.9966415562409426,0.0,0.0029205146497263,0.0000000000000000,0.0051128455741501,0.0000000000000000,8.4095263268178222,3.0000837258418001,-10.325564,0.966016,9.3595474174586,-7.9746612537549,1,1.3e-11
0.9966448031530342,0.0,0.0029323770478525,0.0000000000000000,0.0050476227014397,0.0000000000000000,8.4103579675996656,3.0000841504581270,-11.860613,0.957752,10.9028607948513,-9.3595250553793,1,1.5e-11
0.9966472738435659,0.0,0.0029407916155194,0.0000000000000000,0.0050009358997114,0.0000000000000000,8.4112146559072922,3.0000844494384529,-13.015868,0.952581,12.0632869172563,-10.3986753262793,1,1.0e-11
0.9966493205850564,0.0,0.0029474288038548,0.0000000000000000,0.0049638551854903,0.0000000000000000,8.4120483786906810,3.0000846839727440,-13.967218,0.948879,13.0183391743785,-11.2531982022652,1,1.0e-11
0.9966511108322764,0.0,0.0029530171330131,0.0000000000000000,0.0049324548116477,0.0000000000000000,8.4128594467078859,3.0000848805622682,-14.796334,0.946006,13.8503274246764,-11.9974214759288,1,9.9e-12
0.9966527303404743,0.0,0.0029579153354230,0.0000000000000000,0.0049047942496926,0.0000000000000000,8.4136530856991492,3.0000850522124178,-15.544614,0.943666,14.6009488157899,-12.6689183019524,1,1.0e-11
0.9966542284704857,0.0,0.0029623246897731,0.0000000000000000,0.0048797818666715,0.0000000000000000,8.4144341495850341,3.0000852062036345,-16.235739,0.941697,15.2940426110803,-13.2891436426843,1,9.5e-12
0.9966556362805188,0.0,0.0029663694182283,0.0000000000000000,0.0048567425657644,0.0000000000000000,8.4152065582884550,3.0000853470212041,-16.884540,0.940003,15.9445366731485,-13.8715226181403,1,1.0e-11
0.9966569746525659,0.0,0.0029701317225717,0.0000000000000000,0.0048352288273021,0.0000000000000000,8.4159734241205904,3.0000854776287857,-17.500954,0.938523,16.5624313187900,-14.4250458522449,1,1.0e-11
0.9966582583561217,0.0,0.0029736689403022,0.0000000000000000,0.0048149279930967,0.0000000000000000,8.4167372430338325,3.0000856000908773,-18.091993,0.937213,17.1547796761563,-14.9560544395448,1,9.4e-12
0.9966594982617254,0.0,0.0029770227407182,0.0000000000000000,0.0047956124900665,0.0000000000000000,8.4175000511454900,3.0000857159060073,-18.662806,0.936044,17.7267615426901,-15.4692069191662,1,1.4e-11
0.9966607026313428,0.0,0.0029802244164911,0.0000000000000000,0.0047771111510711,0.0000000000000000,8.4182635403279455,3.0000858261982337,-19.217300,0.934993,18.2823071089150,-15.9680405481249,1,1.0e-11
0.9966618779129068,0.0,0.0029832981064362,0.0000000000000000,0.0047592917290025,0.0000000000000000,8.4190291418174237,3.0000859318336546,-19.758523,0.934043,18.8244798605959,-16.4553154964884,1,1.3e-11
0.9966630292519189,0.0,0.0029862628512224,0.0000000000000000,0.0047420497324217,0.0000000000000000,8.4197980868947759,3.0000860334946653,-20.288904,0.933182,19.3557224656484,-16.9332359624407,1,7.0e-12
0.9966641608334614,0.0,0.0029891339562585,0.0000000000000000,0.0047253010175514,0.0000000000000000,8.4205714514301686,3.0000861317291512,-20.810419,0.932398,19.8780208069831,-17.4035973834264,1,1.2e-11
0.9966652761180889,0.0,0.0029919239248466,0.0000000000000000,0.0047089767122777,0.0000000000000000,8.4213501890555857,3.0000862269841462,-21.324701,0.931684,20.3930168591328,-17.8678879558413,1,7.7e-12
0.9966663780090752,0.0,0.0029946431153141,0.0000000000000000,0.0046930196390582,0.0000000000000000,8.4221351562267337,3.0000863196295176,-21.833122,0.931033,20.9020886069429,-18.3273602250055,1,6.6e-12
0.9966674689737077,0.0,0.0029973002147610,0.0000000000000000,0.0046773817344733,0.0000000000000000,8.4229271314359107,3.0000864099750362,-22.336847,0.930439,21.4064078820906,-18.7830831189113,1,6.8e-12
0.9966685511331224,0.0,0.0029999025879507,0.0000000000000000,0.0046620221476986,0.0000000000000000,8.4237268301380599,3.0000864982829349,-22.836882,0.929898,21.9069831578484,-19.2359802926207,1,8.2e-12
0.9966696263300271,0.0,0.0030024565389702,0.0000000000000000,0.0046469058135985,0.0000000000000000,8.4245349164957783,3.0000865847773306,-23.334098,0.929406,22.4046917505665,-19.6868590790581,1,7.9e-12
0.9966706961805805,0.0,0.0030049675107033,0.0000000000000000,0.0046320023643571,0.0000000000000000,8.4253520127312260,3.0000866696513939,-23.829264,0.928960,22.9003044743856,-20.1364325742881,1,8.5e-12
0.9966717621147048,0.0,0.0030074402391266,0.0000000000000000,0.0046172852871715,0.0000000000000000,8.4261787066552447,3.0000867530728983,-24.323061,0.928557,23.3945047615317,-20.5853368461231,1,1.1e-11
0.9966728254078078,0.0,0.0030098788742142,0.0000000000000000,0.0046027312638996,0.0000000000000000,8.4270155577923020,3.0000868351885690,-24.816097,0.928194,23.8879037083236,-21.0341444430559,1,6.3e-12
0.9966738872060724,0.0,0.0030122870758839,0.0000000000000000,0.0045883196467299,0.0000000000000000,8.4278631024099617,3.0000869161275250,-25.308921,0.927869,24.3810520391977,-21.4833751429353,1,9.1e-12
0.9966749485467469,0.0,0.0030146680907632,0.0000000000000000,0.0045740320385290,0.0000000000000000,8.4287218576907943,3.0000869960040384,-25.802032,0.927582,24.8744497197707,-21.9335046518614,1,6.3e-12
0.9966760103747032,0.0,0.0030170248144915,0.0000000000000000,0.0045598519520017,0.0000000000000000,8.4295923252172393,3.0000870749197701,-26.295884,0.927330,25.3685537793505,-22.3849716050323,1,6.7e-12
0.9966770735559448,0.0,0.0030193598424492,0.0000000000000000,0.0045457645320996,0.0000000000000000,8.4304749939125028,3.0000871529655901,-26.790897,0.927113,25.8637847018849,-22.8381833518851,1,1.1e-11
0.9966781388888000,0.0,0.0030216755116018,0.0000000000000000,0.0045317563268883,0.0000000000000000,8.4313703425380346,3.0000872302230790,-27.287460,0.926928,26.3605317002279,-23.2935207913511,1,7.9e-12
0.9966792071132632,0.0,0.0030239739352581,0.0000000000000000,0.0045178150970866,0.0000000000000000,8.4322788418311170,3.0000873067657712,-27.785933,0.926776,26.8591571318537,-23.7513422953693,1,1.2e-11
0.9966802789187512,0.0,0.0030262570319459,0.0000000000000000,0.0045039296578373,0.0000000000000000,8.4332009563515111,3.0000873826601944,-28.286656,0.926656,27.3600001636551,-24.2119871089208,1,6.6e-12
0.9966813549507426,0.0,0.0030285265498971,0.0000000000000000,0.0044900897443431,0.0000000000000000,8.4341371460819214,3.0000874579667434,-28.789946,0.926566,27.8633798905496,-24.6757781778030,1,3.3e-12
0.9966824358163401,0.0,0.0030307840876001,0.0000000000000000,0.0044762858990924,0.0000000000000000,8.4350878678308856,3.0000875327404186,-29.296104,0.926506,28.3695979699586,-25.1430245655974,1,8.2e-12
0.9966835220890330,0.0,0.0030330311113144,0.0000000000000000,0.0044625093756784,0.0000000000000000,8.4360535764677547,3.0000876070314488,-29.805418,0.926477,28.8789408575005,-25.6140235966540,1,4.4e-12
0.9966846143128233,0.0,0.0030352689701285,0.0000000000000000,0.0044487520559902,0.0000000000000000,8.4370347260163889,3.0000876808858354,-30.318158,0.926477,29.3916817583357,-26.0890625636766,1,2.4e-12
0.9966857130057356,0.0,0.0030374989087968,0.0000000000000000,0.0044350063796238,0.0000000000000000,8.4380317706330210,3.0000877543458069,-30.834588,0.926506,29.9080822788753,-26.5684203478832,1,8.1e-12
0.9966868186628640,0.0,0.0030397220788340,0.0000000000000000,0.0044212652828147,0.0000000000000000,8.4390451654845062,3.0000878274502165,-31.354958,0.926564,30.4283938581925,-27.0523688261490,1,4.0e-12
0.9966879317590611,0.0,0.0030419395482086,0.0000000000000000,0.0044075221449815,0.0000000000000000,8.4400753675411941,3.0000879002348912,-31.879510,0.926651,30.9528590463545,-27.5411739711268,1,2.6e-12
0.9966890527512442,0.0,0.0030441523096904,0.0000000000000000,0.0043937707426968,0.0000000000000000,8.4411228362998170,3.0000879727329246,-32.408479,0.926767,31.4817125768810,-28.0350970085105,1,1.1e-11
0.9966901820804183,0.0,0.0030463612881468,0.0000000000000000,0.0043800052094112,0.0000000000000000,8.4421880344452660,3.0000880449749432,-32.942094,0.926911,32.0151823305579,-28.5343953713082,1,5.0e-12
0.9966913201735014,0.0,0.0030485673470242,0.0000000000000000,0.0043662199995773,0.0000000000000000,8.4432714284590134,3.0000881169893319,-33.480575,0.927085,32.5534901897920,-29.0393234793834,1,2.7e-12
0.9966924674448886,0.0,0.0030507712939549,0.0000000000000000,0.0043524098576252,0.0000000000000000,8.4443734891844304,3.0000881888024362,-34.024140,0.927287,33.0968527798089,-29.5501335584437,1,1.2e-11
0.9966936242978367,0.0,0.0030529738857024,0.0000000000000000,0.0043385697905724,0.0000000000000000,8.4454946923538508,3.0000882604387380,-34.573000,0.927518,33.6454821205483,-30.0670763704297,1,7.2e-12
0.9966947911257498,0.0,0.0030551758326426,0.0000000000000000,0.0043246950430878,0.0000000000000000,8.4466355190812816,3.0000883319210154,-35.127364,0.927778,34.1995862282811,-30.5904017644941,1,4.6e-12
0.9966959683132591,0.0,0.0030573778026135,0.0000000000000000,0.0043107810761157,0.0000000000000000,8.4477964563288470,3.0000884032704782,-35.687437,0.928068,34.7593696294754,-31.1203593246623,1,3.5e-12
0.9966971562372298,0.0,0.0030595804244176,0.0000000000000000,0.0042968235473455,0.0000000000000000,8.4489779973478871,3.0000884745068928,-36.253421,0.928387,35.3250338269639,-31.6571988947109,1,1.2e-11
0.9966983552676226,0.0,0.0030617842908718,0.0000000000000000,0.0042828182942197,0.0000000000000000,8.4501806421003245,3.0000885456486883,-36.825513,0.928736,35.8967777179558,-32.2011711028711,1,8.3e-12
0.9966995657683330,0.0,0.0030639899616534,0.0000000000000000,0.0042687613179581,0.0000000000000000,8.4514048976606375,3.0000886167130609,-37.403913,0.929115,36.4747979801951,-32.7525277577280,1,4.5e-12
0.9967007880978781,0.0,0.0030661979657219,0.0000000000000000,0.0042546487700232,0.0000000000000000,8.4526512786044012,3.0000886877160551,-37.988814,0.929524,37.0592893929522,-33.3115223581829,1,3.1e-12
0.9967020226100515,0.0,0.0030684088035585,0.0000000000000000,0.0042404769395230,0.0000000000000000,8.4539203073829956,3.0000887586726450,-38.580410,0.929964,37.6504451492614,-33.8784104913447,1,1.9e-12
0.9967032696545133,0.0,0.0030706229491759,0.0000000000000000,0.0042262422418881,0.0000000000000000,8.4552125146874548,3.0000888295968049,-39.178893,0.930436,38.2484571297673,-34.4534502067295,1,1.0e-11
0.9967045295772939,0.0,0.0030728408518751,0.0000000000000000,0.0042119412089797,0.0000000000000000,8.4565284398037708,3.0000889005015674,-39.784455,0.930939,38.8535161402833,-35.0369024530485,1,8.4e-12
0.9967058027213120,0.0,0.0030750629379379,0.0000000000000000,0.0041975704794563,0.0000000000000000,8.4578686309592044,3.0000889713990881,-40.397286,0.931474,39.4658121478847,-35.6290313727665,1,4.7e-12
0.9967070894267803,0.0,0.0030772896120435,0.0000000000000000,0.0041831267907693,0.0000000000000000,8.4592336456637476,3.0000890423006892,-41.017576,0.932042,40.0855344741271,-36.2301046866066,1,3.6e-12
0.9967083900316079,0.0,0.0030795212586085,0.0000000000000000,0.0041686069715217,0.0000000000000000,8.4606240510457376,3.0000891132169087,-41.645515,0.932643,40.7128719762990,-36.8403940558918,1,2.2e-12
0.9967097048717593,0.0,0.0030817582429883,0.0000000000000000,0.0041540079346070,0.0000000000000000,8.4620404241836553,3.0000891841575439,-42.281291,0.933277,41.3480132158925,-37.4601753935830,1,1.6e-12
0.9967110342815848,0.0,0.0030840009125745,0.0000000000000000,0.0041393266709190,0.0000000000000000,8.4634833524348210,3.0000892551316825,-42.925093,0.933946,41.9911466081347,-38.0897291855762,1,1.1e-11
0.9967123785940970,0.0,0.0030862495977471,0.0000000000000000,0.0041245602439098,0.0000000000000000,8.4649534337624281,3.0000893261477408,-43.577110,0.934650,42.6424605405572,-38.7293409032451,1,8.2e-12
0.9967137381412747,0.0,0.0030885046128311,0.0000000000000000,0.0041097057840318,0.0000000000000000,8.4664512770602016,3.0000893972134932,-44.237533,0.935389,43.3021435206925,-39.3793011825384,1,4.8e-12
0.9967151132542855,0.0,0.0030907662568717,0.0000000000000000,0.0040947604842960,0.0000000000000000,8.4679775024775115,3.0000894683361001,-44.906549,0.936164,43.9703842586647,-40.0399062708154,1,3.1e-12
0.9967165042637154,0.0,0.0030930348143879,0.0000000000000000,0.0040797215958907,0.0000000000000000,8.4695327417439366,3.0000895395221310,-45.584348,0.936976,44.6473717807269,-40.7114582874023,1,2.8e-12
0.9967179114997737,0.0,0.0030953105560510,0.0000000000000000,0.0040645864242511,0.0000000000000000,8.4711176384945581,3.0000896107775863,-46.271122,0.937826,45.3332955064677,-41.3942655797771,1,2.0e-12
0.9967193352924775,0.0,0.0030975937392998,0.0000000000000000,0.0040493523254719,0.0000000000000000,8.4727328485964399,3.0000896821079186,-46.967059,0.938714,46.0283453259081,-42.0886430471865,1,2.0e-12
0.9967207759718202,0.0,0.0030998846089045,0.0000000000000000,0.0040340167030282,0.0000000000000000,8.4743790404767712,3.0000897535180511,-47.672353,0.939641,46.7327116754893,-42.7949124419840,1,1.7e-12
0.9967222338679236,0.0,0.0031021833974789,0.0000000000000000,0.0040185770047856,0.0000000000000000,8.4760568954531728,3.0000898250123913,-48.387194,0.940608,47.4465855802288,-43.5134027703184,1,4.3e-12
0.9967237093111813,0.0,0.0031044903259584,0.0000000000000000,0.0040030307202060,0.0000000000000000,8.4777671080664856,3.0000898965948473,-49.111775,0.941616,48.1701587276317,-44.2444505299975,1,1.2e-11
0.9967252026323588,0.0,0.0031068056039900,0.0000000000000000,0.0039873753781080,0.0000000000000000,8.4795103864170294,3.0000899682688393,-49.846289,0.942666,48.9036234844538,-44.9884002168742,1,1.1e-11
0.9967267141627414,0.0,0.0031091294303813,0.0000000000000000,0.0039716085440095,0.0000000000000000,8.4812874525032917,3.0000900400373118,-50.590931,0.943758,49.6471729527195,-45.7456045272252,1,1.0e-11
0.9967282442342080,0.0,0.0031114619934170,0.0000000000000000,0.0039557278183269,0.0000000000000000,8.4830990425653354,3.0000901119027428,-51.345895,0.944894,50.4010009853708,-46.5164248286660,1,7.7e-12
0.9967297931793262,0.0,0.0031138034711967,0.0000000000000000,0.0039397308344290,0.0000000000000000,8.4849459074317970,3.0000901838671528,-52.111376,0.946074,51.1653022217796,-47.3012314588202,1,7.2e-12
0.9967313613314291,0.0,0.0031161540319330,0.0000000000000000,0.0039236152569338,0.0000000000000000,8.4868288128714031,3.0000902559321134,-52.887572,0.947300,51.9402720901448,-48.1004041924477,1,6.8e-12
0.9967329490246837,0.0,0.0031185138342252,0.0000000000000000,0.0039073787801674,0.0000000000000000,8.4887485399492260,3.0000903280987510,-53.674679,0.948573,52.7261068228074,-48.9143325973337,1,6.3e-12
0.9967345565941486,0.0,0.0031208830273104,0.0000000000000000,0.0038910191267753,0.0000000000000000,8.4907058853879622,3.0000904003677555,-54.472896,0.949893,53.5230034538001,-49.7434164896185,1,4.7e-12
0.9967361843758235,0.0,0.0031232617512927,0.0000000000000000,0.0038745340464740,0.0000000000000000,8.4927016619345341,3.0000904727393829,-55.282422,0.951262,54.3311598328621,-50.5880662854604,1,4.5e-12
0.9967378327066905,0.0,0.0031256501373553,0.0000000000000000,0.0038579213149350,0.0000000000000000,8.4947366987323090,3.0000905452134616,-56.103456,0.952681,55.1507746032716,-51.4487035175962,1,5.5e-12
0.9967395019247466,0.0,0.0031280483079537,0.0000000000000000,0.0038411787327934,0.0000000000000000,8.4968118416991736,3.0000906177893900,-56.936199,0.954152,55.9820471808206,-52.3257613351789,1,4.3e-12
0.9967411923690290,0.0,0.0031304563769962,0.0000000000000000,0.0038243041247728,0.0000000000000000,8.4989279539117586,3.0000906904661457,-57.780852,0.955674,56.8251777603954,-53.2196848673304,1,4.0e-12
0.9967429043796334,0.0,0.0031328744500084,0.0000000000000000,0.0038072953389195,0.0000000000000000,8.5010859159960734,3.0000907632422820,-58.637618,0.957251,57.6803672737387,-54.1309318205999,1,3.5e-12
0.9967446382977247,0.0,0.0031353026242875,0.0000000000000000,0.0037901502459402,0.0000000000000000,8.5032866265247815,3.0000908361159309,-59.506701,0.958883,58.5478173633927,-55.0599729846592,1,3.1e-12
0.9967463944655413,0.0,0.0031377409890452,0.0000000000000000,0.0037728667386398,0.0000000000000000,8.5055310024213906,3.0000909090848009,-60.388302,0.960572,59.4277303538885,-56.0072927667054,1,2.7e-12
0.9967481732263932,0.0,0.0031401896255419,0.0000000000000000,0.0037554427314482,0.0000000000000000,8.5078199793716021,3.0000909821461823,-61.282627,0.962318,60.3203092072660,-56.9733897880678,1,2.9e-12
0.9967499749246539,0.0,0.0031426486072122,0.0000000000000000,0.0037378761600404,0.0000000000000000,8.5101545122420514,3.0000910552969398,-62.189882,0.964124,61.2257574881473,-57.9587774591766,1,2.4e-12
0.9967517999057466,0.0,0.0031451179997849,0.0000000000000000,0.0037201649810350,0.0000000000000000,8.5125355755067034,3.0000911285335152,-63.110271,0.965991,62.1442793038342,-58.9639846514262,1,1.9e-12
0.9967536485161240,0.0,0.0031475978613968,0.0000000000000000,0.0037023071717786,0.0000000000000000,8.5149641636811264,3.0000912018519217,-64.044001,0.967921,63.0760792660752,-59.9895563163248,1,2.7e-12
0.9967555211032445,0.0,0.0031500882427028,0.0000000000000000,0.0036843007302014,0.0000000000000000,8.5174412917648965,3.0000912752477484,-64.991278,0.969916,64.0213624258676,-61.0360541934883,1,2.8e-12
0.9967574180155415,0.0,0.0031525891869825,0.0000000000000000,0.0036661436747488,0.0000000000000000,8.5199679956923724,3.0000913487161487,-65.952310,0.971976,64.9803342158836,-62.1040575633479,1,2.7e-12
0.9967593396023895,0.0,0.0031551007302452,0.0000000000000000,0.0036478340443824,0.0000000000000000,8.5225453327920846,3.0000914222518427,-66.927305,0.974104,65.9532003800472,-63.1941640114633,1,2.3e-12
0.9967612862140700,0.0,0.0031576229013409,0.0000000000000000,0.0036293698985976,0.0000000000000000,8.5251743822549209,3.0000914958491149,-67.916469,0.976302,66.9401669143579,-64.3069901994372,1,1.1e-11
0.9967632582017071,0.0,0.0031601557220373,0.0000000000000000,0.0036107493177543,0.0000000000000000,8.5278562456116678,3.0000915695018029,-68.920012,0.978572,67.9414399869013,-65.4431728073350,1,1.2e-11
0.9967652559172528,0.0,0.0031626992071671,0.0000000000000000,0.0035919704029697,0.0000000000000000,8.5305920472193772,3.0000916432032994,-69.938141,0.980915,68.9572258611821,-66.6033693536110,1,1.2e-11
0.9967672797134087,0.0,0.0031652533647009,0.0000000000000000,0.0035730312766256,0.0000000000000000,8.5333829347578973,3.0000917169465451,-70.971065,0.983334,69.9877308224633,-67.7882591948642,1,3.8e-12
0.9967693299436043,0.0,0.0031678181959000,0.0000000000000000,0.0035539300823786,0.0000000000000000,8.5362300797356827,3.0000917907240243,-72.018992,0.985831,71.0331610930928,-68.9985444423096,1,7.2e-12
0.9967713655618594,0.0,0.0031703425811577,0.0000000000000000,0.0035350481559553,0.0000000000000000,8.5390765836319122,3.0000918630657885,-73.060925,0.988356,72.0725688965529,-70.2102044652320,1,3.2e-12
0.9967733869843185,0.0,0.0031728279112239,0.0000000000000000,0.0035163781588259,0.0000000000000000,8.5419225493441999,3.0000919340202401,-74.097015,0.990909,73.1061063805955,-71.4233994797323,1,1.7e-12
0.9967753946040454,0.0,0.0031752754987969,0.0000000000000000,0.0034979131754512,0.0000000000000000,8.5447680731141791,3.0000920036330188,-75.127406,0.993489,74.1339166601685,-72.6382824670059,1,4.0e-12
0.9967773887928677,0.0,0.0031776865846903,0.0000000000000000,0.0034796466795228,0.0000000000000000,8.5476132450945350,3.0000920719472228,-76.152231,0.996097,75.1561345879541,-73.8549998009485,1,3.3e-12
0.9967793699030344,0.0,0.0031800623433817,0.0000000000000000,0.0034615725036035,0.0000000000000000,8.5504581498568548,3.0000921390036064,-77.171618,0.998731,76.1728874402545,-75.0736918512534,1,1.2e-11
0.9967813382686873,0.0,0.0031824038879911,0.0000000000000000,0.0034436848119611,0.0000000000000000,8.5533028668477566,3.0000922048407528,-78.185687,1.001392,77.1842955265293,-76.2944936345325,1,9.4e-12
0.9967832942072421,0.0,0.0031847122748435,0.0000000000000000,0.0034259780755516,0.0000000000000000,8.5561474707989387,3.0000922694952368,-79.194551,1.004078,78.1904727538836,-77.5175351498774,1,4.8e-12
0.9967852380205868,0.0,0.0031869885075423,0.0000000000000000,0.0034084470498314,0.0000000000000000,8.5589920320973807,3.0000923330017715,-80.198318,1.006791,79.1915271321983,-78.7429418943275,1,3.9e-12
0.9967871699961985,0.0,0.0031892335407025,0.0000000000000000,0.0033910867543560,0.0000000000000000,8.5618366171196971,3.0000923953933376,-81.197090,1.009529,80.1875612125089,-79.9708353134679,1,2.8e-12
0.9967890904081527,0.0,0.0031914482833417,0.0000000000000000,0.0033738924542733,0.0000000000000000,8.5646812885349508,3.0000924567013048,-82.190965,1.012293,81.1786725093577,-81.2013331186213,1,2.7e-12
0.9967909995180445,0.0,0.0031936336019736,0.0000000000000000,0.0033568596434496,0.0000000000000000,8.5675261055794092,3.0000925169555410,-83.180036,1.015082,82.1649538709169,-82.4345496186647,1,2.3e-12
0.9967928975758296,0.0,0.0031957903234331,0.0000000000000000,0.0033399840290632,0.0000000000000000,8.5703711243063108,3.0000925761845130,-84.164390,1.017896,83.1464938125157,-83.6705960772383,1,2.4e-12
0.9967947848205935,0.0,0.0031979192374642,0.0000000000000000,0.0033232615175019,0.0000000000000000,8.5732163978133009,3.0000926344153771,-85.144112,1.020735,84.1233768351160,-84.9095809239657,1,2.2e-12
0.9967966614812571,0.0,0.0032000210990912,0.0000000000000000,0.0033066882014421,0.0000000000000000,8.5760619764499246,3.0000926916740633,-86.119283,1.023599,85.0956836981992,-86.1516100482227,1,1.9e-12
0.9967985277772250,0.0,0.0032020966307984,0.0000000000000000,0.0032902603479838,0.0000000000000000,8.5789079080072135,3.0000927479853545,-87.089979,1.026488,86.0634916817390,-87.3967870282363,1,1.9e-12
0.9968003839189796,0.0,0.0032041465245337,0.0000000000000000,0.0032739743877399,0.0000000000000000,8.5817542378912055,3.0000928033729544,-88.056276,1.029401,87.0268748192429,-88.6452133440416,1,2.2e-12
0.9968022301086312,0.0,0.0032061714435561,0.0000000000000000,0.0032578269047904,0.0000000000000000,8.5846010092819931,3.0000928578595540,-89.018243,1.032339,87.9859041194798,-89.8969885459687,1,2.0e-12
0.9968040665404231,0.0,0.0032081720241392,0.0000000000000000,0.0032418146274139,0.0000000000000000,8.5874482632797395,3.0000929114668931,-89.975949,1.035301,88.9406477556528,-91.1522104871633,1,2.4e-12
0.9968058934011987,0.0,0.0032101488771466,0.0000000000000000,0.0032259344195292,0.0000000000000000,8.5902960390389165,3.0000929642158156,-90.929459,1.038288,89.8911712487850,-92.4109754791389,1,2.6e-12
0.9968077108708348,0.0,0.0032121025894884,0.0000000000000000,0.0032101832727774,0.0000000000000000,8.5931443738918798,3.0000930161263204,-91.878837,1.041299,90.8375376502979,-93.6733783650579,1,2.9e-12
0.9968095191226405,0.0,0.0032140337254723,0.0000000000000000,0.0031945582991898,0.0000000000000000,8.5959933034627944,3.0000930672176085,-92.824143,1.044335,91.7798076730886,-94.9395127963944,1,4.5e-12
0.9968113183237297,0.0,0.0032159428280554,0.0000000000000000,0.0031790567243887,0.0000000000000000,8.5988428617727948,3.0000931175081300,-93.765435,1.047395,92.7180398521415,-96.2094712589824,1,6.8e-12
0.9968131086353649,0.0,0.0032178304200086,0.0000000000000000,0.0031636758812747,0.0000000000000000,8.6016930813371797,3.0000931670156237,-94.702770,1.050480,93.6522906601885,-97.4833452738812,1,8.5e-12
0.9968148902132724,0.0,0.0032196970049932,0.0000000000000000,0.0031484132042018,0.0000000000000000,8.6045439932553727,3.0000932157571540,-95.636203,1.053589,94.5826146512556,-98.7612254261576,1,1.5e-12
0.9968166632079601,0.0,0.0032215430685886,0.0000000000000000,0.0031332662233517,0.0000000000000000,8.6073956272941423,3.0000932637491502,-96.565787,1.056722,95.5090645492242,-100.0432015208526,1,2.6e-12
0.9968184277649720,0.0,0.0032233690792079,0.0000000000000000,0.0031182325598408,0.0000000000000000,8.6102480119650213,3.0000933110074355,-97.491571,1.059880,96.4316913699932,-101.3293626699806,1,8.9e-12
0.9968201840251464,0.0,0.0032251754889745,0.0000000000000000,0.0031033099209757,0.0000000000000000,8.6131011745960659,3.0000933575472621,-98.413607,1.063062,97.3505445065392,-102.6197974609140,1,1.7e-12
0.9968219321248886,0.0,0.0032269627345716,0.0000000000000000,0.0030884960955673,0.0000000000000000,8.6159551413984037,3.0000934033833389,-99.331941,1.066269,98.2656718244748,-103.9145938709780,1,8.6e-13
0.9968236721963628,0.0,0.0032287312379745,0.0000000000000000,0.0030737889500683,0.0000000000000000,8.6188099375284946,3.0000934485298547,-100.246621,1.069501,99.1771197428124,-105.2138395220536,1,2.4e-12
0.9968253698055749,0.0,0.0032304465856064,0.0000000000000000,0.0030594774234526,0.0000000000000000,8.6216084733578313,3.0000934921177542,-101.139506,1.072692,100.0668148273464,-106.4915044985992,1,3.1e-12
0.9968270599642380,0.0,0.0032321447163633,0.0000000000000000,0.0030452643352687,0.0000000000000000,8.6244078834405826,3.0000935350695119,-102.028977,1.075906,100.9530710005110,-107.7736231399340,1,1.3e-11
0.9968287427857718,0.0,0.0032338259895361,0.0000000000000000,0.0030311478771021,0.0000000000000000,8.6272081888152456,3.0000935773971529,-102.915073,1.079145,101.8359281923622,-109.0602773154778,1,2.5e-12
0.9968304183804307,0.0,0.0032354907532969,0.0000000000000000,0.0030171262988336,0.0000000000000000,8.6300094097403655,3.0000936191123122,-103.797833,1.082407,102.7154252666404,-110.3515485833068,1,3.4e-12
0.9968320868554125,0.0,0.0032371393451621,0.0000000000000000,0.0030031979062644,0.0000000000000000,8.6328115657344906,3.0000936602262498,-104.677294,1.085694,103.5916000645779,-111.6475185179070,1,1.9e-12
0.9968337483150183,0.0,0.0032387720924869,0.0000000000000000,0.0029893610583799,0.0000000000000000,8.6356146756133132,3.0000937007498711,-105.553494,1.089005,104.4644894504118,-112.9482686501451,1,1.9e-12
0.9968354028607797,0.0,0.0032403893129074,0.0000000000000000,0.0029756141649846,0.0000000000000000,8.6384187575246241,3.0000937406937385,-106.426469,1.092340,105.3341293688335,-114.2538804956903,1,2.8e-12
0.9968370505915816,0.0,0.0032419913147608,0.0000000000000000,0.0029619556844350,0.0000000000000000,8.6412238289811025,3.0000937800680902,-107.296254,1.095699,106.2005548774764,-115.5644356414914,1,3.9e-12
0.9968372947986656,0.0,0.0032422280240211,0.0000000000000000,0.0029599340671932,0.0000000000000000,8.6416406285168570,3.0000937858694638,-107.425197,1.096201,106.3289966522301,-115.7595550270235,1,8.9e-12
0.9968375439565271,0.0,0.0032424693413688,0.0000000000000000,0.0029578721761544,0.0000000000000000,8.6420661612344407,3.0000937917793684,-107.556763,1.096713,106.4600503018376,-115.9588666267155,1,7.6e-12
0.9968377981619931,0.0,0.0032427153493459,0.0000000000000000,0.0029557692521421,0.0000000000000000,8.6425006097708312,3.0000937977995568,-107.691003,1.097236,106.5937671973885,-116.1624628110694,1,7.2e-12
0.9968380575136485,0.0,0.0032429661316974,0.0000000000000000,0.0029536245233244,0.0000000000000000,8.6429441605703747,3.0000938039318004,-107.827971,1.097771,106.7301996538637,-116.3704380484296,1,1.0e-11
0.9968383221118595,0.0,0.0032432217733743,0.0000000000000000,0.0029514372051004,0.0000000000000000,8.6433970039638073,3.0000938101778862,-107.967719,1.098318,106.8694009477259,-116.5828889539589,1,8.4e-12
0.9968385920587998,0.0,0.0032434823605399,0.0000000000000000,0.0029492064999534,0.0000000000000000,8.6438593342488979,3.0000938165396187,-108.110302,1.098877,107.0114253100819,-116.7999144800815,1,9.9e-12
0.9968388674584776,0.0,0.0032437479805754,0.0000000000000000,0.0029469315973102,0.0000000000000000,8.6443313497727576,3.0000938230188159,-108.255776,1.099448,107.1563279699552,-117.0216158122148,1,1.0e-11
0.9968391484167631,0.0,0.0032440187220850,0.0000000000000000,0.0029446116733987,0.0000000000000000,8.6448132530158439,3.0000938296173132,-108.404197,1.100032,107.3041651490812,-117.2480965266504,1,9.4e-12
0.9968394350414146,0.0,0.0032442946749010,0.0000000000000000,0.0029422458911075,0.0000000000000000,8.6453052506777066,3.0000938363369594,-108.555623,1.100629,107.4549940822462,-117.4794626341309,1,9.2e-12
0.9968397274421091,0.0,0.0032445759300899,0.0000000000000000,0.0029398333998278,0.0000000000000000,8.6458075537644774,3.0000938431796169,-108.710112,1.101239,107.6088730371826,-117.7158226062484,1,1.9e-12
0.9968400257304602,0.0,0.0032448625799471,0.0000000000000000,0.0029373733353924,0.0000000000000000,8.6463203776783022,3.0000938501471643,-108.867724,1.101863,107.7658613177643,-117.9572875311287,1,1.9e-12
0.9968403300200595,0.0,0.0032451547180139,0.0000000000000000,0.0029348648198270,0.0000000000000000,8.6468439423083403,3.0000938572414904,-109.028520,1.102500,107.9260192945194,-118.2039710509152,1,6.0e-13
0.9968406404264948,0.0,0.0032454524390701,0.0000000000000000,0.0029323069612918,0.0000000000000000,8.6473784721239380,3.0000938644644997,-109.192560,1.103152,108.0894084038210,-118.4559895507764,1,3.2e-12
0.9968409570673813,0.0,0.0032457558391394,0.0000000000000000,0.0029296988539303,0.0000000000000000,8.6479241962695763,3.0000938718181045,-109.359909,1.103818,108.2560911761850,-118.7134621447221,1,3.7e-12
0.9968412800623889,0.0,0.0032460650154898,0.0000000000000000,0.0029270395777415,0.0000000000000000,8.6484813486618108,3.0000938793042313,-109.530631,1.104499,108.4261312496745,-118.9765107773119,1,2.0e-12
0.9968416095332703,0.0,0.0032463800666343,0.0000000000000000,0.0029243281984525,0.0000000000000000,8.6490501680882215,3.0000938869248150,-109.704789,1.105196,108.5995933725956,-119.2452603468919,1,3.5e-12
0.9968419456038894,0.0,0.0032467010923314,0.0000000000000000,0.0029215637673938,0.0000000000000000,8.6496308983084038,3.0000938946818017,-109.882451,1.105908,108.7765434346103,-119.5198387118580,1,2.8e-12
0.9968422884002495,0.0,0.0032470281935837,0.0000000000000000,0.0029187453213790,0.0000000000000000,8.6502237881570512,3.0000939025771438,-110.063684,1.106635,108.9570484727081,-119.8003768077924,1,3.0e-12
0.9968426380505221,0.0,0.0032473614726366,0.0000000000000000,0.0029158718825846,0.0000000000000000,8.6508290916491717,3.0000939106128031,-110.248556,1.107380,109.1411766916009,-120.0870087256271,1,2.2e-12
0.9968429946850746,0.0,0.0032477010329764,0.0000000000000000,0.0029129424584370,0.0000000000000000,8.6514470680874762,3.0000939187907485,-110.437138,1.108141,109.3289974771914,-120.3798718025282,1,2.0e-12
0.9968433584364994,0.0,0.0032480469793266,0.0000000000000000,0.0029099560414985,0.0000000000000000,8.6520779821719991,3.0000939271129528,-110.629500,1.108919,109.5205814099222,-120.6791067006761,1,2.4e-12
0.9968437294396421,0.0,0.0032483994176451,0.0000000000000000,0.0029069116093588,0.0000000000000000,8.6527221041119766,3.0000939355813947,-110.825714,1.109714,109.7160002842383,-120.9848575080159,1,1.4e-12
0.9968441078316301,0.0,0.0032487584551182,0.0000000000000000,0.0029038081245326,0.0000000000000000,8.6533797097400544,3.0000939441980559,-111.025855,1.110528,109.9153271209664,-121.2972718361443,1,3.1e-12
0.9968444937519017,0.0,0.0032491242001563,0.0000000000000000,0.0029006445343553,0.0000000000000000,8.6540510806288484,3.0000939529649209,-111.229996,1.111359,110.1186361851605,-121.6165008937978,1,4.1e-12
0.9968448873422333,0.0,0.0032494967623869,0.0000000000000000,0.0028974197708898,0.0000000000000000,8.6547365042099340,3.0000939618839753,-111.438213,1.112210,110.3260029979532,-121.9426996274242,1,9.7e-13
0.9968452887467695,0.0,0.0032498762526473,0.0000000000000000,0.0028941327508326,0.0000000000000000,8.6554362738952850,3.0000939709572041,-111.650584,1.113080,110.5375043532108,-122.2760268222228,1,3.9e-12
0.9968456981120505,0.0,0.0032502627829770,0.0000000000000000,0.0028907823754256,0.0000000000000000,8.6561506892012492,3.0000939801865902,-111.867188,1.113970,110.7532183401636,-122.6166451359413,1,2.6e-12
0.9968461155870412,0.0,0.0032506564666077,0.0000000000000000,0.0028873675303745,0.0000000000000000,8.6568800558750780,3.0000939895741157,-112.088104,1.114879,110.9732243472490,-122.9647213231156,1,6.4e-13
0.9968465413231589,0.0,0.0032510574179536,0.0000000000000000,0.0028838870857712,0.0000000000000000,8.6576246860240964,3.0000939991217557,-112.313413,1.115810,111.1976030812234,-123.3204262982890,1,3.4e-12
0.9968469754743023,0.0,0.0032514657526008,0.0000000000000000,0.0028803398960194,0.0000000000000000,8.6583848982475367,3.0000940088314807,-112.543198,1.116762,111.4264365859675,-123.6839352316356,1,3.4e-12
0.9968474181968793,0.0,0.0032518815872942,0.0000000000000000,0.0028767247997704,0.0000000000000000,8.6591610177711242,3.0000940187052523,-112.777543,1.117735,111.6598082534770,-124.0554277176243,1,3.5e-12
0.9968478696498351,0.0,0.0032523050399254,0.0000000000000000,0.0028730406198594,0.0000000000000000,8.6599533765844470,3.0000940287450235,-113.016534,1.118731,111.8978028435054,-124.4350878682790,1,2.9e-12
0.9968483299946801,0.0,0.0032527362295176,0.0000000000000000,0.0028692861632520,0.0000000000000000,8.6607623135811913,3.0000940389527373,-113.260256,1.119749,112.1405064871048,-124.8231045047896,1,4.2e-12
0.9968487993955177,0.0,0.0032531752762110,0.0000000000000000,0.0028654602209951,0.0000000000000000,8.6615881747022776,3.0000940493303214,-113.508798,1.120791,112.3880067174545,-125.2196712126279,1,2.8e-12
0.9968492780190723,0.0,0.0032536223012462,0.0000000000000000,0.0028615615681738,0.0000000000000000,8.6624313130819885,3.0000940598796899,-113.762250,1.121857,112.6403924682229,-125.6249865695736,1,3.5e-12
0.9968497660347160,0.0,0.0032540774269470,0.0000000000000000,0.0028575889638762,0.0000000000000000,8.6632920891971192,3.0000940706027395,-114.020702,1.122947,112.8977541010858,-126.0392542189784,1,2.0e-12
0.9968502636144940,0.0,0.0032545407766996,0.0000000000000000,0.0028535411511835,0.0000000000000000,8.6641708710192749,3.0000940815013477,-114.284246,1.124063,113.1601834122448,-126.4626831074302,1,1.0e-11
0.9968507709331611,0.0,0.0032550124749416,0.0000000000000000,0.0028494168570731,0.0000000000000000,8.6650680341701900,3.0000940925773714,-114.552978,1.125204,113.4277736446932,-126.8954875449281,1,1.2e-11
0.9968512881681938,0.0,0.0032554926471282,0.0000000000000000,0.0028452147925197,0.0000000000000000,8.6659839620805847,3.0000941038326423,-114.826991,1.126372,113.7006195137820,-127.3378874418959,1,7.3e-12
0.9968518154998263,0.0,0.0032559814197190,0.0000000000000000,0.0028409336524122,0.0000000000000000,8.6669190461520120,3.0000941152689680,-115.106384,1.127567,113.9788171994544,-127.7901085279063,1,8.2e-12
0.9968523531110750,0.0,0.0032564789201528,0.0000000000000000,0.0028365721155745,0.0000000000000000,8.6678736859222489,3.0000941268881260,-115.391253,1.128789,114.2624643798939,-128.2523824021118,1,8.8e-12
0.9968529011877637,0.0,0.0032569852768236,0.0000000000000000,0.0028321288447771,0.0000000000000000,8.6688482892341074,3.0000941386918649,-115.681700,1.130040,114.5516602392740,-128.7249467971578,1,7.1e-12
0.9968534599185497,0.0,0.0032575006190550,0.0000000000000000,0.0028276024867551,0.0000000000000000,8.6698432724077623,3.0000941506818974,-115.977826,1.131320,114.8465054653924,-129.2080458128503,1,6.7e-12
0.9968540294949483,0.0,0.0032580250770735,0.0000000000000000,0.0028229916722378,0.0000000000000000,8.6708590604166886,3.0000941628599014,-116.279732,1.132630,115.1471022887750,-129.7019299997728,1,2.0e-12
0.9968546101113585,0.0,0.0032585587819811,0.0000000000000000,0.0028182950159862,0.0000000000000000,8.6718960870672621,3.0000941752275150,-116.587525,1.133971,115.4535544627194,-130.2068567313272,1,3.2e-12
0.9968552019650878,0.0,0.0032591018657277,0.0000000000000000,0.0028135111168299,0.0000000000000000,8.6729547951821129,3.0000941877863334,-116.901310,1.135343,115.7659673054998,-130.7230902437132,1,1.1e-12
0.9968558052563745,0.0,0.0032596544610783,0.0000000000000000,0.0028086385577444,0.0000000000000000,8.6740356367873606,3.0000942005379083,-117.221195,1.136748,116.0844476907671,-131.2509020058587,1,2.1e-12
0.9968564201884138,0.0,0.0032602167015847,0.0000000000000000,0.0028036759058970,0.0000000000000000,8.6751390733036899,3.0000942134837416,-117.547289,1.138185,116.4091040682706,-131.7905708634044,1,4.2e-12
0.9968570469673795,0.0,0.0032607887215523,0.0000000000000000,0.0027986217127322,0.0000000000000000,8.6762655757414961,3.0000942266252837,-117.879703,1.139657,116.7400464639145,-132.3423833762272,1,5.2e-12
0.9968576858024447,0.0,0.0032613706560043,0.0000000000000000,0.0027934745140798,0.0000000000000000,8.6774156249001209,3.0000942399639299,-118.218549,1.141163,117.0773865034208,-132.9066339878282,1,2.5e-12
0.9968583369058144,0.0,0.0032619626406569,0.0000000000000000,0.0027882328301714,0.0000000000000000,8.6785897115711226,3.0000942535010173,-118.563943,1.142705,117.4212374142354,-133.4836252847826,1,3.9e-13
0.9968590004927331,0.0,0.0032625648118712,0.0000000000000000,0.0027828951658618,0.0000000000000000,8.6797883367461157,3.0000942672378201,-118.915998,1.144284,117.7717140285511,-134.0736683995910,1,3.3e-13
0.9968596767815150,0.0,0.0032631773066248,0.0000000000000000,0.0027774600106799,0.0000000000000000,8.6810120118286687,3.0000942811755476,-119.274833,1.145900,118.1289328011553,-134.6770831840740,1,1.5e-12
0.9968603659935631,0.0,0.0032638002624724,0.0000000000000000,0.0027719258389759,0.0000000000000000,8.6822612588508097,3.0000942953153378,-119.640567,1.147556,118.4930118175710,-135.2941985152820,1,3.3e-12
0.9968610683533899,0.0,0.0032644338175084,0.0000000000000000,0.0027662911100643,0.0000000000000000,8.6835366106940448,3.0000943096582557,-120.013321,1.149250,118.8640707909866,-135.9253526952771,1,2.9e-12
0.9968617840886365,0.0,0.0032650781103271,0.0000000000000000,0.0027605542683817,0.0000000000000000,8.6848386113150458,3.0000943242052891,-120.393217,1.150986,119.2422310794032,-136.5708936929341,1,3.4e-12
0.9968625134300928,0.0,0.0032657332799835,0.0000000000000000,0.0027547137436517,0.0000000000000000,8.6861678159760682,3.0000943389573416,-120.780379,1.152763,119.6276156845947,-137.2311795414016,1,2.7e-12
0.9968632566117162,0.0,0.0032663994659524,0.0000000000000000,0.0027487679510676,0.0000000000000000,8.6875247914802411,3.0000943539152320,-121.174933,1.154584,120.0203492633469,-137.9065786718029,1,1.7e-12
0.9968640138706496,0.0,0.0032670768080871,0.0000000000000000,0.0027427152914845,0.0000000000000000,8.6889101164118063,3.0000943690796866,-121.577006,1.156448,120.4205581242083,-138.5974703119709,1,1.9e-12
0.9968647854472397,0.0,0.0032677654465779,0.0000000000000000,0.0027365541516250,0.0000000000000000,8.6903243813814282,3.0000943844513377,-121.986728,1.158358,120.8283702407912,-139.3042448508322,1,3.0e-12
0.9968655715850538,0.0,0.0032684655219093,0.0000000000000000,0.0027302829042997,0.0000000000000000,8.6917681892766865,3.0000944000307146,-122.404229,1.160314,121.2439152448229,-140.0273042762510,1,1.9e-12
0.9968663725308972,0.0,0.0032691771748176,0.0000000000000000,0.0027238999086389,0.0000000000000000,8.6932421555178578,3.0000944158182445,-122.829642,1.162318,121.6673244385278,-140.7670625863911,1,2.3e-12
0.9968671885348271,0.0,0.0032699005462464,0.0000000000000000,0.0027174035103475,0.0000000000000000,8.6947469083191145,3.0000944318142397,-123.263102,1.164371,122.0987307924481,-141.5239462328309,1,6.4e-12
0.9968680198501753,0.0,0.0032706357773080,0.0000000000000000,0.0027107920419235,0.0000000000000000,8.6962830889551785,3.0000944480189018,-123.704743,1.166474,122.5382689402835,-142.2983946009908,1,4.5e-12
0.9968688667335509,0.0,0.0032713830092307,0.0000000000000000,0.0027040638230152,0.0000000000000000,8.6978513520338083,3.0000944644323071,-124.154705,1.168630,122.9860751889638,-143.0908605295344,1,3.5e-12
0.9968697294448674,0.0,0.0032721423833243,0.0000000000000000,0.0026972171606258,0.0000000000000000,8.6994523657737890,3.0000944810544077,-124.613126,1.170838,123.4422875075801,-143.9018107945594,1,6.7e-12
0.9968706082473500,0.0,0.0032729140409322,0.0000000000000000,0.0026902503494578,0.0000000000000000,8.7010868122890326,3.0000944978850215,-125.080147,1.173102,123.9070455359831,-144.7317266314731,1,1.0e-11
0.9968715034075536,0.0,0.0032736981233909,0.0000000000000000,0.0026831616722022,0.0000000000000000,8.7027553878785842,3.0000945149238309,-125.555912,1.175421,124.3804905776682,-145.5811043041786,1,3.2e-12
0.9968724151953677,0.0,0.0032744947719802,0.0000000000000000,0.0026759493999354,0.0000000000000000,8.7044588033229129,3.0000945321703729,-126.040565,1.177799,124.8627655897568,-146.4504558006147,1,3.9e-12
0.9968733438840405,0.0,0.0032753041278905,0.0000000000000000,0.0026686117923764,0.0000000000000000,8.7061977841862745,3.0000945496240345,-126.534251,1.180236,125.3540151865599,-147.3403093141878,1,3.7e-12
0.9968742897501843,0.0,0.0032761263321758,0.0000000000000000,0.0026611470983014,0.0000000000000000,8.7079730711257159,3.0000945672840449,-127.037120,1.182735,125.8543856357619,-148.2512099568139,1,3.8e-12
0.9968752530737900,0.0,0.0032769615257136,0.0000000000000000,0.0026535535559048,0.0000000000000000,8.7097854202065470,3.0000945851494736,-127.549321,1.185296,126.3640248437631,-149.1837204502690,1,2.2e-12
0.9968762341382381,0.0,0.0032778098491663,0.0000000000000000,0.0026458293931907,0.0000000000000000,8.7116356032245434,3.0000946032192179,-128.071005,1.187922,126.8830823477194,-150.1384218845424,1,6.3e-12
0.9968772332303115,0.0,0.0032786714429423,0.0000000000000000,0.0026379728283759,0.0000000000000000,8.7135244080350009,3.0000946214920008,-128.602325,1.190615,127.4117093227994,-151.1159143385403,1,4.7e-12
0.9968782506402067,0.0,0.0032795464471594,0.0000000000000000,0.0026299820703095,0.0000000000000000,8.7154526388888147,3.0000946399663606,-129.143436,1.193377,127.9500585511314,-152.1168178427661,1,3.6e-12
0.9968792866615450,0.0,0.0032804350016099,0.0000000000000000,0.0026218553189071,0.0000000000000000,8.7174211167757090,3.0000946586406472,-129.694494,1.196209,128.4982844223337,-153.1417731252495,1,4.1e-12
0.9968803415913845,0.0,0.0032813372457275,0.0000000000000000,0.0026135907655994,0.0000000000000000,8.7194306797747920,3.0000946775130108,-130.255657,1.199114,129.0565429210384,-154.1914424873557,1,4.0e-12
0.9968814157302320,0.0,0.0032822533185563,0.0000000000000000,0.0026051865937912,0.0000000000000000,8.7214821834125829,3.0000946965813982,-130.827086,1.202094,129.6249916148365,-155.2665107374614,1,2.5e-12
0.9968825093820530,0.0,0.0032831833587220,0.0000000000000000,0.0025966409793528,0.0000000000000000,8.7235765010287061,3.0000947158435447,-131.408941,1.205152,130.2037896341105,-156.3676861952736,1,5.0e-13
0.9968836228542873,0.0,0.0032841275044077,0.0000000000000000,0.0025879520910860,0.0000000000000000,8.7257145241493497,3.0000947352969631,-132.001386,1.208288,130.7930976608564,-157.4957016878870,1,1.2e-12
0.9968847564578581,0.0,0.0032850858933298,0.0000000000000000,0.0025791180912571,0.0000000000000000,8.7278971628687660,3.0000947549389401,-132.604584,1.211506,131.3930779119233,-158.6513156189249,1,2.5e-12
0.9968849710580175,0.0,0.0032852670048532,0.0000000000000000,0.0025774471024147,0.0000000000000000,8.7283110307865996,3.0000947586388258,-132.718779,1.212119,131.5066606568061,-158.8709066479514,1,3.8e-12
0.9968851900441886,0.0,0.0032854517136265,0.0000000000000000,0.0025757424065925,0.0000000000000000,8.7287335795730172,3.0000947624082666,-132.835310,1.212744,131.6225653149617,-159.0952574009825,1,3.7e-12
0.9968854135035723,0.0,0.0032856400869830,0.0000000000000000,0.0025740033519397,0.0000000000000000,8.7291649911159173,3.0000947662483965,-132.954222,1.213384,131.7408380466733,-159.3244744032290,1,5.2e-12
0.9968856415250059,0.0,0.0032858321933542,0.0000000000000000,0.0025722292751260,0.0000000000000000,8.7296054511071812,3.0000947701603575,-133.075563,1.214037,131.8615258743283,-159.5586667194420,1,4.8e-12
0.9968858741989900,0.0,0.0032860281022818,0.0000000000000000,0.0025704195011851,0.0000000000000000,8.7300551491220091,3.0000947741453046,-133.199382,1.214705,131.9846766979898,-159.7979460371080,1,5.8e-12
0.9968861116177151,0.0,0.0032862278844287,0.0000000000000000,0.0025685733433572,0.0000000000000000,8.7305142786998893,3.0000947782044016,-133.325727,1.215388,132.1103393109302,-160.0424266925311,1,5.3e-12
0.9968863538750898,0.0,0.0032864316115907,0.0000000000000000,0.0025666901029305,0.0000000000000000,8.7309830374272508,3.0000947823388229,-133.454649,1.216085,132.2385634142062,-160.2922257662849,1,2.2e-12
0.9968866010667679,0.0,0.0032866393567077,0.0000000000000000,0.0025647690690842,0.0000000000000000,8.7314616270218330,3.0000947865497527,-133.586198,1.216798,132.3693996232949,-160.5474632036749,1,3.9e-12
0.9968868532901768,0.0,0.0032868511938744,0.0000000000000000,0.0025628095187302,0.0000000000000000,8.7319502534188107,3.0000947908383853,-133.720427,1.217527,132.5028995004741,-160.8082617636246,1,3.9e-12
0.9968871106445458,0.0,0.0032870671983514,0.0000000000000000,0.0025608107163550,0.0000000000000000,8.7324491268587057,3.0000947952059223,-133.857388,1.218272,132.6391155486153,-161.0747472392541,1,6.4e-12
0.9968873732309347,0.0,0.0032872874465762,0.0000000000000000,0.0025587719138615,0.0000000000000000,8.7329584619771232,3.0000947996535765,-133.997135,1.219034,132.7781012432905,-161.3470484229310,1,3.7e-12
0.9968876411522625,0.0,0.0032875120161728,0.0000000000000000,0.0025566923504128,0.0000000000000000,8.7334784778963552,3.0000948041825657,-134.139723,1.219812,132.9199110309998,-161.6252973051814,1,2.8e-12
0.9968879145133369,0.0,0.0032877409859627,0.0000000000000000,0.0025545712522738,0.0000000000000000,8.7340093983188876,3.0000948087941177,-134.285209,1.220608,133.0646003612358,-161.9096290523757,1,3.6e-12
0.9968881934208833,0.0,0.0032879744359746,0.0000000000000000,0.0025524078326551,0.0000000000000000,8.7345514516228384,3.0000948134894667,-134.433647,1.221422,133.2122256913286,-162.2001821424565,1,4.3e-12
0.9968884779835750,0.0,0.0032882124474541,0.0000000000000000,0.0025502012915571,0.0000000000000000,8.7351048709593986,3.0000948182698552,-134.585098,1.222253,133.3628445044399,-162.4970984644442,1,2.6e-12
0.9968887683120627,0.0,0.0032884551028735,0.0000000000000000,0.0025479508156144,0.0000000000000000,8.7356698943522773,3.0000948231365285,-134.739619,1.223104,133.5165153196376,-162.8005234318334,1,3.8e-12
0.9968890645190049,0.0,0.0032887024859403,0.0000000000000000,0.0025456555779414,0.0000000000000000,8.7362467647992244,3.0000948280907407,-134.897271,1.223973,133.6732977192896,-163.1106060071179,1,6.6e-12
0.9968893667190983,0.0,0.0032889546816072,0.0000000000000000,0.0025433147379787,0.0000000000000000,8.7368357303756543,3.0000948331337489,-135.058114,1.224862,133.8332523541312,-163.4274988649940,1,6.1e-12
0.9968896750291086,0.0,0.0032892117760797,0.0000000000000000,0.0025409274413422,0.0000000000000000,8.7374370443404334,3.0000948382668158,-135.222211,1.225770,133.9964409636778,-163.7513584831140,1,3.1e-12
0.9968899895679012,0.0,0.0032894738568248,0.0000000000000000,0.0025384928196702,0.0000000000000000,8.7380509652438523,3.0000948434912060,-135.389626,1.226699,134.1629263878655,-164.0823452624772,1,2.6e-12
0.9968903104564725,0.0,0.0032897410125792,0.0000000000000000,0.0025360099904753,0.0000000000000000,8.7386777570378467,3.0000948488081884,-135.560422,1.227649,134.3327725832117,-164.4206236401278,1,6.1e-12
0.9968906378179812,0.0,0.0032900133333562,0.0000000000000000,0.0025334780569956,0.0000000000000000,8.7393176891885123,3.0000948542190331,-135.734665,1.228620,134.5060446544339,-164.7663620976691,1,2.5e-12
0.9968909717777800,0.0,0.0032902909104537,0.0000000000000000,0.0025308961080496,0.0000000000000000,8.7399710367909531,3.0000948597250119,-135.912422,1.229613,134.6828088369200,-165.1197335050656,1,1.6e-12
0.9968913124634473,0.0,0.0032905738364604,0.0000000000000000,0.0025282632178911,0.0000000000000000,8.7406380806865123,3.0000948653273962,-136.093761,1.230629,134.8631325490925,-165.4809150192941,1,3.6e-12
0.9968916600048192,0.0,0.0032908622052628,0.0000000000000000,0.0025255784460674,0.0000000000000000,8.7413191075824486,3.0000948710274580,-136.278752,1.231667,135.0470843830412,-165.8500883417018,1,4.8e-12
0.9968920145340218,0.0,0.0032911561120504,0.0000000000000000,0.0025228408372800,0.0000000000000000,8.7420144101740913,3.0000948768264650,-136.467463,1.232729,135.2347341359162,-166.2274397920482,1,1.9e-12
0.9968923761855031,0.0,0.0032914556533221,0.0000000000000000,0.0025200494212472,0.0000000000000000,8.7427242872695405,3.0000948827256861,-136.659968,1.233815,135.4261528103484,-166.6131605264745,1,4.4e-12
0.9968927450960664,0.0,0.0032917609268912,0.0000000000000000,0.0025172032125681,0.0000000000000000,8.7434490439169519,3.0000948887263834,-136.856339,1.234926,135.6214126460218,-167.0074465648977,1,4.5e-12
0.9968931214049019,0.0,0.0032920720318891,0.0000000000000000,0.0025143012105936,0.0000000000000000,8.7441889915344770,3.0000948948298163,-137.056649,1.236062,135.8205871326055,-167.4104990014257,1,3.0e-12
0.9968935052536207,0.0,0.0032923890687711,0.0000000000000000,0.0025113423992946,0.0000000000000000,8.7449444480428991,3.0000949010372349,-137.260975,1.237224,136.0237510138888,-167.8225242011704,1,5.1e-12
0.9968938967862869,0.0,0.0032927121393185,0.0000000000000000,0.0025083257471392,0.0000000000000000,8.7457157380010262,3.0000949073498866,-137.469392,1.238412,136.2309803186307,-168.2437338635609,1,2.9e-12
0.9968942961494512,0.0,0.0032930413466430,0.0000000000000000,0.0025052502069692,0.0000000000000000,8.7465031927439032,3.0000949137690061,-137.681980,1.239627,136.4423523686899,-168.6743452581286,1,3.1e-12
0.9968947034921841,0.0,0.0032933767951886,0.0000000000000000,0.0025021147158823,0.0000000000000000,8.7473071505238984,3.0000949202958203,-137.898816,1.240871,136.6579457996103,-169.1145813511430,1,3.0e-12
0.9968951189661092,0.0,0.0032937185907339,0.0000000000000000,0.0024989181951177,0.0000000000000000,8.7481279566547236,3.0000949269315447,-138.119983,1.242142,136.8778405647936,-169.5646710502624,1,4.5e-12
0.9968955427254367,0.0,0.0032940668403940,0.0000000000000000,0.0024956595499459,0.0000000000000000,8.7489659636584509,3.0000949336773810,-138.345561,1.243443,137.1021179750780,-170.0248492630308,1,3.2e-12
0.9968959749269970,0.0,0.0032944216526212,0.0000000000000000,0.0024923376695632,0.0000000000000000,8.7498215314155896,3.0000949405345163,-138.575635,1.244774,137.3308606891141,-170.4953572351806,1,4.5e-12
0.9968964157302747,0.0,0.0032947831372055,0.0000000000000000,0.0024889514269898,0.0000000000000000,8.7506950273182884,3.0000949475041234,-138.810288,1.246136,137.5641527431402,-170.9764426415641,1,2.9e-12
0.9968968652974416,0.0,0.0032951514052745,0.0000000000000000,0.0024854996789744,0.0000000000000000,8.7515868264267258,3.0000949545873556,-139.049608,1.247529,137.8020795629555,-171.4683598463089,1,2.7e-12
0.9968973237933915,0.0,0.0032955265692927,0.0000000000000000,0.0024819812659023,0.0000000000000000,8.7524973116287548,3.0000949617853463,-139.293682,1.248954,138.0447279797922,-171.9713701026430,1,3.7e-12
0.9968977913857731,0.0,0.0032959087430605,0.0000000000000000,0.0024783950117091,0.0000000000000000,8.7534268738028764,3.0000949690992091,-139.542598,1.250412,138.2921862487433,-172.4857417422209,1,4.5e-12
0.9968982682450247,0.0,0.0032962980417115,0.0000000000000000,0.0024747397238013,0.0000000000000000,8.7543759119846101,3.0000949765300331,-139.796448,1.251904,138.5445440569255,-173.0117504656682,1,4.8e-12
0.9968987545444077,0.0,0.0032966945817110,0.0000000000000000,0.0024710141929814,0.0000000000000000,8.7553448335363235,3.0000949840788818,-140.055324,1.253431,138.8018925494400,-173.5496795169820,1,2.6e-12
0.9968992504600408,0.0,0.0032970984808521,0.0000000000000000,0.0024672171933799,0.0000000000000000,8.7563340543206110,3.0000949917467916,-140.319318,1.254993,139.0643243274260,-174.0998200316808,1,5.3e-12
0.9968997561709340,0.0,0.0032975098582525,0.0000000000000000,0.0024633474823924,0.0000000000000000,8.7573439988772783,3.0000949995347685,-140.588526,1.256592,139.3319334871670,-174.6624711323420,1,1.8e-12
0.9969002718590223,0.0,0.0032979288343498,0.0000000000000000,0.0024594038006263,0.0000000000000000,8.7583751006040274,3.0000950074437887,-140.863044,1.258229,139.6048156049580,-175.2379404105759,1,4.2e-12
0.9969007977092001,0.0,0.0032983555308967,0.0000000000000000,0.0024553848718498,0.0000000000000000,8.7594278019409053,3.0000950154747903,-141.142971,1.259904,139.8830677809906,-175.8265440021460,1,6.0e-12
0.9969013339093552,0.0,0.0032987900709557,0.0000000000000000,0.0024512894029532,0.0000000000000000,8.7605025545586006,3.0000950236286776,-141.428407,1.261618,140.1667886342451,-176.4286070089729,1,5.2e-12
0.9969018806504024,0.0,0.0032992325788927,0.0000000000000000,0.0024471160839140,0.0000000000000000,8.7615998195506730,3.0000950319063144,-141.719451,1.263373,140.4560783211738,-177.0444637669407,1,3.2e-12
0.9969024381263177,0.0,0.0032996831803700,0.0000000000000000,0.0024428635877715,0.0000000000000000,8.7627200676298020,3.0000950403085227,-142.016207,1.265169,140.7510385477702,-177.6744581807670,1,4.6e-12
0.9969030065341724,0.0,0.0033001420023399,0.0000000000000000,0.0024385305706090,0.0000000000000000,8.7638637793281244,3.0000950488360791,-142.318780,1.267007,141.0517725958179,-178.3189439766156,1,9.6e-13
0.9969035860741647,0.0,0.0033006091730344,0.0000000000000000,0.0024341156715577,0.0000000000000000,8.7650314452017799,3.0000950574897125,-142.627275,1.268890,141.3583853109948,-178.9782851979817,1,7.5e-12
0.9969041769496623,0.0,0.0033010848219642,0.0000000000000000,0.0024296175127344,0.0000000000000000,8.7662235660396473,3.0000950662701014,-142.941800,1.270817,141.6709831347578,-179.6528564002747,1,8.3e-12
0.9969047793672206,0.0,0.0033015690798972,0.0000000000000000,0.0024250346993610,0.0000000000000000,8.7674406530766440,3.0000950751778697,-143.262464,1.272790,141.9896741191367,-180.3430431130473,1,9.8e-12
0.9969053935366332,0.0,0.0033020620788626,0.0000000000000000,0.0024203658196629,0.0000000000000000,8.7686832282112182,3.0000950842135858,-143.589378,1.274810,142.3145679232230,-181.0492422070820,1,3.6e-12
0.9969060196709507,0.0,0.0033025639521285,0.0000000000000000,0.0024156094450042,0.0000000000000000,8.7699518242276575,3.0000950933777570,-143.922655,1.276879,142.6457758369083,-181.7718623500641,1,6.3e-12
0.9969066579865230,0.0,0.0033030748341996,0.0000000000000000,0.0024107641298575,0.0000000000000000,8.7712469850228398,3.0000951026708256,-144.262409,1.278998,142.9834107783740,-182.5113244400600,1,3.0e-12
0.9969073087030378,0.0,0.0033035948608096,0.0000000000000000,0.0024058284118152,0.0000000000000000,8.7725692658377898,3.0000951120931680,-144.608755,1.281168,143.3275873257347,-183.2680618670001,1,4.0e-12
0.9969079720435409,0.0,0.0033041241688999,0.0000000000000000,0.0024008008117458,0.0000000000000000,8.7739192334942402,3.0000951216450891,-144.961812,1.283390,143.6784217141673,-184.0425211950514,1,1.8e-12
0.9969086482344786,0.0,0.0033046628966150,0.0000000000000000,0.0023956798337959,0.0000000000000000,8.7752974666359389,3.0000951313268183,-145.321698,1.285666,144.0360318396486,-184.8351625915457,1,2.5e-12
0.9969093375057287,0.0,0.0033052111832895,0.0000000000000000,0.0023904639654838,0.0000000000000000,8.7767045559751278,3.0000951411385079,-145.688535,1.287997,144.4005372832589,-185.6464602781252,1,2.6e-12
0.9969100400906347,0.0,0.0033057691694360,0.0000000000000000,0.0023851516777888,0.0000000000000000,8.7781411045441722,3.0000951510802247,-146.062445,1.290386,144.7720593116340,-186.4769030909902,1,3.6e-12
0.9969107562260383,0.0,0.0033063369967335,0.0000000000000000,0.0023797414252508,0.0000000000000000,8.7796077279524702,3.0000951611519504,-146.443553,1.292833,145.1507208797066,-187.3269950739686,1,1.6e-12
0.9969114861523137,0.0,0.0033069148080148,0.0000000000000000,0.0023742316460840,0.0000000000000000,8.7811050546487621,3.0000951713535740,-146.831986,1.295339,145.5366466519573,-188.1972560028880,1,5.0e-12
0.9969122301134019,0.0,0.0033075027472560,0.0000000000000000,0.0023686207622917,0.0000000000000000,8.7826337261889318,3.0000951816848898,-147.227871,1.297908,145.9299630002898,-189.0882219906907,1,3.0e-12
0.9969129883568382,0.0,0.0033081009595591,0.0000000000000000,0.0023629071798487,0.0000000000000000,8.7841943975095038,3.0000951921455892,-147.631338,1.300540,146.3307980128963,-190.0004462193065,1,4.0e-12
0.9969137611337979,0.0,0.0033087095911505,0.0000000000000000,0.0023570892887569,0.0000000000000000,8.7857877372067357,3.0000952027352596,-148.042519,1.303237,146.7392814984088,-190.9344994602216,1,4.4e-12
0.9969145486991179,0.0,0.0033093287893594,0.0000000000000000,0.0023511654633004,0.0000000000000000,8.7874144278217976,3.0000952134533789,-148.461546,1.306001,147.1555449935566,-191.8909708910687,1,4.6e-12
0.9969153513113367,0.0,0.0033099587026110,0.0000000000000000,0.0023451340621718,0.0000000000000000,8.7890751661317896,3.0000952242993066,-148.888556,1.308834,147.5797217637683,-192.8704687977242,1,5.9e-12
0.9969161692327270,0.0,0.0033105994804158,0.0000000000000000,0.0023389934286698,0.0000000000000000,8.7907706634469509,3.0000952352722834,-149.323685,1.311738,148.0119468158085,-193.8736212832719,1,7.6e-12
0.9969170027293298,0.0,0.0033112512733587,0.0000000000000000,0.0023327418908981,0.0000000000000000,8.7925016459141219,3.0000952463714246,-149.767072,1.314715,148.4523568863337,-194.9010771729736,1,1.0e-11
0.9969178520709916,0.0,0.0033119142330914,0.0000000000000000,0.0023263777619621,0.0000000000000000,8.7942688548265959,3.0000952575957114,-150.218858,1.317767,148.9010904628329,-195.9535067311299,1,4.0e-12
0.9969187175313908,0.0,0.0033125885123179,0.0000000000000000,0.0023198993402556,0.0000000000000000,8.7960730469405757,3.0000952689439866,-150.679184,1.320896,149.3582877698613,-197.0316026955770,1,2.7e-12
0.9969195993880838,0.0,0.0033132742647950,0.0000000000000000,0.0023133049096200,0.0000000000000000,8.7979149947981536,3.0000952804149534,-151.148196,1.324105,149.8240907759706,-198.1360810816404,1,9.9e-13
0.9969204979225340,0.0,0.0033139716453209,0.0000000000000000,0.0023065927396461,0.0000000000000000,8.7997954870572688,3.0000952920071620,-151.626038,1.327395,150.2986431927064,-199.2676822366393,1,8.3e-13
0.9969214134201495,0.0,0.0033146808097310,0.0000000000000000,0.0022997610859319,0.0000000000000000,8.8017153288285570,3.0000953037190063,-152.112860,1.330770,150.7820904718123,-200.4271718369819,1,4.5e-12
0.9969223461703198,0.0,0.0033154019148947,0.0000000000000000,0.0022928081903626,0.0000000000000000,8.8036753420193374,3.0000953155487196,-152.608810,1.334231,151.2745798181085,-201.6153418932008,1,4.3e-12
0.9969232964664532,0.0,0.0033161351187127,0.0000000000000000,0.0022857322814055,0.0000000000000000,8.8056763656848673,3.0000953274943649,-153.114041,1.337781,151.7762601662174,-202.8330120194314,1,4.4e-12
0.9969242646060148,0.0,0.0033168805801174,0.0000000000000000,0.0022785315744193,0.0000000000000000,8.8077192563870383,3.0000953395538299,-153.628705,1.341423,152.2872821910368,-204.0810305250816,1,2.8e-12
0.9969252508905658,0.0,0.0033176384590743,0.0000000000000000,0.0022712042719756,0.0000000000000000,8.8098048885606524,3.0000953517248181,-154.152958,1.345159,152.8077982944757,-205.3602757380067,1,4.3e-12
0.9969262556258035,0.0,0.0033184089165869,0.0000000000000000,0.0022637485641949,0.0000000000000000,8.8119341548874655,3.0000953640048431,-154.686956,1.348993,153.3379626129429,-206.6716572326895,1,7.2e-12
0.9969272791216026,0.0,0.0033191921147025,0.0000000000000000,0.0022561626290964,0.0000000000000000,8.8141079666781561,3.0000953763912213,-155.230859,1.352928,153.8779310032735,-208.0161172559401,1,7.4e-12
0.9969283216920570,0.0,0.0033199882165225,0.0000000000000000,0.0022484446329606,0.0000000000000000,8.8163272542623847,3.0000953888810624,-155.784827,1.356965,154.4278610405338,-209.3946322149186,1,7.1e-12
0.9969293836555246,0.0,0.0033207973862141,0.0000000000000000,0.0022405927307050,0.0000000000000000,8.8185929673871346,3.0000954014712642,-156.349022,1.361110,154.9879120049134,-210.8082141853265,1,8.0e-12
0.9969304653346720,0.0,0.0033216197890268,0.0000000000000000,0.0022326050662732,0.0000000000000000,8.8209060756234976,3.0000954141585026,-156.923609,1.365364,155.5582448794358,-212.2579125261509,1,6.5e-12
0.9969315670565221,0.0,0.0033224555913110,0.0000000000000000,0.0022244797730361,0.0000000000000000,8.8232675687821018,3.0000954269392230,-157.508755,1.369732,156.1390223387687,-213.7448156111823,1,6.3e-12
0.9969326891525018,0.0,0.0033233049605409,0.0000000000000000,0.0022162149742133,0.0000000000000000,8.8256784573373697,3.0000954398096344,-158.104626,1.374217,156.7304087458227,-215.2700525589444,1,6.0e-12
0.9969338319584982,0.0,0.0033241680653455,0.0000000000000000,0.0022078087832645,0.0000000000000000,8.8281397728607462,3.0000954527656969,-158.711392,1.378822,157.3325701306547,-216.8347951886008,1,7.0e-12
0.9969349958148974,0.0,0.0033250450755288,0.0000000000000000,0.0021992593044337,0.0000000000000000,8.8306525684632859,3.0000954658031174,-159.329226,1.383552,157.9456741892146,-218.4402600921239,1,3.7e-12
0.9969361810666652,0.0,0.0033259361621255,0.0000000000000000,0.0021905646330199,0.0000000000000000,8.8332179192473390,3.0000954789173355,-159.958300,1.388410,158.5698902679381,-220.0877104894134,1,2.9e-12
0.9969373880633838,0.0,0.0033268414974262,0.0000000000000000,0.0021817228559939,0.0000000000000000,8.8358369227682463,3.0000954921035188,-160.598790,1.393401,159.2053893524016,-221.7784587232836,1,1.6e-12
0.9969386171593244,0.0,0.0033277612550324,0.0000000000000000,0.0021727320523979,0.0000000000000000,8.8385106995055729,3.0000955053565472,-161.250872,1.398528,159.8523440525510,-223.5138684855683,1,5.6e-12
0.9969398687135040,0.0,0.0033286956099038,0.0000000000000000,0.0021635902938779,0.0000000000000000,8.8412403933445223,3.0000955186710119,-161.914725,1.403797,160.5109285949429,-225.2953573447739,1,9.4e-12
0.9969411176350350,0.0,0.0033296258024743,0.0000000000000000,0.0021544811625459,0.0000000000000000,8.8439714360883652,3.0000955317759819,-162.577033,1.409103,161.1679302929594,-227.0877154923055,1,2.2e-12
0.9969423893535792,0.0,0.0033305707447505,0.0000000000000000,0.0021452195041932,0.0000000000000000,8.8467595951280735,3.0000955449341804,-163.251272,1.414555,161.8367165976745,-228.9279647628282,1,1.2e-12
0.9969436583741643,0.0,0.0033315114655987,0.0000000000000000,0.0021359913138129,0.0000000000000000,8.8495491336016681,3.0000955578777067,-163.923917,1.420047,162.5038697694459,-230.7797477451422,1,5.6e-12
0.9969449247259179,0.0,0.0033324480262425,0.0000000000000000,0.0021267962866246,0.0000000000000000,8.8523400554226281,3.0000955706083485,-164.594981,1.425579,163.1694012864664,-232.6431856448726,1,2.6e-12
0.9969451107817924,0.0,0.0033325854462010,0.0000000000000000,0.0021254464854699,0.0000000000000000,8.8527507146559916,3.0000955724631608,-164.693561,1.426396,163.2671642912667,-232.9182865122129,1,4.7e-12
0.9969453006706457,0.0,0.0033327256493159,0.0000000000000000,0.0021240691824914,0.0000000000000000,8.8531699948059472,3.0000955743520641,-164.794168,1.427231,163.3669363432056,-233.1994050576177,1,3.3e-12
0.9969454944699373,0.0,0.0033328686899088,0.0000000000000000,0.0021226638347378,0.0000000000000000,8.8535980767948601,3.0000955762755761,-164.896843,1.428085,163.4687578116549,-233.4866782503868,1,4.0e-12
0.9969456922586325,0.0,0.0033330146232817,0.0000000000000000,0.0021212298892463,0.0000000000000000,8.8540351453399584,3.0000955782342156,-165.001627,1.428957,163.5726698452843,-233.7802463696062,1,3.9e-12
0.9969458941172283,0.0,0.0033331635057312,0.0000000000000000,0.0021197667828874,0.0000000000000000,8.8544813890328520,3.0000955802285056,-165.108563,1.429849,163.6787143770684,-234.0802531540867,1,2.4e-12
0.9969461001277851,0.0,0.0033333153945659,0.0000000000000000,0.0021182739421820,0.0000000000000000,8.8549370004207244,3.0000955822589694,-165.217694,1.430760,163.7869341386500,-234.3868458539673,1,1.4e-11
0.9969463103739380,0.0,0.0033334703481101,0.0000000000000000,0.0021167507832547,0.0000000000000000,8.8554021760892532,3.0000955843261359,-165.329064,1.431691,163.8973726808269,-234.7001754378580,1,9.8e-12
0.9969465249409507,0.0,0.0033336284257369,0.0000000000000000,0.0021151967114964,0.0000000000000000,8.8558771167471857,3.0000955864305325,-165.442718,1.432643,164.0100743827482,-235.0203964741486,1,6.6e-12
0.9969467439157259,0.0,0.0033337896878700,0.0000000000000000,0.0021136111215280,0.0000000000000000,8.8563620273127714,3.0000955885726888,-165.558701,1.433616,164.1250844577784,-235.3476674698995,1,3.3e-12
0.9969469673868387,0.0,0.0033339541960030,0.0000000000000000,0.0021119933970070,0.0000000000000000,8.8568571170019634,3.0000955907531370,-165.677060,1.434611,164.2424489803762,-235.6821508529210,1,5.2e-12
0.9969471954445663,0.0,0.0033341220127137,0.0000000000000000,0.0021103429104652,0.0000000000000000,8.8573625994184688,3.0000955929724080,-165.797843,1.435628,164.3622148994568,-236.0240130612765,1,9.1e-12
0.9969474281809176,0.0,0.0033342932016802,0.0000000000000000,0.0021086590231435,0.0000000000000000,8.8578786926456825,3.0000955952310342,-165.921097,1.436667,164.4844300396973,-236.3734247877564,1,1.7e-11
0.9969476656896675,0.0,0.0033344678276991,0.0000000000000000,0.0021069410847969,0.0000000000000000,8.8584056193405445,3.0000955975295471,-166.046873,1.437730,164.6091431325765,-236.7305609029609,1,1.8e-12
0.9969479080663716,0.0,0.0033346459566894,0.0000000000000000,0.0021051884336447,0.0000000000000000,8.8589436068294010,3.0000955998684797,-166.175220,1.438816,164.7364038232429,-237.0956008442245,1,3.4e-12
0.9969481554084190,0.0,0.0033348276557238,0.0000000000000000,0.0021034003960459,0.0000000000000000,8.8594928872057821,3.0000956022483605,-166.306189,1.439927,164.8662626801278,-237.4687284876964,1,2.9e-12
0.9969484078150503,0.0,0.0033350129930352,0.0000000000000000,0.0021015762864288,0.0000000000000000,8.8600536974303203,3.0000956046697205,-166.439833,1.441062,164.9987712226641,-237.8501323951914,1,3.4e-12
0.9969486653873928,0.0,0.0033352020380339,0.0000000000000000,0.0020997154071014,0.0000000000000000,8.8606262794327026,3.0000956071330847,-166.576205,1.442223,165.1339819275901,-238.2400059401734,1,2.6e-12
0.9969489282284922,0.0,0.0033353948613239,0.0000000000000000,0.0020978170480838,0.0000000000000000,8.8612108802157845,3.0000956096389793,-166.715358,1.443410,165.2719482417336,-238.6385474820254,1,4.5e-12
0.9969491964433456,0.0,0.0033355915347183,0.0000000000000000,0.0020958804869401,0.0000000000000000,8.8618077519618677,3.0000956121879261,-166.857348,1.444623,165.4127246090218,-239.0459604180232,1,3.2e-12
0.9969494701389338,0.0,0.0033357921312555,0.0000000000000000,0.0020939049886092,0.0000000000000000,8.8624171521412087,3.0000956147804416,-167.002230,1.445864,165.5563664765989,-239.4624534273753,1,2.6e-12
0.9969497494242561,0.0,0.0033359967252146,0.0000000000000000,0.0020918898052366,0.0000000000000000,8.8630393436227983,3.0000956174170406,-167.150063,1.447132,165.7029303130894,-239.8882405787244,1,1.0e-12
0.9969500344103627,0.0,0.0033362053921321,0.0000000000000000,0.0020898341760052,0.0000000000000000,8.8636745947874598,3.0000956200982301,-167.300903,1.448429,165.8524736212739,-240.3235415409235,1,4.5e-12
0.9969503252103904,0.0,0.0033364182088171,0.0000000000000000,0.0020877373269652,0.0000000000000000,8.8643231796433088,3.0000956228245146,-167.454811,1.449756,166.0050549658778,-240.7685816382291,1,6.5e-12
0.9969506219395960,0.0,0.0033366352533678,0.0000000000000000,0.0020855984708664,0.0000000000000000,8.8649853779436398,3.0000956255963902,-167.611846,1.451112,166.1607339785541,-241.2235921228294,1,1.7e-12
0.9969509247153930,0.0,0.0033368566051876,0.0000000000000000,0.0020834168069883,0.0000000000000000,8.8656614753072738,3.0000956284143454,-167.772071,1.452499,166.3195713699794,-241.6888104020672,1,4.1e-12
0.9969512336573855,0.0,0.0033370823450007,0.0000000000000000,0.0020811915209720,0.0000000000000000,8.8663517633414255,3.0000956312788629,-167.935547,1.453918,166.4816289629784,-242.1644800561626,1,5.6e-12
0.9969515488874057,0.0,0.0033373125548688,0.0000000000000000,0.0020789217846514,0.0000000000000000,8.8670565397671410,3.0000956341904148,-168.102338,1.455369,166.6469697000227,-242.6508511302673,1,1.8e-12
0.9969518705295494,0.0,0.0033375473182067,0.0000000000000000,0.0020766067558857,0.0000000000000000,8.8677761085473676,3.0000956371494634,-168.272510,1.456852,166.8156576488671,-243.1481804263403,1,4.2e-12
0.9969521987102133,0.0,0.0033377867197988,0.0000000000000000,0.0020742455783926,0.0000000000000000,8.8685107800177008,3.0000956401564625,-168.446128,1.458370,166.9877580410347,-243.6567314930489,1,2.8e-12
0.9969525335581327,0.0,0.0033380308458149,0.0000000000000000,0.0020718373815816,0.0000000000000000,8.8692608710198595,3.0000956432118513,-168.623259,1.459922,167.1633372738754,-244.1767750348972,1,3.7e-12
0.9969528752044186,0.0,0.0033382797838268,0.0000000000000000,0.0020693812803881,0.0000000000000000,8.8700267050379757,3.0000956463160575,-168.803972,1.461509,167.3424629295047,-244.7085890354956,1,5.7e-12
0.9969532237825958,0.0,0.0033385336228240,0.0000000000000000,0.0020668763751100,0.0000000000000000,8.8708086123377186,3.0000956494694972,-168.988337,1.463133,167.5252037958074,-245.2524590162830,1,8.5e-12
0.9969535794286424,0.0,0.0033387924532302,0.0000000000000000,0.0020643217512435,0.0000000000000000,8.8716069301083387,3.0000956526725693,-169.176424,1.464794,167.7116298851263,-245.8086782333139,1,7.3e-12
0.9969539422810283,0.0,0.0033390563669193,0.0000000000000000,0.0020617164793222,0.0000000000000000,8.8724220026076885,3.0000956559256564,-169.368306,1.466494,167.9018124404406,-246.3775480326876,1,8.0e-12
0.9969543124807547,0.0,0.0033393254572314,0.0000000000000000,0.0020590596147557,0.0000000000000000,8.8732541813102781,3.0000956592291259,-169.564056,1.468232,168.0958239664597,-246.9593779911302,1,6.5e-12
0.9969546901713943,0.0,0.0033395998189894,0.0000000000000000,0.0020563501976723,0.0000000000000000,8.8741038250584250,3.0000956625833251,-169.763749,1.470010,168.2937382365890,-247.5544862555525,1,5.9e-12
0.9969550754991311,0.0,0.0033398795485146,0.0000000000000000,0.0020535872527606,0.0000000000000000,8.8749713002165791,3.0000956659885833,-169.967460,1.471830,168.4956303172781,-248.1631997977765,1,8.2e-12
0.9969554686128025,0.0,0.0033401647436433,0.0000000000000000,0.0020507697891159,0.0000000000000000,8.8758569808288712,3.0000956694452059,-170.175268,1.473692,168.7015765818345,-248.7858546893749,1,8.3e-12
0.9969558696639391,0.0,0.0033404555037427,0.0000000000000000,0.0020478968000868,0.0000000000000000,8.8767612487799692,3.0000956729534773,-170.387251,1.475596,168.9116547302724,-249.4227964181173,1,7.3e-12
0.9969562788068076,0.0,0.0033407519297271,0.0000000000000000,0.0020449672631254,0.0000000000000000,8.8776844939592952,3.0000956765136588,-170.603489,1.477545,169.1259438010056,-250.0743802360466,1,6.9e-12
0.9969566961984522,0.0,0.0033410541240741,0.0000000000000000,0.0020419801396399,0.0000000000000000,8.8786271144286850,3.0000956801259844,-170.824064,1.479540,169.3445242001372,-250.7409713915531,1,5.4e-12
0.9969571219987378,0.0,0.0033413621908407,0.0000000000000000,0.0020389343748487,0.0000000000000000,8.8795895165935637,3.0000956837906592,-171.049058,1.481580,169.5674777033866,-251.4229455979548,1,6.6e-12
0.9969575563703929,0.0,0.0033416762356793,0.0000000000000000,0.0020358288976379,0.0000000000000000,8.8805721153777029,3.0000956875078639,-171.278557,1.483669,169.7948874888340,-252.1206892431128,1,6.3e-12
0.9969579994790529,0.0,0.0033419963658540,0.0000000000000000,0.0020326626204255,0.0000000000000000,8.8815753344016386,3.0000956912777430,-171.512645,1.485806,170.0268381441037,-252.8345998670520,1,8.2e-12
0.9969584514933048,0.0,0.0033423226902571,0.0000000000000000,0.0020294344390225,0.0000000000000000,8.8825996061648329,3.0000956951004127,-171.751410,1.487994,170.2634156915923,-253.5650864604286,1,8.1e-12
0.9969589125847308,0.0,0.0033426553194247,0.0000000000000000,0.0020261432325022,0.0000000000000000,8.8836453722316477,3.0000956989759504,-171.994941,1.490233,170.5047075996116,-254.3125699262273,1,7.5e-12
0.9969593829279542,0.0,0.0033429943655533,0.0000000000000000,0.0020227878630724,0.0000000000000000,8.8847130834212180,3.0000957029044004,-172.243328,1.492525,170.7508028002952,-255.0774834872573,1,9.0e-12
0.9969598627006842,0.0,0.0033433399425160,0.0000000000000000,0.0020193671759505,0.0000000000000000,8.8858032000013036,3.0000957068857654,-172.496663,1.494871,171.0017917155178,-255.8602730368530,1,8.1e-12
0.9969603520837620,0.0,0.0033436921658791,0.0000000000000000,0.0020158799992445,0.0000000000000000,8.8869161918862041,3.0000957109200095,-172.755039,1.497273,171.2577662616455,-256.6613977090274,1,1.2e-11
0.9969608512612076,0.0,0.0033440511529181,0.0000000000000000,0.0020123251438358,0.0000000000000000,8.8880525388388261,3.0000957150070509,-173.018551,1.499731,171.5188198800742,-257.4813302149705,1,1.2e-11
0.9969613604202663,0.0,0.0033444170226345,0.0000000000000000,0.0020087014032702,0.0000000000000000,8.8892127306769826,3.0000957191467648,-173.287296,1.502248,171.7850475416103,-258.3205574499043,1,1.2e-11
0.9969618797514563,0.0,0.0033447898957725,0.0000000000000000,0.0020050075536504,0.0000000000000000,8.8903972674840173,3.0000957233389758,-173.561371,1.504826,172.0565457774417,-259.1795809047162,1,1.2e-11
0.9969624094486169,0.0,0.0033451698948352,0.0000000000000000,0.0020012423535368,0.0000000000000000,8.8916066598238555,3.0000957275834592,-173.840877,1.507464,172.3334126837291,-260.0589172606324,1,1.1e-11
0.9969629497089570,0.0,0.0033455571441023,0.0000000000000000,0.0019974045438499,0.0000000000000000,8.8928414289605513,3.0000957318799366,-174.125914,1.510166,172.6157479444769,-260.9590989177723,1,1.2e-11
0.9969635007331037,0.0,0.0033459517696466,0.0000000000000000,0.0019934928477821,0.0000000000000000,8.8941021070824497,3.0000957362280740,-174.416586,1.512933,172.9036528538539,-261.8806745332022,1,1.2e-11
0.9969640627251526,0.0,0.0033463538993512,0.0000000000000000,0.0019895059707133,0.0000000000000000,8.8953892375310470,3.0000957406274775,-174.712997,1.515767,173.1972303207653,-262.8242097087368,1,1.5e-11
0.9969646358927180,0.0,0.0033467636629274,0.0000000000000000,0.0019854426001321,0.0000000000000000,8.8967033750346545,3.0000957450776928,-175.015254,1.518669,173.4965848961787,-263.7902875143081,1,1.3e-11
0.9969652204469831,0.0,0.0033471811919322,0.0000000000000000,0.0019813014055657,0.0000000000000000,8.8980450859469666,3.0000957495781977,-175.323465,1.521642,173.8018227871597,-264.7795092277120,1,1.6e-11
0.9969658166027525,0.0,0.0033476066197864,0.0000000000000000,0.0019770810385133,0.0000000000000000,8.8994149484906373,3.0000957541284050,-175.637738,1.524687,174.1130518704618,-265.7924949594963,1,1.4e-11
0.9969664245785033,0.0,0.0033480400817929,0.0000000000000000,0.0019727801323891,0.0000000000000000,8.9008135530059587,3.0000957587276544,-175.958187,1.527805,174.4303817098105,-266.8298844364581,1,1.7e-11
0.9969670445964387,0.0,0.0033484817151556,0.0000000000000000,0.0019683973024699,0.0000000000000000,8.9022415022047774,3.0000957633752101,-176.284924,1.531001,174.7539235765995,-267.8923376544935,1,1.7e-11
0.9969676768825411,0.0,0.0033489316589986,0.0000000000000000,0.0019639311458525,0.0000000000000000,8.9036994114297290,3.0000957680702593,-176.618065,1.534274,175.0837904631948,-268.9805357178757,1,1.6e-11
0.9969683216666263,0.0,0.0033493900543855,0.0000000000000000,0.0019593802414159,0.0000000000000000,8.9051879089189185,3.0000957728119055,-176.957725,1.537628,175.4200970911384,-270.0951817119840,1,2.1e-11
0.9969689791824029,0.0,0.0033498570443430,0.0000000000000000,0.0019547431497672,0.0000000000000000,8.9067076360761614,3.0000957775991672,-177.304025,1.541065,175.7629599433818,-271.2370013525524,1,4.4e-12
0.9969696496675123,0.0,0.0033503327738702,0.0000000000000000,0.0019500184133254,0.0000000000000000,8.9082592477469298,3.0000957824309720,-177.657084,1.544587,176.1124972680583,-272.4067441931784,1,1.5e-12
0.9969703333636081,0.0,0.0033508173899764,0.0000000000000000,0.0019452045561532,0.0000000000000000,8.9098434125000239,3.0000957873061540,-178.017025,1.548196,176.4688290930086,-273.6051842902125,1,3.3e-12
0.9969710305163987,0.0,0.0033513110416928,0.0000000000000000,0.0019403000840561,0.0000000000000000,8.9114608129152391,3.0000957922234481,-178.383972,1.551895,176.8320772501495,-274.8331212588346,1,2.9e-12
0.9969717413757099,0.0,0.0033518138800977,0.0000000000000000,0.0019353034845606,0.0000000000000000,8.9131121458770437,3.0000957971814883,-178.758051,1.555686,177.2023653798804,-276.0913813700572,1,4.6e-12
0.9969724661955437,0.0,0.0033523260583407,0.0000000000000000,0.0019302132269285,0.0000000000000000,8.9147981228744353,3.0000958021787989,-179.139391,1.559572,177.5798189575879,-277.3808185170637,1,4.6e-12
0.9969732052341392,0.0,0.0033528477316670,0.0000000000000000,0.0019250277621785,0.0000000000000000,8.9165194703070991,3.0000958072137940,-179.528122,1.563556,177.9645652991691,-278.7023154172675,1,5.7e-13
0.9969739587540344,0.0,0.0033533790574438,0.0000000000000000,0.0019197455231182,0.0000000000000000,8.9182769297980116,3.0000958122847696,-179.924374,1.567641,178.3567335765547,-280.0567847978145,1,1.6e-12
0.9969747270221285,0.0,0.0033539201951867,0.0000000000000000,0.0019143649243852,0.0000000000000000,8.9200712585126158,3.0000958173899002,-180.328284,1.571829,178.7564548389163,-281.4451705497686,1,5.6e-12
0.9969755103097461,0.0,0.0033544713065885,0.0000000000000000,0.0019088843624971,0.0000000000000000,8.9219032294847125,3.0000958225272338,-180.739985,1.576123,179.1638620250035,-282.8684490449159,1,3.8e-12
0.9969763088927025,0.0,0.0033550325555481,0.0000000000000000,0.0019033022159119,0.0000000000000000,8.9237736319492047,3.0000958276946852,-181.159617,1.580527,179.5790899712471,-284.3276305825184,1,2.3e-12
0.9969771230513708,0.0,0.0033556041082020,0.0000000000000000,0.0018976168450977,0.0000000000000000,8.9256832716818533,3.0000958328900316,-181.587319,1.585043,180.0022754323332,-285.8237607156589,1,5.7e-12
0.9969779530707495,0.0,0.0033561861329565,0.0000000000000000,0.0018918265926129,0.0000000000000000,8.9276329713461813,3.0000958381109064,-182.023233,1.589676,180.4335570972557,-287.3579217448623,1,2.4e-12
0.9969787992405328,0.0,0.0033567788005227,0.0000000000000000,0.0018859297831953,0.0000000000000000,8.9296235708476761,3.0000958433547935,-182.467503,1.594428,180.8730755946350,-288.9312343772744,1,2.5e-12
0.9969796519140136,0.0,0.0033573753331445,0.0000000000000000,0.0018799938923947,0.0000000000000000,8.9316324882505089,3.0000958485588214,-182.915059,1.599246,181.3158126749544,-290.5262068527991,1,3.4e-12
0.9969805032889754,0.0,0.0033579702725476,0.0000000000000000,0.0018740732952418,0.0000000000000000,8.9336413609463694,3.0000958536747242,-183.361802,1.604088,181.7577144138175,-292.1284024992783,1,1.6e-12
0.9969813533748925,0.0,0.0033585636349340,0.0000000000000000,0.0018681679000722,0.0000000000000000,8.9356501894061697,3.0000958587030118,-183.807737,1.608952,182.1987851911020,-293.7378656115252,1,1.8e-12
0.9969822021811789,0.0,0.0033591554363399,0.0000000000000000,0.0018622776159890,0.0000000000000000,8.9376589740948553,3.0000958636441863,-184.252869,1.613840,182.6390293758494,-295.3546405869020,1,2.8e-12
0.9969830497171889,0.0,0.0033597456926370,0.0000000000000000,0.0018564023528538,0.0000000000000000,8.9396677154714936,3.0000958684987489,-184.697202,1.618751,183.0784513242880,-296.9787719513042,1,2.0e-12
0.9969838959922170,0.0,0.0033603344195352,0.0000000000000000,0.0018505420212776,0.0000000000000000,8.9416764139893701,3.0000958732671927,-185.140741,1.623685,183.5170553800848,-298.6103043550247,1,1.5e-12
0.9969847410154994,0.0,0.0033609216325843,0.0000000000000000,0.0018446965326110,0.0000000000000000,8.9436850700960804,3.0000958779500060,-185.583489,1.628643,183.9548458741758,-300.2492825824411,1,2.3e-12
0.9969855847962135,0.0,0.0033615073471759,0.0000000000000000,0.0018388657989354,0.0000000000000000,8.9456936842336159,3.0000958825476749,-186.025452,1.633625,184.3918271235680,-301.8957515493712,1,7.3e-13
0.9969864273434791,0.0,0.0033620915785454,0.0000000000000000,0.0018330497330545,0.0000000000000000,8.9477022568384541,3.0000958870606791,-186.466633,1.638630,184.8280034379134,-303.5497562768105,1,3.2e-12
0.9969872686663588,0.0,0.0033626743417737,0.0000000000000000,0.0018272482484856,0.0000000000000000,8.9497107883416458,3.0000958914894928,-186.907038,1.643659,185.2633791153373,-305.2113418936860,1,2.2e-12
0.9969881087738584,0.0,0.0033632556517895,0.0000000000000000,0.0018214612594498,0.0000000000000000,8.9517192791688966,3.0000958958345865,-187.346670,1.648711,185.6979584412542,-306.8805536837899,1,8.6e-14
0.9969889476749272,0.0,0.0033638355233704,0.0000000000000000,0.0018156886808656,0.0000000000000000,8.9537277297406490,3.0000959000964267,-187.785534,1.653788,186.1317456906558,-308.5574370589929,1,2.0e-12
0.9969897853784589,0.0,0.0033644139711454,0.0000000000000000,0.0018099304283389,0.0000000000000000,8.9557361404721689,3.0000959042754745,-188.223634,1.658889,186.5647451311059,-310.2420375131805,1,1.8e-12
0.9969906218932921,0.0,0.0033649910095963,0.0000000000000000,0.0018041864181558,0.0000000000000000,8.9577445117736190,3.0000959083721876,-188.660974,1.664013,186.9969610205141,-311.9344006781612,1,3.7e-12
0.9969914572282103,0.0,0.0033655666530594,0.0000000000000000,0.0017984565672741,0.0000000000000000,8.9597528440501417,3.0000959123870183,-189.097560,1.669163,187.4283976091340,-313.6345722829028,1,2.4e-12
0.9969922913919425,0.0,0.0033661409157274,0.0000000000000000,0.0017927407933157,0.0000000000000000,8.9617611377019326,3.0000959163204151,-189.533395,1.674336,187.8590591345786,-315.3425982186855,1,2.8e-12
0.9969931243931640,0.0,0.0033667138116510,0.0000000000000000,0.0017870390145586,0.0000000000000000,8.9637693931243181,3.0000959201728210,-189.968484,1.679534,188.2889498283845,-317.0585244579597,1,2.5e-12
0.9969939562404968,0.0,0.0033672853547404,0.0000000000000000,0.0017813511499293,0.0000000000000000,8.9657776107078302,3.0000959239446776,-190.402830,1.684756,188.7180739148851,-318.7823971044963,1,3.1e-12
0.9969947869425095,0.0,0.0033678555587673,0.0000000000000000,0.0017756771189959,0.0000000000000000,8.9677857908382759,3.0000959276364201,-190.836439,1.690004,189.1464356107951,-320.5142623555221,1,5.7e-13
0.9969956165077187,0.0,0.0033684244373661,0.0000000000000000,0.0017700168419594,0.0000000000000000,8.9697939338968116,3.0000959312484801,-191.269315,1.695275,189.5740391260655,-322.2541665560093,1,3.8e-12
0.9969964449445883,0.0,0.0033689920040358,0.0000000000000000,0.0017643702396476,0.0000000000000000,8.9718020402600125,3.0000959347812843,-191.701461,1.700572,190.0008886642840,-324.0021561128306,1,5.5e-13
0.9969972722615308,0.0,0.0033695582721414,0.0000000000000000,0.0017587372335076,0.0000000000000000,8.9738101102999419,3.0000959382352579,-192.132882,1.705894,190.4269884177558,-325.7582776241652,1,1.3e-12
0.9969980984669076,0.0,0.0033701232549156,0.0000000000000000,0.0017531177455984,0.0000000000000000,8.9758181443842151,3.0000959416108199,-192.563583,1.711240,190.8523425805132,-327.5225777200249,1,3.2e-12
0.9969989235690289,0.0,0.0033706869654598,0.0000000000000000,0.0017475116985845,0.0000000000000000,8.9778261428760722,3.0000959449083857,-192.993567,1.716612,191.2769553379669,-329.2951031642442,1,3.1e-12
0.9969997475761512,0.0,0.0033712494167441,0.0000000000000000,0.0017419190157522,0.0000000000000000,8.9798341061344438,3.0000959481283678,-193.422840,1.722009,191.7008308693211,-331.0759008933492,1,2.1e-11
0.9970005704964917,0.0,0.0033718106216175,0.0000000000000000,0.0017363396209079,0.0000000000000000,8.9818420345139902,3.0000959512711747,-193.851405,1.727431,192.1239733482829,-332.8650178008465,1,2.1e-11
0.9970013923382071,0.0,0.0033723705927954,0.0000000000000000,0.0017307734385154,0.0000000000000000,8.9838499283652098,3.0000959543372097,-194.279266,1.732879,192.5463869480423,-334.6625010106800,1,1.9e-11
0.9970022131094085,0.0,0.0033729293428705,0.0000000000000000,0.0017252203935929,0.0000000000000000,8.9858577880344654,3.0000959573268746,-194.706428,1.738352,192.9680758324204,-336.4683977393979,1,1.7e-11
0.9970030328181582,0.0,0.0033734868843118,0.0000000000000000,0.0017196804117304,0.0000000000000000,8.9878656138640594,3.0000959602405657,-195.132895,1.743851,193.3890441648446,-338.2827552987328,1,2.0e-11
0.9970038514724702,0.0,0.0033740432294662,0.0000000000000000,0.0017141534190836,0.0000000000000000,8.9898734061922863,3.0000959630786768,-195.558672,1.749376,193.8092961068440,-340.1056210593269,1,1.8e-11
0.9970046690803104,0.0,0.0033745983905596,0.0000000000000000,0.0017086393423680,0.0000000000000000,8.9918811653534974,3.0000959658415978,-195.983762,1.754926,194.2288358120808,-341.9370425624911,1,1.8e-11
0.9970054856495969,0.0,0.0033751523796982,0.0000000000000000,0.0017031381088525,0.0000000000000000,8.9938888916781572,3.0000959685297146,-196.408170,1.760502,194.6476674357158,-343.7770673949926,1,1.7e-11
0.9970063011882007,0.0,0.0033757052088702,0.0000000000000000,0.0016976496463531,0.0000000000000000,8.9958965854928952,3.0000959711434105,-196.831900,1.766105,195.0657951294388,-345.6257432638376,1,1.4e-11
0.9970071157039458,0.0,0.0033762568899466,0.0000000000000000,0.0016921738832274,0.0000000000000000,8.9979042471205677,3.0000959736830652,-197.254956,1.771733,195.4832230418238,-347.4831180025030,1,1.4e-11
0.9970079292046099,0.0,0.0033768074346830,0.0000000000000000,0.0016867107483685,0.0000000000000000,8.9999118768803097,3.0000959761490540,-197.677343,1.777388,195.8999553198367,-349.3492394980967,1,1.3e-11
0.9970087416979241,0.0,0.0033773568547207,0.0000000000000000,0.0016812601711992,0.0000000000000000,9.0019194750875897,3.0000959785417498,-198.099064,1.783068,196.3159961131574,-351.2241557420784,1,1.3e-11
0.9970095531915739,0.0,0.0033779051615875,0.0000000000000000,0.0016758220816665,0.0000000000000000,9.0039270420542596,3.0000959808615217,-198.520125,1.788775,196.7313495622888,-353.1079148607205,1,1.4e-11
0.9970103636931993,0.0,0.0033784523666997,0.0000000000000000,0.0016703964102357,0.0000000000000000,9.0059345780886115,3.0000959831087357,-198.940529,1.794509,197.1460198188757,-355.0005650030180,1,1.3e-11
0.9970111732103953,0.0,0.0033789984813629,0.0000000000000000,0.0016649830878853,0.0000000000000000,9.0079420834954238,3.0000959852837563,-199.360280,1.800269,197.5600110241156,-356.9021544579773,1,9.8e-12
0.9970119817507119,0.0,0.0033795435167730,0.0000000000000000,0.0016595820461009,0.0000000000000000,9.0099495585760163,3.0000959873869411,-199.779383,1.806056,197.9733273215915,-358.8127316419123,1,1.2e-11
0.9970127893216548,0.0,0.0033800874840179,0.0000000000000000,0.0016541932168707,0.0000000000000000,9.0119570036282930,3.0000959894186465,-200.197842,1.811869,198.3859728586613,-360.7323449733012,1,1.2e-11
0.9970135959306856,0.0,0.0033806303940784,0.0000000000000000,0.0016488165326791,0.0000000000000000,9.0139644189467987,3.0000959913792276,-200.615662,1.817710,198.7979517820206,-362.6610430075561,1,1.1e-11
0.9970144015852223,0.0,0.0033811722578291,0.0000000000000000,0.0016434519265026,0.0000000000000000,9.0159718048227599,3.0000959932690328,-201.032845,1.823577,199.2092682377992,-364.5988743935377,1,9.9e-12
0.9970152062926390,0.0,0.0033817130860402,0.0000000000000000,0.0016380993318044,0.0000000000000000,9.0179791615441349,3.0000959950884099,-201.449398,1.829471,199.6199263737204,-366.5458878602476,1,1.0e-11
0.9970160100602670,0.0,0.0033822528893778,0.0000000000000000,0.0016327586825284,0.0000000000000000,9.0199864893956594,3.0000959968377034,-201.865323,1.835393,200.0299303421433,-368.5021322090142,1,1.1e-11
0.9970168128953949,0.0,0.0033827916784057,0.0000000000000000,0.0016274299130954,0.0000000000000000,9.0219937886588930,3.0000959985172546,-202.280626,1.841341,200.4392842945068,-370.4676563249923,1,9.8e-12
0.9970176148052687,0.0,0.0033833294635861,0.0000000000000000,0.0016221129583976,0.0000000000000000,9.0240010596122620,3.0000960001274013,-202.695309,1.847317,200.8479923866500,-372.4425091844096,1,8.4e-12
0.9970184157970924,0.0,0.0033838662552809,0.0000000000000000,0.0016168077537937,0.0000000000000000,9.0260083025311051,3.0000960016684783,-203.109379,1.853320,201.2560587749848,-374.4267398491429,1,8.0e-12
0.9970192158780278,0.0,0.0033844020637525,0.0000000000000000,0.0016115142351045,0.0000000000000000,9.0280155176877130,3.0000960031408193,-203.522839,1.859351,201.6634876202713,-376.4203974559496,1,8.7e-12
0.9970200150551956,0.0,0.0033849368991651,0.0000000000000000,0.0016062323386077,0.0000000000000000,9.0300227053513744,3.0000960045447536,-203.935692,1.865409,202.0702830875146,-378.4235311932971,1,6.8e-12
0.9970208133356748,0.0,0.0033854707715857,0.0000000000000000,0.0016009620010336,0.0000000000000000,9.0320298657884166,3.0000960058806068,-204.347945,1.871495,202.4764493442550,-380.4361903670360,1,7.6e-12
0.9970216107265042,0.0,0.0033860036909849,0.0000000000000000,0.0015957031595605,0.0000000000000000,9.0340369992622485,3.0000960071487044,-204.759599,1.877609,202.8819905634378,-382.4584243131940,1,7.4e-12
0.9970224072346812,0.0,0.0033865356672382,0.0000000000000000,0.0015904557518097,0.0000000000000000,9.0360441060333976,3.0000960083493662,-205.170661,1.883750,203.2869109183855,-384.4902824927849,1,6.1e-12
0.9970232028671633,0.0,0.0033870667101269,0.0000000000000000,0.0015852197158415,0.0000000000000000,9.0380511863595494,3.0000960094829119,-205.581134,1.889920,203.6912145928837,-386.5318143820041,1,4.6e-12
0.9970239976308678,0.0,0.0033875968293388,0.0000000000000000,0.0015799949901510,0.0000000000000000,9.0400582404955934,3.0000960105496572,-205.991023,1.896117,204.0949057705411,-388.5830695777586,1,4.9e-12
0.9970247915326724,0.0,0.0033881260344696,0.0000000000000000,0.0015747815136633,0.0000000000000000,9.0420652686936513,3.0000960115499145,-206.400331,1.902342,204.4979886430514,-390.6440977115162,1,4.7e-12
0.9970255845794153,0.0,0.0033886543350237,0.0000000000000000,0.0015695792257291,0.0000000000000000,9.0440722712031256,3.0000960124839957,-206.809063,1.908596,204.9004674080398,-392.7149484878209,1,6.1e-12
0.9970263767778954,0.0,0.0033891817404150,0.0000000000000000,0.0015643880661209,0.0000000000000000,9.0460792482707255,3.0000960133522074,-207.217224,1.914878,205.3023462659934,-394.7956716869812,1,5.2e-12
0.9970271681348728,0.0,0.0033897082599680,0.0000000000000000,0.0015592079750287,0.0000000000000000,9.0480862001405153,3.0000960141548556,-207.624817,1.921188,205.7036294277487,-396.8863171297853,1,3.4e-12
0.9970279586570689,0.0,0.0033902339029185,0.0000000000000000,0.0015540388930560,0.0000000000000000,9.0500931270539429,3.0000960148922426,-208.031848,1.927527,206.1043211063222,-398.9869347355307,1,4.0e-12
0.9970287483511671,0.0,0.0033907586784149,0.0000000000000000,0.0015488807612150,0.0000000000000000,9.0521000292498748,3.0000960155646705,-208.438319,1.933894,206.5044255247661,-401.0975744488605,1,6.1e-12
0.9970295372238122,0.0,0.0033912825955186,0.0000000000000000,0.0015437335209240,0.0000000000000000,9.0541069069646358,3.0000960161724355,-208.844236,1.940290,206.9039469122333,-403.2182862793597,1,3.0e-12
0.9970303252816114,0.0,0.0033918056632055,0.0000000000000000,0.0015385971140019,0.0000000000000000,9.0561137604320425,3.0000960167158328,-209.249603,1.946714,207.3028895042725,-405.3491203097437,1,1.7e-12
0.9970311125311346,0.0,0.0033923278903661,0.0000000000000000,0.0015334714826654,0.0000000000000000,9.0581205898834334,3.0000960171951565,-209.654425,1.953167,207.7012575463619,-407.4901266601664,1,2.7e-12
0.9970318989789143,0.0,0.0033928492858070,0.0000000000000000,0.0015283565695247,0.0000000000000000,9.0601273955477062,3.0000960176106970,-210.058704,1.959649,208.0990552899099,-409.6413555103027,1,1.6e-12
0.9970326846314458,0.0,0.0033933698582514,0.0000000000000000,0.0015232523175797,0.0000000000000000,9.0621341776513482,3.0000960179627421,-210.462447,1.966160,208.4962869933065,-411.8028571097311,1,3.5e-12
0.9970334694951878,0.0,0.0033938896163403,0.0000000000000000,0.0015181586702162,0.0000000000000000,9.0641409364184700,3.0000960182515777,-210.865657,1.972700,208.8929569292921,-413.9746816988336,1,1.4e-12
0.9970342535765625,0.0,0.0033944085686327,0.0000000000000000,0.0015130755712026,0.0000000000000000,9.0661476720708372,3.0000960184774876,-211.268338,1.979269,209.2890693702603,-416.1568796566025,1,3.3e-12
0.9970350368819559,0.0,0.0033949267236073,0.0000000000000000,0.0015080029646859,0.0000000000000000,9.0681543848279009,3.0000960186407521,-211.670496,1.985867,209.6846286084279,-418.3495013089887,1,2.2e-12
0.9970358194177181,0.0,0.0033954440896622,0.0000000000000000,0.0015029407951879,0.0000000000000000,9.0701610749068298,3.0000960187416523,-212.072134,1.992495,210.0796389364454,-420.5525970979397,1,7.3e-13
0.9970366011901632,0.0,0.0033959606751169,0.0000000000000000,0.0014978890076021,0.0000000000000000,9.0721677425225380,3.0000960187804626,-212.473256,1.999151,210.4741046619144,-422.7662174778598,1,5.3e-13
0.9970373822055700,0.0,0.0033964764882121,0.0000000000000000,0.0014928475471898,0.0000000000000000,9.0741743878877195,3.0000960187574583,-212.873868,2.005838,210.8680300991666,-424.9904129539937,1,9.5e-13
0.9970381624701820,0.0,0.0033969915371110,0.0000000000000000,0.0014878163595771,0.0000000000000000,9.0761810112128725,3.0000960186729122,-213.273973,2.012553,211.2614195739148,-427.2252340752675,1,2.9e-12
0.9970389419902077,0.0,0.0033975058299001,0.0000000000000000,0.0014827953907506,0.0000000000000000,9.0781876127063317,3.0000960185270951,-213.673576,2.019298,211.6542774257526,-429.4707313763611,1,1.4e-12
0.9970397207718208,0.0,0.0033980193745896,0.0000000000000000,0.0014777845870552,0.0000000000000000,9.0801941925742984,3.0000960183202730,-214.072681,2.026073,212.0466080003573,-431.7269554968370,1,2.2e-12
0.9970404988211606,0.0,0.0033985321791143,0.0000000000000000,0.0014727838951899,0.0000000000000000,9.0822007510208618,3.0000960180527132,-214.471294,2.032878,212.4384156545676,-433.9939570846836,1,1.5e-12
0.9970412761443321,0.0,0.0033990442513347,0.0000000000000000,0.0014677932622045,0.0000000000000000,9.0842072882480345,3.0000960177246792,-214.869417,2.039712,212.8297047605359,-436.2717867883475,1,1.2e-12
0.9970420527474061,0.0,0.0033995555990370,0.0000000000000000,0.0014628126354968,0.0000000000000000,9.0862138044557739,3.0000960173364319,-215.267056,2.046576,213.2204796973831,-438.5604953355614,1,1.8e-12
0.9970428286364198,0.0,0.0034000662299346,0.0000000000000000,0.0014578419628090,0.0000000000000000,9.0882202998420141,3.0000960168882318,-215.664215,2.053471,213.6107448613491,-440.8601334115119,1,1.6e-12
0.9970436038173764,0.0,0.0034005761516683,0.0000000000000000,0.0014528811922251,0.0000000000000000,9.0902267746026890,3.0000960163803359,-216.060899,2.060395,214.0005046550516,-443.1707518128424,1,3.0e-12
0.9970443782962463,0.0,0.0034010853718073,0.0000000000000000,0.0014479302721665,0.0000000000000000,9.0922332289317591,3.0000960158130003,-216.457113,2.067349,214.3897634982584,-445.4924012762240,1,2.1e-12
0.9970451520789663,0.0,0.0034015938978495,0.0000000000000000,0.0014429891513905,0.0000000000000000,9.0942396630212361,3.0000960151864788,-216.852859,2.074333,214.7785258209210,-447.8251326015161,1,3.0e-12
0.9970459251714405,0.0,0.0034021017372226,0.0000000000000000,0.0014380577789859,0.0000000000000000,9.0962460770612115,3.0000960145010218,-217.248144,2.081348,215.1667960671209,-450.1689966056401,1,3.3e-12
0.9970466975795403,0.0,0.0034026088972846,0.0000000000000000,0.0014331361043714,0.0000000000000000,9.0982524712398796,3.0000960137568802,-217.642972,2.088393,215.5545786921592,-452.5240441224996,1,3.2e-12
0.9970474693091046,0.0,0.0034031153853246,0.0000000000000000,0.0014282240772903,0.0000000000000000,9.1002588457435607,3.0000960129543008,-218.037346,2.095468,215.9418781664415,-454.8903259908730,1,3.2e-12
0.9970482403659401,0.0,0.0034036212085633,0.0000000000000000,0.0014233216478102,0.0000000000000000,9.1022652007567260,3.0000960120935298,-218.431273,2.102574,216.3286989732503,-457.2678930627117,1,2.5e-12
0.9970490107558213,0.0,0.0034041263741536,0.0000000000000000,0.0014184287663184,0.0000000000000000,9.1042715364620257,3.0000960111748110,-218.824756,2.109710,216.7150456132252,-459.6567961797227,1,3.7e-12
0.9970497804844911,0.0,0.0034046308891815,0.0000000000000000,0.0014135453835192,0.0000000000000000,9.1062778530403037,3.0000960101983862,-219.217799,2.116877,217.1009225944534,-462.0570862429267,1,3.1e-12
0.9970505495576605,0.0,0.0034051347606664,0.0000000000000000,0.0014086714504321,0.0000000000000000,9.1082841506706309,3.0000960091644964,-219.610409,2.124074,217.4863344462695,-464.4688140960134,1,2.9e-12
0.9970513179810094,0.0,0.0034056379955623,0.0000000000000000,0.0014038069183872,0.0000000000000000,9.1102904295303198,3.0000960080733790,-220.002588,2.131302,217.8712857081233,-466.8920306388900,1,2.8e-12
0.9970520857601863,0.0,0.0034061406007578,0.0000000000000000,0.0013989517390239,0.0000000000000000,9.1122966897949507,3.0000960069252707,-220.394342,2.138561,218.2557809377910,-469.3267867238865,1,2.8e-12
0.9970528529008090,0.0,0.0034066425830770,0.0000000000000000,0.0013941058642879,0.0000000000000000,9.1143029316383952,3.0000960057204069,-220.785676,2.145851,218.6398247060558,-471.7731332270741,1,4.0e-12
0.9970536194084642,0.0,0.0034071439492800,0.0000000000000000,0.0013892692464280,0.0000000000000000,9.1163091552328339,3.0000960044590199,-221.176593,2.153171,219.0234215979640,-474.2311210556800,1,3.2e-12
0.9970543852887080,0.0,0.0034076447060639,0.0000000000000000,0.0013844418379935,0.0000000000000000,9.1183153607487828,3.0000960031413415,-221.567099,2.160523,219.4065762186835,-476.7008010316204,1,3.1e-12
0.9970551505470665,0.0,0.0034081448600627,0.0000000000000000,0.0013796235918316,0.0000000000000000,9.1203215483551094,3.0000960017675999,-221.957199,2.167905,219.7892931857866,-479.1822240167785,1,3.4e-12
0.9970559151890352,0.0,0.0034086444178485,0.0000000000000000,0.0013748144610853,0.0000000000000000,9.1223277182190596,3.0000960003380244,-222.346896,2.175319,220.1715771321761,-481.6754408735069,1,3.0e-12
0.9970566792200801,0.0,0.0034091433859319,0.0000000000000000,0.0013700143991900,0.0000000000000000,9.1243338705062715,3.0000959988528400,-222.736196,2.182764,220.5534327115179,-484.1805024054120,1,4.0e-12
0.9970574426456369,0.0,0.0034096417707624,0.0000000000000000,0.0013652233598716,0.0000000000000000,9.1263400053808006,3.0000959973122718,-223.125104,2.190240,220.9348645888570,-486.6974594528147,1,3.7e-12
0.9970582054711120,0.0,0.0034101395787291,0.0000000000000000,0.0013604412971432,0.0000000000000000,9.1283461230051390,3.0000959957165416,-223.513624,2.197747,221.3158774495480,-489.2263627981411,1,3.1e-12
0.9970589677018826,0.0,0.0034106368161614,0.0000000000000000,0.0013556681653033,0.0000000000000000,9.1303522235402355,3.0000959940658714,-223.901761,2.205285,221.6964759972292,-491.7672631999412,1,4.3e-12
0.9970597293432962,0.0,0.0034111334893293,0.0000000000000000,0.0013509039189332,0.0000000000000000,9.1323583071455108,3.0000959923604795,-224.289520,2.212855,222.0766649475625,-494.3202114380001,1,3.5e-12
0.9970604904006719,0.0,0.0034116296044440,0.0000000000000000,0.0013461485128943,0.0000000000000000,9.1343643739788831,3.0000959906005842,-224.676905,2.220456,222.4564490399814,-496.8852581960091,1,6.1e-12
0.9970612508792994,0.0,0.0034121251676587,0.0000000000000000,0.0013414019023257,0.0000000000000000,9.1363704241967838,3.0000959887864020,-225.063922,2.228089,222.8358330276302,-499.4624542123165,1,3.7e-12
0.9970620107844402,0.0,0.0034126201850688,0.0000000000000000,0.0013366640426418,0.0000000000000000,9.1383764579541751,3.0000959869181472,-225.450575,2.235753,223.2148216818994,-502.0518501226798,1,4.7e-12
0.9970627701213273,0.0,0.0034131146627127,0.0000000000000000,0.0013319348895307,0.0000000000000000,9.1403824754045697,3.0000959849960331,-225.836869,2.243449,223.5934197954437,-504.6534965559076,1,5.3e-12
0.9970635288951651,0.0,0.0034136086065720,0.0000000000000000,0.0013272143989501,0.0000000000000000,9.1423884767000487,3.0000959830202705,-226.222809,2.251176,223.9716321751752,-507.2674441248382,1,5.9e-12
0.9970642871111305,0.0,0.0034141020225725,0.0000000000000000,0.0013225025271268,0.0000000000000000,9.1443944619912809,3.0000959809910697,-226.608399,2.258935,224.3494636491396,-509.8937433889623,1,3.9e-12
0.9970650447743720,0.0,0.0034145949165843,0.0000000000000000,0.0013177992305534,0.0000000000000000,9.1464004314275389,3.0000959789086385,-226.993645,2.266726,224.7269190657888,-512.5324448233587,1,4.5e-12
0.9970658018900108,0.0,0.0034150872944223,0.0000000000000000,0.0013131044659864,0.0000000000000000,9.1484063851567168,3.0000959767731854,-227.378552,2.274549,225.1040032900932,-515.1835989242027,0,4.4e-12
0.9970665584631402,0.0,0.0034155791618470,0.0000000000000000,0.0013084181904437,0.0000000000000000,9.1504123233253463,3.0000959745849136,-227.763124,2.282403,225.4807212052546,-517.8472561112940,0,4.9e-12
0.9970673144988265,0.0,0.0034160705245649,0.0000000000000000,0.0013037403612026,0.0000000000000000,9.1524182460786179,3.0000959723440288,-228.147367,2.290289,225.8570777177409,-520.5234667529148,0,4.8e-12
0.9970680700021085,0.0,0.0034165613882287,0.0000000000000000,0.0012990709357976,0.0000000000000000,9.1544241535603899,3.0000959700507326,-228.531285,2.298207,226.2330777522056,-523.2122811658446,0,4.7e-12
0.9970688249779983,0.0,0.0034170517584384,0.0000000000000000,0.0012944098720184,0.0000000000000000,9.1564300459132131,3.0000959677052261,-228.914884,2.306157,226.6087262521938,-525.9137496232579,0,3.5e-12
0.9970695794314811,0.0,0.0034175416407409,0.0000000000000000,0.0012897571279067,0.0000000000000000,9.1584359232783399,3.0000959653077088,-229.298168,2.314139,226.9840281826657,-528.6279223128549,0,4.5e-12
0.9970703333675153,0.0,0.0034180310406313,0.0000000000000000,0.0012851126617559,0.0000000000000000,9.1604417857957472,3.0000959628583788,-229.681142,2.322153,227.3589885278776,-531.3548494071983,0,4.6e-12
0.9970710867910328,0.0,0.0034185199635529,0.0000000000000000,0.0012804764321071,0.0000000000000000,9.1624476336041472,3.0000959603574331,-230.063812,2.330200,227.7336122931181,-534.0945809716941,0,3.9e-12
0.9970718397069397,0.0,0.0034190084148979,0.0000000000000000,0.0012758483977486,0.0000000000000000,9.1644534668410031,3.0000959578050677,-230.446182,2.338278,228.1079045061583,-536.8471670102845,0,5.5e-12
0.9970725921201153,0.0,0.0034194964000078,0.0000000000000000,0.0012712285177128,0.0000000000000000,9.1664592856425493,3.0000959552014748,-230.828258,2.346388,228.4818702128082,-539.6126574974187,0,5.9e-12
0.9970733440354134,0.0,0.0034199839241735,0.0000000000000000,0.0012666167512744,0.0000000000000000,9.1684650901437994,3.0000959525468480,-231.210045,2.354530,228.8555144816154,-542.3911023081600,0,4.0e-12
0.9970740954576616,0.0,0.0034204709926364,0.0000000000000000,0.0012620130579489,0.0000000000000000,9.1704708804785664,3.0000959498413788,-231.591548,2.362705,229.2288424030973,-545.1825512106443,0,4.2e-12
0.9970748463916623,0.0,0.0034209576105883,0.0000000000000000,0.0012574173974898,0.0000000000000000,9.1724766567794749,3.0000959470852560,-231.972771,2.370912,229.6018590881040,-547.9870539474578,0,5.4e-12
0.9970755968421922,0.0,0.0034214437831722,0.0000000000000000,0.0012528297298874,0.0000000000000000,9.1744824191779788,3.0000959442786694,-232.353721,2.379151,229.9745696706580,-550.8046601567876,0,5.1e-12
0.9970763468140026,0.0,0.0034219295154824,0.0000000000000000,0.0012482500153664,0.0000000000000000,9.1764881678043722,3.0000959414218062,-232.734402,2.387423,230.3469793041498,-553.6354194087944,0,4.3e-12
0.9970770963118200,0.0,0.0034224148125654,0.0000000000000000,0.0012436782143836,0.0000000000000000,9.1784939027878050,3.0000959385148516,-233.114820,2.395727,230.7190931691140,-556.4793811393974,0,5.7e-12
0.9970778453403454,0.0,0.0034228996794195,0.0000000000000000,0.0012391142876273,0.0000000000000000,9.1804996242562975,3.0000959355579906,-233.494979,2.404063,231.0909164615699,-559.3365947635648,0,4.7e-12
0.9970785939042555,0.0,0.0034233841209963,0.0000000000000000,0.0012345581960136,0.0000000000000000,9.1825053323367527,3.0000959325514063,-233.874886,2.412431,231.4624544053480,-562.2071095553874,0,4.6e-12
0.9970793420082019,0.0,0.0034238681422002,0.0000000000000000,0.0012300099006862,0.0000000000000000,9.1845110271549704,3.0000959294952816,-234.254545,2.420832,231.8337122458803,-565.0909747020887,0,5.0e-12
0.9970800896568121,0.0,0.0034243517478893,0.0000000000000000,0.0012254693630134,0.0000000000000000,9.1865167088356614,3.0000959263897964,-234.633961,2.429266,232.2046952503489,-567.9882393080115,0,4.7e-12
0.9970808368546888,0.0,0.0034248349428758,0.0000000000000000,0.0012209365445870,0.0000000000000000,9.1885223775024603,3.0000959232351305,-235.013140,2.437732,232.5754087092322,-570.8989523648816,0,4.0e-12
0.9970815836064112,0.0,0.0034253177319261,0.0000000000000000,0.0012164114072200,0.0000000000000000,9.1905280332779373,3.0000959200314634,-235.392088,2.446230,232.9458579385738,-573.8231627302230,0,5.7e-12
0.9970823299165336,0.0,0.0034258001197614,0.0000000000000000,0.0012118939129451,0.0000000000000000,9.1925336762836150,3.0000959167789709,-235.770809,2.454761,233.3160482734397,-576.7609192281379,0,4.5e-12
0.9970830757895868,0.0,0.0034262821110581,0.0000000000000000,0.0012073840240126,0.0000000000000000,9.1945393066399745,3.0000959134778298,-236.149309,2.463324,233.6859850770673,-579.7122704896792,0,3.6e-12
0.9970838212300781,0.0,0.0034267637104483,0.0000000000000000,0.0012028817028889,0.0000000000000000,9.1965449244664761,3.0000959101282150,-236.527594,2.471920,234.0556737355993,-582.6772650630010,0,4.4e-12
0.9970845662424910,0.0,0.0034272449225198,0.0000000000000000,0.0011983869122551,0.0000000000000000,9.1985505298815653,3.0000959067302992,-236.905668,2.480548,234.4251196546989,-585.6559514120017,0,4.1e-12
0.9970853108312854,0.0,0.0034277257518168,0.0000000000000000,0.0011938996150041,0.0000000000000000,9.2005561230026878,3.0000959032842553,-237.283538,2.489209,234.7943282703970,-588.6483778254624,0,4.8e-12
0.9970860550008982,0.0,0.0034282062028404,0.0000000000000000,0.0011894197742405,0.0000000000000000,9.2025617039463015,3.0000958997902547,-237.661208,2.497903,235.1633050388037,-591.6545925057326,0,5.3e-12
0.9970867987557430,0.0,0.0034286862800485,0.0000000000000000,0.0011849473532772,0.0000000000000000,9.2045672728278856,3.0000958962484683,-238.038684,2.506629,235.5320554428270,-594.6746435112582,0,4.2e-12
0.9970875421002106,0.0,0.0034291659878567,0.0000000000000000,0.0011804823156356,0.0000000000000000,9.2065728297619582,3.0000958926590631,-238.415973,2.515388,235.9005849891134,-597.7085787709366,0,3.3e-12
0.9970882850386686,0.0,0.0034296453306380,0.0000000000000000,0.0011760246250422,0.0000000000000000,9.2085783748620820,3.0000958890222083,-238.793078,2.524179,236.2688992094936,-600.7564460738067,0,2.8e-12
0.9970890275754624,0.0,0.0034301243127242,0.0000000000000000,0.0011715742454278,0.0000000000000000,9.2105839082408796,3.0000958853380713,-239.170006,2.533003,236.6370036602412,-603.8182930808689,0,3.0e-12
0.9970897697149143,0.0,0.0034306029384051,0.0000000000000000,0.0011671311409261,0.0000000000000000,9.2125894300100430,3.0000958816068160,-239.546763,2.541859,237.0049039231639,-606.8941673138506,0,3.8e-12
0.9970905114613244,0.0,0.0034310812119295,0.0000000000000000,0.0011626952758714,0.0000000000000000,9.2145949402803460,3.0000958778286080,-239.923354,2.550748,237.3726056053113,-609.9841161583790,0,2.8e-12
0.9970912528189709,0.0,0.0034315591375056,0.0000000000000000,0.0011582666147976,0.0000000000000000,9.2166004391616525,3.0000958740036108,-240.299784,2.559670,237.7401143403318,-613.0881868207725,0,3.3e-12
0.9970919937921094,0.0,0.0034320367193011,0.0000000000000000,0.0011538451224364,0.0000000000000000,9.2186059267629314,3.0000958701319864,-240.676060,2.568625,238.1074357847947,-616.2064263858629,0,3.7e-12
0.9970927343849738,0.0,0.0034325139614434,0.0000000000000000,0.0011494307637152,0.0000000000000000,9.2206114031922635,3.0000958662138961,-241.052187,2.577611,238.4745756233710,-619.3388817849082,0,2.9e-12
0.9970934746017759,0.0,0.0034329908680205,0.0000000000000000,0.0011450235037572,0.0000000000000000,9.2226168685568570,3.0000958622495011,-241.428171,2.586631,238.8415395669045,-622.4855997701088,0,2.7e-12
0.9970942144467059,0.0,0.0034334674430808,0.0000000000000000,0.0011406233078778,0.0000000000000000,9.2246223229630520,3.0000958582389590,-241.804017,2.595683,239.2083333506530,-625.6466269310622,0,4.8e-12
0.9970949539239325,0.0,0.0034339436906337,0.0000000000000000,0.0011362301415841,0.0000000000000000,9.2266277665163337,3.0000958541824292,-242.179731,2.604768,239.5749627371961,-628.8220097454796,0,2.6e-12
0.9970956930376029,0.0,0.0034344196146497,0.0000000000000000,0.0011318439705740,0.0000000000000000,9.2286331993213455,3.0000958500800681,-242.555319,2.613885,239.9414335158111,-632.0117944441918,0,2.9e-12
0.9970964317918433,0.0,0.0034348952190611,0.0000000000000000,0.0011274647607328,0.0000000000000000,9.2306386214818943,3.0000958459320324,-242.930787,2.623035,240.3077515023424,-635.2160271366592,0,4.1e-12
0.9970971701907579,0.0,0.0034353705077619,0.0000000000000000,0.0011230924781346,0.0000000000000000,9.2326440331009625,3.0000958417384771,-243.306140,2.632218,240.6739225373285,-638.4347537653375,0,2.2e-12
0.9970979082384309,0.0,0.0034358454846085,0.0000000000000000,0.0011187270890378,0.0000000000000000,9.2346494342807173,3.0000958374995559,-243.681385,2.641433,241.0399524917413,-641.6680200413066,0,2.6e-12
0.9970986459389252,0.0,0.0034363201534198,0.0000000000000000,0.0011143685598856,0.0000000000000000,9.2366548251225229,3.0000958332154219,-244.056528,2.650680,241.4058472605894,-644.9158715455051,0,2.3e-12
0.9970993832962826,0.0,0.0034367945179773,0.0000000000000000,0.0011100168573039,0.0000000000000000,9.2386602057269460,3.0000958288862281,-244.431573,2.659961,241.7716127668656,-648.1783536452931,0,2.3e-12
0.9971001203145247,0.0,0.0034372685820260,0.0000000000000000,0.0011056719481004,0.0000000000000000,9.2406655761937699,3.0000958245121252,-244.806528,2.669273,242.1372549615814,-651.4555115361545,0,2.0e-12
0.9971008569976524,0.0,0.0034377423492741,0.0000000000000000,0.0011013337992622,0.0000000000000000,9.2426709366219981,3.0000958200932635,-245.181398,2.678618,242.5027798231840,-654.7473902001002,0,1.6e-12
0.9971015933496463,0.0,0.0034382158233938,0.0000000000000000,0.0010970023779554,0.0000000000000000,9.2446762871098702,3.0000958156297921,-245.556189,2.687996,242.8681933563881,-658.0540344333895,0,2.7e-12
0.9971023293744669,0.0,0.0034386890080210,0.0000000000000000,0.0010926776515229,0.0000000000000000,9.2466816277548656,3.0000958111218590,-245.930908,2.697406,243.2335015951105,-661.3754888275107,0,2.0e-12
0.9971030650760542,0.0,0.0034391619067564,0.0000000000000000,0.0010883595874842,0.0000000000000000,9.2486869586537139,3.0000958065696124,-246.305559,2.706848,243.5987106000930,-664.7117977888774,0,1.1e-12
0.9971038004583286,0.0,0.0034396345231650,0.0000000000000000,0.0010840481535322,0.0000000000000000,9.2506922799024061,3.0000958019731976,-246.680150,2.716323,243.9638264609243,-668.0630054751855,0,1.5e-12
0.9971045355251905,0.0,0.0034401068607770,0.0000000000000000,0.0010797433175337,0.0000000000000000,9.2526975915962009,3.0000957973327615,-247.054686,2.725830,244.3288552951043,-671.4291558674449,0,1.3e-12
0.9971052702805207,0.0,0.0034405789230875,0.0000000000000000,0.0010754450475273,0.0000000000000000,9.2547028938296361,3.0000957926484473,-247.429173,2.735370,244.6938032476166,-674.8102927082582,0,1.8e-12
0.9971060047281800,0.0,0.0034410507135575,0.0000000000000000,0.0010711533117218,0.0000000000000000,9.2567081866965317,3.0000957879204000,-247.803618,2.744942,245.0586764922202,-678.2064595609518,0,1.9e-12
0.9971067388720102,0.0,0.0034415222356134,0.0000000000000000,0.0010668680784952,0.0000000000000000,9.2587134702900045,3.0000957831487622,-248.178027,2.754546,245.4234812320226,-681.6176997070652,0,7.3e-13
0.9971074727158334,0.0,0.0034419934926480,0.0000000000000000,0.0010625893163937,0.0000000000000000,9.2607187447024746,3.0000957783336744,-248.552406,2.764182,245.7882236985000,-685.0440562465119,0,3.2e-12
0.9971082062634528,0.0,0.0034424644880203,0.0000000000000000,0.0010583169941296,0.0000000000000000,9.2627240100256696,3.0000957734752793,-248.926760,2.773850,246.1529101495205,-688.4855720210508,0,1.3e-12
0.9971089395186521,0.0,0.0034429352250558,0.0000000000000000,0.0010540510805811,0.0000000000000000,9.2647292663506402,3.0000957685737162,-249.301098,2.783551,246.5175468763291,-691.9422896499855,0,1.3e-12
0.9971096724851963,0.0,0.0034434057070471,0.0000000000000000,0.0010497915447899,0.0000000000000000,9.2667345137677621,3.0000957636291252,-249.675424,2.793284,246.8821401969096,-695.4142514982450,0,2.0e-12
0.9971104051668314,0.0,0.0034438759372540,0.0000000000000000,0.0010455383559609,0.0000000000000000,9.2687397523667485,3.0000957586416441,-250.049745,2.803048,247.2466964565386,-698.9014997341474,0,9.4e-13
0.9971111375672848,0.0,0.0034443459189033,0.0000000000000000,0.0010412914834605,0.0000000000000000,9.2707449822366517,3.0000957536114101,-250.424067,2.812845,247.6112220317858,-702.4040762312252,0,6.5e-13
0.9971118696902649,0.0,0.0034448156551900,0.0000000000000000,0.0010370508968155,0.0000000000000000,9.2727502034658773,3.0000957485385613,-250.798397,2.822674,247.9757233292560,-705.9220226248071,0,1.5e-12
0.9971126015394621,0.0,0.0034452851492768,0.0000000000000000,0.0010328165657113,0.0000000000000000,9.2747554161421899,3.0000957434232327,-251.172741,2.832534,248.3402067835198,-709.4553802995797,0,2.6e-13
0.9971133331185481,0.0,0.0034457544042944,0.0000000000000000,0.0010285884599922,0.0000000000000000,9.2767606203527180,3.0000957382655598,-251.547105,2.842427,248.7046788598500,-713.0041903837737,0,1.4e-12
0.9971140644311763,0.0,0.0034462234233424,0.0000000000000000,0.0010243665496585,0.0000000000000000,9.2787658161839666,3.0000957330656761,-251.921497,2.852351,249.0691460524434,-716.5684937218357,0,1.7e-12
0.9971147954809821,0.0,0.0034466922094887,0.0000000000000000,0.0010201508048664,0.0000000000000000,9.2807710037218190,3.0000957278237159,-252.295922,2.862307,249.4336148864144,-720.1483309335563,0,4.9e-13
0.9971155262715827,0.0,0.0034471607657703,0.0000000000000000,0.0010159411959261,0.0000000000000000,9.2827761830515492,3.0000957225398115,-252.670386,2.872294,249.7980919153166,-723.7437423335869,0,6.3e-13
0.9971162568065777,0.0,0.0034476290951936,0.0000000000000000,0.0010117376933015,0.0000000000000000,9.2847813542578255,3.0000957172140952,-253.044897,2.882314,250.1625837243085,-727.3547679667827,0,2.3e-13
0.9971169870895484,0.0,0.0034480972007341,0.0000000000000000,0.0010075402676078,0.0000000000000000,9.2867865174247193,3.0000957118466971,-253.419461,2.892364,250.5270969269980,-730.9814476219108,0,1.3e-12
0.9971177171240587,0.0,0.0034485650853371,0.0000000000000000,0.0010033488896122,0.0000000000000000,9.2887916726357105,3.0000957064377483,-253.794085,2.902447,250.8916381702334,-734.6238207706374,0,7.8e-13
0.9971184469136548,0.0,0.0034490327519179,0.0000000000000000,0.0009991635302307,0.0000000000000000,9.2907968199736981,3.0000957009873783,-254.168775,2.912560,251.2562141280350,-738.2819266174301,0,2.5e-13
0.9971191764618657,0.0,0.0034495002033621,0.0000000000000000,0.0009949841605286,0.0000000000000000,9.2928019595210039,3.0000956954957156,-254.543537,2.922706,251.6208315061471,-741.9558040748234,0,8.5e-13
0.9971199057722026,0.0,0.0034499674425252,0.0000000000000000,0.0009908107517183,0.0000000000000000,9.2948070913593810,3.0000956899628886,-254.918379,2.932882,251.9854970419275,-745.6454917589908,0,8.6e-13
0.9971206348481596,0.0,0.0034504344722339,0.0000000000000000,0.0009866432751588,0.0000000000000000,9.2968122155700179,3.0000956843890241,-255.293307,2.943089,252.3502175022920,-749.3510279856164,0,2.1e-12
0.9971213636932140,0.0,0.0034509012952854,0.0000000000000000,0.0009824817023545,0.0000000000000000,9.2988173322335488,3.0000956787742492,-255.668328,2.953328,252.7149996852563,-753.0724507464547,0,1.2e-12
0.9971220923108257,0.0,0.0034513679144481,0.0000000000000000,0.0009783260049541,0.0000000000000000,9.3008224414300571,3.0000956731186883,-256.043448,2.963598,253.0798504198841,-756.8097977622710,0,1.3e-12
0.9971228207044378,0.0,0.0034518343324616,0.0000000000000000,0.0009741761547489,0.0000000000000000,9.3028275432390846,3.0000956674224670,-256.418675,2.973898,253.4447765660583,-760.5631064310801,0,1.7e-12
0.9971235488774765,0.0,0.0034523005520372,0.0000000000000000,0.0009700321236733,0.0000000000000000,9.3048326377396364,3.0000956616857106,-256.794015,2.984230,253.8097850157718,-764.3324138012431,0,1.4e-12
0.9971242768333513,0.0,0.0034527665758578,0.0000000000000000,0.0009658938838020,0.0000000000000000,9.3068377250101868,3.0000956559085412,-257.169475,2.994592,254.1748826902762,-768.1177566530969,0,2.1e-12
0.9971250045754553,0.0,0.0034532324065786,0.0000000000000000,0.0009617614073498,0.0000000000000000,9.3088428051286876,3.0000956500910827,-257.545062,3.004985,254.5400765441101,-771.9191713916880,0,2.5e-12
0.9971257321071649,0.0,0.0034536980468264,0.0000000000000000,0.0009576346666708,0.0000000000000000,9.3108478781725719,3.0000956442334563,-257.920783,3.015409,254.9053735619873,-775.7366941269902,0,2.3e-12
0.9971264594318403,0.0,0.0034541634992010,0.0000000000000000,0.0009535136342566,0.0000000000000000,9.3128529442187613,3.0000956383357842,-258.296644,3.025863,255.2707807606663,-779.5703606191455,0,3.1e-12
0.9971271865528252,0.0,0.0034546287662744,0.0000000000000000,0.0009493982827360,0.0000000000000000,9.3148580033436730,3.0000956323981862,-258.672653,3.036348,255.6363051886075,-783.4202062947443,0,2.5e-12
0.9971279134734472,0.0,0.0034550938505917,0.0000000000000000,0.0009452885848734,0.0000000000000000,9.3168630556232248,3.0000956264207836,-259.048817,3.046863,256.0019539252075,-787.2862662369953,0,2.7e-12
0.9971286401970180,0.0,0.0034555587546709,0.0000000000000000,0.0009411845135683,0.0000000000000000,9.3188681011328391,3.0000956204036946,-259.425142,3.057408,256.3677340820588,-791.1685751920013,0,3.3e-12
0.9971293667268332,0.0,0.0034560234810031,0.0000000000000000,0.0009370860418540,0.0000000000000000,9.3208731399474534,3.0000956143470376,-259.801636,3.067984,256.7336528030512,-795.0671675312551,0,2.6e-12
0.9971300930661724,0.0,0.0034564880320532,0.0000000000000000,0.0009329931428967,0.0000000000000000,9.3228781721415217,3.0000956082509314,-260.178306,3.078589,257.0997172635945,-798.9820773009196,0,3.4e-12
0.9971308192182996,0.0,0.0034569524102594,0.0000000000000000,0.0009289057899947,0.0000000000000000,9.3248831977890223,3.0000956021154934,-260.555159,3.089224,257.4659346719369,-802.9133381514039,0,2.4e-12
0.9971315451864632,0.0,0.0034574166180340,0.0000000000000000,0.0009248239565767,0.0000000000000000,9.3268882169634644,3.0000955959408393,-260.932202,3.099889,257.8323122666490,-806.8609834038944,0,2.7e-12
0.9971322709738960,0.0,0.0034578806577633,0.0000000000000000,0.0009207476162017,0.0000000000000000,9.3288932297378917,3.0000955897270858,-261.309442,3.110584,258.1988573199071,-810.8250459904230,0,3.2e-12
0.9971329965838152,0.0,0.0034583445318076,0.0000000000000000,0.0009166767425579,0.0000000000000000,9.3308982361848880,3.0000955834743483,-261.686886,3.121309,258.5655771356579,-814.8055584734320,0,4.0e-12
0.9971337220194227,0.0,0.0034588082425018,0.0000000000000000,0.0009126113094613,0.0000000000000000,9.3329032363765840,3.0000955771827407,-262.064542,3.132063,258.9324790510032,-818.8025530404630,0,3.7e-12
0.9971344472839054,0.0,0.0034592717921556,0.0000000000000000,0.0009085512908549,0.0000000000000000,9.3349082303846629,3.0000955708523778,-262.442416,3.142846,259.2995704344434,-822.8160614836816,0,3.6e-12
0.9971351723804347,0.0,0.0034597351830534,0.0000000000000000,0.0009044966608082,0.0000000000000000,9.3369132182803636,3.0000955644833729,-262.820517,3.153658,259.6668586880000,-826.8461152222299,0,3.1e-12
0.9971358973121671,0.0,0.0034601984174544,0.0000000000000000,0.0009004473935158,0.0000000000000000,9.3389182001344881,3.0000955580758379,-263.198851,3.164500,260.0343512449400,-830.8927452899297,0,4.3e-12
0.9971366220822442,0.0,0.0034606614975932,0.0000000000000000,0.0008964034632962,0.0000000000000000,9.3409231760174070,3.0000955516298853,-263.577426,3.175370,260.4020555724576,-834.9559823005620,0,4.1e-12
0.9971373466937924,0.0,0.0034611244256798,0.0000000000000000,0.0008923648445922,0.0000000000000000,9.3429281459990623,3.0000955451456273,-263.956249,3.186270,260.7699791697946,-839.0358564942289,0,4.6e-12
0.9971380711499238,0.0,0.0034615872038996,0.0000000000000000,0.0008883315119684,0.0000000000000000,9.3449331101489754,3.0000955386231731,-264.335328,3.197198,261.1381295700209,-843.1323976753265,0,3.5e-12
0.9971387954537356,0.0,0.0034620498344140,0.0000000000000000,0.0008843034401111,0.0000000000000000,9.3469380685362484,3.0000955320626352,-264.714669,3.208155,261.5065143376180,-847.2456352738518,0,5.3e-12
0.9971395196083105,0.0,0.0034625123193600,0.0000000000000000,0.0008802806038276,0.0000000000000000,9.3489430212295748,3.0000955254641219,-265.094281,3.219140,261.8751410707441,-851.3755982793373,0,5.3e-12
0.9971402436167165,0.0,0.0034629746608510,0.0000000000000000,0.0008762629780449,0.0000000000000000,9.3509479682972394,3.0000955188277421,-265.474171,3.230153,262.2440174012812,-855.5223152628241,0,5.4e-12
0.9971409674820075,0.0,0.0034634368609765,0.0000000000000000,0.0008722505378087,0.0000000000000000,9.3529529098071240,3.0000955121536048,-265.854346,3.241195,262.6131509931561,-859.6858143795180,0,5.6e-12
0.9971416912072230,0.0,0.0034638989218026,0.0000000000000000,0.0008682432582832,0.0000000000000000,9.3549578458267142,3.0000955054418177,-266.234814,3.252265,262.9825495427507,-863.8661233670500,0,4.7e-12
0.9971424147953881,0.0,0.0034643608453717,0.0000000000000000,0.0008642411147496,0.0000000000000000,9.3569627764231047,3.0000954986924886,-266.615583,3.263362,263.3522207832425,-868.0632695096210,0,5.8e-12
0.9971431382495143,0.0,0.0034648226337034,0.0000000000000000,0.0008602440826056,0.0000000000000000,9.3589677016629995,3.0000954919057228,-266.996660,3.274488,263.7221724773993,-872.2772796492136,0,5.5e-12
0.9971438615725986,0.0,0.0034652842887941,0.0000000000000000,0.0008562521373640,0.0000000000000000,9.3609726216127225,3.0000954850816273,-267.378053,3.285641,264.0924124221341,-876.5081802230561,0,5.5e-12
0.9971445847676244,0.0,0.0034657458126172,0.0000000000000000,0.0008522652546528,0.0000000000000000,9.3629775363382173,3.0000954782203078,-267.759769,3.296821,264.4629484494039,-880.7559971850933,0,7.2e-12
0.9971453078375608,0.0,0.0034662072071235,0.0000000000000000,0.0008482834102136,0.0000000000000000,9.3649824459050546,3.0000954713218695,-268.141817,3.308028,264.8337884224500,-885.0207560322451,0,5.0e-12
0.9971460307853639,0.0,0.0034666684742414,0.0000000000000000,0.0008443065799009,0.0000000000000000,9.3669873503784356,3.0000954643864164,-268.524203,3.319263,265.2049402405145,-889.3024818384802,0,5.5e-12
0.9971467536139756,0.0,0.0034671296158769,0.0000000000000000,0.0008403347396815,0.0000000000000000,9.3689922498231990,3.0000954574140519,-268.906937,3.330525,265.5764118341599,-893.6011991970518,0,6.7e-12
0.9971474763263244,0.0,0.0034675906339134,0.0000000000000000,0.0008363678656339,0.0000000000000000,9.3709971443038214,3.0000954504048796,-269.290024,3.341813,265.9482111690963,-897.9169322262824,0,6.5e-12
0.9971481989253255,0.0,0.0034680515302128,0.0000000000000000,0.0008324059339460,0.0000000000000000,9.3730020338844220,3.0000954433590024,-269.673474,3.353128,266.3203462431327,-902.2497045908603,0,5.9e-12
0.9971489214138803,0.0,0.0034685123066148,0.0000000000000000,0.0008284489209171,0.0000000000000000,9.3750069186287721,3.0000954362765229,-270.057295,3.364470,266.6928250908528,-906.5995394648635,0,5.6e-12
0.9971496437948775,0.0,0.0034689729649374,0.0000000000000000,0.0008244968029540,0.0000000000000000,9.3770117986002930,3.0000954291575419,-270.441493,3.375837,267.0656557784321,-910.9664595541253,0,6.3e-12
0.9971503660711920,0.0,0.0034694335069770,0.0000000000000000,0.0008205495565726,0.0000000000000000,9.3790166738620666,3.0000954220021616,-270.826077,3.387231,267.4388464056647,-915.3504870714387,0,7.0e-12
0.9971510882456861,0.0,0.0034698939345087,0.0000000000000000,0.0008166071583954,0.0000000000000000,9.3810215444768321,3.0000954148104810,-271.211056,3.398651,267.8124051069731,-919.7516437426893,0,7.1e-12
0.9971518103212087,0.0,0.0034703542492862,0.0000000000000000,0.0008126695851522,0.0000000000000000,9.3830264105069965,3.0000954075826018,-271.596436,3.410096,268.1863400522247,-924.1699507861194,0,6.5e-12
0.9971525323005961,0.0,0.0034708144530421,0.0000000000000000,0.0008087368136782,0.0000000000000000,9.3850312720146363,3.0000954003186227,-271.982227,3.421567,268.5606594422583,-928.6054289391541,0,6.2e-12
0.9971532541866714,0.0,0.0034712745474880,0.0000000000000000,0.0008048088209137,0.0000000000000000,9.3870361290615030,3.0000953930186429,-272.368435,3.433063,268.9353715151521,-933.0580984274129,0,7.2e-12
0.9971539759822452,0.0,0.0034717345343148,0.0000000000000000,0.0008008855839033,0.0000000000000000,9.3890409817090230,3.0000953856827612,-272.755069,3.444585,269.3104845409669,-937.5279789631604,0,7.3e-12
0.9971546976901154,0.0,0.0034721944151927,0.0000000000000000,0.0007969670797950,0.0000000000000000,9.3910458300183066,3.0000953783110744,-273.142138,3.456131,269.6860068247450,-942.0150897423518,0,8.0e-12
0.9971554193130673,0.0,0.0034726541917711,0.0000000000000000,0.0007930532858399,0.0000000000000000,9.3930506740501496,3.0000953709036811,-273.529649,3.467703,270.0619467059688,-946.5194494442403,0,7.6e-12
0.9971561408538734,0.0,0.0034731138656794,0.0000000000000000,0.0007891441793906,0.0000000000000000,9.3950555138650387,3.0000953634606784,-273.917611,3.479298,270.4383125588394,-951.0410762246102,0,7.8e-12
0.9971568623152942,0.0,0.0034735734385265,0.0000000000000000,0.0007852397379014,0.0000000000000000,9.3970603495231533,3.0000953559821624,-274.306031,3.490918,270.8151127903020,-955.5799877121317,0,7.8e-12
0.9971575837000777,0.0,0.0034740329119012,0.0000000000000000,0.0007813399389272,0.0000000000000000,9.3990651810843691,3.0000953484682289,-274.694919,3.502563,271.1923558433108,-960.1362009935547,0,8.2e-12
0.9971583050109596,0.0,0.0034744922873724,0.0000000000000000,0.0007774447601221,0.0000000000000000,9.4010700086082633,3.0000953409189730,-275.084281,3.514231,271.5700501952116,-964.7097326168077,0,8.4e-12
0.9971590262506633,0.0,0.0034749515664893,0.0000000000000000,0.0007735541792401,0.0000000000000000,9.4030748321541200,3.0000953333344911,-275.474127,3.525923,271.9482043563529,-969.3005985973869,0,9.4e-12
0.9971597474219005,0.0,0.0034754107507812,0.0000000000000000,0.0007696681741330,0.0000000000000000,9.4050796517809303,3.0000953257148768,-275.864466,3.537639,272.3268268733817,-973.9088143834160,0,9.3e-12
0.9971604685273706,0.0,0.0034758698417578,0.0000000000000000,0.0007657867227502,0.0000000000000000,9.4070844675473992,3.0000953180602243,-276.255304,3.549378,272.7059263255243,-978.5343948841910,0,8.1e-12
0.9971611895697612,0.0,0.0034763288409097,0.0000000000000000,0.0007619098031385,0.0000000000000000,9.4090892795119476,3.0000953103706269,-276.646651,3.561140,273.0855113298080,-983.1773544393436,0,9.6e-12
0.9971619105517477,0.0,0.0034767877497079,0.0000000000000000,0.0007580373934407,0.0000000000000000,9.4110940877327156,3.0000953026461787,-277.038515,3.572925,273.4655905341685,-987.8377068361297,0,9.4e-12
0.9971626314759944,0.0,0.0034772465696043,0.0000000000000000,0.0007541694718951,0.0000000000000000,9.4130988922675662,3.0000952948869708,-277.430905,3.584732,273.8461726233610,-992.5154652802739,0,9.0e-12
0.9971633523451533,0.0,0.0034777053020318,0.0000000000000000,0.0007503060168347,0.0000000000000000,9.4151036931740908,3.0000952870930959,-277.823828,3.596562,274.2272663171798,-997.2106424066369,0,9.6e-12
0.9971640731618651,0.0,0.0034781639484046,0.0000000000000000,0.0007464470066870,0.0000000000000000,9.4171084905096105,3.0000952792646474,-278.217295,3.608414,274.6088803685656,-1001.9232502677551,0,9.1e-12
0.9971647939287590,0.0,0.0034786225101178,0.0000000000000000,0.0007425924199728,0.0000000000000000,9.4191132843311784,3.0000952714017139,-278.611312,3.620288,274.9910235671023,-1006.6533003409932,0,1.0e-11
0.9971655146484525,0.0,0.0034790809885481,0.0000000000000000,0.0007387422353057,0.0000000000000000,9.4211180746955883,3.0000952635043872,-279.005889,3.632184,275.3737047357601,-1011.4008035101579,0,9.9e-12
0.9971662353235522,0.0,0.0034795393850536,0.0000000000000000,0.0007348964313913,0.0000000000000000,9.4231228616593725,3.0000952555727589,-279.401034,3.644102,275.7569327328522,-1016.1657700552969,0,9.3e-12
0.9971669559566528,0.0,0.0034799977009740,0.0000000000000000,0.0007310549870269,0.0000000000000000,9.4251276452788080,3.0000952476069176,-279.796757,3.656040,276.1407164524378,-1020.9482096751235,0,1.1e-11
0.9971676765503383,0.0,0.0034804559376307,0.0000000000000000,0.0007272178811003,0.0000000000000000,9.4271324256099192,3.0000952396069525,-280.193065,3.668000,276.5250648208469,-1025.7481314517863,0,1.0e-11
0.9971683971071814,0.0,0.0034809140963269,0.0000000000000000,0.0007233850925898,0.0000000000000000,9.4291372027084801,3.0000952315729532,-280.589967,3.679980,276.9099868032280,-1030.5655438550893,0,1.1e-11
0.9971691176297436,0.0,0.0034813721783481,0.0000000000000000,0.0007195566005626,0.0000000000000000,9.4311419766300215,3.0000952235050082,-280.987473,3.691981,277.2954913971916,-1035.4004547428485,0,1.1e-11
0.9971698381205756,0.0,0.0034818301849615,0.0000000000000000,0.0007157323841756,0.0000000000000000,9.4331467474298289,3.0000952154032050,-281.385590,3.704002,277.6815876356630,-1040.2528713580905,0,1.1e-11
0.9971705585822173,0.0,0.0034822881174168,0.0000000000000000,0.0007119124226727,0.0000000000000000,9.4351515151629499,3.0000952072676332,-281.784328,3.716043,278.0682845864828,-1045.1228003152501,0,1.0e-11
0.9971712790171973,0.0,0.0034827459769457,0.0000000000000000,0.0007080966953865,0.0000000000000000,9.4371562798841957,3.0000951990983786,-282.183696,3.728104,278.4555913535709,-1050.0102476046086,0,1.0e-11
0.9971719994280341,0.0,0.0034832037647628,0.0000000000000000,0.0007042851817355,0.0000000000000000,9.4391610416481431,3.0000951908955282,-282.583702,3.740185,278.8435170761284,-1054.9152185625717,0,1.2e-11
0.9971727198172350,0.0,0.0034836614820648,0.0000000000000000,0.0007004778612254,0.0000000000000000,9.4411658005091397,3.0000951826591686,-282.984355,3.752284,279.2320709260447,-1059.8377179078016,0,1.1e-11
0.9971734401872970,0.0,0.0034841191300314,0.0000000000000000,0.0006966747134468,0.0000000000000000,9.4431705565213058,3.0000951743893856,-283.385665,3.764403,279.6212621133031,-1064.7777497059433,0,1.2e-11
0.9971741605407064,0.0,0.0034845767098249,0.0000000000000000,0.0006928757180756,0.0000000000000000,9.4451753097385378,3.0000951660862647,-283.787640,3.776540,280.0110998811414,-1069.7353173651572,0,1.3e-11
0.9971748808799392,0.0,0.0034850342225907,0.0000000000000000,0.0006890808548724,0.0000000000000000,9.4471800602145120,3.0000951577498918,-284.190289,3.788695,280.4015935091617,-1074.7104236363448,0,1.1e-11
0.9971756012074608,0.0,0.0034854916694570,0.0000000000000000,0.0006852901036808,0.0000000000000000,9.4491848080026859,3.0000951493803516,-284.593621,3.800869,280.7927523116301,-1079.7030706270743,0,1.1e-11
0.9971763215257268,0.0,0.0034859490515352,0.0000000000000000,0.0006815034444281,0.0000000000000000,9.4511895531563042,3.0000951409777281,-284.997646,3.813060,281.1845856382139,-1084.7132597741656,0,1.3e-11
0.9971770418371818,0.0,0.0034864063699200,0.0000000000000000,0.0006777208571244,0.0000000000000000,9.4531942957283963,3.0000951325421048,-285.402372,3.825270,281.5771028737398,-1089.7409918236008,0,1.2e-11
0.9971777621442608,0.0,0.0034868636256893,0.0000000000000000,0.0006739423218610,0.0000000000000000,9.4551990357717859,3.0000951240735665,-285.807809,3.837496,281.9703134385215,-1094.7862668654270,0,1.4e-11
0.9971784824493887,0.0,0.0034873208199046,0.0000000000000000,0.0006701678188112,0.0000000000000000,9.4572037733390886,3.0000951155721962,-286.213966,3.849739,282.3642267875031,-1099.8490843070467,0,1.3e-11
0.9971792027549801,0.0,0.0034877779536107,0.0000000000000000,0.0006663973282290,0.0000000000000000,9.4592085084827175,3.0000951070380757,-286.620851,3.861999,282.7588524122401,-1104.9294428534049,0,1.2e-11
0.9971799230634398,0.0,0.0034882350278364,0.0000000000000000,0.0006626308304483,0.0000000000000000,9.4612132412548853,3.0000950984712884,-287.028475,3.874275,283.1541998391104,-1110.0273405418047,0,1.3e-11
0.9971806433771629,0.0,0.0034886920435940,0.0000000000000000,0.0006588683058826,0.0000000000000000,9.4632179717076070,3.0000950898719156,-287.436846,3.886568,283.5502786288672,-1115.1427746939662,0,1.3e-11
0.9971813636985345,0.0,0.0034891490018798,0.0000000000000000,0.0006551097350247,0.0000000000000000,9.4652226998927027,3.0000950812400404,-287.845974,3.898876,283.9470983794578,-1120.2757419371701,0,1.4e-11
0.9971820840299299,0.0,0.0034896059036739,0.0000000000000000,0.0006513550984457,0.0000000000000000,9.4672274258618003,3.0000950725757427,-288.255868,3.911200,284.3446687223479,-1125.4262381868393,0,1.4e-11
0.9971828043737150,0.0,0.0034900627499406,0.0000000000000000,0.0006476043767945,0.0000000000000000,9.4692321496663414,3.0000950638791033,-288.666538,3.923538,284.7429993262442,-1130.5942586585807,0,1.4e-11
0.9971835247322459,0.0,0.0034905195416284,0.0000000000000000,0.0006438575507972,0.0000000000000000,9.4712368713575774,3.0000950551502030,-289.077992,3.935892,285.1420998937006,-1135.7797978290546,0,1.3e-11
0.9971842451078692,0.0,0.0034909762796698,0.0000000000000000,0.0006401146012567,0.0000000000000000,9.4732415909865768,3.0000950463891223,-289.490241,3.948260,285.5419801634432,-1140.9828494849207,0,1.4e-11
0.9971849655029221,0.0,0.0034914329649820,0.0000000000000000,0.0006363755090522,0.0000000000000000,9.4752463086042287,3.0000950375959410,-289.903293,3.960643,285.9426499109700,-1146.2034066468768,0,1.5e-11
0.9971856859197326,0.0,0.0034918895984664,0.0000000000000000,0.0006326402551382,0.0000000000000000,9.4772510242612409,3.0000950287707386,-290.317158,3.973039,286.3441189441853,-1151.4414616303329,0,1.5e-11
0.9971864063606188,0.0,0.0034923461810090,0.0000000000000000,0.0006289088205443,0.0000000000000000,9.4792557380081472,3.0000950199135934,-290.731846,3.985449,286.7463971086889,-1156.6970060034728,0,1.4e-11
0.9971871268278905,0.0,0.0034928027134807,0.0000000000000000,0.0006251811863750,0.0000000000000000,9.4812604498953093,3.0000950110245843,-291.147367,3.997872,287.1494942861417,-1161.9700305896840,0,1.4e-11
0.9971878473238474,0.0,0.0034932591967367,0.0000000000000000,0.0006214573338083,0.0000000000000000,9.4832651599729161,3.0000950021037904,-291.563729,4.010309,287.5534203918000,-1167.2605254687733,0,1.5e-11
0.9971885678507805,0.0,0.0034937156316173,0.0000000000000000,0.0006177372440957,0.0000000000000000,9.4852698682909882,3.0000949931512895,-291.980943,4.022757,287.9581853778528,-1172.5684799721930,0,1.6e-11
0.9971892884109719,0.0,0.0034941720189477,0.0000000000000000,0.0006140208985615,0.0000000000000000,9.4872745748993825,3.0000949841671587,-292.399018,4.035218,288.3637992310159,-1177.8938826421145,0,1.5e-11
0.9971900090066943,0.0,0.0034946283595380,0.0000000000000000,0.0006103082786025,0.0000000000000000,9.4892792798477910,3.0000949751514754,-292.817963,4.047691,288.7702719744934,-1183.2367212989484,0,1.5e-11
0.9971907296402120,0.0,0.0034950846541837,0.0000000000000000,0.0006065993656870,0.0000000000000000,9.4912839831857472,3.0000949661043168,-293.237789,4.060176,289.1776136662513,-1188.5969829727037,0,1.5e-11
0.9971914503137801,0.0,0.0034955409036651,0.0000000000000000,0.0006028941413549,0.0000000000000000,9.4932886849626250,3.0000949570257593,-293.658506,4.072672,289.5858344005652,-1193.9746539211264,0,1.6e-11
0.9971921710296450,0.0,0.0034959971087480,0.0000000000000000,0.0005991925872165,0.0000000000000000,9.4952933852276420,3.0000949479158789,-294.080123,4.085178,289.9949443070394,-1199.3697196231224,0,1.6e-11
0.9971928917900446,0.0,0.0034964532701836,0.0000000000000000,0.0005954946849524,0.0000000000000000,9.4972980840298646,3.0000949387747524,-294.502649,4.097695,290.4049535495506,-1204.7821647694072,0,1.5e-11
0.9971936125972075,0.0,0.0034969093887084,0.0000000000000000,0.0005918004163131,0.0000000000000000,9.4993027814182085,3.0000949296024544,-294.926095,4.110223,290.8158723300665,-1210.2119732792853,0,1.6e-11
0.9971943334533547,0.0,0.0034973654650446,0.0000000000000000,0.0005881097631178,0.0000000000000000,9.5013074774414381,3.0000949203990612,-295.350471,4.122760,291.2277108846109,-1215.6591282458248,0,1.8e-11
0.9971950543606980,0.0,0.0034978214999000,0.0000000000000000,0.0005844227072548,0.0000000000000000,9.5033121721481759,3.0000949111646462,-295.775786,4.135307,291.6404794836657,-1221.1236119872920,0,1.7e-11
0.9971957753214408,0.0,0.0034982774939680,0.0000000000000000,0.0005807392306804,0.0000000000000000,9.5053168655868969,3.0000949018992853,-296.202051,4.147863,292.0541884356904,-1226.6054060089882,0,1.6e-11
0.9971964963377783,0.0,0.0034987334479279,0.0000000000000000,0.0005770593154181,0.0000000000000000,9.5073215578059376,3.0000948926030517,-296.629275,4.160427,292.4688480837859,-1232.1044910076816,0,1.8e-11
0.9971972174118974,0.0,0.0034991893624448,0.0000000000000000,0.0005733829435596,0.0000000000000000,9.5093262488534940,3.0000948832760201,-297.057469,4.173000,292.8844688060715,-1237.6208468694313,0,1.7e-11
0.9971979385459765,0.0,0.0034996452381698,0.0000000000000000,0.0005697100972619,0.0000000000000000,9.5113309387776255,3.0000948739182647,-297.486642,4.185581,293.3010610163396,-1243.1544526464859,0,1.7e-11
0.9971986597421861,0.0,0.0035001010757401,0.0000000000000000,0.0005660407587490,0.0000000000000000,9.5133356276262564,3.0000948645298569,-297.916805,4.198170,293.7186351652084,-1248.7052865741207,0,1.7e-11
0.9971993810026883,0.0,0.0035005568757789,0.0000000000000000,0.0005623749103103,0.0000000000000000,9.5153403154471814,3.0000948551108708,-298.347967,4.210765,294.1372017370018,-1254.2733260597233,0,1.8e-11
0.9972001023296374,0.0,0.0035010126388957,0.0000000000000000,0.0005587125343006,0.0000000000000000,9.5173450022880637,3.0000948456613794,-298.780139,4.223368,294.5567712537478,-1259.8585476796507,0,1.9e-11
0.9972008237251793,0.0,0.0035014683656862,0.0000000000000000,0.0005550536131384,0.0000000000000000,9.5193496881964368,3.0000948361814546,-299.213332,4.235977,294.9773542705883,-1265.4609271472000,0,1.9e-11
0.9972015451914524,0.0,0.0035019240567326,0.0000000000000000,0.0005513981293078,0.0000000000000000,9.5213543732197135,3.0000948266711682,-299.647554,4.248593,295.3989613806788,-1271.0804393587241,0,1.9e-11
0.9972022667305870,0.0,0.0035023797126032,0.0000000000000000,0.0005477460653551,0.0000000000000000,9.5233590574051785,3.0000948171305928,-300.082817,4.261214,295.8216032107915,-1276.7170583286934,0,1.7e-11
0.9972029883447053,0.0,0.0035028353338532,0.0000000000000000,0.0005440974038912,0.0000000000000000,9.5253637407999978,3.0000948075597984,-300.519131,4.273840,296.2452904257347,-1282.3707572545027,0,1.8e-11
0.9972037100359223,0.0,0.0035032909210242,0.0000000000000000,0.0005404521275889,0.0000000000000000,9.5273684234512199,3.0000947979588575,-300.956505,4.286472,296.6700337231964,-1288.0415084307606,0,1.9e-11
0.9972044318063451,0.0,0.0035037464746443,0.0000000000000000,0.0005368102191832,0.0000000000000000,9.5293731054057726,3.0000947883278402,-301.394951,4.299107,297.0958438375618,-1293.7292833196261,0,1.9e-11
0.9972051536580728,0.0,0.0035042019952288,0.0000000000000000,0.0005331716614712,0.0000000000000000,9.5313777867104736,3.0000947786668166,-301.834479,4.311747,297.5227315389775,-1299.4340524879663,0,1.8e-11
0.9972058755931973,0.0,0.0035046574832792,0.0000000000000000,0.0005295364373114,0.0000000000000000,9.5333824674120233,3.0000947689758584,-302.275099,4.324391,297.9507076338085,-1305.1557856451982,0,1.9e-11
0.9972065976138029,0.0,0.0035051129392844,0.0000000000000000,0.0005259045296228,0.0000000000000000,9.5353871475570156,3.0000947592550338,-302.716821,4.337038,298.3797829624323,-1310.8944516041302,0,1.9e-11
0.9972073197219664,0.0,0.0035055683637198,0.0000000000000000,0.0005222759213851,0.0000000000000000,9.5373918271919340,3.0000947495044126,-303.159657,4.349688,298.8099684018075,-1316.6500183084427,0,2.0e-11
0.9972080419197572,0.0,0.0035060237570483,0.0000000000000000,0.0005186505956377,0.0000000000000000,9.5393965063631558,3.0000947397240658,-303.603616,4.362341,299.2412748635698,-1322.4224527828192,0,1.9e-11
0.9972087642092374,0.0,0.0035064791197195,0.0000000000000000,0.0005150285354796,0.0000000000000000,9.5414011851169551,3.0000947299140610,-304.048709,4.374995,299.6737132972165,-1328.2117211883451,0,2.1e-11
0.9972094865924618,0.0,0.0035069344521702,0.0000000000000000,0.0005114097240688,0.0000000000000000,9.5434058634995029,3.0000947200744670,-304.494946,4.387652,300.1072946838815,-1334.0177887670143,0,1.9e-11
0.9972102090714778,0.0,0.0035073897548247,0.0000000000000000,0.0005077941446220,0.0000000000000000,9.5454105415568709,3.0000947102053521,-304.942339,4.400309,300.5420300440809,-1339.8406198479206,0,1.9e-11
0.9972109316483261,0.0,0.0035078450280944,0.0000000000000000,0.0005041817804137,0.0000000000000000,9.5474152193350310,3.0000947003067862,-305.390898,4.412968,300.9779304316410,-1345.6801778695299,0,2.0e-11
0.9972116543250396,0.0,0.0035083002723779,0.0000000000000000,0.0005005726147764,0.0000000000000000,9.5494198968798614,3.0000946903788348,-305.840633,4.425627,301.4150069366492,-1351.5364253382431,0,2.1e-11
0.9972123771036449,0.0,0.0035087554880615,0.0000000000000000,0.0004969666310996,0.0000000000000000,9.5514245742371440,3.0000946804215669,-306.291556,4.438285,301.8532706834051,-1357.4093238420683,0,2.0e-11
0.9972130999861609,0.0,0.0035092106755189,0.0000000000000000,0.0004933638128299,0.0000000000000000,9.5534292514525685,3.0000946704350495,-306.743677,4.450944,302.2927328347384,-1363.2988340518859,0,2.2e-11
0.9972138229746003,0.0,0.0035096658351114,0.0000000000000000,0.0004897641434698,0.0000000000000000,9.5554339285717376,3.0000946604193510,-307.197006,4.463601,302.7334045855739,-1369.2049156875582,0,2.2e-11
0.9972145460709682,0.0,0.0035101209671878,0.0000000000000000,0.0004861676065781,0.0000000000000000,9.5574386056401615,3.0000946503745358,-307.651555,4.476257,303.1752971683542,-1375.1275275501757,0,2.1e-11
0.9972152692772633,0.0,0.0035105760720847,0.0000000000000000,0.0004825741857691,0.0000000000000000,9.5594432827032652,3.0000946403006719,-308.107334,4.488912,303.6184218500066,-1381.0666275011754,0,2.2e-11
0.9972159925954776,0.0,0.0035110311501265,0.0000000000000000,0.0004789838647118,0.0000000000000000,9.5614479598063902,3.0000946301978253,-308.564354,4.501564,304.0627899327069,-1387.0221724477087,0,2.1e-11
0.9972167160275960,0.0,0.0035114862016251,0.0000000000000000,0.0004753966271301,0.0000000000000000,9.5634526369947945,3.0000946200660614,-309.022626,4.514214,304.5084127561813,-1392.9941183434930,0,2.2e-11
0.9972174395755972,0.0,0.0035119412268808,0.0000000000000000,0.0004718124568022,0.0000000000000000,9.5654573143136581,3.0000946099054473,-309.482162,4.526860,304.9553016923276,-1398.9824202086529,0,2.1e-11
0.9972181632414528,0.0,0.0035123962261814,0.0000000000000000,0.0004682313375598,0.0000000000000000,9.5674619918080790,3.0000945997160477,-309.942971,4.539503,305.4034681510320,-1404.9870320766131,0,2.2e-11
0.9972188870271285,0.0,0.0035128511998028,0.0000000000000000,0.0004646532532882,0.0000000000000000,9.5694666695230790,3.0000945894979272,-310.405065,4.552142,305.8529235765504,-1411.0079070213033,0,2.3e-11
0.9972196109345830,0.0,0.0035133061480090,0.0000000000000000,0.0004610781879255,0.0000000000000000,9.5714713475036053,3.0000945792511517,-310.868456,4.564776,306.3036794478919,-1417.0449971605849,0,2.3e-11
0.9972203349657688,0.0,0.0035137610710521,0.0000000000000000,0.0004575061254622,0.0000000000000000,9.5734760257945322,3.0000945689757854,-311.333153,4.577406,306.7557472805190,-1423.0982536206575,0,2.4e-11
0.9972210591226318,0.0,0.0035142159691725,0.0000000000000000,0.0004539370499414,0.0000000000000000,9.5754807044406629,3.0000945586718926,-311.799169,4.590030,307.2091386245673,-1429.1676265649585,0,2.3e-11
0.9972217834071119,0.0,0.0035146708425987,0.0000000000000000,0.0004503709454577,0.0000000000000000,9.5774853834867315,3.0000945483395380,-312.266514,4.602649,307.6638650663289,-1435.2530651526758,0,2.5e-11
0.9972225078211425,0.0,0.0035151256915473,0.0000000000000000,0.0004468077961566,0.0000000000000000,9.5794900629774027,3.0000945379787849,-312.735199,4.615261,308.1199382259979,-1441.3545175794934,0,2.5e-11
0.9972232323666509,0.0,0.0035155805162237,0.0000000000000000,0.0004432475862348,0.0000000000000000,9.5814947429572754,3.0000945275896980,-313.205236,4.627866,308.5773697589174,-1447.4719310173386,0,2.3e-11
0.9972239570455619,0.0,0.0035160353168235,0.0000000000000000,0.0004396902999219,0.0000000000000000,9.5834994234708812,3.0000945171723399,-313.676636,4.640464,309.0361713546405,-1453.6052516050040,0,3.2e-12
0.9972246818597832,0.0,0.0035164900935244,0.0000000000000000,0.0004361359215506,0.0000000000000000,9.5855041045627036,3.0000945067267728,-314.149410,4.653055,309.4963547472225,-1459.7544246529869,0,9.4e-13
0.9972254068112273,0.0,0.0035169448464991,0.0000000000000000,0.0004325844354501,0.0000000000000000,9.5875087862771498,3.0000944962530620,-314.623569,4.665637,309.9579316928786,-1465.9193942724451,0,2.8e-12
0.9972261319017972,0.0,0.0035173995759066,0.0000000000000000,0.0004290358260168,0.0000000000000000,9.5895134686585735,3.0000944857512688,-315.099125,4.678211,310.4209139906520,-1472.1001036347006,0,9.9e-13
0.9972268571333900,0.0,0.0035178542818947,0.0000000000000000,0.0004254900776959,0.0000000000000000,9.5915181517512718,3.0000944752214553,-315.576089,4.690775,310.8853134717040,-1478.2964948755252,0,6.9e-13
0.9972275825078969,0.0,0.0035183089645997,0.0000000000000000,0.0004219471749807,0.0000000000000000,9.5935228355994866,3.0000944646636842,-316.054472,4.703330,311.3511420026873,-1484.5085091457368,0,2.2e-12
0.9972283080272029,0.0,0.0035187636241468,0.0000000000000000,0.0004184071024134,0.0000000000000000,9.5955275202474049,3.0000944540780177,-316.534286,4.715875,311.8184114883929,-1490.7360865280498,0,1.5e-12
0.9972290336931876,0.0,0.0035192182606498,0.0000000000000000,0.0004148698445834,0.0000000000000000,9.5975322057391654,3.0000944434645169,-317.015543,4.728409,312.2871338647221,-1496.9791660975898,0,8.7e-13
0.9972297595077250,0.0,0.0035196728742115,0.0000000000000000,0.0004113353861274,0.0000000000000000,9.5995368921188522,3.0000944328232442,-317.498253,4.740932,312.7573211044250,-1503.2376859025971,0,4.6e-13
0.9972304854726829,0.0,0.0035201274649234,0.0000000000000000,0.0004078037117295,0.0000000000000000,9.6015415794305046,3.0000944221542603,-317.982429,4.753444,313.2289852156671,-1509.5115829148490,0,7.7e-13
0.9972312115899240,0.0,0.0035205820328661,0.0000000000000000,0.0004042748061197,0.0000000000000000,9.6035462677181140,3.0000944114576256,-318.468081,4.765943,313.7021382405856,-1515.8007931030224,0,8.6e-13
0.9972319378613049,0.0,0.0035210365781090,0.0000000000000000,0.0004007486540751,0.0000000000000000,9.6055509570256277,3.0000944007334023,-318.955222,4.778430,314.1767922574493,-1522.1052513649192,0,3.5e-13
0.9972326642886773,0.0,0.0035214911007107,0.0000000000000000,0.0003972252404175,0.0000000000000000,9.6075556473969463,3.0000943899816503,-319.443863,4.790904,314.6529593775024,-1528.4248915443750,0,2.6e-12
0.9972333908738867,0.0,0.0035219456007188,0.0000000000000000,0.0003937045500153,0.0000000000000000,9.6095603388759336,3.0000943792024288,-319.934016,4.803364,315.1306517507430,-1534.7596464374292,0,1.9e-12
0.9972341176187739,0.0,0.0035224000781700,0.0000000000000000,0.0003901865677811,0.0000000000000000,9.6115650315064087,3.0000943683957999,-320.425692,4.815811,315.6098815584198,-1541.1094477777515,0,3.7e-13
0.9972348445251739,0.0,0.0035228545330902,0.0000000000000000,0.0003866712786727,0.0000000000000000,9.6135697253321570,3.0000943575618222,-320.918903,4.828242,316.0906610171365,-1547.4742262203508,0,4.2e-13
0.9972355715949163,0.0,0.0035233089654945,0.0000000000000000,0.0003831586676918,0.0000000000000000,9.6155744203969249,3.0000943467005561,-321.413661,4.840659,316.5730023799102,-1553.8539113612787,0,2.0e-12
0.9972362988298256,0.0,0.0035237633753872,0.0000000000000000,0.0003796487198845,0.0000000000000000,9.6175791167444231,3.0000943358120602,-321.909978,4.853060,317.0569179340317,-1560.2484317160270,0,5.4e-13
0.9972370262317212,0.0,0.0035242177627622,0.0000000000000000,0.0003761414203402,0.0000000000000000,9.6195838144183305,3.0000943248963949,-322.407865,4.865445,317.5424200000056,-1566.6577147175267,0,3.6e-12
0.9972377538024171,0.0,0.0035246721276023,0.0000000000000000,0.0003726367541919,0.0000000000000000,9.6215885134622940,3.0000943139536180,-322.907334,4.877813,318.0295209360322,-1573.0816867248795,0,1.2e-12
0.9972384815437223,0.0,0.0035251264698801,0.0000000000000000,0.0003691347066149,0.0000000000000000,9.6235932139199303,3.0000943029837885,-323.408398,4.890165,318.5182331321013,-1579.5202730026867,0,2.4e-12
0.9972392094574407,0.0,0.0035255807895574,0.0000000000000000,0.0003656352628274,0.0000000000000000,9.6255979158348275,3.0000942919869660,-323.911067,4.902498,319.0085690156207,-1585.9733977219803,0,7.0e-13
0.9972399375453712,0.0,0.0035260350865856,0.0000000000000000,0.0003621384080898,0.0000000000000000,9.6276026192505473,3.0000942809632081,-324.415355,4.914814,319.5005410454717,-1592.4409839652362,0,8.5e-13
0.9972406658093075,0.0,0.0035264893609056,0.0000000000000000,0.0003586441277042,0.0000000000000000,9.6296073242106264,3.0000942699125721,-324.921272,4.927110,319.9941617178214,-1598.9229536963394,0,8.4e-13
0.9972413942510389,0.0,0.0035269436124478,0.0000000000000000,0.0003551524070137,0.0000000000000000,9.6316120307585766,3.0000942588351172,-325.428831,4.939388,320.4894435617927,-1605.4192277954062,0,1.3e-12
0.9972421228723491,0.0,0.0035273978411324,0.0000000000000000,0.0003516632314034,0.0000000000000000,9.6336167389378868,3.0000942477309009,-325.938045,4.951646,320.9863991424178,-1611.9297260271414,0,9.6e-13
0.9972428516750177,0.0,0.0035278520468691,0.0000000000000000,0.0003481765862985,0.0000000000000000,9.6356214487920298,3.0000942365999808,-326.448924,4.963883,321.4850410585949,-1618.4543670335988,0,6.5e-13
0.9972435806608190,0.0,0.0035283062295572,0.0000000000000000,0.0003446924571645,0.0000000000000000,9.6376261603644551,3.0000942254424139,-326.961482,4.976100,321.9853819431414,-1624.9930683523780,0,4.0e-13
0.9972443098315227,0.0,0.0035287603890860,0.0000000000000000,0.0003412108295075,0.0000000000000000,9.6396308736985965,3.0000942142582576,-327.475730,4.988296,322.4874344638350,-1631.5457463969942,0,1.1e-12
0.9972450391888940,0.0,0.0035292145253344,0.0000000000000000,0.0003377316888729,0.0000000000000000,9.6416355888378735,3.0000942030475684,-327.991681,5.000469,322.9912113232908,-1638.1123164441015,0,6.2e-13
0.9972457687346933,0.0,0.0035296686381712,0.0000000000000000,0.0003342550208454,0.0000000000000000,9.6436403058256897,3.0000941918104029,-328.509346,5.012621,323.4967252570780,-1644.6926926585729,0,6.7e-13
0.9972464984706763,0.0,0.0035301227274549,0.0000000000000000,0.0003307808110487,0.0000000000000000,9.6456450247054377,3.0000941805468169,-329.028738,5.024749,324.0039890363449,-1651.2867880662161,0,1.4e-12
0.9972472283985944,0.0,0.0035305767930342,0.0000000000000000,0.0003273090451458,0.0000000000000000,9.6476497455204964,3.0000941692568697,-329.549869,5.036854,324.5130154658111,-1657.8945145461112,0,2.7e-12
0.9972479585201944,0.0,0.0035310308347473,0.0000000000000000,0.0003238397088372,0.0000000000000000,9.6496544683142371,3.0000941579406137,-330.072752,5.048935,325.0238173859296,-1664.5157828540832,0,1.7e-13
0.9972486888372186,0.0,0.0035314848524228,0.0000000000000000,0.0003203727878619,0.0000000000000000,9.6516591931300226,3.0000941465981081,-330.597399,5.060991,325.5364076691239,-1671.1505025873921,0,1.0e-12
0.9972494193514050,0.0,0.0035319388458790,0.0000000000000000,0.0003169082679963,0.0000000000000000,9.6536639200112102,3.0000941352294057,-331.123822,5.073022,326.0507992221762,-1677.7985822055998,0,3.8e-12
0.9972501500644871,0.0,0.0035323928149243,0.0000000000000000,0.0003134461350544,0.0000000000000000,9.6556686490011536,3.0000941238345646,-331.652033,5.085028,326.5670049890700,-1684.4599290074839,0,1.2e-12
0.9972508809781943,0.0,0.0035328467593573,0.0000000000000000,0.0003099863748869,0.0000000000000000,9.6576733801431995,3.0000941124136373,-332.182046,5.097008,327.0850379438024,-1691.1344491456039,0,1.0e-12
0.9972516120942514,0.0,0.0035333006789667,0.0000000000000000,0.0003065289733814,0.0000000000000000,9.6596781134806946,3.0000941009666815,-332.713872,5.108961,327.6049110954020,-1697.8220475871713,0,7.9e-13
0.9972523434143795,0.0,0.0035337545735311,0.0000000000000000,0.0003030739164617,0.0000000000000000,9.6616828490569855,3.0000940894937509,-333.247524,5.120886,328.1266374889270,-1704.5226281703799,0,1.7e-13
0.9972530749402950,0.0,0.0035342084428196,0.0000000000000000,0.0002996211900876,0.0000000000000000,9.6636875869154206,3.0000940779949006,-333.783014,5.132784,328.6502302005536,-1711.2360935480610,0,2.1e-12
0.9972538066737107,0.0,0.0035346622865913,0.0000000000000000,0.0002961707802548,0.0000000000000000,9.6656923270993502,3.0000940664701843,-334.320356,5.144653,329.1757023432305,-1717.9623452131273,0,9.9e-13
0.9972545386163346,0.0,0.0035351161045956,0.0000000000000000,0.0002927226729942,0.0000000000000000,9.6676970696521298,3.0000940549196575,-334.859561,5.156494,329.7030670602933,-1724.7012834724155,0,5.9e-13
0.9972552707698715,0.0,0.0035355698965724,0.0000000000000000,0.0002892768543715,0.0000000000000000,9.6697018146171203,3.0000940433433745,-335.400643,5.168305,330.2323375313873,-1731.4528074612826,0,1.8e-12
0.9972560031360216,0.0,0.0035360236622515,0.0000000000000000,0.0002858333104876,0.0000000000000000,9.6717065620376879,3.0000940317413880,-335.943613,5.180086,330.7635269697531,-1738.2168151333390,0,6.1e-13
0.9972567357164813,0.0,0.0035364774013533,0.0000000000000000,0.0002823920274778,0.0000000000000000,9.6737113119572111,3.0000940201137531,-336.488485,5.191837,331.2966486203335,-1744.9932032581273,0,1.0e-12
0.9972574685129434,0.0,0.0035369311135886,0.0000000000000000,0.0002789529915108,0.0000000000000000,9.6757160644190776,3.0000940084605223,-337.035272,5.203556,331.8317157636084,-1751.7818674104637,0,6.5e-13
0.9972582015270965,0.0,0.0035373847986586,0.0000000000000000,0.0002755161887898,0.0000000000000000,9.6777208194666855,3.0000939967817501,-337.583985,5.215244,332.3687417122148,-1758.5827019980279,0,6.9e-13
0.9972589347606254,0.0,0.0035378384562548,0.0000000000000000,0.0002720816055511,0.0000000000000000,9.6797255771434472,3.0000939850774895,-338.134639,5.226899,332.9077398135024,-1765.3956001962797,0,1.1e-12
0.9972596682152115,0.0,0.0035382920860592,0.0000000000000000,0.0002686492280643,0.0000000000000000,9.6817303374927910,3.0000939733477936,-338.687245,5.238522,333.4487234467385,-1772.2204540183957,0,2.7e-12
0.9972604018925321,0.0,0.0035387456877445,0.0000000000000000,0.0002652190426315,0.0000000000000000,9.6837351005581596,3.0000939615927149,-339.241817,5.250111,333.9917060271763,-1779.0571542549733,0,1.3e-12
0.9972611357942608,0.0,0.0035391992609738,0.0000000000000000,0.0002617910355880,0.0000000000000000,9.6857398663830132,3.0000939498123063,-339.798367,5.261666,334.5367009988586,-1785.9055905007117,0,1.0e-12
0.9972618699220679,0.0,0.0035396528054006,0.0000000000000000,0.0002583651933005,0.0000000000000000,9.6877446350108336,3.0000939380066205,-340.356909,5.273187,335.0837218442318,-1792.7656511320747,0,3.7e-13
0.9972626042776199,0.0,0.0035401063206692,0.0000000000000000,0.0002549415021681,0.0000000000000000,9.6897494064851220,3.0000939261757096,-340.917455,5.284673,335.6327820748472,-1799.6372233389557,0,1.0e-12
0.9972633388625798,0.0,0.0035405598064145,0.0000000000000000,0.0002515199486215,0.0000000000000000,9.6917541808494025,3.0000939143196264,-341.480018,5.296123,336.1838952371619,-1806.5201930729672,0,7.2e-13
0.9972640736786069,0.0,0.0035410132622619,0.0000000000000000,0.0002481005191223,0.0000000000000000,9.6937589581472210,3.0000939024384228,-342.044612,5.307537,336.7370749108555,-1813.4144450782624,0,5.3e-13
0.9972648087273576,0.0,0.0035414666878276,0.0000000000000000,0.0002446832001634,0.0000000000000000,9.6957637384221513,3.0000938905321504,-342.611249,5.318914,337.2923347074272,-1820.3198628825194,0,7.6e-13
0.9972655440104841,0.0,0.0035419200827185,0.0000000000000000,0.0002412679782686,0.0000000000000000,9.6977685217177925,3.0000938786008611,-343.179942,5.330254,337.8496882717058,-1827.2363287917688,0,2.0e-12
0.9972662795296359,0.0,0.0035423734465321,0.0000000000000000,0.0002378548399917,0.0000000000000000,9.6997733080777717,3.0000938666446064,-343.750706,5.341556,338.4091492834664,-1834.1637238743351,0,1.4e-12
0.9972670152864589,0.0,0.0035428267788567,0.0000000000000000,0.0002344437719163,0.0000000000000000,9.7017780975457448,3.0000938546634370,-344.323551,5.352820,338.9707314508724,-1841.1019279835091,0,4.8e-13
0.9972677512825956,0.0,0.0035432800792715,0.0000000000000000,0.0002310347606568,0.0000000000000000,9.7037828901654013,3.0000938426574053,-344.898493,5.364044,339.5344485181598,-1848.0508197362797,0,1.1e-12
0.9972684875196856,0.0,0.0035437333473464,0.0000000000000000,0.0002276277928560,0.0000000000000000,9.7057876859804608,3.0000938306265623,-345.475544,5.375229,340.1003142607624,-1855.0102765095435,0,2.4e-12
0.9972692239993648,0.0,0.0035441865826420,0.0000000000000000,0.0002242228551868,0.0000000000000000,9.7077924850346804,3.0000938185709578,-346.054717,5.386374,340.6683424888510,-1861.9801744505821,0,4.6e-13
0.9972699607232663,0.0,0.0035446397847099,0.0000000000000000,0.0002208199343501,0.0000000000000000,9.7097972873718472,3.0000938064906433,-346.636025,5.397478,341.2385470409837,-1868.9603884811804,0,4.9e-13
0.9972706976930203,0.0,0.0035450929530925,0.0000000000000000,0.0002174190170761,0.0000000000000000,9.7118020930357911,3.0000937943856689,-347.219483,5.408541,341.8109417913289,-1875.9507922492339,0,8.4e-13
0.9972714349102534,0.0,0.0035455460873233,0.0000000000000000,0.0002140200901233,0.0000000000000000,9.7138069020703757,3.0000937822560854,-347.805102,5.419562,342.3855406448693,-1882.9512581794188,0,2.4e-12
0.9972721723765894,0.0,0.0035459991869264,0.0000000000000000,0.0002106231402776,0.0000000000000000,9.7158117145195071,3.0000937701019432,-348.392898,5.430540,342.9623575399984,-1889.9616574400716,0,1.0e-12
0.9972729100936490,0.0,0.0035464522514170,0.0000000000000000,0.0002072281543534,0.0000000000000000,9.7178165304271342,3.0000937579232918,-348.982882,5.441476,343.5414064464164,-1896.9818599634891,0,8.9e-13
0.9972736480630504,0.0,0.0035469052803013,0.0000000000000000,0.0002038351191919,0.0000000000000000,9.7198213498372450,3.0000937457201817,-349.575069,5.452367,344.1227013644000,-1904.0117344176106,0,3.8e-12
0.9972743862864084,0.0,0.0035473582730763,0.0000000000000000,0.0002004440216621,0.0000000000000000,9.7218261727938735,3.0000937334926618,-350.169471,5.463215,344.7062563300235,-1911.0511482164584,0,1.9e-12
0.9972751247653350,0.0,0.0035478112292303,0.0000000000000000,0.0001970548486592,0.0000000000000000,9.7238309993411018,3.0000937212407828,-350.766103,5.474018,345.2920854080443,-1918.0999675198909,0,1.4e-12
0.9972758635014395,0.0,0.0035482641482424,0.0000000000000000,0.0001936675871055,0.0000000000000000,9.7258358295230547,3.0000937089645929,-351.364978,5.484776,345.8802026953998,-1925.1580572335224,0,9.2e-13
0.9972766024963284,0.0,0.0035487170295828,0.0000000000000000,0.0001902822239497,0.0000000000000000,9.7278406633839101,3.0000936966641429,-351.966110,5.495487,346.4706223209444,-1932.2252809868514,0,2.6e-12
0.9972773417516055,0.0,0.0035491698727127,0.0000000000000000,0.0001868987461656,0.0000000000000000,9.7298455009678939,3.0000936843394812,-352.569511,5.506153,347.0633584467040,-1939.3015011665557,0,1.3e-12
0.9972780812688719,0.0,0.0035496226770845,0.0000000000000000,0.0001835171407539,0.0000000000000000,9.7318503423192837,3.0000936719906561,-353.175196,5.516771,347.6584252634270,-1946.3865788673720,0,1.6e-12
0.9972788210497258,0.0,0.0035500754421418,0.0000000000000000,0.0001801373947402,0.0000000000000000,9.7338551874824102,3.0000936596177175,-353.783178,5.527341,348.2558369957997,-1953.4803739494455,0,4.1e-13
0.9972795610957630,0.0,0.0035505281673189,0.0000000000000000,0.0001767594951754,0.0000000000000000,9.7358600365016592,3.0000936472207131,-354.393472,5.537864,348.8556078972770,-1960.5827449713252,0,1.6e-12
0.9972803014085768,0.0,0.0035509808520418,0.0000000000000000,0.0001733834291350,0.0000000000000000,9.7378648894214734,3.0000936347996938,-355.006090,5.548337,349.4577522553415,-1967.6935492332777,0,8.4e-13
0.9972810419897578,0.0,0.0035514334957272,0.0000000000000000,0.0001700091837195,0.0000000000000000,9.7398697462863524,3.0000936223547048,-355.621046,5.558762,350.0622843857696,-1974.8126427629832,0,2.7e-12
0.9972817828408940,0.0,0.0035518860977833,0.0000000000000000,0.0001666367460538,0.0000000000000000,9.7418746071408542,3.0000936098857958,-356.238355,5.569136,350.6692186387044,-1981.9398803091826,0,1.0e-12
0.9972825239635711,0.0,0.0035523386576092,0.0000000000000000,0.0001632661032867,0.0000000000000000,9.7438794720295991,3.0000935973930147,-356.858029,5.579460,351.2785693910128,-1989.0751153542660,0,2.6e-13
0.9972832653593725,0.0,0.0035527911745955,0.0000000000000000,0.0001598972425906,0.0000000000000000,9.7458843409972662,3.0000935848764110,-357.480084,5.589733,351.8903510529141,-1996.2182000794419,0,2.1e-12
0.9972840070298791,0.0,0.0035532436481239,0.0000000000000000,0.0001565301511619,0.0000000000000000,9.7478892140886018,3.0000935723360298,-358.104532,5.599954,352.5045780655092,-2003.3689854003969,0,3.6e-12
0.9972847489766692,0.0,0.0035536960775673,0.0000000000000000,0.0001531648162200,0.0000000000000000,9.7498940913484144,3.0000935597719209,-358.731388,5.610123,353.1212649002766,-2010.5273209465013,0,6.0e-13
0.9972854912013193,0.0,0.0035541484622899,0.0000000000000000,0.0001498012250072,0.0000000000000000,9.7518989728215804,3.0000935471841301,-359.360666,5.620240,353.7404260578821,-2017.6930550657053,0,8.1e-13
0.9972862337054031,0.0,0.0035546008016471,0.0000000000000000,0.0001464393647888,0.0000000000000000,9.7539038585530431,3.0000935345727071,-359.992379,5.630303,354.3620760693223,-2024.8660348153498,0,1.5e-12
0.9972869764904927,0.0,0.0035550530949858,0.0000000000000000,0.0001430792228524,0.0000000000000000,9.7559087485878173,3.0000935219376976,-360.626541,5.640312,354.9862294980002,-2032.0461059651352,0,1.6e-12
0.9972877195581573,0.0,0.0035555053416440,0.0000000000000000,0.0001397207865079,0.0000000000000000,9.7579136429709870,3.0000935092791483,-361.263167,5.650266,355.6129009347845,-2039.2331130019884,0,1.1e-12
0.9972884629099646,0.0,0.0035559575409511,0.0000000000000000,0.0001363640430865,0.0000000000000000,9.7599185417477088,3.0000934965971076,-361.902271,5.660166,356.2421050022251,-2046.4268991126664,0,1.1e-12
0.9972892065474799,0.0,0.0035564096922278,0.0000000000000000,0.0001330089799423,0.0000000000000000,9.7619234449632124,3.0000934838916207,-362.543866,5.670010,356.8738563526163,-2053.6273062077962,0,1.0e-12
0.9972899504722662,0.0,0.0035568617947862,0.0000000000000000,0.0001296555844496,0.0000000000000000,9.7639283526628056,3.0000934711627361,-363.187967,5.679798,357.5081696657611,-2060.8341748795574,0,1.9e-12
0.9972906946858850,0.0,0.0035573138479297,0.0000000000000000,0.0001263038440044,0.0000000000000000,9.7659332648918706,3.0000934584104986,-363.834588,5.689529,358.1450596545645,-2068.0473444570089,0,1.6e-12
0.9972914391898954,0.0,0.0035577658509532,0.0000000000000000,0.0001229537460236,0.0000000000000000,9.7679381816958699,3.0000934456349557,-364.483744,5.699202,358.7845410582082,-2075.2666529564376,0,2.1e-12
0.9972921839858548,0.0,0.0035582178031427,0.0000000000000000,0.0001196052779443,0.0000000000000000,9.7699431031203439,3.0000934328361542,-365.135447,5.708818,359.4266286475764,-2082.4919370979333,0,1.2e-12
0.9972929290753184,0.0,0.0035586697037759,0.0000000000000000,0.0001162584272246,0.0000000000000000,9.7719480292109164,3.0000934200141387,-365.789713,5.718376,360.0713372205663,-2089.7230323027543,0,1.2e-12
0.9972936744598400,0.0,0.0035591215521218,0.0000000000000000,0.0001129131813420,0.0000000000000000,9.7739529600132933,3.0000934071689564,-366.446556,5.727874,360.7186816067886,-2096.9597727118962,0,1.8e-12
0.9972944201409709,0.0,0.0035595733474408,0.0000000000000000,0.0001095695277943,0.0000000000000000,9.7759578955732653,3.0000933943006527,-367.105990,5.737313,361.3686766606403,-2104.2019911348470,0,7.0e-13
0.9972951661202611,0.0,0.0035600250889846,0.0000000000000000,0.0001062274540985,0.0000000000000000,9.7779628359367088,3.0000933814092736,-367.768029,5.746692,362.0213372688714,-2111.4495191183378,0,2.1e-12
0.9972959123992590,0.0,0.0035604767759966,0.0000000000000000,0.0001028869477913,0.0000000000000000,9.7799677811495886,3.0000933684948650,-368.432688,5.756010,362.6766783457537,-2118.7021868785669,0,3.2e-12
0.9972966589795106,0.0,0.0035609284077116,0.0000000000000000,0.0000995479964281,0.0000000000000000,9.7819727312579570,3.0000933555574711,-369.099982,5.765267,363.3347148345328,-2125.9598233414727,0,2.5e-12
0.9972974058625607,0.0,0.0035613799833555,0.0000000000000000,0.0000962105875834,0.0000000000000000,9.7839776863079582,3.0000933425971397,-369.769923,5.774462,363.9954617049793,-2133.2222561369563,0,8.4e-13
0.9972981530499525,0.0,0.0035618315021463,0.0000000000000000,0.0000928747088501,0.0000000000000000,9.7859826463458290,3.0000933296139132,-370.442528,5.783594,364.6589339559065,-2140.4893115768209,0,1.8e-12
0.9972989005432273,0.0,0.0035622829632928,0.0000000000000000,0.0000895403478391,0.0000000000000000,9.7879876114178970,3.0000933166078392,-371.117811,5.792664,365.3251466150918,-2147.7608146885323,0,1.5e-12
0.9972996483439251,0.0,0.0035627343659959,0.0000000000000000,0.0000862074921802,0.0000000000000000,9.7899925815705888,3.0000933035789612,-371.795785,5.801670,365.9941147368248,-2155.0365891875117,0,9.3e-13
0.9973003964535843,0.0,0.0035631857094475,0.0000000000000000,0.0000828761295198,0.0000000000000000,9.7919975568504256,3.0000932905273245,-372.476466,5.810613,366.6658534023785,-2162.3164574689727,0,3.1e-13
0.9973011448737416,0.0,0.0035636369928312,0.0000000000000000,0.0000795462475228,0.0000000000000000,9.7940025373040278,3.0000932774529740,-373.159868,5.819490,367.3403777227826,-2169.6002406501939,0,6.8e-13
0.9973018936059324,0.0,0.0035640882153223,0.0000000000000000,0.0000762178338710,0.0000000000000000,9.7960075229781154,3.0000932643559541,-373.846006,5.828303,368.0177028338871,-2176.8877585316804,0,1.1e-12
0.9973026426516907,0.0,0.0035645393760873,0.0000000000000000,0.0000728908762632,0.0000000000000000,9.7980125139195096,3.0000932512363092,-374.534894,5.837050,368.6978439000750,-2184.1788296032901,0,1.1e-12
0.9973033920125491,0.0,0.0035649904742844,0.0000000000000000,0.0000695653624150,0.0000000000000000,9.8000175101751363,3.0000932380940846,-375.226547,5.845731,369.3808161128927,-2191.4732710604294,0,4.2e-13
0.9973041416900390,0.0,0.0035654415090633,0.0000000000000000,0.0000662412800586,0.0000000000000000,9.8020225117920230,3.0000932249293233,-375.920979,5.854344,370.0666346895298,-2198.7708987869119,0,3.5e-13
0.9973048916856900,0.0,0.0035658924795651,0.0000000000000000,0.0000629186169426,0.0000000000000000,9.8040275188173069,3.0000932117420707,-376.618206,5.862891,370.7553148743707,-2206.0715273655078,0,1.5e-12
0.9973056420010311,0.0,0.0035663433849228,0.0000000000000000,0.0000595973608312,0.0000000000000000,9.8060325312982304,3.0000931985323693,-377.318242,5.871370,371.4468719370259,-2213.3749700699555,0,9.3e-13
0.9973063926375896,0.0,0.0035667942242605,0.0000000000000000,0.0000562774995050,0.0000000000000000,9.8080375492821457,3.0000931853002646,-378.021102,5.879780,372.1413211754764,-2220.6810388685990,0,7.0e-13
0.9973071435968915,0.0,0.0035672449966942,0.0000000000000000,0.0000529590207597,0.0000000000000000,9.8100425728165188,3.0000931720457991,-378.726800,5.888122,372.8386779116138,-2227.9895444277354,0,2.4e-13
0.9973078948804622,0.0,0.0035676957013312,0.0000000000000000,0.0000496419124066,0.0000000000000000,9.8120476019489242,3.0000931587690176,-379.435351,5.896394,373.5389574936065,-2235.3002961116581,0,1.8e-12
0.9973086464898254,0.0,0.0035681463372705,0.0000000000000000,0.0000463261622716,0.0000000000000000,9.8140526367270535,3.0000931454699629,-380.146771,5.904596,374.2421752964628,-2242.6131019780878,0,5.3e-13
0.9973093984265041,0.0,0.0035685969036027,0.0000000000000000,0.0000430117581960,0.0000000000000000,9.8160576771987138,3.0000931321486783,-380.861074,5.912728,374.9483467180150,-2249.9277687827416,0,3.0e-12
0.9973101506920199,0.0,0.0035690473994100,0.0000000000000000,0.0000396986880353,0.0000000000000000,9.8180627234118294,3.0000931188052080,-381.578275,5.920788,375.6574871839516,-2257.2441019662510,0,1.1e-12
0.9973109032878936,0.0,0.0035694978237658,0.0000000000000000,0.0000363869396596,0.0000000000000000,9.8200677754144419,3.0000931054395945,-382.298389,5.928777,376.3696121423316,-2264.5619056807918,0,1.2e-12
0.9973116562156452,0.0,0.0035699481757356,0.0000000000000000,0.0000330765009526,0.0000000000000000,9.8220728332547171,3.0000930920518809,-383.021431,5.936694,377.0847370663902,-2271.8809827800433,0,3.5e-12
0.9973124094767933,0.0,0.0035703984543762,0.0000000000000000,0.0000297673598122,0.0000000000000000,9.8240778969809401,3.0000930786421107,-383.747416,5.944538,377.8028774567846,-2279.2011347946973,0,1.7e-12
0.9973131630728559,0.0,0.0035708486587359,0.0000000000000000,0.0000264595041500,0.0000000000000000,9.8260829666415219,3.0000930652103266,-384.476358,5.952309,378.5240488342887,-2286.5221619905933,0,2.3e-12
0.9973139170053500,0.0,0.0035712987878548,0.0000000000000000,0.0000231529218910,0.0000000000000000,9.8280880422849997,3.0000930517565707,-385.208273,5.960007,379.2482667469598,-2293.8438632870675,0,1.2e-12
0.9973146712757919,0.0,0.0035717488407644,0.0000000000000000,0.0000198476009729,0.0000000000000000,9.8300931239600366,3.0000930382808866,-385.943177,5.967630,379.9755467624393,-2301.1660363461415,0,2.8e-12
0.9973154258856969,0.0,0.0035721988164878,0.0000000000000000,0.0000165435293465,0.0000000000000000,9.8320982117154259,3.0000930247833169,-386.681083,5.975178,380.7059044768449,-2308.4884775039536,0,1.5e-12
0.9973161808365798,0.0,0.0035726487140398,0.0000000000000000,0.0000132406949755,0.0000000000000000,9.8341033056000899,3.0000930112639028,-387.422007,5.982652,381.4393555058856,-2315.8109818223311,0,7.3e-13
0.9973169361299543,0.0,0.0035730985324268,0.0000000000000000,0.0000099390858357,0.0000000000000000,9.8361084056630865,3.0000929977226876,-388.165965,5.990049,382.1759154903355,-2323.1333430494851,0,2.6e-12
0.9973176917673338,0.0,0.0035735482706465,0.0000000000000000,0.0000066386899153,0.0000000000000000,9.8381135119536047,3.0000929841597137,-388.912971,5.997371,382.9156000907815,-2330.4553536474996,0,2.7e-12
0.9973184477502307,0.0,0.0035739979276886,0.0000000000000000,0.0000033394952144,0.0000000000000000,9.8401186245209722,3.0000929705750226,-389.663041,6.004616,383.6584249962428,-2337.7768047909631,0,1.4e-12
0.9973192040801572,0.0,0.0035744475025340,0.0000000000000000,0.0000000414897444,0.0000000000000000,9.8421237434146516,3.0000929569686563,-390.416189,6.011783,384.4044059101793,-2345.0974863535521,0,1.6e-12
0.9973199607586243,0.0,0.0035748969941554,0.0000000000000000,-0.0000032553384711,0.0000000000000000,9.8441288686842459,3.0000929433406576,-391.172432,6.018873,385.1535585647659,-2352.4171869175480,0,2.1e-12
0.9973207177871428,0.0,0.0035753464015169,0.0000000000000000,-0.0000065510013979,0.0000000000000000,9.8461340003795002,3.0000929296910677,-391.931783,6.025885,385.9058987078662,-2359.7356937816512,0,1.9e-12
0.9973214751672232,0.0,0.0035757957235746,0.0000000000000000,-0.0000098455109905,0.0000000000000000,9.8481391385502999,3.0000929160199279,-392.694260,6.032817,386.6614421146966,-2367.0527929612144,0,1.1e-12
0.9973222329003752,0.0,0.0035762449592755,0.0000000000000000,-0.0000131388791926,0.0000000000000000,9.8501442832466779,3.0000929023272804,-393.459876,6.039671,387.4202045765803,-2374.3682691777067,0,1.4e-12
0.9973229909881082,0.0,0.0035766941075589,0.0000000000000000,-0.0000164311179376,0.0000000000000000,9.8521494345188128,3.0000928886131666,-394.228647,6.046445,388.1822019078897,-2381.6819058614637,0,2.2e-12
0.9973237494319308,0.0,0.0035771431673550,0.0000000000000000,-0.0000197222391483,0.0000000000000000,9.8541545924170286,3.0000928748776285,-395.000589,6.053139,388.9474499447164,-2388.9934851965663,0,1.9e-12
0.9973245082333518,0.0,0.0035775921375860,0.0000000000000000,-0.0000230122547377,0.0000000000000000,9.8561597569918025,3.0000928611207054,-395.775717,6.059752,389.7159645404049,-2396.3027880359296,0,7.5e-13
0.9973252673938794,0.0,0.0035780410171656,0.0000000000000000,-0.0000263011766088,0.0000000000000000,9.8581649282937622,3.0000928473424402,-396.554046,6.066284,390.4877615692577,-2403.6095940020605,0,1.2e-12
0.9973260269150214,0.0,0.0035784898049990,0.0000000000000000,-0.0000295890166551,0.0000000000000000,9.8601701063736886,3.0000928335428738,-397.335592,6.072735,391.2628569258001,-2410.9136814036610,0,2.9e-12
0.9973267867982853,0.0,0.0035789384999828,0.0000000000000000,-0.0000328757867605,0.0000000000000000,9.8621752912825187,3.0000928197220467,-398.120370,6.079103,392.0412665234594,-2418.2148273092316,0,2.3e-12
0.9973275470451787,0.0,0.0035793871010054,0.0000000000000000,-0.0000361614988001,0.0000000000000000,9.8641804830713458,3.0000928058800009,-398.908395,6.085389,392.8230062949737,-2425.5128074880486,0,2.0e-12
0.9973283076572087,0.0,0.0035798356069467,0.0000000000000000,-0.0000394461646399,0.0000000000000000,9.8661856817914213,3.0000927920167757,-399.699684,6.091592,393.6080921905262,-2432.8073964483046,0,1.1e-12
0.9973290686358821,0.0,0.0035802840166781,0.0000000000000000,-0.0000427297961371,0.0000000000000000,9.8681908874941584,3.0000927781324127,-400.494252,6.097711,394.3965401790459,-2440.0983674394520,0,4.7e-13
0.9973298299827060,0.0,0.0035807323290623,0.0000000000000000,-0.0000460124051410,0.0000000000000000,9.8701961002311336,3.0000927642269519,-401.292113,6.103747,395.1883662479790,-2447.3854924410989,0,3.9e-13
0.9973305916991871,0.0,0.0035811805429540,0.0000000000000000,-0.0000492940034916,0.0000000000000000,9.8722013200540886,3.0000927503004347,-402.093284,6.109698,395.9835864005142,-2454.6685421667789,0,6.4e-13
0.9973313537868320,0.0,0.0035816286571990,0.0000000000000000,-0.0000525746030221,0.0000000000000000,9.8742065470149285,3.0000927363529009,-402.897781,6.115564,396.7822166588218,-2461.9472860939131,0,2.9e-12
0.9973321162471475,0.0,0.0035820766706349,0.0000000000000000,-0.0000558542155572,0.0000000000000000,9.8762117811657291,3.0000927223843910,-403.705618,6.121345,397.5842730618990,-2469.2214923932188,0,1.0e-12
0.9973328790816400,0.0,0.0035825245820905,0.0000000000000000,-0.0000591328529141,0.0000000000000000,9.8782170225587347,3.0000927083949445,-404.516812,6.127041,398.3897716629008,-2476.4909280324064,0,2.9e-12
0.9973336422918164,0.0,0.0035829723903865,0.0000000000000000,-0.0000624105269032,0.0000000000000000,9.8802222712463639,3.0000926943846031,-405.331378,6.132650,399.1987285348299,-2483.7553586992144,0,8.2e-13
0.9973344058791835,0.0,0.0035834200943347,0.0000000000000000,-0.0000656872493273,0.0000000000000000,9.8822275272812075,3.0000926803534056,-406.149332,6.138172,400.0111597625864,-2491.0145488521521,0,1.7e-12
0.9973351698452482,0.0,0.0035838676927386,0.0000000000000000,-0.0000689630319826,0.0000000000000000,9.8842327907160321,3.0000926663013923,-406.970689,6.143608,400.8270814471168,-2498.2682616979437,0,1.9e-12
0.9973359341915172,0.0,0.0035843151843932,0.0000000000000000,-0.0000722378866583,0.0000000000000000,9.8862380616037839,3.0000926522286027,-407.795465,6.148956,401.6465097069971,-2505.5162591888220,0,7.6e-13
0.9973366989194982,0.0,0.0035847625680848,0.0000000000000000,-0.0000755118251377,0.0000000000000000,9.8882433399975884,3.0000926381350776,-408.623677,6.154216,402.4694606715103,-2512.7583020609163,0,1.6e-12
0.9973374640306981,0.0,0.0035852098425913,0.0000000000000000,-0.0000787848591979,0.0000000000000000,9.8902486259507505,3.0000926240208554,-409.455338,6.159388,403.2959504857540,-2519.9941497863911,0,2.1e-12
0.9973382295266248,0.0,0.0035856570066819,0.0000000000000000,-0.0000820570006095,0.0000000000000000,9.8922539195167634,3.0000926098859768,-410.290466,6.164471,404.1259953104990,-2527.2235606363392,0,2.5e-12
0.9973389954087861,0.0,0.0035861040591174,0.0000000000000000,-0.0000853282611379,0.0000000000000000,9.8942592207493014,3.0000925957304805,-411.129076,6.169465,404.9596113143467,-2534.4462916418997,0,1.3e-12
0.9973397616786904,0.0,0.0035865509986501,0.0000000000000000,-0.0000885986525427,0.0000000000000000,9.8962645297022309,3.0000925815544064,-411.971184,6.174369,405.7968146843661,-2541.6620985913178,0,1.8e-12
0.9973405283378461,0.0,0.0035869978240233,0.0000000000000000,-0.0000918681865785,0.0000000000000000,9.8982698464296046,3.0000925673577936,-412.816805,6.179183,406.6376216152729,-2548.8707360791304,0,8.4e-13
0.9973412953877623,0.0,0.0035874445339720,0.0000000000000000,-0.0000951368749949,0.0000000000000000,9.9002751709856689,3.0000925531406812,-413.665956,6.183907,407.4820483171505,-2556.0719574783288,0,1.6e-12
0.9973420628299482,0.0,0.0035878911272228,0.0000000000000000,-0.0000984047295360,0.0000000000000000,9.9022805034248638,3.0000925389031092,-414.518652,6.188541,408.3301110112761,-2563.2655149206548,0,2.8e-12
0.9973428306659137,0.0,0.0035883376024932,0.0000000000000000,-0.0001016717619423,0.0000000000000000,9.9042858438018246,3.0000925246451158,-415.374909,6.193083,409.1818259249860,-2570.4511593675998,0,1.5e-12
0.9973435988971691,0.0,0.0035887839584924,0.0000000000000000,-0.0001049379839491,0.0000000000000000,9.9062911921713876,3.0000925103667400,-416.234743,6.197533,410.0372093025478,-2577.6286405382998,0,5.7e-13
0.9973443675252252,0.0,0.0035892301939208,0.0000000000000000,-0.0001082034072881,0.0000000000000000,9.9082965485885861,3.0000924960680209,-417.098169,6.201892,410.8962773949540,-2584.7977069762856,0,8.2e-13
0.9973451365515933,0.0,0.0035896763074703,0.0000000000000000,-0.0001114680436868,0.0000000000000000,9.9103019131086558,3.0000924817489971,-417.965204,6.206158,411.7590464622526,-2591.9581060245255,0,9.9e-13
0.9973459059777854,0.0,0.0035901222978239,0.0000000000000000,-0.0001147319048688,0.0000000000000000,9.9123072857870387,3.0000924674097078,-418.835864,6.210332,412.6255327747808,-2599.1095838102046,0,8.5e-13
0.9973466758053140,0.0,0.0035905681636561,0.0000000000000000,-0.0001179950025549,0.0000000000000000,9.9143126666793826,3.0000924530501916,-419.710165,6.214412,413.4957526096452,-2606.2518853041838,0,2.5e-12
0.9973474460356925,0.0,0.0035910139036327,0.0000000000000000,-0.0001212573484618,0.0000000000000000,9.9163180558415434,3.0000924386704866,-420.588121,6.218399,414.3697222547166,-2613.3847542560252,0,2.5e-12
0.9973482166704346,0.0,0.0035914595164107,0.0000000000000000,-0.0001245189543041,0.0000000000000000,9.9183234533295881,3.0000924242706324,-421.469750,6.222292,415.2474580033916,-2620.5079332793975,0,1.3e-12
0.9973489877110548,0.0,0.0035919050006384,0.0000000000000000,-0.0001277798317925,0.0000000000000000,9.9203288591997989,3.0000924098506658,-422.355067,6.226091,416.1289761540609,-2627.6211637718225,0,8.4e-13
0.9973497591590689,0.0,0.0035923503549552,0.0000000000000000,-0.0001310399926361,0.0000000000000000,9.9223342735086710,3.0000923954106260,-423.244089,6.229796,417.0142930146716,-2634.7241859866481,0,1.4e-12
0.9973505310159926,0.0,0.0035927955779920,0.0000000000000000,-0.0001342994485412,0.0000000000000000,9.9243396963129165,3.0000923809505515,-424.136830,6.233405,417.9034248975028,-2641.8167389962910,0,1.0e-12
0.9973513032833431,0.0,0.0035932406683709,0.0000000000000000,-0.0001375582112120,0.0000000000000000,9.9263451276694692,3.0000923664704802,-425.033308,6.236920,418.7963881200430,-2648.8985607116338,0,8.9e-13
0.9973520759626382,0.0,0.0035936856247050,0.0000000000000000,-0.0001408162923509,0.0000000000000000,9.9283505676354835,3.0000923519704501,-425.933537,6.240338,419.6931990044779,-2655.9693879043916,0,4.4e-13
0.9973528490553966,0.0,0.0035941304455987,0.0000000000000000,-0.0001440737036585,0.0000000000000000,9.9303560162683393,3.0000923374504986,-426.837535,6.243661,420.5938738769909,-2663.0289561791869,0,5.6e-13
0.9973536225631379,0.0,0.0035945751296477,0.0000000000000000,-0.0001473304568339,0.0000000000000000,9.9323614736256438,3.0000923229106653,-427.745317,6.246888,421.4984290661577,-2670.0770000006305,0,1.9e-12
0.9973543964873828,0.0,0.0035950196754387,0.0000000000000000,-0.0001505865635749,0.0000000000000000,9.9343669397652299,3.0000923083509869,-428.656899,6.250018,422.4068809061955,-2677.1132526940200,0,6.6e-13
0.9973551708296526,0.0,0.0035954640815494,0.0000000000000000,-0.0001538420355786,0.0000000000000000,9.9363724147451649,3.0000922937715009,-429.572297,6.253051,423.3192457303697,-2684.1374464377732,0,1.5e-12
0.9973559455914703,0.0,0.0035959083465490,0.0000000000000000,-0.0001570968845412,0.0000000000000000,9.9383778986237488,3.0000922791722457,-430.491527,6.255987,424.2355398744920,-2691.1493122871616,0,1.3e-12
0.9973567207743596,0.0,0.0035963524689975,0.0000000000000000,-0.0001603511221582,0.0000000000000000,9.9403833914595161,3.0000922645532588,-431.414605,6.258825,425.1557796757286,-2698.1485801926028,0,2.4e-12
0.9973574963798447,0.0,0.0035967964474461,0.0000000000000000,-0.0001636047601248,0.0000000000000000,9.9423888933112412,3.0000922499145779,-432.341547,6.261566,426.0799814723942,-2705.1349789393425,0,1.2e-12
0.9973582724094520,0.0,0.0035972402804369,0.0000000000000000,-0.0001668578101360,0.0000000000000000,9.9443944042379382,3.0000922352562402,-433.272370,6.264208,427.0081615995825,-2712.1082362533343,0,2.3e-13
0.9973590488647084,0.0,0.0035976839665034,0.0000000000000000,-0.0001701102838869,0.0000000000000000,9.9463999242988663,3.0000922205782832,-434.207088,6.266752,427.9403363942734,-2719.0680787270248,0,1.6e-12
0.9973598257471421,0.0,0.0035981275041698,0.0000000000000000,-0.0001733621930734,0.0000000000000000,9.9484054535535282,3.0000922058807444,-435.145719,6.269197,428.8765221891587,-2726.0142318319995,0,1.9e-12
0.9973606030582826,0.0,0.0035985708919514,0.0000000000000000,-0.0001766135493913,0.0000000000000000,9.9504109920616770,3.0000921911636613,-436.088278,6.271543,429.8167353177337,-2732.9464199766371,0,5.9e-13
0.9973613807996605,0.0,0.0035990141283543,0.0000000000000000,-0.0001798643645374,0.0000000000000000,9.9524165398833127,3.0000921764270698,-437.034782,6.273790,430.7609921059626,-2739.8643664673436,0,1.4e-12
0.9973621589728080,0.0,0.0035994572118760,0.0000000000000000,-0.0001831146502097,0.0000000000000000,9.9544220970786910,3.0000921616710086,-437.985246,6.275937,431.7093088805454,-2746.7677935331158,0,1.4e-12
0.9973629375792584,0.0,0.0035999001410045,0.0000000000000000,-0.0001863644181071,0.0000000000000000,9.9564276637083235,3.0000921468955140,-438.939686,6.277984,432.6617019593687,-2753.6564223038295,0,7.5e-13
0.9973637166205463,0.0,0.0036003429142189,0.0000000000000000,-0.0001896136799303,0.0000000000000000,9.9584332398329796,3.0000921321006233,-439.898119,6.279931,433.6181876577638,-2760.5299728696118,0,1.7e-12
0.9973644960982081,0.0,0.0036007855299892,0.0000000000000000,-0.0001928624473815,0.0000000000000000,9.9604388255136875,3.0000921172863735,-440.860560,6.281778,434.5787822835885,-2767.3881642310007,0,2.0e-12
0.9973652760137810,0.0,0.0036012279867763,0.0000000000000000,-0.0001961107321647,0.0000000000000000,9.9624444208117406,3.0000921024528004,-441.827026,6.283524,435.5435021382844,-2774.2307143418875,0,4.7e-13
0.9973660563688043,0.0,0.0036016702830317,0.0000000000000000,-0.0001993585459862,0.0000000000000000,9.9644500257886968,3.0000920875999428,-442.797533,6.285169,436.5123635161758,-2781.0573401207657,0,2.0e-12
0.9973668371648182,0.0,0.0036021124171980,0.0000000000000000,-0.0002026059005541,0.0000000000000000,9.9664556405063838,3.0000920727278357,-443.772096,6.286713,437.4853827011037,-2787.8677573992900,0,1.1e-12
0.9973676184033651,0.0,0.0036025543877086,0.0000000000000000,-0.0002058528075802,0.0000000000000000,9.9684612650269013,3.0000920578365164,-444.750731,6.288155,438.4625759702126,-2794.6616810186533,0,1.4e-12
0.9973684000859883,0.0,0.0036029961929873,0.0000000000000000,-0.0002090992787782,0.0000000000000000,9.9704668994126209,3.0000920429260214,-445.733456,6.289496,439.4439595890095,-2801.4388247570751,0,1.8e-12
0.9973691822142332,0.0,0.0036034378314491,0.0000000000000000,-0.0002123453258649,0.0000000000000000,9.9724725437261910,3.0000920279963879,-446.720285,6.290735,440.4295498114433,-2808.1989013819111,0,1.8e-12
0.9973699647896467,0.0,0.0036038793014995,0.0000000000000000,-0.0002155909605606,0.0000000000000000,9.9744781980305390,3.0000920130476509,-447.711235,6.291872,441.4193628821417,-2814.9416226480098,0,2.3e-12
0.9973707478137770,0.0,0.0036043206015346,0.0000000000000000,-0.0002188361945889,0.0000000000000000,9.9764838623888767,3.0000919980798479,-448.706321,6.292906,442.4134150304360,-2821.6666992931569,0,2.0e-12
0.9973715312881747,0.0,0.0036047617299415,0.0000000000000000,-0.0002220810396774,0.0000000000000000,9.9784895368646982,3.0000919830930148,-449.705560,6.293838,443.4117224735290,-2828.3738410411606,0,1.4e-12
0.9973723152143916,0.0,0.0036052026850976,0.0000000000000000,-0.0002253255075572,0.0000000000000000,9.9804952215217853,3.0000919680871889,-450.708968,6.294667,444.4143014136816,-2835.0627566444018,0,1.9e-12
0.9973730995939816,0.0,0.0036056434653710,0.0000000000000000,-0.0002285696099642,0.0000000000000000,9.9825009164242129,3.0000919530624044,-451.716561,6.295393,445.4211680364626,-2841.7331538675789,0,1.8e-12
0.9973738844284999,0.0,0.0036060840691205,0.0000000000000000,-0.0002318133586376,0.0000000000000000,9.9845066216363474,3.0000919380186994,-452.728354,6.296016,446.4323385151076,-2848.3847394767654,0,7.1e-13
0.9973746697195043,0.0,0.0036065244946953,0.0000000000000000,-0.0002350567653226,0.0000000000000000,9.9865123372228499,3.0000919229561092,-453.744364,6.296535,447.4478290017166,-2855.0172192824975,0,1.6e-12
0.9973754554685539,0.0,0.0036069647404353,0.0000000000000000,-0.0002382998417680,0.0000000000000000,9.9885180632486819,3.0000919078746704,-454.764606,6.296951,448.4676556324647,-2861.6302981141052,0,2.9e-12
0.9973762416772098,0.0,0.0036074048046707,0.0000000000000000,-0.0002415425997286,0.0000000000000000,9.9905237997791083,3.0000918927744173,-455.789097,6.297263,449.4918345222422,-2868.2236798645317,0,3.1e-12
0.9973770283470353,0.0,0.0036078446857224,0.0000000000000000,-0.0002447850509637,0.0000000000000000,9.9925295468796982,3.0000918776553873,-456.817853,6.297471,450.5203817675467,-2874.7970674603857,0,2.3e-12
0.9973778154795955,0.0,0.0036082843819014,0.0000000000000000,-0.0002480272072390,0.0000000000000000,9.9945353046163277,3.0000918625176163,-457.850888,6.297575,451.5533134439239,-2881.3501629033999,0,6.4e-13
0.9973786030764573,0.0,0.0036087238915095,0.0000000000000000,-0.0002512690803253,0.0000000000000000,9.9965410730551838,3.0000918473611398,-458.888220,6.297574,452.5906456041690,-2887.8826672695577,0,1.9e-12
0.9973793911391903,0.0,0.0036091632128386,0.0000000000000000,-0.0002545106819997,0.0000000000000000,9.9985468522627681,3.0000918321859928,-459.929864,6.297469,453.6323942773275,-2894.3942806793784,0,2.7e-12
0.9973801796693654,0.0,0.0036096023441711,0.0000000000000000,-0.0002577520240452,0.0000000000000000,10.0005526423058999,3.0000918169922119,-460.975835,6.297260,454.6785754708454,-2900.8847023565177,0,2.2e-12
0.9973809686685562,0.0,0.0036100412837796,0.0000000000000000,-0.0002609931182519,0.0000000000000000,10.0025584432517185,3.0000918017798330,-462.026151,6.296946,455.7292051613438,-2907.3536306231545,0,1.2e-12
0.9973817581383383,0.0,0.0036104800299271,0.0000000000000000,-0.0002642339764158,0.0000000000000000,10.0045642551676863,3.0000917865488899,-463.080826,6.296527,456.7842993062563,-2913.8007629106287,0,2.4e-12
0.9973825480802893,0.0,0.0036109185808667,0.0000000000000000,-0.0002674746103406,0.0000000000000000,10.0065700781215909,3.0000917712994206,-464.139876,6.296002,457.8438738294619,-2920.2257957284601,0,2.5e-12
0.9973833384959891,0.0,0.0036113569348418,0.0000000000000000,-0.0002707150318364,0.0000000000000000,10.0085759121815521,3.0000917560314586,-465.203318,6.295373,458.9079446294426,-2926.6284247239091,0,2.0e-12
0.9973841293870204,0.0,0.0036117950900860,0.0000000000000000,-0.0002739552527213,0.0000000000000000,10.0105817574160199,3.0000917407450407,-466.271166,6.294638,459.9765275736234,-2933.0083446925855,0,1.3e-12
0.9973849207549672,0.0,0.0036122330448231,0.0000000000000000,-0.0002771952848207,0.0000000000000000,10.0125876138937837,3.0000917254402006,-467.343437,6.293798,461.0496385007594,-2939.3652495326969,0,3.1e-12
0.9973857126014167,0.0,0.0036126707972668,0.0000000000000000,-0.0002804351399682,0.0000000000000000,10.0145934816839688,3.0000917101169753,-468.420146,6.292852,462.1272932129131,-2945.6988323041733,0,7.5e-13
0.9973865049279581,0.0,0.0036131083456211,0.0000000000000000,-0.0002836748300049,0.0000000000000000,10.0165993608560449,3.0000916947753993,-469.501308,6.291801,463.2095074845843,-2952.0087852329016,0,1.1e-12
0.9973872977361831,0.0,0.0036135456880799,0.0000000000000000,-0.0002869143667811,0.0000000000000000,10.0186052514798281,3.0000916794155073,-470.586941,6.290644,464.2962970520033,-2958.2947996810108,0,1.2e-12
0.9973880910276856,0.0,0.0036139828228272,0.0000000000000000,-0.0002901537621547,0.0000000000000000,10.0206111536254845,3.0000916640373352,-471.677058,6.289381,465.3876776168003,-2964.5565662109875,0,2.0e-12
0.9973888848040623,0.0,0.0036144197480370,0.0000000000000000,-0.0002933930279928,0.0000000000000000,10.0226170673635320,3.0000916486409177,-472.771676,6.288012,466.4836648436637,-2970.7937745463278,0,1.8e-12
0.9973896790669123,0.0,0.0036148564618730,0.0000000000000000,-0.0002966321761722,0.0000000000000000,10.0246229927648436,3.0000916332262908,-473.870811,6.286536,467.5842743590452,-2977.0061136197037,0,2.3e-12
0.9973904738178373,0.0,0.0036152929624891,0.0000000000000000,-0.0002998712185782,0.0000000000000000,10.0266289299006548,3.0000916177934878,-474.974477,6.284955,468.6895217489713,-2983.1932715645235,0,2.2e-12
0.9973912690584416,0.0,0.0036157292480288,0.0000000000000000,-0.0003031101671056,0.0000000000000000,10.0286348788425634,3.0000916023425446,-476.082690,6.283268,469.7994225608401,-2989.3549357282900,0,2.2e-12
0.9973920647903317,0.0,0.0036161653166255,0.0000000000000000,-0.0003063490336595,0.0000000000000000,10.0306408396625351,3.0000915868734968,-477.195466,6.281474,470.9139922977051,-2995.4907926536835,0,1.7e-12
0.9973928610151174,0.0,0.0036166011664025,0.0000000000000000,-0.0003095878301548,0.0000000000000000,10.0326468124329047,3.0000915713863776,-478.312820,6.279574,472.0332464202336,-3001.6005281624384,0,2.2e-12
0.9973936577344108,0.0,0.0036170367954727,0.0000000000000000,-0.0003128265685163,0.0000000000000000,10.0346527972263804,3.0000915558812236,-479.434767,6.277567,473.1572003442159,-3007.6838272764726,0,2.3e-12
0.9973944549498270,0.0,0.0036174722019388,0.0000000000000000,-0.0003160652606800,0.0000000000000000,10.0366587941160503,3.0000915403580679,-480.561323,6.275454,474.2858694383202,-3013.7403742809402,0,1.4e-12
0.9973952526629836,0.0,0.0036179073838929,0.0000000000000000,-0.0003193039185920,0.0000000000000000,10.0386648031753829,3.0000915248169462,-481.692503,6.273234,475.4192690243262,-3019.7698527428438,0,1.7e-12
0.9973960508755011,0.0,0.0036183423394171,0.0000000000000000,-0.0003225425542096,0.0000000000000000,10.0406708244782337,3.0000915092578926,-482.828322,6.270908,476.5574143747264,-3025.7719454779872,0,1.7e-12
0.9973968495890030,0.0,0.0036187770665828,0.0000000000000000,-0.0003257811795018,0.0000000000000000,10.0426768580988437,3.0000914936809422,-483.968796,6.268475,477.7003207108921,-3031.7463345962315,0,2.3e-12
0.9973976488051153,0.0,0.0036192115634510,0.0000000000000000,-0.0003290198064483,0.0000000000000000,10.0446829041118519,3.0000914780861301,-485.113939,6.265936,478.8480032028913,-3037.6927014918328,0,1.2e-12
0.9973984485254674,0.0,0.0036196458280723,0.0000000000000000,-0.0003322584470408,0.0000000000000000,10.0466889625922882,3.0000914624734896,-486.263766,6.263289,480.0004769677255,-3043.6107268766500,0,1.0e-12
0.9973992487516913,0.0,0.0036200798584864,0.0000000000000000,-0.0003354971132835,0.0000000000000000,10.0486950336155871,3.0000914468430557,-487.418294,6.260537,481.1577570658330,-3049.5000907900394,0,4.4e-12
0.9974000494854223,0.0,0.0036205136527229,0.0000000000000000,-0.0003387358171921,0.0000000000000000,10.0507011172575869,3.0000914311948628,-488.577536,6.257677,482.3198585003299,-3055.3604725372716,0,1.3e-12
0.9974008507282983,0.0,0.0036209472088004,0.0000000000000000,-0.0003419745707953,0.0000000000000000,10.0527072135945357,3.0000914155289458,-489.741507,6.254711,483.4867962182555,-3061.1915508383972,0,2.6e-12
0.9974016524819607,0.0,0.0036213805247269,0.0000000000000000,-0.0003452133861342,0.0000000000000000,10.0547133227030905,3.0000913998453385,-490.910223,6.251638,484.6585851074894,-3066.9930037198355,0,3.0e-12
0.9974024547480538,0.0,0.0036218135984997,0.0000000000000000,-0.0003484522752633,0.0000000000000000,10.0567194446603292,3.0000913841440751,-492.083698,6.248458,485.8352399911703,-3072.7645085437834,0,3.7e-12
0.9974032575282250,0.0,0.0036222464281052,0.0000000000000000,-0.0003516912502497,0.0000000000000000,10.0587255795437471,3.0000913684251906,-493.261948,6.245172,487.0167756309403,-3078.5057420849917,0,4.0e-12
0.9974040608241251,0.0,0.0036226790115192,0.0000000000000000,-0.0003549303231748,0.0000000000000000,10.0607317274312678,3.0000913526887181,-494.444986,6.241779,488.2032067237608,-3084.2163804976153,0,2.6e-12
0.9974048646374080,0.0,0.0036231113467063,0.0000000000000000,-0.0003581695061331,0.0000000000000000,10.0627378884012408,3.0000913369346933,-495.632827,6.238279,489.3945479006757,-3089.8960993178043,0,4.0e-12
0.9974056689697307,0.0,0.0036235434316205,0.0000000000000000,-0.0003614088112336,0.0000000000000000,10.0647440625324514,3.0000913211631497,-496.825487,6.234673,490.5908137221614,-3095.5445734622772,0,2.1e-12
0.9974064738227538,0.0,0.0036239752642048,0.0000000000000000,-0.0003646482505990,0.0000000000000000,10.0667502499041230,3.0000913053741209,-498.022979,6.230960,491.7920186826113,-3101.1614773064357,0,2.2e-12
0.9974072791981410,0.0,0.0036244068423908,0.0000000000000000,-0.0003678878363670,0.0000000000000000,10.0687564505959184,3.0000912895676421,-499.225318,6.227141,492.9981772022745,-3106.7464846366056,0,3.5e-12
0.9974080850975596,0.0,0.0036248381640994,0.0000000000000000,-0.0003711275806902,0.0000000000000000,10.0707626646879493,3.0000912737437457,-500.432519,6.223215,494.2093036263134,-3112.2992686582002,0,3.9e-12
0.9974088915226801,0.0,0.0036252692272403,0.0000000000000000,-0.0003743674957358,0.0000000000000000,10.0727688922607790,3.0000912579024672,-501.644595,6.219183,495.4254122260617,-3117.8195020618004,0,1.7e-12
0.9974096984751766,0.0,0.0036257000297119,0.0000000000000000,-0.0003776075936868,0.0000000000000000,10.0747751333954234,3.0000912420438399,-502.861561,6.215044,496.6465171979140,-3123.3068569967145,0,3.3e-12
0.9974105059567268,0.0,0.0036261305694016,0.0000000000000000,-0.0003808478867415,0.0000000000000000,10.0767813881733606,3.0000912261678985,-504.083432,6.210799,497.8726326552909,-3128.7610050547373,0,4.3e-12
0.9974113139690116,0.0,0.0036265608441853,0.0000000000000000,-0.0003840883871140,0.0000000000000000,10.0787876566765338,3.0000912102746762,-505.310221,6.206448,499.1037726310914,-3134.1816173415864,0,3.2e-12
0.9974121225137158,0.0,0.0036269908519277,0.0000000000000000,-0.0003873291070348,0.0000000000000000,10.0807939389873535,3.0000911943642063,-506.541942,6.201991,500.3399510784762,-3139.5683644859382,0,3.5e-12
0.9974129315925278,0.0,0.0036274205904820,0.0000000000000000,-0.0003905700587505,0.0000000000000000,10.0828002351887047,3.0000911784365245,-507.778609,6.197427,501.5811818610734,-3144.9209165881621,0,3.8e-12
0.9974137412071393,0.0,0.0036278500576900,0.0000000000000000,-0.0003938112545249,0.0000000000000000,10.0848065453639535,3.0000911624916617,-509.020236,6.192758,502.8274787586001,-3150.2389432741475,0,3.7e-12
0.9974145513592463,0.0,0.0036282792513822,0.0000000000000000,-0.0003970527066381,0.0000000000000000,10.0868128695969457,3.0000911465296558,-510.266838,6.187982,504.0788554619447,-3155.5221137624176,0,4.0e-12
0.9974153620505480,0.0,0.0036287081693773,0.0000000000000000,-0.0004002944273877,0.0000000000000000,10.0888192079720191,3.0000911305505369,-511.518427,6.183101,505.3353255677368,-3160.7700967458513,0,3.0e-12
0.9974161732827478,0.0,0.0036291368094824,0.0000000000000000,-0.0004035364290889,0.0000000000000000,10.0908255605740020,3.0000911145543405,-512.775017,6.178114,506.5969025819079,-3165.9825605465012,0,1.6e-12
0.9974169850575527,0.0,0.0036295651694930,0.0000000000000000,-0.0004067787240746,0.0000000000000000,10.0928319274882234,3.0000910985410996,-514.036622,6.173022,507.8635999154057,-3171.1591730515793,0,4.2e-12
0.9974177973766736,0.0,0.0036299932471931,0.0000000000000000,-0.0004100213246956,0.0000000000000000,10.0948383088005134,3.0000910825108482,-515.303255,6.167824,509.1354308797967,-3176.2996016996040,0,5.7e-12
0.9974186102418252,0.0,0.0036304210403544,0.0000000000000000,-0.0004132642433215,0.0000000000000000,10.0968447045972134,3.0000910664636202,-516.574929,6.162520,510.4124086859127,-3181.4035135381127,0,3.0e-12
0.9974194236547266,0.0,0.0036308485467374,0.0000000000000000,-0.0004165074923399,0.0000000000000000,10.0988511149651750,3.0000910503994489,-517.851658,6.157112,511.6945464490624,-3186.4705752954469,0,5.2e-12
0.9974202376171002,0.0,0.0036312757640901,0.0000000000000000,-0.0004197510841577,0.0000000000000000,10.1008575399917717,3.0000910343183675,-519.133455,6.151598,512.9818571711294,-3191.5004532496678,0,3.8e-12
0.9974210521306731,0.0,0.0036317026901489,0.0000000000000000,-0.0004229950312008,0.0000000000000000,10.1028639797649014,3.0000910182204099,-520.420333,6.145980,514.2743537562066,-3196.4928133577341,0,5.2e-12
0.9974218671971763,0.0,0.0036321293226380,0.0000000000000000,-0.0004262393459151,0.0000000000000000,10.1048704343729874,3.0000910021056106,-521.712305,6.140256,515.5720489913703,-3201.4473212445737,0,3.7e-12
0.9974226828183447,0.0,0.0036325556592698,0.0000000000000000,-0.0004294840407654,0.0000000000000000,10.1068769039049933,3.0000909859740017,-523.009384,6.134428,516.8749555595712,-3206.3636421794945,0,2.7e-12
0.9974234989959174,0.0,0.0036329816977442,0.0000000000000000,-0.0004327291282372,0.0000000000000000,10.1088833884504190,3.0000909698256168,-524.311582,6.128496,518.1830860268913,-3211.2414411458303,0,3.2e-12
0.9974243157316381,0.0,0.0036334074357490,0.0000000000000000,-0.0004359746208363,0.0000000000000000,10.1108898880993117,3.0000909536604903,-525.618912,6.122459,519.4964528427473,-3216.0803828001372,0,4.1e-12
0.9974251330272544,0.0,0.0036338328709600,0.0000000000000000,-0.0004392205310886,0.0000000000000000,10.1128964029422708,3.0000909374786544,-526.931387,6.116318,520.8150683404788,-3220.8801315053133,0,5.9e-12
0.9974259508845184,0.0,0.0036342580010401,0.0000000000000000,-0.0004424668715420,0.0000000000000000,10.1149029330704519,3.0000909212801439,-528.249018,6.110074,522.1389447280334,-3225.6403513592668,0,4.0e-12
0.9974267693051864,0.0,0.0036346828236404,0.0000000000000000,-0.0004457136547647,0.0000000000000000,10.1169094785755753,3.0000909050649915,-529.571819,6.103725,523.4680940957293,-3230.3607062285591,0,5.3e-12
0.9974275882910191,0.0,0.0036351073363990,0.0000000000000000,-0.0004489608933470,0.0000000000000000,10.1189160395499282,3.0000908888332298,-530.899801,6.097273,524.8025284021147,-3235.0408596937195,0,5.0e-12
0.9974284078437817,0.0,0.0036355315369420,0.0000000000000000,-0.0004522085999007,0.0000000000000000,10.1209226160863732,3.0000908725848938,-532.232977,6.090717,526.1422594820451,-3239.6804750945012,0,3.6e-12
0.9974292279652441,0.0,0.0036359554228823,0.0000000000000000,-0.0004554567870601,0.0000000000000000,10.1229292082783537,3.0000908563200159,-533.571357,6.084058,527.4872990354883,-3244.2792156293290,0,5.7e-12
0.9974300486571804,0.0,0.0036363789918207,0.0000000000000000,-0.0004587054674816,0.0000000000000000,10.1249358162198995,3.0000908400386295,-534.914955,6.077296,528.8376586276950,-3248.8367442176677,0,4.9e-12
0.9974308699213695,0.0,0.0036368022413447,0.0000000000000000,-0.0004619546538448,0.0000000000000000,10.1269424400056316,3.0000908237407682,-536.263782,6.070432,530.1933496933196,-3253.3527236038644,0,9.2e-12
0.9974316917595948,0.0,0.0036372251690294,0.0000000000000000,-0.0004652043588523,0.0000000000000000,10.1289490797307735,3.0000908074264641,-537.617848,6.063465,531.5543835166827,-3257.8268163850589,0,6.5e-12
0.9974325141736445,0.0,0.0036376477724369,0.0000000000000000,-0.0004684545952300,0.0000000000000000,10.1309557354911508,3.0000907910957513,-538.977166,6.056395,532.9207712494738,-3262.2586849872896,0,7.0e-12
0.9974333371653114,0.0,0.0036380700491162,0.0000000000000000,-0.0004717053757275,0.0000000000000000,10.1329624073832019,3.0000907747486631,-540.341747,6.049223,534.2925238931607,-3266.6479916824901,0,4.8e-12
0.9974341607363932,0.0,0.0036384919966035,0.0000000000000000,-0.0004749567131186,0.0000000000000000,10.1349690955039851,3.0000907583852334,-541.711602,6.041950,535.6696523043208,-3270.9943986324943,0,5.0e-12
0.9974349848886924,0.0,0.0036389136124216,0.0000000000000000,-0.0004782086202013,0.0000000000000000,10.1369757999511787,3.0000907420054941,-543.086742,6.034575,537.0521671841454,-3275.2975678914518,0,5.5e-12
0.9974358096240162,0.0,0.0036393348940803,0.0000000000000000,-0.0004814611097989,0.0000000000000000,10.1389825208230953,3.0000907256094789,-544.467177,6.027098,538.4400790824598,-3279.5571613855136,0,5.3e-12
0.9974366349441770,0.0,0.0036397558390761,0.0000000000000000,-0.0004847141947588,0.0000000000000000,10.1409892582186849,3.0000907091972215,-545.852919,6.019521,539.8333983922055,-3283.7728409811680,0,5.6e-12
0.9974374608509921,0.0,0.0036401764448923,0.0000000000000000,-0.0004879678879546,0.0000000000000000,10.1429960122375409,3.0000906927687554,-547.243977,6.011842,541.2321353455717,-3287.9442684802343,0,7.8e-12
0.9974382873462836,0.0,0.0036405967089986,0.0000000000000000,-0.0004912222022850,0.0000000000000000,10.1450027829799101,3.0000906763241120,-548.640363,6.004063,542.6363000087459,-3292.0711056048749,0,5.7e-12
0.9974391144318789,0.0,0.0036410166288511,0.0000000000000000,-0.0004944771506754,0.0000000000000000,10.1470095705466949,3.0000906598633250,-550.042085,5.996183,544.0459022875569,-3296.1530140894756,0,8.9e-12
0.9974399421096105,0.0,0.0036414362018926,0.0000000000000000,-0.0004977327460769,0.0000000000000000,10.1490163750394640,3.0000906433864292,-551.449155,5.988203,545.4609519110979,-3300.1896556034335,0,7.0e-12
0.9974407703813161,0.0,0.0036418554255522,0.0000000000000000,-0.0005009890014678,0.0000000000000000,10.1510231965604607,3.0000906268934560,-552.861582,5.980124,546.8814584405197,-3304.1806918232469,0,5.5e-12
0.9974415992488384,0.0,0.0036422742972450,0.0000000000000000,-0.0005042459298531,0.0000000000000000,10.1530300352126037,3.0000906103844391,-554.279376,5.971945,548.3074312610956,-3308.1257844695356,0,8.1e-12
0.9974424287140257,0.0,0.0036426928143726,0.0000000000000000,-0.0005075035442656,0.0000000000000000,10.1550368910995008,3.0000905938594116,-555.702546,5.963666,549.7388795727186,-3312.0245952464466,0,6.9e-12
0.9974432587787314,0.0,0.0036431109743226,0.0000000000000000,-0.0005107618577657,0.0000000000000000,10.1570437643254561,3.0000905773184066,-557.131102,5.955289,551.1758123996245,-3315.8767859161308,0,7.2e-12
0.9974440894448144,0.0,0.0036435287744685,0.0000000000000000,-0.0005140208834419,0.0000000000000000,10.1590506549954718,3.0000905607614574,-558.565052,5.946813,552.6182385751437,-3319.6820183175150,0,8.3e-12
0.9974449207141391,0.0,0.0036439462121697,0.0000000000000000,-0.0005172806344113,0.0000000000000000,10.1610575632152607,3.0000905441885961,-560.004406,5.938239,554.0661667433320,-3323.4399543422624,0,8.5e-12
0.9974457525885754,0.0,0.0036443632847718,0.0000000000000000,-0.0005205411238197,0.0000000000000000,10.1630644890912532,3.0000905275998577,-561.449172,5.929567,555.5196053553929,-3327.1502559997898,0,8.0e-12
0.9974465850699984,0.0,0.0036447799896056,0.0000000000000000,-0.0005238023648423,0.0000000000000000,10.1650714327306044,3.0000905109952734,-562.899359,5.920797,556.9785626665612,-3330.8125853749807,0,7.8e-12
0.9974474181602894,0.0,0.0036451963239880,0.0000000000000000,-0.0005270643706835,0.0000000000000000,10.1670783942412015,3.0000904943748776,-564.354976,5.911929,558.4430467292605,-3334.4266047143610,0,8.3e-12
0.9974482518613347,0.0,0.0036456122852214,0.0000000000000000,-0.0005303271545783,0.0000000000000000,10.1690853737316740,3.0000904777387021,-565.816030,5.902965,559.9130653932666,-3337.9919763889629,0,8.3e-12
0.9974490861750270,0.0,0.0036460278705935,0.0000000000000000,-0.0005335907297914,0.0000000000000000,10.1710923713113974,3.0000904610867813,-567.282530,5.893903,561.3886263003114,-3341.5083629335277,0,1.1e-11
0.9974499211032642,0.0,0.0036464430773774,0.0000000000000000,-0.0005368551096186,0.0000000000000000,10.1730993870905060,3.0000904444191474,-568.754482,5.884746,562.8697368767291,-3344.9754270532576,0,9.7e-12
0.9974507566479506,0.0,0.0036468579028318,0.0000000000000000,-0.0005401203073865,0.0000000000000000,10.1751064211799012,3.0000904277358345,-570.231896,5.875492,564.3564043381416,-3348.3928316476522,0,9.3e-12
0.9974515928109957,0.0,0.0036472723442003,0.0000000000000000,-0.0005433863364535,0.0000000000000000,10.1771134736912536,3.0000904110368740,-571.714778,5.866142,565.8486356766324,-3351.7602398542513,0,9.9e-12
0.9974524295943156,0.0,0.0036476863987116,0.0000000000000000,-0.0005466532102097,0.0000000000000000,10.1791205447370210,3.0000903943222998,-573.203135,5.856697,567.3464376650072,-3355.0773149841989,0,1.1e-11
0.9974532669998319,0.0,0.0036481000635796,0.0000000000000000,-0.0005499209420773,0.0000000000000000,10.1811276344304478,3.0000903775921457,-574.696974,5.847157,568.8498168427553,-3358.3437206477392,0,1.1e-11
0.9974541050294730,0.0,0.0036485133360031,0.0000000000000000,-0.0005531895455114,0.0000000000000000,10.1831347428855832,3.0000903608464435,-576.196302,5.837523,570.3587795217501,-3361.5591206735407,0,1.1e-11
0.9974549436851725,0.0,0.0036489262131655,0.0000000000000000,-0.0005564590340003,0.0000000000000000,10.1851418702172811,3.0000903440852271,-577.701126,5.827794,571.8733317755779,-3364.7231792149832,0,1.0e-11
0.9974557829688707,0.0,0.0036493386922351,0.0000000000000000,-0.0005597294210650,0.0000000000000000,10.1871490165412126,3.0000903273085298,-579.211451,5.817971,573.3934794401857,-3367.8355606770783,0,9.6e-12
0.9974566228825144,0.0,0.0036497507703647,0.0000000000000000,-0.0005630007202613,0.0000000000000000,10.1891561819738801,3.0000903105163839,-580.727283,5.808055,574.9192281072427,-3370.8959298211557,0,1.2e-11
0.9974574634280562,0.0,0.0036501624446917,0.0000000000000000,-0.0005662729451788,0.0000000000000000,10.1911633666326171,3.0000902937088232,-582.248628,5.798045,576.4505831150024,-3373.9039517146302,0,1.1e-11
0.9974583046074552,0.0,0.0036505737123378,0.0000000000000000,-0.0005695461094419,0.0000000000000000,10.1931705706356066,3.0000902768858801,-583.775493,5.787943,577.9875495542697,-3376.8592917788483,0,1.1e-11
0.9974591464226774,0.0,0.0036509845704091,0.0000000000000000,-0.0005728202267101,0.0000000000000000,10.1951777941018857,3.0000902600475885,-585.307881,5.777748,579.5301322561452,-3379.7616158402234,0,1.3e-11
0.9974599888756948,0.0,0.0036513950159960,0.0000000000000000,-0.0005760953106786,0.0000000000000000,10.1971850371513568,3.0000902431939807,-586.845797,5.767462,581.0783357888685,-3382.6105900295370,0,1.2e-11
0.9974608319684861,0.0,0.0036518050461725,0.0000000000000000,-0.0005793713750783,0.0000000000000000,10.1991922999047944,3.0000902263250904,-588.389248,5.757083,582.6321644567373,-3385.4058809902344,0,1.6e-11
0.9974616757030368,0.0,0.0036522146579972,0.0000000000000000,-0.0005826484336767,0.0000000000000000,10.2011995824838611,3.0000902094409505,-589.938236,5.746614,584.1916222878776,-3388.1471556959150,0,1.3e-11
0.9974625200813390,0.0,0.0036526238485121,0.0000000000000000,-0.0005859265002783,0.0000000000000000,10.2032068850111113,3.0000901925415944,-591.492766,5.736053,585.7567130403498,-3390.8340816138953,0,1.2e-11
0.9974633651053915,0.0,0.0036530326147432,0.0000000000000000,-0.0005892055887246,0.0000000000000000,10.2052142076100054,3.0000901756270553,-593.052843,5.725403,587.3274401901323,-3393.4663266800635,0,1.4e-11
0.9974642107772002,0.0,0.0036534409537000,0.0000000000000000,-0.0005924857128950,0.0000000000000000,10.2072215504049204,3.0000901586973661,-594.618469,5.714662,588.9038069255749,-3396.0435592571448,0,1.5e-11
0.9974650570987776,0.0,0.0036538488623756,0.0000000000000000,-0.0005957668867075,0.0000000000000000,10.2092289135211587,3.0000901417525596,-596.189648,5.703832,590.4858161445833,-3398.5654482581303,0,1.6e-11
0.9974659040721435,0.0,0.0036542563377466,0.0000000000000000,-0.0005990491241178,0.0000000000000000,10.2112362970849588,3.0000901247926706,-597.766383,5.692912,592.0734704518558,-3401.0316630814923,0,1.4e-11
0.9974667516993245,0.0,0.0036546633767725,0.0000000000000000,-0.0006023324391218,0.0000000000000000,10.2132437012235062,3.0000901078177296,-599.348677,5.681904,593.6667721515471,-3403.4418736889784,0,1.6e-11
0.9974675999823545,0.0,0.0036550699763965,0.0000000000000000,-0.0006056168457543,0.0000000000000000,10.2152511260649472,3.0000900908277726,-600.936531,5.670808,595.2657232405767,-3405.7957505517406,0,1.5e-11
0.9974684489232745,0.0,0.0036554761335444,0.0000000000000000,-0.0006089023580907,0.0000000000000000,10.2172585717383946,3.0000900738228311,-602.529949,5.659624,596.8703254072035,-3408.0929647558951,0,1.5e-11
0.9974692985241327,0.0,0.0036558818451252,0.0000000000000000,-0.0006121889902463,0.0000000000000000,10.2192660383739433,3.0000900568029389,-604.128933,5.648353,598.4805800225953,-3410.3331879934412,0,1.8e-11
0.9974701487869850,0.0,0.0036562871080306,0.0000000000000000,-0.0006154767563784,0.0000000000000000,10.2212735261026815,3.0000900397681298,-605.733482,5.636994,600.0964881361689,-3412.5160924958473,0,1.8e-11
0.9974709997138944,0.0,0.0036566919191350,0.0000000000000000,-0.0006187656706851,0.0000000000000000,10.2232810350567025,3.0000900227184366,-607.343600,5.625549,601.7180504709460,-3414.6413512035215,0,1.8e-11
0.9974718513069315,0.0,0.0036570962752953,0.0000000000000000,-0.0006220557474065,0.0000000000000000,10.2252885653691123,3.0000900056538926,-608.959286,5.614018,603.3452674177553,-3416.7086376696534,0,1.7e-11
0.9974727035681744,0.0,0.0036575001733509,0.0000000000000000,-0.0006253470008258,0.0000000000000000,10.2272961171740491,3.0000899885745311,-610.580541,5.602402,604.9781390347548,-3418.7176261263085,0,1.9e-11
0.9974735564997090,0.0,0.0036579036101233,0.0000000000000000,-0.0006286394452691,0.0000000000000000,10.2293036906066881,3.0000899714803855,-612.207365,5.590700,606.6166650263767,-3420.6679914865235,0,1.9e-11
0.9974744101036289,0.0,0.0036583065824164,0.0000000000000000,-0.0006319330951056,0.0000000000000000,10.2313112858032582,3.0000899543714898,-613.839759,5.578914,608.2608447581889,-3422.5594093876716,0,2.1e-11
0.9974752643820355,0.0,0.0036587090870160,0.0000000000000000,-0.0006352279647492,0.0000000000000000,10.2333189029010523,3.0000899372478766,-615.477721,5.567044,609.9106772337774,-3424.3915562045586,0,2.2e-11
0.9974761193370381,0.0,0.0036591111206898,0.0000000000000000,-0.0006385240686584,0.0000000000000000,10.2353265420384432,3.0000899201095796,-617.121251,5.555090,611.5661610991028,-3426.1641090203775,0,2.2e-11
0.9974769749707538,0.0,0.0036595126801873,0.0000000000000000,-0.0006418214213363,0.0000000000000000,10.2373342033548944,3.0000899029566326,-618.770347,5.543053,613.2272946335254,-3427.8767457173672,0,2.0e-11
0.9974778312853082,0.0,0.0036599137622395,0.0000000000000000,-0.0006451200373323,0.0000000000000000,10.2393418869909727,3.0000898857890688,-620.425009,5.530933,614.8940757457507,-3429.5291449959332,0,2.2e-11
0.9974786882828346,0.0,0.0036603143635589,0.0000000000000000,-0.0006484199312420,0.0000000000000000,10.2413495930883620,3.0000898686069224,-622.085233,5.518731,616.5665019603271,-3431.1209863179538,0,2.5e-11
0.9974795459654747,0.0,0.0036607144808394,0.0000000000000000,-0.0006517211177073,0.0000000000000000,10.2433573217898779,3.0000898514102254,-623.751017,5.506447,618.2445704180491,-3432.6519499880378,0,2.3e-11
0.9974804043353787,0.0,0.0036611141107559,0.0000000000000000,-0.0006550236114183,0.0000000000000000,10.2453650732394799,3.0000898341990125,-625.422360,5.494082,619.9282778746954,-3434.1217171966855,0,2.7e-11
0.9974812633947050,0.0,0.0036615132499647,0.0000000000000000,-0.0006583274271124,0.0000000000000000,10.2473728475822874,3.0000898169733179,-627.099257,5.481636,621.6176206787837,-3435.5299699346069,0,2.6e-11
0.9974821231456203,0.0,0.0036619118951026,0.0000000000000000,-0.0006616325795758,0.0000000000000000,10.2493806449645906,3.0000897997331744,-628.781705,5.469110,623.3125947811950,-3436.8763911761343,0,2.7e-11
0.9974829835903006,0.0,0.0036623100427872,0.0000000000000000,-0.0006649390836438,0.0000000000000000,10.2513884655338678,3.0000897824786157,-630.469700,5.456504,625.0131957197183,-3438.1606647346052,0,2.7e-11
0.9974838447309298,0.0,0.0036627076896170,0.0000000000000000,-0.0006682469542013,0.0000000000000000,10.2533963094388021,3.0000897652096756,-632.163238,5.443819,626.7194186156678,-3439.3824753871304,0,2.9e-11
0.9974847065697009,0.0,0.0036631048321705,0.0000000000000000,-0.0006715562061837,0.0000000000000000,10.2554041768292876,3.0000897479263879,-633.862314,5.431056,628.4312581641071,-3440.5415088728478,0,3.0e-11
0.9974855691088206,0.0,0.0036635014670088,0.0000000000000000,-0.0006748668545956,0.0000000000000000,10.2574120678564462,3.0000897306287873,-635.566922,5.418214,630.1487086276911,-3441.6374516739161,0,1.3e-12
0.9974864323504902,0.0,0.0036638975906668,0.0000000000000000,-0.0006781789144385,0.0000000000000000,10.2594199826726733,3.0000897133169064,-637.277058,5.405294,631.8717638382340,-3442.6699919187813,0,1.2e-12
0.9974872962969343,0.0,0.0036642931996656,0.0000000000000000,-0.0006814924008202,0.0000000000000000,10.2614279214315971,3.0000896959907797,-638.992715,5.392298,633.6004171768984,-3443.6388181356597,0,4.3e-12
0.9974881609503821,0.0,0.0036646882905040,0.0000000000000000,-0.0006848073288834,0.0000000000000000,10.2634358842881355,3.0000896786504407,-640.713886,5.379224,635.3346615703890,-3444.5436200615077,0,2.3e-12
0.9974890263130716,0.0,0.0036650828596604,0.0000000000000000,-0.0006881237138243,0.0000000000000000,10.2654438713984995,3.0000896612959238,-642.440564,5.366075,637.0744894904070,-3445.3840885297686,0,1.1e-12
0.9974898923872505,0.0,0.0036654769035927,0.0000000000000000,-0.0006914415708931,0.0000000000000000,10.2674518829202128,3.0000896439272626,-644.172743,5.352850,638.8198929391502,-3446.1599154763971,0,3.4e-12
0.9974907591751759,0.0,0.0036658704187380,0.0000000000000000,-0.0006947609153948,0.0000000000000000,10.2694599190121245,3.0000896265444918,-645.910413,5.339550,640.5708634467655,-3446.8707938638108,0,1.9e-12
0.9974916266791146,0.0,0.0036662634015126,0.0000000000000000,-0.0006980817626898,0.0000000000000000,10.2714679798344299,3.0000896091476452,-647.653567,5.326175,642.3273920599587,-3447.5164178748964,0,1.8e-12
0.9974924949013427,0.0,0.0036666558483117,0.0000000000000000,-0.0007014041281947,0.0000000000000000,10.2734760655486870,3.0000895917367569,-649.402196,5.312727,644.0894693369512,-3448.0964827809948,0,1.4e-11
0.9974933638441466,0.0,0.0036670477555092,0.0000000000000000,-0.0007047280273826,0.0000000000000000,10.2754841763178284,3.0000895743118607,-651.156290,5.299205,645.8570853284183,-3448.6106850227516,0,1.0e-12
0.9974942335098218,0.0,0.0036674391194576,0.0000000000000000,-0.0007080534757843,0.0000000000000000,10.2774923123061868,3.0000895568729917,-652.915840,5.285610,647.6302296019569,-3449.0587222917238,0,5.0e-12
0.9974951039006749,0.0,0.0036678299364880,0.0000000000000000,-0.0007113804889890,0.0000000000000000,10.2795004736795086,3.0000895394201836,-654.680835,5.271943,649.4088911889863,-3449.4402934056416,0,6.0e-13
0.9974959750190213,0.0,0.0036682202029094,0.0000000000000000,-0.0007147090826440,0.0000000000000000,10.2815086606049721,3.0000895219534716,-656.451263,5.258205,651.1930586145497,-3449.7550985162670,0,1.1e-12
0.9974968468671879,0.0,0.0036686099150090,0.0000000000000000,-0.0007180392724574,0.0000000000000000,10.2835168732512070,3.0000895044728888,-658.227115,5.244395,652.9827198667017,-3450.0028389638173,0,8.2e-13
0.9974977194475109,0.0,0.0036689990690517,0.0000000000000000,-0.0007213710741966,0.0000000000000000,10.2855251117883153,3.0000894869784700,-660.008377,5.230514,654.7778623978929,-3450.1832173936127,0,3.5e-12
0.9974985927623375,0.0,0.0036693876612802,0.0000000000000000,-0.0007247045036908,0.0000000000000000,10.2875333763878860,3.0000894694702511,-661.795037,5.216564,656.5784731119363,-3450.2959377611114,0,1.2e-12
0.9974994668140255,0.0,0.0036697756879145,0.0000000000000000,-0.0007280395768307,0.0000000000000000,10.2895416672230180,3.0000894519482650,-663.587082,5.202544,658.3845383600525,-3450.3407053375267,0,3.2e-12
0.9975003416049429,0.0,0.0036701631451520,0.0000000000000000,-0.0007313763095696,0.0000000000000000,10.2915499844683378,3.0000894344125464,-665.384498,5.188455,660.1960439312711,-3450.3172267928603,0,1.6e-12
0.9975012171374691,0.0,0.0036705500291670,0.0000000000000000,-0.0007347147179246,0.0000000000000000,10.2935583283000227,3.0000894168631316,-667.187272,5.174297,662.0129750352659,-3450.2252100698825,0,3.6e-12
0.9975020934139940,0.0,0.0036709363361107,0.0000000000000000,-0.0007380548179767,0.0000000000000000,10.2955666988958185,3.0000893993000539,-668.995388,5.160072,663.8353163086999,-3450.0643646213866,0,8.6e-13
0.9975029704369187,0.0,0.0036713220621110,0.0000000000000000,-0.0007413966258719,0.0000000000000000,10.2975750964350610,3.0000893817233485,-670.808831,5.145780,665.6630517900896,-3449.8344012451416,0,1.2e-12
0.9975038482086558,0.0,0.0036717072032721,0.0000000000000000,-0.0007447401578223,0.0000000000000000,10.2995835210986968,3.0000893641330499,-672.627585,5.131421,667.4961649216693,-3449.5350322031300,0,2.1e-12
0.9975047267316285,0.0,0.0036720917556743,0.0000000000000000,-0.0007480854301064,0.0000000000000000,10.3015919730693053,3.0000893465291942,-674.451634,5.116995,669.3346385363160,-3449.1659712681721,0,3.0e-12
0.9975056060082721,0.0,0.0036724757153743,0.0000000000000000,-0.0007514324590701,0.0000000000000000,10.3036004525311231,3.0000893289118156,-676.280960,5.102505,671.1784548481652,-3448.7269336090540,0,8.9e-13
0.9975064860410331,0.0,0.0036728590784042,0.0000000000000000,-0.0007547812611281,0.0000000000000000,10.3056089596700620,3.0000893112809495,-678.115545,5.087949,673.0275954409844,-3448.2176359901205,0,9.6e-13
0.9975073668323701,0.0,0.0036732418407718,0.0000000000000000,-0.0007581318527638,0.0000000000000000,10.3076174946737318,3.0000892936366301,-679.955371,5.073330,674.8820412627999,-3447.6377966877481,0,3.9e-12
0.9975082483847530,0.0,0.0036736239984601,0.0000000000000000,-0.0007614842505312,0.0000000000000000,10.3096260577314691,3.0000892759788935,-681.800419,5.058646,676.7417726101980,-3446.9871355450014,0,1.7e-12
0.9975091307006644,0.0,0.0036740055474275,0.0000000000000000,-0.0007648384710548,0.0000000000000000,10.3116346490343549,3.0000892583077756,-683.650669,5.043900,678.6067691262822,-3446.2653739723610,0,1.4e-12
0.9975100137825983,0.0,0.0036743864836069,0.0000000000000000,-0.0007681945310313,0.0000000000000000,10.3136432687752393,3.0000892406233106,-685.506100,5.029091,680.4770097825282,-3445.4722350232478,0,4.5e-12
0.9975108976330614,0.0,0.0036747668029060,0.0000000000000000,-0.0007715524472302,0.0000000000000000,10.3156519171487684,3.0000892229255345,-687.366692,5.014219,682.3524728748719,-3444.6074433489121,0,5.7e-12
0.9975117822545728,0.0,0.0036751465012069,0.0000000000000000,-0.0007749122364942,0.0000000000000000,10.3176605943514055,3.0000892052144827,-689.232423,4.999287,684.2331360029598,-3443.6707252838823,0,1.0e-12
0.9975126676496643,0.0,0.0036755255743657,0.0000000000000000,-0.0007782739157418,0.0000000000000000,10.3196693005814613,3.0000891874901909,-691.103270,4.984294,686.1189760739608,-3442.6618088518735,0,1.2e-12
0.9975135538208801,0.0,0.0036759040182127,0.0000000000000000,-0.0007816375019664,0.0000000000000000,10.3216780360391134,3.0000891697526950,-692.979210,4.969241,688.0099692824847,-3441.5804237629054,0,7.8e-13
0.9975144407707776,0.0,0.0036762818285515,0.0000000000000000,-0.0007850030122380,0.0000000000000000,10.3236868009264366,3.0000891520020305,-694.860219,4.954128,689.9060910994403,-3440.4263014661847,0,2.6e-12
0.9975153285019268,0.0,0.0036766590011594,0.0000000000000000,-0.0007883704637044,0.0000000000000000,10.3256955954474279,3.0000891342382330,-696.746272,4.938956,691.8073162650903,-3439.1991751976602,0,5.5e-12
0.9975162170169115,0.0,0.0036770355317865,0.0000000000000000,-0.0007917398735921,0.0000000000000000,10.3277044198080343,3.0000891164613392,-698.637345,4.923726,693.7136187777709,-3437.8987799340684,0,3.3e-12
0.9975171063183286,0.0,0.0036774114161560,0.0000000000000000,-0.0007951112592072,0.0000000000000000,10.3297132742161786,3.0000890986713844,-700.533410,4.908438,695.6249718724496,-3436.5248524964263,0,1.9e-12
0.9975179964087882,0.0,0.0036777866499637,0.0000000000000000,-0.0007984846379365,0.0000000000000000,10.3317221588817869,3.0000890808684049,-702.434441,4.893093,697.5413480251045,-3435.0771314931626,0,9.9e-13
0.9975188872909149,0.0,0.0036781612288776,0.0000000000000000,-0.0008018600272488,0.0000000000000000,10.3337310740168213,3.0000890630524366,-704.340411,4.877692,699.4627189296402,-3433.5553574401420,0,9.9e-13
0.9975197789673462,0.0,0.0036785351485379,0.0000000000000000,-0.0008052374446954,0.0000000000000000,10.3357400198353044,3.0000890452235165,-706.251290,4.862234,701.3890554884838,-3431.9592727181152,0,6.0e-13
0.9975206714407344,0.0,0.0036789084045565,0.0000000000000000,-0.0008086169079119,0.0000000000000000,10.3377489965533513,3.0000890273816809,-708.167050,4.846722,703.3203278031184,-3430.2886216327024,0,2.1e-12
0.9975215647137458,0.0,0.0036792809925169,0.0000000000000000,-0.0008119984346184,0.0000000000000000,10.3397580043891981,3.0000890095269663,-710.087660,4.831154,705.2565051607598,-3428.5431503805739,0,4.3e-12
0.9975224587890609,0.0,0.0036796529079735,0.0000000000000000,-0.0008153820426221,0.0000000000000000,10.3417670435632303,3.0000889916594091,-712.013089,4.815533,707.1975560136802,-3426.7226071874320,0,2.1e-12
0.9975233536693749,0.0,0.0036800241464520,0.0000000000000000,-0.0008187677498165,0.0000000000000000,10.3437761142980218,3.0000889737790453,-713.943306,4.799858,709.1434479835224,-3424.8267422206118,0,2.3e-12
0.9975242493573980,0.0,0.0036803947034485,0.0000000000000000,-0.0008221555741844,0.0000000000000000,10.3457852168183564,3.0000889558859134,-715.878279,4.784131,711.0941478323333,-3422.8553076528769,0,1.9e-12
0.9975251458558552,0.0,0.0036807645744295,0.0000000000000000,-0.0008255455337980,0.0000000000000000,10.3477943513512685,3.0000889379800486,-717.817972,4.768351,713.0496214578815,-3420.8080577514484,0,2.9e-12
0.9975260431674864,0.0,0.0036811337548315,0.0000000000000000,-0.0008289376468204,0.0000000000000000,10.3498035181260715,3.0000889200614882,-719.762354,4.752520,715.0098338759246,-3418.6847487919731,0,1.3e-12
0.9975269412950474,0.0,0.0036815022400605,0.0000000000000000,-0.0008323319315069,0.0000000000000000,10.3518127173743917,3.0000889021302699,-721.711387,4.736637,716.9747492158386,-3416.4851392006094,0,7.7e-12
0.9975278402413090,0.0,0.0036818700254922,0.0000000000000000,-0.0008357284062064,0.0000000000000000,10.3538219493302019,3.0000888841864306,-723.665035,4.720705,718.9443306887961,-3414.2089894752135,0,1.9e-12
0.9975287400090582,0.0,0.0036822371064711,0.0000000000000000,-0.0008391270893620,0.0000000000000000,10.3558312142298590,3.0000888662300076,-725.623263,4.704722,720.9185405970240,-3411.8560622986406,0,2.6e-12
0.9975296406010976,0.0,0.0036826034783107,0.0000000000000000,-0.0008425279995129,0.0000000000000000,10.3578405123121389,3.0000888482610391,-727.586031,4.688691,722.8973403026007,-3409.4261224822840,0,1.5e-12
0.9975305420202463,0.0,0.0036829691362926,0.0000000000000000,-0.0008459311552959,0.0000000000000000,10.3598498438182673,3.0000888302795610,-729.553301,4.672611,724.8806902194360,-3406.9189371215180,0,1.4e-12
0.9975314442693395,0.0,0.0036833340756666,0.0000000000000000,-0.0008493365754460,0.0000000000000000,10.3618592089919641,3.0000888122856124,-731.525033,4.656484,726.8685497971817,-3404.3342754713376,0,2.8e-12
0.9975323473512293,0.0,0.0036836982916503,0.0000000000000000,-0.0008527442787986,0.0000000000000000,10.3638686080794749,3.0000887942792311,-733.501186,4.640309,728.8608775094544,-3401.6719090497936,0,5.0e-12
0.9975332512687843,0.0,0.0036840617794285,0.0000000000000000,-0.0008561542842900,0.0000000000000000,10.3658780413296121,3.0000887762604540,-735.481718,4.624087,730.8576308325331,-3398.9316116986447,0,1.9e-12
0.9975341560248905,0.0,0.0036844245341532,0.0000000000000000,-0.0008595666109596,0.0000000000000000,10.3678875089937925,3.0000887582293192,-737.466586,4.607820,732.8587662411691,-3396.1131595414481,0,3.2e-12
0.9975350616224509,0.0,0.0036847865509428,0.0000000000000000,-0.0008629812779510,0.0000000000000000,10.3698970113260778,3.0000887401858662,-739.455746,4.591507,734.8642391802209,-3393.2163310706383,0,2.8e-12
0.9975359680643862,0.0,0.0036851478248822,0.0000000000000000,-0.0008663983045131,0.0000000000000000,10.3719065485832171,3.0000887221301316,-741.449154,4.575150,736.8740040585230,-3390.2409071110305,0,1.7e-12
0.9975368753536348,0.0,0.0036855083510221,0.0000000000000000,-0.0008698177100026,0.0000000000000000,10.3739161210246813,3.0000887040621556,-743.446763,4.558748,738.8880142305391,-3387.1866709393216,0,2.7e-12
0.9975377834931531,0.0,0.0036858681243789,0.0000000000000000,-0.0008732395138842,0.0000000000000000,10.3759257289127120,3.0000886859819742,-745.448525,4.542303,740.9062219769304,-3384.0534081979422,0,2.5e-12
0.9975386924859160,0.0,0.0036862271399339,0.0000000000000000,-0.0008766637357331,0.0000000000000000,10.3779353725123631,3.0000886678896288,-747.454394,4.525816,742.9285784930290,-3380.8409070257912,0,2.4e-12
0.9975396023349165,0.0,0.0036865853926334,0.0000000000000000,-0.0008800903952365,0.0000000000000000,10.3799450520915411,3.0000886497851567,-749.464320,4.509286,744.9550338683858,-3377.5489580645808,0,3.6e-12
0.9975405130431665,0.0,0.0036869428773877,0.0000000000000000,-0.0008835195121945,0.0000000000000000,10.3819547679210515,3.0000886316685973,-751.478252,4.492715,746.9855370714788,-3374.1773544083117,0,3.0e-12
0.9975414246136971,0.0,0.0036872995890716,0.0000000000000000,-0.0008869511065227,0.0000000000000000,10.3839645202746453,3.0000886135399893,-753.496138,4.476102,749.0200359331786,-3370.7258917542058,0,5.6e-12
0.9975423370495586,0.0,0.0036876555225228,0.0000000000000000,-0.0008903851982530,0.0000000000000000,10.3859743094290646,3.0000885953993723,-755.517927,4.459450,751.0584771308512,-3367.1943683432764,0,5.5e-12
0.9975432503538210,0.0,0.0036880106725426,0.0000000000000000,-0.0008938218075357,0.0000000000000000,10.3879841356640874,3.0000885772467849,-757.543564,4.442758,753.1008061689480,-3363.5825850423425,0,7.8e-12
0.9975441645295737,0.0,0.0036883650338949,0.0000000000000000,-0.0008972609546412,0.0000000000000000,10.3899939992625807,3.0000885590822683,-759.572994,4.426027,755.1469673516873,-3359.8903453142848,0,5.9e-12
0.9975450795799270,0.0,0.0036887186013055,0.0000000000000000,-0.0009007026599619,0.0000000000000000,10.3920039005105451,3.0000885409058604,-761.606161,4.409257,757.1969037845829,-3356.1174553146120,0,5.2e-12
0.9975459955080108,0.0,0.0036890713694626,0.0000000000000000,-0.0009041469440134,0.0000000000000000,10.3940138396971680,3.0000885227176024,-763.643007,4.392450,759.2505573417375,-3352.2637238951284,0,4.8e-12
0.9975469123169765,0.0,0.0036894233330152,0.0000000000000000,-0.0009075938274371,0.0000000000000000,10.3960238171148731,3.0000885045175330,-765.683474,4.375606,761.3078686495292,-3348.3289626258775,0,5.1e-12
0.9975478300099957,0.0,0.0036897744865735,0.0000000000000000,-0.0009110433310013,0.0000000000000000,10.3980338330593707,3.0000884863056934,-767.727502,4.358725,763.3687770698729,-3344.3129858282045,0,6.7e-12
0.9975487485902621,0.0,0.0036901248247081,0.0000000000000000,-0.0009144954756037,0.0000000000000000,10.4000438878297157,3.0000884680821231,-769.775029,4.341808,765.4332206773972,-3340.2156105894828,0,5.0e-12
0.9975496680609905,0.0,0.0036904743419495,0.0000000000000000,-0.0009179502822729,0.0000000000000000,10.4020539817283595,3.0000884498468636,-771.825993,4.324856,767.5011362454118,-3336.0366568811587,0,5.9e-12
0.9975505884254182,0.0,0.0036908230327878,0.0000000000000000,-0.0009214077721708,0.0000000000000000,10.4040641150612032,3.0000884315999548,-773.880329,4.307870,769.5724592187571,-3331.7759474571212,0,6.6e-12
0.9975515096868042,0.0,0.0036911708916718,0.0000000000000000,-0.0009248679665939,0.0000000000000000,10.4060742881376562,3.0000884133414374,-775.937974,4.290850,771.6471236980871,-3327.4333079799544,0,7.0e-12
0.9975524318484305,0.0,0.0036915179130091,0.0000000000000000,-0.0009283308869759,0.0000000000000000,10.4080845012706966,3.0000883950713524,-777.998859,4.273796,773.7250624188168,-3323.0085670049884,0,6.9e-12
0.9975533549136018,0.0,0.0036918640911651,0.0000000000000000,-0.0009317965548899,0.0000000000000000,10.4100947547769263,3.0000883767897415,-780.062917,4.256710,775.8062067276594,-3318.5015560672618,0,6.6e-12
0.9975542788856464,0.0,0.0036922094204628,0.0000000000000000,-0.0009352649920497,0.0000000000000000,10.4121050489766311,3.0000883584966447,-782.130078,4.239592,777.8904865681469,-3313.9121096702875,0,7.3e-12
0.9975552037679160,0.0,0.0036925538951818,0.0000000000000000,-0.0009387362203129,0.0000000000000000,10.4141153841938472,3.0000883401921055,-784.200272,4.222442,779.9778304459082,-3309.2400652881479,0,7.0e-12
0.9975561295637866,0.0,0.0036928975095584,0.0000000000000000,-0.0009422102616826,0.0000000000000000,10.4161257607564171,3.0000883218761638,-786.273427,4.205261,782.0681654187874,-3304.4852634824347,0,6.0e-12
0.9975570562766581,0.0,0.0036932402577846,0.0000000000000000,-0.0009456871383096,0.0000000000000000,10.4181361789960594,3.0000883035488628,-788.349468,4.188051,784.1614170728276,-3299.6475479148794,0,8.8e-12
0.9975579839099559,0.0,0.0036935821340077,0.0000000000000000,-0.0009491668724948,0.0000000000000000,10.4201466392484310,3.0000882852102428,-790.428320,4.170811,786.2575094905940,-3294.7267652590526,0,9.9e-12
0.9975589124671298,0.0,0.0036939231323297,0.0000000000000000,-0.0009526494866916,0.0000000000000000,10.4221571418531926,3.0000882668603484,-792.509907,4.153541,788.3563652376878,-3289.7227654220187,0,1.0e-11
0.9975598419516555,0.0,0.0036942632468066,0.0000000000000000,-0.0009561350035083,0.0000000000000000,10.4241676871540836,3.0000882484992202,-794.594149,4.136244,790.4579053349214,-3284.6354014567332,0,9.6e-12
0.9975607723670346,0.0,0.0036946024714481,0.0000000000000000,-0.0009596234457101,0.0000000000000000,10.4261782754989856,3.0000882301269023,-796.680968,4.118919,792.5620492370992,-3279.4645296165836,0,9.1e-12
0.9975617037167950,0.0,0.0036949408002168,0.0000000000000000,-0.0009631148362224,0.0000000000000000,10.4281889072399956,3.0000882117434360,-798.770282,4.101567,794.6687148050401,-3274.2100094272755,0,9.5e-12
0.9975626360044914,0.0,0.0036952782270277,0.0000000000000000,-0.0009666091981322,0.0000000000000000,10.4301995827335006,3.0000881933488657,-800.862007,4.084189,796.7778182842133,-3268.8717036900925,0,1.2e-11
0.9975635692337055,0.0,0.0036956147457469,0.0000000000000000,-0.0009701065546918,0.0000000000000000,10.4322103023402466,3.0000881749432335,-802.956059,4.066785,798.8892742712226,-3263.4494784874842,0,1.1e-11
0.9975645034080469,0.0,0.0036959503501925,0.0000000000000000,-0.0009736069293206,0.0000000000000000,10.4342210664254225,3.0000881565265831,-805.052351,4.049356,801.0029957072985,-3257.9432033087360,0,1.3e-11
0.9975654385311531,0.0,0.0036962850341321,0.0000000000000000,-0.0009771103456084,0.0000000000000000,10.4362318753587324,3.0000881380989592,-807.150796,4.031902,803.1188938271521,-3252.3527509588748,0,1.3e-11
0.9975663746066901,0.0,0.0036966187912837,0.0000000000000000,-0.0009806168273174,0.0000000000000000,10.4382427295144780,3.0000881196604050,-809.251302,4.014424,805.2368781557140,-3246.6779977611732,0,1.7e-11
0.9975673116383528,0.0,0.0036969516153138,0.0000000000000000,-0.0009841263983859,0.0000000000000000,10.4402536292716359,3.0000881012109639,-811.353780,3.996923,807.3568564585744,-3240.9188233846799,0,1.4e-11
0.9975682496298656,0.0,0.0036972834998378,0.0000000000000000,-0.0009876390829304,0.0000000000000000,10.4422645750139456,3.0000880827506817,-813.458135,3.979400,809.4787347417912,-3235.0751110870624,0,1.4e-11
0.9975691885849828,0.0,0.0036976144384182,0.0000000000000000,-0.0009911549052486,0.0000000000000000,10.4442755671299903,3.0000880642796020,-815.564271,3.961854,811.6024171999434,-3229.1467476520920,0,1.7e-11
0.9975701285074893,0.0,0.0036979444245649,0.0000000000000000,-0.0009946738898230,0.0000000000000000,10.4462866060132882,3.0000880457977699,-817.672093,3.944287,813.7278061941195,-3223.1336233649636,0,1.6e-11
0.9975710694012005,0.0,0.0036982734517337,0.0000000000000000,-0.0009981960613230,0.0000000000000000,10.4482976920623756,3.0000880273052304,-819.781502,3.926700,815.8548022364396,-3217.0356321848813,0,1.9e-11
0.9975720112699636,0.0,0.0036986015133261,0.0000000000000000,-0.0010017214446089,0.0000000000000000,10.4503088256809011,3.0000880088020292,-821.892396,3.909092,817.9833039368558,-3210.8526716506458,0,1.7e-11
0.9975729541176577,0.0,0.0036989286026881,0.0000000000000000,-0.0010052500647343,0.0000000000000000,10.4523200072777218,3.0000879902882107,-824.004672,3.891464,820.1132080015145,-3204.5846430914244,0,1.8e-11
0.9975738979481941,0.0,0.0036992547131097,0.0000000000000000,-0.0010087819469498,0.0000000000000000,10.4543312372669899,3.0000879717638220,-826.118227,3.873818,822.2444091784145,-3198.2314514820464,0,2.5e-11
0.9975748427655174,0.0,0.0036995798378240,0.0000000000000000,-0.0010123171167064,0.0000000000000000,10.4563425160682577,3.0000879532289093,-828.232953,3.856153,824.3768002270275,-3191.7930055193137,0,2.0e-11
0.9975757885736057,0.0,0.0036999039700065,0.0000000000000000,-0.0010158555996580,0.0000000000000000,10.4583538441065755,3.0000879346835170,-830.348742,3.838471,826.5102719180584,-3185.2692178103607,0,2.1e-11
0.9975767353764715,0.0,0.0037002271027740,0.0000000000000000,-0.0010193974216661,0.0000000000000000,10.4603652218125873,3.0000879161276939,-832.465484,3.820771,828.6447129585185,-3178.6600047258544,0,2.1e-11
0.9975776831781618,0.0,0.0037005492291841,0.0000000000000000,-0.0010229426088025,0.0000000000000000,10.4623766496226462,3.0000878975614853,-834.583065,3.803055,830.7800099918991,-3171.9652865559328,0,2.3e-11
0.9975786319827588,0.0,0.0037008703422341,0.0000000000000000,-0.0010264911873531,0.0000000000000000,10.4643881279789088,3.0000878789849383,-836.701371,3.785323,832.9160475438737,-3165.1849874952459,0,2.4e-11
0.9975795817943809,0.0,0.0037011904348604,0.0000000000000000,-0.0010300431838214,0.0000000000000000,10.4663996573294540,3.0000878603981014,-838.820284,3.767576,835.0527080019929,-3158.3190356810810,0,2.4e-11
0.9975805326171832,0.0,0.0037015094999371,0.0000000000000000,-0.0010335986249325,0.0000000000000000,10.4684112381283914,3.0000878418010215,-840.939686,3.749814,837.1898715757948,-3151.3673633185681,0,2.7e-11
0.9975814844553579,0.0,0.0037018275302755,0.0000000000000000,-0.0010371575376370,0.0000000000000000,10.4704228708359715,3.0000878231937471,-843.059454,3.732038,839.3274162625686,-3144.3299065936590,0,3.2e-11
0.9975824373131350,0.0,0.0037021445186232,0.0000000000000000,-0.0010407199491147,0.0000000000000000,10.4724345559187100,3.0000878045763253,-845.179466,3.714249,841.4652178031254,-3137.2066058010096,0,2.6e-11
0.9975833911947832,0.0,0.0037024604576628,0.0000000000000000,-0.0010442858867789,0.0000000000000000,10.4744462938495033,3.0000877859488062,-847.299596,3.696446,843.6031496695451,-3129.9974054041668,0,2.5e-11
0.9975843461046104,0.0,0.0037027753400112,0.0000000000000000,-0.0010478553782797,0.0000000000000000,10.4764580851077529,3.0000877673112369,-849.419715,3.678632,845.7410830054663,-3122.7022540110047,0,2.7e-11
0.9975853020469645,0.0,0.0037030891582185,0.0000000000000000,-0.0010514284515096,0.0000000000000000,10.4784699301794912,3.0000877486636677,-851.539692,3.660805,847.8788865878636,-3115.3211044215714,0,2.5e-11
0.9975862590262339,0.0,0.0037034019047671,0.0000000000000000,-0.0010550051346062,0.0000000000000000,10.4804818295575100,3.0000877300061477,-853.659395,3.642968,850.0164268086677,-3107.8539137665066,0,2.6e-11
0.9975872170468486,0.0,0.0037037135720702,0.0000000000000000,-0.0010585854559583,0.0000000000000000,10.4824937837414911,3.0000877113387268,-855.778688,3.625120,852.1535676107646,-3100.3006434132694,0,2.3e-11
0.9975881761132807,0.0,0.0037040241524715,0.0000000000000000,-0.0010621694442087,0.0000000000000000,10.4845057932381440,3.0000876926614546,-857.897433,3.607263,854.2901704714481,-3092.6612591567682,0,2.2e-11
0.9975891362300451,0.0,0.0037043336382437,0.0000000000000000,-0.0010657571282598,0.0000000000000000,10.4865178585613457,3.0000876739743818,-860.015490,3.589396,856.4260943437057,-3084.9357311184867,0,1.8e-11
0.9975900974017007,0.0,0.0037046420215872,0.0000000000000000,-0.0010693485372781,0.0000000000000000,10.4885299802322791,3.0000876552775591,-862.132715,3.571520,858.5611956246834,-3077.1240339167998,0,1.4e-11
0.9975910596328506,0.0,0.0037049492946290,0.0000000000000000,-0.0010729437006992,0.0000000000000000,10.4905421587795828,3.0000876365710374,-864.248964,3.553636,860.6953281081162,-3069.2261466442724,0,5.4e-12
0.9975920229281436,0.0,0.0037052554494221,0.0000000000000000,-0.0010765426482325,0.0000000000000000,10.4925543947394946,3.0000876178548683,-866.364087,3.535744,862.8283429498681,-3061.2420529543888,0,3.0e-12
0.9975929872922745,0.0,0.0037055604779435,0.0000000000000000,-0.0010801454098659,0.0000000000000000,10.4945666886560112,3.0000875991291038,-868.477935,3.517846,864.9600886130012,-3053.1717410711572,0,1.0e-11
0.9975939527299852,0.0,0.0037058643720938,0.0000000000000000,-0.0010837520158718,0.0000000000000000,10.4965790410810413,3.0000875803937950,-870.590352,3.499941,867.0904108247884,-3045.0152038203669,0,2.4e-11
0.9975949192460589,0.0,0.0037061671236930,0.0000000000000000,-0.0010873624967860,0.0000000000000000,10.4985914525745887,3.0000875616489964,-872.701183,3.482031,869.2191525469093,-3036.7724392029922,0,2.3e-12
0.9975958868453444,0.0,0.0037064687244874,0.0000000000000000,-0.0010909768835030,0.0000000000000000,10.5006039237048387,3.0000875428947582,-874.810269,3.464115,871.3461539005114,-3028.4434488804545,0,1.2e-12
0.9975968555327260,0.0,0.0037067691661380,0.0000000000000000,-0.0010945952071634,0.0000000000000000,10.5026164550484395,3.0000875241311351,-876.917447,3.446195,873.4712521435508,-3020.0282401783625,0,1.5e-12
0.9975978253131432,0.0,0.0037070684402252,0.0000000000000000,-0.0010982174992293,0.0000000000000000,10.5046290471906048,3.0000875053581804,-879.022552,3.428270,875.5942816128552,-3011.5268250018707,0,3.6e-12
0.9975987961915869,0.0,0.0037073665382460,0.0000000000000000,-0.0011018437914742,0.0000000000000000,10.5066417007253072,3.0000874865759481,-881.125416,3.410342,877.7150736716973,-3002.9392201874871,0,2.1e-12
0.9975997681731007,0.0,0.0037076634516125,0.0000000000000000,-0.0011054741159892,0.0000000000000000,10.5086544162554656,3.0000874677844922,-883.225868,3.392411,879.8334566666108,-2994.2654474793235,0,5.0e-12
0.9976007412627820,0.0,0.0037079591716512,0.0000000000000000,-0.0011091085051893,0.0000000000000000,10.5106671943931307,3.0000874489838680,-885.323734,3.374478,881.9492558739041,-2985.5055336304940,0,3.4e-12
0.9976017154657832,0.0,0.0037082536896004,0.0000000000000000,-0.0011127469918193,0.0000000000000000,10.5126800357596792,3.0000874301741303,-887.418836,3.356543,884.0622934402546,-2976.6595104571315,0,5.2e-12
0.9976026907873127,0.0,0.0037085469966095,0.0000000000000000,-0.0011163896089608,0.0000000000000000,10.5146929409860057,3.0000874113553349,-889.510995,3.338607,886.1723883281365,-2967.7274148340803,0,2.1e-11
0.9976036672326354,0.0,0.0037088390837374,0.0000000000000000,-0.0011200363900376,0.0000000000000000,10.5167059107127354,3.0000873925275378,-891.600026,3.320670,888.2793562985014,-2958.7092889142805,0,7.6e-12
0.9976046448070748,0.0,0.0037091299419505,0.0000000000000000,-0.0011236873688237,0.0000000000000000,10.5187189455904235,3.0000873736907945,-893.685743,3.302733,890.3830097819745,-2949.6051799209672,0,9.7e-12
0.9976056235160137,0.0,0.0037094195621217,0.0000000000000000,-0.0011273425794497,0.0000000000000000,10.5207320462797771,3.0000873548451628,-895.767954,3.284796,892.4831578858320,-2940.4151404272416,0,1.7e-11
0.9976066033648952,0.0,0.0037097079350281,0.0000000000000000,-0.0011310020564091,0.0000000000000000,10.5227452134518717,3.0000873359906990,-897.846467,3.266861,894.5796063186899,-2931.1392283815658,0,1.8e-11
0.9976075843592243,0.0,0.0037099950513499,0.0000000000000000,-0.0011346658345670,0.0000000000000000,10.5247584477883773,3.0000873171274622,-899.921084,3.248927,896.6721573147963,-2921.7775070756325,0,1.8e-11
0.9976085665045689,0.0,0.0037102809016683,0.0000000000000000,-0.0011383339491660,0.0000000000000000,10.5267717499817923,3.0000872982555102,-901.991604,3.230995,898.7606095843208,-2912.3300452145049,0,2.3e-11
0.9976095498065611,0.0,0.0037105654764637,0.0000000000000000,-0.0011420064358346,0.0000000000000000,10.5287851207356802,3.0000872793749012,-904.057824,3.213065,900.8447582539791,-2902.7969171110308,0,3.5e-11
0.9976105342708986,0.0,0.0037108487661144,0.0000000000000000,-0.0011456833305940,0.0000000000000000,10.5307985607649197,3.0000872604856941,-906.119534,3.195139,902.9243948195559,-2893.1782026592991,0,2.2e-11
0.9976115199033454,0.0,0.0037111307608936,0.0000000000000000,-0.0011493646698659,0.0000000000000000,10.5328120707959503,3.0000872415879489,-908.176524,3.177217,904.9993070297428,-2883.4739873449435,0,1.1e-11
0.9976125067097332,0.0,0.0037114114509686,0.0000000000000000,-0.0011530504904785,0.0000000000000000,10.5348256515670400,3.0000872226817261,-910.228578,3.159299,907.0692788731477,-2873.6843624552712,0,1.8e-11
0.9976134946959757,0.0,0.0037116908264016,0.0000000000000000,-0.0011567408297232,0.0000000000000000,10.5368393038285078,3.0000872037670847,-912.275476,3.141386,909.1340904737328,-2863.8094242509105,0,1.2e-12
0.9976144838680370,0.0,0.0037119688771388,0.0000000000000000,-0.0011604357252422,0.0000000000000000,10.5388530283431088,3.0000871848440878,-914.316996,3.123478,911.1935180666992,-2853.8492762036039,0,6.8e-12
0.9976154742319671,0.0,0.0037122455930180,0.0000000000000000,-0.0011641352151607,0.0000000000000000,10.5408668258861997,3.0000871659127966,-916.352910,3.105576,913.2473338736094,-2843.8040268046316,0,8.1e-12
0.9976164657938872,0.0,0.0037125209637613,0.0000000000000000,-0.0011678393380390,0.0000000000000000,10.5428806972460798,3.0000871469732724,-918.382987,3.087681,915.2953060672710,-2833.6737907212810,0,1.7e-11
0.9976174585599951,0.0,0.0037127949789751,0.0000000000000000,-0.0011715481328922,0.0000000000000000,10.5448946432242856,3.0000871280255783,-920.406991,3.069793,917.3371986819176,-2823.4586886094767,0,2.9e-11
0.9976184525365704,0.0,0.0037130676281475,0.0000000000000000,-0.0011752616392165,0.0000000000000000,10.5469086646358825,3.0000871090697769,-922.424683,3.051912,919.3727715402913,-2813.1588469897979,0,2.4e-11
0.9976194477299678,0.0,0.0037133389006447,0.0000000000000000,-0.0011789798969655,0.0000000000000000,10.5489227623098145,3.0000870901059336,-924.435819,3.034039,921.4017801743980,-2802.7743987996946,0,3.3e-12
0.9976204441466191,0.0,0.0037136087857087,0.0000000000000000,-0.0011827029465630,0.0000000000000000,10.5509369370892223,3.0000870711341117,-926.440151,3.016175,923.4239757636257,-2792.3054835089133,0,2.6e-11
0.9976214417930356,0.0,0.0037138772724542,0.0000000000000000,-0.0011864308289148,0.0000000000000000,10.5529511898317683,3.0000870521543757,-928.437425,2.998320,925.4391050334397,-2781.7522470988915,0,6.0e-12
0.9976224406758302,0.0,0.0037141443498729,0.0000000000000000,-0.0011901635854950,0.0000000000000000,10.5549655214099207,3.0000870331667926,-930.427384,2.980474,927.4469101683788,-2771.1148408777663,0,7.8e-12
0.9976234408016935,0.0,0.0037144100068229,0.0000000000000000,-0.0011939012582619,0.0000000000000000,10.5569799327114087,3.0000870141714269,-932.409768,2.962639,929.4471287338026,-2760.3934231561143,0,3.1e-12
0.9976244221380297,0.0,0.0037146689617432,0.0000000000000000,-0.0011975689898143,0.0000000000000000,10.5589541348824199,3.0000869955484748,-934.344896,2.945171,931.3997258971424,-2749.8050802955404,0,2.2e-12
0.9976254046811855,0.0,0.0037149265308771,0.0000000000000000,-0.0012012415241682,0.0000000000000000,10.5609284153621825,3.0000869769181766,-936.272237,2.927713,933.3445245088567,-2739.1363727077842,0,6.2e-12
0.9976263884377150,0.0,0.0037151827033586,0.0000000000000000,-0.0012049189023360,0.0000000000000000,10.5629027750309952,3.0000869582805962,-938.191531,2.910267,935.2812641759469,-2728.3874676874839,0,8.4e-12
0.9976273734142472,0.0,0.0037154374681883,0.0000000000000000,-0.0012086011658054,0.0000000000000000,10.5648772147846426,3.0000869396357985,-940.102512,2.892832,937.2096799282824,-2717.5585396073293,0,4.4e-12
0.9976283596175162,0.0,0.0037156908142374,0.0000000000000000,-0.0012122883566519,0.0000000000000000,10.5668517355346658,3.0000869209838474,-942.004911,2.875409,939.1295021059327,-2706.6497681142646,0,1.4e-11
0.9976293470543297,0.0,0.0037159427302370,0.0000000000000000,-0.0012159805174305,0.0000000000000000,10.5688263382088721,3.0000869023248105,-943.898456,2.858000,941.0404563077411,-2695.6613404634991,0,2.7e-12
0.9976303159463114,0.0,0.0037161882096078,0.0000000000000000,-0.0012196037001191,0.0000000000000000,10.5707615301244982,3.0000868840321346,-945.745270,2.840951,942.9043194558773,-2684.8155794043560,0,1.9e-12
0.9976312865992184,0.0,0.0037164324348997,0.0000000000000000,-0.0012232338441743,0.0000000000000000,10.5726979249976125,3.0000868657221638,-947.584108,2.823905,944.7602032348523,-2673.8873327890178,0,5.4e-12
0.9976322590221652,0.0,0.0037166753927370,0.0000000000000000,-0.0012268710010574,0.0000000000000000,10.5746355245421242,3.0000868473949454,-949.414682,2.806863,946.6078196809760,-2662.8766587671125,0,6.4e-12
0.9976332332243802,0.0,0.0037169170695648,0.0000000000000000,-0.0012305152229191,0.0000000000000000,10.5765743304922673,3.0000868290505252,-951.236700,2.789825,948.4468751146006,-2651.7836225946085,0,7.2e-12
0.9976342092152244,0.0,0.0037171574516489,0.0000000000000000,-0.0012341665626736,0.0000000000000000,10.5785143446030609,3.0000868106889520,-953.049861,2.772791,950.2770699672021,-2640.6082955733873,0,2.7e-11
0.9976351870041624,0.0,0.0037173965250644,0.0000000000000000,-0.0012378250738987,0.0000000000000000,10.5804555686509456,3.0000867923102739,-954.853862,2.755763,952.0980987468608,-2629.3507574739051,0,3.5e-12
0.9976361469971414,0.0,0.0037176295352067,0.0000000000000000,-0.0012414174477173,0.0000000000000000,10.5823591558053884,3.0000867742825088,-956.612605,2.739080,953.8735248335820,-2618.2386207528762,0,3.0e-12
0.9976371087465890,0.0,0.0037178612641554,0.0000000000000000,-0.0012450168550484,0.0000000000000000,10.5842639305319235,3.0000867562382023,-958.361973,2.722403,955.6395697182197,-2607.0475667157443,0,4.6e-12
0.9976373167238559,0.0,0.0037179111498987,0.0000000000000000,-0.0012457952850715,0.0000000000000000,10.5846755334593805,3.0000867523383175,-958.738590,2.718801,956.0197881596838,-2604.6198525961372,0,2.5e-12
0.9976375291268489,0.0,0.0037179620143272,0.0000000000000000,-0.0012465903031278,0.0000000000000000,10.5850957841038102,3.0000867483562468,-959.122598,2.715125,956.4074726055615,-2602.1376772929798,0,3.1e-12
0.9976377460510550,0.0,0.0037180138749416,0.0000000000000000,-0.0012474022682734,0.0000000000000000,10.5855248642502193,3.0000867442902508,-959.514127,2.711372,956.8027546093972,-2599.5997521037352,0,2.9e-12
0.9976379675940812,0.0,0.0037180667494727,0.0000000000000000,-0.0012482315475943,0.0000000000000000,10.5859629595096028,3.0000867401385567,-959.913308,2.707541,957.2057671787580,-2597.0047550707823,0,2.7e-12
0.9976381938557020,0.0,0.0037181206558787,0.0000000000000000,-0.0012490785163950,0.0000000000000000,10.5864102593997043,3.0000867358993513,-960.320275,2.703631,957.6166447614769,-2594.3513303657528,0,1.7e-12
0.9976384249379117,0.0,0.0037181756123441,0.0000000000000000,-0.0012499435583955,0.0000000000000000,10.5868669574274978,3.0000867315707858,-960.735162,2.699639,958.0355231902045,-2591.6380871802103,0,1.2e-12
0.9976386609449758,0.0,0.0037182316372769,0.0000000000000000,-0.0012508270659324,0.0000000000000000,10.5873332511734173,3.0000867271509675,-961.158104,2.695564,958.4625396361339,-2588.8635988077731,0,2.6e-12
0.9976389019834851,0.0,0.0037182887493056,0.0000000000000000,-0.0012517294401686,0.0000000000000000,10.5878093423773727,3.0000867226379677,-961.589238,2.691405,958.8978325451815,-2586.0264014829299,0,3.2e-12
0.9976391481624107,0.0,0.0037183469672768,0.0000000000000000,-0.0012526510913037,0.0000000000000000,10.5882954370266145,3.0000867180298152,-962.028702,2.687160,959.3415415876711,-2583.1249934891239,0,2.5e-12
0.9976393995931604,0.0,0.0037184063102509,0.0000000000000000,-0.0012535924387945,0.0000000000000000,10.5887917454454552,3.0000867133244964,-962.476634,2.682827,959.7938075872059,-2580.1578340088017,0,3.7e-12
0.9976396563896367,0.0,0.0037184667974985,0.0000000000000000,-0.0012545539115798,0.0000000000000000,10.5892984823869067,3.0000867085199556,-962.933176,2.678403,960.2547724478044,-2577.1233419787022,0,6.8e-12
0.9976399186682963,0.0,0.0037185284484952,0.0000000000000000,-0.0012555359483116,0.0000000000000000,10.5898158671262781,3.0000867036140924,-963.398467,2.673888,960.7245790569830,-2574.0198949147016,0,5.1e-12
0.9976401865482117,0.0,0.0037185912829170,0.0000000000000000,-0.0012565389975933,0.0000000000000000,10.5903441235567559,3.0000866986047634,-963.872651,2.669280,961.2033712147759,-2570.8458277625614,0,5.4e-12
0.9976404601511335,0.0,0.0037186553206346,0.0000000000000000,-0.0012575635182229,0.0000000000000000,10.5908834802870437,3.0000866934897776,-964.355869,2.664576,961.6912935362660,-2567.5994317017030,0,4.2e-12
0.9976407396015551,0.0,0.0037187205817065,0.0000000000000000,-0.0012586099794464,0.0000000000000000,10.5914341707410689,3.0000866882668982,-964.848266,2.659775,962.1884913159447,-2564.2789527695859,0,2.5e-12
0.9976410250267788,0.0,0.0037187870863723,0.0000000000000000,-0.0012596788612146,0.0000000000000000,10.5919964332598351,3.0000866829338415,-965.349984,2.654874,962.6951104423758,-2560.8825906515121,0,2.4e-12
0.9976413165569844,0.0,0.0037188548550451,0.0000000000000000,-0.0012607706544504,0.0000000000000000,10.5925705112054427,3.0000866774882731,-965.861169,2.649872,963.2112972506208,-2557.4084972840501,0,2.8e-12
0.9976416143252986,0.0,0.0037189239083030,0.0000000000000000,-0.0012618858613220,0.0000000000000000,10.5931566530673376,3.0000866719278116,-966.381965,2.644767,963.7371983892717,-2553.8547754609608,0,5.8e-12
0.9976419184678671,0.0,0.0037189942668799,0.0000000000000000,-0.0012630249955241,0.0000000000000000,10.5937551125708396,3.0000866662500236,-966.912516,2.639556,964.2729606627781,-2550.2194774064701,0,3.1e-12
0.9976422291239286,0.0,0.0037190659516549,0.0000000000000000,-0.0012641885825699,0.0000000000000000,10.5943661487879908,3.0000866604524230,-967.452968,2.634237,964.8187308747520,-2546.5006033257814,0,2.8e-12
0.9976425464358906,0.0,0.0037191389836420,0.0000000000000000,-0.0012653771600871,0.0000000000000000,10.5949900262507892,3.0000866545324714,-968.003465,2.628809,965.3746556469382,-2542.6960998592549,0,2.2e-12
0.9976428705494075,0.0,0.0037192133839779,0.0000000000000000,-0.0012665912781270,0.0000000000000000,10.5956270150668388,3.0000866484875770,-968.564150,2.623269,965.9408812202604,-2538.8038585127797,0,3.8e-12
0.9976432016134612,0.0,0.0037192891739087,0.0000000000000000,-0.0012678314994817,0.0000000000000000,10.5962773910374981,3.0000866423150918,-969.135167,2.617614,966.5175532483645,-2534.8217139858170,0,6.3e-12
0.9976435397804435,0.0,0.0037193663747765,0.0000000000000000,-0.0012690984000087,0.0000000000000000,10.5969414357785610,3.0000866360123117,-969.716659,2.611843,967.1048165798126,-2530.7474426578265,0,2.8e-12
0.9976438852062414,0.0,0.0037194450080036,0.0000000000000000,-0.0012703925689689,0.0000000000000000,10.5976194368435408,3.0000866295764759,-970.308768,2.605953,967.7028149922797,-2526.5787606475642,0,3.8e-12
0.9976442380503238,0.0,0.0037195250950766,0.0000000000000000,-0.0012717146093723,0.0000000000000000,10.5983116878496020,3.0000866230047629,-970.911632,2.599941,968.3116909520868,-2522.3133222270408,0,3.1e-12
0.9976445984758326,0.0,0.0037196066575285,0.0000000000000000,-0.0012730651383359,0.0000000000000000,10.5990184886062089,3.0000866162942921,-971.525392,2.593806,968.9315853124923,-2517.9487179142889,0,5.0e-12
0.9976449666496747,0.0,0.0037196897169192,0.0000000000000000,-0.0012744447874521,0.0000000000000000,10.5997401452465621,3.0000866094421212,-972.150182,2.587545,969.5626370049596,-2513.4824725275976,0,7.5e-12
0.9976453427426175,0.0,0.0037197742948157,0.0000000000000000,-0.0012758542031692,0.0000000000000000,10.6004769703618571,3.0000866024452457,-972.786138,2.581155,970.2049827296086,-2508.9120434835786,0,5.7e-12
0.9976457269293872,0.0,0.0037198604127699,0.0000000000000000,-0.0012772940471833,0.0000000000000000,10.6012292831384638,3.0000865953005973,-973.433391,2.574634,970.8587565673308,-2504.2348184770672,0,2.8e-12
0.9976461193887702,0.0,0.0037199480922940,0.0000000000000000,-0.0012787649968442,0.0000000000000000,10.6019974094980647,3.0000865880050402,-974.092069,2.567979,971.5240896095279,-2499.4481136530521,0,6.1e-12
0.9976465203037170,0.0,0.0037200373548362,0.0000000000000000,-0.0012802677455728,0.0000000000000000,10.6027816822408436,3.0000865805553745,-974.762297,2.561188,972.2011095376450,-2494.5491713754600,0,4.4e-12
0.9976469298614500,0.0,0.0037201282217524,0.0000000000000000,-0.0012818030032933,0.0000000000000000,10.6035824411917758,3.0000865729483301,-975.444197,2.554257,972.8899401859848,-2489.5351581317373,0,2.2e-12
0.9976473482535739,0.0,0.0037202207142772,0.0000000000000000,-0.0012833714968790,0.0000000000000000,10.6044000333501049,3.0000865651805682,-976.137885,2.547184,973.5907010497162,-2484.4031622095499,0,2.7e-12
0.9976477756761905,0.0,0.0037203148534927,0.0000000000000000,-0.0012849739706140,0.0000000000000000,10.6052348130420704,3.0000865572486783,-976.843474,2.539967,974.3035067698079,-2479.1501914284891,0,2.4e-12
0.9976482123300138,0.0,0.0037204106602937,0.0000000000000000,-0.0012866111866624,0.0000000000000000,10.6060871420769782,3.0000865491491782,-977.561069,2.532602,975.0284665846985,-2473.7731708833016,0,1.7e-11
0.9976486584205014,0.0,0.0037205081553540,0.0000000000000000,-0.0012882839255967,0.0000000000000000,10.6069573899066416,3.0000865408785091,-978.290770,2.525087,975.7656836879682,-2468.2689397421782,0,7.2e-12
0.9976491141579612,0.0,0.0037206073590840,0.0000000000000000,-0.0012899929868365,0.0000000000000000,10.6078459337884130,3.0000865324330390,-979.032672,2.517418,976.5152546697458,-2462.6342502922053,0,3.1e-12
0.9976495797576990,0.0,0.0037207082915926,0.0000000000000000,-0.0012917391892478,0.0000000000000000,10.6087531589516519,3.0000865238090579,-979.786861,2.509593,977.2772687277121,-2456.8657637682627,0,3.1e-12
0.9976500554401431,0.0,0.0037208109726416,0.0000000000000000,-0.0012935233716528,0.0000000000000000,10.6096794587679604,3.0000865150027747,-980.553415,2.501608,978.0518069821366,-2450.9600484692492,0,5.4e-12
0.9976505414309842,0.0,0.0037209154215985,0.0000000000000000,-0.0012953463934038,0.0000000000000000,10.6106252349251147,3.0000865060103208,-981.332402,2.493460,978.8389416422226,-2444.9135768417618,0,8.7e-12
0.9976510379613176,0.0,0.0037210216573857,0.0000000000000000,-0.0012972091349683,0.0000000000000000,10.6115908976048612,3.0000864968277408,-982.123883,2.485148,979.6387351727483,-2438.7227228373522,0,1.1e-11
0.9976515452677904,0.0,0.0037211296984270,0.0000000000000000,-0.0012991124985367,0.0000000000000000,10.6125768656646269,3.0000864874510014,-982.927905,2.476666,980.4512393360599,-2432.3837587736198,0,1.2e-11
0.9976520635927547,0.0,0.0037212395625891,0.0000000000000000,-0.0013010574086529,0.0000000000000000,10.6135835668232641,3.0000864778759770,-983.744506,2.468012,981.2764942090022,-2425.8928525075316,0,1.5e-11
0.9976525931844235,0.0,0.0037213512671206,0.0000000000000000,-0.0013030448128665,0.0000000000000000,10.6146114378509324,3.0000864680984582,-984.573709,2.459182,982.1145271097765,-2419.2460644054227,0,2.0e-11
0.9976531342970348,0.0,0.0037214648285852,0.0000000000000000,-0.0013050756824118,0.0000000000000000,10.6156609247632048,3.0000864581141444,-985.415525,2.450174,982.9653514468644,-2412.4393442402943,0,2.2e-11
0.9976536871910199,0.0,0.0037215802627920,0.0000000000000000,-0.0013071510129110,0.0000000000000000,10.6167324830195149,3.0000864479186449,-986.269949,2.440983,983.8289654620735,-2405.4685278643155,0,3.0e-11
0.9976542521331715,0.0,0.0037216975847190,0.0000000000000000,-0.0013092718250847,0.0000000000000000,10.6178265777260847,3.0000864375074738,-987.136958,2.431607,984.7053509379075,-2398.3293345447164,0,1.0e-12
0.9976548293968474,0.0,0.0037218168084367,0.0000000000000000,-0.0013114391655935,0.0000000000000000,10.6189436838432982,3.0000864268760514,-988.016514,2.422042,985.5944716784560,-2391.0173618426197,0,8.3e-12
0.9976554192621251,0.0,0.0037219379470164,0.0000000000000000,-0.0013136541077110,0.0000000000000000,10.6200842863979830,3.0000864160197001,-988.908556,2.412284,986.4962720701095,-2383.5280846768874,0,6.7e-12
0.9976560220160172,0.0,0.0037220610124424,0.0000000000000000,-0.0013159177522204,0.0000000000000000,10.6212488807002821,3.0000864049336431,-989.813005,2.402329,987.4106753397490,-2375.8568500719848,0,1.3e-11
0.9976566379526667,0.0,0.0037221860155133,0.0000000000000000,-0.0013182312282529,0.0000000000000000,10.6224379725655673,3.0000863936130022,-990.729757,2.392175,988.3375818119603,-2367.9988742667483,0,3.0e-12
0.9976572673735569,0.0,0.0037223129657376,0.0000000000000000,-0.0013205956941786,0.0000000000000000,10.6236520785414044,3.0000863820527957,-991.658684,2.381817,989.2768669481469,-2359.9492387562641,0,3.4e-12
0.9976579105877268,0.0,0.0037224418712215,0.0000000000000000,-0.0013230123385351,0.0000000000000000,10.6248917261397224,3.0000863702479386,-992.599630,2.371251,990.2283793071120,-2351.7028868073248,0,4.3e-12
0.9976585679120029,0.0,0.0037225727385515,0.0000000000000000,-0.0013254823810161,0.0000000000000000,10.6261574540743240,3.0000863581932342,-993.552412,2.360474,991.1919382735177,-2343.2546191036236,0,2.8e-11
0.9976592396712048,0.0,0.0037227055726612,0.0000000000000000,-0.0013280070733799,0.0000000000000000,10.6274498125040129,3.0000863458833802,-994.516813,2.349482,992.1673317315593,-2334.5990919561591,0,5.8e-12
0.9976599261984461,0.0,0.0037228403767063,0.0000000000000000,-0.0013305877007178,0.0000000000000000,10.6287693632810569,3.0000863333129586,-995.492584,2.338270,993.1543133509190,-2325.7308093051543,0,2.0e-12
0.9976606278353246,0.0,0.0037229771519076,0.0000000000000000,-0.0013332255823236,0.0000000000000000,10.6301166802059726,3.0000863204764388,-996.479436,2.326836,994.1525999159403,-2316.6441231173812,0,7.9e-12
0.9976613449322221,0.0,0.0037231158974019,0.0000000000000000,-0.0013359220729814,0.0000000000000000,10.6314923492878730,3.0000863073681763,-997.477043,2.315174,995.1618682362381,-2307.3332267334918,0,8.5e-12
0.9976620778485678,0.0,0.0037232566100741,0.0000000000000000,-0.0013386785641315,0.0000000000000000,10.6328969690112221,3.0000862939824029,-998.485034,2.303282,996.1817519576632,-2297.7921517827781,0,1.9e-11
0.9976628269531250,0.0,0.0037233992843797,0.0000000000000000,-0.0013414964851352,0.0000000000000000,10.6343311506088938,3.0000862803132327,-999.502991,2.291153,997.2118379982911,-2288.0147636511247,0,2.7e-11
0.9976635926242975,0.0,0.0037235439121564,0.0000000000000000,-0.0013443773046291,0.0000000000000000,10.6357955183417872,3.0000862663546548,-1000.530449,2.278786,998.2516628165270,-2277.9947570549557,0,8.9e-13
0.9976643752504115,0.0,0.0037236904824147,0.0000000000000000,-0.0013473225318057,0.0000000000000000,10.6372907097853648,3.0000862521005338,-1001.566883,2.266175,999.3007083408861,-2267.7256537381327,0,4.0e-12
0.9976651752300777,0.0,0.0037238389811279,0.0000000000000000,-0.0013503337180038,0.0000000000000000,10.6388173761229190,3.0000862375446045,-1002.611713,2.253316,1000.3583975107633,-2257.2007957196911,0,3.2e-12
0.9976659929725079,0.0,0.0037239893909943,0.0000000000000000,-0.0013534124581558,0.0000000000000000,10.6403761824463530,3.0000862226804728,-1003.664294,2.240205,1001.4240895605229,-2246.4133427513880,0,9.5e-12
0.9976668288978751,0.0,0.0037241416911890,0.0000000000000000,-0.0013565603924122,0.0000000000000000,10.6419678080643259,3.0000862075016097,-1004.723912,2.226837,1002.4970748424410,-2235.3562676511356,0,1.2e-12
0.9976676834376881,0.0,0.0037242958570959,0.0000000000000000,-0.0013597792078450,0.0000000000000000,10.6435929468181598,3.0000861920013517,-1005.789778,2.213208,1003.5765692819698,-2224.0223522643209,0,3.2e-11
0.9976685570351547,0.0,0.0037244518600173,0.0000000000000000,-0.0013630706401293,0.0000000000000000,10.6452523074059240,3.0000861761728981,-1006.861023,2.199315,1004.6617083820112,-2212.4041848529014,0,7.4e-12
0.9976694501456430,0.0,0.0037246096668751,0.0000000000000000,-0.0013664364756213,0.0000000000000000,10.6469466137144977,3.0000861600093045,-1007.936692,2.185151,1005.7515406060315,-2200.4941526898183,0,2.4e-12
0.9976703449636444,0.0,0.0037247660639316,0.0000000000000000,-0.0013698096584877,0.0000000000000000,10.6486420054409301,3.0000861438336206,-1008.994347,2.171002,1006.8233445586901,-2188.5291162609356,0,9.4e-12
0.9976712415000306,0.0,0.0037249210356059,0.0000000000000000,-0.0013731902508125,0.0000000000000000,10.6503384847018960,3.0000861276459028,-1010.033585,2.156868,1007.8767163730413,-2176.5093308603973,0,6.9e-12
0.9976714594609836,0.0,0.0037249584495630,0.0000000000000000,-0.0013740122643952,0.0000000000000000,10.6507505946730170,3.0000861237133298,-1010.283111,2.153438,1008.1296726197688,-2173.5824086131179,0,3.9e-12
0.9976716820723198,0.0,0.0037249965558032,0.0000000000000000,-0.0013748518744546,0.0000000000000000,10.6511713644760366,3.0000861196980253,-1010.536689,2.149938,1008.3867513852904,-2170.5911426589009,0,1.8e-12
0.9976719094349396,0.0,0.0037250353646890,0.0000000000000000,-0.0013757094655269,0.0000000000000000,10.6516009762219870,3.0000861155982470,-1010.794348,2.146365,1008.6479827223328,-2167.5340653941967,0,2.6e-12
0.9976721416520103,0.0,0.0037250748866095,0.0000000000000000,-0.0013765854309220,0.0000000000000000,10.6520396158584436,3.0000861114122150,-1011.056114,2.142720,1008.9133944908515,-2164.4096736637293,0,3.5e-12
0.9976723788290202,0.0,0.0037251151319708,0.0000000000000000,-0.0013774801729380,0.0000000000000000,10.6524874732507158,3.0000861071381135,-1011.322011,2.138999,1009.1830121699193,-2161.2164280646248,0,4.3e-12
0.9976726210738334,0.0,0.0037251561111875,0.0000000000000000,-0.0013783941030838,0.0000000000000000,10.6529447422647756,3.0000861027740866,-1011.592060,2.135201,1009.4568586575665,-2157.9527519639814,0,2.9e-12
0.9976728684967485,0.0,0.0037251978346723,0.0000000000000000,-0.0013793276423104,0.0000000000000000,10.6534116208519585,3.0000860983182402,-1011.866280,2.131326,1009.7349540412297,-2154.6170305868145,0,7.5e-12
0.9976731212105572,0.0,0.0037252403128255,0.0000000000000000,-0.0013802812212473,0.0000000000000000,10.6538883111354874,3.0000860937686422,-1012.144687,2.127371,1010.0173153590981,-2151.2076099031838,0,3.5e-12
0.9976733793306050,0.0,0.0037252835560239,0.0000000000000000,-0.0013812552804482,0.0000000000000000,10.6543750194988469,3.0000860891233154,-1012.427292,2.123335,1010.3039563710549,-2147.7227958263829,0,3.0e-12
0.9976736429748534,0.0,0.0037253275746079,0.0000000000000000,-0.0013822502706410,0.0000000000000000,10.6548719566760628,3.0000860843802442,-1012.714104,2.119217,1010.5948872693594,-2144.1608529997757,0,2.4e-12
0.9976739122639448,0.0,0.0037253723788690,0.0000000000000000,-0.0013832666529874,0.0000000000000000,10.6553793378439181,3.0000860795373692,-1013.005128,2.115014,1010.8901144059494,-2140.5200038166950,0,4.6e-12
0.9976741873212678,0.0,0.0037254179790360,0.0000000000000000,-0.0013843048993495,0.0000000000000000,10.6558973827161623,3.0000860745925895,-1013.300365,2.110725,1011.1896399955875,-2136.7984272971516,0,5.5e-12
0.9976744682730256,0.0,0.0037254643852594,0.0000000000000000,-0.0013853654925651,0.0000000000000000,10.6564263156397327,3.0000860695437570,-1013.599810,2.106348,1011.4934617920595,-2132.9942580402130,0,2.5e-12
0.9976747552483057,0.0,0.0037255116075957,0.0000000000000000,-0.0013864489267311,0.0000000000000000,10.6569663656930711,3.0000860643886806,-1013.903455,2.101882,1011.8015727358493,-2129.1055849480326,0,3.1e-12
0.9976750483791514,0.0,0.0037255596559907,0.0000000000000000,-0.0013875557074949,0.0000000000000000,10.6575177667865528,3.0000860591251226,-1014.211285,2.097325,1012.1139606078789,-2125.1304501271225,0,7.0e-12
0.9976753478006364,0.0,0.0037256085402611,0.0000000000000000,-0.0013886863523561,0.0000000000000000,10.6580807577650845,3.0000860537507972,-1014.523282,2.092674,1012.4306076506142,-2121.0668478211155,0,2.7e-12
0.9976756536509401,0.0,0.0037256582700746,0.0000000000000000,-0.0013898413909778,0.0000000000000000,10.6586555825129246,3.0000860482633720,-1014.839419,2.087929,1012.7514901236622,-2116.9127228251891,0,1.7e-12
0.9976759660714268,0.0,0.0037257088549300,0.0000000000000000,-0.0013910213655061,0.0000000000000000,10.6592424900607821,3.0000860426604645,-1015.159665,2.083087,1013.0765779077014,-2112.6659696194693,0,2.9e-12
0.9976762852067261,0.0,0.0037257603041348,0.0000000000000000,-0.0013922268309018,0.0000000000000000,10.6598417346952257,3.0000860369396416,-1015.483980,2.078146,1013.4058340071668,-2108.3244307516725,0,1.7e-12
0.9976766112048157,0.0,0.0037258126267814,0.0000000000000000,-0.0013934583552812,0.0000000000000000,10.6604535760704788,3.0000860310984212,-1015.812319,2.073105,1013.7392140818209,-2103.8858957002521,0,8.5e-12
0.9976769442171061,0.0,0.0037258658317222,0.0000000000000000,-0.0013947165202656,0.0000000000000000,10.6610782793226466,3.0000860251342663,-1016.144628,2.067962,1014.0766658967651,-2099.3480994530837,0,5.0e-12
0.9976772843985405,0.0,0.0037259199275448,0.0000000000000000,-0.0013960019213881,0.0000000000000000,10.6617161151863904,3.0000860190445890,-1016.480842,2.062713,1014.4181287723845,-2094.7087205279386,0,3.2e-11
0.9976776319076445,0.0,0.0037259749225364,0.0000000000000000,-0.0013973151683143,0.0000000000000000,10.6623673601143292,3.0000860128267441,-1016.820892,2.057359,1014.7635330335992,-2089.9653821135289,0,4.9e-12
0.9976779869066913,0.0,0.0037260308246660,0.0000000000000000,-0.0013986568855033,0.0000000000000000,10.6630322963986544,3.0000860064780346,-1017.164695,2.051895,1015.1127992676456,-2085.1156459252234,0,3.4e-12
0.9976783495617326,0.0,0.0037260876415403,0.0000000000000000,-0.0014000277123587,0.0000000000000000,10.6637112122959028,3.0000859999957030,-1017.512159,2.046322,1015.4658377397968,-2080.1570150126354,0,1.1e-11
0.9976787200427292,0.0,0.0037261453803754,0.0000000000000000,-0.0014014283037631,0.0000000000000000,10.6644044021541102,3.0000859933769370,-1017.863182,2.040635,1015.8225476649731,-2075.0869303892832,0,7.4e-12
0.9976790985236483,0.0,0.0037262040479591,0.0000000000000000,-0.0014028593304868,0.0000000000000000,10.6651121665428992,3.0000859866188634,-1018.217649,2.034833,1016.1828163942307,-2069.9027695748373,0,1.0e-11
0.9976794851825697,0.0,0.0037262636506116,0.0000000000000000,-0.0014043214796327,0.0000000000000000,10.6658348123864091,3.0000859797185493,-1018.575433,2.028914,1016.5465186456817,-2064.6018451994751,0,1.1e-11
0.9976798802017954,0.0,0.0037263241941447,0.0000000000000000,-0.0014058154550980,0.0000000000000000,10.6665726530991556,3.0000859726730011,-1018.936391,2.022875,1016.9135156042751,-2059.1814032852417,0,1.3e-11
0.9976802837679630,0.0,0.0037263856838173,0.0000000000000000,-0.0014073419780519,0.0000000000000000,10.6673260087249062,3.0000859654791610,-1019.300369,2.016715,1017.2836540156904,-2053.6386216339888,0,1.5e-11
0.9976806960721627,0.0,0.0037264481242890,0.0000000000000000,-0.0014089017874308,0.0000000000000000,10.6680952060786343,3.0000859581339072,-1019.667196,2.010431,1017.6567651791618,-2047.9706080668839,0,2.2e-11
0.9976811173100582,0.0,0.0037265115195701,0.0000000000000000,-0.0014104956404520,0.0000000000000000,10.6688805788916188,3.0000859506340558,-1020.036684,2.004020,1018.0326639208405,-2042.1743988554226,0,2.4e-11
0.9976815476820116,0.0,0.0037265758729683,0.0000000000000000,-0.0014121243131458,0.0000000000000000,10.6696824679597952,3.0000859429763507,-1020.408629,1.997481,1018.4111474332627,-2036.2469567028456,0,3.0e-11
0.9976819873932067,0.0,0.0037266411870317,0.0000000000000000,-0.0014137886008824,0.0000000000000000,10.6705012212954351,3.0000859351574727,-1020.782805,1.990811,1018.7919941272236,-2030.1851696836529,0,9.2e-13
0.9976824366538078,0.0,0.0037267074634926,0.0000000000000000,-0.0014154893190431,0.0000000000000000,10.6713371942821205,3.0000859271740303,-1021.158969,1.984006,1019.1749622828761,-2023.9858474861248,0,2.2e-12
0.9976828956790620,0.0,0.0037267747031980,0.0000000000000000,-0.0014172273034763,0.0000000000000000,10.6721907498334350,3.0000859190225637,-1021.536855,1.977066,1019.5597887625677,-2017.6457221249584,0,6.8e-12
0.9976833646894654,0.0,0.0037268429060445,0.0000000000000000,-0.0014190034112057,0.0000000000000000,10.6730622585550030,3.0000859106995383,-1021.916174,1.969987,1019.9461875075978,-2011.1614445160958,0,2.0e-12
0.9976838439109067,0.0,0.0037269120709067,0.0000000000000000,-0.0014208185210508,0.0000000000000000,10.6739520989103287,3.0000859022013473,-1022.296615,1.962767,1020.3338480045142,-2004.5295828798553,0,3.2e-12
0.9976843335748209,0.0,0.0037269821955584,0.0000000000000000,-0.0014226735342982,0.0000000000000000,10.6748606573903722,3.0000858935243100,-1022.677836,1.955402,1020.7224336169811,-1997.7466208905098,0,4.1e-12
0.9976848339183491,0.0,0.0037270532765918,0.0000000000000000,-0.0014245693753965,0.0000000000000000,10.6757883286870108,3.0000858846646650,-1023.059471,1.947892,1021.1115798077290,-1990.8089556185296,0,1.2e-11
0.9976853451845038,0.0,0.0037271253093297,0.0000000000000000,-0.0014265069926816,0.0000000000000000,10.6767355158704760,3.0000858756185780,-1023.441124,1.940232,1021.5008922672773,-1983.7128957432578,0,2.6e-12
0.9976858676223415,0.0,0.0037271982877327,0.0000000000000000,-0.0014284873591327,0.0000000000000000,10.6777026305708826,3.0000858663821326,-1023.822365,1.932420,1021.8899448455512,-1976.4546592863044,0,3.7e-12
0.9976864014871402,0.0,0.0037272722043000,0.0000000000000000,-0.0014305114731587,0.0000000000000000,10.6786900931639686,3.0000858569513298,-1024.202731,1.924453,1022.2782774322668,-1969.0303718968644,0,3.9e-12
0.9976869470405852,0.0,0.0037273470499641,0.0000000000000000,-0.0014325803594205,0.0000000000000000,10.6796983329611521,3.0000858473220910,-1024.581723,1.916329,1022.6653936068785,-1961.4360647074645,0,5.2e-12
0.9976875045509623,0.0,0.0037274228139781,0.0000000000000000,-0.0014346950696876,0.0000000000000000,10.6807277884040523,3.0000858374902517,-1024.958803,1.908045,1023.0507581773489,-1953.6676723389537,0,7.4e-12
0.9976880742933574,0.0,0.0037274994837959,0.0000000000000000,-0.0014368566837342,0.0000000000000000,10.6817789072635847,3.0000858274515605,-1025.333392,1.899598,1023.4337945167060,-1945.7210309233633,0,3.4e-12
0.9976886565498656,0.0,0.0037275770449447,0.0000000000000000,-0.0014390663102738,0.0000000000000000,10.6828521468437838,3.0000858172016800,-1025.704866,1.890984,1023.8138817064446,-1937.5918759697233,0,5.4e-12
0.9976892516098120,0.0,0.0037276554808887,0.0000000000000000,-0.0014413250879528,0.0000000000000000,10.6839479741904810,3.0000858067361835,-1026.072554,1.882202,1024.1903515132763,-1929.2758403321495,0,2.0e-11
0.9976898597699591,0.0,0.0037277347728813,0.0000000000000000,-0.0014436341863035,0.0000000000000000,10.6850668663050747,3.0000857960505529,-1026.435733,1.873248,1024.5624851298674,-1920.7684533391148,0,3.5e-12
0.9976904813347801,0.0,0.0037278148998148,0.0000000000000000,-0.0014459948069584,0.0000000000000000,10.6862093103632727,3.0000857851401777,-1026.793628,1.864119,1024.9295096082960,-1912.0651364098303,0,1.2e-11
0.9976911166166683,0.0,0.0037278958380499,0.0000000000000000,-0.0014484081846325,0.0000000000000000,10.6873758039394886,3.0000857740003539,-1027.145406,1.854812,1025.2905941702988,-1903.1612035715953,0,2.3e-11
0.9976917659362203,0.0,0.0037279775612419,0.0000000000000000,-0.0014508755884070,0.0000000000000000,10.6885668552364894,3.0000857626262807,-1027.490170,1.845324,1025.6448461292475,-1894.0518579013878,0,2.4e-12
0.9976924296224735,0.0,0.0037280600401474,0.0000000000000000,-0.0014533983228454,0.0000000000000000,10.6897829833210025,3.0000857510130592,-1027.826958,1.835652,1025.9913066115248,-1884.7321917786030,0,8.0e-12
0.9976931080132229,0.0,0.0037281432424269,0.0000000000000000,-0.0014559777294319,0.0000000000000000,10.6910247183649663,3.0000857391556934,-1028.154738,1.825792,1026.3289458096112,-1875.1971826652298,0,3.2e-12
0.9976938014552935,0.0,0.0037282271324251,0.0000000000000000,-0.0014586151878613,0.0000000000000000,10.6922926018931594,3.0000857270490831,-1028.472401,1.815743,1026.6566580519466,-1865.4416930663865,0,4.2e-12
0.9976945103048556,0.0,0.0037283116709409,0.0000000000000000,-0.0014613121175027,0.0000000000000000,10.6935871870370622,3.0000857146880286,-1028.778757,1.805500,1026.9732563706541,-1855.4604683708167,0,6.9e-12
0.9976952349277373,0.0,0.0037283968149775,0.0000000000000000,-0.0014640699788825,0.0000000000000000,10.6949090387953927,3.0000857020672234,-1029.072528,1.795061,1027.2774667253811,-1845.2481360330712,0,7.2e-12
0.9976959756997793,0.0,0.0037284825174794,0.0000000000000000,-0.0014668902753447,0.0000000000000000,10.6962587343013968,3.0000856891812555,-1029.352344,1.784422,1027.5679217428544,-1834.7992034525378,0,4.8e-12
0.9976967330071826,0.0,0.0037285687270459,0.0000000000000000,-0.0014697745547086,0.0000000000000000,10.6976368630973973,3.0000856760246060,-1029.616734,1.773580,1027.8431539670607,-1824.1080570829799,0,4.7e-12
0.9976975072468737,0.0,0.0037286553876249,0.0000000000000000,-0.0014727244110254,0.0000000000000000,10.6990440274167735,3.0000856625916437,-1029.864121,1.762532,1028.1015886463231,-1813.1689623075072,0,1.6e-12
0.9976982988269134,0.0,0.0037287424381868,0.0000000000000000,-0.0014757414865226,0.0000000000000000,10.7004808424736044,3.0000856488766292,-1030.092811,1.751275,1028.3415358335205,-1801.9760614634724,0,5.8e-12
0.9976991081669054,0.0,0.0037288298123712,0.0000000000000000,-0.0014788274735827,0.0000000000000000,10.7019479367605399,3.0000856348737082,-1030.300988,1.739806,1028.5611819701428,-1790.5233740782132,0,6.8e-12
0.9976999191365722,0.0,0.0037289157014427,0.0000000000000000,-0.0014819209282311,0.0000000000000000,10.7034159921501981,3.0000856208628348,-1030.483255,1.728354,1028.7549018155635,-1779.0394072140334,0,1.4e-11
0.9977007317485044,0.0,0.0037290000879058,0.0000000000000000,-0.0014850219226878,0.0000000000000000,10.7048850110668372,3.0000856068440758,-1030.639130,1.716920,1028.9222103178113,-1767.5245105591603,0,5.2e-12
0.9977015460155555,0.0,0.0037290829539412,0.0000000000000000,-0.0014881305306604,0.0000000000000000,10.7063549959825632,3.0000855928175003,-1030.768117,1.705504,1029.0626127120888,-1755.9790403187508,0,3.7e-12
0.9977017177676326,0.0,0.0037291002155488,0.0000000000000000,-0.0014887863919559,0.0000000000000000,10.7066647977796006,3.0000855898615639,-1030.791814,1.703101,1029.0887125465597,-1753.5429177187616,0,6.7e-12
0.9977018931813475,0.0,0.0037291177668601,0.0000000000000000,-0.0014894562963675,0.0000000000000000,10.7069811107171429,3.0000855868435705,-1030.814747,1.700649,1029.1140973952361,-1751.0545642568031,0,5.6e-12
0.9977020723360340,0.0,0.0037291356107085,0.0000000000000000,-0.0014901405509262,0.0000000000000000,10.7073040717731178,3.0000855837622202,-1030.836841,1.698147,1029.1386938634960,-1748.5128418890527,0,6.3e-12
0.9977022553128038,0.0,0.0037291537498380,0.0000000000000000,-0.0014908394696730,0.0000000000000000,10.7076338208136690,3.0000855806161835,-1030.858018,1.695594,1029.1624242111775,-1745.9165871508885,0,6.8e-12
0.9977024421945883,0.0,0.0037291721868939,0.0000000000000000,-0.0014915533738317,0.0000000000000000,10.7079705006543939,3.0000855774041035,-1030.878194,1.692988,1029.1852061202594,-1743.2646106772590,0,7.4e-12
0.9977026330661827,0.0,0.0037291909244138,0.0000000000000000,-0.0014922825919879,0.0000000000000000,10.7083142571229111,3.0000855741245962,-1030.897282,1.690329,1029.2069524497322,-1740.5556965647265,0,9.7e-12
0.9977028280142909,0.0,0.0037292099648170,0.0000000000000000,-0.0014930274602735,0.0000000000000000,10.7086652391227606,3.0000855707762466,-1030.915187,1.687616,1029.2275709608930,-1737.7886017427081,0,8.0e-12
0.9977030271275715,0.0,0.0037292293103939,0.0000000000000000,-0.0014937883225568,0.0000000000000000,10.7090235986986961,3.0000855673576119,-1030.931811,1.684847,1029.2469640754136,-1734.9620555065339,0,9.0e-12
0.9977032304966855,0.0,0.0037292489632949,0.0000000000000000,-0.0014945655306375,0.0000000000000000,10.7093894911033800,3.0000855638672186,-1030.947050,1.682021,1029.2650285539046,-1732.0747587138321,0,8.2e-12
0.9977034382143447,0.0,0.0037292689255184,0.0000000000000000,-0.0014953594444484,0.0000000000000000,10.7097630748655241,3.0000855603035630,-1030.960793,1.679138,1029.2816552182733,-1729.1253832726507,0,9.3e-12
0.9977036503753625,0.0,0.0037292891988972,0.0000000000000000,-0.0014961704322633,0.0000000000000000,10.7101445118594931,3.0000855566651077,-1030.972924,1.676196,1029.2967286115982,-1726.1125713920919,0,9.2e-12
0.9977038670767048,0.0,0.0037293097850864,0.0000000000000000,-0.0014969988709096,0.0000000000000000,10.7105339673764330,3.0000855529502859,-1030.983321,1.673194,1029.3101266728538,-1723.0349350140896,0,8.5e-12
0.9977040884175435,0.0,0.0037293306855477,0.0000000000000000,-0.0014978451459889,0.0000000000000000,10.7109316101969227,3.0000855491574971,-1030.991851,1.670131,1029.3217203780537,-1719.8910550891887,0,1.1e-11
0.9977043144993110,0.0,0.0037293519015353,0.0000000000000000,-0.0014987096521047,0.0000000000000000,10.7113376126652167,3.0000855452851076,-1030.998378,1.667005,1029.3313733536995,-1716.6794808245031,0,8.5e-12
0.9977045454257559,0.0,0.0037293734340792,0.0000000000000000,-0.0014995927930948,0.0000000000000000,10.7117521507651023,3.0000855413314493,-1031.002757,1.663816,1029.3389415025749,-1713.3987291600788,0,1.2e-11
0.9977047813030017,0.0,0.0037293952839682,0.0000000000000000,-0.0015004949822745,0.0000000000000000,10.7121754041973887,3.0000855372948196,-1031.004834,1.660562,1029.3442725477682,-1710.0472837578272,0,9.8e-12
0.9977050222396050,0.0,0.0037294174517323,0.0000000000000000,-0.0015014166426837,0.0000000000000000,10.7126075564591101,3.0000855331734808,-1031.004447,1.657242,1029.3472056371770,-1706.6235946124652,0,1.0e-11
0.9977052683466179,0.0,0.0037294399376234,0.0000000000000000,-0.0015023582073453,0.0000000000000000,10.7130487949244451,3.0000855289656578,-1031.001425,1.653854,1029.3475708370077,-1703.1260770688532,0,1.1e-11
0.9977055197376501,0.0,0.0037294627415949,0.0000000000000000,-0.0015033201195288,0.0000000000000000,10.7134993109274035,3.0000855246695401,-1030.995587,1.650398,1029.3451886481105,-1699.5531110599404,0,1.2e-11
0.9977057765289347,0.0,0.0037294858632803,0.0000000000000000,-0.0015043028330256,0.0000000000000000,10.7139592998463282,3.0000855202832795,-1030.986741,1.646872,1029.3398694910745,-1695.9030404826626,0,1.2e-11
0.9977060388393939,0.0,0.0037295093019710,0.0000000000000000,-0.0015053068124298,0.0000000000000000,10.7144289611902543,3.0000855158049875,-1030.974687,1.643274,1029.3314131550417,-1692.1741722909501,0,1.0e-11
0.9977063067907095,0.0,0.0037295330565919,0.0000000000000000,-0.0015063325334319,0.0000000000000000,10.7149084986871568,3.0000855112327374,-1030.959212,1.639604,1029.3196082129207,-1688.3647758023581,0,1.1e-11
0.9977065805073922,0.0,0.0037295571256758,0.0000000000000000,-0.0015073804831192,0.0000000000000000,10.7153981203741537,3.0000855065645644,-1030.940091,1.635859,1029.3042313988276,-1684.4730817325180,0,1.4e-11
0.9977068601168566,0.0,0.0037295815073372,0.0000000000000000,-0.0015084511602886,0.0000000000000000,10.7158980386896872,3.0000855017984596,-1030.917086,1.632039,1029.2850469545524,-1680.4972814440262,0,8.8e-12
0.9977071457494953,0.0,0.0037296061992430,0.0000000000000000,-0.0015095450757683,0.0000000000000000,10.7164084705677531,3.0000854969323747,-1030.889948,1.628142,1029.2618059665169,-1676.4355262417812,0,7.9e-12
0.9977074375387570,0.0,0.0037296311985827,0.0000000000000000,-0.0015106627527522,0.0000000000000000,10.7169296375342142,3.0000854919642186,-1030.858412,1.624167,1029.2342456036736,-1672.2859263118589,0,8.0e-12
0.9977077356212284,0.0,0.0037296565020363,0.0000000000000000,-0.0015118047271443,0.0000000000000000,10.7174617658052540,3.0000854868918552,-1030.822200,1.620111,1029.2020883630344,-1668.0465499716811,0,9.4e-12
0.9977080401367151,0.0,0.0037296821057408,0.0000000000000000,-0.0015129715479164,0.0000000000000000,10.7180050863880219,3.0000854817131075,-1030.781015,1.615974,1029.1650412422425,-1663.7154226813000,0,4.5e-12
0.9977083512283288,0.0,0.0037297080052537,0.0000000000000000,-0.0015141637774780,0.0000000000000000,10.7185598351835356,3.0000854764257507,-1030.734549,1.611754,1029.1227949044605,-1659.2905264706351,0,5.0e-12
0.9977086690425742,0.0,0.0037297341955151,0.0000000000000000,-0.0015153819920571,0.0000000000000000,10.7191262530918685,3.0000854710275151,-1030.682472,1.607449,1029.0750227150445,-1654.7697986535495,0,4.7e-12
0.9977089937294453,0.0,0.0037297606708083,0.0000000000000000,-0.0015166267821119,0.0000000000000000,10.7197045861197076,3.0000854655160833,-1030.624438,1.603058,1029.0213798071945,-1650.1511310264468,0,4.1e-12
0.9977093254425111,0.0,0.0037297874247155,0.0000000000000000,-0.0015178987527129,0.0000000000000000,10.7202950854903651,3.0000854598890911,-1030.560082,1.598580,1028.9615020470701,-1645.4323693474289,0,6.2e-12
0.9977096643390218,0.0,0.0037298144500738,0.0000000000000000,-0.0015191985239996,0.0000000000000000,10.7208980077562153,3.0000854541441249,-1030.489016,1.594011,1028.8950049321911,-1640.6113117885543,0,1.5e-11
0.9977100105800055,0.0,0.0037298417389271,0.0000000000000000,-0.0015205267316099,0.0000000000000000,10.7215136149137340,3.0000854482787225,-1030.410835,1.589352,1028.8214824532065,-1635.6857085631927,0,1.8e-11
0.9977103643303747,0.0,0.0037298692824742,0.0000000000000000,-0.0015218840271429,0.0000000000000000,10.7221421745211316,3.0000854422903696,-1030.325106,1.584600,1028.7405058376876,-1630.6532605690882,0,2.8e-11
0.9977107257590333,0.0,0.0037298970710165,0.0000000000000000,-0.0015232710786360,0.0000000000000000,10.7227839598186865,3.0000854361765010,-1030.231376,1.579753,1028.6516222957716,-1625.5116188585525,0,3.3e-11
0.9977110950389811,0.0,0.0037299250938986,0.0000000000000000,-0.0015246885710309,0.0000000000000000,10.7234392498518609,3.0000854299344986,-1030.129164,1.574811,1028.5543536129239,-1620.2583838741994,0,1.4e-12
0.9977114723474615,0.0,0.0037299533394507,0.0000000000000000,-0.0015261372068094,0.0000000000000000,10.7241083295970938,3.0000854235616914,-1030.017964,1.569770,1028.4481946216820,-1614.8911027521826,0,1.7e-12
0.9977118578660372,0.0,0.0037299817949209,0.0000000000000000,-0.0015276177063617,0.0000000000000000,10.7247914900908476,3.0000854170553519,-1029.897241,1.564629,1028.3326117662650,-1609.4072711376939,0,3.4e-12
0.9977122517807437,0.0,0.0037300104464085,0.0000000000000000,-0.0015291308086527,0.0000000000000000,10.7254890285613023,3.0000854104126997,-1029.766428,1.559387,1028.2070413682868,-1603.8043305038009,0,4.3e-12
0.9977126542822120,0.0,0.0037300392787909,0.0000000000000000,-0.0015306772717783,0.0000000000000000,10.7262012485633171,3.0000854036308944,-1029.624929,1.554041,1028.0708878886762,-1598.0796677499311,0,1.1e-11
0.9977130655658026,0.0,0.0037300682756470,0.0000000000000000,-0.0015322578735714,0.0000000000000000,10.7269284601165218,3.0000853967070404,-1029.472112,1.548590,1027.9235220178284,-1592.2306138818385,0,5.4e-12
0.9977134858317465,0.0,0.0037300974191749,0.0000000000000000,-0.0015338734122359,0.0000000000000000,10.7276709798466765,3.0000853896381816,-1029.307311,1.543032,1027.7642787608515,-1586.2544438084587,0,1.2e-11
0.9977139152852891,0.0,0.0037301266901042,0.0000000000000000,-0.0015355247070070,0.0000000000000000,10.7284291311303868,3.0000853824213025,-1029.129820,1.537365,1027.5924552505796,-1580.1483749710023,0,1.1e-11
0.9977143541368424,0.0,0.0037301560676049,0.0000000000000000,-0.0015372125988373,0.0000000000000000,10.7292032442433030,3.0000853750533256,-1028.938896,1.531587,1027.4073085161665,-1573.9095665413188,0,5.6e-12
0.9977148026021412,0.0,0.0037301855291874,0.0000000000000000,-0.0015389379511198,0.0000000000000000,10.7299936565118674,3.0000853675311139,-1028.733749,1.525696,1027.2080530644735,-1567.5351186861517,0,8.9e-12
0.9977152609024073,0.0,0.0037302150505985,0.0000000000000000,-0.0015407016504381,0.0000000000000000,10.7308007124687776,3.0000853598514627,-1028.513549,1.519690,1026.9938583378330,-1561.0220717971679,0,1.5e-11
0.9977157292645195,0.0,0.0037302446057101,0.0000000000000000,-0.0015425046073532,0.0000000000000000,10.7316247640122295,3.0000853520111068,-1028.277414,1.513568,1026.7638459817401,-1554.3674057918834,0,1.0e-11
0.9977162079211913,0.0,0.0037302741664001,0.0000000000000000,-0.0015443477572269,0.0000000000000000,10.7324661705691096,3.0000853440067119,-1028.024413,1.507326,1026.5170868921984,-1547.5680390751222,0,1.3e-11
0.9977166971111562,0.0,0.0037303037024263,0.0000000000000000,-0.0015462320610849,0.0000000000000000,10.7333252992622441,3.0000853358348798,-1027.753562,1.500964,1026.2525981480364,-1540.6208282536827,0,1.5e-11
0.9977171970793609,0.0,0.0037303331812911,0.0000000000000000,-0.0015481585065209,0.0000000000000000,10.7342025250818534,3.0000853274921426,-1027.463818,1.494478,1025.9693396616742,-1533.5225673386594,0,1.6e-11
0.9977177080771673,0.0,0.0037303625680989,0.0000000000000000,-0.0015501281086443,0.0000000000000000,10.7350982310613592,3.0000853189749637,-1027.154079,1.487868,1025.6662106366553,-1526.2699871764053,0,1.4e-11
0.9977182303625635,0.0,0.0037303918254017,0.0000000000000000,-0.0015521419110770,0.0000000000000000,10.7360128084577102,3.0000853102797365,-1026.823177,1.481131,1025.3420457581381,-1518.8597550333943,0,1.1e-11
0.9977187642003849,0.0,0.0037304209130366,0.0000000000000000,-0.0015542009869992,0.0000000000000000,10.7369466569363787,3.0000853014027826,-1026.469876,1.474265,1024.9956111466122,-1511.2884741713060,0,6.2e-12
0.9977193098625450,0.0,0.0037304497879506,0.0000000000000000,-0.0015563064402502,0.0000000000000000,10.7379001847612212,3.0000852923403505,-1026.092867,1.467267,1024.6256000059830,-1503.5526836514473,0,8.2e-12
0.9977198676282845,0.0,0.0037304784040142,0.0000000000000000,-0.0015584594065139,0.0000000000000000,10.7388738089893589,3.0000852830886160,-1025.690765,1.460137,1024.2306279219174,-1495.6488574852701,0,7.3e-12
0.9977204377844078,0.0,0.0037305067118222,0.0000000000000000,-0.0015606610544685,0.0000000000000000,10.7398679556714409,3.0000852736436792,-1025.262099,1.452871,1023.8092279782760,-1487.5734060023096,0,3.8e-12
0.9977210206255687,0.0,0.0037305346584798,0.0000000000000000,-0.0015629125871507,0.0000000000000000,10.7408830600571719,3.0000852640015641,-1024.805313,1.445467,1023.3598452751089,-1479.3226743516861,0,5.4e-12
0.9977216164545416,0.0,0.0037305621873748,0.0000000000000000,-0.0015652152432793,0.0000000000000000,10.7419195668067271,3.0000852541582175,-1024.318756,1.437924,1022.8808312693402,-1470.8929436048493,0,1.2e-11
0.9977222255825196,0.0,0.0037305892379329,0.0000000000000000,-0.0015675702987018,0.0000000000000000,10.7429779302080579,3.0000852441095081,-1023.800677,1.430240,1022.3704375546557,-1462.2804306828184,0,1.3e-11
0.9977228483294274,0.0,0.0037306157453554,0.0000000000000000,-0.0015699790679271,0.0000000000000000,10.7440586144004531,3.0000852338512245,-1023.249221,1.422411,1021.8268092599196,-1453.4812889408204,0,1.0e-11
0.9977234850242328,0.0,0.0037306416403372,0.0000000000000000,-0.0015724429056742,0.0000000000000000,10.7451620936047103,3.0000852233790760,-1022.662415,1.414437,1021.2479779375165,-1444.4916098969406,0,8.8e-12
0.9977241360053197,0.0,0.0037306668487663,0.0000000000000000,-0.0015749632086817,0.0000000000000000,10.7462888523599815,3.0000852126886888,-1022.038169,1.406315,1020.6318538007567,-1435.3074223733274,0,1.4e-11
0.9977248016208242,0.0,0.0037306912913978,0.0000000000000000,-0.0015775414174150,0.0000000000000000,10.7474393857681019,3.0000852017756081,-1021.374260,1.398043,1019.9762175422501,-1425.9246956363786,0,9.9e-12
0.9977254822290592,0.0,0.0037307148835063,0.0000000000000000,-0.0015801790181378,0.0000000000000000,10.7486141997451874,3.0000851906352932,-1020.668330,1.389618,1019.2787113090951,-1416.3393386282842,0,1.8e-11
0.9977261781988718,0.0,0.0037307375345092,0.0000000000000000,-0.0015828775447636,0.0000000000000000,10.7498138112817436,3.0000851792631216,-1019.917869,1.381040,1018.5368292449213,-1406.5472050635726,0,3.2e-12
0.9977268899101264,0.0,0.0037307591475621,0.0000000000000000,-0.0015856385812352,0.0000000000000000,10.7510387487106662,3.0000851676543836,-1019.120212,1.372305,1017.7479068689786,-1396.5440921525587,0,8.9e-12
0.9977276031863282,0.0,0.0037307792256312,0.0000000000000000,-0.0015884072020802,0.0000000000000000,10.7522645360560922,3.0000851560412465,-1018.289808,1.363590,1016.9262181254848,-1386.5301482597715,0,1.6e-11
0.9977283180426242,0.0,0.0037307977486591,0.0000000000000000,-0.0015911834938518,0.0000000000000000,10.7534911764402743,3.0000851444237866,-1017.426095,1.354895,1016.0711997701389,-1376.5057585992035,0,2.5e-12
0.9977290344945270,0.0,0.0037308146961519,0.0000000000000000,-0.0015939675451582,0.0000000000000000,10.7547186730602959,3.0000851328020821,-1016.528497,1.346220,1015.1822762491773,-1366.4713147721486,0,2.5e-11
0.9977297381857410,0.0,0.0037308297560283,0.0000000000000000,-0.0015967035505357,0.0000000000000000,10.7559224622077174,3.0000851214086888,-1015.615402,1.337739,1014.2776631468497,-1356.6281215216732,0,8.9e-12
0.9977304434481022,0.0,0.0037308432626235,0.0000000000000000,-0.0015994472144665,0.0000000000000000,10.7571270939922528,3.0000851100112373,-1014.668623,1.329277,1013.3393454436725,-1346.7759258193546,0,1.2e-12
0.9977311502972889,0.0,0.0037308551952895,0.0000000000000000,-0.0016021986264851,0.0000000000000000,10.7583325716703779,3.0000850986098087,-1013.687580,1.320836,1012.3667438448800,-1336.9151188960532,0,5.7e-12
0.9977318445694756,0.0,0.0037308653420033,0.0000000000000000,-0.0016049026351697,0.0000000000000000,10.7595147721823405,3.0000850874325438,-1012.692338,1.312584,1011.3797542817433,-1327.2434886655537,0,2.6e-11
0.9977325404046474,0.0,0.0037308739366047,0.0000000000000000,-0.0016076142930969,0.0000000000000000,10.7606978052687658,3.0000850762514819,-1011.663039,1.304352,1010.3586876118824,-1317.5642402077210,0,5.5e-12
0.9977332378186570,0.0,0.0037308809582757,0.0000000000000000,-0.0016103336907808,0.0000000000000000,10.7618816742491230,3.0000850650666999,-1010.599100,1.296140,1009.3029604947151,-1307.8777645732043,0,9.7e-12
0.9977339368277687,0.0,0.0037308863857301,0.0000000000000000,-0.0016130609210194,0.0000000000000000,10.7630663825254285,3.0000850538782786,-1009.499925,1.287949,1008.2119764409526,-1298.1844582532649,0,9.7e-12
0.9977346234252872,0.0,0.0037308901369683,0.0000000000000000,-0.0016157413167760,0.0000000000000000,10.7642282227117949,3.0000850429100945,-1008.387953,1.279943,1007.1080099321161,-1288.6787121559610,0,1.6e-11
0.9977353115947727,0.0,0.0037308923152480,0.0000000000000000,-0.0016184294489633,0.0000000000000000,10.7653908891954728,3.0000850319384456,-1007.240953,1.271957,1005.9689961448111,-1279.1670737178647,0,1.7e-11
0.9977360013527257,0.0,0.0037308928990769,0.0000000000000000,-0.0016211254116518,0.0000000000000000,10.7665543854495418,3.0000850209634113,-1006.058326,1.263992,1004.7943335513527,-1269.6499372924445,0,2.2e-11
0.9977366788778415,0.0,0.0037308919030918,0.0000000000000000,-0.0016237751642683,0.0000000000000000,10.7676954285947470,3.0000850102045966,-1004.864184,1.256208,1003.6079763504722,-1260.3181319631403,0,5.9e-12
0.9977373579689059,0.0,0.0037308893334461,0.0000000000000000,-0.0016264326534930,0.0000000000000000,10.7688372887923016,3.0000849994425645,-1003.634629,1.248444,1002.3861844269145,-1250.9817136015045,0,7.3e-12
0.9977380386426289,0.0,0.0037308851684223,0.0000000000000000,-0.0016290979745905,0.0000000000000000,10.7699799695910148,3.0000849886773966,-1002.369053,1.240702,1001.1283510141520,-1241.6410772706149,0,7.7e-12
0.9977387072598022,0.0,0.0037308795174002,0.0000000000000000,-0.0016317177011246,0.0000000000000000,10.7711006046841113,3.0000849781244923,-1001.093235,1.233135,999.8600992287553,-1232.4834819461685,0,3.4e-12
0.9977393774377419,0.0,0.0037308722913120,0.0000000000000000,-0.0016343451679545,0.0000000000000000,10.7722220479402502,3.0000849675686139,-999.781614,1.225590,998.5560235832021,-1223.3225016775541,0,1.1e-11
0.9977400491934167,0.0,0.0037308634681954,0.0000000000000000,-0.0016369804717593,0.0000000000000000,10.7733443029884839,3.0000849570098427,-998.433578,1.218067,997.2155114984317,-1214.1585303550237,0,7.7e-12
0.9977407225442164,0.0,0.0037308530255683,0.0000000000000000,-0.0016396237116108,0.0000000000000000,10.7744673735532768,3.0000849464482631,-997.048501,1.210565,995.8379361573694,-1204.9919694351265,0,3.6e-12
0.9977413839977139,0.0,0.0037308411982693,0.0000000000000000,-0.0016422219035055,0.0000000000000000,10.7755687858197664,3.0000849360951953,-995.654560,1.203235,994.4513248841940,-1196.0065542844823,0,9.7e-12
0.9977420470252314,0.0,0.0037308277711140,0.0000000000000000,-0.0016448279431397,0.0000000000000000,10.7766710014997678,3.0000849257394742,-994.223794,1.195927,993.0278667815520,-1187.0193333088537,0,7.6e-12
0.9977426983412405,0.0,0.0037308130382617,0.0000000000000000,-0.0016473895921104,0.0000000000000000,10.7777519641101680,3.0000849155882987,-992.785295,1.188787,991.5965075268268,-1178.2104245043010,0,2.7e-12
0.9977433512106167,0.0,0.0037307967248700,0.0000000000000000,-0.0016499590019610,0.0000000000000000,10.7788337182570508,3.0000849054346190,-991.310193,1.181669,990.1285237085256,-1169.4004471850931,0,1.1e-11
0.9977440056508985,0.0,0.0037307788084099,0.0000000000000000,-0.0016525362725098,0.0000000000000000,10.7799162677475788,3.0000848952785200,-989.797862,1.174573,988.6232893182892,-1160.5897936329129,0,1.2e-12
0.9977446485486761,0.0,0.0037307596725947,0.0000000000000000,-0.0016550697419529,0.0000000000000000,10.7809779496801266,3.0000848853232016,-988.279031,1.167641,987.1113899319810,-1151.9550162116066,0,4.6e-12
0.9977452929973281,0.0,0.0037307389525115,0.0000000000000000,-0.0016576109876686,0.0000000000000000,10.7820404153602105,3.0000848753656060,-986.723194,1.160731,985.5624633001436,-1143.3202553381561,0,1.4e-11
0.9977459390147085,0.0,0.0037307166253170,0.0000000000000000,-0.0016601601112075,0.0000000000000000,10.7831036686917496,3.0000848654058192,-985.129720,1.153844,983.9758759883268,-1134.6859023158322,0,1.2e-11
0.9977465866191495,0.0,0.0037306926676051,0.0000000000000000,-0.0016627172167983,0.0000000000000000,10.7841677136856067,3.0000848554439252,-983.497959,1.146980,982.3509792522289,-1126.0523549520876,0,1.8e-11
0.9977472228342712,0.0,0.0037306675838064,0.0000000000000000,-0.0016652310467856,0.0000000000000000,10.7852112578190678,3.0000848456792362,-981.861036,1.140276,980.7207597675308,-1117.5925865932950,0,1.8e-11
0.9977478606172466,0.0,0.0037306408875404,0.0000000000000000,-0.0016677527780254,0.0000000000000000,10.7862555823687352,3.0000848359125802,-980.186045,1.133595,979.0524492706667,-1109.1342750866897,0,1.7e-11
0.9977484999867867,0.0,0.0037306125550329,0.0000000000000000,-0.0016702825168008,0.0000000000000000,10.7873006914550675,3.0000848261440454,-978.472328,1.126938,977.3453902277546,-1100.6778166438453,0,5.7e-12
0.9977491281315527,0.0,0.0037305831779751,0.0000000000000000,-0.0016727695539342,0.0000000000000000,10.7883256715323927,3.0000848165690686,-976.754654,1.120438,975.6342161664842,-1092.3926128479070,0,2.0e-11
0.9977497578443293,0.0,0.0037305521821528,0.0000000000000000,-0.0016752645204908,0.0000000000000000,10.7893514251907359,3.0000848069923469,-974.998471,1.113961,973.8845106475782,-1084.1098730759695,0,1.9e-11
0.9977503891442109,0.0,0.0037305195433936,0.0000000000000000,-0.0016777675248712,0.0000000000000000,10.7903779566677134,3.0000847974139684,-973.203114,1.107508,972.0956066883941,-1075.8299931710935,0,3.9e-12
0.9977510093816131,0.0,0.0037304859392768,0.0000000000000000,-0.0016802283938172,0.0000000000000000,10.7913847242282870,3.0000847880255637,-971.404986,1.101208,970.3037778436587,-1067.7188135407050,0,2.3e-11
0.9977516311882368,0.0,0.0037304507091053,0.0000000000000000,-0.0016826972252864,0.0000000000000000,10.7923922589454691,3.0000847786356317,-969.567897,1.094932,968.4729652738901,-1059.6110661788261,0,1.3e-11
0.9977522545835933,0.0,0.0037304138282767,0.0000000000000000,-0.0016851741299702,0.0000000000000000,10.7934005651820470,3.0000847692442623,-967.691173,1.088681,966.6024917780189,-1051.5071466044756,0,2.2e-11
0.9977528670765383,0.0,0.0037303760589723,0.0000000000000000,-0.0016876094578126,0.0000000000000000,10.7943894659664394,3.0000847600393419,-965.812845,1.082580,964.7302650071545,-1043.5693480147747,0,2.7e-11
0.9977534811410275,0.0,0.0037303366552732,0.0000000000000000,-0.0016900527865360,0.0000000000000000,10.7953791279057096,3.0000847508331083,-963.895091,1.076503,962.8185885070300,-1035.6359124072478,0,2.3e-11
0.9977540844729379,0.0,0.0037302964294791,0.0000000000000000,-0.0016924551391596,0.0000000000000000,10.7963497471290673,3.0000847418097436,-961.976765,1.070572,960.9061929987123,-1027.8656995142228,0,4.6e-12
0.9977546893596463,0.0,0.0037302545852113,0.0000000000000000,-0.0016948654218998,0.0000000000000000,10.7973211173552617,3.0000847327851874,-960.019228,1.064667,958.9545614612598,-1020.1003481040825,0,3.1e-11
0.9977552958209701,0.0,0.0037302110975748,0.0000000000000000,-0.0016972837471478,0.0000000000000000,10.7982932430891303,3.0000847237595307,-958.021798,1.058786,956.9630117966344,-1012.3402488852153,0,9.3e-12
0.9977558917052229,0.0,0.0037301668603062,0.0000000000000000,-0.0016996616393293,0.0000000000000000,10.7992466714396258,3.0000847149133363,-956.024923,1.053049,954.9718739865592,-1004.7407677678275,0,5.1e-12
0.9977564891480522,0.0,0.0037301209949450,0.0000000000000000,-0.0017020475063489,0.0000000000000000,10.8002008454452358,3.0000847060661568,-953.988363,1.047337,952.9410266628121,-997.1470036971732,0,3.3e-11
0.9977570881697577,0.0,0.0037300734760908,0.0000000000000000,-0.0017044414632518,0.0000000000000000,10.8011557697552796,3.0000846972180857,-951.911427,1.041651,950.8697756575536,-989.5593471803004,0,1.7e-11
0.9977576767677920,0.0,0.0037300252778608,0.0000000000000000,-0.0017067955230827,0.0000000000000000,10.8020923357643497,3.0000846885461292,-949.836151,1.036105,948.8000465104709,-982.1296910412493,0,9.3e-12
0.9977582669293810,0.0,0.0037299754407395,0.0000000000000000,-0.0017091576083253,0.0000000000000000,10.8030296425308698,3.0000846798733933,-947.720701,1.030585,946.6901160722684,-974.7065760956611,0,1.6e-11
0.9977588586753418,0.0,0.0037299239387803,0.0000000000000000,-0.0017115278368712,0.0000000000000000,10.8039676948591481,3.0000846711999696,-945.564369,1.025092,944.5392771022459,-967.2903928861488,0,3.1e-12
0.9977594401489988,0.0,0.0037298718255123,0.0000000000000000,-0.0017138586976500,0.0000000000000000,10.8048877218424213,3.0000846626993702,-943.410784,1.019736,942.3910479379538,-960.0295814229758,0,6.1e-12
0.9977600231924421,0.0,0.0037298180612993,0.0000000000000000,-0.0017161976406033,0.0000000000000000,10.8058084851532623,3.0000846541981945,-941.216512,1.014406,940.2021051429815,-952.7761061639176,0,8.6e-12
0.9977606078270509,0.0,0.0037297626196044,0.0000000000000000,-0.0017185447867065,0.0000000000000000,10.8067299897623936,3.0000846456965369,-938.980832,1.009105,937.9717273261523,-945.5303578827297,0,3.3e-12
0.9977611823387297,0.0,0.0037297066324946,0.0000000000000000,-0.0017208530878653,0.0000000000000000,10.8076337959790738,3.0000846373644676,-936.748962,1.003937,935.7450241487461,-938.4373458478367,0,9.3e-12
0.9977617584277600,0.0,0.0037296489810477,0.0000000000000000,-0.0017231695346021,0.0000000000000000,10.8085383345809856,3.0000846290320240,-934.475870,0.998798,933.4770719397061,-931.3524374106782,0,8.1e-12
0.9977619690114510,0.0,0.0037296275271565,0.0000000000000000,-0.0017240167449199,0.0000000000000000,10.8088685397631199,3.0000846259918488,-933.636123,0.996930,932.6391929932312,-928.7695958483382,0,6.0e-12
0.9977621842252801,0.0,0.0037296053903660,0.0000000000000000,-0.0017248828368869,0.0000000000000000,10.8092057606105314,3.0000846228879823,-932.772993,0.995027,931.7779663920402,-926.1338589668158,0,9.5e-12
0.9977624041767073,0.0,0.0037295825450009,0.0000000000000000,-0.0017257682608596,0.0000000000000000,10.8095501485519812,3.0000846197190953,-931.885705,0.993088,930.8926174418477,-923.4441914823256,0,2.5e-11
0.9977626289760096,0.0,0.0037295589642511,0.0000000000000000,-0.0017266734795949,0.0000000000000000,10.8099018584196216,3.0000846164838313,-930.973453,0.991113,929.9823399418149,-920.6995399162988,0,1.4e-11
0.9977628587363373,0.0,0.0037295346201171,0.0000000000000000,-0.0017275989685337,0.0000000000000000,10.8102610485349615,3.0000846131808050,-930.035396,0.989101,929.0462948414389,-917.8988343729288,0,9.4e-12
0.9977630935738250,0.0,0.0037295094833476,0.0000000000000000,-0.0017285452163210,0.0000000000000000,10.8106278807961083,3.0000846098086034,-929.070660,0.987052,928.0836085263199,-915.0409876641934,0,7.2e-12
0.9977633336077029,0.0,0.0037294835233720,0.0000000000000000,-0.0017295127253214,0.0000000000000000,10.8110025207681186,3.0000846063657844,-928.078336,0.984965,927.0933709672385,-912.1248944961117,0,9.0e-12
0.9977635789603808,0.0,0.0037294567082337,0.0000000000000000,-0.0017305020120369,0.0000000000000000,10.8113851377771280,3.0000846028508756,-927.057474,0.982840,926.0746340141881,-909.1494324993109,0,1.7e-11
0.9977638297575656,0.0,0.0037294290045157,0.0000000000000000,-0.0017315136076564,0.0000000000000000,10.8117759050068329,3.0000845992623746,-926.007086,0.980677,925.0264094077022,-906.1134619119111,0,2.7e-11
0.9977640861283651,0.0,0.0037294003772635,0.0000000000000000,-0.0017325480585657,0.0000000000000000,10.8121749995987209,3.0000845955987483,-924.926140,0.978474,923.9476667571802,-903.0158260616590,0,6.2e-12
0.9977643482054339,0.0,0.0037293707898993,0.0000000000000000,-0.0017336059270252,0.0000000000000000,10.8125826027549383,3.0000845918584313,-923.813562,0.976231,922.8373311341987,-899.8553497891990,0,8.3e-12
0.9977646161250624,0.0,0.0037293402041379,0.0000000000000000,-0.0017346877916251,0.0000000000000000,10.8129988998464359,3.0000845880398281,-922.668229,0.973948,921.6942810242790,-896.6308418418630,0,1.2e-11
0.9977648900273290,0.0,0.0037293085798906,0.0000000000000000,-0.0017357942480075,0.0000000000000000,10.8134240805233404,3.0000845841413089,-921.488970,0.971624,920.5173456423294,-893.3410935612628,0,1.6e-11
0.9977651700562331,0.0,0.0037292758751651,0.0000000000000000,-0.0017369259095132,0.0000000000000000,10.8138583388302134,3.0000845801612104,-920.274562,0.969260,919.3053023562346,-889.9848794973223,0,2.1e-11
0.9977654563598339,0.0,0.0037292420459609,0.0000000000000000,-0.0017380834078612,0.0000000000000000,10.8143018733256167,3.0000845760978363,-919.023727,0.966853,918.0568738623888,-886.5609577590367,0,7.0e-12
0.9977657490904244,0.0,0.0037292070461527,0.0000000000000000,-0.0017392673939797,0.0000000000000000,10.8147548872055470,3.0000845719494551,-917.735130,0.964405,916.7707250993940,-883.0680694695329,0,1.0e-11
0.9977660484046617,0.0,0.0037291708273728,0.0000000000000000,-0.0017404785386698,0.0000000000000000,10.8152175884331285,3.0000845677142998,-916.407374,0.961914,915.4454601850180,-879.5049403664889,0,7.9e-12
0.9977663544637556,0.0,0.0037291333388796,0.0000000000000000,-0.0017417175335128,0.0000000000000000,10.8156901898720079,3.0000845633905686,-915.038999,0.959380,914.0796188712391,-875.8702802651678,0,1.0e-11
0.9977666674336427,0.0,0.0037290945274203,0.0000000000000000,-0.0017429850917308,0.0000000000000000,10.8161729094259957,3.0000845589764222,-913.628476,0.956803,912.6716729535271,-872.1627839147695,0,9.4e-12
0.9977669874851754,0.0,0.0037290543370827,0.0000000000000000,-0.0017442819491212,0.0000000000000000,10.8166659701843422,3.0000845544699821,-912.174205,0.954183,911.2200223251251,-868.3811313054757,0,6.9e-12
0.9977673147943257,0.0,0.0037290127091364,0.0000000000000000,-0.0017456088650600,0.0000000000000000,10.8171696005732141,3.0000845498693369,-910.674510,0.951519,909.7229907814634,-864.5239882240421,0,1.1e-11
0.9977676495423885,0.0,0.0037289695818649,0.0000000000000000,-0.0017469666235205,0.0000000000000000,10.8176840345141301,3.0000845451725309,-909.127632,0.948811,908.1788215978743,-860.5900073280209,0,1.3e-11
0.9977679919162180,0.0,0.0037289248903816,0.0000000000000000,-0.0017483560342364,0.0000000000000000,10.8182095115889751,3.0000845403775727,-907.531731,0.946058,906.5856726183686,-856.5778282289975,0,2.6e-11
0.9977683421084459,0.0,0.0037288785664371,0.0000000000000000,-0.0017497779338140,0.0000000000000000,10.8187462772134992,3.0000845354824293,-905.884873,0.943261,904.9416112898218,-852.4860797312576,0,7.9e-12
0.9977687003177840,0.0,0.0037288305382035,0.0000000000000000,-0.0017512331871974,0.0000000000000000,10.8192945828172515,3.0000845304850277,-904.185028,0.940420,903.2446087155657,-848.3133778349147,0,1.5e-11
0.9977690594156351,0.0,0.0037287817336401,0.0000000000000000,-0.0017526928701218,0.0000000000000000,10.8198434842459346,3.0000845254852533,-902.465351,0.937591,901.5277600346598,-844.1433556796983,0,6.9e-12
0.9977694194118328,0.0,0.0037287321426859,0.0000000000000000,-0.0017541570350341,0.0000000000000000,10.8203929861552322,3.0000845204831141,-900.725571,0.934775,899.7907958168432,-839.9761143543292,0,8.7e-12
0.9977697730934378,0.0,0.0037286827701167,0.0000000000000000,-0.0017555963332949,0.0000000000000000,10.8209320914351839,3.0000845155786746,-899.000799,0.932029,898.0687697398589,-835.8949688325520,0,1.5e-11
0.9977701276612596,0.0,0.0037286326219388,0.0000000000000000,-0.0017570400559182,0.0000000000000000,10.8214717888822634,3.0000845106719227,-897.256171,0.929296,896.3268753121232,-831.8166456423351,0,1.8e-11
0.9977704831251939,0.0,0.0037285816880267,0.0000000000000000,-0.0017584882556960,0.0000000000000000,10.8220120831969542,3.0000845057628656,-895.491418,0.926576,894.5648418182817,-827.7412458016188,0,9.0e-12
0.9977708394953638,0.0,0.0037285299580324,0.0000000000000000,-0.0017599409866267,0.0000000000000000,10.8225529791850850,3.0000845008515107,-893.706263,0.923871,892.7823927027499,-823.6688717752113,0,8.3e-12
0.9977711967821262,0.0,0.0037284774213781,0.0000000000000000,-0.0017613983039467,0.0000000000000000,10.8230944817613324,3.0000844959378670,-891.900424,0.921179,890.9792453958482,-819.5996275561047,0,1.6e-11
0.9977715549960509,0.0,0.0037284240672530,0.0000000000000000,-0.0017628602640578,0.0000000000000000,10.8236365959534044,3.0000844910219420,-890.073612,0.918501,889.1551112971192,-815.5336200572783,0,1.1e-11
0.9977719069598826,0.0,0.0037283709758053,0.0000000000000000,-0.0017642975622936,0.0000000000000000,10.8241684725755043,3.0000844862020739,-888.262684,0.915891,887.3467923916819,-811.5521293694619,0,1.3e-11
0.9977722598391487,0.0,0.0037283170773432,0.0000000000000000,-0.0017657394475864,0.0000000000000000,10.8247009527190503,3.0000844813799739,-886.431024,0.913296,885.5177284671856,-807.5739071652060,0,9.1e-12
0.9977726136445259,0.0,0.0037282623609595,0.0000000000000000,-0.0017671859769035,0.0000000000000000,10.8252340414700363,3.0000844765556516,-884.578344,0.910715,883.6676288243216,-803.5990598216304,0,9.2e-12
0.9977729683869749,0.0,0.0037282068154938,0.0000000000000000,-0.0017686372086828,0.0000000000000000,10.8257677440313529,3.0000844717291151,-882.704346,0.908150,881.7961960141129,-799.6276936064241,0,9.3e-12
0.9977733169587726,0.0,0.0037281515648831,0.0000000000000000,-0.0017700640531517,0.0000000000000000,10.8262913795937621,3.0000844669969116,-880.846829,0.905650,879.9411787375441,-795.7391901490628,0,2.5e-11
0.9977736664561763,0.0,0.0037280954953920,0.0000000000000000,-0.0017714955455796,0.0000000000000000,10.8268156210452560,3.0000844622625431,-878.968232,0.903166,878.0650661203907,-791.8541945928009,0,1.7e-11
0.9977740168902688,0.0,0.0037280385957466,0.0000000000000000,-0.0017729317450534,0.0000000000000000,10.8273404736543526,3.0000844575260173,-877.068255,0.900697,876.1675581939153,-787.9728128515417,0,2.7e-11
0.9977743682723685,0.0,0.0037279808544160,0.0000000000000000,-0.0017743727119484,0.0000000000000000,10.8278659428147677,3.0000844527873429,-875.146592,0.898244,874.2483483747758,-784.0951540402602,0,9.8e-12
0.9977747206141082,0.0,0.0037279222595922,0.0000000000000000,-0.0017758185082587,0.0000000000000000,10.8283920340473987,3.0000844480465299,-873.202930,0.895807,872.3071227036512,-780.2213269309723,0,3.4e-11
0.9977750668558372,0.0,0.0037278639962290,0.0000000000000000,-0.0017772401529910,0.0000000000000000,10.8289082189429546,3.0000844433984062,-871.276463,0.893435,870.3830283791131,-776.4287562234094,0,1.1e-11
0.9977754140461584,0.0,0.0037278048892085,0.0000000000000000,-0.0017786665746486,0.0000000000000000,10.8294250182159963,3.0000844387481909,-869.328228,0.891079,868.4371492253317,-772.6400366795133,0,2.4e-11
0.9977757621968046,0.0,0.0037277449265888,0.0000000000000000,-0.0017800978358215,0.0000000000000000,10.8299424374682332,3.0000844340958923,-867.357908,0.888740,866.4691684181986,-768.8552794184070,0,1.2e-11
0.9977761113198323,0.0,0.0037276840961360,0.0000000000000000,-0.0017815340007806,0.0000000000000000,10.8304604824355923,3.0000844294415199,-865.365179,0.886417,864.4787614274190,-765.0745956897736,0,9.1e-12
0.9977764614275967,0.0,0.0037276223853200,0.0000000000000000,-0.0017829751353835,0.0000000000000000,10.8309791589944950,3.0000844247850820,-863.349708,0.884112,862.4655960249853,-761.2980986629263,0,8.4e-12
0.9977768055052519,0.0,0.0037275610414249,0.0000000000000000,-0.0017843923522294,0.0000000000000000,10.8314880872147814,3.0000844202197197,-861.352131,0.881871,860.4702600363297,-757.6012577130459,0,1.4e-11
0.9977771505570502,0.0,0.0037274988265785,0.0000000000000000,-0.0017858144884702,0.0000000000000000,10.8319976395864952,3.0000844156523381,-859.332035,0.879647,858.4523883579512,-753.9086175070261,0,9.7e-12
0.9977774965955333,0.0,0.0037274357280735,0.0000000000000000,-0.0017872416109585,0.0000000000000000,10.8325078220808741,3.0000844110829479,-857.289085,0.877441,856.4116445886362,-750.2202910222695,0,2.3e-11
0.9977778436335346,0.0,0.0037273717328933,0.0000000000000000,-0.0017886737881265,0.0000000000000000,10.8330186408186560,3.0000844065115575,-855.222937,0.875253,854.3476844068391,-746.5363945320714,0,1.3e-11
0.9977781916842449,0.0,0.0037273068276912,0.0000000000000000,-0.0017901110902724,0.0000000000000000,10.8335301020733930,3.0000844019381767,-853.133239,0.873084,852.2601548093463,-742.8570448536775,0,2.6e-11
0.9977785337741015,0.0,0.0037272423236337,0.0000000000000000,-0.0017915247070936,0.0000000000000000,10.8340319704238510,3.0000843974542826,-851.062110,0.870977,850.1911323323544,-739.2557603265159,0,1.1e-11
0.9977788768666142,0.0,0.0037271769184624,0.0000000000000000,-0.0017929434013426,0.0000000000000000,10.8345344741387013,3.0000843929684438,-848.967642,0.868889,848.0987527329737,-735.6590314422501,0,1.5e-11
0.9977792209752004,0.0,0.0037271105986112,0.0000000000000000,-0.0017943672445284,0.0000000000000000,10.8350376196052292,3.0000843884806705,-846.849479,0.866821,845.9826578010486,-732.0669751621899,0,3.0e-11
0.9977795661135981,0.0,0.0037270433501740,0.0000000000000000,-0.0017957963098966,0.0000000000000000,10.8355414133754042,3.0000843839909721,-844.707253,0.864773,843.8424806258628,-728.4797120508156,0,1.9e-11
0.9977797990056427,0.0,0.0037269975567266,0.0000000000000000,-0.0017967611607100,0.0000000000000000,10.8358808743515489,3.0000843809679751,-843.251631,0.863405,842.3882258645366,-726.0679624591139,0,1.4e-11
0.9977800371859081,0.0,0.0037269503752030,0.0000000000000000,-0.0017977483798493,0.0000000000000000,10.8362276341015829,3.0000843778818345,-841.754496,0.862020,840.8924765069046,-723.6088821435114,0,2.8e-11
0.9977802807866563,0.0,0.0037269017539470,0.0000000000000000,-0.0017987585496766,0.0000000000000000,10.8365818551472728,3.0000843747312409,-840.214395,0.860616,839.3537797281512,-721.1016566050821,0,9.2e-12
0.9977805299442076,0.0,0.0037268516388902,0.0000000000000000,-0.0017997922715812,0.0000000000000000,10.8369437039846641,3.0000843715148626,-838.629811,0.859194,837.7706176968865,-718.5454640338430,0,1.5e-11
0.9977807847990762,0.0,0.0037267999734209,0.0000000000000000,-0.0018008501666857,0.0000000000000000,10.8373133512079320,3.0000843682313363,-836.999158,0.857754,836.1414042193759,-715.9394775936380,0,2.6e-11
0.9977810454961688,0.0,0.0037267466982298,0.0000000000000000,-0.0018019328768329,0.0000000000000000,10.8376909716370129,3.0000843648792754,-835.320778,0.856297,834.4644806412937,-713.2828653150355,0,7.0e-12
0.9977813121849975,0.0,0.0037266917511455,0.0000000000000000,-0.0018030410656406,0.0000000000000000,10.8380767444515875,3.0000843614572634,-833.592935,0.854823,832.7381114312359,-710.5747896593530,0,1.0e-11
0.9977815850198526,0.0,0.0037266350669683,0.0000000000000000,-0.0018041754194016,0.0000000000000000,10.8384708533335150,3.0000843579638565,-831.813813,0.853333,830.9604799401460,-707.8144100717036,0,1.9e-11
0.9977818641600417,0.0,0.0037265765772803,0.0000000000000000,-0.0018053366482791,0.0000000000000000,10.8388734866143679,3.0000843543975808,-829.981511,0.851827,829.1296833660729,-705.0008829444996,0,2.2e-11
0.9977821497701188,0.0,0.0037265162102462,0.0000000000000000,-0.0018065254874737,0.0000000000000000,10.8392848374317285,3.0000843507569352,-828.094034,0.850306,827.2437274820112,-702.1333625020925,0,3.2e-11
0.9977824420201273,0.0,0.0037264538903998,0.0000000000000000,-0.0018077426984638,0.0000000000000000,10.8397051038938557,3.0000843470403873,-826.149291,0.848770,825.3005211262306,-699.2110025640577,0,8.8e-12
0.9977827410858953,0.0,0.0037263895384051,0.0000000000000000,-0.0018089890704863,0.0000000000000000,10.8401344892521898,3.0000843432463742,-824.145091,0.847221,823.2978697984476,-696.2329560939106,0,1.1e-11
0.9977830471492823,0.0,0.0037263230708143,0.0000000000000000,-0.0018102654218355,0.0000000000000000,10.8405732020862189,3.0000843393733039,-822.079128,0.845659,821.2334694829094,-693.1983786168857,0,8.7e-12
0.9977833603985052,0.0,0.0037262543997914,0.0000000000000000,-0.0018115726015128,0.0000000000000000,10.8410214564965184,3.0000843354195514,-819.948984,0.844085,819.1048993373020,-690.1064285725006,0,2.7e-11
0.9977836810285015,0.0,0.0037261834328126,0.0000000000000000,-0.0018129114910616,0.0000000000000000,10.8414794723093983,3.0000843313834618,-817.752114,0.842500,816.9096137485375,-686.9562675016932,0,7.1e-12
0.9977840092411996,0.0,0.0037261100723635,0.0000000000000000,-0.0018142830060405,0.0000000000000000,10.8419474752982854,3.0000843272633468,-815.485841,0.840906,814.6449347175900,-683.7470657193335,0,1.6e-11
0.9977843452460115,0.0,0.0037260342155719,0.0000000000000000,-0.0018156880984530,0.0000000000000000,10.8424256974116400,3.0000843230574850,-813.147346,0.839304,812.3080418742343,-680.4779991072137,0,1.9e-11
0.9977846823735502,0.0,0.0037259573324703,0.0000000000000000,-0.0018170989281217,0.0000000000000000,10.8429046038690977,3.0000843188499426,-810.782171,0.837728,809.9444436965321,-677.2147402300034,0,9.7e-12
0.9977850206410990,0.0,0.0037258794056852,0.0000000000000000,-0.0018185155871302,0.0000000000000000,10.8433842028726115,3.0000843146407310,-808.389863,0.836178,807.5536854618683,-673.9574232935556,0,1.0e-11
0.9977853600663922,0.0,0.0037258004173550,0.0000000000000000,-0.0018199381700244,0.0000000000000000,10.8438645028596987,3.0000843104298638,-805.969954,0.834654,805.1353000929772,-670.7061878457898,0,2.4e-11
0.9977857006677295,0.0,0.0037257203490890,0.0000000000000000,-0.0018213667743127,0.0000000000000000,10.8443455125088217,3.0000843062173548,-803.521965,0.833159,802.6888067723237,-667.4611743536661,0,1.1e-11
0.9977860424639116,0.0,0.0037256391819651,0.0000000000000000,-0.0018228015002201,0.0000000000000000,10.8448272407528563,3.0000843020032173,-801.045403,0.831691,800.2137111829289,-664.2225284088054,0,2.2e-11
0.9977863786075519,0.0,0.0037255585519740,0.0000000000000000,-0.0018242135933268,0.0000000000000000,10.8453000481335291,3.0000842978717284,-798.590119,0.830282,797.7598370957877,-661.0549239677493,0,1.3e-11
0.9977867159401336,0.0,0.0037254768280314,0.0000000000000000,-0.0018256317818976,0.0000000000000000,10.8457735689935504,3.0000842937386549,-796.106383,0.828901,795.2774814021046,-657.8936830445309,0,1.6e-11
0.9977870544810467,0.0,0.0037253939906447,0.0000000000000000,-0.0018270561692870,0.0000000000000000,10.8462478125302315,3.0000842896040107,-793.593686,0.827551,792.7661356520450,-654.7389521079604,0,3.0e-11
0.9977873942503013,0.0,0.0037253100197240,0.0000000000000000,-0.0018284868621263,0.0000000000000000,10.8467227882141337,3.0000842854678100,-791.051507,0.826230,790.2252760128752,-651.5908797254087,0,1.5e-11
0.9977877352684777,0.0,0.0037252248945751,0.0000000000000000,-0.0018299239701383,0.0000000000000000,10.8471985058036555,3.0000842813300674,-788.479305,0.824942,787.6543633197965,-648.4496200494468,0,1.4e-11
0.9977880707041840,0.0,0.0037251403300842,0.0000000000000000,-0.0018313386932372,0.0000000000000000,10.8476654464662978,3.0000842772735314,-785.928843,0.823711,785.1051321914933,-645.3778938940959,0,3.1e-11
0.9977884073843724,0.0,0.0037250546148168,0.0000000000000000,-0.0018327598130478,0.0000000000000000,10.8481331246094062,3.0000842732154984,-783.348445,0.822511,782.5259338908151,-642.3129776893766,0,7.3e-12
0.9977887453303598,0.0,0.0037249677273724,0.0000000000000000,-0.0018341874431914,0.0000000000000000,10.8486015503105264,3.0000842691559835,-780.737557,0.821345,779.9162116433299,-639.2550262936857,0,2.9e-11
0.9977890845641399,0.0,0.0037248796456742,0.0000000000000000,-0.0018356217009007,0.0000000000000000,10.8490707339595112,3.0000842650950030,-778.095604,0.820213,777.2753913886802,-636.2041983630625,0,1.3e-11
0.9977894251083791,0.0,0.0037247903469483,0.0000000000000000,-0.0018370627070361,0.0000000000000000,10.8495406862732313,3.0000842610325753,-775.421997,0.819116,774.6028813559020,-633.1606579773361,0,1.5e-11
0.9977897601417162,0.0,0.0037247016291780,0.0000000000000000,-0.0018384815861446,0.0000000000000000,10.8500020042112357,3.0000842570499371,-772.770516,0.818076,771.9524398259093,-630.1851668866002,0,1.9e-11
0.9977900964829112,0.0,0.0037246116960215,0.0000000000000000,-0.0018399072048889,0.0000000000000000,10.8504640872195957,3.0000842530658951,-770.087423,0.817072,769.2703504968338,-627.2169619488413,0,3.1e-11
0.9977904341554794,0.0,0.0037245205238459,0.0000000000000000,-0.0018413396886877,0.0000000000000000,10.8509269464059308,3.0000842490804671,-767.372105,0.816105,766.5560003227689,-624.2562109411228,0,2.0e-11
0.9977907731837937,0.0,0.0037244280882162,0.0000000000000000,-0.0018427791674532,0.0000000000000000,10.8513905932320327,3.0000842450936722,-764.623932,0.815176,763.8087555476774,-621.3030825651949,0,1.6e-11
0.9977911067773059,0.0,0.0037243362494617,0.0000000000000000,-0.0018441967986781,0.0000000000000000,10.8518457511885433,3.0000842411852324,-761.898164,0.814304,761.0838602700810,-618.4165288545191,0,1.7e-11
0.9977914417254915,0.0,0.0037242431473399,0.0000000000000000,-0.0018456214241752,0.0000000000000000,10.8523016938994523,3.0000842372754706,-759.139545,0.813470,758.3260748672456,-615.5376002638950,0,2.1e-11
0.9977917780536885,0.0,0.0037241487564207,0.0000000000000000,-0.0018470531790653,0.0000000000000000,10.8527584332769145,3.0000842333644067,-756.347418,0.812677,755.5347409407040,-612.6664707462769,0,2.4e-11
0.9977921157880634,0.0,0.0037240530504155,0.0000000000000000,-0.0018484922029397,0.0000000000000000,10.8532159816294520,3.0000842294520602,-753.521104,0.811926,752.7091783730615,-609.8033205934335,0,1.4e-11
0.9977924549557589,0.0,0.0037239560021050,0.0000000000000000,-0.0018499386405297,0.0000000000000000,10.8536743516755543,3.0000842255384534,-750.659900,0.811217,749.8486831058665,-606.9483321818989,0,2.2e-11
0.9977927887643213,0.0,0.0037238595634078,0.0000000000000000,-0.0018513635144567,0.0000000000000000,10.8541243731015307,3.0000842217018411,-747.821314,0.810566,747.0107484915861,-604.1584904809133,0,9.9e-12
0.9977931240077513,0.0,0.0037237617798531,0.0000000000000000,-0.0018527958153295,0.0000000000000000,10.8545752145042069,3.0000842178640159,-744.947779,0.809959,744.1378209464227,-601.3768200279446,0,9.7e-12
0.9977934607144020,0.0,0.0037236626229764,0.0000000000000000,-0.0018542356944082,0.0000000000000000,10.8550268891548747,3.0000842140249993,-742.038562,0.809397,741.2291655297040,-598.6035095958505,0,1.5e-11
0.9977937989136322,0.0,0.0037235620632925,0.0000000000000000,-0.0018556833083446,0.0000000000000000,10.8554794107848398,3.0000842101848155,-739.092903,0.808882,738.2840213998078,-595.8387538628303,0,2.7e-11
0.9977941386358998,0.0,0.0037234600702323,0.0000000000000000,-0.0018571388196363,0.0000000000000000,10.8559327936058629,3.0000842063434887,-736.110016,0.808416,735.3016000548314,-593.0827518966980,0,2.5e-11
0.9977944730788194,0.0,0.0037233586936895,0.0000000000000000,-0.0018585730751838,0.0000000000000000,10.8563779678536019,3.0000842025778254,-733.149818,0.808007,732.3418110618688,-590.3905053316266,0,2.4e-11
0.9977948090496382,0.0,0.0037232558778678,0.0000000000000000,-0.0018600152589845,0.0000000000000000,10.8568240030245668,3.0000841988110709,-730.152251,0.807649,729.3446020106028,-587.7070322453510,0,9.0e-12
0.9977951465803584,0.0,0.0037231515906198,0.0000000000000000,-0.0018614655418446,0.0000000000000000,10.8572709140140020,3.0000841950432502,-727.116488,0.807343,726.3091451304991,-585.0325390227954,0,1.0e-11
0.9977954857041778,0.0,0.0037230457985840,0.0000000000000000,-0.0018629241009838,0.0000000000000000,10.8577187162581019,3.0000841912743916,-724.041672,0.807091,723.2345818481241,-582.3672387660481,0,1.5e-11
0.9977958264555952,0.0,0.0037229384671050,0.0000000000000000,-0.0018643911205572,0.0000000000000000,10.8581674257594170,3.0000841875045241,-720.926914,0.806894,720.1200207358322,-579.7113502581778,0,1.4e-11
0.9977961620131647,0.0,0.0037228317515778,0.0000000000000000,-0.0018658372249737,0.0000000000000000,10.8586080672155134,3.0000841838090206,-717.834740,0.806757,717.0279830777265,-577.1178708041552,0,9.4e-12
0.9977964992074039,0.0,0.0037227234864104,0.0000000000000000,-0.0018672918432510,0.0000000000000000,10.8590496174801050,3.0000841801125637,-714.702375,0.806677,713.8956985224921,-574.5338383307389,0,1.3e-11
0.9977968380747971,0.0,0.0037226136349289,0.0000000000000000,-0.0018687551702120,0.0000000000000000,10.8594920934086208,3.0000841764151844,-711.528882,0.806657,710.7222252418907,-571.9594799087208,0,1.1e-11
0.9977971786532539,0.0,0.0037225021589975,0.0000000000000000,-0.0018702274083441,0.0000000000000000,10.8599355125011705,3.0000841727169161,-708.313283,0.806698,707.5065844719363,-569.3950312955130,0,2.7e-11
0.9977975209822498,0.0,0.0037223890189135,0.0000000000000000,-0.0018717087685006,0.0000000000000000,10.8603798929333824,3.0000841690177933,-705.054562,0.806804,704.2477577241372,-566.8407350438647,0,2.6e-11
0.9977978582107735,0.0,0.0037222764845033,0.0000000000000000,-0.0018731695984448,0.0000000000000000,10.8608163472351862,3.0000841653917720,-701.818081,0.806972,701.0111087206739,-564.3475581256498,0,2.2e-11
0.9977981972043590,0.0,0.0037221622701572,0.0000000000000000,-0.0018746396330836,0.0000000000000000,10.8612537667389208,3.0000841617649585,-698.538093,0.807207,697.7308861395588,-561.8645904097066,0,1.6e-11
0.9977985380050232,0.0,0.0037220463335722,0.0000000000000000,-0.0018761190969455,0.0000000000000000,10.8616921706982197,3.0000841581373896,-695.213517,0.807510,694.4060065487828,-559.3920857007324,0,1.9e-11
0.9977988806565358,0.0,0.0037219286306475,0.0000000000000000,-0.0018776082239904,0.0000000000000000,10.8621315791429129,3.0000841545091093,-691.843227,0.807886,691.0353412065017,-556.9303078368539,0,1.3e-11
0.9977992252045556,0.0,0.0037218091153661,0.0000000000000000,-0.0018791072583069,0.0000000000000000,10.8625720129206087,3.0000841508801561,-688.426049,0.808336,687.6177129304682,-554.4795300395344,0,1.3e-11
0.9977995647564357,0.0,0.0037216901826073,0.0000000000000000,-0.0018805862083274,0.0000000000000000,10.8630046650842758,3.0000841473230810,-685.030453,0.808853,684.2216005954032,-552.0886511930148,0,1.5e-11
0.9977996483738268,0.0,0.0037216607178544,0.0000000000000000,-0.0018809506656174,0.0000000000000000,10.8631109949227476,3.0000841464500803,-684.189969,0.808991,683.3809776865736,-551.5036122275342,0,4.2e-12
0.9977997338274505,0.0,0.0037216305335820,0.0000000000000000,-0.0018813232306348,0.0000000000000000,10.8632195717944651,3.0000841455591236,-683.329267,0.809137,682.5201292913073,-550.9072567043186,0,7.4e-12
0.9977998211597552,0.0,0.0037215996098230,0.0000000000000000,-0.0018817040956411,0.0000000000000000,10.8633304435874987,3.0000841446498510,-682.447799,0.809292,681.6385068881132,-550.2993928131182,0,3.9e-12
0.9977999104142867,0.0,0.0037215679259396,0.0000000000000000,-0.0018820934580910,0.0000000000000000,10.8634436592328765,3.0000841437218977,-681.544999,0.809455,680.7355440020162,-549.6798267689883,0,7.0e-12
0.9978000016357179,0.0,0.0037215354605970,0.0000000000000000,-0.0018824915207907,0.0000000000000000,10.8635592687287659,3.0000841427748912,-680.620282,0.809627,679.8106555878236,-549.0483632102550,0,6.1e-12
0.9978000948698850,0.0,0.0037215021917338,0.0000000000000000,-0.0018828984920765,0.0000000000000000,10.8636773231652484,3.0000841418084523,-679.673045,0.809808,678.8632371895553,-548.4048050009587,0,5.1e-12
0.9978001901638243,0.0,0.0037214680965310,0.0000000000000000,-0.0018833145860061,0.0000000000000000,10.8637978747497179,3.0000841408221959,-678.702664,0.810000,677.8926642168049,-547.7489537230285,0,6.6e-12
0.9978002875658121,0.0,0.0037214331513787,0.0000000000000000,-0.0018837400225558,0.0000000000000000,10.8639209768330360,3.0000841398157276,-677.708493,0.810202,676.8982910320780,-547.0806094552390,0,1.0e-11
0.9978003871254044,0.0,0.0037213973318424,0.0000000000000000,-0.0018841750278272,0.0000000000000000,10.8640466839363761,3.0000841387886483,-676.689865,0.810415,675.8794500611293,-546.3995710549352,0,8.3e-12
0.9978004888934803,0.0,0.0037213606126260,0.0000000000000000,-0.0018846198342643,0.0000000000000000,10.8641750517788491,3.0000841377405512,-675.646091,0.810640,674.8354508913382,-545.7056363050651,0,1.2e-11
0.9978005929222854,0.0,0.0037213229675335,0.0000000000000000,-0.0018850746808804,0.0000000000000000,10.8643061373059080,3.0000841366710223,-674.576456,0.810877,673.7655792302019,-544.9986019394710,0,1.0e-11
0.9978006992654791,0.0,0.0037212843694282,0.0000000000000000,-0.0018855398134970,0.0000000000000000,10.8644399987185700,3.0000841355796388,-673.480223,0.811127,672.6690958728864,-544.2782639823854,0,1.2e-11
0.9978008079781827,0.0,0.0037212447901905,0.0000000000000000,-0.0018860154849915,0.0000000000000000,10.8645766955035281,3.0000841344659737,-672.356627,0.811391,671.5452356040755,-543.5444177465688,0,1.1e-11
0.9978009191170306,0.0,0.0037212042006720,0.0000000000000000,-0.0018865019555636,0.0000000000000000,10.8647162884641038,3.0000841333295907,-671.204876,0.811670,670.3932060089440,-542.7968581590685,0,1.2e-11
0.9978010327402237,0.0,0.0037211625706473,0.0000000000000000,-0.0018869994930067,0.0000000000000000,10.8648588397521895,3.0000841321700449,-670.024150,0.811964,669.2121862579359,-542.0353799278091,0,1.4e-11
0.9978011489075852,0.0,0.0037211198687640,0.0000000000000000,-0.0018875083730021,0.0000000000000000,10.8650044129011292,3.0000841309868860,-668.813600,0.812274,668.0013257591644,-541.2597777110059,0,1.5e-11
0.9978012676806193,0.0,0.0037210760624882,0.0000000000000000,-0.0018880288794200,0.0000000000000000,10.8651530728596626,3.0000841297796557,-667.572344,0.812601,666.7597428298858,-540.4698464454850,0,1.6e-11
0.9978013891225734,0.0,0.0037210311180476,0.0000000000000000,-0.0018885613046459,0.0000000000000000,10.8653048860268999,3.0000841285478881,-666.299469,0.812946,665.4865231711944,-539.6653816131002,0,2.1e-11
0.9978015132985031,0.0,0.0037209850003714,0.0000000000000000,-0.0018891059499149,0.0000000000000000,10.8654599202884690,3.0000841272911081,-664.994028,0.813310,664.1807183465691,-538.8461794323230,0,2.2e-11
0.9978016402753401,0.0,0.0037209376730254,0.0000000000000000,-0.0018896631256735,0.0000000000000000,10.8656182450538115,3.0000841260088356,-663.655038,0.813694,662.8413441193453,-538.0120372920064,0,2.2e-11
0.9978017701219647,0.0,0.0037208890981439,0.0000000000000000,-0.0018902331519550,0.0000000000000000,10.8657799312947514,3.0000841247005807,-662.281478,0.814099,661.4673787155465,-537.1627540667250,0,2.3e-11
0.9978019029092815,0.0,0.0037208392363570,0.0000000000000000,-0.0018908163587799,0.0000000000000000,10.8659450515853653,3.0000841233658466,-660.872288,0.814527,660.0577609403440,-536.2981304780405,0,2.9e-11
0.9978020387103073,0.0,0.0037207880467112,0.0000000000000000,-0.0018914130866098,0.0000000000000000,10.8661136801431439,3.0000841220041297,-659.426366,0.814978,658.6113881068411,-535.4179691568133,0,2.4e-12
0.9978021776002269,0.0,0.0037207354865963,0.0000000000000000,-0.0018920236866713,0.0000000000000000,10.8662858928721597,3.0000841206149178,-657.942569,0.815454,657.1271142956742,-534.5220762170793,0,2.6e-12
0.9978023196565253,0.0,0.0037206815116435,0.0000000000000000,-0.0018926485216123,0.0000000000000000,10.8664617674066637,3.0000841191976915,-656.419705,0.815957,655.6037475944117,-533.6102602059254,0,4.0e-12
0.9978024649590542,0.0,0.0037206260756408,0.0000000000000000,-0.0018932879658861,0.0000000000000000,10.8666413831574964,3.0000841177519226,-654.856536,0.816488,654.0400480204698,-532.6823335285590,0,3.7e-12
0.9978026135901404,0.0,0.0037205691304304,0.0000000000000000,-0.0018939424063181,0.0000000000000000,10.8668248213596108,3.0000841162770775,-653.251773,0.817048,652.4347249045308,-531.7381128607376,0,6.0e-12
0.9978027656346923,0.0,0.0037205106258017,0.0000000000000000,-0.0018946122426731,0.0000000000000000,10.8670121651216345,3.0000841147726134,-651.604074,0.817640,650.7864341268622,-530.7774196449900,0,9.9e-12
0.9978029211803126,0.0,0.0037204505093776,0.0000000000000000,-0.0018952978882590,0.0000000000000000,10.8672034994773874,3.0000841132379823,-649.912040,0.818265,649.0937752391133,-529.8000808072393,0,5.8e-12
0.9978030803174198,0.0,0.0037203887264905,0.0000000000000000,-0.0018959997705763,0.0000000000000000,10.8673989114395013,3.0000841116726265,-648.174213,0.818925,647.3552883264213,-528.8059294752311,0,6.5e-12
0.9978032431393766,0.0,0.0037203252200502,0.0000000000000000,-0.0018967183320074,0.0000000000000000,10.8675984900552987,3.0000841100759819,-646.389073,0.819622,645.5694506345039,-527.7948056928581,0,6.5e-12
0.9978034097426264,0.0,0.0037202599304047,0.0000000000000000,-0.0018974540305486,0.0000000000000000,10.8678023264651493,3.0000841084474801,-644.555032,0.820359,643.7346730004863,-526.7665572542173,0,7.9e-12
0.9978035802268405,0.0,0.0037201927951852,0.0000000000000000,-0.0018982073406059,0.0000000000000000,10.8680105139633394,3.0000841067865434,-642.670434,0.821138,641.8492959662416,-525.7210406323720,0,6.8e-12
0.9978037546950735,0.0,0.0037201237491448,0.0000000000000000,-0.0018989787538323,0.0000000000000000,10.8682231480618370,3.0000841050925877,-640.733547,0.821961,639.9115856742144,-524.6581219494110,0,7.9e-12
0.9978039332539316,0.0,0.0037200527239807,0.0000000000000000,-0.0018997687800380,0.0000000000000000,10.8684403265570051,3.0000841033650238,-638.742561,0.822832,637.9197293442613,-523.5776779888256,0,8.2e-12
0.9978041160137517,0.0,0.0037199796481447,0.0000000000000000,-0.0019005779481627,0.0000000000000000,10.8686621495996114,3.0000841016032571,-636.695583,0.823753,635.8718304996586,-522.4795974036970,0,8.1e-12
0.9978043030887951,0.0,0.0037199044466369,0.0000000000000000,-0.0019014068073245,0.0000000000000000,10.8688887197683659,3.0000840998066862,-634.590630,0.824727,633.7659037262050,-521.3637819186843,0,8.2e-12
0.9978044945974538,0.0,0.0037198270407837,0.0000000000000000,-0.0019022559279463,0.0000000000000000,10.8691201421473025,3.0000840979747068,-632.425627,0.825757,631.5998691018426,-520.2301477388537,0,8.5e-12
0.9978046906624752,0.0,0.0037197473479965,0.0000000000000000,-0.0019031259029774,0.0000000000000000,10.8693565244073174,3.0000840961067072,-630.198395,0.826849,629.3715460439257,-519.0786269441305,0,8.9e-12
0.9978048914112029,0.0,0.0037196652815105,0.0000000000000000,-0.0019040173492082,0.0000000000000000,10.8695979768922957,3.0000840942020748,-627.906651,0.828004,627.0786467795255,-517.9091691655922,0,8.2e-12
0.9978050969758374,0.0,0.0037195807501001,0.0000000000000000,-0.0019049309086970,0.0000000000000000,10.8698446127101924,3.0000840922601921,-625.547997,0.829228,624.7187691400665,-516.7217433429032,0,1.2e-11
0.9978053074937189,0.0,0.0037194936577694,0.0000000000000000,-0.0019058672503210,0.0000000000000000,10.8700965478295686,3.0000840902804384,-623.119913,0.830524,622.2893887651372,-515.5163395431591,0,6.6e-12
0.9978055231076334,0.0,0.0037194039034153,0.0000000000000000,-0.0019068270714528,0.0000000000000000,10.8703539011821881,3.0000840882621929,-620.619750,0.831899,619.7878506599278,-514.2929711935867,0,2.6e-12
0.9978057439661476,0.0,0.0037193113804587,0.0000000000000000,-0.0019078110998002,0.0000000000000000,10.8706167947721557,3.0000840862048324,-618.044717,0.833357,617.2113598903787,-513.0516772381379,0,3.2e-12
0.9978059702239664,0.0,0.0037192159764431,0.0000000000000000,-0.0019088200953796,0.0000000000000000,10.8708853537925236,3.0000840841077352,-615.391875,0.834903,614.5569715110439,-511.7925247516541,0,6.6e-12
0.9978062020423396,0.0,0.0037191175725879,0.0000000000000000,-0.0019098548527485,0.0000000000000000,10.8711597067496939,3.0000840819702796,-612.658124,0.836544,611.8215793911643,-510.5156115372374,0,1.2e-11
0.9978064395894848,0.0,0.0037190160433093,0.0000000000000000,-0.0019109162033471,0.0000000000000000,10.8714399855973145,3.0000840797918458,-609.840191,0.838287,609.0019041244971,-509.2210692139051,0,2.4e-11
0.9978066830410579,0.0,0.0037189112556861,0.0000000000000000,-0.0019120050181064,0.0000000000000000,10.8717263258800241,3.0000840775718198,-606.934618,0.840138,606.0944797794840,-507.9090668820718,0,6.1e-12
0.9978069325807114,0.0,0.0037188030688558,0.0000000000000000,-0.0019131222104987,0.0000000000000000,10.8720188668877267,3.0000840753095934,-603.937745,0.842106,603.0956386267013,-506.5798136586964,0,6.8e-12
0.9978071884006215,0.0,0.0037186913333844,0.0000000000000000,-0.0019142687395073,0.0000000000000000,10.8723177518242746,3.0000840730045630,-600.845695,0.844199,600.0014955152219,-505.2335640209203,0,1.2e-11
0.9978074507021526,0.0,0.0037185758905315,0.0000000000000000,-0.0019154456132836,0.0000000000000000,10.8726231279886338,3.0000840706561371,-597.654356,0.846427,596.8079294593132,-503.8706215219863,0,2.1e-11
0.9978077196965558,0.0,0.0037184565714505,0.0000000000000000,-0.0019166538930304,0.0000000000000000,10.8729351469729707,3.0000840682637357,-594.359362,0.848799,593.5105637044161,-502.4913438820222,0,2.9e-11
0.9978079956057404,0.0,0.0037183331963009,0.0000000000000000,-0.0019178946973009,0.0000000000000000,10.8732539648790549,3.0000840658267918,-590.956069,0.851326,590.1047435676999,-501.0961486230080,0,7.9e-12
0.9978082786631830,0.0,0.0037182055732324,0.0000000000000000,-0.0019191692070152,0.0000000000000000,10.8735797425543730,3.0000840633447576,-587.439532,0.854021,586.5855110984847,-499.6855182610161,0,7.5e-12
0.9978085691148511,0.0,0.0037180734972904,0.0000000000000000,-0.0019204786706564,0.0000000000000000,10.8739126458539790,3.0000840608171053,-583.804474,0.856896,582.9475779145325,-498.2600083361322,0,8.8e-12
0.9978088672203246,0.0,0.0037179367491461,0.0000000000000000,-0.0019218244104903,0.0000000000000000,10.8742528459275665,3.0000840582433317,-580.045261,0.859968,579.1852935768393,-496.8202541753708,0,1.2e-11
0.9978091732540179,0.0,0.0037177950936841,0.0000000000000000,-0.0019232078293812,0.0000000000000000,10.8746005195388200,3.0000840556229642,-576.155861,0.863251,575.2926104966591,-495.3669796145696,0,9.6e-12
0.9978094875065633,0.0,0.0037176482784014,0.0000000000000000,-0.0019246304185224,0.0000000000000000,10.8749558494208092,3.0000840529555632,-572.129807,0.866763,571.2630441859595,-493.9010064297763,0,4.5e-12
0.9978098102863933,0.0,0.0037174960315860,0.0000000000000000,-0.0019260937662532,0.0000000000000000,10.8753190246732032,3.0000840502407295,-567.960153,0.870525,567.0896280718223,-492.4232649278420,0,6.2e-12
0.9978101419215172,0.0,0.0037173380602489,0.0000000000000000,-0.0019275995680023,0.0000000000000000,10.8756902412090142,3.0000840474781114,-563.639419,0.874557,562.7648622494733,-490.9348062526842,0,2.6e-11
0.9978104827615263,0.0,0.0037171740477735,0.0000000000000000,-0.0019291496375331,0.0000000000000000,10.8760697022593593,3.0000840446674117,-559.159540,0.878885,558.2806553642404,-489.4368171067035,0,5.5e-12
0.9978108261522866,0.0,0.0037170070863490,0.0000000000000000,-0.0019307138798728,0.0000000000000000,10.8764498613855043,3.0000840418654255,-554.605425,0.883440,553.7219848753928,-487.9605002578755,0,5.8e-12
0.9978111792687950,0.0,0.0037168335683582,0.0000000000000000,-0.0019323251600235,0.0000000000000000,10.8768385117755031,3.0000840390156944,-549.879156,0.888335,548.9908207069540,-486.4771191805485,0,6.7e-12
0.9978115425246665,0.0,0.0037166531055788,0.0000000000000000,-0.0019339856452894,0.0000000000000000,10.8772358761614818,3.0000840361181114,-544.970891,0.893604,544.0772864488671,-484.9882709695376,0,1.4e-11
0.9978119163650769,0.0,0.0037164652745661,0.0000000000000000,-0.0019356976771384,0.0000000000000000,10.8776421869580471,3.0000840331726648,-539.869911,0.899283,538.9706277713017,-483.4957523555786,0,1.5e-11
0.9978123012706759,0.0,0.0037162696120620,0.0000000000000000,-0.0019374637931645,0.0000000000000000,10.8780576871926229,3.0000840301794520,-534.564512,0.905413,533.6590992967309,-482.0015864454326,0,1.9e-11
0.9978126977621985,0.0,0.0037160656095890,0.0000000000000000,-0.0019392867529711,0.0000000000000000,10.8784826315875005,3.0000840271386950,-529.041873,0.912041,528.1298314236510,-480.5080532441498,0,1.6e-11
0.9978131064059977,0.0,0.0037158527070132,0.0000000000000000,-0.0019411695691405,0.0000000000000000,10.8789172878253240,3.0000840240507682,-523.287894,0.919222,522.3686716723561,-479.0177238200558,0,1.4e-11
0.9978135278205524,0.0,0.0037156302849110,0.0000000000000000,-0.0019431155437684,0.0000000000000000,10.8793619380442230,3.0000840209162192,-517.287013,0.927016,516.3599968782773,-477.5335023812950,0,9.0e-12
0.9978139626842478,0.0,0.0037153976554231,0.0000000000000000,-0.0019451283121768,0.0000000000000000,10.8798168806145092,3.0000840177358041,-511.021984,0.935495,510.0864885049954,-476.0586768865760,0,6.6e-12
0.9978144117448496,0.0,0.0037151540511530,0.0000000000000000,-0.0019472118960884,0.0000000000000000,10.8802824322633676,3.0000840145105245,-504.473601,0.944741,503.5288597772108,-474.5969779019360,0,1.1e-11
0.9978145196290917,0.0,0.0037150950071333,0.0000000000000000,-0.0019477132505448,0.0000000000000000,10.8803936256555254,3.0000840137447398,-502.888294,0.947040,501.9412540939563,-474.2551778195193,0,1.7e-11
0.9978146301033473,0.0,0.0037150343349029,0.0000000000000000,-0.0019482269599502,0.0000000000000000,10.8805072235953393,3.0000840129642516,-501.260026,0.949425,500.3106009540901,-473.9089565271715,0,9.9e-12
0.9978147432408007,0.0,0.0037149719779138,0.0000000000000000,-0.0019487533894630,0.0000000000000000,10.8806232806756782,3.0000840121688310,-499.587342,0.951902,498.6354395544303,-473.5583704813180,0,1.3e-11
0.9978148591173970,0.0,0.0037149078769662,0.0000000000000000,-0.0019492929188137,0.0000000000000000,10.8807418529147348,3.0000840113582470,-497.868718,0.954475,496.9142421723339,-473.2034871041542,0,7.5e-12
0.9978149778120516,0.0,0.0037148419700050,0.0000000000000000,-0.0019498459434156,0.0000000000000000,10.8808629978066076,3.0000840105322708,-496.102559,0.957150,495.1454090021177,-472.8443846904120,0,1.8e-11
0.9978150994067893,0.0,0.0037147741919507,0.0000000000000000,-0.0019504128751514,0.0000000000000000,10.8809867743776145,3.0000840096906747,-494.287194,0.959930,493.3272640065537,-472.4811539664806,0,6.5e-12
0.9978152239869175,0.0,0.0037147044745015,0.0000000000000000,-0.0019509941433428,0.0000000000000000,10.8811132432453963,3.0000840088332335,-492.420873,0.962823,491.4580500320080,-472.1138993541244,0,8.5e-12
0.9978153516412630,0.0,0.0037146327458918,0.0000000000000000,-0.0019515901960155,0.0000000000000000,10.8812424666806038,3.0000840079597229,-490.501756,0.965833,489.5359227433933,-471.7427394410042,0,1.3e-11
0.9978154824623652,0.0,0.0037145589306633,0.0000000000000000,-0.0019522015009917,0.0000000000000000,10.8813745086745666,3.0000840070699222,-488.527913,0.968968,487.5589449906764,-471.3678086983273,0,1.8e-11
0.9978156165467179,0.0,0.0037144829493993,0.0000000000000000,-0.0019528285472164,0.0000000000000000,10.8815094350108286,3.0000840061636134,-486.497314,0.972234,485.5250802139266,-470.9892587309296,0,2.4e-11
0.9978157539950272,0.0,0.0037144047184349,0.0000000000000000,-0.0019534718461857,0.0000000000000000,10.8816473133419276,3.0000840052405855,-484.407824,0.975639,483.4321852750972,-470.6072598367755,0,3.1e-11
0.9978158949125030,0.0,0.0037143241495344,0.0000000000000000,-0.0019541319335526,0.0000000000000000,10.8817882132716974,3.0000840043006303,-482.257194,0.979191,481.2780024281147,-470.2220024683920,0,7.0e-12
0.9978160394091311,0.0,0.0037142411495655,0.0000000000000000,-0.0019548093706637,0.0000000000000000,10.8819322064453221,3.0000840033435461,-480.043050,0.982899,479.0601513866109,-469.8336997183942,0,9.0e-12
0.9978161876000636,0.0,0.0037141556200865,0.0000000000000000,-0.0019555047466789,0.0000000000000000,10.8820793666437545,3.0000840023691402,-477.762890,0.986771,476.7761189603449,-469.4425883958611,0,1.1e-11
0.9978163396059583,0.0,0.0037140674569434,0.0000000000000000,-0.0019562186804859,0.0000000000000000,10.8822297698888111,3.0000840013772270,-475.414067,0.990818,474.4232491916756,-469.0489318256296,0,1.6e-11
0.9978164955533984,0.0,0.0037139765497962,0.0000000000000000,-0.0019569518230249,0.0000000000000000,10.8823834945557234,3.0000840003676323,-472.993783,0.995051,471.9987316501835,-468.6530221462017,0,1.7e-11
0.9978166555753454,0.0,0.0037138827816039,0.0000000000000000,-0.0019577048598063,0.0000000000000000,10.8825406214961085,3.0000839993401929,-470.499070,0.999482,469.4995887254658,-468.2551830524608,0,2.1e-11
0.9978168198116435,0.0,0.0037137860280480,0.0000000000000000,-0.0019584785137171,0.0000000000000000,10.8827012341720692,3.0000839982947576,-467.926784,1.004122,466.9226614039372,-467.8557727638690,0,2.5e-11
0.9978169884095861,0.0,0.0037136861568875,0.0000000000000000,-0.0019592735481711,0.0000000000000000,10.8828654188029077,3.0000839972311932,-465.273581,1.008987,464.2645933735012,-467.4551872473530,0,5.6e-12
0.9978171615245089,0.0,0.0037135830272615,0.0000000000000000,-0.0019600907704414,0.0000000000000000,10.8830332645274286,3.0000839961493826,-462.535906,1.014092,461.5218139097035,-467.0538644977933,0,9.6e-12
0.9978173393205299,0.0,0.0037134764888625,0.0000000000000000,-0.0019609310357483,0.0000000000000000,10.8832048635803158,3.0000839950492284,-459.709969,1.019452,458.6905174080368,-466.6522878656833,0,1.1e-11
0.9978175219713032,0.0,0.0037133663810504,0.0000000000000000,-0.0019617952514972,0.0000000000000000,10.8833803114896757,3.0000839939306574,-456.791728,1.025086,455.7666417107986,-466.2509913293470,0,1.2e-11
0.9978177096609036,0.0,0.0037132525318355,0.0000000000000000,-0.0019626843822077,0.0000000000000000,10.8835597072950687,3.0000839927936225,-453.776858,1.031015,452.7458430468424,-465.8505645423720,0,1.6e-11
0.9978179025848189,0.0,0.0037131347567288,0.0000000000000000,-0.0019635994550683,0.0000000000000000,10.8837431537903644,3.0000839916381059,-450.660726,1.037258,449.6234677926930,-465.4516587975086,0,1.6e-11
0.9978181009510723,0.0,0.0037130128574402,0.0000000000000000,-0.0019645415662105,0.0000000000000000,10.8839307577954525,3.0000839904641254,-447.438363,1.043842,446.3945205429854,-465.0549937563046,0,2.1e-11
0.9978183049815003,0.0,0.0037128866203938,0.0000000000000000,-0.0019655118878648,0.0000000000000000,10.8841226304610466,3.0000839892717375,-444.104420,1.050792,443.0536276394489,-464.6613650233485,0,2.7e-11
0.9978185149132204,0.0,0.0037127558150232,0.0000000000000000,-0.0019665116765739,0.0000000000000000,10.8843188876119115,3.0000839880610441,-440.653133,1.058138,439.5949953644646,-464.2716527181910,0,9.0e-12
0.9978187310002680,0.0,0.0037126201918445,0.0000000000000000,-0.0019675422823967,0.0000000000000000,10.8845196501370278,3.0000839868321982,-437.078274,1.065912,436.0123627800848,-463.8868319485919,0,8.2e-12
0.9978189535155705,0.0,0.0037124794801758,0.0000000000000000,-0.0019686051599379,0.0000000000000000,10.8847250444298016,3.0000839855854138,-433.373096,1.074151,432.2989457883813,-463.5079835595825,0,1.1e-11
0.9978191827531447,0.0,0.0037123333855481,0.0000000000000000,-0.0019697018807078,0.0000000000000000,10.8849352028944537,3.0000839843209715,-429.530269,1.082895,428.4473737773404,-463.1363077343558,0,1.3e-11
0.9978194190306966,0.0,0.0037121815866629,0.0000000000000000,-0.0019708341477086,0.0000000000000000,10.8851502645255493,3.0000839830392314,-425.541807,1.092191,424.4496151790556,-462.7731393119466,0,1.4e-11
0.9978196626926498,0.0,0.0037120237318327,0.0000000000000000,-0.0019720038124586,0.0000000000000000,10.8853703755772244,3.0000839817406466,-421.398981,1.102091,420.2968904484205,-462.4199656880228,0,1.6e-11
0.9978199141137115,0.0,0.0037118594347886,0.0000000000000000,-0.0019732128950310,0.0000000000000000,10.8855956903397448,3.0000839804257753,-417.092221,1.112652,415.9795695718541,-462.0784478771675,0,1.5e-11
0.9978201737030903,0.0,0.0037116882697081,0.0000000000000000,-0.0019744636077833,0.0000000000000000,10.8858263720458481,3.0000839790952982,-412.610992,1.123941,411.4870506487176,-461.7504453908332,0,8.8e-12
0.9978204419095282,0.0,0.0037115097652766,0.0000000000000000,-0.0019757583836792,0.0000000000000000,10.8860625939348008,3.0000839777500459,-407.943649,1.136034,406.8076149050176,-461.4380457883817,0,2.3e-11
0.9978207192272913,0.0,0.0037113233975816,0.0000000000000000,-0.0019770999100575,0.0000000000000000,10.8863045405120680,3.0000839763910161,-403.077273,1.149019,401.9282534296872,-461.1436006763543,0,1.1e-11
0.9978210062035379,0.0,0.0037111285814198,0.0000000000000000,-0.0019784911701023,0.0000000000000000,10.8865524090430537,3.0000839750194106,-397.997452,1.162997,396.8344550386267,-460.8697675517033,0,8.0e-12
0.9978213034471536,0.0,0.0037109246597711,0.0000000000000000,-0.0019799354927242,0.0000000000000000,10.8868064113511096,3.0000839736366740,-392.688034,1.178084,391.5099499403670,-460.6195629416761,0,2.3e-11
0.9978216116396934,0.0,0.0037107108907777,0.0000000000000000,-0.0019814366143173,0.0000000000000000,10.8870667759867690,3.0000839722445396,-387.130812,1.194419,385.9363926337400,-460.3964266343974,0,1.6e-11
0.9978219315490264,0.0,0.0037104864314856,0.0000000000000000,-0.0019829987558072,0.0000000000000000,10.8873337508693648,3.0000839708450933,-381.305130,1.212164,380.0929661356299,-460.2043011291826,0,9.6e-12
0.9978222640464077,0.0,0.0037102503174147,0.0000000000000000,-0.0019846267191901,0.0000000000000000,10.8876076065398841,3.0000839694408481,-375.187397,1.231512,373.9558851540415,-460.0477325087559,0,2.3e-11
0.9978226101282067,0.0,0.0037100014364961,0.0000000000000000,-0.0019863260105004,0.0000000000000000,10.8878886402000905,3.0000839680348474,-368.750458,1.252695,367.4977626485203,-459.9319985542825,0,1.5e-11
0.9978229709439868,0.0,0.0037097384953229,0.0000000000000000,-0.0019881029988337,0.0000000000000000,10.8881771807792429,3.0000839666307924,-361.962787,1.275997,360.6867900534635,-459.8632735455612,0,9.6e-12
0.9978233478331594,0.0,0.0037094599749161,0.0000000000000000,-0.0019899651242165,0.0000000000000000,10.8884735953739646,3.0000839652332187,-354.787426,1.301762,353.4856636963617,-459.8488452560414,0,1.0e-11
0.9978237423737997,0.0,0.0037091640716250,0.0000000000000000,-0.0019919211747458,0.0000000000000000,10.8887782975275123,3.0000839638477284,-347.180576,1.330424,345.8501514865063,-459.8974040609464,0,2.5e-11
0.9978241564487856,0.0,0.0037088486167194,0.0000000000000000,-0.0019939816626134,0.0000000000000000,10.8890917580281457,3.0000839624813160,-339.089673,1.362529,337.7271444567584,-460.0194368707889,0,2.2e-11
0.9978245923375862,0.0,0.0037085109643913,0.0000000000000000,-0.0019961593466065,0.0000000000000000,10.8894145191933447,3.0000839611428285,-330.450725,1.398780,329.0519448732701,-460.2277741351063,0,2.7e-11
0.9978250528463073,0.0,0.0037081478321557,0.0000000000000000,-0.0019984699738465,0.0000000000000000,10.8897472141083487,3.0000839598436264,-321.184508,1.440102,319.7444058228290,-460.5383736948643,0,2.6e-11
0.9978255414979890,0.0,0.0037077550661346,0.0000000000000000,-0.0020009333670468,0.0000000000000000,10.8900905929516689,3.0000839585985846,-311.191000,1.487741,309.7032592572065,-460.9714722901190,0,1.2e-11
0.9978260628200650,0.0,0.0037073272841667,0.0000000000000000,-0.0020035750705971,0.0000000000000000,10.8904455597280716,3.0000839574276381,-300.340925,1.543424,298.7975015187014,-461.5533427906266,0,1.7e-11
0.9978266227967378,0.0,0.0037068573100616,0.0000000000000000,-0.0020064289475166,0.0000000000000000,10.8908132244460649,3.0000839563582944,-288.462389,1.609635,286.8527546366693,-462.3190883109128,0,1.7e-11
0.9978272296162752,0.0,0.0037063352308668,0.0000000000000000,-0.0020095414823643,0.0000000000000000,10.8911949783829005,3.0000839554299312,-275.318677,1.690104,273.6285722057160,-463.3173204276682,0,2.1e-11
0.9978278949829099,0.0,0.0037057467247223,0.0000000000000000,-0.0020129793622382,0.0000000000000000,10.8915926030334269,3.0000839547016644,-260.569020,1.790767,258.7782530719857,-464.6185048652114,0,2.4e-11
0.9978286366047371,0.0,0.0037050698492989,0.0000000000000000,-0.0020168439174351,0.0000000000000000,10.8920084223593427,3.0000839542680047,-243.693615,1.921803,241.7718122806867,-466.3311132749077,0,2.7e-11
0.9978294834210779,0.0,0.0037042681847532,0.0000000000000000,-0.0020213016354436,0.0000000000000000,10.8924454755122717,3.0000839542937681,-223.834529,2.102609,221.7319198597864,-468.6364442393351,0,2.4e-11
0.9978304882643357,0.0,0.0037032738622661,0.0000000000000000,-0.0020266586446637,0.0000000000000000,10.8929074489963220,3.0000839551052958,-199.405596,2.376443,197.0291536857206,-471.8759444953721,0,2.6e-11
0.9978317658403101,0.0,0.0037019350189241,0.0000000000000000,-0.0020335867208966,0.0000000000000000,10.8933962711788386,3.0000839574941933,-166.903559,2.868882,164.0346776595198,-476.8265554219233,0,2.2e-11
0.9978336569482606,0.0,0.0036997754320177,0.0000000000000000,-0.0020441212982674,0.0000000000000000,10.8938839907117231,3.0000839642729451,-115.678967,4.218546,111.4604209328394,-485.9969997926310,0,2.7e-11
0.9978372292101306,0.0,0.0036949266167183,0.0000000000000000,-0.0020652335240622,0.0000000000000000,10.8937759673974615,3.0000839911829615,24.539564,-20.873589,-3.6659752514220,-510.2287729279718,0,2.7e-11
0.9978386908845578,0.0,0.0036925337303503,0.0000000000000000,-0.0020745178662276,0.0000000000000000,10.8931801072779901,3.0000840097257608,66.843159,-7.857743,-58.9854163973079,-523.2363425405479,0,2.8e-11
0.9978394966493984,0.0,0.0036910716170807,0.0000000000000000,-0.0020798620903147,0.0000000000000000,10.8926573529579240,3.0000840225916310,97.753249,-5.455796,-92.2974532431076,-531.3217947215280,0,2.3e-11
0.9978400873865955,0.0,0.0036899201290612,0.0000000000000000,-0.0020839059864340,0.0000000000000000,10.8921656274946788,3.0000840334976075,122.669673,-4.399696,-118.2699766730354,-537.7093185413569,0,2.2e-11
0.9978405640553791,0.0,0.0036889336174473,0.0000000000000000,-0.0020872597856524,0.0000000000000000,10.8916904346312045,3.0000840433615381,144.119730,-3.782764,-140.3369657249085,-543.1708924417508,0,1.9e-11
0.9978409682262874,0.0,0.0036880511696693,0.0000000000000000,-0.0020901762366110,0.0000000000000000,10.8912245456957244,3.0000840525786043,163.299915,-3.368237,-159.9316784018654,-548.0327404011696,0,1.6e-11
0.9978413214725037,0.0,0.0036872407858952,0.0000000000000000,-0.0020927871168372,0.0000000000000000,10.8907636861029928,3.0000840613610333,180.871324,-3.065535,-177.8057889575232,-552.4673377153285,0,1.6e-11
0.9978416365638365,0.0,0.0036864833210607,0.0000000000000000,-0.0020951707494861,0.0000000000000000,10.8903050501799363,3.0000840698381968,197.240246,-2.831969,-194.4082774536890,-556.5782232397505,0,2.8e-11
0.9978419217387173,0.0,0.0036857662992466,0.0000000000000000,-0.0020973778604250,0.0000000000000000,10.8898466578534094,3.0000840780958584,212.675772,-2.644556,-210.0312162550313,-560.4329122124836,0,1.5e-11
0.9978421826464349,0.0,0.0036850810798671,0.0000000000000000,-0.0020994433679664,0.0000000000000000,10.8893870334768881,3.0000840861944154,227.366218,-2.489719,-224.8764985689782,-564.0780663171245,0,2.4e-11
0.9978424233411572,0.0,0.0036844213979688,0.0000000000000000,-0.0021013924315490,0.0000000000000000,10.8889250288892239,3.0000840941784048,241.449056,-2.358872,-239.0901846748767,-567.5473492662022,0,1.9e-11
0.9978426468366023,0.0,0.0036837825450742,0.0000000000000000,-0.0021032438342394,0.0000000000000000,10.8884597185809646,3.0000841020818942,255.028049,-2.246286,-252.7817636981339,-570.8658546648912,0,1.9e-11
0.9978428554366238,0.0,0.0036831608785594,0.0000000000000000,-0.0021050120025042,0.0000000000000000,10.8879903339647743,3.0000841099317341,268.183662,-2.147979,-266.0356837223590,-574.0527689964511,0,2.1e-11
0.9978430509428431,0.0,0.0036825535121214,0.0000000000000000,-0.0021067082769517,0.0000000000000000,10.8875162202678126,3.0000841177496338,280.979707,-2.061085,-278.9186223172370,-577.1230576290400,0,2.6e-11
0.9978432347907127,0.0,0.0036819581121333,0.0000000000000000,-0.0021083417463286,0.0000000000000000,10.8870368071902988,3.0000841255535282,293.467752,-1.983484,-291.4842677321894,-580.0885773190384,0,1.2e-11
0.9978434081418860,0.0,0.0036813727588568,0.0000000000000000,-0.0021099198145472,0.0000000000000000,10.8865515883076025,3.0000841333585200,305.690144,-1.913568,-303.7765757208284,-582.9588362262148,0,1.8e-11
0.9978435719487957,0.0,0.0036807958491256,0.0000000000000000,-0.0021114485975547,0.0000000000000000,10.8860601062164548,3.0000841411775445,317.682145,-1.850093,-315.8320524025410,-585.7415287170516,0,9.7e-12
0.9978437270010089,0.0,0.0036802260262191,0.0000000000000000,-0.0021129332086381,0.0000000000000000,10.8855619415853653,3.0000841490218497,329.473479,-1.792080,-327.6813983556803,-588.4429203483378,0,1.7e-11
0.9978438739591911,0.0,0.0036796621283723,0.0000000000000000,-0.0021143779676341,0.0000000000000000,10.8850567049091378,3.0000841569013486,341.089462,-1.738747,-339.3507153902938,-591.0681319085706,0,8.6e-12
0.9978440133805256,0.0,0.0036791031500847,0.0000000000000000,-0.0021157865577464,0.0000000000000000,10.8845440301980716,3.0000841648248899,352.551870,-1.689457,-350.8624127510600,-593.6213519311641,0,1.8e-11
0.9978441457380172,0.0,0.0036785482127025,0.0000000000000000,-0.0021171621446878,0.0000000000000000,10.8840235700612151,3.0000841728004608,363.879588,-1.643692,-362.2358958692402,-596.1059992481605,0,9.7e-12
0.9978442714354145,0.0,0.0036779965415651,0.0000000000000000,-0.0021185074689586,0.0000000000000000,10.8834949918288206,3.0000841808353487,375.089120,-1.601019,-373.4881008998051,-598.5248481775052,0,2.1e-11
0.9978443908188688,0.0,0.0036774474481592,0.0000000000000000,-0.0021198249179191,0.0000000000000000,10.8829579744448459,3.0000841889362628,386.194989,-1.561077,-384.6339120739172,-600.8801270194817,0,1.2e-11
0.9978445041861835,0.0,0.0036769003158573,0.0000000000000000,-0.0021211165831370,0.0000000000000000,10.8824122059550827,3.0000841971094387,397.210055,-1.523561,-395.6864946411833,-603.1735953988100,0,2.8e-11
0.9978446117942000,0.0,0.0036763545885707,0.0000000000000000,-0.0021223843061073,0.0000000000000000,10.8818573814436306,3.0000842053607157,408.145770,-1.488210,-406.6575598055820,-605.4066068936518,0,1.3e-11
0.9978447138647952,0.0,0.0036758097614286,0.0000000000000000,-0.0021236297155444,0.0000000000000000,10.8812932013302728,3.0000842136956054,419.012384,-1.454802,-417.5575817592870,-607.5801584811561,0,2.5e-11
0.9978448105897506,0.0,0.0036752653732733,0.0000000000000000,-0.0021248542575603,0.0000000000000000,10.8807193699396461,3.0000842221193418,429.819118,-1.423145,-428.3959725154799,-609.6949318573315,0,1.7e-11
0.9978449021347757,0.0,0.0036747210003640,0.0000000000000000,-0.0021260592207437,0.0000000000000000,10.8801355942980873,3.0000842306369315,440.574299,-1.393071,-439.1812280504358,-611.7513261262793,0,1.1e-11
0.9978449886428434,0.0,0.0036741762511768,0.0000000000000000,-0.0021272457569184,0.0000000000000000,10.8795415831048494,3.0000842392531868,451.285483,-1.364435,-449.9210488355702,-613.7494851508964,0,1.9e-11
0.9978450702369627,0.0,0.0036736307620770,0.0000000000000000,-0.0021284148984064,0.0000000000000000,10.8789370458460795,3.0000842479727607,461.959547,-1.337107,-460.6224400583522,-615.6893201790954,0,2.3e-11
0.9978451470225195,0.0,0.0036730841936218,0.0000000000000000,-0.0021295675726674,0.0000000000000000,10.8783216920278534,3.0000842568001707,472.602772,-1.310975,-471.2917968016305,-617.5705284278083,0,2.5e-11
0.9978452190892553,0.0,0.0036725362274404,0.0000000000000000,-0.0021307046146585,0.0000000000000000,10.8776952305033117,3.0000842657398255,483.220915,-1.285939,-481.9349757691504,-619.3926083955157,0,2.6e-11
0.9978452865129451,0.0,0.0036719865635678,0.0000000000000000,-0.0021318267773501,0.0000000000000000,10.8770573688785976,3.0000842747960395,493.819265,-1.261909,-492.5573563288683,-621.1548726623732,0,2.7e-11
0.9978453493568358,0.0,0.0036714349181532,0.0000000000000000,-0.0021329347407417,0.0000000000000000,10.8764078129838424,3.0000842839730559,504.402698,-1.238805,-503.1638927638676,-622.8564583844563,0,2.6e-11
0.9978454076728761,0.0,0.0036708810214816,0.0000000000000000,-0.0021340291196031,0.0000000000000000,10.8757462663981830,3.0000842932750587,514.975714,-1.216555,-513.7591590808136,-624.4963362319395,0,2.3e-11
0.9978454615027853,0.0,0.0036703246162543,0.0000000000000000,-0.0021351104701921,0.0000000000000000,10.8750724300199462,3.0000843027061852,525.542483,-1.195095,-524.3473877474498,-626.0733174790803,0,2.1e-11
0.9978455108789717,0.0,0.0036697654560910,0.0000000000000000,-0.0021361792960629,0.0000000000000000,10.8743860016745639,3.0000843122705385,536.106870,-1.174367,-534.9325032441612,-627.5860599167354,0,2.1e-11
0.9978455558253373,0.0,0.0036692033042138,0.0000000000000000,-0.0021372360531514,0.0000000000000000,10.8736866757542057,3.0000843219721984,546.672468,-1.154317,-545.5181511967543,-629.0330725356762,0,1.9e-11
0.9978455963579776,0.0,0.0036686379322908,0.0000000000000000,-0.0021382811542161,0.0000000000000000,10.8729741428841145,3.0000843318152302,557.242620,-1.134897,-556.1077238255676,-630.4127194402972,0,1.6e-11
0.9978456324857964,0.0,0.0036680691194118,0.0000000000000000,-0.0021393149727459,0.0000000000000000,10.8722480896113805,3.0000843418036913,567.820445,-1.116063,-566.7043821368468,-631.7232228254434,0,1.7e-11
0.9978456642110445,0.0,0.0036674966511787,0.0000000000000000,-0.0021403378464079,0.0000000000000000,10.8715081981127497,3.0000843519416414,578.408850,-1.097775,-577.3110755329113,-632.9626650141727,0,1.5e-11
0.9978456915297998,0.0,0.0036669203188916,0.0000000000000000,-0.0021413500801081,0.0000000000000000,10.8707541459183954,3.0000843622331468,589.010555,-1.079996,-587.9305589410385,-634.1289902202552,0,1.3e-11
0.9978457144323856,0.0,0.0036663399188249,0.0000000000000000,-0.0021423519486887,0.0000000000000000,10.8699856056490898,3.0000843726822883,599.628100,-1.062692,-598.5654079085175,-635.2200055925641,0,1.5e-11
0.9978457329037473,0.0,0.0036657552515703,0.0000000000000000,-0.0021433436993567,0.0000000000000000,10.8692022447648000,3.0000843832931663,610.263864,-1.045832,-609.2180320243430,-636.2333816655446,0,1.1e-11
0.9978457469237900,0.0,0.0036651661214423,0.0000000000000000,-0.0021443255538627,0.0000000000000000,10.8684037253228052,3.0000843940699036,620.920073,-1.029386,-619.8906867989206,-637.1666523098829,0,1.3e-11
0.9978457564676707,0.0,0.0036645723359477,0.0000000000000000,-0.0021452977104127,0.0000000000000000,10.8675897037435050,3.0000844050166569,631.598813,-1.013329,-630.5854840404454,-638.0172145280521,0,8.2e-12
0.9978457615060722,0.0,0.0036639737052900,0.0000000000000000,-0.0021462603454481,0.0000000000000000,10.8667598305830406,3.0000844161376117,642.302035,-0.997634,-641.3044012025608,-638.7823280235461,0,9.3e-12
0.9978457620054401,0.0,0.0036633700419260,0.0000000000000000,-0.0021472136152077,0.0000000000000000,10.8659137503110408,3.0000844274369953,653.031569,-0.982279,-652.0492896596618,-639.4591135412047,0,8.3e-12
0.9978457579282020,0.0,0.0036627611601522,0.0000000000000000,-0.0021481576571698,0.0000000000000000,10.8650511010928277,3.0000844389190755,663.789124,-0.967242,-662.8218819851473,-640.0445522304508,0,7.1e-12
0.9978457492329643,0.0,0.0036621468757257,0.0000000000000000,-0.0021490925913578,0.0000000000000000,10.8641715145749576,3.0000844505881656,674.576301,-0.952502,-673.6237985271873,-640.5354835040343,0,9.6e-12
0.9978457358746906,0.0,0.0036615270055121,0.0000000000000000,-0.0021500185215285,0.0000000000000000,10.8632746156734079,3.0000844624486285,685.394595,-0.938042,-684.4565531202894,-640.9286035846453,0,6.6e-12
0.9978457178048655,0.0,0.0036609013671578,0.0000000000000000,-0.0021509355362686,0.0000000000000000,10.8623600223636529,3.0000844745048809,696.245400,-0.923842,-695.3215582898641,-641.2204630007327,0,5.8e-12
0.9978456949716431,0.0,0.0036602697787842,0.0000000000000000,-0.0021518437099938,0.0000000000000000,10.8614273454720145,3.0000844867613927,707.130015,-0.909886,-706.2201297267223,-641.4074647152156,0,6.0e-12
0.9978456673199851,0.0,0.0036596320586997,0.0000000000000000,-0.0021527431038808,0.0000000000000000,10.8604761884677341,3.0000844992226954,718.049648,-0.896158,-717.1534903582528,-641.4858611200179,0,3.6e-12
0.9978456347917881,0.0,0.0036589880251277,0.0000000000000000,-0.0021536337667297,0.0000000000000000,10.8595061472552761,3.0000845118933799,729.005417,-0.882643,-728.1227738751584,-641.4517517475761,0,3.7e-12
0.9978455973260000,0.0,0.0036583374959506,0.0000000000000000,-0.0021545157357604,0.0000000000000000,10.8585168099663445,3.0000845247781047,739.998356,-0.869328,-739.1290278494686,-641.3010799832409,0,8.7e-12
0.9978455548587315,0.0,0.0036576802884641,0.0000000000000000,-0.0021553890373688,0.0000000000000000,10.8575077567513052,3.0000845378815932,751.029414,-0.856198,-750.1732164583872,-641.0296303097275,0,4.9e-12
0.9978455073233589,0.0,0.0036570162191430,0.0000000000000000,-0.0021562536878303,0.0000000000000000,10.8564785595695437,3.0000845512086411,762.099463,-0.843240,-761.2562229038170,-640.6330246318830,0,3.9e-12
0.9978454546506219,0.0,0.0036563451034219,0.0000000000000000,-0.0021571096939619,0.0000000000000000,10.8554287819783699,3.0000845647641161,773.209295,-0.830444,-772.3788513133875,-640.1067195580690,0,2.8e-11
0.9978453967687150,0.0,0.0036556667554561,0.0000000000000000,-0.0021579570537823,0.0000000000000000,10.8543579789208842,3.0000845785529613,784.359625,-0.817796,-783.5418289573438,-639.4460013174103,0,2.5e-11
0.9978453336033770,0.0,0.0036549809879459,0.0000000000000000,-0.0021587957570703,0.0000000000000000,10.8532656965102259,3.0000845925801984,795.551093,-0.805286,-794.7458070370939,-638.6459840575699,0,2.4e-11
0.9978452650779779,0.0,0.0036542876119069,0.0000000000000000,-0.0021596257859854,0.0000000000000000,10.8521514718135776,3.0000846068509306,806.784265,-0.792903,-805.9913624539614,-637.7016043937183,0,1.9e-11
0.9978451911135996,0.0,0.0036535864364771,0.0000000000000000,-0.0021604471156148,0.0000000000000000,10.8510148326324671,3.0000846213703420,818.059636,-0.780637,-817.2789985798491,-636.6076183516416,0,1.7e-11
0.9978451116291189,0.0,0.0036528772687197,0.0000000000000000,-0.0021612597145241,0.0000000000000000,10.8498552972805964,3.0000846361437055,829.377624,-0.768478,-828.6091461701210,-635.3585963795194,0,2.2e-11
0.9978450265412866,0.0,0.0036521599134292,0.0000000000000000,-0.0021620635452876,0.0000000000000000,10.8486723743587206,3.0000846511763792,840.738581,-0.756417,-839.9821638919949,-633.9489195087808,0,1.4e-11
0.9978449357648068,0.0,0.0036514341729405,0.0000000000000000,-0.0021628585650127,0.0000000000000000,10.8474655625262972,3.0000846664738141,852.142783,-0.744444,-851.3983386971584,-632.3727750486578,0,9.5e-12
0.9978448392124170,0.0,0.0036506998469370,0.0000000000000000,-0.0021636447258625,0.0000000000000000,10.8462343502697944,3.0000846820415519,863.590437,-0.732551,-862.8578860842554,-630.6241519090254,0,6.7e-12
0.9978447367949685,0.0,0.0036499567322599,0.0000000000000000,-0.0021644219755760,0.0000000000000000,10.8449782156673855,3.0000846978852334,875.081679,-0.720729,-874.3609502161852,-628.6968356288271,0,6.0e-12
0.9978446284215075,0.0,0.0036492046227196,0.0000000000000000,-0.0021651902579784,0.0000000000000000,10.8436966261498231,3.0000847140105926,886.616574,-0.708970,-885.9076037290710,-626.5844041059026,0,6.8e-12
0.9978445139993565,0.0,0.0036484433089037,0.0000000000000000,-0.0021659495135027,0.0000000000000000,10.8423890382573820,3.0000847304234681,898.195113,-0.697265,-897.4978475794029,-624.2802221819875,0,1.0e-11
0.9978443934342021,0.0,0.0036476725779872,0.0000000000000000,-0.0021666996797171,0.0000000000000000,10.8410548973925849,3.0000847471297996,909.817218,-0.685607,-909.1316105274759,-621.7774373635184,0,2.1e-11
0.9978442666301787,0.0,0.0036468922135243,0.0000000000000000,-0.0021674406918676,0.0000000000000000,10.8396936375689670,3.0000847641356305,921.482738,-0.673989,-920.8087489558211,-619.0689733264153,0,1.2e-11
0.9978441334899660,0.0,0.0036461019952735,0.0000000000000000,-0.0021681724834130,0.0000000000000000,10.8383046811543409,3.0000847814471152,933.191447,-0.662402,-932.5290457877429,-616.1475265014451,0,9.1e-12
0.9978439939148792,0.0,0.0036453016989845,0.0000000000000000,-0.0021688949865852,0.0000000000000000,10.8368874386106331,3.0000847990705153,944.943049,-0.650839,-944.2922099557608,-613.0055597265600,0,2.0e-11
0.9978438478049677,0.0,0.0036444910961798,0.0000000000000000,-0.0021696081329900,0.0000000000000000,10.8354413082284591,3.0000848170122061,956.737169,-0.639293,-956.0978758192895,-609.6352957244962,0,7.6e-12
0.9978436950591246,0.0,0.0036436699539806,0.0000000000000000,-0.0021703118541656,0.0000000000000000,10.8339656758555911,3.0000848352786789,968.573358,-0.627757,-967.9456014746361,-606.0287145734183,0,1.3e-11
0.9978435355751912,0.0,0.0036428380348632,0.0000000000000000,-0.0021710060822295,0.0000000000000000,10.8324599146221825,3.0000848538765403,980.451092,-0.616224,-979.8348682933943,-602.1775452540023,0,1.8e-11
0.9978433692500781,0.0,0.0036419950964474,0.0000000000000000,-0.0021716907505303,0.0000000000000000,10.8309233846592115,3.0000848728125202,992.369767,-0.604687,-991.7650795252973,-598.0732609980041,0,2.2e-11
0.9978431959798828,0.0,0.0036411408912818,0.0000000000000000,-0.0021723657942844,0.0000000000000000,10.8293554328116386,3.0000848920934686,1004.328698,-0.593140,-1003.7355588207729,-593.7070742187789,0,5.1e-12
0.9978430156600232,0.0,0.0036402751665870,0.0000000000000000,-0.0021730311513299,0.0000000000000000,10.8277553923465586,3.0000849117263613,1016.327124,-0.581574,-1015.7455492588534,-589.0699287977186,0,6.6e-12
0.9978428281853774,0.0,0.0036393976640442,0.0000000000000000,-0.0021736867628264,0.0000000000000000,10.8261225826541629,3.0000849317183036,1028.364197,-0.569985,-1027.7942113709223,-584.1524962721160,0,5.9e-12
0.9978426334504280,0.0,0.0036385081195316,0.0000000000000000,-0.0021743325740462,0.0000000000000000,10.8244563089440131,3.0000849520765298,1040.438987,-0.558365,-1039.8806218270065,-578.9451686361572,0,8.0e-12
0.9978424313494223,0.0,0.0036376062628694,0.0000000000000000,-0.0021749685351993,0.0000000000000000,10.8227558619343860,3.0000849728084069,1052.550480,-0.546708,-1052.0037717254447,-573.4380525175948,0,8.1e-12
0.9978422217765375,0.0,0.0036366918175554,0.0000000000000000,-0.0021755946022900,0.0000000000000000,10.8210205175353238,3.0000849939214387,1064.697572,-0.535007,-1064.1625647775818,-567.6209631707752,0,9.3e-12
0.9978420046260605,0.0,0.0036357645004886,0.0000000000000000,-0.0021762107380291,0.0000000000000000,10.8192495365251133,3.0000850154232670,1076.879071,-0.523256,-1076.3558154601706,-561.4834183871280,0,1.1e-11
0.9978417797925799,0.0,0.0036348240216807,0.0000000000000000,-0.0021768169128072,0.0000000000000000,10.8174421642200009,3.0000850373216759,1089.093695,-0.511448,-1088.5822471082288,-555.0146321016364,0,1.6e-11
0.9978415471711891,0.0,0.0036338700839578,0.0000000000000000,-0.0021774131057127,0.0000000000000000,10.8155976301369208,3.0000850596245918,1101.340066,-0.499576,-1100.8404898150657,-548.2035085262032,0,1.5e-11
0.9978413066577065,0.0,0.0036329023826478,0.0000000000000000,-0.0021779993056228,0.0000000000000000,10.8137151476490825,3.0000850823400893,1113.616714,-0.487635,-1113.1290784068003,-541.0386354838265,0,1.6e-11
0.9978410581489092,0.0,0.0036319206052550,0.0000000000000000,-0.0021785755123568,0.0000000000000000,10.8117939136341654,3.0000851054763906,1125.922068,-0.475618,-1125.4464501603768,-533.5082785029663,0,1.7e-11
0.9978408015427835,0.0,0.0036309244311200,0.0000000000000000,-0.0021791417378994,0.0000000000000000,10.8098331081149670,3.0000851290418731,1138.254460,-0.463517,-1137.7909425628718,-525.6003744995687,0,1.8e-11
0.9978405367387948,0.0,0.0036299135310630,0.0000000000000000,-0.0021796980077127,0.0000000000000000,10.8078318938922564,3.0000851530450672,1150.612118,-0.451327,-1150.1607909544689,-517.3025254051900,0,1.9e-11
0.9978402636381741,0.0,0.0036288875670123,0.0000000000000000,-0.0021802443621200,0.0000000000000000,10.8057894161696204,3.0000851774946629,1162.993167,-0.439041,-1162.5541260483330,-508.6019921974512,0,2.0e-11
0.9978399867133412,0.0,0.0036278629717941,0.0000000000000000,-0.0021807723536373,0.0000000000000000,10.8037384822955254,3.0000852019975217,1175.197086,-0.426852,-1174.7702343858250,-499.6348474171245,0,2.2e-11
0.9978397073685163,0.0,0.0036268441099382,0.0000000000000000,-0.0021812805691903,0.0000000000000000,10.8016882601384037,3.0000852264451434,1187.174571,-0.414804,-1186.7597670214591,-490.4445585131180,0,2.3e-11
0.9978394257740367,0.0,0.0036258307246183,0.0000000000000000,-0.0021817700462703,0.0000000000000000,10.7996387157719731,3.0000852508392115,1198.932255,-0.402888,-1198.5293666566772,-481.0357326379744,0,2.2e-11
0.9978391420914676,0.0,0.0036248225728382,0.0000000000000000,-0.0021822417675679,0.0000000000000000,10.7975898174114882,3.0000852751813119,1210.476420,-0.391096,-1210.0853239967601,-471.4128096449422,0,2.3e-11
0.9978388564742944,0.0,0.0036238194243497,0.0000000000000000,-0.0021826966652781,0.0000000000000000,10.7955415352319051,3.0000852994729419,1221.813024,-0.379420,-1221.4336042701689,-461.5800729340408,0,2.4e-11
0.9978385690685460,0.0,0.0036228210606773,0.0000000000000000,-0.0021831356249816,0.0000000000000000,10.7934938412049455,3.0000853237155174,1232.947723,-0.367851,-1232.5798712887806,-451.5416587983491,0,2.6e-11
0.9978382800133587,0.0,0.0036218272742369,0.0000000000000000,-0.0021835594891495,0.0000000000000000,10.7914467089527069,3.0000853479103777,1243.885894,-0.356384,-1243.5295091552521,-441.3015651066089,0,2.8e-11
0.9978379894414903,0.0,0.0036208378675345,0.0000000000000000,-0.0021839690603373,0.0000000000000000,10.7894001136159048,3.0000853720587921,1254.632654,-0.345012,-1254.2876419871272,-430.8636597369332,0,2.8e-11
0.9978376974797847,0.0,0.0036198526524387,0.0000000000000000,-0.0021843651040791,0.0000000000000000,10.7873540317349530,3.0000853961619636,1265.192881,-0.333729,-1264.8591519901511,-420.2316869864007,0,3.0e-11
0.9978374042495977,0.0,0.0036188714495191,0.0000000000000000,-0.0021847483515259,0.0000000000000000,10.7853084411424351,3.0000854202210361,1275.571225,-0.322529,-1275.2486956917037,-409.4092754797311,0,3.5e-11
0.9978371098671822,0.0,0.0036178940874427,0.0000000000000000,-0.0021851195018447,0.0000000000000000,10.7832633208656468,3.0000854442370963,1285.772127,-0.311408,-1285.4607189651929,-398.3999438057654,0,3.0e-11
0.9978368144440473,0.0,0.0036169204024239,0.0000000000000000,-0.0021854792244324,0.0000000000000000,10.7812186510381025,3.0000854682111782,1295.799831,-0.300361,-1295.4994706965531,-387.2071067247307,0,1.2e-11
0.9978365180872759,0.0,0.0036159502377027,0.0000000000000000,-0.0021858281609300,0.0000000000000000,10.7791744128193727,3.0000854921442670,1305.658398,-0.289382,-1305.3690155502447,-375.8340782787418,0,3.1e-12
0.9978362208998305,0.0,0.0036149834431071,0.0000000000000000,-0.0021861669270594,0.0000000000000000,10.7771305883210609,3.0000855160373008,1315.351714,-0.278469,-1315.0732450273554,-364.2840810299385,0,6.0e-12
0.9978359229808244,0.0,0.0036140198746069,0.0000000000000000,-0.0021864961143448,0.0000000000000000,10.7750871605404406,3.0000855398911774,1324.883505,-0.267616,-1324.6158884567621,-352.5602472744649,0,4.9e-12
0.9978356244257737,0.0,0.0036130593939279,0.0000000000000000,-0.0021868162916636,0.0000000000000000,10.7730441132990240,3.0000855637067514,1334.257344,-0.256821,-1334.0005226112862,-340.6656243909383,0,7.0e-12
0.9978353253268305,0.0,0.0036121018681834,0.0000000000000000,-0.0021871280067036,0.0000000000000000,10.7710014311865443,3.0000855874848420,1343.476661,-0.246080,-1343.2305808188355,-328.6031781772617,0,3.6e-11
0.9978350257730030,0.0,0.0036111471695590,0.0000000000000000,-0.0021874317872833,0.0000000000000000,10.7689590995091713,3.0000856112262304,1352.544751,-0.235390,-1352.3093609745201,-316.3757992709288,0,3.0e-11
0.9978347258503478,0.0,0.0036101951749751,0.0000000000000000,-0.0021877281426042,0.0000000000000000,10.7669171042428804,3.0000856349316689,1361.464782,-0.224748,-1361.2400337190265,-303.9863024613587,0,2.9e-11
0.9978344256421594,0.0,0.0036092457658201,0.0000000000000000,-0.0021880175643814,0.0000000000000000,10.7648754319893847,3.0000856586018720,1370.239800,-0.214150,-1370.0256492843723,-291.4374324943637,0,2.8e-11
0.9978341252291405,0.0,0.0036082988276790,0.0000000000000000,-0.0021883005279085,0.0000000000000000,10.7628340699362059,3.0000856822375317,1378.872739,-0.203595,-1378.6691441322278,-278.7318670162931,0,3.0e-11
0.9978338246895631,0.0,0.0036073542500864,0.0000000000000000,-0.0021885774930508,0.0000000000000000,10.7607930058196768,3.0000857058393064,1387.366427,-0.193080,-1387.1733471466819,-265.8722193334252,0,2.6e-11
0.9978335240994144,0.0,0.0036064119262988,0.0000000000000000,-0.0021888489051490,0.0000000000000000,10.7587522278907173,3.0000857294078318,1395.723587,-0.182601,-1395.5409854030956,-252.8610401654150,0,2.9e-11
0.9978332235325387,0.0,0.0036054717530783,0.0000000000000000,-0.0021891151958898,0.0000000000000000,10.7567117248832158,3.0000857529437175,1403.946848,-0.172158,-1403.7746894200648,-239.7008214498637,0,2.7e-11
0.9978329230607635,0.0,0.0036045336304959,0.0000000000000000,-0.0021893767840907,0.0000000000000000,10.7546714859846801,3.0000857764475493,1412.038746,-0.161748,-1411.8769981986309,-226.3939979549032,0,2.6e-11
0.9978326227540232,0.0,0.0036035974617433,0.0000000000000000,-0.0021896340764531,0.0000000000000000,10.7526315008090627,3.0000857999198907,1420.001732,-0.151368,-1419.8503638223540,-212.9429496770026,0,2.3e-11
0.9978323226804706,0.0,0.0036026631529598,0.0000000000000000,-0.0021898874682573,0.0000000000000000,10.7505917593714759,3.0000858233612862,1427.838173,-0.141017,-1427.6971558377052,-199.3500039315550,0,2.7e-11
0.9978320229065828,0.0,0.0036017306130705,0.0000000000000000,-0.0021901373440089,0.0000000000000000,10.7485522520646892,3.0000858467722566,1435.550359,-0.130694,-1435.4196652282812,-185.6174376911949,0,2.4e-11
0.9978317234972623,0.0,0.0036007997536318,0.0000000000000000,-0.0021903840780608,0.0000000000000000,10.7465129696372745,3.0000858701533080,1443.140504,-0.120395,-1443.0201083279071,-171.7474788696272,0,2.6e-11
0.9978314245159289,0.0,0.0035998704886903,0.0000000000000000,-0.0021906280351771,0.0000000000000000,10.7444739031731906,3.0000858935049255,1450.610751,-0.110121,-1450.5006302798790,-157.7423085791524,0,2.7e-11
0.9978311260246091,0.0,0.0035989427346464,0.0000000000000000,-0.0021908695710826,0.0000000000000000,10.7424350440727707,3.0000859168275782,1457.963177,-0.099868,-1457.8633084425812,-143.6040628836490,0,2.0e-11
0.9978308280840170,0.0,0.0035980164101305,0.0000000000000000,-0.0021911090329586,0.0000000000000000,10.7403963840349288,3.0000859401217190,1465.199792,-0.089636,-1465.1101555246451,-129.3348335868213,0,1.8e-11
0.9978305307536365,0.0,0.0035970914358803,0.0000000000000000,-0.0021913467599390,0.0000000000000000,10.7383579150405613,3.0000859633877850,1472.322546,-0.079423,-1472.2431225166365,-114.9366707366426,0,2.1e-11
0.9978302340917887,0.0,0.0035961677346338,0.0000000000000000,-0.0021915830835355,0.0000000000000000,10.7363196293369363,3.0000859866261997,1479.333330,-0.069228,-1479.2641014133508,-100.4115839384031,0,1.6e-11
0.9978299381557084,0.0,0.0035952452310190,0.0000000000000000,-0.0021918183280888,0.0000000000000000,10.7342815194231580,3.0000860098373701,1486.233978,-0.059050,-1486.1749279595197,-85.7615429873113,0,2.2e-11
0.9978296430016064,0.0,0.0035943238514558,0.0000000000000000,-0.0021920528111587,0.0000000000000000,10.7322435780364493,3.0000860330216934,1493.026270,-0.048886,-1492.9773840425664,-70.9884793767706,0,2.1e-11
0.9978293486847319,0.0,0.0035934035240630,0.0000000000000000,-0.0021922868439014,0.0000000000000000,10.7302057981392984,3.0000860561795513,1499.711937,-0.038737,-1499.6731999083208,-56.0942889407743,0,1.6e-11
0.9978290552594350,0.0,0.0035924841785661,0.0000000000000000,-0.0021925207314432,0.0000000000000000,10.7281681729073988,3.0000860793113140,1506.292657,-0.028601,-1506.2640565756860,-41.0808307798579,0,1.5e-11
0.9978287627792196,0.0,0.0035915657462150,0.0000000000000000,-0.0021927547732106,0.0000000000000000,10.7261306957182612,3.0000861024173404,1512.770064,-0.018476,-1512.7515877356198,-25.9499299568124,0,1.4e-11
0.9978284712968003,0.0,0.0035906481597024,0.0000000000000000,-0.0021929892632636,0.0000000000000000,10.7240933601405164,3.0000861254979783,1519.145744,-0.008362,-1519.1373817867286,-10.7033779968042,0,1.5e-11
0.9978281808641507,0.0,0.0035897313530885,0.0000000000000000,-0.0021932244905979,0.0000000000000000,10.7220561599238007,3.0000861485535659,1525.421242,0.001742,-1525.4229836483748,4.6570658867713,0,1.3e-11
0.9978278915325546,0.0,0.0035888152617277,0.0000000000000000,-0.0021934607394454,0.0000000000000000,10.7200190889892415,3.0000861715844289,1531.598059,0.011837,-1531.6098965504384,20.1296739305835,0,1.2e-11
0.9978276033526517,0.0,0.0035878998222001,0.0000000000000000,-0.0021936982895516,0.0000000000000000,10.7179821414204497,3.0000861945908848,1537.677659,0.021924,-1537.6995836888889,35.7127490474377,0,1.1e-11
0.9978273163744822,0.0,0.0035869849722457,0.0000000000000000,-0.0021939374164418,0.0000000000000000,10.7159453114549965,3.0000862175732430,1543.661465,0.032005,-1543.6934697739644,51.4046235405840,0,1.1e-11
0.9978270306475292,0.0,0.0035860706507024,0.0000000000000000,-0.0021941783916784,0.0000000000000000,10.7139085934763596,3.0000862405318012,1549.550864,0.042079,-1549.5929425827258,67.2036588308401,0,2.8e-11
0.9978267462207610,0.0,0.0035851567974444,0.0000000000000000,-0.0021944214831072,0.0000000000000000,10.7118719820062882,3.0000862634668506,1555.347206,0.052148,-1555.3993542551109,83.1082433734555,0,1.2e-11
0.9978264631426691,0.0,0.0035842433533273,0.0000000000000000,-0.0021946669550870,0.0000000000000000,10.7098354716975503,3.0000862863786733,1561.051810,0.062212,-1561.1140228359186,99.1167938048020,0,1.4e-11
0.9978261814613069,0.0,0.0035833302601316,0.0000000000000000,-0.0021949150687182,0.0000000000000000,10.7077990573270654,3.0000863092675449,1566.665960,0.072273,-1566.7382334354315,115.2277531446889,0,1.9e-11
0.9978259012243248,0.0,0.0035824174605122,0.0000000000000000,-0.0021951660820512,0.0000000000000000,10.7057627337893457,3.0000863321337321,1572.190909,0.082331,-1572.2732393465769,131.4395888983272,0,1.6e-11
0.9978256224790090,0.0,0.0035815048979444,0.0000000000000000,-0.0021954202503104,0.0000000000000000,10.7037264960903222,3.0000863549774945,1577.627877,0.092386,-1577.7202635101567,147.7507953539025,0,8.4e-12
0.9978253452723094,0.0,0.0035805925166818,0.0000000000000000,-0.0021956778260649,0.0000000000000000,10.7016903393413525,3.0000863777990863,1582.978060,0.102440,-1583.0804992635394,164.1598896877840,0,9.9e-12
0.9978250696508780,0.0,0.0035796802617040,0.0000000000000000,-0.0021959390594486,0.0000000000000000,10.6996542587536396,3.0000864005987524,1588.242619,0.112493,-1588.3551116339165,180.6654133650009,0,8.5e-12
0.9978247956610983,0.0,0.0035787680786750,0.0000000000000000,-0.0021962041983295,0.0000000000000000,10.6976182496328054,3.0000864233767341,1593.422693,0.122545,-1593.5452382880806,197.2659310875461,0,1.2e-11
0.9978245233491164,0.0,0.0035778559138991,0.0000000000000000,-0.0021964734884958,0.0000000000000000,10.6955823073737601,3.0000864461332641,1598.519393,0.132598,-1598.6519904028173,213.9600294842385,0,1.4e-11
0.9978242527608707,0.0,0.0035769437142806,0.0000000000000000,-0.0021967471738239,0.0000000000000000,10.6935464274557610,3.0000864688685716,1603.533802,0.142651,-1603.6764537344116,230.7463181912899,0,7.2e-12
0.9978239839421218,0.0,0.0035760314272821,0.0000000000000000,-0.0021970254964499,0.0000000000000000,10.6915106054377080,3.0000864915828789,1608.466983,0.152707,-1608.6196893154474,247.6234271528665,0,6.9e-12
0.9978237169384803,0.0,0.0035751190008869,0.0000000000000000,-0.0021973086969318,0.0000000000000000,10.6894748369536270,3.0000865142764015,1613.319971,0.162764,-1613.4827343986371,264.5900074918754,0,2.1e-11
0.9978234517954347,0.0,0.0035742063835610,0.0000000000000000,-0.0021975970144055,0.0000000000000000,10.6874391177083172,3.0000865369493530,1618.093780,0.172824,-1618.2666032853363,281.6447315327823,0,7.1e-12
0.9978231885583790,0.0,0.0035732935242165,0.0000000000000000,-0.0021978906867431,0.0000000000000000,10.6854034434731986,3.0000865596019390,1622.789401,0.182887,-1622.9722879455949,298.7862904760987,0,1.2e-11
0.9978229272726382,0.0,0.0035723803721767,0.0000000000000000,-0.0021981899506976,0.0000000000000000,10.6833678100822862,3.0000865822343603,1627.407806,0.192953,-1627.6007588427458,316.0133950891905,0,8.6e-12
0.9978226679834955,0.0,0.0035714668771409,0.0000000000000000,-0.0021984950420545,0.0000000000000000,10.6813322134283410,3.0000866048468162,1631.949942,0.203024,-1632.1529656565385,333.3247757162899,0,1.4e-11
0.9978224107362174,0.0,0.0035705529891515,0.0000000000000000,-0.0021988061957729,0.0000000000000000,10.6792966494591379,3.0000866274394968,1636.416739,0.213099,-1636.6298378526424,350.7191804891918,0,1.1e-11
0.9978221555760790,0.0,0.0035696386585608,0.0000000000000000,-0.0021991236461256,0.0000000000000000,10.6772611141738665,3.0000866500125927,1640.809106,0.223180,-1641.0322854534204,368.1953766886145,0,6.3e-12
0.9978219025483884,0.0,0.0035687238359998,0.0000000000000000,-0.0021994476268356,0.0000000000000000,10.6752256036196496,3.0000866725662871,1645.127934,0.233266,-1645.3611995143547,385.7521484114695,0,1.5e-11
0.9978216516985116,0.0,0.0035678084723462,0.0000000000000000,-0.0021997783712120,0.0000000000000000,10.6731901138881842,3.0000866951007592,1649.374095,0.243358,-1649.6174527574894,403.3882972393185,0,1.1e-11
0.9978214030718969,0.0,0.0035668925186939,0.0000000000000000,-0.0022001161122857,0.0000000000000000,10.6711546411124640,3.0000867176161861,1653.548444,0.253457,-1653.8019001951200,421.1026420248672,0,8.4e-12
0.9978211567140987,0.0,0.0035659759263233,0.0000000000000000,-0.0022004610829344,0.0000000000000000,10.6691191814636106,3.0000867401127405,1657.651818,0.263562,-1657.9153795892375,438.8940179848578,0,6.1e-12
0.9978209126708010,0.0,0.0035650586466713,0.0000000000000000,-0.0022008135160173,0.0000000000000000,10.6670837311477857,3.0000867625905903,1661.685037,0.273675,-1661.9587120320105,456.7612768418621,0,7.9e-12
0.9978206709878420,0.0,0.0035641406313025,0.0000000000000000,-0.0022011736445002,0.0000000000000000,10.6650482864031950,3.0000867850499016,1665.648907,0.283795,-1665.9327023879994,474.7032859795727,0,9.5e-12
0.9978204317112358,0.0,0.0035632218318813,0.0000000000000000,-0.0022015417015779,0.0000000000000000,10.6630128434971354,3.0000868074908360,1669.544216,0.293924,-1669.8381398159531,492.7189284951892,0,4.1e-12
0.9978201948871989,0.0,0.0035623022001414,0.0000000000000000,-0.0022019179208115,0.0000000000000000,10.6609773987231637,3.0000868299135535,1673.371737,0.304061,-1673.6757981909436,510.8071025863755,0,4.8e-12
0.9978199605621696,0.0,0.0035613816878612,0.0000000000000000,-0.0022023025362349,0.0000000000000000,10.6589419483982546,3.0000868523182085,1677.132230,0.314207,-1677.4464365726990,528.9667214304209,0,3.6e-12
0.9978197287828359,0.0,0.0035604602468325,0.0000000000000000,-0.0022026957824971,0.0000000000000000,10.6569064888600895,3.0000868747049543,1680.826437,0.324362,-1681.1507996470864,547.1967131905258,0,1.3e-11
0.9978194995961551,0.0,0.0035595378288360,0.0000000000000000,-0.0022030978949705,0.0000000000000000,10.6548710164643374,3.0000868970739409,1684.455091,0.334527,-1684.7896180556588,565.4960196791217,0,8.3e-12
0.9978192730493808,0.0,0.0035586143856115,0.0000000000000000,-0.0022035091098872,0.0000000000000000,10.6528355275820186,3.0000869194253155,1688.018907,0.344702,-1688.3636089273552,583.8635978477541,0,5.8e-12
0.9978190491900820,0.0,0.0035576898688340,0.0000000000000000,-0.0022039296644435,0.0000000000000000,10.6508000185968630,3.0000869417592226,1691.518589,0.354887,-1691.8734760894592,602.2984173514415,0,1.8e-11
0.9978188280661727,0.0,0.0035567642300829,0.0000000000000000,-0.0022043597969455,0.0000000000000000,10.6487644859027775,3.0000869640758032,1694.954827,0.365083,-1695.3199106139846,620.7994627179578,0,1.7e-11
0.9978186097259306,0.0,0.0035558374208177,0.0000000000000000,-0.0022047997469136,0.0000000000000000,10.6467289259012556,3.0000869863751980,1698.328301,0.375290,-1698.7035909332612,639.3657299121842,0,3.3e-12
0.9978183942180255,0.0,0.0035549093923494,0.0000000000000000,-0.0022052497552201,0.0000000000000000,10.6446933349988857,3.0000870086575433,1701.639675,0.385508,-1702.0251834548560,657.9962298260070,0,6.6e-12
0.9978181815915392,0.0,0.0035539800958156,0.0000000000000000,-0.0022057100641969,0.0000000000000000,10.6426577096048138,3.0000870309229750,1704.889604,0.395738,-1705.2853426662657,676.6899851502385,0,8.5e-12
0.9978179718959960,0.0,0.0035530494821501,0.0000000000000000,-0.0022061809177842,0.0000000000000000,10.6406220461283088,3.0000870531716242,1708.078731,0.405980,-1708.4847115638090,695.4460313462187,0,4.9e-12
0.9978177651813823,0.0,0.0035521175020586,0.0000000000000000,-0.0022066625616358,0.0000000000000000,10.6385863409762305,3.0000870754036222,1711.207688,0.416234,-1711.6239219278866,714.2634164611809,0,6.2e-12
0.9978175614981750,0.0,0.0035511841059904,0.0000000000000000,-0.0022071552432541,0.0000000000000000,10.6365505905505930,3.0000870976190970,1714.277093,0.426501,-1714.7035945903247,733.1412004220765,0,3.9e-12
0.9978173608973672,0.0,0.0035502492441100,0.0000000000000000,-0.0022076592121253,0.0000000000000000,10.6345147912460991,3.0000871198181764,1717.287559,0.436781,-1717.7243397705049,752.0784553859849,0,7.4e-12
0.9978171634304925,0.0,0.0035493128662707,0.0000000000000000,-0.0022081747198377,0.0000000000000000,10.6324789394476511,3.0000871420009831,1720.239683,0.447074,-1720.6867572800472,771.0742649412714,0,5.2e-12
0.9978169691496545,0.0,0.0035483749219855,0.0000000000000000,-0.0022087020202254,0.0000000000000000,10.6304430315279035,3.0000871641676414,1723.134056,0.457380,-1723.5914368563554,790.1277245206293,0,8.5e-12
0.9978167781075512,0.0,0.0035474353603991,0.0000000000000000,-0.0022092413694945,0.0000000000000000,10.6284070638447545,3.0000871863182716,1725.971258,0.467701,-1726.4389583554466,809.2379407030530,0,1.6e-11
0.9978165903575057,0.0,0.0035464941302584,0.0000000000000000,-0.0022097930263678,0.0000000000000000,10.6263710327388647,3.0000872084529941,1728.751857,0.478035,-1729.2298920196317,828.4040310641285,0,5.0e-12
0.9978164059534924,0.0,0.0035455511798842,0.0000000000000000,-0.0022103572522174,0.0000000000000000,10.6243349345311309,3.0000872305719257,1731.476415,0.488384,-1731.9647987820747,847.6251249357592,0,5.0e-12
0.9978162249501665,0.0,0.0035446064571413,0.0000000000000000,-0.0022109343112073,0.0000000000000000,10.6222987655201386,3.0000872526751841,1734.145483,0.498747,-1734.6442303555700,866.9003616296686,0,1.1e-11
0.9978160474028941,0.0,0.0035436599094079,0.0000000000000000,-0.0022115244704408,0.0000000000000000,10.6202625219795959,3.0000872747628837,1736.759604,0.509126,-1737.2687295741403,886.2288915293757,0,1.9e-11
0.9978158733677822,0.0,0.0035427114835456,0.0000000000000000,-0.0022121280001043,0.0000000000000000,10.6182262001557230,3.0000872968351380,1739.319311,0.519519,-1739.8388305330927,905.6098751856480,0,8.9e-12
0.9978157029017103,0.0,0.0035417611258673,0.0000000000000000,-0.0022127451736218,0.0000000000000000,10.6161897962646261,3.0000873188920596,1741.825131,0.529928,-1742.3550588682601,925.0424838857725,0,3.1e-12
0.9978155360623634,0.0,0.0035408087821050,0.0000000000000000,-0.0022133762678116,0.0000000000000000,10.6141533064896088,3.0000873409337592,1744.277579,0.540353,-1744.8179319198100,944.5258991615847,0,9.3e-12
0.9978153729082612,0.0,0.0035398543973793,0.0000000000000000,-0.0022140215630311,0.0000000000000000,10.6121167269784120,3.0000873629603477,1746.677165,0.550794,-1747.2279588580068,964.0593118963297,0,3.5e-12
0.9978152134987981,0.0,0.0035388979161616,0.0000000000000000,-0.0022146813433638,0.0000000000000000,10.6100800538404894,3.0000873849719332,1749.024390,0.561251,-1749.5856410221795,983.6419236387592,0,3.0e-12
0.9978150578942718,0.0,0.0035379392822448,0.0000000000000000,-0.0022153558967588,0.0000000000000000,10.6080432831441094,3.0000874069686243,1751.319747,0.571725,-1751.8914719615364,1003.2729453262873,0,2.4e-12
0.9978149061559229,0.0,0.0035369784387053,0.0000000000000000,-0.0022160455152191,0.0000000000000000,10.6060064109134782,3.0000874289505277,1753.563722,0.582215,-1754.1459376642358,1022.9515974151436,0,1.1e-11
0.9978147583459714,0.0,0.0035360153278670,0.0000000000000000,-0.0022167504949746,0.0000000000000000,10.6039694331257728,3.0000874509177486,1755.756794,0.592723,-1756.3495167859990,1042.6771104121581,0,1.2e-11
0.9978146145276546,0.0,0.0035350498912644,0.0000000000000000,-0.0022174711366639,0.0000000000000000,10.6019323457080876,3.0000874728703932,1757.899433,0.603248,-1758.5026806611609,1062.4487231418025,0,9.0e-12
0.9978144747652657,0.0,0.0035340820696059,0.0000000000000000,-0.0022182077455162,0.0000000000000000,10.5998951445343028,3.0000874948085658,1759.992104,0.613790,-1760.6058936766192,1082.2656849944033,0,9.1e-12
0.9978143391241968,0.0,0.0035331118027316,0.0000000000000000,-0.0022189606315543,0.0000000000000000,10.5978578254218903,3.0000875167323695,1762.035263,0.624350,-1762.6596132124739,1102.1272534150630,0,1.0e-11
0.9978142076709779,0.0,0.0035321390295766,0.0000000000000000,-0.0022197301097787,0.0000000000000000,10.5958203841285776,3.0000875386419072,1764.029361,0.634929,-1764.6642899384503,1122.0326954482589,0,1.5e-11
0.9978140804733239,0.0,0.0035311636881256,0.0000000000000000,-0.0022205165003903,0.0000000000000000,10.5937828163489787,3.0000875605372830,1765.974843,0.645525,-1766.6203678877637,1141.9812866849825,0,4.3e-12
0.9978139576001773,0.0,0.0035301857153719,0.0000000000000000,-0.0022213201289921,0.0000000000000000,10.5917451177110618,3.0000875824185971,1767.872144,0.656140,-1768.5282846636417,1161.9723123169970,0,2.1e-11
0.9978138391217576,0.0,0.0035292050472716,0.0000000000000000,-0.0022221413268167,0.0000000000000000,10.5897072837725279,3.0000876042859517,1769.721697,0.666774,-1770.3884714567159,1182.0050649591722,0,2.7e-12
0.9978137251096053,0.0,0.0035282216187001,0.0000000000000000,-0.0022229804309395,0.0000000000000000,10.5876693100170414,3.0000876261394480,1771.523926,0.677427,-1772.2013533378395,1202.0788473407738,0,3.0e-12
0.9978136156366385,0.0,0.0035272353634000,0.0000000000000000,-0.0022238377845383,0.0000000000000000,10.5856311918503874,3.0000876479791860,1773.279250,0.688100,-1773.9673492402840,1222.1929695745930,0,3.7e-12
0.9978135107772009,0.0,0.0035262462139351,0.0000000000000000,-0.0022247137371211,0.0000000000000000,10.5835929245964273,3.0000876698052674,1774.988081,0.698792,-1775.6868721822036,1242.3467508764006,0,3.0e-12
0.9978134106071180,0.0,0.0035252541016376,0.0000000000000000,-0.0022256086447876,0.0000000000000000,10.5815545034929333,3.0000876916177917,1776.650826,0.709503,-1777.3603293263698,1262.5395184936933,0,2.1e-12
0.9978133152037533,0.0,0.0035242589565552,0.0000000000000000,-0.0022265228704921,0.0000000000000000,10.5795159236872642,3.0000877134168586,1778.267887,0.720235,-1778.9881221413145,1282.7706082761288,0,1.2e-11
0.9978132246460658,0.0,0.0035232607073969,0.0000000000000000,-0.0022274567843114,0.0000000000000000,10.5774771802318490,3.0000877352025692,1779.839660,0.730987,-1780.5706464707230,1303.0393639458343,0,1.9e-11
0.9978131390146755,0.0,0.0035222592814722,0.0000000000000000,-0.0022284107637501,0.0000000000000000,10.5754382680795462,3.0000877569750237,1781.366533,0.741759,-1782.1082926791930,1323.3451375982258,0,1.7e-11
0.9978130583919218,0.0,0.0035212546046359,0.0000000000000000,-0.0022293851940128,0.0000000000000000,10.5733991820787256,3.0000877787343212,1782.848893,0.752552,-1783.6014457336223,1343.6872892717365,0,2.6e-12
0.9978129828619359,0.0,0.0035202466012206,0.0000000000000000,-0.0022303804683402,0.0000000000000000,10.5713599169682428,3.0000878004805629,1784.287119,0.763367,-1785.0504853665395,1364.0651875236072,0,5.0e-12
0.9978129125107056,0.0,0.0035192351939763,0.0000000000000000,-0.0022313969883123,0.0000000000000000,10.5693204673720960,3.0000878222138478,1785.681584,0.774202,-1786.4557860890732,1384.4782086375635,0,3.8e-12
0.9978128474261505,0.0,0.0035182203040005,0.0000000000000000,-0.0022324351641934,0.0000000000000000,10.5672808277939261,3.0000878439342800,1787.032659,0.785059,-1787.8177173302074,1404.9257365397643,0,1.1e-11
0.9978127876981964,0.0,0.0035172018506684,0.0000000000000000,-0.0022334954152826,0.0000000000000000,10.5652409926112281,3.0000878656419565,1788.340706,0.795937,-1789.1366435248158,1425.4071632472333,0,2.1e-11
0.9978127334188559,0.0,0.0035161797515581,0.0000000000000000,-0.0022345781702842,0.0000000000000000,10.5632009560693181,3.0000878873369818,1789.606086,0.806838,-1790.4129241806711,1445.9218882941641,0,1.3e-11
0.9978126846823117,0.0,0.0035151539223738,0.0000000000000000,-0.0022356838676952,0.0000000000000000,10.5611607122750186,3.0000879090194572,1790.829154,0.817760,-1791.6469141133314,1466.4693205100484,0,1.2e-11
0.9978126415850005,0.0,0.0035141242768669,0.0000000000000000,-0.0022368129561940,0.0000000000000000,10.5591202551900061,3.0000879306894852,1792.010258,0.828706,-1792.8389632508397,1487.0488743516617,0,2.9e-12
0.9978126042257071,0.0,0.0035130907267494,0.0000000000000000,-0.0022379658950756,0.0000000000000000,10.5570795786239042,3.0000879523471693,1793.149744,0.839673,-1793.9894169984070,1507.6599736337084,0,8.6e-12
0.9978125727056573,0.0,0.0035120531816074,0.0000000000000000,-0.0022391431546817,0.0000000000000000,10.5550386762269621,3.0000879739926138,1794.247952,0.850664,-1795.0986161325091,1528.3020493010990,0,1.8e-11
0.9978125471286184,0.0,0.0035110115488079,0.0000000000000000,-0.0022403452168672,0.0000000000000000,10.5529975414824282,3.0000879956259245,1795.305219,0.861678,-1796.1668969485554,1548.9745398219675,0,3.3e-12
0.9978125276010072,0.0,0.0035099657333994,0.0000000000000000,-0.0022415725754965,0.0000000000000000,10.5509561676985246,3.0000880172472066,1796.321876,0.872715,-1797.1945913774775,1569.6768920563627,0,4.5e-12
0.9978125142319930,0.0,0.0035089156380154,0.0000000000000000,-0.0022428257369236,0.0000000000000000,10.5489145479999387,3.0000880388565667,1797.298251,0.883776,-1798.1820269749271,1590.4085602175910,0,7.6e-12
0.9978125071336191,0.0,0.0035078611627629,0.0000000000000000,-0.0022441052205505,0.0000000000000000,10.5468726753189710,3.0000880604541145,1798.234667,0.894860,-1799.1295270015660,1611.1690058265813,0,9.8e-12
0.9978125064209221,0.0,0.0035068022051113,0.0000000000000000,-0.0022454115593807,0.0000000000000000,10.5448305423861406,3.0000880820399582,1799.131441,0.905969,-1800.0374105863204,1631.9576991631184,0,3.5e-12
0.9978125122120591,0.0,0.0035057386597752,0.0000000000000000,-0.0022467453006044,0.0000000000000000,10.5427881417202975,3.0000881036142091,1799.988890,0.917102,-1800.9059926416467,1652.7741171077359,0,1.6e-11
0.9978125246284441,0.0,0.0035046704185881,0.0000000000000000,-0.0022481070062305,0.0000000000000000,10.5407454656182065,3.0000881251769806,1800.807324,0.928260,-1801.7355840874968,1673.6177455079742,0,4.6e-12
0.9978125437948865,0.0,0.0035035973703740,0.0000000000000000,-0.0022494972537252,0.0000000000000000,10.5387025061435100,3.0000881467283849,1801.587049,0.939443,-1802.5264917594779,1694.4880770249292,0,7.1e-12
0.9978125698397430,0.0,0.0035025194008072,0.0000000000000000,-0.0022509166367125,0.0000000000000000,10.5366592551151079,3.0000881682685399,1802.328368,0.950651,-1803.2790185660040,1715.3846125863492,0,2.3e-11
0.9978126028950745,0.0,0.0035014363922672,0.0000000000000000,-0.0022523657656994,0.0000000000000000,10.5346157040948452,3.0000881897975624,1803.031580,0.961884,-1803.9934634922995,1736.3068608161993,0,2.1e-11
0.9978126430968126,0.0,0.0035003482236846,0.0000000000000000,-0.0022538452688429,0.0000000000000000,10.5325718443744840,3.0000882113155716,1803.696979,0.973143,-1804.6701217048515,1757.2543385231402,0,4.5e-12
0.9978126905849327,0.0,0.0034992547703810,0.0000000000000000,-0.0022553557927501,0.0000000000000000,10.5305276669618788,3.0000882328226903,1804.324857,0.984427,-1805.3092845838651,1778.2265709131025,0,1.7e-11
0.9978127455036446,0.0,0.0034981559038929,0.0000000000000000,-0.0022568980033560,0.0000000000000000,10.5284831625663866,3.0000882543190421,1804.915502,0.995738,-1805.9112396930807,1799.2230901063886,0,8.5e-12
0.9978128080015849,0.0,0.0034970514917938,0.0000000000000000,-0.0022584725868111,0.0000000000000000,10.5264383215833064,3.0000882758047536,1805.469196,1.007075,-1806.4762709991828,1820.2434380913619,0,9.4e-12
0.9978128782320257,0.0,0.0034959413975002,0.0000000000000000,-0.0022600802504455,0.0000000000000000,10.5243931340773891,3.0000882972799547,1805.986220,1.018439,-1807.0046587074589,1841.2871636124328,0,8.1e-12
0.9978129563530951,0.0,0.0034948254800693,0.0000000000000000,-0.0022617217237821,0.0000000000000000,10.5223475897653032,3.0000883187447775,1806.466849,1.029830,-1807.4966794563925,1862.3538246543612,0,1.6e-11
0.9978130425280127,0.0,0.0034937035939790,0.0000000000000000,-0.0022633977596280,0.0000000000000000,10.5203016779970220,3.0000883401993579,1806.911358,1.041248,-1807.9526062947853,1883.4429872978944,0,1.7e-11
0.9978131369253354,0.0,0.0034925755889028,0.0000000000000000,-0.0022651091352000,0.0000000000000000,10.5182553877359179,3.0000883616438334,1807.320015,1.052694,-1808.3727087049328,1904.5542262620293,0,1.3e-11
0.9978132397192226,0.0,0.0034914413094620,0.0000000000000000,-0.0022668566533560,0.0000000000000000,10.5162087075376451,3.0000883830783467,1807.693086,1.064167,-1808.7572527499713,1925.6871261254419,0,7.4e-12
0.9978133510897146,0.0,0.0034903005949692,0.0000000000000000,-0.0022686411438707,0.0000000000000000,10.5141616255275228,3.0000884045030434,1808.030833,1.075668,-1809.1065008868898,1946.8412787867710,0,5.9e-12
0.9978134712230334,0.0,0.0034891532791493,0.0000000000000000,-0.0022704634648286,0.0000000000000000,10.5121141293764744,3.0000884259180740,1808.333514,1.087198,-1809.4207122338437,1968.0162865305319,0,5.9e-12
0.9978136003118981,0.0,0.0034879991898477,0.0000000000000000,-0.0022723245040718,0.0000000000000000,10.5100662062752264,3.0000884473235900,1808.601386,1.098756,-1809.7001424237035,1989.2117604326922,0,1.4e-11
0.9978137385558628,0.0,0.0034868381487164,0.0000000000000000,-0.0022742251807621,0.0000000000000000,10.5080178429067512,3.0000884687197527,1808.834700,1.110343,-1809.9450436887935,2010.4273212158587,0,1.2e-11
0.9978138861616808,0.0,0.0034856699708766,0.0000000000000000,-0.0022761664470592,0.0000000000000000,10.5059690254167837,3.0000884901067235,1809.033705,1.121960,-1810.1556648964133,2031.6625992450863,0,7.4e-12
0.9978140433436903,0.0,0.0034844944645615,0.0000000000000000,-0.0022781492898967,0.0000000000000000,10.5039197393821695,3.0000885114846723,1809.198646,1.133605,-1810.3322515790069,2052.9172356452327,0,1.1e-11
0.9978142103242251,0.0,0.0034833114307352,0.0000000000000000,-0.0022801747328758,0.0000000000000000,10.5018699697768945,3.0000885328537716,1809.329765,1.145281,-1810.4750458882477,2074.1908813733608,0,7.1e-12
0.9978143873340570,0.0,0.0034821206626811,0.0000000000000000,-0.0022822438383053,0.0000000000000000,10.4998197009356335,3.0000885542142015,1809.427300,1.156987,-1810.5842866231824,2095.4831980378367,0,9.2e-12
0.9978145746128717,0.0,0.0034809219455615,0.0000000000000000,-0.0022843577093949,0.0000000000000000,10.4977689165145129,3.0000885755661479,1809.491487,1.168723,-1810.6602092748558,2116.7938582370989,0,9.0e-12
0.9978147724097726,0.0,0.0034797150559485,0.0000000000000000,-0.0022865174925782,0.0000000000000000,10.4957175994488789,3.0000885969098032,1809.522556,1.180490,-1810.7030459792343,2138.1225461533759,0,1.1e-11
0.9978149809838323,0.0,0.0034784997613127,0.0000000000000000,-0.0022887243800537,0.0000000000000000,10.4936657319078073,3.0000886182453668,1809.520738,1.192288,-1810.7130256049456,2159.4689580886625,0,1.2e-11
0.9978152006046727,0.0,0.0034772758194831,0.0000000000000000,-0.0022909796124593,0.0000000000000000,10.4916132952449050,3.0000886395730473,1809.486257,1.204117,-1810.6903735871651,2180.8328018323518,0,9.4e-12
0.9978154315531010,0.0,0.0034760429780560,0.0000000000000000,-0.0022932844818054,0.0000000000000000,10.4895602699452866,3.0000886608930584,1809.419334,1.215978,-1810.6353120786794,2202.2137984437868,0,1.5e-11
0.9978156741217916,0.0,0.0034748009737610,0.0000000000000000,-0.0022956403346171,0.0000000000000000,10.4875066355681295,3.0000886822056252,1809.320189,1.227871,-1810.5480598958936,2223.6116825246718,0,1.4e-11
0.9978159286160151,0.0,0.0034735495317821,0.0000000000000000,-0.0022980485752952,0.0000000000000000,10.4854523706844098,3.0000887035109809,1809.189036,1.239796,-1810.4288323818000,2245.0262016770430,0,1.1e-11
0.9978161953544393,0.0,0.0034722883650119,0.0000000000000000,-0.0023005106698122,0.0000000000000000,10.4833974528094558,3.0000887248093688,1809.026087,1.251755,-1810.2778415416856,2266.4571185880341,0,1.5e-11
0.9978164746699839,0.0,0.0034710171732559,0.0000000000000000,-0.0023030281496484,0.0000000000000000,10.4813418583295714,3.0000887461010435,1808.831550,1.263746,-1810.0952959333952,2287.9042112533934,0,2.2e-11
0.9978167669107583,0.0,0.0034697356423587,0.0000000000000000,-0.0023056026161189,0.0000000000000000,10.4792855624223442,3.0000887673862708,1808.605629,1.275771,-1809.8814006627090,2309.3672739383765,0,2.1e-11
0.9978170724410632,0.0,0.0034684434432688,0.0000000000000000,-0.0023082357449937,0.0000000000000000,10.4772285389696087,3.0000887886653285,1808.348527,1.287830,-1809.6363572016480,2330.8461162790190,0,1.8e-11
0.9978173916425007,0.0,0.0034671402310051,0.0000000000000000,-0.0023109292916138,0.0000000000000000,10.4751707604627384,3.0000888099385077,1808.060440,1.299924,-1809.3603635626703,2352.3405672612134,0,2.1e-11
0.9978177249151651,0.0,0.0034658256435449,0.0000000000000000,-0.0023136850963829,0.0000000000000000,10.4731121978989119,3.0000888312061154,1807.741562,1.312052,-1809.0536140333618,2373.8504734952003,0,1.9e-11
0.9978180726789521,0.0,0.0034644993006014,0.0000000000000000,-0.0023165050908086,0.0000000000000000,10.4710528206676798,3.0000888524684717,1807.392084,1.324215,-1808.7162992514086,2395.3757023815997,0,2.7e-11
0.9978184353749825,0.0,0.0034631608022938,0.0000000000000000,-0.0023193913040678,0.0000000000000000,10.4689925964265136,3.0000888737259159,1807.012192,1.336414,-1808.3486060259809,2416.9161419090815,0,2.8e-11
0.9978188134671697,0.0,0.0034618097276835,0.0000000000000000,-0.0023223458702345,0.0000000000000000,10.4669314909641304,3.0000888949788038,1806.602068,1.348649,-1807.9507172707949,2438.4717025980353,0,3.0e-11
0.9978192074439262,0.0,0.0034604456331783,0.0000000000000000,-0.0023253710361537,0.0000000000000000,10.4648694680499883,3.0000889162275115,1806.161892,1.360920,-1807.5228119045826,2460.0423190407455,0,2.6e-11
0.9978196178200489,0.0,0.0034590680507682,0.0000000000000000,-0.0023284691701407,0.0000000000000000,10.4628064892684201,3.0000889374724347,1805.691836,1.373229,-1807.0650646866047,2481.6279508708976,0,3.0e-11
0.9978200451387887,0.0,0.0034576764860948,0.0000000000000000,-0.0023316427715192,0.0000000000000000,10.4607425138352035,3.0000889587139961,1805.192071,1.385575,-1806.5776460997033,2503.2285846583545,0,1.9e-12
0.9978204899741435,0.0,0.0034562704162855,0.0000000000000000,-0.0023348944812256,0.0000000000000000,10.4586774983953052,3.0000889799526389,1804.662763,1.397959,-1806.0607223039428,2524.8442393536679,0,3.5e-12
0.9978209529333795,0.0,0.0034548492876189,0.0000000000000000,-0.0023382270934102,0.0000000000000000,10.4566113967960668,3.0000890011888357,1804.104073,1.410381,-1805.5144547742773,2546.4749628610443,0,1.2e-11
0.9978214346598318,0.0,0.0034534125128825,0.0000000000000000,-0.0023416435683825,0.0000000000000000,10.4545441598380275,3.0000890224230896,1803.516157,1.422843,-1804.9390001413042,2568.1208377538715,0,3.5e-12
0.9978219358360265,0.0,0.0034519594684511,0.0000000000000000,-0.0023451470470111,0.0000000000000000,10.4524757349953319,3.0000890436559362,1802.899165,1.435345,-1804.3345100920669,2589.7819844579790,0,6.9e-12
0.9978224571871375,0.0,0.0034504894910436,0.0000000000000000,-0.0023487408666782,0.0000000000000000,10.4504060661035307,3.0000890648879444,1802.253244,1.447887,-1803.7011309472764,2611.4585630279034,0,8.7e-12
0.9978229994848701,0.0,0.0034490018740787,0.0000000000000000,-0.0023524285792063,0.0000000000000000,10.4483350930100425,3.0000890861197256,1801.578534,1.460470,-1803.0390034961222,2633.1507779282983,0,2.3e-11
0.9978235635517867,0.0,0.0034474958636139,0.0000000000000000,-0.0023562139708209,0.0000000000000000,10.4462627511811146,3.0000891073519322,1800.875168,1.473094,-1802.3482624674575,2654.8588798895944,0,2.4e-11
0.9978241502661923,0.0,0.0034459706537569,0.0000000000000000,-0.0023601010847061,0.0000000000000000,10.4441889712593454,3.0000891285852638,1800.143275,1.485761,-1801.6290365201005,2676.5831746391486,0,8.0e-12
0.9978247605676132,0.0,0.0034444253815177,0.0000000000000000,-0.0023640942462922,0.0000000000000000,10.4421136785633006,3.0000891498204734,1799.382976,1.498471,-1800.8814473610169,2698.3240225177724,0,8.0e-12
0.9978253954630083,0.0,0.0034428591209679,0.0000000000000000,-0.0023681980919358,0.0000000000000000,10.4400367925205906,3.0000891710583724,1798.594384,1.511226,-1800.1056095811578,2720.0818486297503,0,1.2e-11
0.9978260560338090,0.0,0.0034412708766211,0.0000000000000000,-0.0023724176014201,0.0000000000000000,10.4379582260227544,3.0000891922998343,1797.777605,1.524025,-1799.3016299421149,2741.8571469117887,0,2.0e-11
0.9978267434439350,0.0,0.0034396595758902,0.0000000000000000,-0.0023767581349656,0.0000000000000000,10.4358778846892264,3.0000892135458086,1796.932738,1.536869,-1798.4696068551084,2763.6504898916464,0,1.5e-11
0.9978274589489483,0.0,0.0034380240604686,0.0000000000000000,-0.0023812254755030,0.0000000000000000,10.4337956660238795,3.0000892347973198,1796.059869,1.549760,-1797.6096294535475,2785.4625344790984,0,1.9e-11
0.9978282039065772,0.0,0.0034363630764220,0.0000000000000000,-0.0023858258772696,0.0000000000000000,10.4317114584452266,3.0000892560554857,1795.159078,1.562699,-1796.7217769151225,2807.2940340719651,0,2.9e-11
0.9978289797888159,0.0,0.0034346752627910,0.0000000000000000,-0.0023905661216808,0.0000000000000000,10.4296251401662090,3.0000892773215235,1794.230430,1.575687,-1795.8061174088502,2829.1458487897180,0,3.3e-12
0.9978297881959882,0.0,0.0034329591383222,0.0000000000000000,-0.0023954535823048,0.0000000000000000,10.4275365778963689,3.0000892985967647,1793.273982,1.588725,-1794.8627069951835,2851.0189612470567,0,1.5e-11
0.9978306308730353,0.0,0.0034312130861300,0.0000000000000000,-0.0024004963000623,0.0000000000000000,10.4254456253252492,3.0000893198826706,1792.289774,1.601814,-1793.8915881800945,2872.9144882655237,0,3.5e-11
0.9978315097286504,0.0,0.0034294353356372,0.0000000000000000,-0.0024057030716256,0.0000000000000000,10.4233521213517708,3.0000893411808458,1791.277833,1.614955,-1792.8927884241418,2894.8337005854119,0,7.9e-12
0.9978324268577388,0.0,0.0034276239413837,0.0000000000000000,-0.0024110835531591,0.0000000000000000,10.4212558879962920,3.0000893624930649,1790.238167,1.628151,-1791.8663183977819,2916.7780467297416,0,2.4e-11
0.9978333845680326,0.0,0.0034257767579066,0.0000000000000000,-0.0024166483832651,0.0000000000000000,10.4191567279290727,3.0000893838212930,1789.170767,1.641402,-1790.8121696770097,2938.7491750919726,0,2.0e-11
0.9978343854117876,0.0,0.0034238914098100,0.0000000000000000,-0.0024224093294069,0.0000000000000000,10.4170544215262684,3.0000894051677172,1788.075601,1.654711,-1789.7303121372051,2960.7489652305376,0,3.3e-11
0.9978354322238266,0.0,0.0034219652558413,0.0000000000000000,-0.0024283794636521,0.0000000000000000,10.4149487233395099,3.0000894265347786,1786.952611,1.668080,-1788.6206909593900,2982.7795641170815,0,1.2e-11
0.9978365281675584,0.0,0.0034199953453961,0.0000000000000000,-0.0024345733752929,0.0000000000000000,10.4128393578348284,3.0000894479252191,1785.801713,1.681510,-1787.4832228094685,3004.8434319896623,0,2.5e-11
0.9978376767910588,0.0,0.0034179783655482,0.0000000000000000,-0.0024410074299062,0.0000000000000000,10.4107260142012752,3.0000894693421278,1784.622787,1.695004,-1786.3177912973879,3026.9433920264710,0,2.6e-11
0.9978388820961227,0.0,0.0034159105757705,0.0000000000000000,-0.0024477000883904,0.0000000000000000,10.4086083399899607,3.0000894907890094,1783.415676,1.708566,-1785.1242414112767,3049.0826978301629,0,2.5e-11
0.9978401486240704,0.0,0.0034137877268238,0.0000000000000000,-0.0024546723033829,0.0000000000000000,10.4064859332337836,3.0000895122698585,1782.180176,1.722197,-1783.9023727849001,3071.2651164717972,0,1.0e-11
0.9978414815635808,0.0,0.0034116049588105,0.0000000000000000,-0.0024619480174372,0.0000000000000000,10.4043583325956313,3.0000895337892604,1780.916029,1.735902,-1782.6519307354858,3093.4950247651432,0,8.6e-12
0.9978428868878727,0.0,0.0034093566714631,0.0000000000000000,-0.0024695547967872,0.0000000000000000,10.4022250049179679,3.0000895553525133,1779.622912,1.749684,-1781.3725958369480,3115.7775436607189,0,4.7e-11
0.9978443715315366,0.0,0.0034070363569674,0.0000000000000000,-0.0024775246482230,0.0000000000000000,10.4000853292938960,3.0000895769657854,1778.300422,1.763548,-1780.0639699386043,3138.1186976414174,0,2.5e-11
0.9978459436220146,0.0,0.0034046363810979,0.0000000000000000,-0.0024858950883973,0.0000000000000000,10.3979385764319119,3.0000895986363250,1776.948058,1.777500,-1778.7255579740788,3160.5256267897785,0,1.3e-11
0.9978476127878098,0.0,0.0034021476918730,0.0000000000000000,-0.0024947105674496,0.0000000000000000,10.3957838815085104,3.0000896203727248,1775.565199,1.791546,-1777.3567451417807,3183.0068734567612,0,1.7e-11
0.9978493905766475,0.0,0.0033995594243797,0.0000000000000000,-0.0025040244002781,0.0000000000000000,10.3936202078675635,3.0000896421852867,1774.151072,1.805693,-1775.9567649573462,3205.5727468999103,0,5.5e-12
0.9978512910357294,0.0,0.0033968583525891,0.0000000000000000,-0.0025139014461229,0.0000000000000000,10.3914462975871018,3.0000896640865133,1772.704706,1.819951,-1774.5246571620710,3228.2358417627402,0,2.6e-11
0.9978533315372603,0.0,0.0033940281098998,0.0000000000000000,-0.0025244219200937,0.0000000000000000,10.3892606026912038,3.0000896860917901,1771.224878,1.834330,-1773.0592082965532,3251.0117371757515,0,3.0e-11
0.9978555339885223,0.0,0.0033910480473028,0.0000000000000000,-0.0025356869790828,0.0000000000000000,10.3870611871429155,3.0000897082203659,1769.710023,1.848845,-1771.5588681892023,3273.9200227286201,0,1.8e-11
0.9978579266685004,0.0,0.0033878915019901,0.0000000000000000,-0.0025478271975414,0.0000000000000000,10.3848455831631430,3.0000897304967773,1768.158114,1.863513,-1770.0216267358339,3296.9857643779833,0,3.4e-11
0.9978605471354479,0.0,0.0033845230595197,0.0000000000000000,-0.0025610159810490,0.0000000000000000,10.3826105737702505,3.0000897529530191,1766.566472,1.878357,-1768.4448286428233,3320.2417537856381,0,1.9e-11
0.9978606888053509,0.0,0.0033843434368983,0.0000000000000000,-0.0025617259961417,0.0000000000000000,10.3824951385009587,3.0000897541124369,1766.483557,1.879125,-1768.3626811375232,3321.4425646848977,0,1.5e-11
0.9978608342248231,0.0,0.0033841593166896,0.0000000000000000,-0.0025624544925866,0.0000000000000000,10.3823772063619248,3.0000897552968921,1766.398776,1.879909,-1768.2786851892643,3322.6693161565345,0,1.8e-11
0.9978609835150333,0.0,0.0033839705645932,0.0000000000000000,-0.0025632020542268,0.0000000000000000,10.3822567209189867,3.0000897565069469,1766.312085,1.880711,-1768.1927959853908,3323.9225923090708,0,3.0e-11
0.9978611368023466,0.0,0.0033837770409838,0.0000000000000000,-0.0025639692894175,0.0000000000000000,10.3821336243066860,3.0000897577431798,1766.223437,1.881530,-1768.1049674350627,3325.2029932409059,0,9.4e-12
0.9978612942185549,0.0,0.0033835786007006,0.0000000000000000,-0.0025647568320776,0.0000000000000000,10.3820078571784933,3.0000897590061841,1766.132785,1.882368,-1768.0151521853329,3326.5111328009516,0,3.4e-11
0.9978614559012485,0.0,0.0033833750926680,0.0000000000000000,-0.0025655653434417,0.0000000000000000,10.3818793586595284,3.0000897602965684,1766.040078,1.883223,-1767.9233014123106,3327.8476409460418,0,2.9e-11
0.9978616219941566,0.0,0.0033831663595759,0.0000000000000000,-0.0025663955136328,0.0000000000000000,10.3817480662923955,3.0000897616149560,1765.945268,1.884098,-1767.8293650962594,3329.2131668080110,0,1.7e-11
0.9978617926474711,0.0,0.0033829522375723,0.0000000000000000,-0.0025672480631574,0.0000000000000000,10.3816139159803473,3.0000897629619874,1765.848300,1.884991,-1767.7332915736522,3330.6083721201867,0,2.4e-11
0.9978619680182879,0.0,0.0033827325558188,0.0000000000000000,-0.0025681237449774,0.0000000000000000,10.3814768419310646,3.0000897643383193,1765.749123,1.885904,-1767.6350277579113,3332.0339390607551,0,2.7e-11
0.9978621482710516,0.0,0.0033825071360719,0.0000000000000000,-0.0025690233465653,0.0000000000000000,10.3813367765935762,3.0000897657446264,1765.647681,1.886838,-1767.5345189470431,3333.4905674865004,0,1.2e-11
0.9978623335779406,0.0,0.0033822757923148,0.0000000000000000,-0.0025699476916832,0.0000000000000000,10.3811936505904079,3.0000897671816031,1765.543917,1.887792,-1767.4317087915340,3334.9789739954285,0,3.3e-11
0.9978625241194650,0.0,0.0033820383301680,0.0000000000000000,-0.0025708976431775,0.0000000000000000,10.3810473926516114,3.0000897686499575,1765.437773,1.888767,-1767.3265393236945,3336.4998977335636,0,3.0e-11
0.9978627200849595,0.0,0.0033817945464178,0.0000000000000000,-0.0025718741052619,0.0000000000000000,10.3808979295381096,3.0000897701504234,1765.329187,1.889763,-1767.2189506669547,3338.0540967995767,0,4.1e-11
0.9978629216731891,0.0,0.0033815442284496,0.0000000000000000,-0.0025728780263101,0.0000000000000000,10.3807451859624305,3.0000897716837507,1765.218099,1.890782,-1767.1088812470123,3339.6423496201169,0,1.5e-11
0.9978631290929897,0.0,0.0033812871536047,0.0000000000000000,-0.0025739104018548,0.0000000000000000,10.3805890845069069,3.0000897732507124,1765.104444,1.891823,-1766.9962673686584,3341.2654571726453,0,1.5e-11
0.9978633425639936,0.0,0.0033810230885053,0.0000000000000000,-0.0025749722779329,0.0000000000000000,10.3804295455321380,3.0000897748521034,1764.988156,1.892888,-1766.8810434684947,3342.9242432855535,0,2.2e-11
0.9978635623173830,0.0,0.0033807517883169,0.0000000000000000,-0.0025760647545928,0.0000000000000000,10.3802664870818013,3.0000897764887404,1764.869166,1.893976,-1766.7631418321557,3344.6195566696115,0,1.3e-11
0.9978637885967291,0.0,0.0033804729959594,0.0000000000000000,-0.0025771889897662,0.0000000000000000,10.3800998247783873,3.0000897781614664,1764.747404,1.895088,-1766.6424924999410,3346.3522683351766,0,3.0e-11
0.9978640216589350,0.0,0.0033801864411766,0.0000000000000000,-0.0025783462036676,0.0000000000000000,10.3799294717151387,3.0000897798711463,1764.622798,1.896226,-1766.5190233085980,3348.1232808122877,0,3.7e-11
0.9978642617751802,0.0,0.0033798918396778,0.0000000000000000,-0.0025795376831225,0.0000000000000000,10.3797553383309342,3.0000897816186738,1764.495271,1.897389,-1766.3926594313639,3349.9335145906080,0,1.4e-11
0.9978645092321281,0.0,0.0033795888919344,0.0000000000000000,-0.0025807647872129,0.0000000000000000,10.3795773322905944,3.0000897834049702,1764.364746,1.898578,-1766.2633237280770,3351.7839264695067,0,1.6e-11
0.9978647643331285,0.0,0.0033792772820538,0.0000000000000000,-0.0025820289528219,0.0000000000000000,10.3793953583405028,3.0000897852309838,1764.231142,1.899794,-1766.1309363566343,3353.6755024627782,0,2.2e-11
0.9978650273995164,0.0,0.0033789566765399,0.0000000000000000,-0.0025833317006450,0.0000000000000000,10.3792093181563683,3.0000897870976946,1764.094377,1.901037,-1765.9954145656252,3355.6092583981808,0,2.1e-11
0.9978652987721560,0.0,0.0033786267228215,0.0000000000000000,-0.0025846746423369,0.0000000000000000,10.3790191101812983,3.0000897890061156,1763.954364,1.902309,-1765.8566726198139,3357.5862426378299,0,1.9e-11
0.9978655788131257,0.0,0.0033782870476379,0.0000000000000000,-0.0025860594883230,0.0000000000000000,10.3788246294486086,3.0000897909572917,1763.811012,1.903610,-1765.7146216939673,3359.6075397888198,0,3.7e-11
0.9978658679075445,0.0,0.0033779372553044,0.0000000000000000,-0.0025874880562399,0.0000000000000000,10.3786257673847668,3.0000897929523052,1763.664230,1.904940,-1765.5691696941251,3361.6742721106857,0,5.5e-11
0.9978661664656456,0.0,0.0033775769257358,0.0000000000000000,-0.0025889622805334,0.0000000000000000,10.3784224115960821,3.0000897949922747,1763.513920,1.906301,-1765.4202210015646,3363.7876011091284,0,3.2e-11
0.9978664749250929,0.0,0.0033772056122426,0.0000000000000000,-0.0025904842231757,0.0000000000000000,10.3782144456336098,3.0000897970783598,1763.359983,1.907693,-1765.2676760499012,3365.9487276829313,0,4.5e-11
0.9978667937536019,0.0,0.0033768228390399,0.0000000000000000,-0.0025920560857838,0.0000000000000000,10.3780017487346985,3.0000897992117634,1763.202315,1.909117,-1765.1114316539265,3368.1589009996969,0,1.6e-11
0.9978671234518026,0.0,0.0033764280985316,0.0000000000000000,-0.0025936802228552,0.0000000000000000,10.3777841955343533,3.0000898013937345,1763.040806,1.910574,-1764.9513800884581,3370.4194131202530,0,2.0e-11
0.9978674645566222,0.0,0.0033760208480888,0.0000000000000000,-0.0025953591574182,0.0000000000000000,10.3775616557522579,3.0000898036255683,1762.875345,1.912065,-1764.7874092926656,3372.7316097107250,0,2.1e-11
0.9978678176449753,0.0,0.0033756005065523,0.0000000000000000,-0.0025970955980828,0.0000000000000000,10.3773339938357836,3.0000898059086145,1762.705812,1.913590,-1764.6194023238327,3375.0968902197201,0,1.7e-11
0.9978681833380141,0.0,0.0033751664502016,0.0000000000000000,-0.0025988924586862,0.0000000000000000,10.3771010685653202,3.0000898082442782,1762.532085,1.915152,-1764.4472369767284,3377.5167113447096,0,3.9e-11
0.9978685623060094,0.0,0.0033747180081278,0.0000000000000000,-0.0026007528808504,0.0000000000000000,10.3768627326128673,3.0000898106340270,1762.354035,1.916750,-1764.2707856254478,3379.9925940029789,0,2.4e-11
0.9978689552739095,0.0,0.0033742544569644,0.0000000000000000,-0.0026026802596684,0.0000000000000000,10.3766188320441035,3.0000898130793892,1762.171528,1.918387,-1764.0899144526243,3382.5261264194269,0,2.0e-11
0.9978693630276824,0.0,0.0033737750148876,0.0000000000000000,-0.0026046782729947,0.0000000000000000,10.3763692057530719,3.0000898155819700,1761.984421,1.920062,-1763.9044831866358,3385.1189697131049,0,1.3e-11
0.9978697864217936,0.0,0.0033732788345312,0.0000000000000000,-0.0026067509160005,0.0000000000000000,10.3761136848285975,3.0000898181434490,1761.792567,1.921777,-1763.7143444019307,3387.7728659734130,0,2.9e-11
0.9978702263877538,0.0,0.0033727649949087,0.0000000000000000,-0.0026089025406387,0.0000000000000000,10.3758520918235497,3.0000898207655902,1761.595809,1.923534,-1763.5193430406794,3390.4896454580594,0,5.1e-11
0.9978706839441707,0.0,0.0033722324919051,0.0000000000000000,-0.0026111379020656,0.0000000000000000,10.3755842399240272,3.0000898234502529,1761.393982,1.925334,-1763.3193156050672,3393.2712360820733,0,2.5e-11
0.9978711602084500,0.0,0.0033716802272322,0.0000000000000000,-0.0026134622126517,0.0000000000000000,10.3753099319875375,3.0000898261993951,1761.186912,1.927177,-1763.1140891309960,3396.1196683496237,0,2.9e-11
0.9978716564108212,0.0,0.0033711069951768,0.0000000000000000,-0.0026158812067401,0.0000000000000000,10.3750289594441316,3.0000898290150926,1760.974414,1.929067,-1762.9034806377219,3399.0370938407723,0,3.6e-11
0.9978721739107033,0.0,0.0033705114671553,0.0000000000000000,-0.0026184012161718,0.0000000000000000,10.3747411010025594,3.0000898318995444,1760.756292,1.931003,-1762.6872955257222,3402.0257935074624,0,1.1e-11
0.9978727142165725,0.0,0.0033698921729971,0.0000000000000000,-0.0026210292619580,0.0000000000000000,10.3744461211480203,3.0000898348550926,1760.532339,1.932988,-1762.4653267726396,3405.0881944380235,0,2.6e-11
0.9978732790096796,0.0,0.0033692474785731,0.0000000000000000,-0.0026237731637112,0.0000000000000000,10.3741437683792945,3.0000898378842371,1760.302329,1.935024,-1762.2373530920231,3408.2268895788584,0,4.0e-11
0.9978738701730150,0.0,0.0033685755585297,0.0000000000000000,-0.0026266416732554,0.0000000000000000,10.3738337731136863,3.0000898409896593,1760.066026,1.937112,-1762.0031373293023,3411.4446588337887,0,2.3e-11
0.9978744898265759,0.0,0.0033678743631038,0.0000000000000000,-0.0026296446372552,0.0000000000000000,10.3735158451923564,3.0000898441742407,1759.823170,1.939254,-1761.7624240570897,3414.7444910826162,0,1.8e-11
0.9978751403712512,0.0,0.0033671415768626,0.0000000000000000,-0.0026327931995696,0.0000000000000000,10.3731896709009703,3.0000898474411031,1759.573484,1.941453,-1761.5149374483763,3418.1296198614873,0,2.6e-11
0.9978758245433600,0.0,0.0033663745674549,0.0000000000000000,-0.0026361000526631,0.0000000000000000,10.3728549093584892,3.0000898507936338,1759.316667,1.943711,-1761.2603779252433,3421.6035594814457,0,1.6e-11
0.9978765454837032,0.0,0.0033655703208183,0.0000000000000000,-0.0026395797558236,0.0000000000000000,10.3725111881141050,3.0000898542355374,1759.052388,1.946031,-1760.9984185791959,3425.1701481312048,0,4.0e-11
0.9978773068257081,0.0,0.0033647253585093,0.0000000000000000,-0.0026432491412910,0.0000000000000000,10.3721580977540082,3.0000898577708837,1758.780286,1.948415,-1760.7287004565260,3428.8336052049417,0,3.2e-11
0.9978781128098839,0.0,0.0033638356304957,0.0000000000000000,-0.0026471278414566,0.0000000000000000,10.3717951852041512,3.0000898614041778,1758.499961,1.950866,-1760.4508273058793,3432.5986045589671,0,2.8e-11
0.9978789684340829,0.0,0.0033628963745905,0.0000000000000000,-0.0026512389807356,0.0000000000000000,10.3714219453362286,3.0000898651404437,1758.210969,1.953389,-1760.1643580252926,3436.4703479551245,0,1.6e-11
0.9978798796550621,0.0,0.0033619019280603,0.0000000000000000,-0.0026556101034374,0.0000000000000000,10.3710378104229708,3.0000898689853281,1757.912811,1.955987,-1759.8687982933614,3440.4546921057627,0,2.3e-11
0.9978808536632597,0.0,0.0033608454712393,0.0000000000000000,-0.0026602744381188,0.0000000000000000,10.3706421365854027,3.0000898729452361,1757.604925,1.958664,-1759.5635889910989,3444.5582755536307,0,2.3e-11
0.9978818992661050,0.0,0.0033597186703562,0.0000000000000000,-0.0026652726606973,0.0000000000000000,10.3702341863922971,3.0000898770275062,1757.286665,1.961427,-1759.2480916287798,3448.7887027056422,0,2.4e-11
0.9978830274363488,0.0,0.0033585111674878,0.0000000000000000,-0.0026706554154636,0.0000000000000000,10.3698131061848500,3.0000898812406316,1756.957290,1.964279,-1758.9215696426261,3453.1547785506118,0,2.3e-11
0.9978842521194891,0.0,0.0033572098309123,0.0000000000000000,-0.0026764870254964,0.0000000000000000,10.3693778964006427,3.0000898855945604,1756.615934,1.967230,-1758.5831633302391,3457.6668127106968,0,1.8e-11
0.9978855914643233,0.0,0.0033557976150519,0.0000000000000000,-0.0026828511443491,0.0000000000000000,10.3689273726822382,3.0000898901010853,1756.261572,1.970286,-1758.2318574974929,3462.3370266500860,0,3.3e-11
0.9978870697759702,0.0,0.0033542517555486,0.0000000000000000,-0.0026898597201486,0.0000000000000000,10.3684601155337148,3.0000898947743360,1755.892982,1.973457,-1757.8664392028927,3467.1800665901974,0,3.6e-11
0.9978887207723008,0.0,0.0033525407683180,0.0000000000000000,-0.0026976679311688,0.0000000000000000,10.3679744085659653,3.0000898996314054,1755.508689,1.976757,-1757.4854455546126,3472.2136484812945,0,2.9e-11
0.9978905933525578,0.0,0.0033506191515401,0.0000000000000000,-0.0027065006203480,0.0000000000000000,10.3674681750306643,3.0000899046929739,1755.106910,1.980198,-1757.0871084494129,3477.4591973398346,0,3.7e-11
0.9978927626329681,0.0,0.0033484172921290,0.0000000000000000,-0.0027167028120559,0.0000000000000000,10.3669389636894778,3.0000899099834495,1754.685540,1.983798,-1756.6693381038003,3482.9420182486065,0,3.0e-11
0.9978953532713245,0.0,0.0033458202439671,0.0000000000000000,-0.0027288463397481,0.0000000000000000,10.3663842034268736,3.0000899155284171,1754.242342,1.987575,-1756.2299168634866,3488.6886194776744,0,2.9e-11
0.9978985958731421,0.0,0.0033426167694985,0.0000000000000000,-0.0027439872400985,0.0000000000000000,10.3658027452778612,3.0000899213392289,1753.776186,1.991537,-1755.7677233522586,3494.7107646076474,0,1.9e-11
0.9978996656012789,0.0,0.0033415709195796,0.0000000000000000,-0.0027489685027965,0.0000000000000000,10.3656373661323986,3.0000899229917595,1753.643297,1.992665,-1755.6359622526700,3496.4234022081364,0,2.2e-11
0.9979008607774597,0.0,0.0033404086263288,0.0000000000000000,-0.0027545261616667,0.0000000000000000,10.3654676265774963,3.0000899246877744,1753.506765,1.993822,-1755.5005877031485,3498.1811097173486,0,3.1e-11
0.9979022134655463,0.0,0.0033391008691116,0.0000000000000000,-0.0027608065979227,0.0000000000000000,10.3652942731179429,3.0000899264198075,1753.367180,1.995005,-1755.3621849210970,3499.9761461464223,0,2.6e-11
0.9979037688677118,0.0,0.0033376069902089,0.0000000000000000,-0.0027680158476768,0.0000000000000000,10.3651190046154440,3.0000899281708828,1753.225903,1.996201,-1755.2221035646839,3501.7909187446348,0,3.5e-11
0.9979055918451992,0.0,0.0033358691439844,0.0000000000000000,-0.0027764489216182,0.0000000000000000,10.3649455165547835,3.0000899299040769,1753.085912,1.997385,-1755.0832970097658,3503.5871618038509,0,2.8e-11
0.9979077745166995,0.0,0.0033338062551409,0.0000000000000000,-0.0027865234238038,0.0000000000000000,10.3647818022457425,3.0000899315395442,1752.953673,1.998502,-1754.9521750393926,3505.2821210816037,0,3.4e-11
0.9979104338364486,0.0,0.0033313181108616,0.0000000000000000,-0.0027987660605460,0.0000000000000000,10.3646449281934867,3.0000899329068207,1752.843013,1.999437,-1754.8424495169252,3506.6991392567288,0,9.7e-12
0.9979136484336367,0.0,0.0033283456774681,0.0000000000000000,-0.0028135202553424,0.0000000000000000,10.3645675720316301,3.0000899336795301,1752.780431,1.999965,-1754.7803962674095,3507.4999599358998,0,1.3e-11
