x0,y0,z0,xd0,yd0,zd0,Tp,JC,stabilityIndex1,stabilityIndex2,alpha,beta,impactFlag,error
1.0037666866744077,0.0,0.0000000000000000,0.0000000000000000,-0.0119464149997380,0.0000000000000000,7.5056307880043249,2.9999998053008787,2.000029,-0.553887,-1.4461425821222,0.8922100703444,0,6.7e-13
1.0037666861357541,0.0,0.0000000000000000,0.0000000000000000,-0.0119464049213872,0.0000000000000000,7.5056007880043252,2.9999998055439678,2.000030,-0.553894,-1.4461356561423,0.8921955673673,0,3.4e-12
1.0037666855956213,0.0,0.0000000000000000,0.0000000000000000,-0.0119463948432286,0.0000000000000000,7.5055707880043245,2.9999998057870574,2.000030,-0.553901,-1.4461287304392,0.8921810633722,0,3.0e-12
1.0037666850560771,0.0,0.0000000000000000,0.0000000000000000,-0.0119463847648938,0.0000000000000000,7.5055407880043248,2.9999998060301492,2.000030,-0.553908,-1.4461218054912,0.8921665580666,0,2.4e-12
1.0037666845164397,0.0,0.0000000000000000,0.0000000000000000,-0.0119463746865044,0.0000000000000000,7.5055107880043250,2.9999998062732427,2.000030,-0.553916,-1.4461148810831,0.8921520515809,0,2.8e-13
1.0037666839771748,0.0,0.0000000000000000,0.0000000000000000,-0.0119463646079769,0.0000000000000000,7.5054807880043253,2.9999998065163367,2.000031,-0.553923,-1.4461079578246,0.8921375435507,0,1.1e-12
1.0037666834379508,0.0,0.0000000000000000,0.0000000000000000,-0.0119463545293706,0.0000000000000000,7.5054507880043246,2.9999998067594329,2.000031,-0.553930,-1.4461010352153,0.8921230342748,0,1.2e-12
1.0037666828989047,0.0,0.0000000000000000,0.0000000000000000,-0.0119463444506611,0.0000000000000000,7.5054207880043249,2.9999998070025304,2.000031,-0.553937,-1.4460941130206,0.8921085238912,0,1.5e-12
1.0037666823598701,0.0,0.0000000000000000,0.0000000000000000,-0.0119463343718782,0.0000000000000000,7.5053907880043251,2.9999998072456298,2.000031,-0.553944,-1.4460871921016,0.8920940118908,0,5.7e-14
1.0037666818208419,0.0,0.0000000000000000,0.0000000000000000,-0.0119463242930227,0.0000000000000000,7.5053607880043245,2.9999998074887309,2.000032,-0.553951,-1.4460802716506,0.8920794987523,0,6.4e-13
1.0037666812834531,0.0,0.0000000000000000,0.0000000000000000,-0.0119463142138019,0.0000000000000000,7.5053307880043247,2.9999998077318333,2.000032,-0.553959,-1.4460733536889,0.8920649832677,0,1.2e-11
1.0037666807432020,0.0,0.0000000000000000,0.0000000000000000,-0.0119463041350228,0.0000000000000000,7.5053007880043250,2.9999998079749362,2.000032,-0.553966,-1.4460664332922,0.8920504683830,0,2.1e-13
1.0037666802043390,0.0,0.0000000000000000,0.0000000000000000,-0.0119462940559232,0.0000000000000000,7.5052707880043252,2.9999998082180417,2.000033,-0.553973,-1.4460595152603,0.8920359512271,0,8.4e-13
1.0037666796667288,0.0,0.0000000000000000,0.0000000000000000,-0.0119462839765294,0.0000000000000000,7.5052407880043246,2.9999998084611490,2.000033,-0.553980,-1.4460525978076,0.8920214328600,0,5.6e-13
1.0037666791274045,0.0,0.0000000000000000,0.0000000000000000,-0.0119462738973690,0.0000000000000000,7.5052107880043248,2.9999998087042568,2.000033,-0.553987,-1.4460456813094,0.8920069130764,0,7.5e-13
1.0037666785892185,0.0,0.0000000000000000,0.0000000000000000,-0.0119462638179342,0.0000000000000000,7.5051807880043251,2.9999998089473667,2.000033,-0.553995,-1.4460387656422,0.8919923919325,0,2.0e-12
1.0037666780505730,0.0,0.0000000000000000,0.0000000000000000,-0.0119462537385103,0.0000000000000000,7.5051507880043253,2.9999998091904780,2.000034,-0.554002,-1.4460318504175,0.8919778696677,0,1.2e-12
1.0037666775122696,0.0,0.0000000000000000,0.0000000000000000,-0.0119462436589536,0.0000000000000000,7.5051207880043247,2.9999998094335907,2.000034,-0.554009,-1.4460249359359,0.8919633461003,0,7.1e-14
1.0037666769740234,0.0,0.0000000000000000,0.0000000000000000,-0.0119462335793153,0.0000000000000000,7.5050907880043249,2.9999998096767055,2.000034,-0.554016,-1.4460180222951,0.8919488211728,0,2.9e-13
1.0037666764359454,0.0,0.0000000000000000,0.0000000000000000,-0.0119462234995757,0.0000000000000000,7.5050607880043252,2.9999998099198204,2.000034,-0.554023,-1.4460111095092,0.8919342948768,0,1.0e-13
1.0037666758978709,0.0,0.0000000000000000,0.0000000000000000,-0.0119462134197638,0.0000000000000000,7.5050307880043245,2.9999998101629384,2.000035,-0.554031,-1.4460041974069,0.8919197673147,0,3.3e-14
1.0037666753601913,0.0,0.0000000000000000,0.0000000000000000,-0.0119462033398098,0.0000000000000000,7.5050007880043248,2.9999998104060568,2.000035,-0.554038,-1.4459972863032,0.8919052382973,0,1.7e-12
1.0037666748221561,0.0,0.0000000000000000,0.0000000000000000,-0.0119461932598481,0.0000000000000000,7.5049707880043250,2.9999998106491774,2.000035,-0.554045,-1.4459903755726,0.8918907082002,0,6.0e-13
1.0037666742844051,0.0,0.0000000000000000,0.0000000000000000,-0.0119461831797641,0.0000000000000000,7.5049407880043253,2.9999998108922989,2.000036,-0.554052,-1.4459834657815,0.8918761766829,0,8.7e-13
1.0037666737464292,0.0,0.0000000000000000,0.0000000000000000,-0.0119461730996489,0.0000000000000000,7.5049107880043247,2.9999998111354222,2.000036,-0.554059,-1.4459765562693,0.8918616441411,0,2.5e-12
1.0037666732089991,0.0,0.0000000000000000,0.0000000000000000,-0.0119461630193644,0.0000000000000000,7.5048807880043249,2.9999998113785473,2.000036,-0.554066,-1.4459696481533,0.8918471099072,0,8.9e-13
1.0037666726714469,0.0,0.0000000000000000,0.0000000000000000,-0.0119461529390306,0.0000000000000000,7.5048507880043251,2.9999998116216733,2.000036,-0.554074,-1.4459627405391,0.8918325745160,0,1.2e-12
1.0037666721341771,0.0,0.0000000000000000,0.0000000000000000,-0.0119461428585747,0.0000000000000000,7.5048207880043245,2.9999998118648010,2.000037,-0.554081,-1.4459558338226,0.8918180377294,0,5.0e-13
1.0037666715968439,0.0,0.0000000000000000,0.0000000000000000,-0.0119461327780584,0.0000000000000000,7.5047907880043248,2.9999998121079305,2.000037,-0.554088,-1.4459489279818,0.8918034995632,0,1.3e-12
1.0037666710593940,0.0,0.0000000000000000,0.0000000000000000,-0.0119461226974920,0.0000000000000000,7.5047607880043250,2.9999998123510618,2.000037,-0.554095,-1.4459420223727,0.8917889603993,0,9.8e-13
1.0037666705223514,0.0,0.0000000000000000,0.0000000000000000,-0.0119461126167809,0.0000000000000000,7.5047307880043252,2.9999998125941949,2.000038,-0.554102,-1.4459351181398,0.8917744195558,0,1.5e-12
1.0037666699851022,0.0,0.0000000000000000,0.0000000000000000,-0.0119461025360356,0.0000000000000000,7.5047007880043246,2.9999998128373280,2.000038,-0.554110,-1.4459282142012,0.8917598776785,0,5.7e-13
1.0037666694481278,0.0,0.0000000000000000,0.0000000000000000,-0.0119460924551695,0.0000000000000000,7.5046707880043249,2.9999998130804637,2.000038,-0.554117,-1.4459213110572,0.8917453344673,0,1.8e-13
1.0037666689111404,0.0,0.0000000000000000,0.0000000000000000,-0.0119460823742343,0.0000000000000000,7.5046407880043251,2.9999998133236012,2.000038,-0.554124,-1.4459144086980,0.8917307899295,0,6.1e-13
1.0037666683740347,0.0,0.0000000000000000,0.0000000000000000,-0.0119460722932484,0.0000000000000000,7.5046107880043254,2.9999998135667392,2.000039,-0.554131,-1.4459075072398,0.8917162439971,0,2.8e-13
1.0037666678375889,0.0,0.0000000000000000,0.0000000000000000,-0.0119460622120736,0.0000000000000000,7.5045807880043247,2.9999998138098793,2.000039,-0.554138,-1.4459006065341,0.8917016967534,0,7.9e-13
1.0037666673009495,0.0,0.0000000000000000,0.0000000000000000,-0.0119460521308617,0.0000000000000000,7.5045507880043250,2.9999998140530209,2.000039,-0.554146,-1.4458937066145,0.8916871481844,0,1.7e-12
1.0037666667641889,0.0,0.0000000000000000,0.0000000000000000,-0.0119460420496002,0.0000000000000000,7.5045207880043252,2.9999998142961637,2.000040,-0.554153,-1.4458868069736,0.8916725985893,0,9.6e-13
1.0037666662277096,0.0,0.0000000000000000,0.0000000000000000,-0.0119460319682167,0.0000000000000000,7.5044907880043246,2.9999998145393083,2.000040,-0.554160,-1.4458799085360,0.8916580474174,0,2.1e-13
1.0037666656912472,0.0,0.0000000000000000,0.0000000000000000,-0.0119460218867586,0.0000000000000000,7.5044607880043248,2.9999998147824543,2.000040,-0.554167,-1.4458730107218,0.8916434950151,0,4.2e-13
1.0037666651548791,0.0,0.0000000000000000,0.0000000000000000,-0.0119460118052123,0.0000000000000000,7.5044307880043251,2.9999998150256020,2.000040,-0.554174,-1.4458661137732,0.8916289412380,0,2.3e-13
1.0037666646186010,0.0,0.0000000000000000,0.0000000000000000,-0.0119460017235784,0.0000000000000000,7.5044007880043253,2.9999998152687510,2.000041,-0.554182,-1.4458592174407,0.8916143862336,0,2.0e-13
1.0037666640824006,0.0,0.0000000000000000,0.0000000000000000,-0.0119459916418592,0.0000000000000000,7.5043707880043247,2.9999998155119019,2.000041,-0.554189,-1.4458523219370,0.8915998298763,0,3.3e-14
1.0037666635463596,0.0,0.0000000000000000,0.0000000000000000,-0.0119459815600399,0.0000000000000000,7.5043407880043249,2.9999998157550536,2.000041,-0.554196,-1.4458454271049,0.8915852722586,0,5.5e-13
1.0037666630102811,0.0,0.0000000000000000,0.0000000000000000,-0.0119459714781557,0.0000000000000000,7.5043107880043252,2.9999998159982075,2.000042,-0.554203,-1.4458385331797,0.8915707132420,0,2.0e-13
1.0037666624743506,0.0,0.0000000000000000,0.0000000000000000,-0.0119459613961737,0.0000000000000000,7.5042807880043245,2.9999998162413624,2.000042,-0.554210,-1.4458316398938,0.8915561529842,0,5.2e-14
1.0037666619386760,0.0,0.0000000000000000,0.0000000000000000,-0.0119459513140745,0.0000000000000000,7.5042507880043248,2.9999998164845190,2.000042,-0.554217,-1.4458247473958,0.8915415913967,0,1.1e-13
1.0037666614026879,0.0,0.0000000000000000,0.0000000000000000,-0.0119459412319595,0.0000000000000000,7.5042207880043250,2.9999998167276773,2.000043,-0.554225,-1.4458178556650,0.8915270284946,0,3.8e-13
1.0037666608670872,0.0,0.0000000000000000,0.0000000000000000,-0.0119459311497040,0.0000000000000000,7.5041907880043253,2.9999998169708366,2.000043,-0.554232,-1.4458109647575,0.8915124642405,0,1.1e-12
1.0037666603314281,0.0,0.0000000000000000,0.0000000000000000,-0.0119459210673871,0.0000000000000000,7.5041607880043246,2.9999998172139977,2.000043,-0.554239,-1.4458040746625,0.8914978986437,0,2.4e-12
1.0037666597961319,0.0,0.0000000000000000,0.0000000000000000,-0.0119459109849344,0.0000000000000000,7.5041307880043249,2.9999998174571609,2.000043,-0.554246,-1.4457971851087,0.8914833318627,0,1.8e-12
1.0037666592604291,0.0,0.0000000000000000,0.0000000000000000,-0.0119459009024826,0.0000000000000000,7.5041007880043251,2.9999998177003251,2.000044,-0.554253,-1.4457902960956,0.8914687639023,0,1.8e-13
1.0037666587250971,0.0,0.0000000000000000,0.0000000000000000,-0.0119458908198930,0.0000000000000000,7.5040707880043254,2.9999998179434906,2.000044,-0.554261,-1.4457834082157,0.8914541944066,0,7.0e-13
1.0037666581897384,0.0,0.0000000000000000,0.0000000000000000,-0.0119458807372365,0.0000000000000000,7.5040407880043247,2.9999998181866578,2.000044,-0.554268,-1.4457765208870,0.8914396237225,0,4.4e-14
1.0037666576546165,0.0,0.0000000000000000,0.0000000000000000,-0.0119458706544663,0.0000000000000000,7.5040107880043250,2.9999998184298269,2.000045,-0.554275,-1.4457696345460,0.8914250515898,0,1.1e-12
1.0037666571195336,0.0,0.0000000000000000,0.0000000000000000,-0.0119458605716176,0.0000000000000000,7.5039807880043252,2.9999998186729968,2.000045,-0.554282,-1.4457627487591,0.8914104782669,0,6.4e-13
1.0037666565844945,0.0,0.0000000000000000,0.0000000000000000,-0.0119458504886895,0.0000000000000000,7.5039507880043246,2.9999998189161690,2.000045,-0.554289,-1.4457558637264,0.8913959036351,0,2.0e-13
1.0037666560495371,0.0,0.0000000000000000,0.0000000000000000,-0.0119458404056753,0.0000000000000000,7.5039207880043248,2.9999998191593420,2.000046,-0.554297,-1.4457489794754,0.8913813276775,0,2.8e-14
1.0037666555146700,0.0,0.0000000000000000,0.0000000000000000,-0.0119458303225734,0.0000000000000000,7.5038907880043251,2.9999998194025168,2.000046,-0.554304,-1.4457420960826,0.8913667503496,0,5.9e-13
1.0037666549800761,0.0,0.0000000000000000,0.0000000000000000,-0.0119458202393513,0.0000000000000000,7.5038607880043253,2.9999998196456930,2.000046,-0.554311,-1.4457352133905,0.8913521717432,0,6.5e-13
1.0037666544452084,0.0,0.0000000000000000,0.0000000000000000,-0.0119458101561063,0.0000000000000000,7.5038307880043247,2.9999998198888709,2.000047,-0.554318,-1.4457283313428,0.8913375918943,0,7.0e-14
1.0037666539106274,0.0,0.0000000000000000,0.0000000000000000,-0.0119458000727386,0.0000000000000000,7.5038007880043249,2.9999998201320501,2.000047,-0.554325,-1.4457214500987,0.8913230107059,0,2.3e-13
1.0037666533760090,0.0,0.0000000000000000,0.0000000000000000,-0.0119457899893061,0.0000000000000000,7.5037707880043252,2.9999998203752312,2.000047,-0.554333,-1.4457145695965,0.8913084282158,0,5.7e-13
1.0037666528416527,0.0,0.0000000000000000,0.0000000000000000,-0.0119457799057552,0.0000000000000000,7.5037407880043245,2.9999998206184135,2.000048,-0.554340,-1.4457076901112,0.8912938442603,0,1.1e-12
1.0037666523073940,0.0,0.0000000000000000,0.0000000000000000,-0.0119457698221153,0.0000000000000000,7.5037107880043248,2.9999998208615977,2.000048,-0.554347,-1.4457008109698,0.8912792592382,0,5.3e-13
1.0037666517732693,0.0,0.0000000000000000,0.0000000000000000,-0.0119457597383800,0.0000000000000000,7.5036807880043250,2.9999998211047822,2.000048,-0.554354,-1.4456939329300,0.8912646727000,0,5.9e-13
1.0037666512389534,0.0,0.0000000000000000,0.0000000000000000,-0.0119457496546071,0.0000000000000000,7.5036507880043253,2.9999998213479695,2.000049,-0.554361,-1.4456870556541,0.8912500848490,0,1.9e-12
1.0037666507047747,0.0,0.0000000000000000,0.0000000000000000,-0.0119457395707383,0.0000000000000000,7.5036207880043246,2.9999998215911581,2.000049,-0.554369,-1.4456801787619,0.8912354959083,0,3.2e-13
1.0037666501707017,0.0,0.0000000000000000,0.0000000000000000,-0.0119457294867789,0.0000000000000000,7.5035907880043249,2.9999998218343480,2.000049,-0.554376,-1.4456733029308,0.8912209054758,0,1.1e-12
1.0037666496367879,0.0,0.0000000000000000,0.0000000000000000,-0.0119457194027197,0.0000000000000000,7.5035607880043251,2.9999998220775397,2.000050,-0.554383,-1.4456664276039,0.8912063138817,0,9.8e-14
1.0037666491028805,0.0,0.0000000000000000,0.0000000000000000,-0.0119457093185876,0.0000000000000000,7.5035307880043245,2.9999998223207323,2.000050,-0.554390,-1.4456595532902,0.8911917208247,0,7.9e-13
1.0037666485696684,0.0,0.0000000000000000,0.0000000000000000,-0.0119456992342593,0.0000000000000000,7.5035007880043247,2.9999998225639271,2.000050,-0.554398,-1.4456526804332,0.8911771260373,0,6.9e-12
1.0037666480367056,0.0,0.0000000000000000,0.0000000000000000,-0.0119456891498147,0.0000000000000000,7.5034707880043250,2.9999998228071232,2.000051,-0.554405,-1.4456458084481,0.8911625298693,0,1.4e-11
1.0037666475019322,0.0,0.0000000000000000,0.0000000000000000,-0.0119456790656239,0.0000000000000000,7.5034407880043252,2.9999998230503202,2.000051,-0.554412,-1.4456389345006,0.8911479340178,0,2.7e-13
1.0037666469684683,0.0,0.0000000000000000,0.0000000000000000,-0.0119456689811265,0.0000000000000000,7.5034107880043246,2.9999998232935194,2.000051,-0.554419,-1.4456320630974,0.8911333357857,0,2.5e-13
1.0037666464349189,0.0,0.0000000000000000,0.0000000000000000,-0.0119456588965725,0.0000000000000000,7.5033807880043248,2.9999998235367200,2.000052,-0.554426,-1.4456251924384,0.8911187362510,0,2.2e-13
1.0037666459015744,0.0,0.0000000000000000,0.0000000000000000,-0.0119456488119105,0.0000000000000000,7.5033507880043251,2.9999998237799215,2.000052,-0.554434,-1.4456183225224,0.8911041354129,0,3.9e-14
1.0037666453683476,0.0,0.0000000000000000,0.0000000000000000,-0.0119456387271558,0.0000000000000000,7.5033207880043253,2.9999998240231252,2.000052,-0.554441,-1.4456114535463,0.8910895331545,0,1.3e-12
1.0037666448354958,0.0,0.0000000000000000,0.0000000000000000,-0.0119456286422622,0.0000000000000000,7.5032907880043247,2.9999998242663306,2.000053,-0.554448,-1.4456045855948,0.8910749294237,0,4.6e-12
1.0037666443020390,0.0,0.0000000000000000,0.0000000000000000,-0.0119456185574058,0.0000000000000000,7.5032607880043249,2.9999998245095374,2.000053,-0.554455,-1.4455977174785,0.8910603249343,0,9.0e-13
1.0037666437689499,0.0,0.0000000000000000,0.0000000000000000,-0.0119456084724118,0.0000000000000000,7.5032307880043252,2.9999998247527451,2.000053,-0.554462,-1.4455908504276,0.8910457189480,0,4.5e-13
1.0037666432360284,0.0,0.0000000000000000,0.0000000000000000,-0.0119455983873163,0.0000000000000000,7.5032007880043246,2.9999998249959550,2.000054,-0.554470,-1.4455839844476,0.8910311114639,0,6.7e-13
1.0037666427031926,0.0,0.0000000000000000,0.0000000000000000,-0.0119455883021337,0.0000000000000000,7.5031707880043248,2.9999998252391658,2.000054,-0.554477,-1.4455771190365,0.8910165027794,0,3.1e-13
1.0037666408823578,0.0,0.0000000000000000,0.0000000000000000,-0.0119455538271965,0.0000000000000000,7.5030682386570655,2.9999998260705483,2.000055,-0.554501,-1.4455536567075,0.8909665558037,0,2.5e-13
1.0037666390242970,0.0,0.0000000000000000,0.0000000000000000,-0.0119455186272307,0.0000000000000000,7.5029635357418218,2.9999998269194093,2.000056,-0.554527,-1.4455297109240,0.8909155440349,0,5.0e-13
1.0037666371282647,0.0,-0.0000000000000000,0.0000000000000000,-0.0119454826869672,0.0000000000000000,7.5028566340323062,2.9999998277861146,2.000058,-0.554552,-1.4455052719034,0.8908634444516,0,2.4e-12
1.0037666351935117,0.0,0.0000000000000000,0.0000000000000000,-0.0119454459908127,0.0000000000000000,7.5027474873524387,2.9999998286710414,2.000059,-0.554579,-1.4454803292837,0.8908102337507,0,2.2e-12
1.0037666332192881,0.0,-0.0000000000000000,0.0000000000000000,-0.0119454085228415,0.0000000000000000,7.5026360485564103,2.9999998295745729,2.000060,-0.554605,-1.4454548730850,0.8907558877621,0,1.3e-12
1.0037666312047759,0.0,0.0000000000000000,0.0000000000000000,-0.0119453702668013,0.0000000000000000,7.5025222695081899,2.9999998304970998,2.000062,-0.554633,-1.4454288931940,0.8907003817461,0,1.5e-12
1.0037666291491856,0.0,-0.0000000000000000,0.0000000000000000,-0.0119453312060885,0.0000000000000000,7.5024061010608953,2.9999998314390233,2.000063,-0.554661,-1.4454023788604,0.8906436906722,0,1.2e-12
1.0037666270517442,0.0,0.0000000000000000,0.0000000000000000,-0.0119452913237439,0.0000000000000000,7.5022874930355483,2.9999998324007504,2.000065,-0.554689,-1.4453753190623,0.8905857889884,0,1.8e-12
1.0037666249115869,0.0,-0.0000000000000000,0.0000000000000000,-0.0119452506024615,0.0000000000000000,7.5021663941992154,2.9999998333826992,2.000066,-0.554718,-1.4453477039230,0.8905266497663,0,8.7e-13
1.0037666227278921,0.0,0.0000000000000000,0.0000000000000000,-0.0119452090245615,0.0000000000000000,7.5020427522430850,2.9999998343852936,2.000068,-0.554748,-1.4453195211705,0.8904662467875,0,5.1e-13
1.0037666204998186,0.0,-0.0000000000000000,0.0000000000000000,-0.0119451665719897,0.0000000000000000,7.5019165137597872,2.9999998354089699,2.000069,-0.554779,-1.4452907598954,0.8904045522961,0,7.0e-13
1.0037666182264773,0.0,0.0000000000000000,0.0000000000000000,-0.0119451232263161,0.0000000000000000,7.5017876242202588,2.9999998364541720,2.000071,-0.554810,-1.4452614083545,0.8903415382839,0,2.3e-13
1.0037666159069480,0.0,-0.0000000000000000,0.0000000000000000,-0.0119450789687234,0.0000000000000000,7.5016560279502098,2.9999998375213517,2.000073,-0.554841,-1.4452314550280,0.8902771758498,0,1.4e-12
1.0037666135404115,0.0,0.0000000000000000,0.0000000000000000,-0.0119450337799761,0.0000000000000000,7.5015216681063075,2.9999998386109739,2.000075,-0.554874,-1.4452008874514,0.8902114358735,0,6.1e-13
1.0037666111258625,0.0,-0.0000000000000000,0.0000000000000000,-0.0119449876404611,0.0000000000000000,7.5013844866511308,2.9999998397235093,2.000076,-0.554907,-1.4451696938839,0.8901442880098,0,2.1e-12
1.0037666086624437,0.0,0.0000000000000000,0.0000000000000000,-0.0119449405301223,0.0000000000000000,7.5012444243286511,2.9999998408594410,2.000078,-0.554940,-1.4451378609702,0.8900757020552,0,1.2e-12
1.0037666061491426,0.0,0.0000000000000000,0.0000000000000000,-0.0119448924285020,0.0000000000000000,7.5011014206381388,2.9999998420192622,2.000080,-0.554975,-1.4451053772699,0.8900056458368,0,9.2e-13
1.0037666035850241,0.0,-0.0000000000000000,0.0000000000000000,-0.0119448433146945,0.0000000000000000,7.5009554138083923,2.9999998432034753,2.000082,-0.555010,-1.4450722288811,0.8899340877926,0,9.6e-13
1.0037666009691206,0.0,0.0000000000000000,0.0000000000000000,-0.0119447931673534,0.0000000000000000,7.5008063407708949,2.9999998444125953,2.000084,-0.555046,-1.4450384027805,0.8898609949645,0,2.1e-13
1.0037665983003985,0.0,0.0000000000000000,0.0000000000000000,-0.0119447419646890,0.0000000000000000,7.5006541371324902,2.9999998456471455,2.000087,-0.555083,-1.4450038859103,0.8897863335268,0,1.8e-12
1.0037665955778383,0.0,-0.0000000000000000,0.0000000000000000,-0.0119446896844448,0.0000000000000000,7.5004987371476979,2.9999998469076621,2.000089,-0.555120,-1.4449686639051,0.8897100695175,0,2.7e-13
1.0037665928004578,0.0,-0.0000000000000000,0.0000000000000000,-0.0119446363038832,0.0000000000000000,7.5003400736903627,2.9999998481946921,2.000091,-0.555159,-1.4449327233433,0.8896321674807,0,2.6e-13
1.0037665899670880,0.0,0.0000000000000000,0.0000000000000000,-0.0119445817998139,0.0000000000000000,7.5001780782242582,2.9999998495087943,2.000094,-0.555198,-1.4448960502354,0.8895525913459,0,2.0e-12
1.0037665870767503,0.0,-0.0000000000000000,0.0000000000000000,-0.0119445261485199,0.0000000000000000,7.5000126807741117,2.9999998508505392,2.000096,-0.555238,-1.4448586293739,0.8894713047899,0,8.9e-13
1.0037665841283643,0.0,-0.0000000000000000,0.0000000000000000,-0.0119444693257948,0.0000000000000000,7.4998438098949114,2.9999998522205087,2.000099,-0.555278,-1.4448204464754,0.8893882699410,0,9.3e-15
1.0037665811207712,0.0,0.0000000000000000,0.0000000000000000,-0.0119444113069308,0.0000000000000000,7.4996713926410425,2.9999998536192982,2.000102,-0.555320,-1.4447814866119,0.8893034482930,0,2.6e-13
1.0037665780528706,0.0,-0.0000000000000000,0.0000000000000000,-0.0119443520666820,0.0000000000000000,7.4994953545350116,2.9999998550475149,2.000104,-0.555363,-1.4447417345230,0.8892168004915,0,1.2e-13
1.0037665749234874,0.0,0.0000000000000000,0.0000000000000000,-0.0119442915792773,0.0000000000000000,7.4993156195350457,2.9999998565057786,2.000107,-0.555406,-1.4447011746163,0.8891282863105,0,6.9e-13
1.0037665717315134,0.0,-0.0000000000000000,0.0000000000000000,-0.0119442298183841,0.0000000000000000,7.4991321100024795,2.9999998579947227,2.000110,-0.555450,-1.4446597907843,0.8890378647380,0,9.7e-13
1.0037665684756876,0.0,-0.0000000000000000,0.0000000000000000,-0.0119441667571336,0.0000000000000000,7.4989447466678421,2.9999998595149946,2.000113,-0.555496,-1.4446175677402,0.8889454931557,0,1.6e-12
1.0037665651548513,0.0,-0.0000000000000000,0.0000000000000000,-0.0119441023680669,0.0000000000000000,7.4987534485970189,2.9999998610672542,2.000117,-0.555542,-1.4445744881799,0.8888511290012,0,1.2e-12
1.0037665617678158,0.0,-0.0000000000000000,0.0000000000000000,-0.0119440366231433,0.0000000000000000,7.4985581331560942,2.9999998626521758,2.000120,-0.555589,-1.4445305358031,0.8887547279434,0,5.0e-13
1.0037665583132624,0.0,0.0000000000000000,0.0000000000000000,-0.0119439694937460,0.0000000000000000,7.4983587159754528,2.9999998642704480,2.000123,-0.555638,-1.4444856939297,0.8886562446809,0,2.0e-12
1.0037665547899954,0.0,0.0000000000000000,0.0000000000000000,-0.0119439009506268,0.0000000000000000,7.4981551109137516,2.9999998659227747,2.000127,-0.555687,-1.4444399444811,0.8885556335164,0,9.1e-13
1.0037665511966636,0.0,-0.0000000000000000,0.0000000000000000,-0.0119438309639380,0.0000000000000000,7.4979472300202490,2.9999998676098736,2.000131,-0.555737,-1.4443932710385,0.8884528465138,0,9.6e-13
1.0037665475320474,0.0,-0.0000000000000000,0.0000000000000000,-0.0119437595031732,0.0000000000000000,7.4977349834972680,2.9999998693324779,2.000134,-0.555789,-1.4443456548276,0.8883478358508,0,3.2e-13
1.0037665437947825,0.0,0.0000000000000000,0.0000000000000000,-0.0119436865371984,0.0000000000000000,7.4975182796609543,2.9999998710913363,2.000138,-0.555841,-1.4442970780126,0.8882405518369,0,3.7e-14
1.0037665399835076,0.0,0.0000000000000000,0.0000000000000000,-0.0119436120342144,0.0000000000000000,7.4972970249018820,2.9999998728872144,2.000142,-0.555895,-1.4442475220723,0.8881309438434,0,3.8e-13
1.0037665360968673,0.0,0.0000000000000000,0.0000000000000000,-0.0119435359617407,0.0000000000000000,7.4970711236446235,2.9999998747208920,2.000147,-0.555950,-1.4441969684237,0.8880189599026,0,1.1e-12
1.0037665321335043,0.0,0.0000000000000000,0.0000000000000000,-0.0119434582866036,0.0000000000000000,7.4968404783064422,2.9999998765931677,2.000151,-0.556006,-1.4441453975093,0.8879045472172,0,9.3e-13
1.0037665280919890,0.0,-0.0000000000000000,0.0000000000000000,-0.0119433789749325,0.0000000000000000,7.4966049892550108,2.9999998785048554,2.000156,-0.556063,-1.4440927900803,0.8877876513666,0,7.3e-13
1.0037665239709177,0.0,0.0000000000000000,0.0000000000000000,-0.0119432979921276,0.0000000000000000,7.4963645547655187,2.9999998804567864,2.000160,-0.556121,-1.4440391264140,0.8876682167339,0,8.6e-13
1.0037665197688384,0.0,-0.0000000000000000,0.0000000000000000,-0.0119432153028580,0.0000000000000000,7.4961190709765955,2.9999998824498113,2.000165,-0.556181,-1.4439843863212,0.8875461864719,0,6.7e-13
1.0037665154842494,0.0,-0.0000000000000000,0.0000000000000000,-0.0119431308710457,0.0000000000000000,7.4958684318454223,2.9999998844847959,2.000170,-0.556242,-1.4439285495279,0.8874215022366,0,1.5e-12
1.0037665111157237,0.0,0.0000000000000000,0.0000000000000000,-0.0119430446598276,0.0000000000000000,7.4956125291021252,2.9999998865626263,2.000176,-0.556304,-1.4438715950114,0.8872941045445,0,1.3e-12
1.0037665066617054,0.0,0.0000000000000000,0.0000000000000000,-0.0119429566315745,0.0000000000000000,7.4953512522026502,2.9999998886842070,2.000181,-0.556368,-1.4438135016016,0.8871639323812,0,3.4e-13
1.0037665021206770,0.0,0.0000000000000000,0.0000000000000000,-0.0119428667478444,0.0000000000000000,7.4950844882812682,2.9999998908504630,2.000187,-0.556433,-1.4437542482993,0.8870309229695,0,1.6e-13
1.0037664974911071,0.0,-0.0000000000000000,0.0000000000000000,-0.0119427749693759,0.0000000000000000,7.4948121221017185,2.9999998930623359,2.000193,-0.556499,-1.4436938129264,0.8868950125348,0,2.2e-13
1.0037664927713830,0.0,0.0000000000000000,0.0000000000000000,-0.0119426812560796,0.0000000000000000,7.4945340360073036,2.9999998953207903,2.000199,-0.556567,-1.4436321737291,0.8867561353093,0,1.7e-12
1.0037664879599595,0.0,0.0000000000000000,0.0000000000000000,-0.0119425855669972,0.0000000000000000,7.4942501098702810,2.9999998976268096,2.000205,-0.556636,-1.4435693076344,0.8866142245288,0,1.1e-12
1.0037664830551967,0.0,0.0000000000000000,0.0000000000000000,-0.0119424878603088,0.0000000000000000,7.4939602210397016,2.9999998999813982,2.000212,-0.556706,-1.4435051921174,0.8864692112775,0,7.8e-13
1.0037664780554780,0.0,-0.0000000000000000,0.0000000000000000,-0.0119423880932942,0.0000000000000000,7.4936642442885857,2.9999999023855821,2.000218,-0.556779,-1.4434398039446,0.8863210251912,0,3.3e-13
1.0037664729591214,0.0,0.0000000000000000,0.0000000000000000,-0.0119422862223294,0.0000000000000000,7.4933620517596644,2.9999999048404100,2.000226,-0.556852,-1.4433731198401,0.8861695940187,0,2.0e-12
1.0037664677645037,0.0,-0.0000000000000000,0.0000000000000000,-0.0119421822028449,0.0000000000000000,7.4930535129103335,2.9999999073469508,2.000233,-0.556928,-1.4433051151963,0.8860148443386,0,3.4e-13
1.0037664624698786,0.0,0.0000000000000000,0.0000000000000000,-0.0119420759893370,0.0000000000000000,7.4927384944559385,2.9999999099062991,2.000240,-0.557005,-1.4432357664219,0.8858567001149,0,7.2e-13
1.0037664570735589,0.0,0.0000000000000000,0.0000000000000000,-0.0119419675353157,0.0000000000000000,7.4924168603124670,2.9999999125195695,2.000248,-0.557083,-1.4431650485610,0.8856950840682,0,5.7e-13
1.0037664515737861,0.0,0.0000000000000000,0.0000000000000000,-0.0119418567933060,0.0000000000000000,7.4920884715375253,2.9999999151879031,2.000257,-0.557164,-1.4430929369832,0.8855299166169,0,2.8e-12
1.0037664459688760,0.0,0.0000000000000000,0.0000000000000000,-0.0119417437148020,0.0000000000000000,7.4917531862705413,2.9999999179124637,2.000265,-0.557246,-1.4430194055375,0.8853611169228,0,1.1e-12
1.0037664402569602,0.0,-0.0000000000000000,0.0000000000000000,-0.0119416282502877,0.0000000000000000,7.4914108596710189,2.9999999206944401,2.000274,-0.557329,-1.4429444293047,0.8851886012032,0,1.8e-12
1.0037664344363233,0.0,-0.0000000000000000,0.0000000000000000,-0.0119415103491580,0.0000000000000000,7.4910613438564901,2.9999999235350461,2.000283,-0.557415,-1.4428679820506,0.8850122841895,0,3.8e-12
1.0037664285051293,0.0,0.0000000000000000,0.0000000000000000,-0.0119413899597423,0.0000000000000000,7.4907044878381681,2.9999999264355233,2.000292,-0.557502,-1.4427900366489,0.8848320788210,0,1.5e-12
1.0037664224615261,0.0,0.0000000000000000,0.0000000000000000,-0.0119412670292624,0.0000000000000000,7.4903401374558429,2.9999999293971369,2.000302,-0.557592,-1.4427105671166,0.8846478949748,0,1.7e-12
1.0037664163037590,0.0,-0.0000000000000000,0.0000000000000000,-0.0119411415037889,0.0000000000000000,7.4899681353114582,2.9999999324211810,2.000313,-0.557683,-1.4426295459555,0.8844596409875,0,1.6e-12
1.0037664100298671,0.0,-0.0000000000000000,0.0000000000000000,-0.0119410133282701,0.0000000000000000,7.4895883207005767,2.9999999355089773,2.000323,-0.557776,-1.4425469457248,0.8842672226628,0,2.0e-12
1.0037664036380172,0.0,-0.0000000000000000,0.0000000000000000,-0.0119408824464477,0.0000000000000000,7.4892005295434494,2.9999999386618748,2.000334,-0.557871,-1.4424627383770,0.8840705436013,0,1.6e-12
1.0037663971263158,0.0,0.0000000000000000,0.0000000000000000,-0.0119407488008643,0.0000000000000000,7.4888045943138168,2.9999999418812506,2.000346,-0.557969,-1.4423768956773,0.8838695048845,0,6.0e-13
1.0037663904928373,0.0,-0.0000000000000000,0.0000000000000000,-0.0119406123328318,0.0000000000000000,7.4884003439665277,2.9999999451685131,2.000358,-0.558068,-1.4422893892995,0.8836640049540,0,1.1e-12
1.0037663837357074,0.0,-0.0000000000000000,0.0000000000000000,-0.0119404729823906,0.0000000000000000,7.4879876038637567,2.9999999485251010,2.000370,-0.558170,-1.4422001900555,0.8834539400035,0,1.1e-12
1.0037663768529197,0.0,-0.0000000000000000,0.0000000000000000,-0.0119403306883131,0.0000000000000000,7.4875661956992046,2.9999999519524811,2.000383,-0.558274,-1.4421092687461,0.8832392034001,0,1.6e-12
1.0037663698425838,0.0,-0.0000000000000000,0.0000000000000000,-0.0119401853880331,0.0000000000000000,7.4871359374214350,2.9999999554521533,2.000396,-0.558380,-1.4420165956591,0.8830196859114,0,1.9e-12
1.0037663627027227,0.0,0.0000000000000000,0.0000000000000000,-0.0119400370176518,0.0000000000000000,7.4866966431548585,2.9999999590256499,2.000410,-0.558488,-1.4419221407843,0.8827952755041,0,1.8e-12
1.0037663554313760,0.0,-0.0000000000000000,0.0000000000000000,-0.0119398855118907,0.0000000000000000,7.4862481231195463,2.9999999626745351,2.000424,-0.558599,-1.4418258738542,0.8825658572428,0,1.7e-12
1.0037663480265633,0.0,-0.0000000000000000,0.0000000000000000,-0.0119397308040676,0.0000000000000000,7.4857901835491365,2.9999999664004071,2.000439,-0.558712,-1.4417277642327,0.8823313132804,0,1.4e-12
1.0037663404862507,0.0,-0.0000000000000000,0.0000000000000000,-0.0119395728260714,0.0000000000000000,7.4853226266070045,2.9999999702048972,2.000455,-0.558827,-1.4416277809497,0.8820915227539,0,1.2e-12
1.0037663328085287,0.0,0.0000000000000000,0.0000000000000000,-0.0119394115083004,0.0000000000000000,7.4848452503010492,2.9999999740896741,2.000471,-0.558945,-1.4415258929103,0.8818463615783,0,2.2e-12
1.0037663249913251,0.0,-0.0000000000000000,0.0000000000000000,-0.0119392467796793,0.0000000000000000,7.4843578483959003,2.9999999780564393,2.000488,-0.559066,-1.4414220682207,0.8815957027637,0,1.9e-12
1.0037663170326614,0.0,-0.0000000000000000,0.0000000000000000,-0.0119390785675818,0.0000000000000000,7.4838602103241669,2.9999999821069325,2.000505,-0.559189,-1.4413162752786,0.8813394156768,0,2.6e-12
1.0037663089305324,0.0,0.0000000000000000,0.0000000000000000,-0.0119389067978182,0.0000000000000000,7.4833521210952227,2.9999999862429299,2.000523,-0.559315,-1.4412084815335,0.8810773666881,0,9.9e-13
1.0037663006829152,0.0,0.0000000000000000,0.0000000000000000,-0.0119387313945984,0.0000000000000000,7.4828333612022710,2.9999999904662471,2.000542,-0.559444,-1.4410986551538,0.8808094180876,0,1.9e-12
1.0037662922878290,0.0,-0.0000000000000000,0.0000000000000000,-0.0119385522804873,0.0000000000000000,7.4823037065275440,2.9999999947787370,2.000562,-0.559575,-1.4409867631401,0.8805354291129,0,2.9e-12
1.0037662837432308,0.0,0.0000000000000000,0.0000000000000000,-0.0119383693763863,0.0000000000000000,7.4817629282452325,2.9999999991822932,2.000582,-0.559709,-1.4408727723804,0.8802552552210,0,2.6e-12
1.0037662750471361,0.0,0.0000000000000000,0.0000000000000000,-0.0119381826014753,0.0000000000000000,7.4812107927227522,3.0000000036788497,2.000603,-0.559847,-1.4407566498539,0.8799687478658,0,2.1e-12
1.0037662661975655,0.0,0.0000000000000000,0.0000000000000000,-0.0119379918731839,0.0000000000000000,7.4806470614196492,3.0000000082703822,2.000625,-0.559987,-1.4406383622553,0.8796757546152,0,2.2e-12
1.0037662571924990,0.0,0.0000000000000000,0.0000000000000000,-0.0119377971071616,0.0000000000000000,7.4800714907843791,3.0000000129589082,2.000648,-0.560130,-1.4405178761051,0.8793761189821,0,3.8e-12
1.0037662480299747,0.0,-0.0000000000000000,0.0000000000000000,-0.0119375982172204,0.0000000000000000,7.4794838321491577,3.0000000177464905,2.000672,-0.560277,-1.4403951569529,0.8790696807845,0,1.5e-12
1.0037662387080133,0.0,-0.0000000000000000,0.0000000000000000,-0.0119373951153074,0.0000000000000000,7.4788838316223254,3.0000000226352337,2.000697,-0.560427,-1.4402701717696,0.8787562746041,0,2.6e-12
1.0037662292246945,0.0,0.0000000000000000,0.0000000000000000,-0.0119371877114499,0.0000000000000000,7.4782712299786880,3.0000000276272893,2.000723,-0.560580,-1.4401428859649,0.8784357314515,0,3.0e-12
1.0037662195780728,0.0,0.0000000000000000,0.0000000000000000,-0.0119369759137286,0.0000000000000000,7.4776457625472856,3.0000000327248553,2.000749,-0.560736,-1.4400132653171,0.8781078774881,0,2.6e-12
1.0037662097662314,0.0,-0.0000000000000000,0.0000000000000000,-0.0119367596282235,0.0000000000000000,7.4770071590970275,3.0000000379301763,2.000777,-0.560896,-1.4398812758223,0.8777725339959,0,3.9e-12
1.0037661997872862,0.0,-0.0000000000000000,0.0000000000000000,-0.0119365387589702,0.0000000000000000,7.4763551437198368,3.0000000432455445,2.000806,-0.561059,-1.4397468827194,0.8774295178272,0,3.7e-12
1.0037661896393797,0.0,0.0000000000000000,0.0000000000000000,-0.0119363132079139,0.0000000000000000,7.4756894347113372,3.0000000486733041,2.000836,-0.561226,-1.4396100518570,0.8770786404539,0,4.1e-12
1.0037661793207056,0.0,-0.0000000000000000,0.0000000000000000,-0.0119360828748598,0.0000000000000000,7.4750097444490633,3.0000000542158483,2.000867,-0.561397,-1.4394707487707,0.8767197083846,0,5.0e-12
1.0037661688294535,0.0,-0.0000000000000000,0.0000000000000000,-0.0119358476574348,0.0000000000000000,7.4743157792679789,3.0000000598756213,2.000900,-0.561571,-1.4393289386786,0.8763525230249,0,3.3e-12
1.0037661581638690,0.0,0.0000000000000000,0.0000000000000000,-0.0119356074510279,0.0000000000000000,7.4736072393335720,3.0000000656551218,2.000934,-0.561749,-1.4391845877611,0.8759768797644,0,3.3e-12
1.0037661473222284,0.0,-0.0000000000000000,0.0000000000000000,-0.0119353621487449,0.0000000000000000,7.4728838185121305,3.0000000715569008,2.000969,-0.561931,-1.4390376615974,0.8755925687626,0,4.0e-12
1.0037661363029073,0.0,0.0000000000000000,0.0000000000000000,-0.0119351116413455,0.0000000000000000,7.4721452042384575,3.0000000775835662,2.001006,-0.562118,-1.4388881257862,0.8751993744210,0,3.3e-12
1.0037661251042611,0.0,-0.0000000000000000,0.0000000000000000,-0.0119348558172116,0.0000000000000000,7.4713910773804866,3.0000000837377816,2.001044,-0.562308,-1.4387359467135,0.8747970747647,0,4.0e-12
1.0037661137247298,0.0,0.0000000000000000,0.0000000000000000,-0.0119345945622755,0.0000000000000000,7.4706211121014015,3.0000000900222674,2.001084,-0.562503,-1.4385810903676,0.8743854419847,0,4.5e-12
1.0037661021628346,0.0,-0.0000000000000000,0.0000000000000000,-0.0119343277599654,0.0000000000000000,7.4698349757187037,3.0000000964398055,2.001125,-0.562701,-1.4384235231838,0.8739642417615,0,4.1e-12
1.0037660904171357,0.0,-0.0000000000000000,0.0000000000000000,-0.0119340552911567,0.0000000000000000,7.4690323285602362,3.0000001029932353,2.001168,-0.562905,-1.4382632122362,0.8735332329729,0,5.2e-12
1.0037660784862892,0.0,0.0000000000000000,0.0000000000000000,-0.0119337770341050,0.0000000000000000,7.4682128238173355,3.0000001096854598,2.001213,-0.563112,-1.4381001242765,0.8730921680904,0,4.6e-12
1.0037660663689894,0.0,-0.0000000000000000,0.0000000000000000,-0.0119334928643962,0.0000000000000000,7.4673761073947134,3.0000001165194434,2.001259,-0.563325,-1.4379342272571,0.8726407920747,0,5.4e-12
1.0037660540640496,0.0,-0.0000000000000000,0.0000000000000000,-0.0119332026548728,0.0000000000000000,7.4665218177573980,3.0000001234982174,2.001308,-0.563542,-1.4377654889774,0.8721788429958,0,5.7e-12
1.0037660415703646,0.0,0.0000000000000000,0.0000000000000000,-0.0119329062755785,0.0000000000000000,7.4656495857742700,3.0000001306248762,2.001358,-0.563764,-1.4375938779726,0.8717060512964,0,5.3e-12
1.0037660288869212,0.0,-0.0000000000000000,0.0000000000000000,-0.0119326035936928,0.0000000000000000,7.4647590345583774,3.0000001379025845,2.001411,-0.563991,-1.4374193635244,0.8712221395804,0,5.1e-12
1.0037660160128108,0.0,-0.0000000000000000,0.0000000000000000,-0.0119322944734636,0.0000000000000000,7.4638497793038914,3.0000001453345733,2.001465,-0.564223,-1.4372419156235,0.8707268224188,0,6.1e-12
1.0037660029472466,0.0,0.0000000000000000,0.0000000000000000,-0.0119319787761386,0.0000000000000000,7.4629214271196362,3.0000001529241467,2.001522,-0.564461,-1.4370615045792,0.8702198063659,0,6.1e-12
1.0037659896895390,0.0,0.0000000000000000,0.0000000000000000,-0.0119316563599006,0.0000000000000000,7.4619735768590534,3.0000001606746780,2.001581,-0.564703,-1.4368781020951,0.8697007890806,0,7.6e-12
1.0037659762391398,0.0,0.0000000000000000,0.0000000000000000,-0.0119313270797902,0.0000000000000000,7.4610058189466848,3.0000001685896169,2.001643,-0.564951,-1.4366916800418,0.8691694598297,0,6.7e-12
1.0037659625956501,0.0,0.0000000000000000,0.0000000000000000,-0.0119309907876329,0.0000000000000000,7.4600177352009576,3.0000001766724873,2.001707,-0.565205,-1.4365022121232,0.8686254982394,0,6.5e-12
1.0037659487587911,0.0,0.0000000000000000,0.0000000000000000,-0.0119306473319708,0.0000000000000000,7.4590088986531704,3.0000001849268902,2.001774,-0.565464,-1.4363096728843,0.8680685746399,0,8.1e-12
1.0037659347284538,0.0,-0.0000000000000000,0.0000000000000000,-0.0119302965579790,0.0000000000000000,7.4579788733627881,3.0000001933565055,2.001843,-0.565729,-1.4361140374687,0.8674983499518,0,7.7e-12
1.0037659205046818,0.0,-0.0000000000000000,0.0000000000000000,-0.0119299383073911,0.0000000000000000,7.4569272142287497,3.0000002019650944,2.001916,-0.566001,-1.4359152830638,0.8669144745410,0,7.8e-12
1.0037659060877160,0.0,-0.0000000000000000,0.0000000000000000,-0.0119295724184128,0.0000000000000000,7.4558534667968965,3.0000002107564994,2.001991,-0.566278,-1.4357133880065,0.8663165884806,0,8.3e-12
1.0037658914779644,0.0,-0.0000000000000000,0.0000000000000000,-0.0119291987256456,0.0000000000000000,7.4547571670632289,3.0000002197346496,2.002070,-0.566561,-1.4355083320838,0.8657043210771,0,9.1e-12
1.0037658766760333,0.0,0.0000000000000000,0.0000000000000000,-0.0119288170599993,0.0000000000000000,7.4536378412731006,3.0000002289035583,2.002152,-0.566852,-1.4353000966710,0.8650772904908,0,9.2e-12
1.0037658616827543,0.0,0.0000000000000000,0.0000000000000000,-0.0119284272486009,0.0000000000000000,7.4524950057161989,3.0000002382673281,2.002237,-0.567148,-1.4350886649547,0.8644351032875,0,8.0e-12
1.0037658464991679,0.0,0.0000000000000000,0.0000000000000000,-0.0119280291147111,0.0000000000000000,7.4513281665171194,3.0000002478301524,2.002326,-0.567452,-1.4348740226488,0.8637773536858,0,9.8e-12
1.0037658311265609,0.0,-0.0000000000000000,0.0000000000000000,-0.0119276224776278,0.0000000000000000,7.4501368194216173,3.0000002575963158,2.002418,-0.567762,-1.4346561564410,0.8631036241615,0,1.0e-11
1.0037658155664577,0.0,-0.0000000000000000,0.0000000000000000,-0.0119272071525959,0.0000000000000000,7.4489204495782859,3.0000002675702002,2.002514,-0.568079,-1.4344350560672,0.8624134838528,0,1.1e-11
1.0037657998206535,0.0,-0.0000000000000000,0.0000000000000000,-0.0119267829507069,0.0000000000000000,7.4476785313156908,3.0000002777562806,2.002614,-0.568404,-1.4342107132970,0.8617064888134,0,1.2e-11
1.0037657838912371,0.0,0.0000000000000000,0.0000000000000000,-0.0119263496787989,0.0000000000000000,7.4464105279148045,3.0000002881591343,2.002719,-0.568736,-1.4339831222979,0.8609821814214,0,1.2e-11
1.0037657677805774,0.0,0.0000000000000000,0.0000000000000000,-0.0119259071393589,0.0000000000000000,7.4451158913765765,3.0000002987834384,2.002828,-0.569075,-1.4337522806614,0.8602400893774,0,1.3e-11
1.0037657514913647,0.0,-0.0000000000000000,0.0000000000000000,-0.0119254551304146,0.0000000000000000,7.4437940621846908,3.0000003096339749,2.002941,-0.569423,-1.4335181881663,0.8594797260558,0,1.3e-11
1.0037657350266145,0.0,-0.0000000000000000,0.0000000000000000,-0.0119249934454288,0.0000000000000000,7.4424444690632647,3.0000003207156309,2.003059,-0.569778,-1.4332808480637,0.8587005893133,0,1.4e-11
1.0037657183897022,0.0,-0.0000000000000000,0.0000000000000000,-0.0119245218731863,0.0000000000000000,7.4410665287294879,3.0000003320334017,2.003182,-0.570142,-1.4330402669124,0.8579021611613,0,1.4e-11
1.0037657015843702,0.0,0.0000000000000000,0.0000000000000000,-0.0119240401976826,0.0000000000000000,7.4396596456410053,3.0000003435923963,2.003310,-0.570514,-1.4327964548171,0.8570839071803,0,1.5e-11
1.0037656846147416,0.0,0.0000000000000000,0.0000000000000000,-0.0119235481980083,0.0000000000000000,7.4382232117379719,3.0000003553978347,2.003444,-0.570894,-1.4325494257755,0.8562452758479,0,1.5e-11
1.0037656674853539,0.0,-0.0000000000000000,0.0000000000000000,-0.0119230456482277,0.0000000000000000,7.4367566061797072,3.0000003674550566,2.003583,-0.571284,-1.4322991977858,0.8553856980001,0,1.6e-11
1.0037656502011929,0.0,0.0000000000000000,0.0000000000000000,-0.0119225323172532,0.0000000000000000,7.4352591950757985,3.0000003797695185,2.003728,-0.571682,-1.4320457931311,0.8545045861601,0,1.8e-11
1.0037656327676752,0.0,0.0000000000000000,0.0000000000000000,-0.0119220079687264,0.0000000000000000,7.4337303312114376,3.0000003923467990,2.003879,-0.572090,-1.4317892387272,0.8536013338182,0,1.8e-11
1.0037656151907357,0.0,0.0000000000000000,0.0000000000000000,-0.0119214723608772,0.0000000000000000,7.4321693537671463,3.0000004051926044,2.004036,-0.572507,-1.4315295664134,0.8526753147170,0,1.9e-11
1.0037655974767767,0.0,0.0000000000000000,0.0000000000000000,-0.0119209252464035,0.0000000000000000,7.4305755880323492,3.0000004183127666,2.004201,-0.572934,-1.4312668132937,0.8517258820979,0,2.0e-11
1.0037655796327631,0.0,-0.0000000000000000,0.0000000000000000,-0.0119203663723219,0.0000000000000000,7.4289483451131453,3.0000004317132496,2.004372,-0.573371,-1.4310010218896,0.8507523680260,0,2.1e-11
1.0037655616662096,0.0,-0.0000000000000000,0.0000000000000000,-0.0119197954798340,0.0000000000000000,7.4272869216337387,3.0000004454001523,2.004550,-0.573818,-1.4307322408149,0.8497540823896,0,2.2e-11
1.0037655435852262,0.0,0.0000000000000000,0.0000000000000000,-0.0119192123041780,0.0000000000000000,7.4255905994316569,3.0000004593797094,2.004736,-0.574275,-1.4304605248596,0.8487303122249,0,2.4e-11
1.0037655253985474,0.0,0.0000000000000000,0.0000000000000000,-0.0119186165744805,0.0000000000000000,7.4238586452465087,3.0000004736582979,2.004929,-0.574743,-1.4301859351350,0.8476803209848,0,2.5e-11
1.0037655071155491,0.0,-0.0000000000000000,0.0000000000000000,-0.0119180080136046,0.0000000000000000,7.4220903104021492,3.0000004882424398,2.005131,-0.575223,-1.4299085403928,0.8466033470675,0,2.6e-11
1.0037654887463154,0.0,0.0000000000000000,0.0000000000000000,-0.0119173863379874,0.0000000000000000,7.4202848304822142,3.0000005031388031,2.005342,-0.575713,-1.4296284165592,0.8454986033987,0,2.8e-11
1.0037654703016474,0.0,-0.0000000000000000,0.0000000000000000,-0.0119167512574854,0.0000000000000000,7.4184414249987025,3.0000005183542080,2.005561,-0.576215,-1.4293456436050,0.8443652786309,0,2.6e-13
1.0037654517930976,0.0,0.0000000000000000,0.0000000000000000,-0.0119161024751910,0.0000000000000000,7.4165592970536700,3.0000005338956299,2.005790,-0.576729,-1.4290603211310,0.8432025268544,0,3.7e-13
1.0037654332330255,0.0,0.0000000000000000,0.0000000000000000,-0.0119154396872830,0.0000000000000000,7.4146376329935881,3.0000005497702036,2.006028,-0.577255,-1.4287725471644,0.8420094797830,0,2.3e-12
1.0037654146346329,0.0,0.0000000000000000,0.0000000000000000,-0.0119147625828337,0.0000000000000000,7.4126756020566562,3.0000005659852262,2.006277,-0.577794,-1.4284824314194,0.8407852378290,0,2.7e-14
1.0037653960120021,0.0,-0.0000000000000000,0.0000000000000000,-0.0119140708436305,0.0000000000000000,7.4106723560124870,3.0000005825481617,2.006536,-0.578346,-1.4281900954927,0.8395288691366,0,2.6e-13
1.0037653773801318,0.0,0.0000000000000000,0.0000000000000000,-0.0119133641439910,0.0000000000000000,7.4086270287942062,3.0000005994666452,2.006806,-0.578910,-1.4278956703152,0.8382394102593,0,3.6e-13
1.0037653587549986,0.0,-0.0000000000000000,0.0000000000000000,-0.0119126421505654,0.0000000000000000,7.4065387361228261,3.0000006167484869,2.007088,-0.579488,-1.4275992984782,0.8369158638117,0,1.0e-12
1.0037653401536080,0.0,0.0000000000000000,0.0000000000000000,-0.0119119045221379,0.0000000000000000,7.4044065751236490,3.0000006344016770,2.007382,-0.580080,-1.4273011341588,0.8355571975620,0,4.3e-13
1.0037653215940194,0.0,-0.0000000000000000,0.0000000000000000,-0.0119111509094254,0.0000000000000000,7.4022296239345184,3.0000006524343896,2.007688,-0.580687,-1.4270013444608,0.8341623426092,0,3.1e-13
1.0037653030954286,0.0,-0.0000000000000000,0.0000000000000000,-0.0119103809548611,0.0000000000000000,7.4000069413058753,3.0000006708549889,2.008008,-0.581307,-1.4267001099771,0.8327301919994,0,1.2e-12
1.0037652846782124,0.0,0.0000000000000000,0.0000000000000000,-0.0119095942923783,0.0000000000000000,7.3977375661922888,3.0000006896720302,2.008341,-0.581943,-1.4263976246804,0.8312595997081,0,1.6e-12
1.0037652663639609,0.0,0.0000000000000000,0.0000000000000000,-0.0119087905471903,0.0000000000000000,7.3954205173353191,3.0000007088942691,2.008688,-0.582594,-1.4260940979571,0.8297493782618,0,1.6e-12
1.0037652481755881,0.0,-0.0000000000000000,0.0000000000000000,-0.0119079693355496,0.0000000000000000,7.3930547928376793,3.0000007285306651,2.009051,-0.583261,-1.4257897547808,0.8281982974500,0,5.2e-13
1.0037652301373470,0.0,-0.0000000000000000,0.0000000000000000,-0.0119071302645184,0.0000000000000000,7.3906393697282216,3.0000007485903848,2.009429,-0.583944,-1.4254848373111,0.8266050821146,0,1.6e-12
1.0037652122749277,0.0,0.0000000000000000,0.0000000000000000,-0.0119062729317155,0.0000000000000000,7.3881732035178507,3.0000007690828108,2.009824,-0.584644,-1.4251796044330,0.8249684111465,0,7.6e-13
1.0037651946155057,0.0,0.0000000000000000,0.0000000000000000,-0.0119053969250668,0.0000000000000000,7.3856552277459384,3.0000007900175438,2.010235,-0.585361,-1.4248743346009,0.8232869143969,0,1.2e-12
1.0037651771878227,0.0,0.0000000000000000,0.0000000000000000,-0.0119045018225414,0.0000000000000000,7.3830843535171820,3.0000008114044112,2.010665,-0.586095,-1.4245693254125,0.8215591715382,0,1.5e-12
1.0037651600222703,0.0,-0.0000000000000000,0.0000000000000000,-0.0119035871918790,0.0000000000000000,7.3804594690286596,3.0000008332534707,2.011112,-0.586848,-1.4242648955855,0.8197837093831,0,2.3e-12
1.0037651431509429,0.0,-0.0000000000000000,0.0000000000000000,-0.0119026525903165,0.0000000000000000,7.3777794390867868,3.0000008555750175,2.011580,-0.587618,-1.4239613854762,0.8179590000406,0,6.8e-13
1.0037651266077432,0.0,-0.0000000000000000,0.0000000000000000,-0.0119016975642941,0.0000000000000000,7.3750431046141340,3.0000008783795908,2.012067,-0.588408,-1.4236591596004,0.8160834577589,0,9.2e-13
1.0037651104284644,0.0,0.0000000000000000,0.0000000000000000,-0.0119007216491592,0.0000000000000000,7.3722492821457291,3.0000009016779794,2.012576,-0.589217,-1.4233586064366,0.8141554373782,0,1.4e-12
1.0037650946508669,0.0,0.0000000000000000,0.0000000000000000,-0.0118997243688616,0.0000000000000000,7.3693967633146684,3.0000009254812285,2.013107,-0.590047,-1.4230601405428,0.8121732312770,0,9.9e-13
1.0037650793147848,0.0,0.0000000000000000,0.0000000000000000,-0.0118987052356329,0.0000000000000000,7.3664843143268506,3.0000009498006475,2.013661,-0.590896,-1.4227642044264,0.8101350663891,0,1.6e-12
1.0037650644622174,0.0,0.0000000000000000,0.0000000000000000,-0.0118976637496598,0.0000000000000000,7.3635106754245347,3.0000009746478149,2.014239,-0.591767,-1.4224712691802,0.8080391018943,0,9.0e-13
1.0037650501374265,0.0,-0.0000000000000000,0.0000000000000000,-0.0118965993987462,0.0000000000000000,7.3604745603385107,3.0000010000345880,2.014842,-0.592660,-1.4221818372084,0.8058834255333,0,1.1e-12
1.0037650363870623,0.0,-0.0000000000000000,0.0000000000000000,-0.0118955116579585,0.0000000000000000,7.3573746557286723,3.0000010259731100,2.015472,-0.593575,-1.4218964430688,0.8036660509820,0,1.1e-12
1.0037650232602418,0.0,-0.0000000000000000,0.0000000000000000,-0.0118943999892700,0.0000000000000000,7.3542096206126208,3.0000010524758167,2.016129,-0.594513,-1.4216156559275,0.8013849141371,0,1.7e-12
1.0037650108087000,0.0,0.0000000000000000,0.0000000000000000,-0.0118932638411789,0.0000000000000000,7.3509780857822333,3.0000010795554433,2.016815,-0.595475,-1.4213400810234,0.7990378699003,0,1.5e-12
1.0037649990868887,0.0,0.0000000000000000,0.0000000000000000,-0.0118921026483252,0.0000000000000000,7.3476786532077343,3.0000011072250370,2.017531,-0.596460,-1.4210703622353,0.7966226881711,0,6.9e-13
1.0037649881521060,0.0,-0.0000000000000000,0.0000000000000000,-0.0118909158310889,0.0000000000000000,7.3443098954291290,3.0000011354979623,2.018278,-0.597471,-1.4208071843058,0.7941370499322,0,1.7e-12
1.0037649780646434,0.0,0.0000000000000000,0.0000000000000000,-0.0118897027951721,0.0000000000000000,7.3408703549347116,3.0000011643879083,2.019059,-0.598507,-1.4205512743640,0.7915785436384,0,2.0e-12
1.0037649688878996,0.0,0.0000000000000000,0.0000000000000000,-0.0118884629311733,0.0000000000000000,7.3373585435262711,3.0000011939089033,2.019873,-0.599570,-1.4203034052437,0.7889446603679,0,2.1e-12
1.0037649606885473,0.0,-0.0000000000000000,0.0000000000000000,-0.0118871956141389,0.0000000000000000,7.3337729416708557,3.0000012240753198,2.020724,-0.600660,-1.4200643978381,0.7862327894184,0,2.4e-12
1.0037649535366728,0.0,-0.0000000000000000,0.0000000000000000,-0.0118859002031032,0.0000000000000000,7.3301119978386753,3.0000012549018833,2.021612,-0.601777,-1.4198351236177,0.7834402136619,0,2.2e-12
1.0037649475059318,0.0,0.0000000000000000,0.0000000000000000,-0.0118845760406120,0.0000000000000000,7.3263741278268899,3.0000012864036885,2.022540,-0.602923,-1.4196165079239,0.7805641042503,0,2.4e-12
1.0037649426737247,0.0,0.0000000000000000,0.0000000000000000,-0.0118832224522250,0.0000000000000000,7.3225577140690108,3.0000013185962033,2.023508,-0.604099,-1.4194095328114,0.7776015154388,0,3.3e-12
1.0037649391213588,0.0,0.0000000000000000,0.0000000000000000,-0.0118818387460048,0.0000000000000000,7.3186611049295180,3.0000013514952832,2.024520,-0.605304,-1.4192152400536,0.7745493791240,0,2.8e-12
1.0037649369342205,0.0,0.0000000000000000,0.0000000000000000,-0.0118804242119858,0.0000000000000000,7.3146826139834191,3.0000013851171810,2.025576,-0.606541,-1.4190347354233,0.7714044984031,0,3.1e-12
1.0037649362019883,0.0,-0.0000000000000000,0.0000000000000000,-0.0118789781216179,0.0000000000000000,7.3106205192804730,3.0000014194785605,2.026679,-0.607810,-1.4188691914886,0.7681635418470,0,3.2e-12
1.0037649370188124,0.0,0.0000000000000000,0.0000000000000000,-0.0118774997271967,0.0000000000000000,7.3064730625936187,3.0000014545965059,2.027832,-0.609112,-1.4187198520963,0.7648230365163,0,3.6e-12
1.0037649394834993,0.0,0.0000000000000000,0.0000000000000000,-0.0118759882612730,0.0000000000000000,7.3022384486513054,3.0000014904885361,2.029036,-0.610448,-1.4185880361061,0.7613793612145,0,3.9e-12
1.0037649436997671,0.0,0.0000000000000000,0.0000000000000000,-0.0118744429360286,0.0000000000000000,7.2979148443535022,3.0000015271726164,2.030294,-0.611819,-1.4184751420592,0.7578287389061,0,4.2e-12
1.0037649497764372,0.0,-0.0000000000000000,0.0000000000000000,-0.0118728629426406,0.0000000000000000,7.2935003779707896,3.0000015646671732,2.031608,-0.613225,-1.4183826527146,0.7541672289665,0,5.2e-12
1.0037649578276773,0.0,0.0000000000000000,0.0000000000000000,-0.0118712474506154,0.0000000000000000,7.2889931383263491,3.0000016029911079,2.032981,-0.614669,-1.4183121398279,0.7503907190047,0,5.8e-12
1.0037649679732477,0.0,-0.0000000000000000,0.0000000000000000,-0.0118695956070960,0.0000000000000000,7.2843911739603886,3.0000016421638112,2.034415,-0.616150,-1.4182652694775,0.7464949160441,0,5.0e-12
1.0037649803387465,0.0,0.0000000000000000,0.0000000000000000,-0.0118679065361448,0.0000000000000000,7.2796924922766157,3.0000016822051756,2.035914,-0.617671,-1.4182438082131,0.7424753368790,0,6.3e-12
1.0037649950558876,0.0,-0.0000000000000000,0.0000000000000000,-0.0118661793379954,0.0000000000000000,7.2748950586703982,3.0000017231356164,2.037481,-0.619232,-1.4182496276504,0.7383272990641,0,6.9e-12
1.0037650122627610,0.0,0.0000000000000000,0.0000000000000000,-0.0118644130882772,0.0000000000000000,7.2699967956381277,3.0000017649760835,2.039119,-0.620834,-1.4182847117215,0.7340459098913,0,5.9e-12
1.0037650321041405,0.0,0.0000000000000000,0.0000000000000000,-0.0118626068372048,0.0000000000000000,7.2649955818674705,3.0000018077480788,2.040830,-0.622479,-1.4183511636441,0.7296260551506,0,7.1e-12
1.0037650547317689,0.0,-0.0000000000000000,0.0000000000000000,-0.0118607596087390,0.0000000000000000,7.2598892513079560,3.0000018514736762,2.042619,-0.624168,-1.4184512118228,0.7250623881543,0,8.9e-12
1.0037650803046909,0.0,0.0000000000000000,0.0000000000000000,-0.0118588703997086,0.0000000000000000,7.2546755922215773,3.0000018961755370,2.044490,-0.625902,-1.4185872177794,0.7203493170519,0,7.9e-12
1.0037651089895696,0.0,-0.0000000000000000,0.0000000000000000,-0.0118569381788995,0.0000000000000000,7.2493523462128469,3.0000019418769308,2.046445,-0.627683,-1.4187616854600,0.7154809908166,0,9.6e-12
1.0037651409610358,0.0,-0.0000000000000000,0.0000000000000000,-0.0118549618861045,0.0000000000000000,7.2439172072379083,3.0000019886017544,2.048489,-0.629512,-1.4189772675922,0.7104512865678,0,1.0e-11
1.0037651764020497,0.0,0.0000000000000000,0.0000000000000000,-0.0118529404311322,0.0000000000000000,7.2383678205922148,3.0000020363745525,2.050627,-0.631390,-1.4192367764326,0.7052537936109,0,1.2e-11
1.0037652155042740,0.0,0.0000000000000000,0.0000000000000000,-0.0118508726927745,0.0000000000000000,7.2327017818762620,3.0000020852205398,2.052863,-0.633320,-1.4195431925122,0.6998817981493,0,1.3e-11
1.0037652584684709,0.0,-0.0000000000000000,0.0000000000000000,-0.0118487575177294,0.0000000000000000,7.2269166359388972,3.0000021351656221,2.055201,-0.635301,-1.4198996752803,0.6943282661828,0,1.2e-11
1.0037653055049085,0.0,0.0000000000000000,0.0000000000000000,-0.0118465937194780,0.0000000000000000,7.2210098757976713,3.0000021862364208,2.057647,-0.637337,-1.4203095747859,0.6885858250950,0,1.5e-11
1.0037653568337963,0.0,-0.0000000000000000,0.0000000000000000,-0.0118443800771102,0.0000000000000000,7.2149789415357199,3.0000022384602967,2.060205,-0.639428,-1.4207764413992,0.6826467457343,0,1.7e-11
1.0037654126857234,0.0,-0.0000000000000000,0.0000000000000000,-0.0118421153341024,0.0000000000000000,7.2088212191745944,3.0000022918653753,2.062881,-0.641577,-1.4213040400333,0.6765029209207,0,1.8e-11
1.0037654733021388,0.0,0.0000000000000000,0.0000000000000000,-0.0118397981970356,0.0000000000000000,7.2025340395225408,3.0000023464805734,2.065681,-0.643785,-1.4218963629897,0.6701458439645,0,1.9e-11
1.0037655389358329,0.0,0.0000000000000000,0.0000000000000000,-0.0118374273342610,0.0000000000000000,7.1961146769975839,3.0000024023356269,2.068611,-0.646053,-1.4225576439731,0.6635665855657,0,2.0e-11
1.0037656098514529,0.0,-0.0000000000000000,0.0000000000000000,-0.0118350013745011,0.0000000000000000,7.1895603484248731,3.0000024594611197,2.071677,-0.648385,-1.4232923733861,0.6567557689372,0,2.2e-11
1.0037656863260396,0.0,-0.0000000000000000,0.0000000000000000,-0.0118325189053887,0.0000000000000000,7.1828682118076594,3.0000025178885141,2.074886,-0.650781,-1.4241053143325,0.6497035434393,0,2.5e-11
1.0037657686495840,0.0,0.0000000000000000,0.0000000000000000,-0.0118299784719381,0.0000000000000000,7.1760353650712725,3.0000025776501809,2.078245,-0.653244,-1.4250015199740,0.6423995562403,0,2.7e-11
1.0037658571256123,0.0,-0.0000000000000000,0.0000000000000000,-0.0118273785749495,0.0000000000000000,7.1690588447794452,3.0000026387794345,2.081761,-0.655775,-1.4259863487584,0.6348329240656,0,9.0e-14
1.0037659520718012,0.0,-0.0000000000000000,0.0000000000000000,-0.0118247176693137,0.0000000000000000,7.1619356248224459,3.0000027013105668,2.085443,-0.658377,-1.4270654976568,0.6269921924548,0,3.0e-13
1.0037660538206168,0.0,0.0000000000000000,0.0000000000000000,-0.0118219941622835,0.0000000000000000,7.1546626150759263,3.0000027652788841,2.089297,-0.661052,-1.4282450034093,0.6188653134261,0,1.3e-12
1.0037661627199799,0.0,-0.0000000000000000,0.0000000000000000,-0.0118192064116173,0.0000000000000000,7.1472366600304138,3.0000028307207418,2.093334,-0.663803,-1.4295312779284,0.6104396003941,0,6.2e-13
1.0037662791339685,0.0,-0.0000000000000000,0.0000000000000000,-0.0118163527236523,0.0000000000000000,7.1396545373901734,3.0000028976735900,2.097562,-0.666630,-1.4309311301633,0.6017016898019,0,1.6e-13
1.0037664034435525,0.0,-0.0000000000000000,0.0000000000000000,-0.0118134313512804,0.0000000000000000,7.1319129566409298,3.0000029661760101,2.101990,-0.669538,-1.4324517915523,0.5926374987035,0,5.6e-13
1.0037665360473607,0.0,0.0000000000000000,0.0000000000000000,-0.0118104404918237,0.0000000000000000,7.1240085575856282,3.0000030362677612,2.106629,-0.672528,-1.4341009438047,0.5832321789053,0,1.3e-13
1.0037666773624718,0.0,-0.0000000000000000,0.0000000000000000,-0.0118073782848049,0.0000000000000000,7.1159379088473926,3.0000031079898259,2.111490,-0.675603,-1.4358867495956,0.5734700671712,0,3.1e-13
1.0037668278252692,0.0,0.0000000000000000,0.0000000000000000,-0.0118042428096012,0.0000000000000000,7.1076975063389325,3.0000031813844572,2.116584,-0.678766,-1.4378178840043,0.5633346325913,0,1.1e-12
1.0037669878923081,0.0,-0.0000000000000000,0.0000000000000000,-0.0118010320829825,0.0000000000000000,7.0992837716974400,3.0000032564952326,2.121923,-0.682019,-1.4399035693030,0.5528084193489,0,1.1e-12
1.0037671580412404,0.0,0.0000000000000000,0.0000000000000000,-0.0117977440565206,0.0000000000000000,7.0906930506841475,3.0000033333671037,2.127519,-0.685365,-1.4421536124468,0.5418729850339,0,1.1e-12
1.0037673387717794,0.0,-0.0000000000000000,0.0000000000000000,-0.0117943766138619,0.0000000000000000,7.0819216115476058,3.0000034120464547,2.133386,-0.688807,-1.4445784447851,0.5305088345493,0,2.2e-12
1.0037675306067031,0.0,0.0000000000000000,0.0000000000000000,-0.0117909275678597,0.0000000000000000,7.0729656433496988,3.0000034925811629,2.139537,-0.692348,-1.4471891647019,0.5186953489027,0,1.9e-12
1.0037677340929181,0.0,0.0000000000000000,0.0000000000000000,-0.0117873946575504,0.0000000000000000,7.0638212542534449,3.0000035750206564,2.145989,-0.695991,-1.4499975846692,0.5064107076877,0,1.3e-12
1.0037679498025596,0.0,0.0000000000000000,0.0000000000000000,-0.0117837755449690,0.0000000000000000,7.0544844697714941,3.0000036594159858,2.152756,-0.699739,-1.4530162806985,0.4936318061237,0,9.9e-13
1.0037681783341585,0.0,0.0000000000000000,0.0000000000000000,-0.0117800678117897,0.0000000000000000,7.0449512309743039,3.0000037458198898,2.159855,-0.703596,-1.4562586462354,0.4803341650634,0,1.5e-12
1.0037684203138593,0.0,-0.0000000000000000,0.0000000000000000,-0.0117762689557819,0.0000000000000000,7.0352173926568291,3.0000038342868685,2.167304,-0.707565,-1.4597389500595,0.4664918338066,0,2.1e-12
1.0037686763966880,0.0,-0.0000000000000000,0.0000000000000000,-0.0117723763870705,0.0000000000000000,7.0252787214625609,3.0000039248732646,2.175121,-0.711649,-1.4634723992116,0.4520772846776,0,3.0e-12
1.0037689472678999,0.0,-0.0000000000000000,0.0000000000000000,-0.0117683874241829,0.0000000000000000,7.0151308939637369,3.0000040176373397,2.183327,-0.715852,-1.4674752064120,0.4370612991528,0,2.6e-12
1.0037692336443791,0.0,0.0000000000000000,0.0000000000000000,-0.0117642992898730,0.0000000000000000,7.0047694946964025,3.0000041126393646,2.191942,-0.720177,-1.4717646638804,0.4214128438772,0,2.5e-12
1.0037695362761145,0.0,-0.0000000000000000,0.0000000000000000,-0.0117601091067038,0.0000000000000000,6.9941900141490239,3.0000042099417095,2.200989,-0.724629,-1.4763592221507,0.4050989367696,0,3.8e-12
1.0037698559477473,0.0,-0.0000000000000000,0.0000000000000000,-0.0117558138923730,0.0000000000000000,6.9833878467032555,3.0000043096089417,2.210490,-0.729212,-1.4812785755521,0.3880845015302,0,3.8e-12
1.0037701934801946,0.0,0.0000000000000000,0.0000000000000000,-0.0117514105547631,0.0000000000000000,6.9723582885253963,3.0000044117079256,2.220472,-0.733928,-1.4865437561498,0.3703322087698,0,4.7e-12
1.0037705497323575,0.0,0.0000000000000000,0.0000000000000000,-0.0117468958866957,0.0000000000000000,6.9610965354070169,3.0000045163079361,2.230961,-0.738784,-1.4921772336679,0.3518023043196,0,4.6e-12
1.0037709256029184,0.0,-0.0000000000000000,0.0000000000000000,-0.0117422665603696,0.0000000000000000,6.9495976805531541,3.0000046234807694,2.241985,-0.743782,-1.4982030259525,0.3324524211608,0,6.1e-12
1.0037713220322231,0.0,0.0000000000000000,0.0000000000000000,-0.0117375191214594,0.0000000000000000,6.9378567123163579,3.0000047333008695,2.253574,-0.748927,-1.5046468169578,0.3122373756182,0,7.3e-12
1.0037717400042689,0.0,0.0000000000000000,0.0000000000000000,-0.0117326499828484,0.0000000000000000,6.9258685118748451,3.0000048458454547,2.265760,-0.754224,-1.5115360867582,0.2911089440863,0,7.2e-12
1.0037721805487887,0.0,-0.0000000000000000,0.0000000000000000,-0.0117276554179695,0.0000000000000000,6.9136278508528477,3.0000049611946600,2.278578,-0.759678,-1.5189002527240,0.2690156194597,0,8.9e-12
1.0037726447434518,0.0,0.0000000000000000,0.0000000000000000,-0.0117225315537240,0.0000000000000000,6.9011293888811931,3.0000050794316802,2.292063,-0.765292,-1.5267708218614,0.2459023457227,0,9.5e-12
1.0037731337161795,0.0,-0.0000000000000000,0.0000000000000000,-0.0117172743629451,0.0000000000000000,6.8883676710960051,3.0000052006429319,2.306254,-0.771073,-1.5351815592569,0.2217102263551,0,1.0e-11
1.0037736486475781,0.0,-0.0000000000000000,0.0000000000000000,-0.0117118796563724,0.0000000000000000,6.8753371255732771,3.0000053249182157,2.321193,-0.777024,-1.5441686701161,0.1963762060059,0,1.2e-11
1.0037741907735174,0.0,-0.0000000000000000,0.0000000000000000,-0.0117063430740959,0.0000000000000000,6.8620320606969871,3.0000054523508988,2.336923,-0.783152,-1.5537709993054,0.1698327211938,0,1.4e-11
1.0037747613878383,0.0,-0.0000000000000000,0.0000000000000000,-0.0117006600764301,0.0000000000000000,6.8484466624581843,3.0000055830381016,2.353492,-0.789462,-1.5640302498211,0.1420073169118,0,1.5e-11
1.0037753618452143,0.0,0.0000000000000000,0.0000000000000000,-0.0116948259341703,0.0000000000000000,6.8345749916823859,3.0000057170809056,2.370950,-0.795959,-1.5749912217925,0.1128222255721,0,1.7e-11
1.0037759935641786,0.0,-0.0000000000000000,0.0000000000000000,-0.0116888357181797,0.0000000000000000,6.8204109811824027,3.0000058545845665,2.389350,-0.802648,-1.5867020741598,0.0821939040913,0,1.9e-11
1.0037766580303114,0.0,-0.0000000000000000,0.0000000000000000,-0.0116826842882540,0.0000000000000000,6.8059484328334872,3.0000059956587508,2.408750,-0.809535,-1.5992146124212,0.0500325239704,0,2.1e-11
1.0037773567996204,0.0,0.0000000000000000,0.0000000000000000,-0.0116763662811995,0.0000000000000000,6.7911810145675258,3.0000061404177827,2.429211,-0.816627,-1.6125846044681,0.0162414093615,0,2.4e-11
1.0037780915021113,0.0,-0.0000000000000000,0.0000000000000000,-0.0116698760980642,0.0000000000000000,6.7761022572826679,3.0000062889809120,2.450800,-0.823928,-1.6268721249310,-0.0192835816860,0,8.6e-13
1.0037788638455734,0.0,-0.0000000000000000,0.0000000000000000,-0.0116632078904173,0.0000000000000000,6.7607055516647012,3.0000064414726024,2.473588,-0.831446,-1.6421419484343,-0.0566547471496,0,9.0e-13
1.0037796756195809,0.0,0.0000000000000000,0.0000000000000000,-0.0116563555456690,0.0000000000000000,6.7449841449155237,3.0000065980228396,2.497650,-0.839186,-1.6584639563928,-0.0959932922477,0,8.5e-13
1.0037805286997490,0.0,-0.0000000000000000,0.0000000000000000,-0.0116493126712429,0.0000000000000000,6.7289311373849925,3.0000067587674604,2.523069,-0.847155,-1.6759136124889,-0.1374301734438,0,5.9e-13
1.0037814250522363,0.0,0.0000000000000000,0.0000000000000000,-0.0116420725775742,0.0000000000000000,6.7125394791005082,3.0000069238485128,2.549932,-0.855359,-1.6945724753620,-0.1811070286833,0,2.4e-13
1.0037823667385415,0.0,0.0000000000000000,0.0000000000000000,-0.0116346282597922,0.0000000000000000,6.6958019661893120,3.0000070934146370,2.578334,-0.863805,-1.7145287689847,-0.2271772118692,0,1.0e-12
1.0037833559205902,0.0,0.0000000000000000,0.0000000000000000,-0.0116269723779718,0.0000000000000000,6.6787112371875157,3.0000072676214860,2.608377,-0.872499,-1.7358780144708,-0.2758069432118,0,1.1e-12
1.0037843948661525,0.0,0.0000000000000000,0.0000000000000000,-0.0116190972358140,0.0000000000000000,6.6612597692293996,3.0000074466321647,2.640172,-0.881449,-1.7587237326536,-0.3271765909737,0,4.0e-13
1.0037854859546138,0.0,0.0000000000000000,0.0000000000000000,-0.0116109947576068,0.0000000000000000,6.6434398741098253,3.0000076306177217,2.673839,-0.890660,-1.7831782248553,-0.3814821010573,0,5.2e-13
1.0037866316831259,0.0,0.0000000000000000,0.0000000000000000,-0.0116026564632939,0.0000000000000000,6.6252436942118260,3.0000078197576703,2.709505,-0.900141,-1.8093634424209,-0.4389365941940,0,2.4e-12
1.0037878346731717,0.0,0.0000000000000000,0.0000000000000000,-0.0115940734414637,0.0000000000000000,6.6066631982905388,3.0000080142405556,2.747310,-0.909898,-1.8374119567137,-0.4997721532504,0,2.5e-12
1.0037890976775783,0.0,-0.0000000000000000,0.0000000000000000,-0.0115852363200457,0.0000000000000000,6.5876901771035987,3.0000082142645716,2.787406,-0.919938,-1.8674680447021,-0.5642418269815,0,4.5e-12
1.0037904235880224,0.0,0.0000000000000000,0.0000000000000000,-0.0115761352344740,0.0000000000000000,6.5683162388768954,3.0000084200382315,2.829958,-0.930269,-1.8996889029162,-0.6326218793829,0,1.7e-11
1.0037918154430612,0.0,-0.0000000000000000,0.0000000000000000,-0.0115667597930641,0.0000000000000000,6.5485328045930800,3.0000086317810912,2.875143,-0.940897,-1.9342460060978,-0.7052143191946,0,2.1e-11
1.0037932764367514,0.0,-0.0000000000000000,0.0000000000000000,-0.0115570990392746,0.0000000000000000,6.5283311030887745,3.0000088497245478,2.923157,-0.951830,-1.9713266404083,-0.7823497517235,0,9.4e-13
1.0037948099279024,0.0,-0.0000000000000000,0.0000000000000000,-0.0115471414105288,0.0000000000000000,6.5077021659440124,3.0000090741127026,2.974211,-0.963076,-2.0111356307237,-0.8643905979336,0,7.4e-12
1.0037964194500213,0.0,-0.0000000000000000,0.0000000000000000,-0.0115368746932418,0.0000000000000000,6.4866368221450772,3.0000093052033048,3.028538,-0.974640,-2.0538972755845,-0.9517347337813,0,7.8e-12
1.0037981087220245,0.0,0.0000000000000000,0.0000000000000000,-0.0115262859735627,0.0000000000000000,6.4651256924997584,3.0000095432687877,3.086389,-0.986531,-2.0998575483682,-1.0448196176853,0,2.8e-12
1.0037997021811900,0.0,-0.0000000000000000,0.0000000000000000,-0.0115164591532920,0.0000000000000000,6.4453558188374531,3.0000097639621401,3.141757,-0.997530,-2.1442270960503,-1.1339971423326,0,5.8e-12
1.0038000636470816,0.0,-0.0000000000000000,0.0000000000000000,-0.0115142505290950,0.0000000000000000,6.4409379040217347,3.0000098135324293,3.154426,-0.999997,-2.1544296202974,-1.1544162646035,0,1.2e-12
1.0038000638885551,0.0,-0.0000000000000000,0.0000000000000000,-0.0115142490561065,0.0000000000000000,6.4409349607074002,3.0000098135654847,3.154435,-0.999998,-2.1544364531065,-1.1544299291075,0,9.6e-14
1.0038000641300286,0.0,-0.0000000000000000,0.0000000000000000,-0.0115142475831161,0.0000000000000000,6.4409320173930666,3.0000098135985409,3.154443,-1.000000,-2.1544432860106,-1.1544435936909,0,1.6e-12
1.0038000643715070,0.0,-0.0000000000000000,0.0000000000000000,-0.0115142461101223,0.0000000000000000,6.4409290740787322,3.0000098136315971,3.154452,-1.000002,-2.1544501192057,-1.1544572583817,0,5.5e-12
1.0038000646129801,0.0,-0.0000000000000000,0.0000000000000000,-0.0115142446371295,0.0000000000000000,6.4409261307643977,3.0000098136646529,3.154460,-1.000003,-2.1544569515917,-1.1544709231173,0,5.8e-13
1.0038000648544572,0.0,-0.0000000000000000,0.0000000000000000,-0.0115142431641329,0.0000000000000000,6.4409231874500632,3.0000098136977091,3.154469,-1.000005,-2.1544637845393,-1.1544845879493,0,1.1e-12
1.0038000650959342,0.0,-0.0000000000000000,0.0000000000000000,-0.0115142416911347,0.0000000000000000,6.4409202441357296,3.0000098137307654,3.154477,-1.000007,-2.1544706173785,-1.1544982528633,0,1.6e-13
1.0038000653374131,0.0,-0.0000000000000000,0.0000000000000000,-0.0115142402181340,0.0000000000000000,6.4409173008213951,3.0000098137638207,3.154486,-1.000008,-2.1544774503916,-1.1545119178579,0,1.8e-14
1.0038000655788923,0.0,-0.0000000000000000,0.0000000000000000,-0.0115142387451314,0.0000000000000000,6.4409143575070607,3.0000098137968774,3.154494,-1.000010,-2.1544842834166,-1.1545255829357,0,2.1e-13
1.0038000658203725,0.0,-0.0000000000000000,0.0000000000000000,-0.0115142372721266,0.0000000000000000,6.4409114141927262,3.0000098138299336,3.154503,-1.000012,-2.1544911165239,-1.1545392480930,0,8.9e-14
1.0038000660618531,0.0,-0.0000000000000000,0.0000000000000000,-0.0115142357991199,0.0000000000000000,6.4409084708783926,3.0000098138629898,3.154511,-1.000013,-2.1544979497034,-1.1545529133273,0,3.9e-13
1.0038000663033355,0.0,-0.0000000000000000,0.0000000000000000,-0.0115142343261111,0.0000000000000000,6.4409055275640581,3.0000098138960460,3.154520,-1.000015,-2.1545047828376,-1.1545665786483,0,1.8e-13
1.0038000665448188,0.0,-0.0000000000000000,0.0000000000000000,-0.0115142328530999,0.0000000000000000,6.4409025842497236,3.0000098139291023,3.154528,-1.000017,-2.1545116160961,-1.1545802440555,0,6.6e-14
1.0038000667863021,0.0,-0.0000000000000000,0.0000000000000000,-0.0115142313800870,0.0000000000000000,6.4408996409353891,3.0000098139621585,3.154537,-1.000018,-2.1545184493721,-1.1545939095332,0,4.4e-14
1.0038000670277871,0.0,-0.0000000000000000,0.0000000000000000,-0.0115142299070719,0.0000000000000000,6.4408966976210555,3.0000098139952152,3.154545,-1.000020,-2.1545252827005,-1.1546075750974,0,7.4e-14
1.0038000672692726,0.0,-0.0000000000000000,0.0000000000000000,-0.0115142284340546,0.0000000000000000,6.4408937543067211,3.0000098140282714,3.154554,-1.000021,-2.1545321161100,-1.1546212407438,0,2.5e-13
1.0038000675107590,0.0,-0.0000000000000000,0.0000000000000000,-0.0115142269610353,0.0000000000000000,6.4408908109923866,3.0000098140613281,3.154562,-1.000023,-2.1545389495199,-1.1546349064735,0,4.8e-14
1.0038000677522458,0.0,-0.0000000000000000,0.0000000000000000,-0.0115142254880142,0.0000000000000000,6.4408878676780521,3.0000098140943847,3.154571,-1.000025,-2.1545457830015,-1.1546485722756,0,2.0e-13
1.0038000679937340,0.0,-0.0000000000000000,0.0000000000000000,-0.0115142240149909,0.0000000000000000,6.4408849243637185,3.0000098141274409,3.154579,-1.000026,-2.1545526164424,-1.1546622381645,0,6.5e-13
1.0038000682352231,0.0,-0.0000000000000000,0.0000000000000000,-0.0115142225419654,0.0000000000000000,6.4408819810493840,3.0000098141604976,3.154587,-1.000028,-2.1545594500689,-1.1546759041343,0,4.7e-14
1.0038013700302022,0.0,-0.0000000000000000,0.0000000000000000,-0.0115063283844542,0.0000000000000000,6.4251676258187906,3.0000099912428242,3.200556,-1.008828,-2.1917281041737,-1.2288103460684,0,1.6e-11
1.0038031158282237,0.0,0.0000000000000000,0.0000000000000000,-0.0114958810507360,0.0000000000000000,6.4045521181589846,3.0000102253772201,3.263047,-1.020431,-2.2426154978220,-1.3297158762973,0,4.2e-12
1.0038049433216398,0.0,-0.0000000000000000,0.0000000000000000,-0.0114851038048385,0.0000000000000000,6.3835000949229110,3.0000104666470300,3.329516,-1.032347,-2.2971688845749,-1.4372158806214,0,2.0e-11
1.0038068564558909,0.0,-0.0000000000000000,0.0000000000000000,-0.0114739825114174,0.0000000000000000,6.3620021435569019,3.0000107153504763,3.400276,-1.044581,-2.3556954156630,-1.5518634185758,0,1.6e-12
1.0038088593882746,0.0,0.0000000000000000,0.0000000000000000,-0.0114625021843099,0.0000000000000000,6.3400486335865294,3.0000109718036150,3.475672,-1.057139,-2.4185330446443,-1.6742686243361,0,1.8e-12
1.0038109565018098,0.0,0.0000000000000000,0.0000000000000000,-0.0114506469174388,0.0000000000000000,6.3176297099389522,3.0000112363417748,3.556082,-1.070028,-2.4860542115131,-1.8051057485851,0,1.7e-12
1.0038131524202953,0.0,0.0000000000000000,0.0000000000000000,-0.0114383998084669,0.0000000000000000,6.2947352858428260,3.0000115093211570,3.641922,-1.083252,-2.5586700738655,-1.9451212171344,0,3.5e-12
1.0038154520246920,0.0,-0.0000000000000000,0.0000000000000000,-0.0114257428743397,0.0000000000000000,6.2713550352474634,3.0000117911205910,3.733654,-1.096819,-2.6368353470912,-2.0951428797113,0,4.3e-12
1.0038178604709773,0.0,0.0000000000000000,0.0000000000000000,-0.0114126569576420,0.0000000000000000,6.2474783846930366,3.0000120821434861,3.831787,-1.110733,-2.7210538608108,-2.2560906528789,0,7.3e-12
1.0038203832096564,0.0,0.0000000000000000,0.0000000000000000,-0.0113991216225203,0.0000000000000000,6.2230945045500885,3.0000123828199956,3.936884,-1.124999,-2.8118849583188,-2.4289888003779,0,2.1e-11
1.0038230260071228,0.0,-0.0000000000000000,0.0000000000000000,-0.0113851150387526,0.0000000000000000,6.1981922995301479,3.0000126936094240,4.049572,-1.139622,-2.9099508826306,-2.6149801465736,0,2.8e-12
1.0038257949691192,0.0,-0.0000000000000000,0.0000000000000000,-0.0113706138522172,0.0000000000000000,6.1727603983501300,3.0000130150029092,4.170551,-1.154606,-3.0159453493240,-2.8153425645809,0,1.4e-12
1.0038286965665462,0.0,0.0000000000000000,0.0000000000000000,-0.0113555930399225,0.0000000000000000,6.1467871424076197,3.0000133475264255,4.300599,-1.169955,-3.1306434837270,-3.0315081877464,0,1.3e-12
1.0038317376639592,0.0,-0.0000000000000000,0.0000000000000000,-0.0113400257471506,0.0000000000000000,6.1202605732978945,3.0000136917441442,4.440587,-1.185673,-3.2549134285360,-3.2650858410432,0,8.8e-13
1.0038349255511123,0.0,0.0000000000000000,0.0000000000000000,-0.0113238831040660,0.0000000000000000,6.0931684189661324,3.0000140482622140,4.591493,-1.201763,-3.3897299185004,-3.5178873387003,0,1.0e-12
1.0038382679779825,0.0,0.0000000000000000,0.0000000000000000,-0.0113071340185512,0.0000000000000000,6.0654980782478827,3.0000144177330204,4.754417,-1.218227,-3.5361902198324,-3.7919584250362,0,1.3e-11
1.0038417731938034,0.0,0.0000000000000000,0.0000000000000000,-0.0112897449413776,0.0000000000000000,6.0372366035013920,3.0000148008600038,4.930599,-1.235066,-3.6955329315926,-4.0896153035595,0,1.3e-12
1.0038454499906888,0.0,0.0000000000000000,0.0000000000000000,-0.0112716795992215,0.0000000000000000,6.0083706809757160,3.0000151984031245,5.121442,-1.252282,-3.8691602213810,-4.4134879672017,0,1.3e-12
1.0038493077526036,0.0,0.0000000000000000,0.0000000000000000,-0.0112528986898742,0.0000000000000000,5.9788866084933749,3.0000156111850869,5.328538,-1.269874,-4.0586642801699,-4.7665717657406,0,1.5e-11
1.0038533565105192,0.0,0.0000000000000000,0.0000000000000000,-0.0112333595331450,0.0000000000000000,5.9487702699462170,3.0000160400984424,5.553701,-1.287842,-4.2658588904685,-5.1522890990737,0,1.5e-11
1.0038576070048089,0.0,-0.0000000000000000,0.0000000000000000,-0.0112130156692973,0.0000000000000000,5.9180071060214994,3.0000164861137462,5.799001,-1.306184,-4.4928173119793,-5.5745635267831,0,9.7e-12
1.0038583350617876,0.0,-0.0000000000000000,0.0000000000000000,-0.0112095469570257,0.0000000000000000,5.9128214410002702,3.0000165621050470,5.841959,-1.309274,-4.5326850006920,-5.6487255445650,0,1.9e-11
1.0038590819418183,0.0,0.0000000000000000,0.0000000000000000,-0.0112059931545602,0.0000000000000000,5.9075264112691661,3.0000166399437145,5.886318,-1.312428,-4.5738895359540,-5.7253714621596,0,1.3e-12
1.0038598482026460,0.0,-0.0000000000000000,0.0000000000000000,-0.0112023518639872,0.0000000000000000,5.9021196956242816,3.0000167196811165,5.932136,-1.315649,-4.6164873606393,-5.8046066594902,0,1.4e-12
1.0038606344215664,0.0,-0.0000000000000000,0.0000000000000000,-0.0111986206041852,0.0000000000000000,5.8965989226874838,3.0000168013703745,5.979474,-1.318936,-4.6605378927890,-5.8865421469132,0,1.7e-12
1.0038614411962521,0.0,-0.0000000000000000,0.0000000000000000,-0.0111947968071001,0.0000000000000000,5.8909616697590126,3.0000168850664406,6.028395,-1.322291,-4.7061037225174,-5.9712949203191,0,2.4e-12
1.0038622691456087,0.0,0.0000000000000000,0.0000000000000000,-0.0111908778138434,0.0000000000000000,5.8852054616387610,3.0000169708261830,6.078967,-1.325717,-4.7532508159106,-6.0589883561705,0,3.3e-12
1.0038631189106808,0.0,-0.0000000000000000,0.0000000000000000,-0.0111868608705600,0.0000000000000000,5.8793277694152417,3.0000170587084689,6.131262,-1.329213,-4.8020487363071,-6.1497526346042,0,4.5e-12
1.0038639911556002,0.0,0.0000000000000000,0.0000000000000000,-0.0111827431240600,0.0000000000000000,5.8733260092208637,3.0000171487742557,6.185353,-1.332782,-4.8525708822234,-6.2437251960122,0,4.5e-12
1.0038648865685860,0.0,0.0000000000000000,0.0000000000000000,-0.0111785216171940,0.0000000000000000,5.8671975409521222,3.0000172410866863,6.241319,-1.336424,-4.9048947446213,-6.3410512327143,0,5.6e-12
1.0038658058629939,0.0,0.0000000000000000,0.0000000000000000,-0.0111741932839565,0.0000000000000000,5.8609396669531870,3.0000173357111919,6.299245,-1.340142,-4.9591021834975,-6.4418842218858,0,6.3e-12
1.0038667497784217,0.0,-0.0000000000000000,0.0000000000000000,-0.0111697549442953,0.0000000000000000,5.8545496306612854,3.0000174327155991,6.359217,-1.343937,-5.0152797276112,-6.5463864995329,0,7.4e-12
1.0038677190818748,0.0,0.0000000000000000,0.0000000000000000,-0.0111652032986073,0.0000000000000000,5.8480246152121689,3.0000175321702445,6.421329,-1.347810,-5.0735188980107,-6.6547298826102,0,1.2e-11
1.0038687145689922,0.0,0.0000000000000000,0.0000000000000000,-0.0111605349218970,0.0000000000000000,5.8413617420038140,3.0000176341480937,6.485679,-1.351762,-5.1339165577997,-6.7670963432647,0,1.8e-11
1.0038697370653384,0.0,-0.0000000000000000,0.0000000000000000,-0.0111557462575782,0.0000000000000000,5.8345580692163699,3.0000177387248730,6.552371,-1.355796,-5.1965752899631,-6.8836787413455,0,6.4e-12
1.0038707874277730,0.0,-0.0000000000000000,0.0000000000000000,-0.0111508336108587,0.0000000000000000,5.8276105902864082,3.0000178459792015,6.621516,-1.359912,-5.2616038130754,-7.0046816070018,0,5.0e-13
1.0038718665458843,0.0,0.0000000000000000,0.0000000000000000,-0.0111457931417483,0.0000000000000000,5.8205162323327988,3.0000179559927393,6.693230,-1.364113,-5.3291174213733,-7.1303220124569,0,1.4e-11
1.0038729753435169,0.0,-0.0000000000000000,0.0000000000000000,-0.0111406208575660,0.0000000000000000,5.8132718545323474,3.0000180688503413,6.767638,-1.368399,-5.3992384749171,-7.2608304946310,0,1.4e-12
1.0038741147803698,0.0,-0.0000000000000000,0.0000000000000000,-0.0111353126050191,0.0000000000000000,5.8058742464419106,3.0000181846402207,6.844870,-1.372773,-5.4720969174749,-7.3964520904798,0,8.5e-13
1.0038752858537059,0.0,-0.0000000000000000,0.0000000000000000,-0.0111298640616731,0.0000000000000000,5.7983201262650574,3.0000183034541221,6.925066,-1.377236,-5.5478308594385,-7.5374474243304,0,1.2e-11
1.0038764896001422,0.0,-0.0000000000000000,0.0000000000000000,-0.0111242707269367,0.0000000000000000,5.7906061390591956,3.0000184253875113,7.008376,-1.381789,-5.6265871929698,-7.6840939351844,0,7.4e-13
1.0038777270975638,0.0,0.0000000000000000,0.0000000000000000,-0.0111185279123414,0.0000000000000000,5.7827288548810198,3.0000185505397723,7.094956,-1.386434,-5.7085222825324,-7.8366871748227,0,3.5e-12
1.0038789994671349,0.0,-0.0000000000000000,0.0000000000000000,-0.0111126307312365,0.0000000000000000,5.7746847668656889,3.0000186790144201,7.184975,-1.391173,-5.7938027000065,-7.9955422665931,0,3.2e-12
1.0038803078754415,0.0,-0.0000000000000000,0.0000000000000000,-0.0111065740877015,0.0000000000000000,5.7664702892369268,3.0000188109193293,7.278613,-1.396007,-5.8826060406510,-8.1609954750393,0,1.6e-12
1.0038816535367645,0.0,-0.0000000000000000,0.0000000000000000,-0.0111003526646919,0.0000000000000000,5.7580817552434729,3.0000189463669749,7.376060,-1.400938,-5.9751218119654,-8.3334059337929,0,1.9e-12
1.0038830377154919,0.0,-0.0000000000000000,0.0000000000000000,-0.0110939609113254,0.0000000000000000,5.7495154150177283,3.0000190854746962,7.477521,-1.405968,-6.0715524075288,-8.5131575410765,0,1.7e-11
1.0038844617286888,0.0,0.0000000000000000,0.0000000000000000,-0.0110873930292141,0.0000000000000000,5.7407674333520591,3.0000192283649723,7.583213,-1.411099,-6.1721141804200,-8.7006610286376,0,8.4e-12
1.0038859269488201,0.0,0.0000000000000000,0.0000000000000000,-0.0110806429578410,0.0000000000000000,5.7318338873873289,3.0000193751657265,7.693369,-1.416331,-6.2770386092565,-8.8963562679573,0,1.3e-12
1.0038874348066613,0.0,0.0000000000000000,0.0000000000000000,-0.0110737043587613,0.0000000000000000,5.7227107642091966,3.0000195260106444,7.808240,-1.421667,-6.3865735959795,-9.1007147727602,0,1.0e-12
1.0038889867944003,0.0,0.0000000000000000,0.0000000000000000,-0.0110665705986212,0.0000000000000000,5.7133939583458471,3.0000196810395225,7.928093,-1.427108,-6.5009848882487,-9.3142424737459,0,4.8e-12
1.0038905844689374,0.0,-0.0000000000000000,0.0000000000000000,-0.0110592347308711,0.0000000000000000,5.7038792691613338,3.0000198403986404,8.053213,-1.432656,-6.6205576455079,-9.5374827892988,0,1.1e-12
1.0038922294554222,0.0,0.0000000000000000,0.0000000000000000,-0.0110516894759947,0.0000000000000000,5.6941623981385341,3.0000200042411649,8.183911,-1.438312,-6.7455981760400,-9.7710200009611,0,1.6e-12
1.0038939234510234,0.0,-0.0000000000000000,0.0000000000000000,-0.0110439272001851,0.0000000000000000,5.6842389460446263,3.0000201727275804,8.320515,-1.444079,-6.8764358510594,-10.0154830092555,0,5.1e-12
1.0038956682289686,0.0,-0.0000000000000000,0.0000000000000000,-0.0110359398922578,0.0000000000000000,5.6741044099725668,3.0000203460261625,8.463383,-1.449958,-7.0134252292511,-10.2715494877005,0,5.3e-12
1.0038974656428716,0.0,0.0000000000000000,0.0000000000000000,-0.0110277191386543,0.0000000000000000,5.6637541802511979,3.0000205243134794,8.612899,-1.455950,-7.1569484132903,-10.5399504974715,0,9.2e-12
1.0038993176313753,0.0,-0.0000000000000000,0.0000000000000000,-0.0110192560963151,0.0000000000000000,5.6531835372168713,3.0000207077749437,8.769475,-1.462057,-7.3074176725398,-10.8214756089992,0,1.0e-12
1.0039012262231239,0.0,-0.0000000000000000,0.0000000000000000,-0.0110105414632911,0.0000000000000000,5.6423876478386656,3.0000208966054083,8.933560,-1.468281,-7.4652783500266,-11.1169786433811,0,9.1e-13
1.0039031935421228,0.0,-0.0000000000000000,0.0000000000000000,-0.0110015654467107,0.0000000000000000,5.6313615621908752,3.0000210910098111,9.105636,-1.474623,-7.6310121197301,-11.4273840347678,0,1.3e-11
1.0039052218135018,0.0,-0.0000000000000000,0.0000000000000000,-0.0109923177279413,0.0000000000000000,5.6201002097649022,3.0000212912038768,9.286226,-1.481085,-7.8051406188398,-11.7536939612669,0,2.7e-12
1.0039073133697094,0.0,-0.0000000000000000,0.0000000000000000,-0.0109827874246556,0.0000000000000000,5.6085983956140923,3.0000214974148816,9.475898,-1.487669,-7.9882295030994,-12.0969963576601,0,1.0e-11
1.0039094706572187,0.0,-0.0000000000000000,0.0000000000000000,-0.0109729630493194,0.0000000000000000,5.5968507963267369,3.0000217098824882,9.675268,-1.494375,-8.1808930126357,-12.4584738509176,0,7.9e-12
1.0039116962437473,0.0,0.0000000000000000,0.0000000000000000,-0.0109628324639029,0.0000000000000000,5.5848519558215424,3.0000219288596504,9.885004,-1.501205,-8.3837990823905,-12.8394138593768,0,4.1e-12
1.0039139928260759,0.0,0.0000000000000000,0.0000000000000000,-0.0109523828302350,0.0000000000000000,5.5725962809640208,3.0000221546136112,10.105835,-1.508160,-8.5976751051326,-13.2412199375718,0,2.9e-12
1.0039163632385100,0.0,0.0000000000000000,0.0000000000000000,-0.0109416005555756,0.0000000000000000,5.5600780370030796,3.0000223874269851,10.338557,-1.515243,-8.8233144285914,-13.6654245900802,0,2.2e-12
1.0039188104620531,0.0,0.0000000000000000,0.0000000000000000,-0.0109304712328400,0.0000000000000000,5.5472913428309578,3.0000226275989559,10.584037,-1.522453,-9.0615836983863,-14.1137037696040,0,3.0e-12
1.0039213376343630,0.0,-0.0000000000000000,0.0000000000000000,-0.0109189795748346,0.0000000000000000,5.5342301660738844,3.0000228754465801,10.843225,-1.529793,-9.3134311768357,-14.5878933088589,0,4.0e-12
1.0039239480605751,0.0,-0.0000000000000000,0.0000000000000000,-0.0109071093417913,0.0000000000000000,5.5208883180261941,3.0000231313062291,11.117160,-1.537264,-9.5798961876043,-15.0900075950658,0,7.2e-12
1.0039266452250808,0.0,-0.0000000000000000,0.0000000000000000,-0.0108948432613788,0.0000000000000000,5.5072594484475887,3.0000233955351705,11.406986,-1.544866,-9.8621198642289,-15.6222608366344,0,1.5e-11
1.0039294328043684,0.0,-0.0000000000000000,0.0000000000000000,-0.0108821629402459,0.0000000000000000,5.4933370402520190,3.0000236685133177,11.713957,-1.552600,-10.1613574146420,-16.1870913382933,0,9.5e-12
1.0039323146810273,0.0,0.0000000000000000,0.0000000000000000,-0.0108690487660729,0.0000000000000000,5.4791144041269391,3.0000239506451618,12.039460,-1.560468,-10.4789921413752,-16.7871893119428,0,1.4e-11
1.0039352949590707,0.0,-0.0000000000000000,0.0000000000000000,-0.0108554797988011,0.0000000000000000,5.4645846731357430,3.0000242423619059,12.385021,-1.568470,-10.8165515316824,-17.4255287482450,0,3.1e-12
1.0039383779806885,0.0,-0.0000000000000000,0.0000000000000000,-0.0108414336497629,0.0000000000000000,5.4497407973703815,3.0000245441238400,12.752332,-1.576606,-11.1757257447454,-18.1054041470402,0,3.5e-12
1.0039415683446242,0.0,-0.0000000000000000,0.0000000000000000,-0.0108268863469506,0.0000000000000000,5.4345755387415506,3.0000248564229688,13.143267,-1.584878,-11.5583889413138,-18.8304728656046,0,1.1e-11
1.0039448709263541,0.0,0.0000000000000000,0.0000000000000000,-0.0108118121845716,0.0000000000000000,5.4190814660145463,3.0000251797859505,13.559909,-1.593285,-11.9666239533742,-19.6048041319589,0,6.8e-12
1.0039482909002595,0.0,-0.0000000000000000,0.0000000000000000,-0.0107961835547802,0.0000000000000000,5.4032509502237485,3.0000255147773602,14.004579,-1.601829,-12.4027508904366,-20.4329360032925,0,5.7e-12
1.0039518337640752,0.0,-0.0000000000000000,0.0000000000000000,-0.0107799707588378,0.0000000000000000,5.3870761606282667,3.0000258620033504,14.479868,-1.610508,-12.8693604495259,-21.3199416470459,0,1.4e-11
1.0039555053658706,0.0,-0.0000000000000000,0.0000000000000000,-0.0107631417947921,0.0000000000000000,5.3705490614003875,3.0000262221157481,14.988676,-1.619323,-13.3693528098121,-22.2715068239409,0,1.4e-12
1.0039593119338797,0.0,0.0000000000000000,0.0000000000000000,-0.0107456621181441,0.0000000000000000,5.3536614092712522,3.0000265958166561,15.534257,-1.628274,-13.9059832033859,-23.2940207950595,0,1.5e-12
1.0039632601096014,0.0,0.0000000000000000,0.0000000000000000,-0.0107274943711003,0.0000000000000000,5.3364047523915383,3.0000269838636404,16.120275,-1.637359,-14.4829155373357,-24.3946832658085,0,3.8e-12
1.0039673569845784,0.0,0.0000000000000000,0.0000000000000000,-0.0107085980755531,0.0000000000000000,5.3187704306930152,3.0000273870755918,16.750865,-1.646579,-15.1042856950459,-25.5816308342312,0,5.8e-12
1.0039716101414293,0.0,-0.0000000000000000,0.0000000000000000,-0.0106889292835192,0.0000000000000000,5.3007495780624616,3.0000278063393697,17.430710,-1.655933,-15.7747766093068,-26.8640869790109,0,1.4e-11
1.0039760276997665,0.0,0.0000000000000000,0.0000000000000000,-0.0106684401777849,0.0000000000000000,5.2823331266510394,3.0000282426173595,18.165126,-1.665419,-16.4997076561413,-28.2525408510428,0,3.9e-13
1.0039806183677988,0.0,-0.0000000000000000,0.0000000000000000,-0.0106470786137000,0.0000000000000000,5.2635118136382735,3.0000286969561176,18.960177,-1.675035,-17.2851416049918,-29.7589613477743,0,1.6e-12
1.0039853915006369,0.0,-0.0000000000000000,0.0000000000000000,-0.0106247875908966,0.0000000000000000,5.2442761907402895,3.0000291704962851,19.822794,-1.684780,-18.1380132236903,-31.3970546171020,0,1.4e-11
1.0039903571664863,0.0,-0.0000000000000000,0.0000000000000000,-0.0106015046413470,0.0000000000000000,5.2246166366854059,3.0000296644840279,20.760937,-1.694653,-19.0662846905191,-33.1825756144526,0,2.0e-12
1.0039955262223630,0.0,0.0000000000000000,0.0000000000000000,-0.0105771611161389,0.0000000000000000,5.2045233727703284,3.0000301802843112,21.783784,-1.704649,-20.0791345248219,-35.1337069401115,0,1.3e-12
1.0040009104012593,0.0,-0.0000000000000000,0.0000000000000000,-0.0105516813493834,0.0000000000000000,5.1839864814383469,3.0000307193963995,22.901956,-1.714767,-21.1871885883706,-37.2715225366139,0,6.5e-12
1.0040023083342700,0.0,0.0000000000000000,0.0000000000000000,-0.0105450443993246,0.0000000000000000,5.1787185818245955,3.0000308596945970,23.201422,-1.717346,-21.4840759788905,-37.8448755289110,0,4.0e-12
1.0040037277259652,0.0,-0.0000000000000000,0.0000000000000000,-0.0105382962585806,0.0000000000000000,5.1733965610330372,3.0000310022881176,23.509447,-1.719945,-21.7895020276854,-38.4349554991400,0,4.1e-12
1.0040051690069813,0.0,-0.0000000000000000,0.0000000000000000,-0.0105314343101614,0.0000000000000000,5.1680198551478194,3.0000311472292953,23.826363,-1.722563,-22.1037997146731,-39.0424219568689,0,4.8e-12
1.0040066326196793,0.0,-0.0000000000000000,0.0000000000000000,-0.0105244558501315,0.0000000000000000,5.1625878949333259,3.0000312945721435,24.152520,-1.725202,-22.4273186045915,-39.6679675175432,0,4.9e-12
1.0040081190185832,0.0,-0.0000000000000000,0.0000000000000000,-0.0105173580837235,0.0000000000000000,5.1571001058330177,3.0000314443724290,24.488285,-1.727860,-22.7604258590568,-40.3123199220798,0,5.4e-12
1.0040096286708380,0.0,-0.0000000000000000,0.0000000000000000,-0.0105101381212323,0.0000000000000000,5.1515559079702093,3.0000315966877489,24.834045,-1.730537,-23.1035073202284,-40.9762442150671,0,5.2e-12
1.0040111620566914,0.0,0.0000000000000000,0.0000000000000000,-0.0105027929736718,0.0000000000000000,5.1459547161507588,3.0000317515776089,25.190204,-1.733235,-23.4569686745703,-41.6605450772764,0,5.1e-12
1.0040127196700008,0.0,-0.0000000000000000,0.0000000000000000,-0.0104953195481728,0.0000000000000000,5.1402959398675252,3.0000319091035155,25.557189,-1.735953,-23.8212367027590,-42.3660693347495,0,6.0e-12
1.0040143020187691,0.0,0.0000000000000000,0.0000000000000000,-0.0104877146431039,0.0000000000000000,5.1345789833064517,3.0000320693290594,25.935451,-1.738690,-24.1967606228594,-43.0937086595077,0,5.8e-12
1.0040159096257080,0.0,0.0000000000000000,0.0000000000000000,-0.0104799749428964,0.0000000000000000,5.1288032453540282,3.0000322323200161,26.325461,-1.741447,-24.5840135379760,-43.8444024689099,0,6.2e-12
1.0040175430288334,0.0,0.0000000000000000,0.0000000000000000,-0.0104720970125490,0.0000000000000000,5.1229681196059245,3.0000323981444477,26.727718,-1.744224,-24.9834939912825,-44.6191410569712,0,6.1e-12
1.0040192027820949,0.0,0.0000000000000000,0.0000000000000000,-0.0104640772917853,0.0000000000000000,5.1170729943764641,3.0000325668728092,27.142749,-1.747022,-25.3957276463684,-45.4189689641075,0,5.9e-12
1.0040208894560416,0.0,-0.0000000000000000,0.0000000000000000,-0.0104559120888419,0.0000000000000000,5.1111172527086026,3.0000327385780663,27.571108,-1.749839,-25.8212690974719,-46.2449886154708,0,6.4e-12
1.0040226036385269,0.0,0.0000000000000000,0.0000000000000000,-0.0104475975738515,0.0000000000000000,5.1051002723840000,3.0000329133358137,28.013379,-1.752676,-26.2607038243964,-47.0983642560608,0,6.6e-12
1.0040243459354552,0.0,-0.0000000000000000,0.0000000000000000,-0.0104391297717936,0.0000000000000000,5.0990214259327118,3.0000330912244095,28.470183,-1.755532,-26.7146503072220,-47.9803261933593,0,6.3e-12
1.0040261169715761,0.0,0.0000000000000000,0.0000000000000000,-0.0104305045549727,0.0000000000000000,5.0928800806419714,3.0000332723251129,28.942171,-1.758409,-27.1837623132646,-48.8921753980527,0,6.7e-12
1.0040279173913265,0.0,-0.0000000000000000,0.0000000000000000,-0.0104217176349859,0.0000000000000000,5.0866755985634340,3.0000334567222295,29.430037,-1.761306,-27.6687313728618,-49.8352884879484,0,7.8e-12
1.0040297478597262,0.0,-0.0000000000000000,0.0000000000000000,-0.0104127645541390,0.0000000000000000,5.0804073365182090,3.0000336445032718,29.934511,-1.764222,-28.1702894659836,-50.8111231280461,0,8.3e-12
1.0040316090633339,0.0,-0.0000000000000000,0.0000000000000000,-0.0104036406762575,0.0000000000000000,5.0740746460988797,3.0000338357591270,30.456370,-1.767158,-28.6892119360278,-51.8212238927009,0,9.0e-12
1.0040335017112632,0.0,-0.0000000000000000,0.0000000000000000,-0.0103943411768461,0.0000000000000000,5.0676768736676587,3.0000340305842381,30.996435,-1.770114,-29.2263206571495,-52.8672286413662,0,9.1e-12
1.0040354265362710,0.0,-0.0000000000000000,0.0000000000000000,-0.0103848610325325,0.0000000000000000,5.0612133603496900,3.0000342290767961,31.555577,-1.773090,-29.7824874791975,-53.9508754473663,0,9.7e-12
1.0040373842959176,0.0,-0.0000000000000000,0.0000000000000000,-0.0103751950097348,0.0000000000000000,5.0546834420204121,3.0000344313389471,32.134723,-1.776085,-30.3586379778355,-55.0740101574416,0,1.1e-11
1.0040393757738104,0.0,-0.0000000000000000,0.0000000000000000,-0.0103653376524790,0.0000000000000000,5.0480864492858002,3.0000346374770182,32.734856,-1.779100,-30.9557555462030,-56.2385946232149,0,1.3e-11
1.0040414017809367,0.0,0.0000000000000000,0.0000000000000000,-0.0103552832692858,0.0000000000000000,5.0414217074541261,3.0000348476017518,33.357021,-1.782135,-31.5748858593398,-57.4467156947693,0,1.4e-11
1.0040434631570911,0.0,0.0000000000000000,0.0000000000000000,-0.0103450259190504,0.0000000000000000,5.0346885364977387,3.0000350618285658,34.002331,-1.785189,-32.2171417550576,-58.7005950579761,0,2.4e-12
1.0040455607724212,0.0,-0.0000000000000000,0.0000000000000000,-0.0103345593957571,0.0000000000000000,5.0278862510035642,3.0000352802778316,34.671971,-1.788263,-32.8837085814724,-60.0025999811982,0,3.3e-12
1.0040476955290705,0.0,0.0000000000000000,0.0000000000000000,-0.0103238772120587,0.0000000000000000,5.0210141601097833,3.0000355030751717,35.367206,-1.791356,-33.5758500443449,-61.3552551455228,0,2.8e-12
1.0040498683629688,0.0,0.0000000000000000,0.0000000000000000,-0.0103129725814146,0.0000000000000000,5.0140715674276750,3.0000357303517831,36.089383,-1.794468,-34.2949146399606,-62.7612555767149,0,3.0e-12
1.0040520802457573,0.0,-0.0000000000000000,0.0000000000000000,-0.0103018383987843,0.0000000000000000,5.0070577709458162,3.0000359622447892,36.839943,-1.797600,-35.0423427193961,-64.2234808932432,0,4.0e-12
1.0040543321868685,0.0,0.0000000000000000,0.0000000000000000,-0.0102904672196675,0.0000000000000000,4.9999720629145346,3.0000361988976190,37.620425,-1.800751,-35.8196742643266,-65.7450109957256,0,4.0e-12
1.0040566252357828,0.0,0.0000000000000000,0.0000000000000000,-0.0102788512373250,0.0000000000000000,4.9928137297079731,3.0000364404604154,38.432478,-1.803921,-36.6285574643026,-67.3291433482807,0,4.5e-12
1.0040589604844743,0.0,0.0000000000000000,0.0000000000000000,-0.0102669822579826,0.0000000000000000,4.9855820516609031,3.0000366870904878,39.277868,-1.807110,-37.4707581850527,-68.9794120932457,0,4.0e-12
1.0040613390700688,0.0,0.0000000000000000,0.0000000000000000,-0.0102548516737966,0.0000000000000000,4.9782763028771555,3.0000369389527943,40.158488,-1.810317,-38.3481704476802,-70.6996091756163,0,5.3e-12
1.0040637621777382,0.0,-0.0000000000000000,0.0000000000000000,-0.0102424504333293,0.0000000000000000,4.9708957510061884,3.0000371962204806,41.076372,-1.813544,-39.2628280356615,-72.4938077841666,0,5.1e-12
1.0040662310438557,0.0,-0.0000000000000000,0.0000000000000000,-0.0102297690092441,0.0000000000000000,4.9634396569839474,3.0000374590754508,42.033707,-1.816789,-40.2169173847391,-74.3663883491311,0,5.3e-12
1.0040687469594458,0.0,-0.0000000000000000,0.0000000000000000,-0.0102167973629007,0.0000000000000000,4.9559072747337716,3.0000377277090133,43.032845,-1.820053,-41.2127919198323,-76.3220674903521,0,4.6e-12
1.0040713112739588,0.0,-0.0000000000000000,0.0000000000000000,-0.0102035249054713,0.0000000000000000,4.9482978508225539,3.0000380023225719,44.076324,-1.823336,-42.2529880326367,-78.3659302654125,0,5.6e-12
1.0040739253994124,0.0,-0.0000000000000000,0.0000000000000000,-0.0101899404551583,0.0000000000000000,4.9406106240669034,3.0000382831283936,45.166879,-1.826636,-43.3402429197428,-80.5034662088574,0,5.0e-12
1.0040765908149463,0.0,0.0000000000000000,0.0000000000000000,-0.0101760321900194,0.0000000000000000,4.9328448250832757,3.0000385703504535,46.307470,-1.829956,-44.4775145559739,-82.7406096454727,0,4.8e-12
1.0040793090718385,0.0,-0.0000000000000000,0.0000000000000000,-0.0101617875958394,0.0000000000000000,4.9249996757753802,3.0000388642253664,47.501297,-1.833293,-45.6680040877163,-85.0837849338343,0,4.2e-12
1.0040820817990455,0.0,0.0000000000000000,0.0000000000000000,-0.0101471934083984,0.0000000000000000,4.9170743887511836,3.0000391650034155,48.751829,-1.836648,-46.9151810093119,-87.5399573353998,0,4.9e-12
1.0040849107093355,0.0,0.0000000000000000,0.0000000000000000,-0.0101322355493824,0.0000000000000000,4.9090681666607905,3.0000394729496951,50.062833,-1.840022,-48.2228115395453,-90.1166903414419,0,4.5e-12
1.0040877976060980,0.0,0.0000000000000000,0.0000000000000000,-0.0101168990550458,0.0000000000000000,4.9009802014451997,3.0000397883453820,51.438403,-1.843413,-49.5949906816185,-92.8222104521597,0,1.6e-11
1.0040907443909071,0.0,-0.0000000000000000,0.0000000000000000,-0.0101011679966741,0.0000000000000000,4.8928096734839990,3.0000401114891457,52.883000,-1.846822,-51.0361785281158,-95.6654806003635,0,1.3e-11
1.0040937530719882,0.0,0.0000000000000000,0.0000000000000000,-0.0100850253914659,0.0000000000000000,4.8845557506294384,3.0000404426987366,54.401490,-1.850249,-52.5512415320429,-98.6562835138923,0,9.2e-12
1.0040968257736658,0.0,-0.0000000000000000,0.0000000000000000,-0.0100684531026687,0.0000000000000000,4.8762175871097773,3.0000407823127491,55.999193,-1.853693,-54.1454995003864,-101.8053167646199,0,5.5e-12
1.0040999647469828,0.0,0.0000000000000000,0.0000000000000000,-0.0100514317271067,0.0000000000000000,4.8677943222843112,3.0000411306926202,57.681934,-1.857155,-55.8247793147576,-105.1243013862115,0,4.2e-12
1.0041031723816571,0.0,0.0000000000000000,0.0000000000000000,-0.0100339404682122,0.0000000000000000,4.8592850792274929,3.0000414882248716,59.456111,-1.860635,-57.5954765227420,-108.6261064377511,0,1.9e-12
1.0041064512195992,0.0,-0.0000000000000000,0.0000000000000000,-0.0100159569921354,0.0000000000000000,4.8506889631161076,3.0000418553236523,61.328758,-1.864132,-59.4646262116617,-112.3248923163403,0,3.1e-12
1.0041098039702381,0.0,-0.0000000000000000,0.0000000000000000,-0.0099974572641772,0.0000000000000000,4.8420050593873638,3.0000422324336262,63.307631,-1.867647,-61.4399848288281,-116.2362763233762,0,6.4e-12
1.0041132335279770,0.0,0.0000000000000000,0.0000000000000000,-0.0099784153620507,0.0000000000000000,4.8332324316299671,3.0000426200332613,65.401304,-1.871179,-63.5301250546976,-120.3775245266461,0,1.0e-11
1.0041167429921576,0.0,0.0000000000000000,0.0000000000000000,-0.0099588032618558,0.0000000000000000,4.8243701191612507,3.0000430186385967,67.619275,-1.874728,-65.7445462070786,-124.7677751588230,0,2.5e-12
1.0041203356899704,0.0,0.0000000000000000,0.0000000000000000,-0.0099385905917999,0.0000000000000000,4.8154171342326801,3.0000434288075737,69.972099,-1.878296,-68.0938032981285,-129.4282998154654,0,1.1e-12
1.0041240152029229,0.0,-0.0000000000000000,0.0000000000000000,-0.0099177443472366,0.0000000000000000,4.8063724587939936,3.0000438511450382,72.471540,-1.881881,-70.5896586436837,-134.3828101395666,0,2.3e-12
1.0041277853975057,0.0,0.0000000000000000,0.0000000000000000,-0.0098962285596522,0.0000000000000000,4.7972350407264095,3.0000442863085492,75.130745,-1.885484,-73.2452607381668,-139.6578199581404,0,1.6e-12
1.0041316504609628,0.0,-0.0000000000000000,0.0000000000000000,-0.0098740039098578,0.0000000000000000,4.7880037894355398,3.0000447350151531,77.964462,-1.889105,-76.0753565526032,-145.2830748387082,0,3.0e-12
1.0041356149432392,0.0,-0.0000000000000000,0.0000000000000000,-0.0098510272735026,0.0000000000000000,4.7786775706639775,3.0000451980493383,80.989290,-1.892745,-79.0965448011011,-151.2920648238173,0,2.7e-12
1.0041396838064820,0.0,0.0000000000000000,0.0000000000000000,-0.0098272511837683,0.0000000000000000,4.7692552003459472,3.0000456762724301,84.223983,-1.896403,-82.3275800353736,-157.7226399154065,0,2.5e-12
1.0041438624838470,0.0,-0.0000000000000000,0.0000000000000000,-0.0098026231919282,0.0000000000000000,4.7597354372754515,3.0000461706337536,87.689821,-1.900081,-85.7897401194295,-164.6177539803975,0,3.2e-12
1.0041481569498749,0.0,0.0000000000000000,0.0000000000000000,-0.0097770851008870,0.0000000000000000,4.7501169742916494,3.0000466821840073,91.411052,-1.903778,-89.5072734884527,-172.0263701565159,0,1.8e-12
1.0041525738053736,0.0,0.0000000000000000,0.0000000000000000,-0.0097505720392809,0.0000000000000000,4.7403984275930124,3.0000472120913968,95.415444,-1.907496,-93.5079477407439,-180.0045713605987,0,3.2e-12
1.0041571203806829,0.0,-0.0000000000000000,0.0000000000000000,-0.0097230113334455,0.0000000000000000,4.7305783236658145,3.0000477616612753,99.734963,-1.911235,-97.8237281701608,-188.6169340137267,0,2.9e-12
1.0041618048624876,0.0,-0.0000000000000000,0.0000000000000000,-0.0096943211202953,0.0000000000000000,4.7206550831371752,3.0000483323602660,104.406621,-1.914996,-102.4916248848393,-197.9382428078452,0,5.0e-12
1.0041666364511552,0.0,-0.0000000000000000,0.0000000000000000,-0.0096644086241200,0.0000000000000000,4.7106270006159603,3.0000489258462091,109.473541,-1.918780,-107.5547610478863,-208.0556531864058,0,4.4e-12
1.0041716255581785,0.0,0.0000000000000000,0.0000000000000000,-0.0096331679916440,0.0000000000000000,4.7004922192312906,3.0000495440057438,114.986324,-1.922589,-113.0637351209111,-219.0714488651656,0,8.2e-12
1.0041767840570921,0.0,0.0000000000000000,0.0000000000000000,-0.0096004775378453,0.0000000000000000,4.6902486980637885,3.0000501890020801,121.004804,-1.926424,-119.0783797982623,-231.1066019095888,0,1.3e-11
1.0041821256067880,0.0,0.0000000000000000,0.0000000000000000,-0.0095661961933281,0.0000000000000000,4.6798941698988115,3.0000508633365670,127.600353,-1.930288,-125.6700645290256,-244.3054330871792,0,1.0e-11
1.0041876660748223,0.0,-0.0000000000000000,0.0000000000000000,-0.0095301588489355,0.0000000000000000,4.6694260855751173,3.0000515699293078,134.858940,-1.934183,-132.9247572813918,-258.8418075441659,0,1.1e-11
1.0041934241014241,0.0,-0.0000000000000000,0.0000000000000000,-0.0094921701473153,0.0000000000000000,4.6588415393981704,3.0000523122265732,142.885278,-1.938111,-140.9471675441736,-274.9275179251672,0,1.2e-11
1.0041994218663923,0.0,-0.0000000000000000,0.0000000000000000,-0.0094519960342407,0.0000000000000000,4.6481371672231271,3.0000530943468680,151.808543,-1.942077,-149.8664664438352,-292.8238564622279,0,2.8e-11
1.0042056861562909,0.0,0.0000000000000000,0.0000000000000000,-0.0094093519921920,0.0000000000000000,4.6373090040975713,3.0000539212841959,161.790453,-1.946085,-159.8443684902610,-312.8579620779055,0,1.4e-11
1.0042122498901278,0.0,-0.0000000000000000,0.0000000000000000,-0.0093638862055125,0.0000000000000000,4.6263522803472199,3.0000547991986655,173.037003,-1.950141,-171.0868619945289,-335.4465410540379,0,2.3e-11
1.0042191543706174,0.0,0.0000000000000000,0.0000000000000000,-0.0093151546984230,0.0000000000000000,4.6152611208264434,3.0000557358453372,185.816034,-1.954252,-183.8617821321572,-361.1313955581463,0,2.3e-11
1.0042258741677139,0.0,0.0000000000000000,0.0000000000000000,-0.0092667917945416,0.0000000000000000,4.6048999713089920,3.0000566609404844,199.275484,-1.958104,-197.3173802560269,-388.2020355164059,0,3.3e-11
1.0042309910341685,0.0,-0.0000000000000000,0.0000000000000000,-0.0092293183260136,0.0000000000000000,4.5973011378492883,3.0000573746554173,210.260633,-1.960939,-208.2996944554075,-410.3081717342066,0,3.0e-11
1.0042361418469963,0.0,-0.0000000000000000,0.0000000000000000,-0.0091910072472677,0.0000000000000000,4.5899095480673653,3.0000581015186474,222.014013,-1.963708,-220.0503049183536,-433.9706592864641,0,3.7e-11
1.0042391307700795,0.0,0.0000000000000000,0.0000000000000000,-0.0091684959456357,0.0000000000000000,4.5857403740760851,3.0000585272880884,229.174615,-1.965276,-227.2093383252123,-448.3914314726717,0,2.3e-11
