x0,y0,z0,xd0,yd0,zd0,Tp,JC,stabilityIndex1,stabilityIndex2,alpha,beta,impactFlag,error
0.9976846191706810,0.0,0.0032814077290583,-0.0000000000031103,-0.0017945898110033,-0.0000000000090904,14.3479677694313299,3.0000958498755490,-2465.864551,2.000015,2463.8645361811123,-4929.7650982597843,1,2.4e-12
0.9976848966103286,0.0,0.0032812171890227,0.0000000000058479,-0.0017958321317875,0.0000000000170883,14.3478595743984307,3.0000958502537158,-2464.777349,2.000018,2462.7773308462729,-4927.6000610603951,1,3.7e-11
0.9976851814618358,0.0,0.0032810216349783,-0.0000000000008763,-0.0017971075177721,-0.0000000000025580,14.3477491587792194,3.0000958506387838,-2463.664535,2.000022,2461.6645129029071,-4925.3843110422604,1,2.0e-11
0.9976854739461770,0.0,0.0032808209192303,0.0000000000038925,-0.0017984169456293,0.0000000000113597,14.3476364743402058,3.0000958510308573,-2462.525277,2.000027,2460.5252498967720,-4923.1177194598131,1,3.5e-11
0.9976857743621298,0.0,0.0032806148442070,0.0000000000107291,-0.0017997617450676,0.0000000000312829,14.3475214723162470,3.0000958514300318,-2461.358862,2.000032,2459.3588295392647,-4920.7977483770810,1,4.6e-11
0.9976860829631879,0.0,0.0032804032409880,0.0000000000022645,-0.0018011430373945,0.0000000000066109,14.3474041020093654,3.0000958518364120,-2460.164507,2.000038,2458.1644692487334,-4918.4226485760882,1,6.8e-11
0.9976864000504321,0.0,0.0032801859101567,0.0000000000016998,-0.0018025621590728,0.0000000000049596,14.3472843118784379,3.0000958522500922,-2458.941235,2.000045,2456.9411904092794,-4915.9923384939320,1,3.1e-11
0.9976867259654019,0.0,0.0032799626258954,-0.0000000000012011,-0.0018040206282736,-0.0000000000034958,14.3471620490260587,3.0000958526711705,-2457.688292,2.000052,2455.6882401145904,-4913.5033862963319,1,4.4e-12
0.9976870609994628,0.0,0.0032797331945454,-0.0000000000004084,-0.0018055197328172,-0.0000000000011832,14.3470372587916870,3.0000958530997432,-2456.404674,2.000059,2454.4046148648063,-4910.9551532906480,1,2.9e-11
0.9976874055340833,0.0,0.0032794973643693,-0.0000000000006931,-0.0018070611681469,-0.0000000000020037,14.3469098855249584,3.0000958535359019,-2455.089463,2.000068,2453.0893955555030,-4908.3448481457308,1,4.5e-12
0.9976877599142122,0.0,0.0032792549067238,-0.0000000000030992,-0.0018086464608025,-0.0000000000090115,14.3467798715320640,3.0000958539797402,-2453.741600,2.000077,2451.7415231768655,-4905.6712352284230,1,3.7e-12
0.9976881245357666,0.0,0.0032790055601731,-0.0000000000038184,-0.0018102773666686,-0.0000000000110910,14.3466471578599197,3.0000958544313443,-2452.360029,2.000086,2450.3599423422424,-4902.9319124384783,1,6.9e-12
0.9976884998137817,0.0,0.0032787490505568,-0.0000000000047337,-0.0018119557252784,-0.0000000000137372,14.3465116836806672,3.0000958548908008,-2450.943643,2.000097,2448.9435464744374,-4900.1245524114929,1,2.8e-11
0.9976888861783534,0.0,0.0032784850938454,0.0000000000016107,-0.0018136834415437,0.0000000000046890,14.3463733864353848,3.0000958553581927,-2449.491215,2.000108,2447.4911071188585,-4897.2475100797601,1,8.1e-12
0.9976892841034436,0.0,0.0032782133776052,-0.0000000000013068,-0.0018154626163998,-0.0000000000037697,14.3462322018301407,3.0000958558335937,-2448.001549,2.000120,2446.0014291490147,-4894.2974933823571,1,1.5e-11
0.9976896940704313,0.0,0.0032779335842248,-0.0000000000001419,-0.0018172953805405,-0.0000000000004131,14.3460880632956478,3.0000958563170772,-2446.473302,2.000133,2444.4731689106256,-4891.2723453557119,1,2.9e-11
0.9976901166107190,0.0,0.0032776453635274,-0.0000000000014917,-0.0018191840876159,-0.0000000000043329,14.3459409023272926,3.0000958568087128,-2444.905051,2.000147,2442.9049038095627,-4888.1698534148745,1,3.0e-11
0.9976905522910869,0.0,0.0032773483424816,-0.0000000000062261,-0.0018211312478995,-0.0000000000180162,14.3457906483752993,3.0000958573085552,-2443.295405,2.000162,2441.2952430180580,-4884.9857667116448,1,4.7e-11
0.9976910016998192,0.0,0.0032770421336373,0.0000000000027212,-0.0018231394640896,0.0000000000078636,14.3456372281780560,3.0000958578166577,-2441.642683,2.000177,2439.6425050838079,-4881.7186343567446,1,2.7e-11
0.9976914654962402,0.0,0.0032767263034955,-0.0000000000031651,-0.0018252116560095,-0.0000000000091286,14.3454805662564642,3.0000958583330641,-2439.945323,2.000194,2437.9451295574663,-4878.3636715812609,1,3.0e-11
0.9976919443635074,0.0,0.0032764004027767,0.0000000000007715,-0.0018273508457550,0.0000000000022299,14.3453205842783262,3.0000958588578057,-2438.201470,2.000211,2436.2012588070811,-4874.9185118959285,1,1.4e-11
0.9976924390401722,0.0,0.0032760639461894,0.0000000000017877,-0.0018295603004879,0.0000000000051509,14.3451572010393580,3.0000958593909015,-2436.409269,2.000230,2434.4090388766740,-4871.3786300802603,1,3.1e-11
0.9976929503359507,0.0,0.0032757164018785,-0.0000000000015167,-0.0018318436025097,-0.0000000000043650,14.3449903321990657,3.0000958599323631,-2434.566654,2.000249,2432.5664046009160,-4867.7405586438254,1,2.1e-11
0.9976934791144754,0.0,0.0032753572029401,-0.0000000000001541,-0.0018342045710798,-0.0000000000004509,14.3448198901490720,3.0000958604821784,-2432.671440,2.000270,2430.6711702865582,-4863.9998695710674,1,2.3e-11
0.9976940263320697,0.0,0.0032749857221076,-0.0000000000015466,-0.0018366474366367,-0.0000000000044491,14.3446457836812211,3.0000958610403177,-2430.721302,2.000291,2428.7210105683685,-4860.1512946044095,1,1.4e-11
0.9976945929910350,0.0,0.0032746013017922,-0.0000000000018570,-0.0018391766281687,-0.0000000000053341,14.3444679172399407,3.0000958616067370,-2428.713685,2.000314,2426.7133706696577,-4856.1900564660318,1,2.8e-12
0.9976951802270302,0.0,0.0032742031977264,0.0000000000011122,-0.0018417971676805,0.0000000000031793,14.3442861912248993,3.0000958621813614,-2426.645809,2.000338,2424.6454710418957,-4852.1107930201106,1,2.1e-11
0.9976957892529636,0.0,0.0032737906150280,0.0000000000025447,-0.0018445144146467,0.0000000000072850,14.3441005009899438,3.0000958627640943,-2424.514691,2.000362,2422.5143292719381,-4847.9073563041165,1,3.9e-11
0.9976964214208474,0.0,0.0032733626683025,0.0000000000009713,-0.0018473343444207,0.0000000000027874,14.3439107367347116,3.0000958633547996,-2422.317066,2.000387,2420.3166784668456,-4843.5729120629840,1,3.3e-11
0.9976970782127038,0.0,0.0032729183873029,-0.0000000000001973,-0.0018502635048424,-0.0000000000005592,14.3437167825627778,3.0000958639533040,-2420.049356,2.000414,2418.0489420690096,-4839.0999297793023,1,2.9e-11
0.9976977612743377,0.0,0.0032724566949749,0.0000000000002437,-0.0018533091666027,0.0000000000006822,14.3435185158458349,3.0000958645593903,-2417.707553,2.000441,2415.7071125690045,-4834.4810088281520,1,9.0e-12
0.9976984724383217,0.0,0.0032719763923780,0.0000000000000333,-0.0018564794240159,0.0000000000001096,14.3433158063476665,3.0000958651727907,-2415.287327,2.000469,2413.2868582503279,-4829.7066728561185,1,2.7e-11
0.9976992137545510,0.0,0.0032714761390289,-0.0000000000018786,-0.0018597833302590,-0.0000000000053499,14.3431085153484137,3.0000958657931673,-2412.783790,2.000497,2410.7832926758738,-4824.7670517750084,1,3.5e-11
0.9976999875305901,0.0,0.0032709544262849,0.0000000000004432,-0.0018632310747060,0.0000000000012648,14.3428964940804704,3.0000958664201125,-2410.191467,2.000526,2408.1909405639999,-4819.6512761460617,1,3.3e-11
0.9977007963815820,0.0,0.0032704095451031,0.0000000000012524,-0.0018668342037656,0.0000000000035629,14.3426795824494420,3.0000958670531199,-2407.504301,2.000555,2405.5037461247184,-4814.3453133902512,1,3.1e-11
0.9977016432881772,0.0,0.0032698395479771,0.0000000000018619,-0.0018706058754525,0.0000000000052803,14.3424576068284946,3.0000958676915768,-2404.715226,2.000584,2402.7146411654398,-4808.8360967175104,1,4.1e-11
0.9977025316765962,0.0,0.0032692421969223,0.0000000000006880,-0.0018745612129185,0.0000000000019554,14.3422303778554898,3.0000958683347294,-2401.816389,2.000613,2399.8157758356965,-4803.1053133676760,1,4.2e-11
0.9977034655180126,0.0,0.0032686148985814,0.0000000000005152,-0.0018787177423301,0.0000000000014610,14.3419976873369936,3.0000958689816590,-2398.798490,2.000641,2396.7978485388030,-4797.1352951782756,1,1.6e-11
0.9977044494672052,0.0,0.0032679546140524,-0.0000000000006945,-0.0018830960053005,-0.0000000000019593,14.3417593045614442,3.0000958696312212,-2395.650918,2.000668,2393.6502500595052,-4790.9018147289753,1,2.2e-11
0.9977054890163698,0.0,0.0032672577582157,0.0000000000012304,-0.0018877202343545,0.0000000000034578,14.3415149707455001,3.0000958702820086,-2392.360987,2.000693,2390.3602943478595,-4784.3792068609037,1,6.2e-11
0.9977065907689142,0.0,0.0032665200215272,-0.0000000000016364,-0.0018926195633724,-0.0000000000045978,14.3412643930233976,3.0000958709322534,-2388.913731,2.000714,2386.9130161156763,-4777.5341071146540,1,3.0e-11
0.9977077627451886,0.0,0.0032657361707947,-0.0000000000009356,-0.0018978293734204,-0.0000000000026156,14.3410072355150859,3.0000958715797110,-2385.290908,2.000732,2383.2901766850150,-4770.3273573867045,1,5.8e-11
0.9977090148580656,0.0,0.0032648997388661,-0.0000000000006161,-0.0019033933887258,-0.0000000000017291,14.3407431069158449,3.0000958722215083,-2381.470023,2.000744,2379.4692796471372,-4762.7112817713059,1,4.9e-11
0.9977103596230372,0.0,0.0032640025620587,0.0000000000008651,-0.0019093668082309,0.0000000000024160,14.3404715443340685,3.0000958728538780,-2377.422884,2.000748,2375.4221363270453,-4754.6244476586580,1,3.1e-11
0.9977118132021791,0.0,0.0032630340999078,-0.0000000000006931,-0.0019158209060123,-0.0000000000019401,14.3401919895690639,3.0000958734717771,-2373.113283,2.000742,2371.1125414989669,-4745.9863206888549,1,4.1e-12
0.9977133970984687,0.0,0.0032619803309649,0.0000000000002619,-0.0019228504988787,0.0000000000007389,14.3399037547395807,3.0000958740682604,-2368.493111,2.000720,2366.4923904834391,-4736.6922248722985,1,1.8e-12
0.9977151409494401,0.0,0.0032608219333899,0.0000000000000481,-0.0019305862574309,0.0000000000001349,14.3396059719740467,3.0000958746333937,-2363.496444,2.000678,2361.4957652810813,-4726.5959817687981,1,5.8e-12
0.9977166949715423,0.0,0.0032597911777551,0.0000000000000000,-0.0019374766615749,0.0000000000000000,14.3393577018827525,3.0000958750570650,-2359.122049,2.000623,2357.1214256228118,-4717.7141934405081,1,2.2e-12
0.9977184213177180,0.0,0.0032586477868777,0.0000000000000000,-0.0019451275604648,0.0000000000000000,14.3391005977660662,3.0000958754404223,-2354.347845,2.000541,2352.3473043328518,-4707.9692130051553,1,4.5e-12
0.9977203718884878,0.0,0.0032573579429914,0.0000000000000000,-0.0019537677072573,0.0000000000000000,14.3388335254203643,3.0000958757643574,-2349.059834,2.000420,2347.0594140453832,-4697.1050891447812,1,8.6e-12
0.9977208836956440,0.0,0.0032570198566976,0.0000000000000000,-0.0019560340007507,0.0000000000000000,14.3387675294770141,3.0000958758303509,-2347.690743,2.000382,2345.6903607954937,-4694.2793834162876,1,1.8e-11
0.9977214234028223,0.0,0.0032566634974108,0.0000000000000000,-0.0019584234866584,0.0000000000000000,14.3386997626853905,3.0000958758914442,-2346.255263,2.000341,2344.2549222401117,-4691.3102680188604,1,4.3e-12
0.9977219940777843,0.0,0.0032562868646462,0.0000000000000000,-0.0019609496897197,0.0000000000000000,14.3386301411506896,3.0000958759465859,-2344.746557,2.000294,2342.7462626447796,-4688.1828068341129,1,1.1e-11
0.9977225993678036,0.0,0.0032558875805225,0.0000000000000000,-0.0019636286876097,0.0000000000000000,14.3385585726075231,3.0000958759944929,-2343.156572,2.000242,2341.1563307295419,-4684.8785301372409,1,2.9e-11
0.9977232436691715,0.0,0.0032554627794321,0.0000000000000000,-0.0019664798577064,0.0000000000000000,14.3384849553108733,3.0000958760335759,-2341.475578,2.000182,2339.4753966214425,-4681.3761273999698,1,2.2e-11
0.9977239323843922,0.0,0.0032550089408735,0.0000000000000000,-0.0019695270111442,0.0000000000000000,14.3384091776118510,3.0000958760618226,-2339.691732,2.000113,2337.6916187465836,-4677.6488426849246,1,1.4e-11
0.9977246722154463,0.0,0.0032545216985532,0.0000000000000000,-0.0019727996824821,0.0000000000000000,14.3383311163697780,3.0000958760766641,-2337.790417,2.000034,2335.7903818194127,-4673.6630573500879,1,5.5e-12
0.9977254716598770,0.0,0.0032539955178507,0.0000000000000000,-0.0019763353148259,0.0000000000000000,14.3382506373575573,3.0000958760747447,-2335.753151,2.000001,2333.7532065713767,-4669.3768984870985,1,3.6e-11
0.9977263417351245,0.0,0.0032534232250296,0.0000000000000000,-0.0019801824491734,0.0000000000000000,14.3381675974752305,3.0000958760515726,-2333.556067,1.999840,2331.5562282752880,-4664.7366711217910,1,7.0e-12
0.9977283579040854,0.0,0.0032520985672389,0.0000000000000000,-0.0019890937013298,0.0000000000000000,14.3379932715645975,3.0000958759140999,-2328.545013,1.999565,2326.5454485432851,-4654.0768732209690,1,4.6e-11
0.9977309248383256,0.0,0.0032504149596275,0.0000000000000000,-0.0020004323488886,0.0000000000000000,14.3378075296594947,3.0000958755717302,-2322.324418,1.999153,2320.3252647153945,-4640.6822669282556,1,2.7e-11
0.9977325416930595,0.0,0.0032493561176438,0.0000000000000000,-0.0020075703733382,0.0000000000000000,14.3377111097415177,3.0000958752611480,-2318.496173,1.998856,2316.4973163768168,-4632.3405468538404,1,5.0e-12
0.9977344754550331,0.0,0.0032480913411416,0.0000000000000000,-0.0020161035162573,0.0000000000000000,14.3376164370291299,3.0000958747946003,-2314.007283,1.998461,2312.0088213855433,-4622.4541386878118,1,1.2e-11
0.9977369451309090,0.0,0.0032464785128639,0.0000000000000000,-0.0020269953072895,0.0000000000000000,14.3375278676025157,3.0000958740500550,-2308.414002,1.997892,2306.4161100389306,-4609.9611146408133,1,1.2e-11
0.9977402491371288,0.0,0.0032443249835143,0.0000000000000000,-0.0020415559688561,0.0000000000000000,14.3374653185061831,3.0000958727973246,-2301.170757,1.997010,2299.1737472241316,-4593.4600097010843,1,8.8e-12
0.9977443804855508,0.0,0.0032416385815369,0.0000000000000000,-0.0020597457763909,0.0000000000000000,14.3374756144608675,3.0000958708259713,-2292.488922,1.995703,2290.4932189282940,-4573.1270742830820,1,4.7e-12
0.9977479827861147,0.0,0.0032393016763451,0.0000000000000000,-0.0020755911991967,0.0000000000000000,14.3375633344834039,3.0000958687479291,-2285.248710,1.994370,2283.2543407475637,-4555.6305155707523,1,2.1e-11
0.9977506617879417,0.0,0.0032375668856371,0.0000000000000000,-0.0020873663836505,0.0000000000000000,14.3376752960793077,3.0000958669900188,-2280.057761,1.993255,2278.0645056639291,-4542.7371693658642,1,1.7e-11
0.9977527658260249,0.0,0.0032362062187689,0.0000000000000000,-0.0020966091312563,0.0000000000000000,14.3377907840569048,3.0000958654843708,-2276.093977,1.992304,2274.1016724844349,-4532.6722163683735,1,1.7e-11
0.9977545262290696,0.0,0.0032350689596384,0.0000000000000000,-0.0021043388196398,0.0000000000000000,14.3379058370444419,3.0000958641411746,-2272.852638,1.991457,2270.8611810759385,-4524.2873834576458,1,2.1e-11
0.9977560632301675,0.0,0.0032340768798089,0.0000000000000000,-0.0021110849836274,0.0000000000000000,14.3380198974136199,3.0000958629068983,-2270.077758,1.990677,2268.0870819011843,-4516.9905345914885,1,9.9e-12
0.9977574442272891,0.0,0.0032331861604685,0.0000000000000000,-0.0021171443703069,0.0000000000000000,14.3381331196240609,3.0000958617494002,-2267.627783,1.989944,2265.6378392361703,-4510.4515691818669,1,2.4e-11
0.9977587103641191,0.0,0.0032323700660349,0.0000000000000000,-0.0021226980935312,0.0000000000000000,14.3382457969144159,3.0000958606481478,-2265.417143,1.989245,2263.4278986369868,-4504.4692415636964,1,2.4e-11
0.9977598885372851,0.0,0.0032316111258289,0.0000000000000000,-0.0021278645322636,0.0000000000000000,14.3383582234911344,3.0000958595892557,-2263.390339,1.988571,2261.4017685031395,-4498.9123580795713,1,3.7e-11
0.9977609543617174,0.0,0.0032309249297147,0.0000000000000000,-0.0021325371146009,0.0000000000000000,14.3384661877158930,3.0000958586031610,-2261.581669,1.987942,2259.5937270770351,-4493.8931476967409,1,1.6e-11
0.9977619689746101,0.0,0.0032302720280964,0.0000000000000000,-0.0021369841379462,0.0000000000000000,14.3385744596238069,3.0000958576397267,-2259.881693,1.987325,2257.8943672536670,-4489.1204134356230,1,6.8e-12
0.9977629411993570,0.0,0.0032296466947731,0.0000000000000000,-0.0021412444215071,0.0000000000000000,14.3386832133229003,3.0000958566940445,-2258.272485,1.986719,2256.2857668687311,-4484.5519626084715,1,7.6e-12
0.9977638778664379,0.0,0.0032290444980731,0.0000000000000000,-0.0021453480131877,0.0000000000000000,14.3387926020156335,3.0000958557622353,-2256.740273,1.986119,2254.7541537502452,-4480.1545781521127,1,7.5e-12
0.9977647843903428,0.0,0.0032284619258271,0.0000000000000000,-0.0021493187286719,0.0000000000000000,14.3389027614011759,3.0000958548411538,-2255.274214,1.985524,2253.2886895235633,-4475.9013896337710,1,5.7e-11
0.9977656651230684,0.0,0.0032278961557996,0.0000000000000000,-0.0021531757084121,0.0000000000000000,14.3390138132343683,3.0000958539282201,-2253.865566,1.984933,2251.8806330695124,-4471.7725104549900,1,9.5e-12
0.9977665236408092,0.0,0.0032273448693928,0.0000000000000000,-0.0021569346784176,0.0000000000000000,14.3391258675434763,3.0000958530212674,-2252.507275,1.984344,2250.5229312559181,-4467.7496796473861,1,1.1e-11
0.9977673629081552,0.0,0.0032268061450231,0.0000000000000000,-0.0021606086737156,0.0000000000000000,14.3392390249947468,3.0000958521184575,-2251.193493,1.983756,2249.2097373394936,-4463.8185239913873,1,4.5e-12
0.9977681532579599,0.0,0.0032262989998412,0.0000000000000000,-0.0021640679071676,0.0000000000000000,14.3393488434261851,3.0000958512536946,-2249.968897,1.983191,2247.9857056968408,-4460.1177502186038,1,1.1e-11
0.9977689306486293,0.0,0.0032258003375070,0.0000000000000000,-0.0021674698366819,0.0000000000000000,14.3394599310231410,3.0000958503893798,-2248.776223,1.982624,2246.7935989504585,-4456.4787021786906,1,3.0e-12
0.9977696966672636,0.0,0.0032253091302639,0.0000000000000000,-0.0021708214368919,0.0000000000000000,14.3395723612791510,3.0000958495244419,-2247.612423,1.982056,2245.6303675577597,-4452.8934482880868,1,1.3e-11
0.9977704526974825,0.0,0.0032248244823700,0.0000000000000000,-0.0021741287870965,0.0000000000000000,14.3396862042670037,3.0000958486579208,-2246.474871,1.981484,2244.4933863648585,-4449.3549347002991,1,3.5e-11
0.9977711999544502,0.0,0.0032243456073849,0.0000000000000000,-0.0021773972253117,0.0000000000000000,14.3398015272442017,3.0000958477889492,-2245.361188,1.980910,2243.3802778982417,-4445.8586980192922,1,8.8e-11
0.9977719395150345,0.0,0.0032238718086369,0.0000000000000000,-0.0021806314810468,0.0000000000000000,14.3399183951196392,3.0000958469167327,-2244.269472,1.980331,2242.2891407658176,-4442.3972153011709,1,1.9e-11
0.9977726723390349,0.0,0.0032234024653842,0.0000000000000000,-0.0021838357685333,0.0000000000000000,14.3400368708644894,3.0000958460405425,-2243.197858,1.979748,2241.2181101316792,-4438.9672790993936,1,4.8e-12
0.9977733992786785,0.0,0.0032229370267209,0.0000000000000000,-0.0021870138290824,0.0000000000000000,14.3401570159767129,3.0000958451597062,-2242.144787,1.979161,2240.1656261826856,-4435.5647640116513,1,3.8e-11
0.9977741211098992,0.0,0.0032224749911975,0.0000000000000000,-0.0021901690677415,0.0000000000000000,14.3402788905921508,3.0000958442735941,-2241.108895,1.978567,2239.1303272239088,-4432.1848889789544,1,2.7e-11
0.9977748385319362,0.0,0.0032220159071840,0.0000000000000000,-0.0021933045522598,0.0000000000000000,14.3404025538831945,3.0000958433816147,-2240.088850,1.977969,2238.1108815241919,-4428.8256280142814,1,5.2e-11
0.9977755521747372,0.0,0.0032215593679536,0.0000000000000000,-0.0021964230457430,0.0000000000000000,14.3405280643009121,3.0000958424832156,-2239.083635,1.977364,2237.1062713154047,-4425.4822978414595,1,4.8e-12
0.9977762626218050,0.0,0.0032211049969449,0.0000000000000000,-0.0021995271063405,0.0000000000000000,14.3406554796392314,3.0000958415778674,-2238.092183,1.976752,2236.1154308541941,-4422.1529024904594,1,3.6e-11
0.9977769704037897,0.0,0.0032206524519034,0.0000000000000000,-0.0022026190599322,0.0000000000000000,14.3407848573279484,3.0000958406650673,-2237.113577,1.976133,2235.1374434895879,-4418.8349338700064,1,2.3e-11
0.9977776760105206,0.0,0.0032202014170443,0.0000000000000000,-0.0022057010525826,0.0000000000000000,14.3409162545219768,3.0000958397443322,-2236.147005,1.975508,2234.1714967491030,-4415.5257459790446,1,7.7e-12
0.9977783798958227,0.0,0.0032197515999719,0.0000000000000000,-0.0022087750718034,0.0000000000000000,14.3410497282416447,3.0000958388151977,-2235.191725,1.974874,2233.2168509403218,-4412.2228301693685,1,2.5e-11
0.9977790824750881,0.0,0.0032193027332028,0.0000000000000000,-0.0022118429361754,0.0000000000000000,14.3411853355522343,3.0000958378772191,-2234.247091,1.974233,2232.2728585388882,-4408.9239043798298,1,2.2e-11
0.9977797841423226,0.0,0.0032188545631626,0.0000000000000000,-0.0022149063696827,0.0000000000000000,14.3413231335616267,3.0000958369299591,-2233.312437,1.973583,2231.3388536160337,-4405.6276210756041,1,1.4e-11
0.9977804852618336,0.0,0.0032184068555491,0.0000000000000000,-0.0022179669657316,0.0000000000000000,14.3414631796017940,3.0000958359729935,-2232.387234,1.972925,2230.4143092209479,-4402.3314625462517,1,5.2e-11
0.9977811861770228,0.0,0.0032179593896229,0.0000000000000000,-0.0022210262254205,0.0000000000000000,14.3416055312729789,3.0000958350059070,-2231.470924,1.972257,2229.4986665823135,-4399.0344506823458,1,1.5e-11
0.9977818872081882,0.0,0.0032175119596726,0.0000000000000000,-0.0022240855483738,0.0000000000000000,14.3417502465651392,3.0000958340282962,-2230.563058,1.971580,2228.5914774981766,-4395.7345398855396,1,4.1e-11
0.9977825886598342,0.0,0.0032170643702314,0.0000000000000000,-0.0022271462642972,0.0000000000000000,14.3418973838788020,3.0000958330397589,-2229.663220,1.970894,2227.6923259144764,-4392.4297326486558,1,5.6e-11
0.9977832908145896,0.0,0.0032166164400257,0.0000000000000000,-0.0022302096068893,0.0000000000000000,14.3420470021693234,3.0000958320399058,-2228.771029,1.970197,2226.8008318079574,-4389.1185789154842,1,2.1e-11
0.9977839939473485,0.0,0.0032161679928381,0.0000000000000000,-0.0022332767751298,0.0000000000000000,14.3421991609074144,3.0000958310283465,-2227.886095,1.969490,2225.9166045330931,-4385.7998918308876,1,1.2e-11
0.9977846983170954,0.0,0.0032157188627600,0.0000000000000000,-0.0022363488980637,0.0000000000000000,14.3423539202089945,3.0000958300046938,-2227.008067,1.968773,2225.0392945217177,-4382.4725319058634,1,2.2e-12
0.9977854041673053,0.0,0.0032152688940052,0.0000000000000000,-0.0022394270365945,0.0000000000000000,14.3425113409028899,3.0000958289685675,-2226.136666,1.968044,2224.1686224640043,-4379.1348439534195,1,6.1e-12
0.9977861117343465,0.0,0.0032148179353811,0.0000000000000000,-0.0022425122198387,0.0000000000000000,14.3426714845232421,3.0000958279195871,-2225.271604,1.967304,2223.3043004010756,-4375.7855798630044,1,6.3e-12
0.9977868212432019,0.0,0.0032143658431041,0.0000000000000000,-0.0022456054267662,0.0000000000000000,14.3428344134016630,3.0000958268573741,-2224.412635,1.966552,2222.4460833004914,-4372.4232459329069,1,3.3e-11
0.9977875329103415,0.0,0.0032139124789415,0.0000000000000000,-0.0022487075986253,0.0000000000000000,14.3430001907026679,3.0000958257815480,-2223.559487,1.965788,2221.5936987855075,-4369.0472815562971,1,7.6e-12
0.9977882469435234,0.0,0.0032134577103354,0.0000000000000000,-0.0022518196383305,0.0000000000000000,14.3431688804743285,3.0000958246917317,-2222.711967,1.965012,2220.7469546036286,-4365.6559505662881,1,7.5e-12
0.9977889635411292,0.0,0.0032130014107975,0.0000000000000000,-0.0022549424072671,0.0000000000000000,14.3433405476984497,3.0000958235875501,-2221.869893,1.964223,2219.9056700419355,-4362.2480306518264,1,3.6e-11
0.9977896828990127,0.0,0.0032125434555296,0.0000000000000000,-0.0022580767552849,0.0000000000000000,14.3435152583020553,3.0000958224686198,-2221.033030,1.963421,2219.0696089686544,-4358.8231710935943,1,1.4e-11
0.9977904052033481,0.0,0.0032120837260321,0.0000000000000000,-0.0022612234897430,0.0000000000000000,14.3436930792409907,3.0000958213345612,-2220.201262,1.962606,2218.2386562146562,-4355.3793515106663,1,2.5e-12
0.9977911306350987,0.0,0.0032116221071951,0.0000000000000000,-0.0022643833947954,0.0000000000000000,14.3438740785160803,3.0000958201849928,-2219.374421,1.961776,2217.4126451287793,-4351.9158244300634,1,1.5e-11
0.9977918593709919,0.0,0.0032111584866934,0.0000000000000000,-0.0022675572356238,0.0000000000000000,14.3440583252111367,3.0000958190195295,-2218.552357,1.960933,2216.5914240171496,-4348.4317575362511,1,1.9e-12
0.9977925915836701,0.0,0.0032106927548574,0.0000000000000000,-0.0022707457591740,0.0000000000000000,14.3442458895322229,3.0000958178377832,-2217.734938,1.960075,2215.7748637374311,-4344.9260923620313,1,4.3e-11
0.9977933274389627,0.0,0.0032102248064625,0.0000000000000000,-0.0022739496824288,0.0000000000000000,14.3444368428680917,3.0000958166393645,-2216.922092,1.959202,2214.9628900640428,-4341.3971353732049,1,1.3e-11
0.9977940671003891,0.0,0.0032097545378110,0.0000000000000000,-0.0022771697118322,0.0000000000000000,14.3446312578008754,3.0000958154238795,-2216.113679,1.958313,2214.1553662603947,-4337.8445252217352,1,1.6e-11
0.9977948107284113,0.0,0.0032092818472302,0.0000000000000000,-0.0022804065401137,0.0000000000000000,14.3448292081495801,3.0000958141909302,-2215.309639,1.957409,2213.3522299839165,-4334.2665292117745,1,4.2e-11
0.9977955584789497,0.0,0.0032088066359374,0.0000000000000000,-0.0022836608397059,0.0000000000000000,14.3450307690151178,3.0000958129401174,-2214.509833,1.956489,2212.5533438791504,-4330.6634773272090,1,1.3e-11
0.9977963105051649,0.0,0.0032083288070507,0.0000000000000000,-0.0022869332708594,0.0000000000000000,14.3452360168211897,3.0000958116710361,-2213.714254,1.955552,2211.7587026270935,-4327.0329768783413,1,1.7e-11
0.9977970669581506,0.0,0.0032078482650191,0.0000000000000000,-0.0022902244843017,0.0000000000000000,14.3454450293342344,3.0000958103832756,-2212.922788,1.954598,2210.9681900926603,-4323.3750593401492,1,3.8e-11
0.9977978279857660,0.0,0.0032073649164141,0.0000000000000000,-0.0022935351163760,0.0000000000000000,14.3456578857147985,3.0000958090764218,-2212.135444,1.953627,2210.1818166190687,-4319.6875062063336,1,2.1e-11
0.9977985937340113,0.0,0.0032068786690369,0.0000000000000000,-0.0022968657949332,0.0000000000000000,14.3458746665468340,3.0000958077500552,-2211.352110,1.952638,2209.3994718646563,-4315.9705962883309,1,1.6e-11
0.9977993643479679,0.0,0.0032063894312899,0.0000000000000000,-0.0023002171433352,0.0000000000000000,14.3460954538700705,3.0000958064037500,-2210.572773,1.951631,2208.6211414501136,-4312.2227897513658,1,6.4e-11
0.9978001399682858,0.0,0.0032058971145061,0.0000000000000000,-0.0023035897655379,0.0000000000000000,14.3463203312408272,3.0000958050370783,-2209.797442,1.950605,2207.8468371215308,-4308.4423913881183,1,1.2e-11
0.9978009207358109,0.0,0.0032054016298933,0.0000000000000000,-0.0023069842658194,0.0000000000000000,14.3465493837412854,3.0000958036496019,-2209.026059,1.949560,2207.0764984735019,-4304.6290914900601,1,2.1e-11
0.9978017067901517,0.0,0.0032049028894924,0.0000000000000000,-0.0023104012426653,0.0000000000000000,14.3467826980279280,3.0000958022408790,-2208.258589,1.948496,2206.3100932536981,-4300.7822037078440,1,1.4e-11
0.9978024982686375,0.0,0.0032044008068347,0.0000000000000000,-0.0023138412843994,0.0000000000000000,14.3470203623759680,3.0000958008104619,-2207.495044,1.947411,2205.5476331041195,-4296.9003305118531,1,5.9e-11
0.9978032953068317,0.0,0.0032038952966413,0.0000000000000000,-0.0023173049713319,0.0000000000000000,14.3472624667157316,3.0000957993578967,-2206.735473,1.946306,2204.7891671883381,-4292.9814698142000,1,3.4e-11
0.9978040980420307,0.0,0.0032033862725040,0.0000000000000000,-0.0023207928907233,0.0000000000000000,14.3475091026516708,3.0000957978827199,-2205.979778,1.945179,2204.0345986940611,-4289.0265019875951,1,3.6e-11
0.9978049066066790,0.0,0.0032028736512187,0.0000000000000000,-0.0023243056086877,0.0000000000000000,14.3477603635405799,3.0000957963844646,-2205.228076,1.944031,2203.2840449134146,-4285.0323587376624,1,4.2e-11
0.9978057211364637,0.0,0.0032023573474723,0.0000000000000000,-0.0023278437047472,0.0000000000000000,14.3480163444858189,3.0000957948626530,-2204.480293,1.942861,2202.5374315845488,-4280.9997002864257,1,6.4e-13
0.9978065417641805,0.0,0.0032018372778773,0.0000000000000000,-0.0023314077457563,0.0000000000000000,14.3482771424122220,3.0000957933168033,-2203.736508,1.941669,2201.7948394399855,-4276.9261909597553,1,1.7e-11
0.9978073686209994,0.0,0.0032013133600809,0.0000000000000000,-0.0023349982909887,0.0000000000000000,14.3485428560975485,3.0000957917464266,-2202.996714,1.940453,2201.0562608588743,-4272.8117377329618,1,3.9e-11
0.9978082018394723,0.0,0.0032007855108909,0.0000000000000000,-0.0023386159054536,0.0000000000000000,14.3488135862063206,3.0000957901510223,-2202.261003,1.939213,2200.3217894349827,-4268.6539101586677,1,3.3e-11
0.9978090415523946,0.0,0.0032002536469758,0.0000000000000000,-0.0023422611546983,0.0000000000000000,14.3490894353298142,3.0000957885300847,-2201.529336,1.937950,2199.5913867034797,-4264.4530417681672,1,7.5e-12
0.9978098878903198,0.0,0.0031997176864813,0.0000000000000000,-0.0023459345943269,0.0000000000000000,14.3493705080443146,3.0000957868830982,-2200.801805,1.936661,2198.8651442191986,-4260.2071091402322,1,2.1e-11
0.9978107409854987,0.0,0.0031991775464481,0.0000000000000000,-0.0023496367868055,0.0000000000000000,14.3496569109350567,3.0000957852095400,-2200.078462,1.935347,2198.1431155723685,-4255.9147589136846,1,2.2e-11
0.9978116009676822,0.0,0.0031986331456076,0.0000000000000000,-0.0023533682835435,0.0000000000000000,14.3499487526611702,3.0000957835088782,-2199.359342,1.934007,2197.4253350666640,-4251.5753526058979,1,3.4e-11
0.9978124679697583,0.0,0.0031980844006303,0.0000000000000000,-0.0023571296489385,0.0000000000000000,14.3502461439720683,3.0000957817805696,-2198.644503,1.932640,2196.7118633865234,-4247.1875080228783,1,4.3e-11
0.9978133421222096,0.0,0.0031975312297991,0.0000000000000000,-0.0023609214367640,0.0000000000000000,14.3505491977806869,3.0000957800240666,-2197.933996,1.931246,2196.0027504576342,-4242.7503199432977,1,1.7e-12
0.9978142235566537,0.0,0.0031969735506655,0.0000000000000000,-0.0023647442052705,0.0000000000000000,14.3508580291921017,3.0000957782388080,-2197.227922,1.929823,2195.2980990336441,-4238.2618041187525,1,1.1e-11
0.9978151124049156,0.0,0.0031964112806622,0.0000000000000000,-0.0023685985132053,0.0000000000000000,14.3511727555550017,3.0000957764242253,-2196.526332,1.928373,2194.5979590007023,-4233.7211376666091,1,1.2e-11
0.9978160087989035,0.0,0.0031958443372088,0.0000000000000000,-0.0023724849192879,0.0000000000000000,14.3514934965102974,3.0000957745797376,-2195.829306,1.926892,2193.9024137395199,-4229.1268778438680,1,2.0e-11
0.9978169128709393,0.0,0.0031952726374563,0.0000000000000000,-0.0023764039836462,0.0000000000000000,14.3518203740374641,3.0000957727047570,-2195.136902,1.925382,2193.2115194124094,-4224.4782042503357,1,4.0e-11
0.9978178247534738,0.0,0.0031946960984985,0.0000000000000000,-0.0023803562665923,0.0000000000000000,14.3521535125059732,3.0000957707986831,-2194.449232,1.923842,2192.5253904718265,-4219.7731559770182,1,7.8e-11
0.9978187445802775,0.0,0.0031941146365892,0.0000000000000000,-0.0023843423336759,0.0000000000000000,14.3524930387193415,3.0000957688609060,-2193.766422,1.922269,2191.8441533286482,-4215.0095041603781,1,3.3e-11
0.9978196724848705,0.0,0.0031935281681650,0.0000000000000000,-0.0023883627490065,0.0000000000000000,14.3528390819737410,3.0000957668908033,-2193.088475,1.920665,2191.1678100921372,-4210.1877435646020,1,1.6e-12
0.9978206086014401,0.0,0.0031929366092407,0.0000000000000000,-0.0023924180791891,0.0000000000000000,14.3531917741055359,3.0000957648877447,-2192.415543,1.919027,2190.4965155732589,-4205.3052440099418,1,6.9e-12
0.9978215530648414,0.0,0.0031923398754264,0.0000000000000000,-0.0023965088932770,0.0000000000000000,14.3535512495446689,3.0000957628510849,-2191.747720,1.917356,2189.8303635474049,-4200.3606253685430,1,3.4e-11
0.9978225060112895,0.0,0.0031917378814540,0.0000000000000000,-0.0024006357657510,0.0000000000000000,14.3539176453649819,3.0000957607801682,-2191.085080,1.915650,2189.1694296624514,-4195.3529308028519,1,4.9e-12
0.9978234675767808,0.0,0.0031911305422132,0.0000000000000000,-0.0024047992697875,0.0000000000000000,14.3542911013462415,3.0000957586743286,-2190.427745,1.913909,2188.5138353488037,-4190.2803211840801,1,6.9e-11
0.9978244378983291,0.0,0.0031905177719545,0.0000000000000000,-0.0024089999825337,0.0000000000000000,14.3546717600245959,3.0000957565328870,-2189.775869,1.912132,2187.8637368658215,-4185.1402891646139,1,1.2e-11
0.9978254171145975,0.0,0.0031898994838687,0.0000000000000000,-0.0024132384877353,0.0000000000000000,14.3550597667469937,3.0000957543551512,-2189.129511,1.910317,2187.2191938164251,-4179.9322690307163,1,6.4e-12
0.9978264053644224,0.0,0.0031892755910443,0.0000000000000000,-0.0024175153695362,0.0000000000000000,14.3554552697349891,3.0000957521404166,-2188.488798,1.908465,2186.5803331681977,-4174.6544171958230,1,1.8e-11
0.9978274027879690,0.0,0.0031886460057412,0.0000000000000000,-0.0024218312174127,0.0000000000000000,14.3558584201388495,3.0000957498879646,-2187.853862,1.906574,2185.9472883760814,-4169.3046118514612,1,7.3e-12
0.9978284095249401,0.0,0.0031880106404785,0.0000000000000000,-0.0024261866182814,0.0000000000000000,14.3562693721038617,3.0000957475970682,-2187.224814,1.904643,2185.3201710845374,-4163.8816471351311,1,1.9e-11
0.9978294257180389,0.0,0.0031873694058872,0.0000000000000000,-0.0024305821716429,0.0000000000000000,14.3566882828225975,3.0000957452669814,-2186.601803,1.902671,2184.6991327425335,-4158.3829716718756,1,3.2e-11
0.9978304515100824,0.0,0.0031867222125268,0.0000000000000000,-0.0024350184770127,0.0000000000000000,14.3571153126037352,3.0000957428969470,-2185.984904,1.900657,2184.0842465588239,-4152.8080231207423,1,3.9e-11
0.9978314870456596,0.0,0.0031860689697892,0.0000000000000000,-0.0024394961410555,0.0000000000000000,14.3575506249300258,3.0000957404861932,-2185.374317,1.898601,2183.4757158990874,-4147.1532296324149,1,1.2e-11
0.9978325324697777,0.0,0.0031854095868379,0.0000000000000000,-0.0024440157718116,0.0000000000000000,14.3579943865296773,3.0000957380339330,-2184.770134,1.896501,2182.8736334060786,-4141.4175901492126,1,3.8e-11
0.9978335879288657,0.0,0.0031847439719010,0.0000000000000000,-0.0024485779829670,0.0000000000000000,14.3584467674378065,3.0000957355393654,-2184.172471,1.894356,2182.2781152987936,-4135.5996023928747,1,2.5e-11
0.9978346535710891,0.0,0.0031840720320776,0.0000000000000000,-0.0024531833951795,0.0000000000000000,14.3589079410628315,3.0000957330016758,-2183.581507,1.892165,2181.6893417178803,-4129.6961836977862,1,3.4e-11
0.9978357295451123,0.0,0.0031833936741625,0.0000000000000000,-0.0024578326308276,0.0000000000000000,14.3593780842596601,3.0000957304200311,-2182.997368,1.889927,2181.1074413429851,-4123.7055848711170,1,4.3e-11
0.9978368160012375,0.0,0.0031827088038802,0.0000000000000000,-0.0024625263188491,0.0000000000000000,14.3598573773955689,3.0000957277935858,-2182.420196,1.887641,2180.5325551760743,-4117.6256450731307,1,5.5e-11
0.9978379130916213,0.0,0.0031820173257614,0.0000000000000000,-0.0024672650955874,0.0000000000000000,14.3603460044206930,3.0000957251214766,-2181.850170,1.885305,2179.9648645045813,-4111.4532838831656,1,5.2e-11
0.9978390209698038,0.0,0.0031813191434265,0.0000000000000000,-0.0024720496028742,0.0000000000000000,14.3608441529425459,3.0000957224028233,-2181.287355,1.882919,2179.4044356472896,-4105.1878940504976,1,2.1e-11
0.9978401397897234,0.0,0.0031806141602594,0.0000000000000000,-0.0024768804838229,0.0000000000000000,14.3613520143033497,3.0000957196367311,-2180.731959,1.880481,2178.8514780199694,-4098.8259077486582,1,4.1e-11
0.9978412697078340,0.0,0.0031799022779864,0.0000000000000000,-0.0024817583917707,0.0000000000000000,14.3618697836484888,3.0000957168222877,-2180.184105,1.877991,2178.3061146300420,-4092.3653294341639,1,2.9e-11
0.9978424108824339,0.0,0.0031791833971348,0.0000000000000000,-0.0024866839874387,0.0000000000000000,14.3623976600058221,3.0000957139585611,-2179.643941,1.875446,2177.7684952061950,-4085.8036281554960,1,7.0e-12
0.9978435634719183,0.0,0.0031784574181813,0.0000000000000000,-0.0024916579315524,0.0000000000000000,14.3629358463699965,3.0000957110446045,-2179.111643,1.872845,2177.2387979072319,-4079.1377287320793,1,7.9e-12
0.9978447276385541,0.0,0.0031777242390555,0.0000000000000000,-0.0024966809007529,0.0000000000000000,14.3634845497702663,3.0000957080794510,-2178.587331,1.870187,2176.7171437172410,-4072.3654391914606,1,7.6e-12
0.9978459035435123,0.0,0.0031769837584294,0.0000000000000000,-0.0025017535666770,0.0000000000000000,14.3640439813680416,3.0000957050621162,-2178.071200,1.867470,2176.2037292423602,-4065.4832018665038,1,6.6e-11
0.9978470913525950,0.0,0.0031762358719104,0.0000000000000000,-0.0025068766200256,0.0000000000000000,14.3646143565221820,3.0000957019915973,-2177.563321,1.864694,2175.6986265243681,-4058.4898042283021,1,1.1e-11
0.9978482912311126,0.0,0.0031754804754504,0.0000000000000000,-0.0025120507490454,0.0000000000000000,14.3651958948896645,3.0000956988668701,-2177.063925,1.861857,2175.2020682178809,-4051.3806109544821,1,1.6e-11
0.9978495033473940,0.0,0.0031747174630129,0.0000000000000000,-0.0025172766542742,0.0000000000000000,14.3657888205014235,3.0000956956868929,-2176.573135,1.858956,2174.7141788516597,-4044.1530954330228,1,6.2e-11
0.9978507278711809,0.0,0.0031739467276309,0.0000000000000000,-0.0025225550417433,0.0000000000000000,14.3663933618555895,3.0000956924506021,-2176.091074,1.855991,2174.2350832574948,-4036.8048183065839,1,4.0e-11
0.9978519649740426,0.0,0.0031731681611354,0.0000000000000000,-0.0025278866247839,0.0000000000000000,14.3670097520062452,3.0000956891569164,-2175.617882,1.852960,2173.7649224264528,-4029.3326890142635,1,8.5e-11
0.9978532148296551,0.0,0.0031723816539663,0.0000000000000000,-0.0025332721251456,0.0000000000000000,14.3676382286543429,3.0000956858047299,-2175.153809,1.849861,2173.3039480794787,-4021.7310383678414,1,3.8e-11
0.9978544776141313,0.0,0.0031715870949656,0.0000000000000000,-0.0025387122743636,0.0000000000000000,14.3682790342404019,3.0000956823929172,-2174.698862,1.846692,2172.8521694341107,-4013.9995363042690,1,4.6e-11
0.9978557535045102,0.0,0.0031707843723439,0.0000000000000000,-0.0025442078074733,0.0000000000000000,14.3689324160443004,3.0000956789203310,-2174.253288,1.843452,2172.4098361570950,-4006.1322322618216,1,8.5e-12
0.9978570426808718,0.0,0.0031699733723232,0.0000000000000000,-0.0025497594718057,0.0000000000000000,14.3695986262764848,3.0000956753858019,-2173.817169,1.840139,2171.9770294185937,-3998.1268140003085,1,2.4e-12
0.9978583453251085,0.0,0.0031691539799033,0.0000000000000000,-0.0025553680218793,0.0000000000000000,14.3702779221808967,3.0000956717881375,-2173.390653,1.836752,2171.5539009006889,-3989.9792254180647,1,1.7e-11
0.9978596616212773,0.0,0.0031683260786627,0.0000000000000000,-0.0025610342208405,0.0000000000000000,14.3709705661351954,3.0000956681261202,-2172.973900,1.833287,2171.1406130248206,-3981.6848171404563,1,4.0e-11
0.9978609917559234,0.0,0.0031674895505322,0.0000000000000000,-0.0025667588418022,0.0000000000000000,14.3716768257529974,3.0000956643985104,-2172.566982,1.829744,2170.7372386221232,-3973.2409450178966,1,1.6e-11
0.9978623359170460,0.0,0.0031666442764504,0.0000000000000000,-0.0025725426635799,0.0000000000000000,14.3723969739919930,3.0000956606040452,-2172.170061,1.826120,2170.3439417275486,-3964.6425028718077,1,6.6e-11
0.9978636942954536,0.0,0.0031657901355096,0.0000000000000000,-0.0025783864762528,0.0000000000000000,14.3731312892578202,3.0000956567414359,-2171.783301,1.822412,2169.9608886723090,-3955.8841631971300,1,4.0e-11
0.9978650670851166,0.0,0.0031649270047013,0.0000000000000000,-0.0025842910826697,0.0000000000000000,14.3738800555126165,3.0000956528093656,-2171.406730,1.818620,2169.5881104634127,-3946.9632790917531,1,3.0e-11
0.9978664544813556,0.0,0.0031640547600976,0.0000000000000000,-0.0025902572909085,0.0000000000000000,14.3746435623912614,3.0000956488064952,-2171.040482,1.814740,2169.2257421310092,-3937.8746751016006,1,1.5e-11
0.9978678566818744,0.0,0.0031631732761790,0.0000000000000000,-0.0025962859185504,0.0000000000000000,14.3754221053129232,3.0000956447314588,-2170.684680,1.810771,2168.8739086899450,-3928.6129733896814,1,2.5e-11
0.9978692738876982,0.0,0.0031622824252233,0.0000000000000000,-0.0026023777965723,0.0000000000000000,14.3762159855945129,3.0000956405828618,-2170.339409,1.806710,2168.5326991307556,-3919.1733196969144,1,7.7e-12
0.9978707063022395,0.0,0.0031613820778966,0.0000000000000000,-0.0026085337654705,0.0000000000000000,14.3770255105717535,3.0000956363592817,-2170.004737,1.802554,2168.2021829118044,-3909.5508798714727,1,1.8e-11
0.9978721541309632,0.0,0.0031604721034907,0.0000000000000000,-0.0026147546738435,0.0000000000000000,14.3778509937206884,3.0000956320592693,-2169.680762,1.798301,2167.8824611598607,-3899.7397328093648,1,2.1e-11
0.9978736175829416,0.0,0.0031595523688900,0.0000000000000000,-0.0026210413848592,0.0000000000000000,14.3786927547773651,3.0000956276813455,-2169.367510,1.793949,2167.5735609659855,-3889.7352559757419,1,1.2e-11
0.9978750968689687,0.0,0.0031586227398073,0.0000000000000000,-0.0026273947683983,0.0000000000000000,14.3795511198676031,3.0000956232240026,-2169.065068,1.789495,2167.2755732578785,-3879.5308439373039,1,1.2e-11
0.9978765922034657,0.0,0.0031576830795311,0.0000000000000000,-0.0026338157089858,0.0000000000000000,14.3804264216311051,3.0000956186857013,-2168.773462,1.784936,2166.9885261531954,-3869.1209143390879,1,1.9e-11
0.9978781038030514,0.0,0.0031567332498534,0.0000000000000000,-0.0026403050998353,0.0000000000000000,14.3813189993553205,3.0000956140648727,-2168.492750,1.780268,2166.7124814351014,-3858.4984970800579,1,6.6e-11
0.9978796318889446,0.0,0.0031557731095197,0.0000000000000000,-0.0026468638528572,0.0000000000000000,14.3822291991032909,3.0000956093599136,-2168.222862,1.775490,2166.4473718436602,-3847.6589499977417,1,2.3e-11
0.9978811766823434,0.0,0.0031548025171913,0.0000000000000000,-0.0026534928792293,0.0000000000000000,14.3831573738595857,3.0000956045691942,-2167.963892,1.770599,2166.1932933277353,-3836.5936633152887,1,1.3e-11
0.9978827384100738,0.0,0.0031538213278152,0.0000000000000000,-0.0026601931132406,0.0000000000000000,14.3841038836582786,3.0000955996910466,-2167.715771,1.765590,2165.9501811239293,-3825.2967838277109,1,1.9e-11
0.9978843173011490,0.0,0.0031528293948370,0.0000000000000000,-0.0026669654977176,0.0000000000000000,14.3850690957297616,3.0000955947237706,-2167.478480,1.760461,2165.7180190902413,-3813.7606453369372,1,5.0e-11
0.9978859135882349,0.0,0.0031518265692394,0.0000000000000000,-0.0026738109901603,0.0000000000000000,14.3860533846429117,3.0000955896656323,-2167.251935,1.755208,2165.4967266631893,-3801.9784442116506,1,1.4e-11
0.9978875275068140,0.0,0.0031508127000877,0.0000000000000000,-0.0026807305592739,0.0000000000000000,14.3870571324537373,3.0000955845148609,-2167.036074,1.749829,2165.2862447508892,-3789.9420886966400,1,4.1e-11
0.9978891592954467,0.0,0.0031497876343568,0.0000000000000000,-0.0026877251860534,0.0000000000000000,14.3880807288551349,3.0000955792696509,-2166.830841,1.744318,2165.0865225237058,-3777.6424713609740,1,2.3e-11
0.9978908091970201,0.0,0.0031487512161118,0.0000000000000000,-0.0026947958689109,0.0000000000000000,14.3891245713272031,3.0000955739281605,-2166.636029,1.738674,2164.8973551961544,-3765.0732465018518,1,7.8e-11
0.9978924774571468,0.0,0.0031477032875369,0.0000000000000000,-0.0027019436170996,0.0000000000000000,14.3901890652967950,3.0000955684885087,-2166.451592,1.732890,2164.7187012363734,-3752.2232062802650,1,2.4e-12
0.9978941643253175,0.0,0.0031466436882098,0.0000000000000000,-0.0027091694554010,0.0000000000000000,14.3912746242943914,3.0000955629487756,-2166.277284,1.726965,2164.5503188317234,-3739.0850077569485,1,2.0e-11
0.9978958700547482,0.0,0.0031455722551631,0.0000000000000000,-0.0027164744235255,0.0000000000000000,14.3923816701167624,3.0000955573070032,-2166.112916,1.720893,2164.3920225563734,-3725.6488512982614,1,2.4e-11
0.9978975949023481,0.0,0.0031444888229236,0.0000000000000000,-0.0027238595759574,0.0000000000000000,14.3935106329927684,3.0000955515611922,-2165.958238,1.714671,2164.2435669811407,-3711.9052240019664,1,3.2e-11
0.9978993391287235,0.0,0.0031433932234808,0.0000000000000000,-0.0027313259819865,0.0000000000000000,14.3946619517522301,3.0000955457093030,-2165.813037,1.708293,2164.1047439949734,-3697.8424637275748,1,4.4e-11
0.9979011029984274,0.0,0.0031422852861613,0.0000000000000000,-0.0027388747266710,0.0000000000000000,14.3958360739980300,3.0000955397492519,-2165.676937,1.701755,2163.9751821212831,-3683.4517834465951,1,2.9e-12
0.9979028867800991,0.0,0.0031411648374784,0.0000000000000000,-0.0027465069114828,0.0000000000000000,14.3970334562811892,3.0000955336789126,-2165.549630,1.695053,2163.8545772193565,-3668.7211753665470,1,4.7e-11
0.9979046907467198,0.0,0.0031400317010083,0.0000000000000000,-0.0027542236552678,0.0000000000000000,14.3982545642801227,3.0000955274961156,-2165.430758,1.688181,2163.7425770152581,-3653.6383598716930,1,3.8e-12
0.9979065151750932,0.0,0.0031388856976947,0.0000000000000000,-0.0027620260921467,0.0000000000000000,14.3994998729841939,3.0000955211986438,-2165.319851,1.681134,2163.6387172773775,-3638.1924143433571,1,2.0e-11
0.9979083603462523,0.0,0.0031377266455904,0.0000000000000000,-0.0027699153731868,0.0000000000000000,14.4007698668796138,3.0000955147842356,-2165.216469,1.673906,2163.5425629571409,-3622.3699317229912,1,1.2e-11
0.9979102265468018,0.0,0.0031365543589834,0.0000000000000000,-0.0027778926719447,0.0000000000000000,14.4020650401369181,3.0000955082505780,-2165.120057,1.666493,2163.4535632395186,-3606.1584241543896,1,1.4e-11
0.9979121140656220,0.0,0.0031353686504990,0.0000000000000000,-0.0027859591706324,0.0000000000000000,14.4033858968110859,3.0000955015953163,-2165.030076,1.658889,2163.3711870799216,-3589.5436455453746,1,8.4e-12
0.9979140231983413,0.0,0.0031341693282348,0.0000000000000000,-0.0027941160789386,0.0000000000000000,14.4047329510322122,3.0000954948160405,-2164.945867,1.651086,2163.2947805203539,-3572.5118365497328,1,4.1e-12
0.9979159542443761,0.0,0.0031329561976544,0.0000000000000000,-0.0028023646215430,0.0000000000000000,14.4061067272115739,3.0000954879102890,-2164.866748,1.643079,2163.2236688255243,-3555.0478978040628,1,2.7e-11
0.9979179075081138,0.0,0.0031317290608095,0.0000000000000000,-0.0028107060430684,0.0000000000000000,14.4075077602457746,3.0000954808755509,-2164.791991,1.634862,2163.1571293403422,-3537.1356337582693,1,2.2e-11
0.9979198832994555,0.0,0.0031304877159933,0.0000000000000000,-0.0028191416102249,0.0000000000000000,14.4089365957259563,3.0000954737092580,-2164.720709,1.626427,2163.0942817974342,-3518.7604336123914,1,8.0e-11
0.9979218819323705,0.0,0.0031292319586528,0.0000000000000000,-0.0028276726059782,0.0000000000000000,14.4103937901541510,3.0000954664087911,-2164.652117,1.617767,2163.0343499211012,-3499.9025068506598,1,4.2e-11
0.9979239037272549,0.0,0.0031279615798655,0.0000000000000000,-0.0028363003390996,0.0000000000000000,14.4118799111580831,3.0000954589714710,-2164.585119,1.608875,2162.9762441772255,-3480.5474570081569,1,5.2e-11
0.9979245992722848,0.0,0.0031275245227332,0.0000000000000000,-0.0028392679902296,0.0000000000000000,14.4123939570522470,3.0000954564007585,-2164.562472,1.605785,2162.9566870641479,-3473.8217935133725,1,2.3e-11
0.9979253067218631,0.0,0.0031270799759268,0.0000000000000000,-0.0028422861764744,0.0000000000000000,14.4129182586935691,3.0000954537797120,-2164.539521,1.602626,2162.9368955927175,-3466.9469461529516,1,2.8e-11
0.9979260262559936,0.0,0.0031266278256264,0.0000000000000000,-0.0028453556531541,0.0000000000000000,14.4134530205436224,3.0000954511073510,-2164.516288,1.599395,2162.9168927482547,-3459.9170857523568,1,4.6e-11
0.9979267580564551,0.0,0.0031261679568457,0.0000000000000000,-0.0028484771827672,0.0000000000000000,14.4139984511495562,3.0000954483826781,-2164.492650,1.596092,2162.8965578877305,-3452.7301518986933,1,8.3e-12
0.9979275023070576,0.0,0.0031257002533118,0.0000000000000000,-0.0028516515360366,0.0000000000000000,14.4145547632181916,3.0000954456046784,-2164.468593,1.592715,2162.8758786451417,-3445.3809304172173,1,4.4e-12
0.9979282591941480,0.0,0.0031252245970869,0.0000000000000000,-0.0028548794940184,0.0000000000000000,14.4151221736982684,3.0000954427723134,-2164.444048,1.589261,2162.8547876340067,-3437.8653868166730,1,2.8e-11
0.9979290289063992,0.0,0.0031247408687244,0.0000000000000000,-0.0028581618472147,0.0000000000000000,14.4157009038658313,3.0000954398845248,-2164.418922,1.585728,2162.8331939281252,-3430.1797646326013,1,5.5e-12
0.9979298116345309,0.0,0.0031242489474634,0.0000000000000000,-0.0028614993943896,0.0000000000000000,14.4162911794111164,3.0000954369402359,-2164.393141,1.582115,2162.8110255538149,-3422.3195456112735,1,5.1e-11
0.9979306075714106,0.0,0.0031237487111265,0.0000000000000000,-0.0028648929430384,0.0000000000000000,14.4168932305267585,3.0000954339383474,-2164.366657,1.578420,2162.7882373178600,-3414.2791993850842,1,1.5e-11
0.9979314169128365,0.0,0.0031232400356416,0.0000000000000000,-0.0028683433125267,0.0000000000000000,14.4175072919967331,3.0000954308777383,-2164.339342,1.574640,2162.7647026482996,-3406.0549139138311,1,6.0e-12
0.9979322398563073,0.0,0.0031227227958344,0.0000000000000000,-0.0028718513290539,0.0000000000000000,14.4181336032901530,3.0000954277572656,-2164.311108,1.570773,2162.7403348695898,-3397.6415678407066,1,1.5e-11
0.9979330766024294,0.0,0.0031221968644872,0.0000000000000000,-0.0028754178314358,0.0000000000000000,14.4187724086527975,3.0000954245757638,-2164.281839,1.566817,2162.7150212869828,-3389.0342170023359,1,3.6e-11
0.9979339273535928,0.0,0.0031216621132230,0.0000000000000000,-0.0028790436656638,0.0000000000000000,14.4194239572048666,3.0000954213320452,-2164.251396,1.562770,2162.6886252743548,-3380.2282446948811,1,1.7e-11
0.9979347923146977,0.0,0.0031211184120336,0.0000000000000000,-0.0028827296878393,0.0000000000000000,14.4200885030374142,3.0000954180248978,-2164.219690,1.558630,2162.6610606669528,-3371.2172630815767,1,8.1e-12
0.9979356716937219,0.0,0.0031205656288837,0.0000000000000000,-0.0028864767665248,0.0000000000000000,14.4207663053110586,3.0000954146530852,-2164.186562,1.554393,2162.6321690662876,-3361.9962463164702,1,6.2e-12
0.9979365657004076,0.0,0.0031200036305803,0.0000000000000000,-0.0028902857773535,0.0000000000000000,14.4214576283593860,3.0000954112153484,-2164.151859,1.550057,2162.6018012231243,-3352.5595854506828,1,1.7e-11
0.9979374745475185,0.0,0.0031194322819531,0.0000000000000000,-0.0028941576081418,0.0000000000000000,14.4221627417907019,3.0000954077104023,-2164.115416,1.545621,2162.5697956742320,-3342.9013622244820,1,4.4e-11
0.9979383984501677,0.0,0.0031188514462844,0.0000000000000000,-0.0028980931561587,0.0000000000000000,14.4228819205947314,3.0000954041369354,-2164.077081,1.541080,2162.5360009523233,-3333.0149518270046,1,1.8e-11
0.9979393376263241,0.0,0.0031182609849785,0.0000000000000000,-0.0029020933301282,0.0000000000000000,14.4236154452496379,3.0000954004936111,-2164.036621,1.536432,2162.5001892951414,-3322.8951648604125,1,7.8e-11
0.9979402922964358,0.0,0.0031176607578156,0.0000000000000000,-0.0029061590488459,0.0000000000000000,14.4243636018322832,3.0000953967790664,-2163.993913,1.531674,2162.4622390664526,-3312.5331967086531,1,5.0e-11
0.9979412626836685,0.0,0.0031170506227607,0.0000000000000000,-0.0029102912418580,0.0000000000000000,14.4251266821304114,3.0000953929919110,-2163.948605,1.526804,2162.4218009022279,-3301.9260998959653,1,9.7e-11
0.9979422490136457,0.0,0.0031164304361711,0.0000000000000000,-0.0029144908486772,0.0000000000000000,14.4259049837571194,3.0000953891307276,-2163.900608,1.521818,2162.3787902342765,-3291.0628335680813,1,1.3e-11
0.9979432515155413,0.0,0.0031158000520520,0.0000000000000000,-0.0029187588230562,0.0000000000000000,14.4266988102661564,3.0000953851940673,-2163.849584,1.516713,2162.3328711776271,-3279.9384346245788,1,1.4e-11
0.9979442704205227,0.0,0.0031151593230866,0.0000000000000000,-0.0029230961267009,0.0000000000000000,14.4275084712730219,3.0000953811804565,-2163.795275,1.511486,2162.2837898839844,-3268.5451613655314,1,2.4e-11
0.9979453059629774,0.0,0.0031145080998219,0.0000000000000000,-0.0029275037342377,0.0000000000000000,14.4283342825748218,3.0000953770883894,-2163.737405,1.506132,2162.2312731558609,-3256.8747995574959,1,6.6e-11
0.9979463583801590,0.0,0.0031138462309029,0.0000000000000000,-0.0029319826317658,0.0000000000000000,14.4291765662745597,3.0000953729163307,-2163.675622,1.500650,2162.1749713740364,-3244.9205271257088,1,5.0e-12
0.9979474279128939,0.0,0.0031131735626163,0.0000000000000000,-0.0029365338198159,0.0000000000000000,14.4300356509062855,3.0000953686627123,-2163.609630,1.495035,2162.1145950501450,-3232.6725923819467,1,1.9e-11
0.9979485148033830,0.0,0.0031124899402784,0.0000000000000000,-0.0029411583040392,0.0000000000000000,14.4309118715676377,3.0000953643259396,-2163.539075,1.489283,2162.0497916242152,-3220.1228777631186,1,1.3e-11
0.9979496192982193,0.0,0.0031117952063217,0.0000000000000000,-0.0029458571080054,0.0000000000000000,14.4318055700466203,3.0000953599043818,-2163.463570,1.483391,2161.9801789894786,-3207.2623536838219,1,1.2e-11
0.9979507416470763,0.0,0.0031110892011238,0.0000000000000000,-0.0029506312674711,0.0000000000000000,14.4327170949576633,3.0000953553963745,-2163.382691,1.477354,2161.9053368351406,-3194.0821470841765,1,8.7e-12
0.9979518821021823,0.0,0.0031103717633368,0.0000000000000000,-0.0029554818283864,0.0000000000000000,14.4336468018792221,3.0000953508002204,-2163.296015,1.471168,2161.8248466253549,-3180.5723711266182,1,1.7e-11
0.9979530409193954,0.0,0.0031096427291893,0.0000000000000000,-0.0029604098511997,0.0000000000000000,14.4345950534917584,3.0000953461141893,-2163.203058,1.464829,2161.7382285740305,-3166.7235142234713,1,1.9e-11
0.9979542183578934,0.0,0.0031089019326751,0.0000000000000000,-0.0029654164096442,0.0000000000000000,14.4355622197206230,3.0000953413365141,-2163.103336,1.458333,2161.6450031929289,-3152.5248536937870,1,5.0e-11
0.9979554146799786,0.0,0.0031081492057016,0.0000000000000000,-0.0029705025898556,0.0000000000000000,14.4365486778814542,3.0000953364653919,-2162.996326,1.451674,2161.5446519145216,-3137.9655172168277,1,4.9e-11
0.9979566301512969,0.0,0.0031073843779251,0.0000000000000000,-0.0029756694913098,0.0000000000000000,14.4375548128280329,3.0000953314989829,-2162.881467,1.444848,2161.4366197005888,-3123.0341707323678,1,6.8e-13
0.9979578650413939,0.0,0.0031066072763747,0.0000000000000000,-0.0029809182290746,0.0000000000000000,14.4385810171027025,3.0000953264354102,-2162.758136,1.437849,2161.3202868956000,-3107.7198492069729,1,4.1e-11
0.9979591196229716,0.0,0.0031058177259569,0.0000000000000000,-0.0029862499307412,0.0000000000000000,14.4396276910913617,3.0000953212727572,-2162.625666,1.430673,2161.1949923333291,-3092.0112132076174,1,1.7e-11
0.9979603941724532,0.0,0.0031050155490575,0.0000000000000000,-0.0029916657387452,0.0000000000000000,14.4406952431800146,3.0000953160090682,-2162.483405,1.423315,2161.0600901408106,-3075.8948372974992,1,4.9e-11
0.9979616889699161,0.0,0.0031042005656006,0.0000000000000000,-0.0029971668100597,0.0000000000000000,14.4417840899151777,3.0000953106423482,-2162.330634,1.415768,2160.9148668198181,-3059.3575305538252,1,1.7e-11
0.9979630042994327,0.0,0.0031033725928063,0.0000000000000000,-0.0030027543175800,0.0000000000000000,14.4428946561670895,3.0000953051705599,-2162.166560,1.408026,2160.7585337622804,-3042.3862245036289,1,2.6e-11
0.9979643404487408,0.0,0.0031025314454143,0.0000000000000000,-0.0030084294487714,0.0000000000000000,14.4440273752969706,3.0000952995916226,-2161.990325,1.400084,2160.5902415937335,-3024.9678185270168,1,2.1e-11
0.9979656977096067,0.0,0.0031016769354235,0.0000000000000000,-0.0030141934071401,0.0000000000000000,14.4451826893267086,3.0000952939034153,-2161.801080,1.391935,2160.4091450368892,-3007.0869472697377,1,5.5e-11
0.9979670763774139,0.0,0.0031008088723784,0.0000000000000000,-0.0030200474105533,0.0000000000000000,14.4463610491130847,3.0000952881037697,-2161.597949,1.383572,2160.2143768855758,-2988.7267922400497,1,1.3e-10
0.9979684767527501,0.0,0.0030999270623024,0.0000000000000000,-0.0030259926976151,0.0000000000000000,14.4475629145228019,3.0000952821904736,-2161.379786,1.374990,2160.0047954653501,-2969.8759075286798,1,2.3e-11
0.9979698991392145,0.0,0.0030990313091465,0.0000000000000000,-0.0030320305188750,0.0000000000000000,14.4487887546159595,3.0000952761612685,-2161.145650,1.366180,2159.7794698820499,-2950.5145601681434,1,2.9e-11
0.9979713438456359,0.0,0.0030981214133088,0.0000000000000000,-0.0030381621456804,0.0000000000000000,14.4500390478274152,3.0000952700138486,-2160.894344,1.357136,2159.5372078351111,-2930.6278466344811,1,1.0e-10
0.9979728111842427,0.0,0.0030971971728528,0.0000000000000000,-0.0030443888628815,0.0000000000000000,14.4513142821571723,3.0000952637458580,-2160.624822,1.347848,2159.2769739647247,-2910.1938707828522,1,1.4e-10
0.9979743014732612,0.0,0.0030962583817803,0.0000000000000000,-0.0030507119791912,0.0000000000000000,14.4526149553588272,3.0000952573548911,-2160.335612,1.338311,2158.9973019679946,-2889.1998454784043,1,6.5e-11
0.9979758150342761,0.0,0.0030953048317681,0.0000000000000000,-0.0030571328166203,0.0000000000000000,14.4539415751383338,3.0000952508384944,-2160.025451,1.328514,2158.6969368013138,-2867.6243374799378,1,5.0e-11
0.9979773521942396,0.0,0.0030943363108164,0.0000000000000000,-0.0030636527185594,0.0000000000000000,14.4552946593510505,3.0000952441941577,-2159.692949,1.318449,2158.3744999302812,-2845.4460435402580,1,5.3e-11
0.9979789132850690,0.0,0.0030933526035451,0.0000000000000000,-0.0030702730480911,0.0000000000000000,14.4566747362057804,3.0000952374193206,-2159.336557,1.308108,2158.0284491413968,-2822.6449888977222,1,4.5e-11
0.9979804986433322,0.0,0.0030923534913606,0.0000000000000000,-0.0030769951867710,0.0000000000000000,14.4580823444725919,3.0000952305113664,-2158.954676,1.297479,2157.6571967398550,-2799.1991161326878,1,1.2e-11
0.9979821086111643,0.0,0.0030913387518733,0.0000000000000000,-0.0030838205382652,0.0000000000000000,14.4595180336935165,3.0000952234676226,-2158.545558,1.286555,2157.2590038375101,-2775.0868491944857,1,1.0e-11
0.9979837435357725,0.0,0.0030903081591751,0.0000000000000000,-0.0030907505264018,0.0000000000000000,14.4609823643989657,3.0000952162853580,-2158.107404,1.275323,2156.8320813794780,-2750.2841443456709,1,5.9e-11
0.9979854037698216,0.0,0.0030892614836235,0.0000000000000000,-0.0030977865966651,0.0000000000000000,14.4624759083276899,3.0000952089617847,-2157.638342,1.263773,2156.3745688151234,-2724.7648361660540,1,4.8e-11
0.9979870896719139,0.0,0.0030881984914941,0.0000000000000000,-0.0031049302181142,0.0000000000000000,14.4639992486508326,3.0000952014940512,-2157.136252,1.251894,2155.8843580426878,-2698.5054640918970,1,4.3e-11
0.9979888016058865,0.0,0.0030871189454368,0.0000000000000000,-0.0031121828805875,0.0000000000000000,14.4655529802018652,3.0000951938792468,-2156.598985,1.239674,2155.3593118940535,-2671.4788150694221,1,2.8e-11
0.9979905399417458,0.0,0.0030860226038400,0.0000000000000000,-0.0031195460984296,0.0000000000000000,14.4671377097093181,3.0000951861143959,-2156.024311,1.227099,2154.7972121591447,-2643.6550268027931,1,5.6e-11
0.9979923050559886,0.0,0.0030849092206388,0.0000000000000000,-0.0031270214117443,0.0000000000000000,14.4687540560349372,3.0000951781964571,-2155.409704,1.214158,2154.1955466625286,-2615.0075595648959,1,2.3e-11
0.9979940973306215,0.0,0.0030837785459188,0.0000000000000000,-0.0031346103825024,0.0000000000000000,14.4704026504178476,3.0000951701223242,-2154.752683,1.200835,2153.5518473367024,-2585.5030890009366,1,6.6e-11
0.9979959171550781,0.0,0.0030826303246749,0.0000000000000000,-0.0031423146021483,0.0000000000000000,14.4720841367206763,3.0000951618888196,-2154.050387,1.187118,2152.8632684063505,-2555.1134376632981,1,1.1e-10
0.9979977649244270,0.0,0.0030814642979486,0.0000000000000000,-0.0031501356844953,0.0000000000000000,14.4737991716844245,3.0000951534926990,-2153.300094,1.172990,2152.1271036846683,-2523.8002481372096,1,2.8e-11
0.9979996410417126,0.0,0.0030802802012970,0.0000000000000000,-0.0031580752750151,0.0000000000000000,14.4755484251841349,3.0000951449306412,-2152.498608,1.158436,2151.3401713512758,-2491.5323860244825,1,5.8e-11
0.9980015459160383,0.0,0.0030790777660380,0.0000000000000000,-0.0031661350431919,0.0000000000000000,14.4773325804941688,3.0000951361992554,-2151.642701,1.143439,2150.4992620500248,-2458.2728658099659,1,4.5e-11
0.9980034799648647,0.0,0.0030778567177235,0.0000000000000000,-0.0031743166917093,0.0000000000000000,14.4791523345544118,3.0000951272950713,-2150.728935,1.127982,2149.6009533936121,-2423.9833337035961,1,1.9e-11
0.9980054436124267,0.0,0.0030766167771743,0.0000000000000000,-0.0031826219500813,0.0000000000000000,14.4810083982457645,3.0000951182145426,-2149.753675,1.112045,2148.6416298973058,-2388.6237079603598,1,1.4e-11
0.9980074372911921,0.0,0.0030753576594775,0.0000000000000000,-0.0031910525805250,0.0000000000000000,14.4829014966680614,3.0000951089540431,-2148.713050,1.095610,2147.6174395520447,-2352.1524908118881,1,2.1e-11
0.9980094614415179,0.0,0.0030740790742537,0.0000000000000000,-0.0031996103765033,0.0000000000000000,14.4848323694254866,3.0000950995098634,-2147.602952,1.078657,2146.5242951703644,-2314.5265182843432,1,2.8e-11
0.9980115165126650,0.0,0.0030727807249390,0.0000000000000000,-0.0032082971668988,0.0000000000000000,14.4868017709160668,3.0000950898782084,-2146.419074,1.061162,2145.3579119647602,-2275.6990785445087,1,7.1e-12
0.9980136029612892,0.0,0.0030714623097270,0.0000000000000000,-0.0032171148096415,0.0000000000000000,14.4888104706301863,3.0000950800552011,-2145.156820,1.043105,2144.1137152764663,-2235.6230904040858,1,3.2e-11
0.9980157212542919,0.0,0.0030701235197517,0.0000000000000000,-0.0032260652035567,0.0000000000000000,14.4908592534497949,3.0000950700368700,-2143.811312,1.024460,2142.7868520709103,-2194.2487119026482,1,5.7e-11
0.9980178718671806,0.0,0.0030687640401069,0.0000000000000000,-0.0032351502814637,0.0000000000000000,14.4929489199586783,3.0000950598191558,-2142.377377,1.005203,2141.3721734087444,-2151.5243978928775,1,2.1e-11
0.9980200552852395,0.0,0.0030673835490606,0.0000000000000000,-0.0032443720149460,0.0000000000000000,14.4950802867561013,3.0000950493979026,-2140.849624,0.985307,2139.8643176077885,-2107.3932785708457,1,2.2e-11
0.9980222720036666,0.0,0.0030659817179366,0.0000000000000000,-0.0032537324148689,0.0000000000000000,14.4972541867776350,3.0000950387688596,-2139.222239,0.964743,2138.2574961750893,-2061.7991161211394,1,4.4e-11
0.9980245225278945,0.0,0.0030645582109031,0.0000000000000000,-0.0032632335326232,0.0000000000000000,14.4994714696223443,3.0000950279276766,-2137.489097,0.943482,2136.5456152394518,-2014.6819510096684,1,1.3e-11
0.9980268073741849,0.0,0.0030631126845474,0.0000000000000000,-0.0032728774624900,0.0000000000000000,14.5017330018862811,3.0000950168699005,-2135.643719,0.921492,2134.7222272208319,-1965.9786743037403,1,7.4e-11
0.9980291270696260,0.0,0.0030616447878581,0.0000000000000000,-0.0032826663416197,0.0000000000000000,14.5040396675032142,3.0000950055909748,-2133.679296,0.898739,2132.7805564509481,-1915.6216488624923,1,5.6e-11
0.9980314821530539,0.0,0.0030601541615929,0.0000000000000000,-0.0032926023536380,0.0000000000000000,14.5063923680912943,3.0000949940862340,-2131.588532,0.875189,2130.7133431616958,-1863.5424135769717,1,4.5e-11
0.9980338731750144,0.0,0.0030586404382760,0.0000000000000000,-0.0033026877285288,0.0000000000000000,14.5087920233077057,3.0000949823509022,-2129.363731,0.850803,2128.5129286500951,-1809.6682740035467,1,5.8e-11
0.9980363006987875,0.0,0.0030571032414979,0.0000000000000000,-0.0033129247466354,0.0000000000000000,14.5112395712093250,3.0000949703800890,-2126.996768,0.825541,2126.1712277192391,-1753.9222205975093,1,3.0e-11
0.9980387653002679,0.0,0.0030555421859737,0.0000000000000000,-0.0033233157381673,0.0000000000000000,14.5137359686218019,3.0000949581687877,-2124.478998,0.799360,2123.6796379513530,-1696.2246318263933,1,2.5e-11
0.9980412675687906,0.0,0.0030539568769596,0.0000000000000000,-0.0033338630864627,0.0000000000000000,14.5162821915151881,3.0000949457118700,-2121.801298,0.772217,2121.0290807447814,-1636.4910426884890,1,1.1e-11
0.9980438081078289,0.0,0.0030523469097433,0.0000000000000000,-0.0033445692307568,0.0000000000000000,14.5188792353871268,3.0000949330040845,-2118.953993,0.744062,2118.2099308267771,-1574.6329219173640,1,2.7e-11
0.9980463875353421,0.0,0.0030507118694309,0.0000000000000000,-0.0033554366674291,0.0000000000000000,14.5215281156542471,3.0000949200400502,-2115.926798,0.714844,2115.2119535218881,-1510.5586986229755,1,4.6e-11
0.9980490064842125,0.0,0.0030490513305648,0.0000000000000000,-0.0033664679518305,0.0000000000000000,14.5242298680512896,3.0000949068142573,-2112.708933,0.684509,2112.0244242156778,-1444.1686132885516,1,2.7e-11
0.9980516656033890,0.0,0.0030473648563723,0.0000000000000000,-0.0033776657026782,0.0000000000000000,14.5269855490376294,3.0000948933210569,-2109.288817,0.652999,2108.6358177941520,-1375.3629151652567,1,4.4e-11
0.9980543655581248,0.0,0.0030456519985442,0.0000000000000000,-0.0033890326029959,0.0000000000000000,14.5297962362128548,3.0000948795546649,-2105.654363,0.620250,2105.0341136435914,-1304.0310106566176,1,7.6e-11
0.9980571070310258,0.0,0.0030439122965177,0.0000000000000000,-0.0034005714042140,0.0000000000000000,14.5326630287400320,3.0000948655091499,-2101.792540,0.586197,2101.2063437052934,-1230.0638514892198,1,5.3e-11
0.9980598907223318,0.0,0.0030421452772203,0.0000000000000000,-0.0034122849272373,0.0000000000000000,14.5355870477781011,3.0000948511784356,-2097.689800,0.550767,2097.1390329496089,-1153.3388364966959,1,5.9e-12
0.9980627173513118,0.0,0.0030403504541265,0.0000000000000000,-0.0034241760678971,0.0000000000000000,14.5385694369222289,3.0000948365562912,-2093.331617,0.513885,2092.8177319356409,-1073.7322265310213,1,9.7e-11
0.9980655876567430,0.0,0.0030385273268681,0.0000000000000000,-0.0034362477987948,0.0000000000000000,14.5416113626537147,3.0000948216363303,-2088.702549,0.475470,2088.2270794378569,-991.1154712783173,1,5.1e-11
0.9980685023976831,0.0,0.0030366753806812,0.0000000000000000,-0.0034485031722902,0.0000000000000000,14.5447140147988065,3.0000948064120037,-2083.786454,0.435432,2083.3510218910455,-905.3466422087513,1,1.2e-11
0.9980714623550691,0.0,0.0030347940852725,0.0000000000000000,-0.0034609453267465,0.0000000000000000,14.5478786069962052,3.0000947908765960,-2078.566004,0.393677,2078.1723271709129,-816.2828681748360,1,3.5e-11
0.9980744683319543,0.0,0.0030328828946179,0.0000000000000000,-0.0034735774873919,0.0000000000000000,14.5511063771750848,3.0000947750232196,-2073.022970,0.350102,2072.6728674615952,-723.7699769278988,1,4.8e-11
0.9980775211551235,0.0,0.0030309412458176,0.0000000000000000,-0.0034864029725804,0.0000000000000000,14.5543985880417885,3.0000947588448099,-2067.137882,0.304600,2066.8332818839990,-627.6499900594354,1,4.8e-11
0.9980806216759829,0.0,0.0030289685584317,0.0000000000000000,-0.0034994251972656,0.0000000000000000,14.5577565275769913,3.0000947423341198,-2060.890263,0.257050,2060.6332132796260,-527.7515097041614,1,5.4e-11
0.9980837707718013,0.0,0.0030269642335748,0.0000000000000000,-0.0035126476777577,0.0000000000000000,14.5611815095426937,3.0000947254837125,-2054.258299,0.207324,2054.0509747040633,-423.8974618529901,1,3.3e-11
0.9980869693472598,0.0,0.0030249276528293,0.0000000000000000,-0.0035260740377097,0.0000000000000000,14.5646748739994401,3.0000947082859573,-2047.218865,0.155284,2047.0635807070453,-315.9009095721412,1,2.7e-12
0.9980902183356953,0.0,0.0030228581773007,0.0000000000000000,-0.0035397080129272,0.0000000000000000,14.5682379878342037,3.0000946907330222,-2039.747394,0.100780,2039.6466141396218,-203.5663686806802,1,9.4e-11
0.9980935187003032,0.0,0.0030207551467433,0.0000000000000000,-0.0035535534559682,0.0000000000000000,14.5718722452992360,3.0000946728168683,-2031.817937,0.043648,2031.7742892199237,-86.6845349362120,1,7.4e-11
0.9980968714363022,0.0,0.0030186178780206,0.0000000000000000,-0.0035676143444819,0.0000000000000000,14.5755790685612201,3.0000946545292422,-2023.402863,-0.016290,2023.4191535685914,34.9619641171303,1,1.7e-12
0.9981002775723751,0.0,0.0030164456640267,0.0000000000000000,-0.0035818947867630,0.0000000000000000,14.5793599082622478,3.0000946358616698,-2014.472836,-0.079227,2014.5520636143581,161.6016674169805,1,4.1e-11
0.9981037381722213,0.0,0.0030142377725524,0.0000000000000000,-0.0035963990276548,0.0000000000000000,14.5832162440923394,3.0000946168054479,-2004.996738,-0.145375,2005.1421126897653,293.4757049998734,1,1.2e-11
0.9981072543369989,0.0,0.0030119934445272,0.0000000000000000,-0.0036111314579549,0.0000000000000000,14.5871495853731439,3.0000945973516377,-1994.941553,-0.214963,1995.1565159552897,430.8387081578840,1,2.4e-11
0.9981108272071386,0.0,0.0030097118926584,0.0000000000000000,-0.0036260966213641,0.0000000000000000,14.5911614716541287,3.0000945774910566,-1984.272203,-0.288246,1984.5604486446919,573.9581510853022,1,5.3e-11
0.9981144579652039,0.0,0.0030073922994324,0.0000000000000000,-0.0036412992255299,0.0000000000000000,14.5952534733203603,3.0000945572142665,-1972.951413,-0.365501,1973.3169142888994,723.1155993952416,1,8.4e-11
0.9981181478369259,0.0,0.0030050338161884,0.0000000000000000,-0.0036567441455892,0.0000000000000000,14.5994271922148737,3.0000945365115750,-1960.939639,-0.447035,1961.3866737334242,878.6081614340656,1,1.7e-11
0.9981218980954436,0.0,0.0030026355601982,0.0000000000000000,-0.0036724364408885,0.0000000000000000,14.6036842622708996,3.0000945153730147,-1948.194748,-0.533184,1948.7279322912209,1040.7459493773058,1,8.1e-11
0.9981257100636535,0.0,0.0030001966128800,0.0000000000000000,-0.0036883813636667,0.0000000000000000,14.6080263501594096,3.0000944937883389,-1934.671966,-0.624321,1935.2962870203166,1209.8555732935201,1,2.8e-11
0.9981295851166849,0.0,0.0029977160179408,0.0000000000000000,-0.0037045843684775,0.0000000000000000,14.6124551559500233,3.0000944717470142,-1920.323802,-0.720860,1921.0446619955335,1386.2840495207347,1,7.3e-11
0.9981335246866445,0.0,0.0029951927780267,0.0000000000000000,-0.0037210511305445,0.0000000000000000,14.6169724137842021,3.0000944492382025,-1905.099666,-0.823261,1905.9229273421811,1570.3947368948720,1,4.7e-12
0.9981375302642468,0.0,0.0029926258533424,0.0000000000000000,-0.0037377875512696,0.0000000000000000,14.6215798925658333,3.0000944262507629,-1888.945712,-0.932037,1889.8777489253666,1762.5677283133846,1,8.0e-11
0.9981416034049033,0.0,0.0029900141574016,0.0000000000000000,-0.0037547997821649,0.0000000000000000,14.6262793966625342,3.0000944027732261,-1871.804576,-1.047760,1872.8523360171259,1963.2021451662295,1,2.5e-11
0.9981457457316342,0.0,0.0029873565547509,0.0000000000000000,-0.0037720942354416,0.0000000000000000,14.6310727666250120,3.0000943787937926,-1853.615365,-1.171075,1854.7864394026951,2172.7222995804623,1,3.6e-11
0.9981499589407310,0.0,0.0029846518569212,0.0000000000000000,-0.0037896776057019,0.0000000000000000,14.6359618799200550,3.0000943543003133,-1834.313039,-1.302705,1835.6157443488673,2391.5689412679058,1,6.4e-11
0.9981542448061202,0.0,0.0029818988191421,0.0000000000000000,-0.0038075568861839,0.0000000000000000,14.6409486516808638,3.0000943292802824,-1813.828353,-1.443469,1815.2718220248687,2620.2058973941021,1,1.4e-11
0.9981586051855383,0.0,0.0029790961358950,0.0000000000000000,-0.0038257393924334,0.0000000000000000,14.6460350354725328,3.0000943037208194,-1792.087534,-1.594298,1793.6818318366127,2859.1215103995055,1,3.8e-12
0.9981630420269773,0.0,0.0029762424361766,0.0000000000000000,-0.0038442327866119,0.0000000000000000,14.6512230240747989,3.0000942776086545,-1769.011861,-1.756250,1770.7681107486246,3108.8268550296780,1,3.4e-11
0.9981675573751205,0.0,0.0029733362787821,0.0000000000000000,-0.0038630451016822,0.0000000000000000,14.6565146502828334,3.0000942509301152,-1744.517301,-1.930538,1746.4478388328334,3369.8562320761848,1,6.0e-12
0.9981721533789418,0.0,0.0029703761467313,0.0000000000000000,-0.0038821847701446,0.0000000000000000,14.6619119877256789,3.0000942236711081,-1718.514202,-2.118557,1720.6327596054143,3642.7707708482631,1,3.6e-11
0.9981768323008176,0.0,0.0029673604406697,0.0000000000000000,-0.0039016606586281,0.0000000000000000,14.6674171517029031,3.0000941958170997,-1690.906785,-2.321924,1693.2287094145904,3928.1580373723991,1,8.4e-11
0.9981815965249593,0.0,0.0029642874726217,0.0000000000000000,-0.0039214820992571,0.0000000000000000,14.6730323000421325,3.0000941673531005,-1661.592505,-2.542517,1664.1350211494896,4226.6265669856220,1,6.2e-11
0.9981864485682567,0.0,0.0029611554581101,0.0000000000000000,-0.0039416589308295,0.0000000000000000,14.6787596339757815,3.0000941382636452,-1630.461925,-2.782536,1633.2444616926687,4538.8194829677232,1,6.6e-12
0.9981881798106904,0.0,0.0029600373400078,0.0000000000000000,-0.0039488557034830,0.0000000000000000,14.6808050539773909,3.0000941278607343,-1619.037240,-2.872217,1621.9094575826527,4652.2270145718940,1,7.3e-12
0.9981899448955768,0.0,0.0029588970405479,0.0000000000000000,-0.0039561918181644,0.0000000000000000,14.6828913682522586,3.0000941172421043,-1607.215400,-2.965965,1610.1813654268137,4768.9446494921576,1,4.7e-11
0.9981917445262207,0.0,0.0029577340844831,0.0000000000000000,-0.0039636701130087,0.0000000000000000,14.6850193944203919,3.0000941064030742,-1594.980106,-3.064041,1598.0441473606934,4889.0843405150808,1,8.1e-11
0.9981935794245136,0.0,0.0029565479834179,0.0000000000000000,-0.0039712934987963,0.0000000000000000,14.6871899664618049,3.0000940953388517,-1582.314288,-3.166730,1585.4810182868391,5012.7625219519250,1,4.8e-11
0.9981954503316081,0.0,0.0029553382353096,0.0000000000000000,-0.0039790649614674,0.0000000000000000,14.6894039350431420,3.0000940840445285,-1569.200038,-3.274343,1572.4743807797458,5140.0992702739313,1,4.2e-11
0.9981973580091431,0.0,0.0029541043235967,0.0000000000000000,-0.0039869875668257,0.0000000000000000,14.6916621678524919,3.0000940725150804,-1555.618573,-3.387217,1559.0057905501596,5271.2188410467934,1,1.5e-10
0.9981993032396509,0.0,0.0029528457168840,0.0000000000000000,-0.0039950644620369,0.0000000000000000,14.6939655499415505,3.0000940607453583,-1541.550114,-3.505723,1545.0558371846507,5406.2476318234112,1,6.0e-11
0.9982012868277463,0.0,0.0029515618680719,0.0000000000000000,-0.0040032988802034,0.0000000000000000,14.6963149840743661,3.0000940487300900,-1526.974232,-3.630268,1530.6045004095208,5545.3256654122379,1,1.2e-10
0.9982033096013777,0.0,0.0029502522134670,0.0000000000000000,-0.0040116941450850,0.0000000000000000,14.6987113910831599,3.0000940364638744,-1511.869033,-3.761295,1515.6303279346796,5688.5853452251758,1,5.6e-11
0.9982053724124017,0.0,0.0029489161723415,0.0000000000000000,-0.0040202536732745,0.0000000000000000,14.7011557102319639,3.0000940239411764,-1496.211951,-3.899298,1500.1112489329855,5836.1754599078558,1,2.9e-11
0.9982074761382035,0.0,0.0029475531457523,0.0000000000000000,-0.0040289809803855,0.0000000000000000,14.7036488995870585,3.0000940111563250,-1479.978991,-4.044816,1484.0238061247576,5988.2420520938467,1,1.7e-10
0.9982096216825203,0.0,0.0029461625159571,0.0000000000000000,-0.0040378796840934,0.0000000000000000,14.7061919363956140,3.0000939981035075,-1463.145166,-4.198451,1467.3436161601817,6144.9423625064082,1,1.6e-10
0.9982118099772346,0.0,0.0029447436450898,0.0000000000000000,-0.0040469535110352,0.0000000000000000,14.7087858174715809,3.0000939847767674,-1445.684110,-4.360867,1450.0449771889125,6306.4365796186030,1,1.4e-11
0.9982140419834199,0.0,0.0029432958744105,0.0000000000000000,-0.0040562063006689,0.0000000000000000,14.7114315595901033,3.0000939711699970,-1427.567968,-4.532805,1432.1007725667753,6472.8868732358096,1,8.0e-11
0.9982163186931052,0.0,0.0029418185230092,0.0000000000000000,-0.0040656420120397,0.0000000000000000,14.7141301998896843,3.0000939572769343,-1408.767759,-4.715092,1413.4828514148130,6644.4699665220687,1,1.8e-10
0.9982186411308093,0.0,0.0029403108866921,0.0000000000000000,-0.0040752647295180,0.0000000000000000,14.7168827962829596,3.0000939430911573,-1389.252556,-4.908652,1394.1612082965084,6821.3573900411138,1,3.0e-11
0.9982210103554093,0.0,0.0029387722366173,0.0000000000000000,-0.0040850786699107,0.0000000000000000,14.7196904278759195,3.0000939286060824,-1368.990164,-5.114527,1374.1046903949232,7003.7364604999311,1,6.5e-11
0.9982234274618575,0.0,0.0029372018180360,0.0000000000000000,-0.0040950881889095,0.0000000000000000,14.7225541953960590,3.0000939138149518,-1347.946552,-5.333890,1353.2804418115929,7191.7982269735076,1,2.6e-11
0.9982258935836810,0.0,0.0029355988485005,0.0000000000000000,-0.0041052977905456,0.0000000000000000,14.7254752216291749,3.0000938987108352,-1326.085707,-5.568069,1331.6537759149828,7385.7365777057130,1,8.4e-12
0.9982284098947642,0.0,0.0029339625165242,0.0000000000000000,-0.0041157121339382,0.0000000000000000,14.7284546518659152,3.0000938832866204,-1303.369768,-5.818576,1309.1883437398760,7585.7555820388952,1,4.9e-11
0.9982309776121647,0.0,0.0029322919795641,0.0000000000000000,-0.0041263360438814,0.0000000000000000,14.7314936543573065,3.0000938675350057,-1279.758648,-6.087135,1285.8457825843971,7792.0630502980202,1,1.1e-11
0.9982335979983156,0.0,0.0029305863623908,0.0000000000000000,-0.0041371745191519,0.0000000000000000,14.7345934207804987,3.0000938514484972,-1255.210110,-6.375727,1261.5858368482332,8004.8765153619461,1,6.8e-11
0.9982362723647915,0.0,0.0029288447543923,0.0000000000000000,-0.0041482327468576,0.0000000000000000,14.7377551667135513,3.0000938350193977,-1229.679298,-6.686635,1236.3659328213803,8224.4166325777769,1,5.9e-11
0.9982390020736457,0.0,0.0029270662084946,0.0000000000000000,-0.0041595161069176,0.0000000000000000,14.7409801321227967,3.0000938182398080,-1203.118866,-7.022509,1210.1413751072037,8450.9129225474317,1,1.3e-10
0.9982417885428582,0.0,0.0029252497373219,0.0000000000000000,-0.0041710301932334,0.0000000000000000,14.7442695818574858,3.0000938011016078,-1175.478427,-7.386438,1182.8648646123556,8684.5980070250807,1,4.7e-11
0.9982446332501772,0.0,0.0029233943104259,0.0000000000000000,-0.0041827808282634,0.0000000000000000,14.7476248061567485,3.0000937835964483,-1146.704678,-7.782054,1154.4867315350334,8925.7174276724691,1,2.4e-11
0.9982475377339730,0.0,0.0029214988534375,0.0000000000000000,-0.0041947740650170,0.0000000000000000,14.7510471211711174,3.0000937657157607,-1116.740725,-8.213648,1124.9543725127564,9174.5150540010072,1,3.5e-11
0.9982505036013624,0.0,0.0029195622423913,0.0000000000000000,-0.0042070162188506,0.0000000000000000,14.7545378694897256,3.0000937474507277,-1085.526081,-8.686338,1094.2124191017451,9431.2463995607104,1,9.6e-11
0.9982535325323381,0.0,0.0029175833007212,0.0000000000000000,-0.0042195138826965,0.0000000000000000,14.7580984206830319,3.0000937287922778,-1052.995911,-9.206273,1062.2021841446935,9696.1680326263886,1,1.2e-10
0.9982566262838031,0.0,0.0029155607961762,0.0000000000000000,-0.0042322739416923,0.0000000000000000,14.7617301718589697,3.0000937097310851,-1019.080826,-9.780915,1028.8617402902519,9969.5425791493617,1,5.3e-11
0.9982597866965737,0.0,0.0029134934358436,0.0000000000000000,-0.0042453035998553,0.0000000000000000,14.7654345482297895,3.0000936902575481,-983.706297,-10.419411,994.1257079375546,10251.6397104258649,1,1.2e-10
0.9982630157023369,0.0,0.0029113798611195,0.0000000000000000,-0.0042586104061990,0.0000000000000000,14.7692130036931921,3.0000936703617822,-946.791715,-11.133104,957.9248194970510,10542.7308776718564,1,3.9e-11
0.9982663153297878,0.0,0.0029092186431641,0.0000000000000000,-0.0042722022772259,0.0000000000000000,14.7730670214289912,3.0000936500336106,-908.249439,-11.936245,920.1856840305049,10843.0877329412615,1,4.2e-11
0.9982696877143481,0.0,0.0029070082759766,0.0000000000000000,-0.0042860875340134,0.0000000000000000,14.7769981145080003,3.0000936292625431,-867.983662,-12.847001,880.8306625365690,11152.9869349715882,1,1.2e-10
0.9982731351067365,0.0,0.0029047471701389,0.0000000000000000,-0.0043002749338348,0.0000000000000000,14.7810078265186000,3.0000936080377651,-825.888307,-13.888925,839.7772318235402,11472.7004474172136,1,1.6e-11
0.9982766598828842,0.0,0.0029024336456204,0.0000000000000000,-0.0043147737073390,0.0000000000000000,14.7850977322093264,3.0000935863481244,-781.844940,-15.093151,796.9380911671765,11802.5036438593525,1,6.9e-11
0.9982802645558659,0.0,0.0029000659231893,0.0000000000000000,-0.0043295936031047,0.0000000000000000,14.7892694381483913,3.0000935641821118,-735.718628,-16.501778,752.2204056810388,12142.6653975910740,1,8.9e-11
0.9982839517887013,0.0,0.0028976421151329,0.0000000000000000,-0.0043447449355117,0.0000000000000000,14.7935245834023394,3.0000935415278436,-687.352260,-18.173286,705.5255450824038,12493.4488618974574,1,9.8e-13
0.9982877244092210,0.0,0.0028951602145617,0.0000000000000000,-0.0043602386401625,0.0000000000000000,14.7978648402342632,3.0000935183730393,-636.556889,-20.191606,656.7484952148543,12855.1059589973011,1,6.1e-11
0.9982915854264111,0.0,0.0028926180835680,0.0000000000000000,-0.0043760863349524,0.0000000000000000,14.8022919148239378,3.0000934947050011,-583.095399,-22.682187,605.7775856028870,13227.8786796673667,1,5.0e-12
0.9982955380497900,0.0,0.0028900134393022,0.0000000000000000,-0.0043923003922689,0.0000000000000000,14.8068075480108146,3.0000934705105893,-526.651100,-25.842515,552.4936146445716,13611.9887117564213,1,1.2e-10
0.9982995857102671,0.0,0.0028873438389001,0.0000000000000000,-0.0044088940167076,0.0000000000000000,14.8114135160633928,3.0000934457761934,-466.763755,-30.005842,496.7695967693976,14007.6392676677642,1,1.9e-11
0.9983037320863227,0.0,0.0028846066606992,0.0000000000000000,-0.0044258813427898,0.0000000000000000,14.8161116314753780,3.0000934204877017,-402.676579,-35.792996,438.4695749445609,14415.0010419629689,1,4.7e-11
0.9983079811311144,0.0,0.0028817990846551,0.0000000000000000,-0.0044432775354730,0.0000000000000000,14.8209037437954994,3.0000933946304702,-332.892687,-44.555532,377.4482185011757,14834.2106533141487,1,6.7e-11
0.9983123371065794,0.0,0.0028789180678927,0.0000000000000000,-0.0044610989175057,0.0000000000000000,14.8257917404908355,3.0000933681892801,-253.289290,-60.260590,313.5498794947771,15265.3619698892580,1,1.5e-11
0.9983168046223242,0.0,0.0028759603167569,0.0000000000000000,-0.0044793631138855,0.0000000000000000,14.8307775478511239,3.0000933411482937,-246.591589,-0.015702,246.6072905539909,15708.4907625334308,1,5.7e-11
0.9983213886802722,0.0,0.0028729222547602,0.0000000000000000,-0.0044980892178347,0.0000000000000000,14.8358631319402257,3.0000933134910066,-176.429890,-0.010917,176.4408070167628,16163.5680402629132,1,6.5e-11
0.9983260947291307,0.0,0.0028697999835742,0.0000000000000000,-0.0045172979934654,0.0000000000000000,14.8410504996004047,3.0000932852001831,-102.850485,-0.006185,102.8566695669042,16630.4796709428301,1,1.3e-10
0.9983309287257959,0.0,0.0028665892389237,0.0000000000000000,-0.0045370121032416,0.0000000000000000,14.8463416995233501,3.0000932562578035,-25.644235,-0.001499,25.6457333160533,17109.0100586490698,1,8.5e-11
0.9983358972135571,0.0,0.0028632853347230,0.0000000000000000,-0.0045572563991207,0.0000000000000000,14.8517388233945482,3.0000932266449656,55.415130,0.003149,-55.4182796023929,17598.8220979029611,1,1.4e-10
0.9983410074113223,0.0,0.0028598830991746,0.0000000000000000,-0.0045780582532932,0.0000000000000000,14.8572440071343159,3.0000931963418038,140.573294,0.007767,-140.5810609539640,18099.4258675498058,1,6.3e-11
0.9983462673251768,0.0,0.0028563767950598,0.0000000000000000,-0.0045994479720494,0.0000000000000000,14.8628594322524226,3.0000931653273741,230.097976,0.012366,-230.1103424729831,18610.1446087912809,1,9.4e-11
0.9983516858832214,0.0,0.0028527600234255,0.0000000000000000,-0.0046214592959514,0.0000000000000000,14.8685873273484486,3.0000931335795178,246.791287,77.507101,-324.2983891585845,19130.0774350306456,1,1.5e-10
0.9983572731034602,0.0,0.0028490256037907,0.0000000000000000,-0.0046441300221140,0.0000000000000000,14.8744299697961715,3.0000931010746950,370.398751,53.067250,-423.4660011076262,19658.0432931264368,1,9.0e-11
0.9983592445677589,0.0,0.0028477066647040,0.0000000000000000,-0.0046521230583525,0.0000000000000000,14.8764755544618481,3.0000930896646083,410.630487,48.316054,-458.9465406694471,19842.0446434999467,1,2.8e-11
0.9983612640711111,0.0,0.0028463549115803,0.0000000000000000,-0.0046603073484036,0.0000000000000000,14.8785620806565611,3.0000930780099098,451.162981,44.390074,-495.5530549903074,20029.1581114787550,1,1.1e-10
0.9983633332019425,0.0,0.0028449692286405,0.0000000000000000,-0.0046686890301960,0.0000000000000000,14.8806903697934718,3.0000930661047858,492.260804,41.070386,-533.3311896430873,20219.3411551718018,0,2.6e-11
0.9983654536352869,0.0,0.0028435484382325,0.0000000000000000,-0.0046772745674281,0.0000000000000000,14.8828612599699603,3.0000930539432455,534.115568,38.213708,-572.3292758473231,20412.5362483997305,0,6.0e-11
0.9983676271405844,0.0,0.0028420912952340,0.0000000000000000,-0.0046860707786157,0.0000000000000000,14.8850756063328120,3.0000930415191052,576.877156,35.721071,-612.5982268372663,20608.6699416498886,0,4.7e-11
0.9983698555896618,0.0,0.0028405964813441,0.0000000000000000,-0.0046950848666877,0.0000000000000000,14.8873342814545371,3.0000930288259808,620.670562,33.521245,-654.1918072151902,20807.6501216390170,0,6.9e-11
0.9983721409669454,0.0,0.0028390625977982,0.0000000000000000,-0.0047043244569976,0.0000000000000000,14.8896381757216272,3.0000930158572787,665.605670,31.561275,-697.1669450486866,21009.3635540327814,0,1.4e-11
0.9983744853801060,0.0,0.0028374881577517,0.0000000000000000,-0.0047137976368121,0.0000000000000000,14.8919881977370903,3.0000930026061776,711.783083,29.800754,-741.5838369930084,21213.6727312635630,0,3.6e-11
0.9983768910722636,0.0,0.0028358715775767,0.0000000000000000,-0.0047235130006381,0.0000000000000000,14.8943852747383900,3.0000929890656183,759.298253,28.208168,-787.5064207049218,21420.4127527766977,0,1.6e-11
0.9983793604362280,0.0,0.0028342111666922,0.0000000000000000,-0.0047334797030616,0.0000000000000000,14.8968303530318291,3.0000929752282857,808.244058,26.758485,-835.0025434943841,21629.3872023021104,0,1.9e-10
0.9983818960304778,0.0,0.0028325051161619,0.0000000000000000,-0.0047437075180690,0.0000000000000000,14.8993243984462680,3.0000929610865930,858.712746,25.431511,-884.1442577669218,21840.3630486323382,0,2.8e-11
0.9983845005975714,0.0,0.0028307514855847,0.0000000000000000,-0.0047542069072494,0.0000000000000000,14.9018683968080676,3.0000929466326602,910.797800,24.210716,-935.0085157398412,22053.0666986099095,0,9.5e-11
0.9983871770854318,0.0,0.0028289481878959,0.0000000000000000,-0.0047649890988279,0.0000000000000000,14.9044633544404039,3.0000929318582918,964.594981,23.082410,-987.6773909741319,22267.1772155075450,0,1.6e-11
0.9983899286719553,0.0,0.0028270929718672,0.0000000000000000,-0.0047760661787786,0.0000000000000000,14.9071102986906983,3.0000929167549484,1020.203413,22.035133,-1042.2385465417733,22482.3181218445534,0,8.1e-12
0.9983927587936117,0.0,0.0028251834017215,0.0000000000000000,-0.0047874511968480,0.0000000000000000,14.9098102784907471,3.0000929013137223,1077.726856,21.059186,-1098.7860425645003,22698.0509600628866,0,9.3e-11
0.9983956711794419,0.0,0.0028232168329391,0.0000000000000000,-0.0047991582925523,0.0000000000000000,14.9125643649549708,3.0000928855252984,1137.274568,20.146290,-1157.4208578382081,22913.8636322730454,0,7.3e-11
0.9983986698902743,0.0,0.0028211903843775,0.0000000000000000,-0.0048112028403075,0.0000000000000000,14.9153736520249698,3.0000928693799143,1198.962473,19.289311,-1218.2517833396992,23129.1597896211315,0,9.6e-11
0.9984017593660451,0.0,0.0028191009046079,0.0000000000000000,-0.0048236016247382,0.0000000000000000,14.9182392571687199,3.0000928528673168,1262.914392,18.482049,-1281.3964413686281,23343.2467375984415,0,1.5e-10
0.9984049444818242,0.0,0.0028169449320954,0.0000000000000000,-0.0048363730480523,0.0000000000000000,14.9211623221473193,3.0000928359767012,1329.262986,17.719077,-1346.9820622325669,23555.3127441192046,0,1.3e-11
0.9984082306157793,0.0,0.0028147186469424,0.0000000000000000,-0.0048495373815375,0.0000000000000000,14.9241440138645078,3.0000928186966509,1398.151689,16.995592,-1415.1472817713106,23764.4161091606366,0,1.9e-10
0.9984116237306530,0.0,0.0028124178129967,0.0000000000000000,-0.0048631170670757,0.0000000000000000,14.9271855253209864,3.0000928010150520,1469.735911,16.307318,-1486.0432285927732,23969.4508324132767,0,8.0e-11
0.9984151304755996,0.0,0.0028100377056222,0.0000000000000000,-0.0048771370938710,0.0000000000000000,14.9302880766994424,3.0000927829189998,1544.185530,15.650405,-1559.8359349625166,24169.1287211363669,0,4.2e-11
0.9984187583089348,0.0,0.0028075730245712,0.0000000000000000,-0.0048916254524098,0.0000000000000000,14.9334529166222865,3.0000927643946813,1621.686833,15.021353,-1636.7081864644306,24361.9307273468003,0,1.3e-11
0.9984225156553005,0.0,0.0028050177825691,0.0000000000000000,-0.0049066137157103,0.0000000000000000,14.9366813236297471,3.0000927454272226,1702.445776,14.416947,-1716.8627222229543,24546.0691524767317,0,2.0e-10
0.9984264121018938,0.0,0.0028023651662126,0.0000000000000000,-0.0049221377647840,0.0000000000000000,14.9399746079566196,3.0000927260005064,1786.691675,13.834190,-1800.5258654766972,24719.4327390636317,0,7.3e-11
0.9984304586510383,0.0,0.0027996073570103,0.0000000000000000,-0.0049382387223192,0.0000000000000000,14.9433341137102751,3.0000927060969351,1874.681581,13.270254,-1887.9518350351636,24879.5014717287850,0,1.5e-10
0.9984346680494125,0.0,0.0027967352982277,0.0000000000000000,-0.0049549641694993,0.0000000000000000,14.9467612216032979,3.0000926856971195,1966.706530,12.722418,-1979.4289482400318,25023.2624118807726,0,6.4e-11
0.9984390552233292,0.0,0.0027937383867363,0.0000000000000000,-0.0049723697545416,0.0000000000000000,14.9502573524687499,3.0000926647794772,2063.099355,12.188016,-2075.2873704130952,25147.0867939414456,0,7.3e-11
0.9984436378669688,0.0,0.0027906040567223,0.0000000000000000,-0.0049905213662312,0.0000000000000000,14.9538239719034021,3.0000926433196811,2164.245056,11.664370,-2175.9094258118366,25246.5540150622837,0,4.7e-11
0.9984484372543160,0.0,0.0027873172053437,0.0000000000000000,-0.0050094981336996,0.0000000000000000,14.9574625965816406,3.0000926212899057,2270.595253,11.148719,-2281.7439713853992,25316.2277038153261,0,7.4e-11
0.9984534793849669,0.0,0.0027838593824221,0.0000000000000000,-0.0050293966583446,0.0000000000000000,14.9611748031206382,3.0000925986577727,2382.688248,10.638126,-2393.3263742449526,25349.3380699520931,0,1.2e-10
0.9984587966630691,0.0,0.0027802076036946,0.0000000000000000,-0.0050503372159661,0.0000000000000000,14.9649622409576164,3.0000925753847869,2501.178342,10.129348,-2511.3076895763388,25337.3039790415205,0,1.5e-10
0.9984644304278777,0.0,0.0027763325625603,0.0000000000000000,-0.0050724731017524,0.0000000000000000,14.9688266518225497,3.0000925514239993,2626.879777,9.618660,-2636.4984370093853,25269.0632305964828,0,1.2e-10
0.9984704349500338,0.0,0.0027721958070420,0.0000000000000000,-0.0050960053875011,0.0000000000000000,14.9727699005344927,3.0000925267163208,2760.835483,9.101573,-2769.9370564232886,25129.9460170953535,0,3.0e-11
0.9984768840887244,0.0,0.0027677450386545,0.0000000000000000,-0.0051212075019304,0.0000000000000000,14.9767940263691735,3.0000925011843669,2904.431416,8.572388,-2913.0038042036113,24899.9142342740670,0,3.2e-11
0.9984838831578852,0.0,0.0027629057352807,0.0000000000000000,-0.0051484690400964,0.0000000000000000,14.9809013344723247,3.0000924747215136,3059.599092,8.023391,-3067.6224837162163,24550.3607980096713,0,3.3e-11
0.9984857138496435,0.0,0.0027616384127769,0.0000000000000000,-0.0051555836013265,0.0000000000000000,14.9819292304015086,3.0000924680234702,3100.020351,7.883511,-3107.9038615757208,24441.0436966298148,0,1.4e-10
0.9984876191134077,0.0,0.0027603187884641,0.0000000000000000,-0.0051629807056104,0.0000000000000000,14.9829779842395503,3.0000924611541477,3141.999749,7.739396,-3149.7391455946790,24319.1816689409316,0,1.0e-10
0.9984896051717747,0.0,0.0027589424688138,0.0000000000000000,-0.0051706834805216,0.0000000000000000,14.9840480563089109,3.0000924541056313,3185.653944,7.590663,-3193.2446075475818,24183.2273117331788,0,4.1e-11
0.9984916792454217,0.0,0.0027575043555287,0.0000000000000000,-0.0051787187427567,0.0000000000000000,14.9851399250555168,3.0000924468690231,3231.117004,7.436866,-3238.5538703484362,24031.3844822794199,0,2.5e-12
0.9984938497982642,0.0,0.0027559984725154,0.0000000000000000,-0.0051871179027552,0.0000000000000000,14.9862540899599956,3.0000924394342210,3278.544549,7.277475,-3285.8220243311189,23861.5262667732313,0,8.6e-11
0.9984961268817456,0.0,0.0027544177230540,0.0000000000000000,-0.0051959182369568,0.0000000000000000,14.9873910754579356,3.0000924317895850,3328.119756,7.111854,-3335.2316089750848,23671.0999211017042,0,8.8e-11
0.9984985225968769,0.0,0.0027527535638344,0.0000000000000000,-0.0052051645932952,0.0000000000000000,14.9885514363931254,3.0000924239215045,3380.061003,6.939233,-3387.0002359511027,23457.0310940742493,0,1.5e-10
0.9985010517571553,0.0,0.0027509955373871,0.0000000000000000,-0.0052149118391468,0.0000000000000000,14.9897357657738706,3.0000924158137781,3434.633305,6.758658,-3441.3919632804727,23215.5136349769309,0,1.6e-10
0.9985037328569033,0.0,0.0027491305891939,0.0000000000000000,-0.0052252284367055,0.0000000000000000,14.9909447061727104,3.0000924074466973,3492.164539,6.568932,-3498.7334709272382,22941.7903147684410,0,6.9e-11
0.9985065895371744,0.0,0.0027471420339467,0.0000000000000000,-0.0052362018555147,0.0000000000000000,14.9921789670961090,3.0000923987956631,3553.070219,6.368512,-3559.4387308688683,22629.7706170454621,0,1.6e-10
0.9985096529069927,0.0,0.0027450079188919,0.0000000000000000,-0.0052479471426653,0.0000000000000000,14.9934393525856127,3.0000923898290077,3617.892672,6.155357,-3624.0480289479583,22271.4217691896483,0,4.9e-11
0.9985129654264621,0.0,0.0027426982861264,0.0000000000000000,-0.0052606212594077,0.0000000000000000,14.9947268073494673,3.0000923805043276,3687.366477,5.926661,-3693.2931378103722,21855.7694103578106,0,1.2e-10
0.9985165878641511,0.0,0.0027401702679827,0.0000000000000000,-0.0052744487670771,0.0000000000000000,14.9960424988138428,3.0000923707619367,3762.535349,5.678388,-3768.2137368176536,21367.1344630885869,0,1.6e-10
0.9985206129556543,0.0,0.0027373584591614,0.0000000000000000,-0.0052897722495272,0.0000000000000000,14.9973879749830008,3.0000923605120327,3844.981432,5.404353,-3850.3857844305012,20781.6354274572805,0,1.1e-10
0.9985251959295036,0.0,0.0027341534010072,0.0000000000000000,-0.0053071649970733,0.0000000000000000,14.9987655007426071,3.0000923496060743,3937.337093,5.094156,-3942.4312483603358,20059.4082295242697,0,6.3e-12
0.9985270156647239,0.0,0.0027328797565927,0.0000000000000000,-0.0053140543859992,0.0000000000000000,14.9992655007426077,3.0000923455086093,3973.524955,4.971397,-3978.4963514927449,19755.9691206282005,0,3.7e-10
0.9985289439658328,0.0,0.0027315294936208,0.0000000000000000,-0.0053213441969106,0.0000000000000000,14.9997655007426065,3.0000923413147875,4011.553988,4.841514,-4016.3955017120693,19423.9927794681862,0,9.1e-11
0.9985310053753360,0.0,0.0027300853092507,0.0000000000000000,-0.0053291249281074,0.0000000000000000,15.0002655007426071,3.0000923370029611,4051.832181,4.702841,-4056.5350220745649,19057.1222803266719,0,4.1e-12
0.9985332353508539,0.0,0.0027285222068949,0.0000000000000000,-0.0053375273238678,0.0000000000000000,15.0007655007426077,3.0000923325418531,4094.948238,4.552980,-4099.5012180510857,18646.2185872690752,0,6.6e-12
0.9985356885781863,0.0,0.0027268016370710,0.0000000000000000,-0.0053467530253869,0.0000000000000000,15.0012655007426066,3.0000923278832299,4141.809360,4.388230,-4146.1975898879627,18177.2130318265408,0,7.4e-11
0.9985384577743134,0.0,0.0027248582452554,0.0000000000000000,-0.0053571438983930,0.0000000000000000,15.0017655007426072,3.0000923229453207,4193.952584,4.202307,-4198.1548903561252,17626.2722128182650,0,7.1e-10
0.9985403397433793,0.0,0.0027235367720324,0.0000000000000000,-0.0053641913291203,0.0000000000000000,15.0020655007426065,3.0000923197878548,4228.912889,4.075936,-4232.9888259737372,17238.7806167528033,0,7.4e-11
0.9985424705908641,0.0,0.0027220398405384,0.0000000000000000,-0.0053721564583784,0.0000000000000000,15.0023655007426076,3.0000923164106799,4268.012190,3.932782,-4271.9449723305797,16787.1636297088116,0,2.9e-11
0.9985449968384409,0.0,0.0027202641854359,0.0000000000000000,-0.0053815795164777,0.0000000000000000,15.0026655007426069,3.0000923126845942,4313.674226,3.762912,-4317.4371381391265,16233.9764887671918,0,4.4e-11
0.9985483144455565,0.0,0.0027179307543401,0.0000000000000000,-0.0053939204014237,0.0000000000000000,15.0029655007426079,3.0000923082604554,4372.446373,3.539451,-4375.9858224733280,15478.0530142318457,0,1.6e-09
0.9985504755410103,0.0,0.0027164098281617,0.0000000000000000,-0.0054019379430865,0.0000000000000000,15.0031021057712763,3.0000923056723257,4409.967578,3.393605,-4413.3611835183838,14967.6885424032807,0,1.6e-10
0.9985552991347413,0.0,0.0027130125395284,0.0000000000000000,-0.0054197703009706,0.0000000000000000,15.0032342383087425,3.0000923007589662,4491.422348,3.066977,-4494.4893259031651,13777.0909876544029,0,5.4e-11
0.9985596236508025,0.0,0.0027099638458384,0.0000000000000000,-0.0054356807649219,0.0000000000000000,15.0031424759858805,3.0000922974048678,4561.591306,2.772569,-4564.3638749251804,12649.3249347507954,0,7.8e-11
0.9985628115739869,0.0,0.0027077147367617,0.0000000000000000,-0.0054473609465341,0.0000000000000000,15.0029424759858809,3.0000922955940905,4611.476521,2.554384,-4614.0309080665884,11781.4953648727387,0,1.1e-09
0.9985649585332999,0.0,0.0027061992581756,0.0000000000000000,-0.0054552030858167,0.0000000000000000,15.0027424759858814,3.0000922947011328,4644.148161,2.406841,-4646.5550030267350,11179.7324696164578,0,3.2e-10
0.9985666861961171,0.0,0.0027049793072145,0.0000000000000000,-0.0054614992366580,0.0000000000000000,15.0025424759858819,3.0000922941778541,4669.880473,2.287723,-4672.1681957546098,10685.3935864865780,0,1.0e-11
0.9985681695030029,0.0,0.0027039315958062,0.0000000000000000,-0.0054668944009937,0.0000000000000000,15.0023424759858806,3.0000922938700021,4691.565531,2.185161,-4693.7506902515433,10253.8194464426488,0,1.2e-10
0.9985694876765138,0.0,0.0027030002909602,0.0000000000000000,-0.0054716806726541,0.0000000000000000,15.0021424759858810,3.0000922937077212,4710.513472,2.093781,-4712.6072503032547,9864.7694943957031,0,4.2e-11
0.9985701974736436,0.0,0.0027024987218929,0.0000000000000000,-0.0054742546747876,0.0000000000000000,15.0020259997004164,3.0000922936642289,4720.588435,2.044471,-4722.6329112436597,9653.1316498182714,0,9.7e-11
0.9985708790881315,0.0,0.0027020170097981,0.0000000000000000,-0.0054767243040302,0.0000000000000000,15.0019083088234577,3.0000922936516461,4730.177952,1.997280,-4732.1750212406887,9448.4914277791977,0,1.7e-10
0.9985715371066042,0.0,0.0027015519202933,0.0000000000000000,-0.0054791064060756,0.0000000000000000,15.0017892277582288,3.0000922936668064,4739.355268,1.951240,-4741.3065120827869,9249.6392241269350,0,2.2e-11
0.9985721750995119,0.0,0.0027011009355306,0.0000000000000000,-0.0054814140910222,0.0000000000000000,15.0016686095316114,3.0000922937072918,4748.177516,1.906753,-4750.0842712648555,9055.6131612267345,0,5.0e-11
0.9985727959239501,0.0,0.0027006620406494,0.0000000000000000,-0.0054836578457611,0.0000000000000000,15.0015463276443430,3.0000922937712171,4756.690005,1.863404,-4758.5534144918984,8865.6606653984636,0,1.7e-10
0.9985734018995843,0.0,0.0027002335997636,0.0000000000000000,-0.0054858461813561,0.0000000000000000,15.0014222705023066,3.0000922938570929,4764.929607,1.821044,-4766.7506519275157,8679.1531914472580,0,4.4e-11
0.9985739949425727,0.0,0.0026998142615046,0.0000000000000000,-0.0054879861250486,0.0000000000000000,15.0012963375964468,3.0000922939637333,4772.926391,1.779534,-4774.7059264330146,8495.5892563480884,0,4.4e-11
0.9985745766524912,0.0,0.0026994028977512,0.0000000000000000,-0.0054900835403397,0.0000000000000000,15.0011684367493547,3.0000922940901833,4780.705552,1.738766,-4782.4443188931873,8314.5348968394101,0,4.1e-11
0.9985751483890676,0.0,0.0026989985494997,0.0000000000000000,-0.0054921434081935,0.0000000000000000,15.0010384821536729,3.0000922942356740,4788.288285,1.698649,-4789.9869352765891,8135.6248619388789,0,3.9e-11
0.9985757113142713,0.0,0.0026986003971905,0.0000000000000000,-0.0054941699824201,0.0000000000000000,15.0009063928590898,3.0000922943995838,4795.692633,1.659102,-4797.3517354526266,7958.5438967980444,0,4.8e-12
0.9985762664317424,0.0,0.0026982077329222,0.0000000000000000,-0.0054961669343895,0.0000000000000000,15.0007720916453184,3.0000922945814130,4802.934017,1.620056,-4804.5540734843235,7783.0222140010446,0,5.1e-12
0.9985768146162872,0.0,0.0026978199396354,0.0000000000000000,-0.0054981374614850,0.0000000000000000,15.0006355041496562,3.0000922947807598,4810.025813,1.581451,-4811.6072635808914,7608.8199588656425,0,1.2e-11
0.9985773566362233,0.0,0.0026974364753519,0.0000000000000000,-0.0055000843691088,0.0000000000000000,15.0004965581804832,3.0000922949973083,4816.979653,1.543234,-4818.5228872089356,7435.7256540134549,0,8.3e-11
0.9985778931661883,0.0,0.0026970568641811,0.0000000000000000,-0.0055020101182888,0.0000000000000000,15.0003551831539976,3.0000922952308096,4823.805595,1.505359,-4825.3109542875764,7263.5585399158299,0,1.2e-11
0.9985784248110675,0.0,0.0026966806793902,0.0000000000000000,-0.0055039169127684,0.0000000000000000,15.0002113096835199,3.0000922954810796,4830.512588,1.467782,-4831.9803726229702,7092.1510723475367,0,1.8e-10
0.9985789521101583,0.0,0.0026963075405139,0.0000000000000000,-0.0055058067149302,0.0000000000000000,15.0000648691993757,3.0000922957479825,4837.108713,1.430470,-4838.5391826567065,6921.3379909936339,0,2.4e-11
0.9985794755470876,0.0,0.0026959371063423,0.0000000000000000,-0.0055076812820626,0.0000000000000000,14.9999157936526757,3.0000922960314305,4843.600674,1.393385,-4844.9940593643405,6751.0038069542497,0,5.1e-11
0.9985799955597624,0.0,0.0026955690679028,0.0000000000000000,-0.0055095422029646,0.0000000000000000,14.9997640152732874,3.0000922963313741,4849.994766,1.356498,-4851.3512666858896,6581.0188607964665,0,2.0e-10
0.9985805125454367,0.0,0.0026952031449030,0.0000000000000000,-0.0055113909165128,0.0000000000000000,14.9996094663570236,3.0000922966477992,4856.296742,1.319783,-4857.6165242932930,6411.2542514242232,0,9.6e-11
0.9985837724330224,0.0,0.0026928951971402,0.0000000000000000,-0.0055230159821761,0.0000000000000000,14.9985497297037895,3.0000922990679721,4894.744697,1.087224,-4895.8319208766916,5323.6845789942890,0,7.8e-12
0.9985866786982887,0.0,0.0026908367938057,0.0000000000000000,-0.0055333319769396,0.0000000000000000,14.9974778944659910,3.0000923018587442,4927.091580,0.878317,-4927.9698962872253,4329.5469492226839,0,4.9e-11
0.9985893338868351,0.0,0.0026889556087728,0.0000000000000000,-0.0055427157514835,0.0000000000000000,14.9963905481461239,3.0000923049466062,4954.992871,0.686099,-4955.6789700372374,3401.6159440726042,0,3.8e-11
0.9985917994331628,0.0,0.0026872083128885,0.0000000000000000,-0.0055513930742534,0.0000000000000000,14.9952856532173353,3.0000923082874329,4979.441729,0.506404,-4979.9481332542846,2523.6105349957943,0,3.6e-11
0.9985941156266264,0.0,0.0026855664915365,0.0000000000000000,-0.0055595119789863,0.0000000000000000,14.9941618084301780,3.0000923118525540,5001.089383,0.336502,-5001.4258858369121,1684.8804522007704,0,8.7e-11
0.9985963105925499,0.0,0.0026840103101312,0.0000000000000000,-0.0055671757679153,0.0000000000000000,14.9930179460406698,3.0000923156223580,5020.390032,0.174487,-5020.5645192007250,877.9927920810878,0,1.1e-10
0.9985984048794996,0.0,0.0026825252786512,0.0000000000000000,-0.0055744598743333,0.0000000000000000,14.9918531882884025,3.0000923195829490,5037.674318,0.018970,-5037.6932869880548,97.5596355032176,0,1.3e-10
0.9986004140421265,0.0,0.0026811004299153,0.0000000000000000,-0.0055814213573165,0.0000000000000000,14.9906667719890745,3.0000923237242669,5053.191775,-0.131104,-5053.0606695193710,-660.4986293986440,0,1.8e-10
0.9986023501835073,0.0,0.0026797272317432,0.0000000000000000,-0.0055881045740762,0.0000000000000000,14.9894580057021614,3.0000923280389262,5067.135347,-0.276552,-5066.8587949084977,-1399.3245250638574,0,1.8e-11
0.9986042229366464,0.0,0.0026783988946647,0.0000000000000000,-0.0055945447893730,0.0000000000000000,14.9882262438795681,3.0000923325214823,5079.657983,-0.418026,-5079.2399570361722,-2121.4282690603286,0,5.6e-11
0.9986060401138297,0.0,0.0026771099139224,0.0000000000000000,-0.0056007705638937,0.0000000000000000,14.9869708704692588,3.0000923371679415,5090.882359,-0.556053,-5090.3263055345997,-2828.8033230267465,0,6.9e-11
0.9986078081517655,0.0,0.0026758557554779,0.0000000000000000,-0.0056068053917090,0.0000000000000000,14.9856912880745021,3.0000923419754213,5100.908727,-0.691070,-5100.2176567813985,-3523.0847463775426,0,3.7e-11
0.9986095324250576,0.0,0.0026746326349126,0.0000000000000000,-0.0056126688535056,0.0000000000000000,14.9843869105247887,3.0000923469419107,5109.819834,-0.823438,-5108.9963963753980,-4205.6186544429511,0,8.8e-11
0.9986112174751600,0.0,0.0026734373559390,0.0000000000000000,-0.0056183774588413,0.0000000000000000,14.9830571576253533,3.0000923520660963,5117.684955,-0.953466,-5116.7314877879890,-4877.5427015125751,0,1.5e-10
0.9986128671769307,0.0,0.0026722671929143,0.0000000000000000,-0.0056239452589978,0.0000000000000000,14.9817014513356206,3.0000923573472305,5124.561814,-1.081414,-5123.4803997802446,-5539.7760589253157,0,1.4e-10
0.9986144848679852,0.0,0.0026711197996077,0.0000000000000000,-0.0056293843228515,0.0000000000000000,14.9803192129205147,3.0000923627850322,5130.499615,-1.207507,-5129.2921079113848,-6193.1152359768748,0,1.4e-11
0.9986160734441598,0.0,0.0026699931418620,0.0000000000000000,-0.0056347050881655,0.0000000000000000,14.9789098607686491,3.0000923683796148,5135.540323,-1.331941,-5134.2083810632512,-6838.2390969097614,0,2.9e-11
0.9986176354370773,0.0,0.0026688854429051,0.0000000000000000,-0.0056399166468655,0.0000000000000000,14.9774728086881286,3.0000923741314249,5139.719566,-1.454886,-5138.2646797832022,-7475.7062421813607,0,8.2e-11
0.9986191730730299,0.0,0.0026677951417866,0.0000000000000000,-0.0056450269618200,0.0000000000000000,14.9760074645413095,3.0000923800411954,5143.068313,-1.576493,-5141.4918190447470,-8106.0157067067921,0,1.6e-10
0.9986206883211398,0.0,0.0026667208594615,0.0000000000000000,-0.0056500430438646,0.0000000000000000,14.9745132291303040,3.0000923861099085,5145.612533,-1.696892,-5143.9156416969090,-8729.5467621926218,0,3.4e-11
0.9986221829323576,0.0,0.0026656613712577,0.0000000000000000,-0.0056549710953171,0.0000000000000000,14.9729894952674965,3.0000923923387672,5147.375322,-1.816201,-5145.5591219995558,-9346.6652711685747,0,8.8e-11
0.9986236584696200,0.0,0.0026646155856047,0.0000000000000000,-0.0056598166209763,0.0000000000000000,14.9714356469833056,3.0000923987291706,5148.376265,-1.934524,-5146.4417412686162,-9957.6568495817482,0,1.0e-10
0.9986251163353836,0.0,0.0026635825246593,0.0000000000000000,-0.0056645845292123,0.0000000000000000,14.9698510588415257,3.0000924052826914,5148.632374,-2.051956,-5146.5804183166574,-10562.7671219687909,0,4.4e-11
0.9986265577917368,0.0,0.0026625613101024,0.0000000000000000,-0.0056692792060103,0.0000000000000000,14.9682350953325116,3.0000924120010626,5148.158091,-2.168578,-5145.9895126813199,-11162.1841862536967,0,8.2e-11
0.9986279839787612,0.0,0.0026615511502077,0.0000000000000000,-0.0056739045824566,0.0000000000000000,14.9665871103294137,3.0000924188861622,5146.965994,-2.284466,-5144.6815275648178,-11756.0696641709656,0,5.0e-11
0.9986293959297236,0.0,0.0026605513291444,0.0000000000000000,-0.0056784641904934,0.0000000000000000,14.9649064465919537,3.0000924259400001,5145.066850,-2.399687,-5142.6671626845527,-12344.5498001463711,0,3.3e-11
0.9986307945833605,0.0,0.0026595611983090,0.0000000000000000,-0.0056829612081329,0.0000000000000000,14.9631924353065973,3.0000924331647139,5142.469980,-2.514303,-5139.9556770730778,-12927.7281115408987,0,5.9e-11
0.9986321807949852,0.0,0.0026585801685276,0.0000000000000000,-0.0056873985001458,0.0000000000000000,14.9614443956559100,3.0000924405625535,5139.182992,-2.628367,-5136.5546242755172,-13505.6601704098284,0,3.8e-11
0.9986335553455752,0.0,0.0026576077036509,0.0000000000000000,-0.0056917786514648,0.0000000000000000,14.9596616344097075,3.0000924481358795,5135.212463,-2.741929,-5132.4705334281680,-14078.3890698235482,0,3.6e-11
0.9986349189501045,0.0,0.0026566433146835,0.0000000000000000,-0.0056961039977122,0.0000000000000000,14.9578434455335820,3.0000924558871556,5130.564013,-2.855035,-5127.7089775493705,-14645.9428921844810,0,1.3e-10
0.9986362722638018,0.0,0.0026556865554227,0.0000000000000000,-0.0057003766481051,0.0000000000000000,14.9559891098096465,3.0000924638189423,5125.241686,-2.967722,-5122.2739645814854,-15208.2915222998708,0,1.2e-10
0.9986376158887598,0.0,0.0026547370177607,0.0000000000000000,-0.0057045985097383,0.0000000000000000,14.9540978944677505,3.0000924719338959,5119.249522,-3.080029,-5116.1694931987840,-15765.4381414540112,0,4.1e-11
0.9986389503784062,0.0,0.0026537943286045,0.0000000000000000,-0.0057087713038546,0.0000000000000000,14.9521690528227804,3.0000924802347595,5112.589984,-3.191987,-5109.3979972981333,-16317.3187442887574,0,1.2e-10
0.9986402762431676,0.0,0.0026528581458596,0.0000000000000000,-0.0057128965865844,0.0000000000000000,14.9502018239179169,3.0000924887243650,5105.265451,-3.303626,-5101.9618246048594,-16863.8893843535334,0,1.3e-10
0.9986415939530622,0.0,0.0026519281566534,0.0000000000000000,-0.0057169757583926,0.0000000000000000,14.9481954321693298,3.0000924974056269,5097.276873,-3.414969,-5093.8619040372851,-17405.0409254711121,0,4.3e-11
0.9986429039424219,0.0,0.0026510040740029,0.0000000000000000,-0.0057210100812948,0.0000000000000000,14.9461490870139375,3.0000925062815424,5088.625442,-3.526041,-5085.0994013267045,-17940.6977832969278,0,9.9e-11
0.9986442066123341,0.0,0.0026500856351232,0.0000000000000000,-0.0057250006877695,0.0000000000000000,14.9440619825563346,3.0000925153551861,5079.311559,-3.636861,-5075.6746977745916,-18470.7521981541067,0,6.7e-11
0.9986455023338481,0.0,0.0026491725992072,0.0000000000000000,-0.0057289485923238,0.0000000000000000,14.9419332972155434,3.0000925246297108,5069.334856,-3.747446,-5065.5874095611944,-18995.0632967762649,0,8.7e-11
0.9986467914500454,0.0,0.0026482647459618,0.0000000000000000,-0.0057328546990960,0.0000000000000000,14.9397621933695834,3.0000925341083446,5058.694874,-3.857812,-5054.8370618009803,-19513.4958018045872,0,1.1e-10
0.9986480742783441,0.0,0.0026473618740217,0.0000000000000000,-0.0057367198101571,0.0000000000000000,14.9375478169978084,3.0000925437943899,5047.390549,-3.967969,-5043.4225800292770,-20025.8871153350919,0,7.7e-11
0.9986493511127998,0.0,0.0026464637993519,0.0000000000000000,-0.0057405446338057,0.0000000000000000,14.9352892973202156,3.0000925536912217,5035.420930,-4.077929,-5031.3430013774732,-20532.0883271303028,0,1.3e-11
0.9986506222253335,0.0,0.0026455703544163,0.0000000000000000,-0.0057443297889993,0.0000000000000000,14.9329857464325109,3.0000925638022866,5022.784179,-4.187698,-5018.5964809965426,-21031.9025705866516,0,4.0e-11
0.9986518878679521,0.0,0.0026446813866343,0.0000000000000000,-0.0057480758133123,0.0000000000000000,14.9306362589374952,3.0000925741311000,5009.478598,-4.297283,-5005.1813157133574,-21525.1451220326126,0,2.7e-11
0.9986531482735075,0.0,0.0026437967578711,0.0000000000000000,-0.0057517831656867,0.0000000000000000,14.9282399115710085,3.0000925846812492,4995.502025,-4.406686,-4991.0953398532374,-22011.6055844984949,0,9.2e-11
0.9986544036576182,0.0,0.0026429163431159,0.0000000000000000,-0.0057554522332693,0.0000000000000000,14.9257957628233413,3.0000925954563886,4980.852355,-4.515909,-4976.3364455251631,-22491.0774364434183,0,1.0e-11
0.9986556542194006,0.0,0.0026420400300104,0.0000000000000000,-0.0057590833339758,0.0000000000000000,14.9233028525545137,3.0000926064602407,4965.526953,-4.624952,-4960.9020013553727,-22963.3223640825599,0,1.9e-11
0.9986569001429298,0.0,0.0026411677178357,0.0000000000000000,-0.0057626767217299,0.0000000000000000,14.9207602016040681,3.0000926176965930,4949.523192,-4.733810,-4944.7893821748194,-23428.1003196015954,0,1.1e-10
0.9986581415978489,0.0,0.0026402993171230,0.0000000000000000,-0.0057662325885565,0.0000000000000000,14.9181668113941797,3.0000926291693020,4932.838628,-4.842481,-4927.9961464014186,-23885.1789965089411,0,5.9e-11
0.9986593787404191,0.0,0.0026394347489496,0.0000000000000000,-0.0057697510682856,0.0000000000000000,14.9155216635264622,3.0000926408822863,4915.469974,-4.950956,-4910.5190183568184,-24334.2723213005811,0,1.4e-10
0.9986606117142365,0.0,0.0026385739444700,0.0000000000000000,-0.0057732322392652,0.0000000000000000,14.9128237193715165,3.0000926528395278,4897.414855,-5.059228,-4892.3556262058873,-24775.1423497423530,0,7.9e-11
0.9986618406518879,0.0,0.0026377168437976,0.0000000000000000,-0.0057766761294028,0.0000000000000000,14.9100719196528537,3.0000926650450781,4878.669843,-5.167286,-4873.5025570025418,-25207.4831921607256,0,8.4e-11
0.9986630656741264,0.0,0.0026368633966081,0.0000000000000000,-0.0057800827142390,0.0000000000000000,14.9072651840204440,3.0000926775030452,4859.231964,-5.275116,-4853.9568491977170,-25631.0085200481117,0,6.7e-11
0.9986642868915256,0.0,0.0026360135610214,0.0000000000000000,-0.0057834519220926,0.0000000000000000,14.9044024106193440,3.0000926902176017,4839.098417,-5.382704,-4833.7157129065936,-26045.4336345437914,0,3.5e-11
0.9986655044048086,0.0,0.0026351673034113,0.0000000000000000,-0.0057867836353107,0.0000000000000000,14.9014824756490984,3.0000927031929798,4818.266083,-5.490034,-4812.7760490153250,-26450.4467120543122,1,6.6e-11
0.9986667183056441,0.0,0.0026343245979050,0.0000000000000000,-0.0057900776929622,0.0000000000000000,14.8985042329152950,3.0000927164334730,4796.731781,-5.597086,-4791.1346945641908,-26845.7223201710731,1,1.4e-12
0.9986679286766117,0.0,0.0026334854264240,0.0000000000000000,-0.0057933338906942,0.0000000000000000,14.8954665133724014,3.0000927299434323,4774.492589,-5.703840,-4768.7887496823023,-27230.9397715870291,1,1.5e-10
0.9986691355924887,0.0,0.0026326497778437,0.0000000000000000,-0.0057965519851689,0.0000000000000000,14.8923681246584447,3.0000927437272678,4751.545860,-5.810274,-4745.7355857370303,-27605.7827811762691,1,5.0e-12
0.9986703391200319,0.0,0.0026318176482064,0.0000000000000000,-0.0057997316931685,0.0000000000000000,14.8892078506202310,3.0000927577894463,4727.888397,-5.916361,-4721.9720369208808,-27969.8916762731969,1,2.8e-11
0.9986715393187755,0.0,0.0026309890401797,0.0000000000000000,-0.0058028726943718,0.0000000000000000,14.8859844508298060,3.0000927721344888,4703.517614,-6.022074,-4697.4955402017586,-28322.9291337206960,1,1.5e-11
0.9986727362413336,0.0,0.0026301639629264,0.0000000000000000,-0.0058059746323096,0.0000000000000000,14.8826966600913817,3.0000927867669720,4678.430890,-6.127384,-4672.3035059099711,-28664.5429106671363,1,7.8e-11
0.9986739299338028,0.0,0.0026293424318599,0.0000000000000000,-0.0058090371156657,0.0000000000000000,14.8793431879386766,3.0000928016915260,4652.625487,-6.232258,-4646.3932299384778,-28994.3601572327316,1,6.7e-11
0.9986751204362808,0.0,0.0026285244683366,0.0000000000000000,-0.0058120597200702,0.0000000000000000,14.8759227181224531,3.0000928169128298,4626.099404,-6.336663,-4619.7627403643983,-29312.0359826833010,1,7.0e-11
0.9986763077829767,0.0,0.0026277100996431,0.0000000000000000,-0.0058150419883434,0.0000000000000000,14.8724339080878227,3.0000928324356151,4598.850107,-6.440562,-4592.4095444890218,-29617.1802233830094,1,2.5e-11
0.9986774920028999,0.0,0.0026268993585692,0.0000000000000000,-0.0058179834328615,0.0000000000000000,14.8688753884414240,3.0000928482646585,4570.875780,-6.543916,-4564.3318638297769,-29909.4285490680486,1,9.6e-11
0.9986786731198825,0.0,0.0026260922834514,0.0000000000000000,-0.0058208835355460,0.0000000000000000,14.8652457624077687,3.0000928644047851,4542.174378,-6.646682,-4535.5276959477105,-30188.3878604061902,1,3.1e-11
0.9986798511531810,0.0,0.0026252889178230,0.0000000000000000,-0.0058237417498791,0.0000000000000000,14.8615436052749708,3.0000928808608629,4512.744539,-6.748817,-4505.9957213998759,-30453.6878995988518,1,9.3e-12
0.9986810261176902,0.0,0.0026244893103239,0.0000000000000000,-0.0058265575016096,0.0000000000000000,14.8577674638292585,3.0000928976378018,4482.584700,-6.850274,-4475.7344270929962,-30704.9306569956243,1,5.0e-11
0.9986821980241983,0.0,0.0026236935145900,0.0000000000000000,-0.0058293301897507,0.0000000000000000,14.8539158557779221,3.0000929147405473,4451.693842,-6.951002,-4444.7428405619885,-30941.7322676200420,1,5.8e-11
0.9986833668802517,0.0,0.0026229015887375,0.0000000000000000,-0.0058320591888131,0.0000000000000000,14.8499872691618968,3.0000929321740908,4420.071068,-7.050950,-4413.0201178554853,-31163.6986535824835,1,2.2e-11
0.9986845326896636,0.0,0.0026221135957536,0.0000000000000000,-0.0058347438481059,0.0000000000000000,14.8459801617540368,3.0000929499434501,4387.715763,-7.150061,-4380.5657021669494,-31370.4350000079721,1,3.3e-12
0.9986856954533959,0.0,0.0026213296029710,0.0000000000000000,-0.0058373834940864,0.0000000000000000,14.8418929604475540,3.0000929680536741,4354.627574,-7.248277,-4347.3792972728324,-31561.5436018295586,1,7.9e-11
0.9986868551699096,0.0,0.0026205496819045,0.0000000000000000,-0.0058399774317394,0.0000000000000000,14.8377240606309790,3.0000929865098409,4320.806682,-7.345536,-4313.4611463110368,-31736.6398582085967,1,4.1e-11
0.9986880118352659,0.0,0.0026197739082569,0.0000000000000000,-0.0058425249448478,0.0000000000000000,14.8334718255504807,3.0000930053170540,4286.253443,-7.441774,-4278.8116689238304,-31895.3312438987195,1,1.1e-10
0.9986891654435009,0.0,0.0026190023617438,0.0000000000000000,-0.0058450252976276,0.0000000000000000,14.8291345856589007,3.0000930244804307,4250.968306,-7.536921,-4243.4313846341702,-32037.2131938375533,1,1.5e-11
0.9986903159875291,0.0,0.0026182351255450,0.0000000000000000,-0.0058474777371283,0.0000000000000000,14.8247106379528155,3.0000930440051139,4214.952633,-7.630908,-4207.3217251164388,-32161.9151014387608,1,2.6e-11
0.9986914634590311,0.0,0.0026174722865001,0.0000000000000000,-0.0058498814935975,0.0000000000000000,14.8201982452939163,3.0000930638962520,4178.207743,-7.723658,-4170.4840852675898,-32269.0464984718710,1,4.8e-11
0.9986926078483563,0.0,0.0026167139352183,0.0000000000000000,-0.0058522357804373,0.0000000000000000,14.8155956357171057,3.0000930841589963,4140.735430,-7.815092,-4132.9203380479421,-32358.2268127296120,1,7.9e-11
0.9986937491465592,0.0,0.0026159601648137,0.0000000000000000,-0.0058545397999344,0.0000000000000000,14.8109010017267018,3.0000931047985113,4102.538174,-7.905130,-4094.6330440740885,-32429.0966016156599,1,2.3e-11
0.9986948873438241,0.0,0.0026152110720593,0.0000000000000000,-0.0058567927398859,0.0000000000000000,14.8061124995730378,3.0000931258199448,4063.618436,-7.993684,-4055.6247527104997,-32481.2792348880321,1,2.9e-11
0.9986960224316442,0.0,0.0026144667560039,0.0000000000000000,-0.0058589937794660,0.0000000000000000,14.8012282485197382,3.0000931472284442,4023.979470,-8.080664,-4015.8988058487689,-32514.4257908435538,1,3.2e-11
0.9986971544022679,0.0,0.0026137273184408,0.0000000000000000,-0.0058611420886719,0.0000000000000000,14.7962463300910887,3.0000931690291375,3983.624929,-8.165978,-3975.4589506842781,-32528.1942601967603,1,1.0e-10
0.9986982832495886,0.0,0.0026129928634180,0.0000000000000000,-0.0058632368311078,0.0000000000000000,14.7911647873062666,3.0000931912271285,3942.558650,-8.249525,-3934.3091242965643,-32522.2373215956613,1,3.1e-11
0.9986994089695220,0.0,0.0026122634970642,0.0000000000000000,-0.0058652771658555,0.0000000000000000,14.7859816238962516,3.0000932138274901,3900.785350,-8.331205,-3892.4541447804331,-32496.2425508629531,1,1.0e-11
0.9986995185695892,0.0,0.0026121926538095,0.0000000000000000,-0.0058654731734658,0.0000000000000000,14.7854707069724594,3.0000932160529410,3896.674460,-8.339066,-3888.3353937292877,-32492.6249379739165,1,1.1e-11
0.9986996301134868,0.0,0.0026121205852034,0.0000000000000000,-0.0058656721715683,0.0000000000000000,14.7849495717438426,3.0000932183224664,3892.482625,-8.347049,-3884.1355766579663,-32488.7411068463698,1,2.1e-11
0.9986997436312454,0.0,0.0026120472736359,0.0000000000000000,-0.0058658741868524,0.0000000000000000,14.7844180138441708,3.0000932206369288,3888.208302,-8.355155,-3879.8531478587643,-32484.5791679304093,1,9.6e-11
0.9986998591529416,0.0,0.0026119727015352,0.0000000000000000,-0.0058660792445398,0.0000000000000000,14.7838758248169562,3.0000932229972088,3883.850043,-8.363385,-3875.4866581302426,-32480.1341213602573,1,2.0e-11
0.9986999767091724,0.0,0.0026118968510919,0.0000000000000000,-0.0058662873699358,0.0000000000000000,14.7833227920362731,3.0000932254041994,3879.406141,-8.371742,-3871.0343989044923,-32475.3870293889195,1,5.8e-11
0.9987000963307737,0.0,0.0026118197044138,0.0000000000000000,-0.0058664985874997,0.0000000000000000,14.7827586986232671,3.0000932278588155,3874.874939,-8.380224,-3866.4947138321568,-32470.3231389513239,1,1.1e-10
0.9987002180487329,0.0,0.0026117412436071,0.0000000000000000,-0.0058667129204864,0.0000000000000000,14.7821833233610604,3.0000932303619852,3870.254728,-8.388834,-3861.8658936200673,-32464.9258007491007,1,5.9e-11
0.9987003418945307,0.0,0.0026116614505470,0.0000000000000000,-0.0058669303920639,0.0000000000000000,14.7815964406080234,3.0000932329146579,3865.543836,-8.397572,-3857.1462647982294,-32459.1815168000758,1,5.5e-11
0.9987004678997842,0.0,0.0026115803071128,0.0000000000000000,-0.0058671510240843,0.0000000000000000,14.7809978202091745,3.0000932355177992,3860.740725,-8.406440,-3852.3342854371504,-32453.0854302532971,1,3.8e-11
0.9987005960963758,0.0,0.0026114977951247,0.0000000000000000,-0.0058673748374362,0.0000000000000000,14.7803872274059156,3.0000932381723913,3855.843422,-8.415438,-3847.4279843708450,-32446.6093331975862,1,1.0e-11
0.9987007265165532,0.0,0.0026114138962512,0.0000000000000000,-0.0058676018524171,0.0000000000000000,14.7797644227439289,3.0000932408794374,3850.850294,-8.424566,-3842.4257276319227,-32439.7453504214063,1,8.4e-11
0.9987008591927589,0.0,0.0026113285921612,0.0000000000000000,-0.0058678320880292,0.0000000000000000,14.7791291619791885,3.0000932436399590,3845.759337,-8.433826,-3837.3255111960871,-32432.4656733507290,1,2.6e-11
0.9987009941576744,0.0,0.0026112418644657,0.0000000000000000,-0.0058680655621683,0.0000000000000000,14.7784811959821525,3.0000932464549952,3840.568910,-8.443219,-3832.1256913772986,-32424.7641507182270,1,1.8e-11
0.9987011314442787,0.0,0.0026111536946978,0.0000000000000000,-0.0058683022919164,0.0000000000000000,14.7778202706397774,3.0000932493256056,3835.277117,-8.452745,-3826.8243712549529,-32416.6214666720480,1,6.6e-11
0.9987012710857829,0.0,0.0026110640643778,0.0000000000000000,-0.0058685422925495,0.0000000000000000,14.7771461267566480,3.0000932522528720,3829.881876,-8.462404,-3821.4194716024876,-32408.0086042871699,1,1.1e-11
0.9987014131156638,0.0,0.0026109729549581,0.0000000000000000,-0.0058687855787104,0.0000000000000000,14.7764584999520476,3.0000932552378936,3824.381412,-8.472198,-3815.9092145704976,-32398.9153398498893,1,1.9e-11
0.9987015575676110,0.0,0.0026108803478918,0.0000000000000000,-0.0058690321634311,0.0000000000000000,14.7757571205569977,3.0000932582817899,3818.773671,-8.482126,-3810.2915453232931,-32389.3166017355397,1,8.1e-11
0.9987017044755058,0.0,0.0026107862246385,0.0000000000000000,-0.0058692820582460,0.0000000000000000,14.7750417135082213,3.0000932613857021,3813.056756,-8.492189,-3804.5645674538641,-32379.1975022330880,1,3.6e-11
0.9987018538734700,0.0,0.0026106905666461,0.0000000000000000,-0.0058695352732587,0.0000000000000000,14.7743119982402220,3.0000932645507925,3807.228567,-8.502387,-3798.7261795647396,-32368.5324929645285,1,1.5e-11
0.9987020057958341,0.0,0.0026105933553660,0.0000000000000000,-0.0058697918170250,0.0000000000000000,14.7735676885751577,3.0000932677782455,3801.287018,-8.512721,-3792.7742968615898,-32357.2982307542115,1,5.6e-11
0.9987021602771793,0.0,0.0026104945722413,0.0000000000000000,-0.0058700516966178,0.0000000000000000,14.7728084926105385,3.0000932710692667,3795.229958,-8.523191,-3786.7067669089597,-32345.4685081671923,1,5.9e-12
0.9987023173521259,0.0,0.0026103941988371,0.0000000000000000,-0.0058703149168945,0.0000000000000000,14.7720341126046204,3.0000932744250832,3789.055331,-8.533796,-3780.5215353819863,-32333.0239137588069,1,4.6e-12
0.9987024770557477,0.0,0.0026102922165879,0.0000000000000000,-0.0058705814818124,0.0000000000000000,14.7712442448596306,3.0000932778469473,3782.760968,-8.544536,-3774.2164311141919,-32319.9394101528451,1,1.8e-11
0.9987026394229228,0.0,0.0026101886072303,0.0000000000000000,-0.0058708513921796,0.0000000000000000,14.7704385796024233,3.0000932813361310,3776.344614,-8.555413,-3767.7892018423695,-32306.1863921890035,1,7.1e-12
0.9987028044890702,0.0,0.0026100833523088,0.0000000000000000,-0.0058711246481409,0.0000000000000000,14.7696168008630515,3.0000932848939317,3769.804046,-8.566424,-3761.2376219595262,-32291.7389188613743,1,1.9e-11
0.9987029722895757,0.0,0.0026099764335769,0.0000000000000000,-0.0058714012471220,0.0000000000000000,14.7687785863506029,3.0000932885216702,3763.137037,-8.577570,-3754.5594663219144,-32276.5720857847482,1,1.6e-11
0.9987031428599369,0.0,0.0026098678328970,0.0000000000000000,-0.0058716811843052,0.0000000000000000,14.7679236073267397,3.0000932922206909,3756.341236,-8.588851,-3747.7523846302433,-32260.6549451947212,1,4.9e-11
0.9987033162358311,0.0,0.0026097575322152,0.0000000000000000,-0.0058719644527756,0.0000000000000000,14.7670515284766370,3.0000932959923627,3749.414205,-8.600265,-3740.8139406752216,-32243.9526092149317,1,6.1e-11
0.9987034924531161,0.0,0.0026096455135445,0.0000000000000000,-0.0058722510435037,0.0000000000000000,14.7661620077773570,3.0000932998380798,3742.353821,-8.611812,-3733.7420083388024,-32226.4490310726687,1,7.2e-11
0.9987036715476598,0.0,0.0026095317591125,0.0000000000000000,-0.0058725409446524,0.0000000000000000,14.7652546963635327,3.0000933037592605,3735.157341,-8.623491,-3726.5338503693411,-32208.0940974261612,1,4.2e-11
0.9987038535555853,0.0,0.0026094162511805,0.0000000000000000,-0.0058728341424166,0.0000000000000000,14.7643292383904505,3.0000933077573504,3727.822605,-8.635301,-3719.1873040610340,-32188.8716903040186,1,3.3e-11
0.9987040385128689,0.0,0.0026092989723402,0.0000000000000000,-0.0058731306195410,0.0000000000000000,14.7633852708942541,3.0000933118338198,3720.347017,-8.647241,-3711.6997744753080,-32168.7418668074533,1,1.3e-10
0.9987042264557777,0.0,0.0026091799052190,0.0000000000000000,-0.0058734303567529,0.0000000000000000,14.7624224236495003,3.0000933159901657,3712.727863,-8.659310,-3704.0685537400277,-32147.6590469125658,1,2.9e-11
0.9987044174204815,0.0,0.0026090590327348,0.0000000000000000,-0.0058737333314399,0.0000000000000000,14.7614403190237251,3.0000933202279110,3704.962856,-8.671505,-3696.2913515378073,-32125.6027383310720,1,4.1e-11
0.9987046114433555,0.0,0.0026089363379252,0.0000000000000000,-0.0058740395185367,0.0000000000000000,14.7604385718291891,3.0000933245486072,3697.049303,-8.683826,-3688.3654776698640,-32102.5302197672427,1,5.6e-11
0.9987048085607547,0.0,0.0026088118040978,0.0000000000000000,-0.0058743488897304,0.0000000000000000,14.7594167891715795,3.0000933289538319,3688.984608,-8.696270,-3680.2883386213402,-32078.4052391825244,1,1.7e-11
0.9987050088089329,0.0,0.0026086854148915,0.0000000000000000,-0.0058746614130959,0.0000000000000000,14.7583745702956755,3.0000933334451911,3680.766063,-8.708835,-3672.0572277848178,-32053.1859886432067,1,1.0e-11
0.9987052122243726,0.0,0.0026085571540539,0.0000000000000000,-0.0058749770542117,0.0000000000000000,14.7573115064280298,3.0000933380243193,3672.390940,-8.721520,-3663.6694199123235,-32026.8303098650649,1,1.2e-11
0.9987054188433246,0.0,0.0026084270057795,0.0000000000000000,-0.0058752957744407,0.0000000000000000,14.7562271806162997,3.0000933426928804,3663.856548,-8.734321,-3655.1222270249564,-31999.2990126702935,1,7.3e-12
0.9987056287021825,0.0,0.0026082949544582,0.0000000000000000,-0.0058756175321875,0.0000000000000000,14.7551211675655551,3.0000933474525642,3655.160059,-8.747236,-3646.4128235893140,-31970.5457022506744,1,6.3e-11
0.9987058418372652,0.0,0.0026081609848213,0.0000000000000000,-0.0058759422821099,0.0000000000000000,14.7539930334711613,3.0000933523050937,3646.298815,-8.760262,-3637.5385529190435,-31940.5345017351210,1,5.1e-11
0.9987060582848859,0.0,0.0026080250819268,0.0000000000000000,-0.0058762699751953,0.0000000000000000,14.7528423358483618,3.0000933572522195,3637.269775,-8.773396,-3628.4963785914620,-31909.2082653390244,1,3.6e-11
0.9987062780811276,0.0,0.0026078872313078,0.0000000000000000,-0.0058766005579776,0.0000000000000000,14.7516686233583911,3.0000933622957220,3628.070119,-8.786634,-3619.2834851206958,-31876.5232378179207,1,1.2e-11
0.9987065012622253,0.0,0.0026077474187117,0.0000000000000000,-0.0058769339738324,0.0000000000000000,14.7504714356312299,3.0000933674374148,3618.697065,-8.799973,-3609.8970917505117,-31842.4382222946733,1,1.1e-10
0.9987067278641768,0.0,0.0026076056304151,0.0000000000000000,-0.0058772701614054,0.0000000000000000,14.7492503030845956,3.0000933726791392,3609.147466,-8.813408,-3600.3340576676710,-31806.8919053971767,1,8.7e-11
0.9987069579228628,0.0,0.0026074618531092,0.0000000000000000,-0.0058776090551146,0.0000000000000000,14.7480047467394595,3.0000933780227688,3599.418385,-8.826936,-3590.5914495896391,-31769.8353753760457,1,5.0e-12
0.9987071914741641,0.0,0.0026073160738518,0.0000000000000000,-0.0058779505853964,0.0000000000000000,14.7467342780318234,3.0000933834702108,3589.506898,-8.840552,-3580.6663464083399,-31731.2208753293380,1,1.1e-11
0.9987074285537378,0.0,0.0026071682802408,0.0000000000000000,-0.0058782946778418,0.0000000000000000,14.7454383986206476,3.0000933890234012,3579.409904,-8.854251,-3570.5556541584142,-31690.9910613540560,1,2.4e-11
0.9987076691970348,0.0,0.0026070184603890,0.0000000000000000,-0.0058786412532555,0.0000000000000000,14.7441166001919708,3.0000933946843102,3569.124379,-8.868027,-3560.2563513159621,-31649.0931519698352,1,4.7e-11
0.9987079134394649,0.0,0.0026068666028640,0.0000000000000000,-0.0058789902280097,0.0000000000000000,14.7427683642591187,3.0000934004549409,3558.647052,-8.881876,-3549.7651765624719,-31605.4607729511335,1,3.7e-11
0.9987081613161083,0.0,0.0026067126968511,0.0000000000000000,-0.0058793415132923,0.0000000000000000,14.7413931619586034,3.0000934063373257,3547.974978,-8.895792,-3539.0791859505252,-31560.0462307222188,1,1.9e-11
0.9987084128620747,0.0,0.0026065567319579,0.0000000000000000,-0.0058796950155276,0.0000000000000000,14.7399904538430935,3.0000934123335385,3537.104870,-8.909767,-3528.1951023851993,-31512.7824084134772,1,6.9e-11
0.9987086681120793,0.0,0.0026063986985086,0.0000000000000000,-0.0058800506357527,0.0000000000000000,14.7385596896679729,3.0000934184456800,3526.033483,-8.923796,-3517.1096864273263,-31463.6048605516553,1,3.7e-11
0.9987089271006478,0.0,0.0026062385874075,0.0000000000000000,-0.0058804082696910,0.0000000000000000,14.7371003081757976,3.0000934246758852,3514.757623,-8.937872,-3505.8197511576982,-31412.4518636986613,1,1.1e-11
0.9987091898620839,0.0,0.0026060763901842,0.0000000000000000,-0.0058807678076820,0.0000000000000000,14.7356117368753559,3.0000934310263268,3503.274058,-8.951986,-3494.3220717273680,-31359.2598029030487,1,2.8e-11
0.9987094564304808,0.0,0.0026059120990051,0.0000000000000000,-0.0058811291346249,0.0000000000000000,14.7340933918164776,3.0000934374992090,3491.579517,-8.966132,-3482.6133849992571,-31303.9624797878787,1,1.4e-11
0.9987097268395861,0.0,0.0026057457067713,0.0000000000000000,-0.0058814921294336,0.0000000000000000,14.7325446773602824,3.0000934440967719,3479.670659,-8.980300,-3470.6903578520869,-31246.4895080849528,1,7.8e-11
0.9987100011229466,0.0,0.0026055772070619,0.0000000000000000,-0.0058818566654208,0.0000000000000000,14.7309649859448726,3.0000934508212911,3467.544080,-8.994483,-3458.5495970837228,-31186.7668151324615,1,6.1e-11
0.9987102793137483,0.0,0.0026054065942184,0.0000000000000000,-0.0058822226097240,0.0000000000000000,14.7293536978462267,3.0000934576750775,3455.196429,-9.008670,-3446.1877591471871,-31124.7228395901620,1,1.6e-11
0.9987105614449812,0.0,0.0026052338632832,0.0000000000000000,-0.0058825898237298,0.0000000000000000,14.7277101809343574,3.0000934646604756,3442.624406,-9.022852,-3433.6015544110078,-31060.2886443119496,1,2.0e-11
0.9987108475492581,0.0,0.0026050590101366,0.0000000000000000,-0.0058829581623638,0.0000000000000000,14.7260337904244647,3.0000934717798686,3429.824535,-9.037018,-3420.7875173731691,-30993.3846246320754,1,5.8e-11
0.9987111376589060,0.0,0.0026048820314388,0.0000000000000000,-0.0058833274743445,0.0000000000000000,14.7243238686231361,3.0000934790356748,3416.793482,-9.051158,-3407.7423236906570,-30923.9386921031401,1,1.4e-11
0.9987114318058987,0.0,0.0026047029247065,0.0000000000000000,-0.0058836976018460,0.0000000000000000,14.7225797446694084,3.0000934864303455,3403.527630,-9.065260,-3394.4623704939054,-30851.8620832888409,1,7.8e-11
0.9987117300219909,0.0,0.0026045216882501,0.0000000000000000,-0.0058840683808278,0.0000000000000000,14.7208007342706182,3.0000934939663724,3390.023679,-9.079313,-3380.9443664311843,-30777.0830318508670,1,8.3e-11
0.9987120323383776,0.0,0.0026043383213965,0.0000000000000000,-0.0058844396398783,0.0000000000000000,14.7189861394328663,3.0000935016462811,3376.278134,-9.093303,-3367.1848312658090,-30699.5181800276041,1,3.4e-11
0.9987123387862219,0.0,0.0026041528241923,0.0000000000000000,-0.0058848112018000,0.0000000000000000,14.7171352481861657,3.0000935094726349,3362.287528,-9.107217,-3353.1803103863458,-30619.0844405069947,1,1.0e-10
0.9987126493961025,0.0,0.0026039651977606,0.0000000000000000,-0.0058851828817579,0.0000000000000000,14.7152473343038537,3.0000935174480325,3348.048167,-9.121041,-3338.9271261368417,-30535.6848560683429,1,1.1e-11
0.9987129641983954,0.0,0.0026037754441008,0.0000000000000000,-0.0058855544883680,0.0000000000000000,14.7133216570165164,3.0000935255751093,3333.556706,-9.134761,-3324.4219458515108,-30449.2411988843232,1,6.0e-11
0.9987132832229886,0.0,0.0026035835662625,0.0000000000000000,-0.0058859258230038,0.0000000000000000,14.7113574607197126,3.0000935338565355,3318.809709,-9.148361,-3309.6613482908715,-30359.6689572958276,1,2.9e-12
0.9987136064997040,0.0,0.0026033895681437,0.0000000000000000,-0.0058862966801994,0.0000000000000000,14.7093539746772084,3.0000935422950219,3303.803502,-9.161825,-3294.6416776449296,-30266.8682603305206,1,4.8e-11
0.9987139340578046,0.0,0.0026031934547958,0.0000000000000000,-0.0058866668470457,0.0000000000000000,14.7073104127156427,3.0000935508933124,3288.534644,-9.175136,-3279.3595088683060,-30170.7513248259202,1,9.3e-11
0.9987142659263980,0.0,0.0026029952321895,0.0000000000000000,-0.0058870361038271,0.0000000000000000,14.7052259729154216,3.0000935596541880,3272.999676,-9.188277,-3263.8113988180930,-30071.2276527248323,1,4.2e-11
0.9987146021341582,0.0,0.0026027949074529,0.0000000000000000,-0.0058874042230837,0.0000000000000000,14.7030998372941752,3.0000935685804655,3257.194999,-9.201229,-3247.9937694946875,-29968.1971584856510,1,4.7e-11
0.9987149427095197,0.0,0.0026025924887393,0.0000000000000000,-0.0058877709702388,0.0000000000000000,14.7009311714840720,3.0000935776749964,3241.117143,-9.213973,-3231.9031698945564,-29861.5653425576165,1,5.1e-11
0.9987152876806933,0.0,0.0026023879852539,0.0000000000000000,-0.0058881361035535,0.0000000000000000,14.6987191244025581,3.0000935869406686,3224.762683,-9.226489,-3215.5361937621356,-29751.2381443968043,1,5.6e-11
0.9987156370755386,0.0,0.0026021814073766,0.0000000000000000,-0.0058884993735975,0.0000000000000000,14.6964628279164113,3.0000935963804056,3208.127931,-9.238754,-3198.8891773108380,-29637.1044899169356,1,6.9e-11
0.9987159909218430,0.0,0.0026019727664926,0.0000000000000000,-0.0058888605241388,0.0000000000000000,14.6941613964990037,3.0000936059971641,3191.209646,-9.250749,-3181.9588978866796,-29519.0768600227311,1,6.0e-11
0.9987163492470432,0.0,0.0026017620752188,0.0000000000000000,-0.0058892192911086,0.0000000000000000,14.6918139268805490,3.0000936157939364,3174.004299,-9.262448,-3164.7418516607536,-29397.0489176446572,1,5.7e-11
0.9987167120785037,0.0,0.0026015493472422,0.0000000000000000,-0.0058895754034752,0.0000000000000000,14.6894194976912882,3.0000936257737485,3156.508472,-9.273829,-3147.2346439017269,-29270.9182359194383,1,5.6e-11
0.9987170794434589,0.0,0.0026013345973824,0.0000000000000000,-0.0058899285831543,0.0000000000000000,14.6869771690972026,3.0000936359396557,3138.718800,-9.284866,-3129.4339345752855,-29140.5830156011507,1,1.9e-11
0.9987174513689980,0.0,0.0026011178416704,0.0000000000000000,-0.0058902785443258,0.0000000000000000,14.6844859824291625,3.0000936462947538,3120.631855,-9.295533,-3111.3363228615253,-29005.9351738188416,1,3.7e-11
0.9987178278822528,0.0,0.0026008990972093,0.0000000000000000,-0.0058906249947397,0.0000000000000000,14.6819449598029550,3.0000936568421621,3102.244383,-9.305803,-3092.9385807992853,-28866.8738781521097,1,9.1e-12
0.9987182090103690,0.0,0.0026006783822650,0.0000000000000000,-0.0058909676351313,0.0000000000000000,14.6793531037329874,3.0000936675850345,3083.553013,-9.315646,-3074.2373671632313,-28723.2887942465022,1,1.7e-11
0.9987185947804973,0.0,0.0026004557162842,0.0000000000000000,-0.0058913061592455,0.0000000000000000,14.6767093967374560,3.0000936785265542,3064.554521,-9.325035,-3055.2294872716670,-28575.0750380279496,1,7.3e-11
0.9987189852200262,0.0,0.0026002311197923,0.0000000000000000,-0.0058916402545690,0.0000000000000000,14.6740128009355502,3.0000936896699315,3045.245824,-9.333937,-3035.9118866225799,-28422.1328114150092,1,4.3e-11
0.9987193803564789,0.0,0.0026000046144958,0.0000000000000000,-0.0058919696019623,0.0000000000000000,14.6712622576364033,3.0000937010184079,3025.623571,-9.342320,-3016.2812509135647,-28264.3437442630529,1,1.3e-11
0.9987197802177368,0.0,0.0025997762231624,0.0000000000000000,-0.0058922938763755,0.0000000000000000,14.6684566869196491,3.0000937125752465,3005.684831,-9.350152,-2996.3346790106302,-28101.6103287730366,1,3.5e-11
0.9987201848320131,0.0,0.0025995459696993,0.0000000000000000,-0.0058926127466382,0.0000000000000000,14.6655949872074327,3.0000937243437393,2985.426401,-9.357396,-2976.0690052447831,-27933.8158685723320,1,9.9e-11
0.9987205942280075,0.0,0.0025993138790514,0.0000000000000000,-0.0058929258763857,0.0000000000000000,14.6626760348270988,3.0000937363271993,2964.845562,-9.364018,-2955.4815433220983,-27760.8685332834721,1,2.1e-12
0.9987210084351140,0.0,0.0025990799771697,0.0000000000000000,-0.0058932329239554,0.0000000000000000,14.6596986835662904,3.0000937485289616,2943.939186,-9.369980,-2934.5692072339675,-27582.6487590959296,1,4.9e-11
0.9987210791863977,0.0,0.0025990401170488,0.0000000000000000,-0.0058932843874723,0.0000000000000000,14.6591876870224311,3.0000937506209371,2940.359881,-9.370923,-2930.9889580593904,-27551.8848358867690,1,6.6e-12
0.9987211512516222,0.0,0.0025989995447242,0.0000000000000000,-0.0058933365113404,0.0000000000000000,14.6586664699181775,3.0000937527540912,2936.711604,-9.371860,-2927.3397439574105,-27520.4508741293103,1,6.8e-12
0.9987212246533711,0.0,0.0025989582491025,0.0000000000000000,-0.0058933892953340,0.0000000000000000,14.6581348278155428,3.0000937549292215,2932.993116,-9.372792,-2923.6203247211574,-27488.3334901342168,1,1.5e-11
0.9987212994145231,0.0,0.0025989162189970,0.0000000000000000,-0.0058934427387217,0.0000000000000000,14.6575925521856085,3.0000937571471384,2929.203156,-9.373716,-2919.8294395529902,-27455.5189578905702,1,2.8e-11
0.9987213755582379,0.0,0.0025988734431428,0.0000000000000000,-0.0058934968402818,0.0000000000000000,14.6570394303273019,3.0000937594086663,2925.340317,-9.374631,-2915.9656863049577,-27421.9862597789615,1,5.6e-11
0.9987214531081781,0.0,0.0025988299100651,0.0000000000000000,-0.0058935515983820,0.0000000000000000,14.6564752452848630,3.0000937617146493,2921.403418,-9.375537,-2912.0278806946994,-27387.7277960674837,1,2.7e-11
0.9987215320881317,0.0,0.0025987856083074,0.0000000000000000,-0.0058936070106428,0.0000000000000000,14.6558997757612826,3.0000937640659431,2917.390925,-9.376432,-2908.0144935652461,-27352.7168162008747,1,4.7e-11
0.9987216125223481,0.0,0.0025987405262236,0.0000000000000000,-0.0058936630744208,0.0000000000000000,14.6553127960323337,3.0000937664634200,2913.301628,-9.377315,-2903.9243136993255,-27316.9461707696319,1,2.0e-11
0.9987216944353480,0.0,0.0025986946521174,0.0000000000000000,-0.0058937197862361,0.0000000000000000,14.6547140758576884,3.0000937689079676,2909.133971,-9.378183,-2899.7557882574729,-27280.3894012812525,1,4.9e-11
0.9987217778519938,0.0,0.0025986479741847,0.0000000000000000,-0.0058937771420435,0.0000000000000000,14.6541033803905680,3.0000937714004920,2904.886629,-9.379036,-2895.5075931731853,-27243.0345789110288,1,7.9e-11
0.9987218627975436,0.0,0.0025986004804904,0.0000000000000000,-0.0058938351373100,0.0000000000000000,14.6534804700855013,3.0000937739419138,2900.558160,-9.379872,-2891.1782886185392,-27204.8637137762271,1,6.4e-11
0.9987219492975085,0.0,0.0025985521590579,0.0000000000000000,-0.0058938937665910,0.0000000000000000,14.6528451006042957,3.0000937765331712,2896.147081,-9.380690,-2886.7663911868221,-27165.8573302156292,1,2.8e-11
0.9987220373778628,0.0,0.0025985029977497,0.0000000000000000,-0.0058939530240901,0.0000000000000000,14.6521970227200740,3.0000937791752200,2891.651934,-9.381488,-2882.2704461475369,-27125.9985117749311,1,8.5e-11
0.9987221270647192,0.0,0.0025984529844694,0.0000000000000000,-0.0058940129026099,0.0000000000000000,14.6515359822193982,3.0000937818690314,2887.071065,-9.382263,-2877.6888025181265,-27085.2596694794483,1,2.5e-11
0.9987222183848122,0.0,0.0025984021068545,0.0000000000000000,-0.0058940733951116,0.0000000000000000,14.6508617198024886,3.0000937846155966,2882.403071,-9.383014,-2873.0200570687762,-27043.6288337642327,1,4.0e-11
0.9987223113649617,0.0,0.0025983503526393,0.0000000000000000,-0.0058941344928645,0.0000000000000000,14.6501739709813332,3.0000937874159224,2877.646293,-9.383739,-2868.2625543315662,-27001.0800276054069,1,5.2e-11
0.9987224060325847,0.0,0.0025982977093054,0.0000000000000000,-0.0058941961871583,0.0000000000000000,14.6494724659758688,3.0000937902710367,2872.799233,-9.384436,-2863.4147977870625,-26957.5976489013992,1,8.4e-11
0.9987225024152636,0.0,0.0025982441643930,0.0000000000000000,-0.0058942584677782,0.0000000000000000,14.6487569296079982,3.0000937931819833,2867.860292,-9.385102,-2858.4751904384475,-26913.1611089175567,1,4.5e-11
0.9987226005410085,0.0,0.0025981897053190,0.0000000000000000,-0.0058943213238563,0.0000000000000000,14.6480270811935185,3.0000937961498253,2862.827810,-9.385736,-2853.4420733594488,-26867.7470854711719,1,2.1e-11
0.9987227004381831,0.0,0.0025981343194307,0.0000000000000000,-0.0058943847435954,0.0000000000000000,14.6472826344318712,3.0000937991756449,2857.700029,-9.386335,-2848.3136942747792,-26821.3276774357073,1,6.4e-11
0.9987228021354726,0.0,0.0025980779940336,0.0000000000000000,-0.0058944487141097,0.0000000000000000,14.6465232972936974,3.0000938022605439,2852.475441,-9.386896,-2843.0885451173685,-26773.8904400411993,1,1.6e-11
0.9987229056620123,0.0,0.0025980207163272,0.0000000000000000,-0.0058945132217920,0.0000000000000000,14.6457487719061152,3.0000938054056441,2847.152176,-9.387417,-2837.7647594332534,-26725.4025920545682,1,3.8e-11
0.9987230110472524,0.0,0.0025979624734676,0.0000000000000000,-0.0058945782518525,0.0000000000000000,14.6449587544357005,3.0000938086120854,2841.728680,-9.387894,-2832.3407849898958,-26675.8509646207094,1,1.1e-10
0.9987231183209047,0.0,0.0025979032526377,0.0000000000000000,-0.0058946437880789,0.0000000000000000,14.6441529349691297,3.0000938118810296,2836.202930,-9.388326,-2826.8146045145054,-26625.1957675190642,1,3.9e-11
0.9987232275132477,0.0,0.0025978430408301,0.0000000000000000,-0.0058947098138340,0.0000000000000000,14.6433309973914270,3.0000938152136576,2830.573409,-9.388708,-2821.1847003806843,-26573.4278024812229,1,7.9e-12
0.9987233386547562,0.0,0.0025977818251223,0.0000000000000000,-0.0058947763107194,0.0000000000000000,14.6424926192617608,3.0000938186111723,2824.838224,-9.389039,-2815.4491847226855,-26520.5167838749476,1,9.3e-11
0.9987234517763248,0.0,0.0025977195925120,0.0000000000000000,-0.0058948432593193,0.0000000000000000,14.6416374716867317,3.0000938220747955,2818.995443,-9.389313,-2809.6061295092495,-26466.4310955260880,1,3.7e-11
0.9987235669092558,0.0,0.0025976563299383,0.0000000000000000,-0.0058949106391216,0.0000000000000000,14.6407652191911719,3.0000938256057728,2813.043295,-9.389528,-2803.6537665147634,-26411.1494678221643,1,1.9e-12
0.9987236840852276,0.0,0.0025975920243160,0.0000000000000000,-0.0058949784283249,0.0000000000000000,14.6398755195862869,3.0000938292053703,2806.979919,-9.389681,-2797.5902377388406,-26354.6462937141769,1,1.9e-11
0.9987238033362031,0.0,0.0025975266625970,0.0000000000000000,-0.0058950466035100,0.0000000000000000,14.6389680238351740,3.0000938328748745,2800.803342,-9.389767,-2791.4135750151636,-26296.8902462436818,1,2.0e-11
0.9987239246946527,0.0,0.0025974602316290,0.0000000000000000,-0.0058951151403378,0.0000000000000000,14.6380423759156741,3.0000938366155969,2794.511686,-9.389783,-2785.1219033213474,-26237.8566243029200,1,1.5e-11
0.9987240481932945,0.0,0.0025973927183385,0.0000000000000000,-0.0058951840126192,0.0000000000000000,14.6370982126803906,3.0000938404288684,2788.102965,-9.389723,-2778.7132422408949,-26177.5151984281838,1,1.1e-11
0.9987241738652788,0.0,0.0025973241096111,0.0000000000000000,-0.0058952531928926,0.0000000000000000,14.6361351637139929,3.0000938443160443,2781.575154,-9.389585,-2772.1855699067946,-26115.8343285135925,1,8.6e-11
0.9987243017441843,0.0,0.0025972543923077,0.0000000000000000,-0.0058953226523388,0.0000000000000000,14.6351528511875735,3.0000938482785022,2774.926366,-9.389363,-2765.5370032004407,-26052.7914309762418,1,8.1e-12
0.9987244318639280,0.0,0.0025971835533262,0.0000000000000000,-0.0058953923604690,0.0000000000000000,14.6341508897101242,3.0000938523176433,2768.154467,-9.389053,-2758.7654136588440,-25988.3502727728337,1,4.2e-11
0.9987245642587222,0.0,0.0025971115796449,0.0000000000000000,-0.0058954622848813,0.0000000000000000,14.6331288861770012,3.0000938564348929,2761.257392,-9.388650,-2751.8687414873111,-25922.4795530540869,1,5.9e-11
0.9987246989633608,0.0,0.0025970384581355,0.0000000000000000,-0.0058955323921843,0.0000000000000000,14.6320864396153691,3.0000938606316976,2754.233016,-9.388148,-2744.8448682380276,-25855.1454054517671,1,3.4e-11
0.9987248360128791,0.0,0.0025969641757968,0.0000000000000000,-0.0058956026468231,0.0000000000000000,14.6310231410265210,3.0000938649095317,2747.079320,-9.387542,-2737.6917789411518,-25786.3208599877544,1,5.9e-11
0.9987249754427910,0.0,0.0025968887196043,0.0000000000000000,-0.0058956730117992,0.0000000000000000,14.6299385732250222,3.0000938692698904,2739.794183,-9.386827,-2730.4073562826761,-25715.9737769835629,1,1.0e-11
0.9987251172889480,0.0,0.0025968120766312,0.0000000000000000,-0.0058957434481422,0.0000000000000000,14.6288323106746514,3.0000938737142944,2732.375346,-9.385996,-2722.9893493565692,-25644.0649156193249,1,1.2e-11
0.9987252615875205,0.0,0.0025967342340340,0.0000000000000000,-0.0058958139149590,0.0000000000000000,14.6277039193207425,3.0000938782442890,2724.820688,-9.385045,-2715.4356429506320,-25570.5639829067513,1,4.0e-12
0.9987254083753269,0.0,0.0025966551788986,0.0000000000000000,-0.0058958843698543,0.0000000000000000,14.6265529564204133,3.0000938828614476,2717.127976,-9.383965,-2707.7440104894827,-25495.4345211959444,1,1.5e-12
0.9987255576893920,0.0,0.0025965748984838,0.0000000000000000,-0.0058959547683023,0.0000000000000000,14.6253789703669810,3.0000938875673651,2709.294996,-9.382751,-2699.9122437917895,-25418.6422734418884,1,3.8e-11
0.9987257095671958,0.0,0.0025964933801020,0.0000000000000000,-0.0058960250638455,0.0000000000000000,14.6241815005131777,3.0000938923636626,2701.319431,-9.381396,-2691.9380350201077,-25340.1476769689471,1,3.1e-12
0.9987258640466395,0.0,0.0025964106111429,0.0000000000000000,-0.0058960952080453,0.0000000000000000,14.6229600769896564,3.0000938972519888,2693.199073,-9.379893,-2683.8191802512856,-25259.9181514973752,1,1.1e-11
0.9987260211659905,0.0,0.0025963265791299,0.0000000000000000,-0.0058961651502528,0.0000000000000000,14.6217142205200670,3.0000939022340143,2684.931559,-9.378233,-2675.5533259207009,-25177.9128160886467,1,2.8e-11
0.9987261809640844,0.0,0.0025962412715802,0.0000000000000000,-0.0058962348382280,0.0000000000000000,14.6204434422324283,3.0000939073114403,2676.514622,-9.376410,-2667.1382124859820,-25094.0971690984443,1,6.8e-13
0.9987263434800314,0.0,0.0025961546762269,0.0000000000000000,-0.0058963042171045,0.0000000000000000,14.6191472434666583,3.0000939124859922,2667.945907,-9.374414,-2658.5714921167996,-25008.4320500707254,1,7.5e-11
0.9987265087534268,0.0,0.0025960667808826,0.0000000000000000,-0.0058963732300167,0.0000000000000000,14.6178251155782668,3.0000939177594210,2659.222941,-9.372239,-2649.8507021727637,-24920.8721066983417,1,1.5e-11
0.9987266768243619,0.0,0.0025959775734557,0.0000000000000000,-0.0058964418180826,0.0000000000000000,14.6164765397380769,3.0000939231335066,2650.343387,-9.369874,-2640.9735144565689,-24831.3806744455360,1,8.1e-11
0.9987268477333000,0.0,0.0025958870420271,0.0000000000000000,-0.0058965099199550,0.0000000000000000,14.6151009867278745,3.0000939286100534,2641.304915,-9.367310,-2631.9376050984861,-24739.9218258392066,1,4.9e-11
0.9987270215212486,0.0,0.0025957951747636,0.0000000000000000,-0.0058965774723065,0.0000000000000000,14.6136979167319989,3.0000939341908945,2632.105076,-9.364539,-2622.7405356032068,-24646.4534589513205,1,7.9e-11
0.9987271982295634,0.0,0.0025957019600677,0.0000000000000000,-0.0058966444091104,0.0000000000000000,14.6122667791246652,3.0000939398778885,2622.741218,-9.361550,-2613.3796687861363,-24550.9220075136982,1,7.2e-11
0.9987273779002188,0.0,0.0025956073863795,0.0000000000000000,-0.0058967106625536,0.0000000000000000,14.6108070122530389,3.0000939456729228,2613.211126,-9.358333,-2603.8527928273838,-24453.2999426615424,1,1.9e-11
0.9987275605755782,0.0,0.0025955114423937,0.0000000000000000,-0.0058967761621128,0.0000000000000000,14.6093180432158913,3.0000939515779099,2603.512180,-9.354877,-2594.1573029311626,-24353.5365875968710,1,3.5e-12
0.9987277462985269,0.0,0.0025954141169392,0.0000000000000000,-0.0058968408350034,0.0000000000000000,14.6077992876378069,3.0000939575947911,2593.641874,-9.351171,-2584.2907032100002,-24251.5882921968587,1,1.1e-11
0.9987279351124916,0.0,0.0025953153990139,0.0000000000000000,-0.0058969046061773,0.0000000000000000,14.6062501494388410,3.0000939637255351,2583.597715,-9.347203,-2574.2505114247701,-24147.4125473643653,1,4.1e-12
0.9987281270614091,0.0,0.0025952152777951,0.0000000000000000,-0.0058969673981610,0.0000000000000000,14.6046700205994657,3.0000939699721378,2573.377156,-9.342962,-2564.0341941729630,-24040.9642059220932,1,2.6e-11
0.9987283221897513,0.0,0.0025951137426717,0.0000000000000000,-0.0058970291310609,0.0000000000000000,14.6030582809208180,3.0000939763366197,2562.977609,-9.338434,-2553.6391758234222,-23932.1957849767059,1,8.2e-12
0.9987285205425105,0.0,0.0025950107832225,0.0000000000000000,-0.0058970897227190,0.0000000000000000,14.6014142977797086,3.0000939828210309,2552.396540,-9.333606,-2543.0629337321670,-23821.0635714214295,1,3.0e-11
0.9987287221654026,0.0,0.0025949063891669,0.0000000000000000,-0.0058971490885123,0.0000000000000000,14.5997374258802850,3.0000939894274512,2541.631385,-9.328466,-2532.3029192180484,-23707.5220412374474,1,5.8e-12
0.9987289271046400,0.0,0.0025948005504666,0.0000000000000000,-0.0058972071416397,0.0000000000000000,14.5980270069976878,3.0000939961579833,2530.679525,-9.322999,-2521.3565264109384,-23591.5227282759733,1,3.1e-11
0.9987291354070351,0.0,0.0025946932573100,0.0000000000000000,-0.0058972637927441,0.0000000000000000,14.5962823697192849,3.0000940030147598,2519.538327,-9.317190,-2510.2211370682226,-23473.0165655408055,1,5.9e-12
0.9987293471201135,0.0,0.0025945845000511,0.0000000000000000,-0.0058973189504035,0.0000000000000000,14.5945028291793708,3.0000940099999367,2508.205256,-9.311024,-2498.8942312999584,-23351.9604640309699,1,4.6e-11
0.9987295622920485,0.0,0.0025944742692740,0.0000000000000000,-0.0058973725208437,0.0000000000000000,14.5926876867886826,3.0000940171156989,2496.677593,-9.304486,-2487.3731072740834,-23228.3003873340786,1,1.1e-11
0.9987297809717141,0.0,0.0025943625557599,0.0000000000000000,-0.0058974244081355,0.0000000000000000,14.5908362299584713,3.0000940243642584,2484.952809,-9.297558,-2475.6552508619206,-23101.9938089773059,1,1.5e-11
0.9987300032087186,0.0,0.0025942493505144,0.0000000000000000,-0.0058974745141459,0.0000000000000000,14.5889477318189122,3.0000940317478499,2473.028203,-9.290225,-2463.7379779238331,-22972.9876784011722,1,1.8e-11
0.9987302290534409,0.0,0.0025941346447391,0.0000000000000000,-0.0058975227387532,0.0000000000000000,14.5870214509318377,3.0000940392687370,2460.901195,-9.282468,-2451.6187271009817,-22841.2364041851833,1,7.8e-12
0.9987304585571165,0.0,0.0025940184298133,0.0000000000000000,-0.0058975689799698,0.0000000000000000,14.5850566309975989,3.0000940469292074,2448.569101,-9.274269,-2439.2948322938587,-22706.6879298444837,1,1.3e-11
0.9987306917717282,0.0,0.0025939006973743,0.0000000000000000,-0.0058976131336527,0.0000000000000000,14.5830525005559331,3.0000940547315733,2436.029294,-9.265609,-2426.7636858409851,-22569.2935393028893,1,6.0e-11
0.9987309287502102,0.0,0.0025937814392036,0.0000000000000000,-0.0058976550942667,0.0000000000000000,14.5810082726804673,3.0000940626781700,2423.279218,-9.256469,-2414.0227489480180,-22429.0085809426382,1,2.0e-11
0.9987311695464661,0.0,0.0025936606472758,0.0000000000000000,-0.0058976947543084,0.0000000000000000,14.5789231446682859,3.0000940707713606,2410.316112,-9.246827,-2401.0692848524709,-22285.7757450756617,1,2.2e-11
0.9987314142153464,0.0,0.0025935383137457,0.0000000000000000,-0.0058977320050371,0.0000000000000000,14.5767962977207652,3.0000940790135266,2397.137453,-9.236663,-2387.9007891859364,-22139.5518720424734,1,1.7e-11
0.9987316628127348,0.0,0.0025934144309371,0.0000000000000000,-0.0058977667362790,0.0000000000000000,14.5746268966200692,3.0000940874070747,2383.740563,-9.225955,-2374.5146075490634,-21990.2840988850221,1,1.5e-11
0.9987319153956304,0.0,0.0025932889913185,0.0000000000000000,-0.0058977988367722,0.0000000000000000,14.5724140893980394,3.0000940959544318,2370.122836,-9.214680,-2360.9081563498262,-21837.9234995045699,1,2.0e-11
0.9987321720222831,0.0,0.0025931619874430,0.0000000000000000,-0.0058978281945807,0.0000000000000000,14.5701570069984179,3.0000941046580465,2356.281708,-9.202815,-2347.0788940933940,-21682.4231298184022,1,2.2e-11
0.9987324327520660,0.0,0.0025930334120376,0.0000000000000000,-0.0058978546967738,0.0000000000000000,14.5678547629321731,3.0000941135203867,2342.214575,-9.190334,-2333.0242413668784,-21523.7332941712812,1,3.2e-11
0.9987326976456798,0.0,0.0025929032579160,0.0000000000000000,-0.0058978782300239,0.0000000000000000,14.5655064529257530,3.0000941225439384,2327.918887,-9.177213,-2318.7416746814451,-21361.8070004605688,1,9.6e-12
0.9987329667653266,0.0,0.0025927715178824,0.0000000000000000,-0.0058978986811581,0.0000000000000000,14.5631111545622254,3.0000941317312066,2313.392070,-9.163425,-2304.2286443993894,-21196.5950065511279,1,1.3e-11
0.9987332401745388,0.0,0.0025926381848678,0.0000000000000000,-0.0058979159368970,0.0000000000000000,14.5606679269143875,3.0000941410847108,2298.631612,-9.148944,-2289.4826678701438,-21028.0515075116418,1,5.4e-12
0.9987333542537874,0.0,0.0025925827031836,0.0000000000000000,-0.0058979220992810,0.0000000000000000,14.5596456117537514,3.0000941449931871,2292.472481,-9.142760,-2283.3297216067958,-20957.5251950048842,1,4.3e-12
0.9987334704214236,0.0,0.0025925262973234,0.0000000000000000,-0.0058979277524085,0.0000000000000000,14.5586028459554591,3.0000941489766242,2286.200501,-9.136377,-2277.0641247304616,-20885.5887682358734,1,4.1e-12
0.9987335887131955,0.0,0.0025924689549728,0.0000000000000000,-0.0058979328679568,0.0000000000000000,14.5575392203093248,3.0000941530363843,2279.813837,-9.129787,-2270.6840492858455,-20812.2166916555725,1,4.9e-11
0.9987337091654177,0.0,0.0025924106637605,0.0000000000000000,-0.0058979374166620,0.0000000000000000,14.5564543174115553,3.0000941571738520,2273.310540,-9.122985,-2264.1875556423174,-20737.3772655455396,1,3.2e-11
0.9987338318150504,0.0,0.0025923514111904,0.0000000000000000,-0.0058979413686191,0.0000000000000000,14.5553477115004046,3.0000941613904333,2266.688802,-9.115962,-2257.5728406211151,-20661.0483402688988,1,5.8e-11
0.9987339566996859,0.0,0.0025922911846888,0.0000000000000000,-0.0058979446931053,0.0000000000000000,14.5542189682884651,3.0000941656875559,2259.946732,-9.108712,-2250.8380200500405,-20583.2035687169991,1,1.9e-11
0.9987340838574108,0.0,0.0025922299716807,0.0000000000000000,-0.0058979473581646,0.0000000000000000,14.5530676447916516,3.0000941700666708,2253.082321,-9.101225,-2243.9810950531651,-20503.8104271683842,1,4.0e-11
0.9987342133270198,0.0,0.0025921677594735,0.0000000000000000,-0.0058979493312153,0.0000000000000000,14.5518932891546999,3.0000941745292486,2246.093621,-9.093495,-2237.0001259853498,-20422.8409475143999,1,1.7e-11
0.9987343451479510,0.0,0.0025921045352959,0.0000000000000000,-0.0058979505788364,0.0000000000000000,14.5506954404731381,3.0000941790767821,2238.978665,-9.085512,-2229.8931537655581,-20340.2668695393950,1,2.9e-11
0.9987344793602980,0.0,0.0025920402863156,0.0000000000000000,-0.0058979510667357,0.0000000000000000,14.5494736286117057,3.0000941837107882,2231.735489,-9.077268,-2222.6582208576906,-20256.0609022211283,1,3.8e-11
0.9987346160047490,0.0,0.0025919749996749,0.0000000000000000,-0.0058979507595037,0.0000000000000000,14.5482273740190475,3.0000941884328043,2224.362079,-9.068755,-2215.2933246659481,-20170.1937906085514,1,4.7e-13
0.9987347551228047,0.0,0.0025919086623738,0.0000000000000000,-0.0058979496213104,0.0000000000000000,14.5469561875387257,3.0000941932443919,2216.856363,-9.059962,-2207.7964015066027,-20082.6333739855327,1,2.2e-12
0.9987348967565530,0.0,0.0025918412614125,0.0000000000000000,-0.0058979476151175,0.0000000000000000,14.5456595702163636,3.0000941981471327,2209.216303,-9.050880,-2200.1654239235349,-19993.3505685734563,1,1.0e-11
0.9987350409489137,0.0,0.0025917727836615,0.0000000000000000,-0.0058979447034078,0.0000000000000000,14.5443370131029148,3.0000942031426341,2201.439817,-9.041499,-2192.3983186143623,-19902.3142561917193,1,4.8e-11
0.9987351877434892,0.0,0.0025917032159436,0.0000000000000000,-0.0058979408477265,0.0000000000000000,14.5429879970539488,3.0000942082325217,2193.524885,-9.031809,-2184.4930762085660,-19809.4981548273936,1,4.4e-11
0.9987353371846276,0.0,0.0025916325450423,0.0000000000000000,-0.0058979360087498,0.0000000000000000,14.5416119925248797,3.0000942134184481,2185.469266,-9.021799,-2176.4474676752034,-19714.8630878110416,1,3.8e-11
0.9987354893175315,0.0,0.0025915607576089,0.0000000000000000,-0.0058979301466962,0.0000000000000000,14.5402084593620469,3.0000942187020843,2177.270969,-9.011458,-2168.2595107089401,-19618.3859847779386,1,1.0e-11
0.9987356441881766,0.0,0.0025914878402424,0.0000000000000000,-0.0058979232209739,0.0000000000000000,14.5387768465895491,3.0000942240851276,2168.927775,-9.000775,-2159.9269998312134,-19520.0306455348618,1,1.7e-11
0.9987358018433009,0.0,0.0025914137795053,0.0000000000000000,-0.0058979151902986,0.0000000000000000,14.5373165921914769,3.0000942295692945,2160.437551,-8.989738,-2151.4478129359763,-19419.7670248132199,1,1.5e-11
0.9987359623306854,0.0,0.0025913385617795,0.0000000000000000,-0.0058979060129346,0.0000000000000000,14.5358271228911651,3.0000942351563262,2151.798121,-8.978334,-2142.8197865969628,-19317.5627823229879,1,2.7e-11
0.9987361256988541,0.0,0.0025912621734301,0.0000000000000000,-0.0058978956465528,0.0000000000000000,14.5343078539232220,3.0000942408479863,2143.007295,-8.966551,-2134.0407436549258,-19213.3857991602272,1,3.9e-11
0.9987362919972489,0.0,0.0025911846007395,0.0000000000000000,-0.0058978840482375,0.0000000000000000,14.5327581888035535,3.0000942466460585,2134.062843,-8.954377,-2125.1084670090354,-19107.2020464711823,1,2.0e-11
0.9987364612763702,0.0,0.0025911058298124,0.0000000000000000,-0.0058978711750654,0.0000000000000000,14.5311775190934522,3.0000942525523486,2124.962603,-8.941796,-2116.0208066121963,-18998.9823317988776,1,2.7e-11
0.9987366335876066,0.0,0.0025910258467225,0.0000000000000000,-0.0058978569834606,0.0000000000000000,14.5295652241591284,3.0000942585686867,2115.704333,-8.928797,-2106.7755361714057,-18888.6933521609753,1,7.6e-12
0.9987368089833516,0.0,0.0025909446374250,0.0000000000000000,-0.0058978414296132,0.0000000000000000,14.5279206709263722,3.0000942646969215,2106.285766,-8.915363,-2097.3704040549910,-18776.3008137843572,1,3.2e-11
0.9987369875171407,0.0,0.0025908621877043,0.0000000000000000,-0.0058978244698829,0.0000000000000000,14.5262432136302131,3.0000942709389253,2096.704689,-8.901480,-2087.8032089862832,-18661.7742244284600,1,1.3e-11
0.9987371692435719,0.0,0.0025907784832314,0.0000000000000000,-0.0058978060605008,0.0000000000000000,14.5245321935594518,3.0000942772965895,2086.958821,-8.887133,-2078.0716886288910,-18545.0797839416191,1,6.6e-12
0.9987373542183748,0.0,0.0025906935095372,0.0000000000000000,-0.0058977861578052,0.0000000000000000,14.5227869387960240,3.0000942837718267,2077.045897,-8.872305,-2068.1735919897742,-18426.1849986054003,1,2.9e-11
0.9987375424984309,0.0,0.0025906072520191,0.0000000000000000,-0.0058977647182850,0.0000000000000000,14.5210067639490230,3.0000942903665697,2066.963607,-8.856980,-2058.1066274148257,-18305.0552568524145,1,2.1e-11
0.9987377341418562,0.0,0.0025905196958887,0.0000000000000000,-0.0058977416989996,0.0000000000000000,14.5191909698830290,3.0000942970827702,2056.709748,-8.841142,-2047.8686062725565,-18181.6630929310340,1,4.6e-11
0.9987379292081803,0.0,0.0025904308261124,0.0000000000000000,-0.0058977170576134,0.0000000000000000,14.5173388434420723,3.0000943039224017,2046.281950,-8.824771,-2037.4571781635527,-18055.9710702749435,1,4.4e-11
0.9987381277581296,0.0,0.0025903406275273,0.0000000000000000,-0.0058976907523946,0.0000000000000000,14.5154496571657532,3.0000943108874529,2035.677923,-8.807851,-2026.8700724480136,-17927.9473576541059,1,1.6e-11
0.9987383298538856,0.0,0.0025902490847010,0.0000000000000000,-0.0058976627426895,0.0000000000000000,14.5135226690015937,3.0000943179799333,2024.895450,-8.790362,-2016.1050879385816,-17797.5649927600753,1,5.6e-11
0.9987385355590928,0.0,0.0025901561819710,0.0000000000000000,-0.0058976329889601,0.0000000000000000,14.5115571220105348,3.0000943252018670,2013.932118,-8.772284,-2005.1598334036732,-17664.7851623464376,1,1.9e-11
0.9987387449389410,0.0,0.0025900619033748,0.0000000000000000,-0.0058976014531688,0.0000000000000000,14.5095522440665512,3.0000943325552978,2002.785731,-8.753599,-1994.0321323184482,-17529.5831926150713,1,2.6e-11
0.9987389580601589,0.0,0.0025899662327025,0.0000000000000000,-0.0058975680987024,0.0000000000000000,14.5075072475500484,3.0000943400422813,1991.453928,-8.734284,-1982.7196436802910,-17391.9241611342877,1,2.5e-11
0.9987391749912571,0.0,0.0025898691533381,0.0000000000000000,-0.0058975328912871,0.0000000000000000,14.5054213290350305,3.0000943476648918,1979.934433,-8.714318,-1971.2201140918669,-17251.7790847460274,1,4.0e-11
0.9987393958023726,0.0,0.0025897706483954,0.0000000000000000,-0.0058974957984094,0.0000000000000000,14.5032936689697092,3.0000943554252149,1968.224940,-8.693680,-1959.5312602887207,-17109.1172426685225,1,3.1e-11
0.9987396205656270,0.0,0.0025896707004957,0.0000000000000000,-0.0058974567906325,0.0000000000000000,14.5011234313507114,3.0000943633253496,1956.323186,-8.672345,-1947.6508403790658,-16963.9108554220293,1,5.9e-11
0.9987398493550137,0.0,0.0025895692918781,0.0000000000000000,-0.0058974158410101,0.0000000000000000,14.4989097633905946,3.0000943713674078,1944.226843,-8.650291,-1935.5765521050419,-16816.1282653252129,1,2.1e-11
0.9987400822465156,0.0,0.0025894664043103,0.0000000000000000,-0.0058973729262081,0.0000000000000000,14.4966517951772449,3.0000943795535080,1931.933684,-8.627493,-1923.3061906158489,-16665.7445527098607,1,8.5e-13
0.9987402881409764,0.0,0.0025893757266802,0.0000000000000000,-0.0058973340003981,0.0000000000000000,14.4946517951772442,3.0000943867900536,1921.082947,-8.607045,-1912.4759038833404,-16532.8442384251393,1,2.8e-10
0.9987404936791876,0.0,0.0025892854691956,0.0000000000000000,-0.0058972942587262,0.0000000000000000,14.4926517951772453,3.0000943940131153,1910.268025,-8.586362,-1901.6816635349651,-16400.2517088341992,1,3.9e-11
0.9987406988721618,0.0,0.0025891956237971,0.0000000000000000,-0.0058972537489153,0.0000000000000000,14.4906517951772447,3.0000944012226318,1899.488574,-8.565442,-1890.9231322750175,-16267.9590412641410,1,1.8e-12
0.9987409037298096,0.0,0.0025891061830261,0.0000000000000000,-0.0058972125139412,0.0000000000000000,14.4886517951772458,3.0000944084185583,1888.744547,-8.544287,-1880.2002594911205,-16135.9762966905255,1,6.8e-12
0.9987411082622492,0.0,0.0025890171393008,0.0000000000000000,-0.0058971705978967,0.0000000000000000,14.4866517951772451,3.0000944156008438,1878.035884,-8.522900,-1869.5129836307440,-16004.3130110099446,1,8.7e-11
0.9987413124795366,0.0,0.0025889284850990,0.0000000000000000,-0.0058971280447081,0.0000000000000000,14.4846517951772444,3.0000944227694366,1867.362393,-8.501280,-1858.8611133273141,-15872.9701379390899,1,8.5e-12
0.9987415163916707,0.0,0.0025888402129175,0.0000000000000000,-0.0058970848978006,0.0000000000000000,14.4826517951772455,3.0000944299242898,1856.724106,-8.479429,-1848.2446759621275,-15741.9626601552591,1,1.1e-10
0.9987417200086669,0.0,0.0025887523152738,0.0000000000000000,-0.0058970412011942,0.0000000000000000,14.4806517951772449,3.0000944370653486,1846.120792,-8.457349,-1837.6634426361402,-15611.2890532796737,1,6.0e-11
0.9987419233404023,0.0,0.0025886647847364,0.0000000000000000,-0.0058969969981652,0.0000000000000000,14.4786517951772442,3.0000944441925643,1835.552404,-8.435041,-1827.1173630153166,-15480.9592013957445,1,1.4e-11
0.9987421263968300,0.0,0.0025885776138317,0.0000000000000000,-0.0058969523323657,0.0000000000000000,14.4766517951772453,3.0000944513058845,1825.018872,-8.412505,-1816.6063659889396,-15350.9815555759706,1,5.8e-11
0.9987423291878631,0.0,0.0025884907951495,0.0000000000000000,-0.0058969072473603,0.0000000000000000,14.4746517951772447,3.0000944584052567,1814.520043,-8.389744,-1806.1302984171725,-15221.3592543504201,1,5.2e-11
0.9987425317232104,0.0,0.0025884043213643,0.0000000000000000,-0.0058968617859737,0.0000000000000000,14.4726517951772458,3.0000944654906303,1804.055831,-8.366758,-1795.6890722769172,-15092.0994075930212,1,5.5e-11
0.9987427340109738,0.0,0.0025883181856084,0.0000000000000000,-0.0058968159840744,0.0000000000000000,14.4706517951772451,3.0000944725619960,1793.628413,-8.343563,-1785.2847930664927,-14963.3529535054695,1,6.7e-09
0.9987429360661861,0.0,0.0025882323789391,0.0000000000000000,-0.0058967699077136,0.0000000000000000,14.4686517951772444,3.0000944796191713,1783.230898,-8.320118,-1774.9107775305301,-14834.6950267313514,1,2.4e-10
0.9987431378933078,0.0,0.0025881468956846,0.0000000000000000,-0.0058967235768892,0.0000000000000000,14.4666517951772455,3.0000944866622321,1772.869787,-8.296465,-1764.5733232721450,-14706.5507052026223,1,6.9e-11
0.9987433395039522,0.0,0.0025880617278382,0.0000000000000000,-0.0058966770427895,0.0000000000000000,14.4646517951772449,3.0000944936910869,1762.543091,-8.272593,-1754.2704951741923,-14578.8061418377329,1,2.5e-10
0.9987435409071513,0.0,0.0025879768685411,0.0000000000000000,-0.0058966303468086,0.0000000000000000,14.4626517951772442,3.0000945007056732,1752.250330,-8.248503,-1744.0018264725347,-14451.4434684668668,1,1.1e-10
0.9987437421136073,0.0,0.0025878923101221,0.0000000000000000,-0.0058965835337401,0.0000000000000000,14.4606517951772453,3.0000945077059460,1741.990838,-8.224190,-1733.7666669395924,-14324.4314346318133,1,2.0e-09
0.9987439431315144,0.0,0.0025878080455189,0.0000000000000000,-0.0058965366450049,0.0000000000000000,14.4586517951772446,3.0000945146918427,1731.766667,-8.199671,-1723.5669968544089,-14197.9154525352642,1,8.0e-11
0.9987441439715217,0.0,0.0025877240675042,0.0000000000000000,-0.0058964897237172,0.0000000000000000,14.4566517951772457,3.0000945216633181,1721.575596,-8.174932,-1713.4006641372032,-14071.7638975940645,1,3.7e-12
0.9987443446428929,0.0,0.0025876403688300,0.0000000000000000,-0.0058964428129319,0.0000000000000000,14.4546517951772451,3.0000945286203122,1711.418188,-8.149980,-1703.2682075316768,-13946.0254562392365,1,7.3e-11
0.9987445451550142,0.0,0.0025875569423787,0.0000000000000000,-0.0058963959548139,0.0000000000000000,14.4526517951772444,3.0000945355627708,1701.294354,-8.124816,-1693.1695366546510,-13820.7065175198950,1,2.1e-10
0.9987447455175599,0.0,0.0025874737809031,0.0000000000000000,-0.0058963491921810,0.0000000000000000,14.4506517951772455,3.0000945424906420,1691.203909,-8.099440,-1683.1044675941264,-13695.8069740151986,1,2.3e-10
0.9987449457399711,0.0,0.0025873908772352,0.0000000000000000,-0.0058963025684400,0.0000000000000000,14.4486517951772448,3.0000945494038604,1681.146736,-8.073853,-1673.0728827440212,-13571.3316096586641,1,3.2e-12
0.9987451458316079,0.0,0.0025873082242023,0.0000000000000000,-0.0058962561254022,0.0000000000000000,14.4466517951772442,3.0000945563023795,1671.123099,-8.048059,-1663.0750330369110,-13447.3093468458392,1,7.0e-10
0.9987453458016344,0.0,0.0025872258150325,0.0000000000000000,-0.0058962099040517,0.0000000000000000,14.4446517951772453,3.0000945631861402,1661.132100,-8.022055,-1653.1100450683502,-13323.6933465867769,1,1.9e-11
0.9987455456598769,0.0,0.0025871436421294,0.0000000000000000,-0.0058961639495642,0.0000000000000000,14.4426517951772446,3.0000945700550830,1651.174413,-7.995846,-1643.1785648283712,-13200.5397399237845,1,2.0e-10
0.9987457454156434,0.0,0.0025870616985837,0.0000000000000000,-0.0058961183030991,0.0000000000000000,14.4406517951772457,3.0000945769091558,1641.249407,-7.969430,-1633.2799791805378,-13077.8187786277849,1,2.5e-10
0.9987459450778223,0.0,0.0025869799774177,0.0000000000000000,-0.0058960730065487,0.0000000000000000,14.4386517951772451,3.0000945837482975,1631.357442,-7.942812,-1623.4146295876001,-12955.5659940673504,1,4.8e-11
0.9987461446563717,0.0,0.0025868984713076,0.0000000000000000,-0.0058960281039831,0.0000000000000000,14.4366517951772444,3.0000945905724490,1621.498023,-7.915990,-1613.5820340521432,-12833.7605183355045,1,7.4e-11
0.9987463441601148,0.0,0.0025868171733988,0.0000000000000000,-0.0058959836361984,0.0000000000000000,14.4346517951772455,3.0000945973815552,1611.671237,-7.888966,-1603.7822710214120,-12712.4195988746360,1,1.7e-11
0.9987465435981966,0.0,0.0025867360766482,0.0000000000000000,-0.0058959396448113,0.0000000000000000,14.4326517951772448,3.0000946041755658,1601.877235,-7.861743,-1594.0154811496218,-12591.5646193814464,1,1.2e-09
0.9987467429806494,0.0,0.0025866551738011,0.0000000000000000,-0.0058958961756629,0.0000000000000000,14.4306517951772442,3.0000946109543984,1592.115032,-7.834318,-1584.2807098797321,-12471.1426063454710,1,5.3e-10
0.9987469423165807,0.0,0.0025865744577473,0.0000000000000000,-0.0058958532700059,0.0000000000000000,14.4286517951772453,3.0000946177180094,1582.385097,-7.806694,-1574.5784033800549,-12351.1954071032815,1,1.5e-11
0.9987471416147299,0.0,0.0025864939216855,0.0000000000000000,-0.0058958109687575,0.0000000000000000,14.4266517951772446,3.0000946244663402,1572.687455,-7.778873,-1564.9085820391088,-12231.7363127658609,1,2.7e-11
0.9987473408839068,0.0,0.0025864135586981,0.0000000000000000,-0.0058957693129948,0.0000000000000000,14.4246517951772457,3.0000946311993353,1563.022351,-7.750861,-1555.2714747048808,-12112.7927844077349,1,1.7e-09
0.9987475401351158,0.0,0.0025863333612398,0.0000000000000000,-0.0058957283512514,0.0000000000000000,14.4226517951772450,3.0000946379169098,1553.388117,-7.722646,-1545.6654720503411,-11994.2656395221129,1,2.4e-11
0.9987477393759772,0.0,0.0025862533226902,0.0000000000000000,-0.0058956881206134,0.0000000000000000,14.4206517951772444,3.0000946446190278,1543.786199,-7.694240,-1536.0919591496929,-11876.2618409157731,1,1.7e-11
0.9987479386159754,0.0,0.0025861734360318,0.0000000000000000,-0.0058956486646207,0.0000000000000000,14.4186517951772455,3.0000946513056181,1534.215966,-7.665642,-1526.5503241933359,-11758.7507440873887,1,4.2e-12
0.9987481378644052,0.0,0.0025860936940779,0.0000000000000000,-0.0058956100262232,0.0000000000000000,14.4166517951772448,3.0000946579766250,1524.677620,-7.636855,-1517.0407548917860,-11641.7569292529952,1,1.1e-09
0.9987483371306762,0.0,0.0025860140899200,0.0000000000000000,-0.0058955722485047,0.0000000000000000,14.4146517951772442,3.0000946646319782,1515.170336,-7.607874,-1507.5624547532520,-11525.2362770133186,1,8.6e-10
0.9987485364226778,0.0,0.0025859346166387,0.0000000000000000,-0.0058955353722941,0.0000000000000000,14.4126517951772453,3.0000946712716146,1505.695670,-7.578713,-1498.1169101817027,-11409.3048073344398,1,4.8e-09
0.9987487357525739,0.0,0.0025858552669599,0.0000000000000000,-0.0058954994451027,0.0000000000000000,14.4106517951772446,3.0000946778954654,1496.249674,-7.549344,-1488.7003274432686,-11293.7069711494260,1,1.7e-10
0.9987489351266234,0.0,0.0025857760341017,0.0000000000000000,-0.0058954645038941,0.0000000000000000,14.4086517951772457,3.0000946845034866,1486.836123,-7.519798,-1479.3163241093735,-11178.7081633098423,1,1.6e-11
0.9987491345550650,0.0,0.0025856969108854,0.0000000000000000,-0.0058954305947817,0.0000000000000000,14.4066517951772450,3.0000946910955970,1477.453569,-7.490066,-1469.9635047022196,-11064.2219109279104,1,2.6e-10
0.9987493340466522,0.0,0.0025856178905402,0.0000000000000000,-0.0058953977584245,0.0000000000000000,14.4046517951772444,3.0000946976717415,1468.101878,-7.460149,-1460.6417350381848,-10950.2497898098081,1,6.2e-10
0.9987495336105363,0.0,0.0025855389658690,0.0000000000000000,-0.0058953660376353,0.0000000000000000,14.4026517951772455,3.0000947042318642,1458.781474,-7.430051,-1451.3514154695986,-10836.8312141129281,1,8.4e-10
0.9987497332563504,0.0,0.0025854601299136,0.0000000000000000,-0.0058953354789321,0.0000000000000000,14.4006517951772448,3.0000947107758611,1449.491097,-7.399765,-1442.0913333267572,-10723.8920394012239,1,1.6e-10
0.9987499329977125,0.0,0.0025853813739891,0.0000000000000000,-0.0058953061355372,0.0000000000000000,14.3986517951772441,3.0000947173036803,1440.228920,-7.369280,-1432.8597329483237,-10611.3168194321916,1,9.5e-09
0.9987501328290214,0.0,0.0025853026960972,0.0000000000000000,-0.0058952780101246,0.0000000000000000,14.3966517951772452,3.0000947238153115,1431.002470,-7.338654,-1423.6638160378384,-10499.6315255881054,1,4.3e-11
0.9987503327742338,0.0,0.0025852240841924,0.0000000000000000,-0.0058952511873692,0.0000000000000000,14.3946517951772446,3.0000947303106198,1421.803747,-7.307829,-1414.4959176722816,-10388.2995501254918,1,1.1e-10
0.9987505328374374,0.0,0.0025851455330234,0.0000000000000000,-0.0058952256961763,0.0000000000000000,14.3926517951772457,3.0000947367895598,1412.635102,-7.276823,-1405.3582810957519,-10277.4919969880721,1,2.7e-10
0.9987507330280898,0.0,0.0025850670352161,0.0000000000000000,-0.0058952015819325,0.0000000000000000,14.3906517951772450,3.0000947432520584,1403.496814,-7.245642,-1396.2511694590557,-10167.2389610438840,1,1.7e-10
0.9987509333547950,0.0,0.0025849885842260,0.0000000000000000,-0.0058951788844404,0.0000000000000000,14.3886517951772444,3.0000947496980608,1394.388324,-7.214283,-1387.1740410474220,-10057.5118980137631,1,3.1e-11
0.9987511338270345,0.0,0.0025849101726694,0.0000000000000000,-0.0058951576500966,0.0000000000000000,14.3866517951772455,3.0000947561274831,1385.309789,-7.182749,-1378.1270402310295,-9948.3323915394722,1,5.0e-11
0.9987513344532488,0.0,0.0025848317938087,0.0000000000000000,-0.0058951379197264,0.0000000000000000,14.3846517951772448,3.0000947625402636,1376.261236,-7.151042,-1369.1101862995833,-9839.7126978054876,1,7.3e-10
0.9987515352439479,0.0,0.0025847534400492,0.0000000000000000,-0.0058951197409529,0.0000000000000000,14.3826517951772441,3.0000947689363300,1367.242087,-7.119160,-1360.1229211611860,-9731.6228591648396,1,5.5e-10
0.9987517362081226,0.0,0.0025846751046195,0.0000000000000000,-0.0058951031578923,0.0000000000000000,14.3806517951772452,3.0000947753155902,1358.251645,-7.087099,-1351.1645748198328,-9624.0247444804991,1,3.0e-09
0.9987519373519640,0.0,0.0025845967810237,0.0000000000000000,-0.0058950882042251,0.0000000000000000,14.3786517951772446,3.0000947816780292,1349.292281,-7.054879,-1342.2374015787209,-9517.0937109418446,1,2.6e-11
0.9987521386879842,0.0,0.0025845184613503,0.0000000000000000,-0.0058950749353470,0.0000000000000000,14.3766517951772457,3.0000947880235209,1340.361456,-7.022483,-1333.3389752902458,-9410.6631345906062,1,1.8e-10
0.9987523402241324,0.0,0.0025844401387849,0.0000000000000000,-0.0058950633914377,0.0000000000000000,14.3746517951772450,3.0000947943520120,1331.459922,-6.989918,-1324.4700043710532,-9304.7955005115364,1,4.1e-11
0.9987525419696064,0.0,0.0025843618062516,0.0000000000000000,-0.0058950536166516,0.0000000000000000,14.3726517951772443,3.0000948006634274,1322.587456,-6.957185,-1315.6302709974457,-9199.4852479373803,1,1.3e-11
0.9987527439335533,0.0,0.0025842834566281,0.0000000000000000,-0.0058950456554186,0.0000000000000000,14.3706517951772454,3.0000948069576934,1313.743966,-6.924284,-1306.8196822993054,-9094.7361413490726,1,3.1e-11
0.9987529461251288,0.0,0.0025842050827827,0.0000000000000000,-0.0058950395521116,0.0000000000000000,14.3686517951772448,3.0000948132347358,1304.929358,-6.891217,-1298.0381406814270,-8990.5514746868284,1,1.2e-11
0.9987531485535258,0.0,0.0025841266775677,0.0000000000000000,-0.0058950353514124,0.0000000000000000,14.3666517951772441,3.0000948194944788,1296.143508,-6.857985,-1289.2855228123053,-8886.9325735743623,1,5.9e-12
0.9987533512279144,0.0,0.0025840482338284,0.0000000000000000,-0.0058950330979194,0.0000000000000000,14.3646517951772452,3.0000948257368480,1287.386329,-6.824589,-1280.5617392500958,-8783.8832633194979,1,9.5e-11
0.9987535541575221,0.0,0.0025839697444058,0.0000000000000000,-0.0058950328367259,0.0000000000000000,14.3626517951772446,3.0000948319617642,1278.657635,-6.791028,-1271.8666067363079,-8681.4002301454311,1,1.5e-11
0.9987537573511399,0.0,0.0025838912022182,0.0000000000000000,-0.0058950346113158,0.0000000000000000,14.3606517951772457,3.0000948381691575,1269.957574,-6.757308,-1263.2002583531118,-8579.5040126892272,1,7.8e-10
0.9987539608190864,0.0,0.0025838125997091,0.0000000000000000,-0.0058950384706892,0.0000000000000000,14.3586517951772450,3.0000948443589359,1261.285556,-6.723423,-1254.5621279293573,-8478.1622545171995,1,4.1e-10
0.9987541645696927,0.0,0.0025837339300199,0.0000000000000000,-0.0058950444567488,0.0000000000000000,14.3566517951772443,3.0000948505310325,1252.641730,-6.689379,-1245.9523512378805,-8377.3954551601782,1,4.3e-11
0.9987543686121046,0.0,0.0025836551858718,0.0000000000000000,-0.0058950526147645,0.0000000000000000,14.3546517951772454,3.0000948566853713,1244.026183,-6.655176,-1237.3710016685268,-8277.2196045839228,1,5.4e-10
0.9987545729563133,0.0,0.0025835763597624,0.0000000000000000,-0.0058950629935487,0.0000000000000000,14.3526517951772448,3.0000948628218556,1235.438483,-6.620814,-1228.8176644755290,-8177.6136510091601,1,4.0e-10
0.9987547776110678,0.0,0.0025834974447130,0.0000000000000000,-0.0058950756357353,0.0000000000000000,14.3506517951772441,3.0000948689404217,1226.878587,-6.586294,-1220.2922923261804,-8078.5838694167323,1,1.1e-10
0.9987549825857389,0.0,0.0025834184333233,0.0000000000000000,-0.0058950905883601,0.0000000000000000,14.3486517951772452,3.0000948750409826,1218.346470,-6.551617,-1211.7948538743492,-7980.1383016916225,1,6.7e-11
0.9987551878897248,0.0,0.0025833393182197,0.0000000000000000,-0.0058951078980173,0.0000000000000000,14.3466517951772445,3.0000948811234536,1209.842043,-6.516785,-1203.3252584586598,-7882.2802599295974,1,2.2e-11
0.9987553935324227,0.0,0.0025832600920902,0.0000000000000000,-0.0058951276107902,0.0000000000000000,14.3446517951772456,3.0000948871877555,1201.365124,-6.481798,-1194.8833260236063,-7785.0060678644804,1,2.7e-11
0.9987555995231133,0.0,0.0025831807476062,0.0000000000000000,-0.0058951497731130,0.0000000000000000,14.3426517951772450,3.0000948932338032,1192.915624,-6.446658,-1186.4689660185497,-7688.3188202553429,1,3.4e-12
0.9987558058713430,0.0,0.0025831012773240,0.0000000000000000,-0.0058951744321146,0.0000000000000000,14.3406517951772443,3.0000948992615117,1184.493383,-6.411364,-1178.0820208254966,-7592.2164389297832,1,1.3e-10
0.9987560125861973,0.0,0.0025830216739613,0.0000000000000000,-0.0058952016339934,0.0000000000000000,14.3386517951772454,3.0000949052707968,1176.098376,-6.375918,-1169.7224583706081,-7496.7066747534554,1,5.8e-11
0.9987562196772831,0.0,0.0025829419299744,0.0000000000000000,-0.0058952314262756,0.0000000000000000,14.3366517951772448,3.0000949112615740,1167.730515,-6.340322,-1161.3901881627478,-7401.7925352624152,1,3.6e-10
0.9987564271542496,0.0,0.0025828620379780,0.0000000000000000,-0.0058952638565543,0.0000000000000000,14.3346517951772441,3.0000949172337537,1159.389442,-6.304575,-1153.0848678620839,-7307.4571046297206,1,1.5e-11
0.9987566350248549,0.0,0.0025827819907709,0.0000000000000000,-0.0058952989658695,0.0000000000000000,14.3326517951772452,3.0000949231872900,1151.076094,-6.268686,-1144.8073684192277,-7213.7799736830639,1,4.1e-09
0.9987568433031011,0.0,0.0025827017798798,0.0000000000000000,-0.0058953368205543,0.0000000000000000,14.3306517951772445,3.0000949291219774,1142.787930,-6.232634,-1136.5552950549773,-7120.5802158319857,1,1.8e-10
0.9987570519941436,0.0,0.0025826213987791,0.0000000000000000,-0.0058953774505115,0.0000000000000000,14.3286517951772456,3.0000949350378385,1134.527107,-6.196440,-1128.3306675868459,-7028.0290382461390,1,5.2e-11
0.9987572611090105,0.0,0.0025825408395227,0.0000000000000000,-0.0058954209097116,0.0000000000000000,14.3266517951772450,3.0000949409347513,1126.292846,-6.160101,-1120.1327455506812,-6936.0774163438473,1,2.9e-11
0.9987574706572293,0.0,0.0025824600945793,0.0000000000000000,-0.0058954672465855,0.0000000000000000,14.3246517951772443,3.0000949468126210,1118.084965,-6.123616,-1111.9613509108458,-6844.7211746006506,1,1.0e-10
0.9987576806484925,0.0,0.0025823791562624,0.0000000000000000,-0.0058955165102029,0.0000000000000000,14.3226517951772454,3.0000949526713572,1109.903414,-6.086985,-1103.8164287272944,-6753.9659251637058,1,1.1e-11
0.9987578910924333,0.0,0.0025822980169662,0.0000000000000000,-0.0058955687491932,0.0000000000000000,14.3206517951772447,3.0000949585108674,1101.748025,-6.050211,-1095.6978136612770,-6663.8082474829862,1,4.8e-11
0.9987581019987445,0.0,0.0025822166690030,0.0000000000000000,-0.0058956240128846,0.0000000000000000,14.3186517951772441,3.0000949643310566,1093.618673,-6.013292,-1087.6053811452900,-6574.2479988607811,1,6.1e-11
0.9987583133770527,0.0,0.0025821351046162,0.0000000000000000,-0.0058956823508490,0.0000000000000000,14.3166517951772452,3.0000949701318302,1085.515391,-5.976232,-1079.5391540283938,-6485.2972052281257,1,3.8e-10
0.9987585252367798,0.0,0.0025820533163014,0.0000000000000000,-0.0058957438121937,0.0000000000000000,14.3146517951772445,3.0000949759130844,1077.437917,-5.939030,-1071.4988783378349,-6396.9449716119561,1,5.4e-10
0.9987587375892270,0.0,0.0025819712956820,0.0000000000000000,-0.0058958084480300,0.0000000000000000,14.3126517951772456,3.0000949816747555,1069.386002,-5.901686,-1063.4843156414204,-6309.1813045516610,1,1.2e-10
0.9987589504426768,0.0,0.0025818890354458,0.0000000000000000,-0.0058958763081561,0.0000000000000000,14.3106517951772449,3.0000949874167095,1061.359805,-5.864202,-1055.4956038538280,-6222.0279076544102,1,1.2e-11
0.9987591638074536,0.0,0.0025818065275861,0.0000000000000000,-0.0058959474430263,0.0000000000000000,14.3086517951772443,3.0000949931388612,1053.359136,-5.826578,-1047.5325574753419,-6135.4792908040108,1,1.6e-11
0.9987593776933241,0.0,0.0025817237642802,0.0000000000000000,-0.0058960219029363,0.0000000000000000,14.3066517951772436,3.0000949988411127,1045.383884,-5.788816,-1039.5950666501067,-6049.5362766757607,1,8.2e-11
0.9987595921105505,0.0,0.0025816407374543,0.0000000000000000,-0.0058960997403850,0.0000000000000000,14.3046517951772447,3.0000950045233585,1037.433908,-5.750917,-1031.6829902773554,-5964.1969127727207,1,6.0e-11
0.9987598070687888,0.0,0.0025815574393062,0.0000000000000000,-0.0058961810050892,0.0000000000000000,14.3026517951772441,3.0000950101855048,1029.509104,-5.712880,-1023.7962233891403,-5879.4624552433379,1,7.4e-11
0.9987600225783586,0.0,0.0025814738616695,0.0000000000000000,-0.0058962657502296,0.0000000000000000,14.3006517951772452,3.0000950158274442,1021.609362,-5.674706,-1015.9346558271350,-5795.3333280776278,1,3.7e-11
0.9987602386489032,0.0,0.0025813899963690,0.0000000000000000,-0.0058963540288327,0.0000000000000000,14.2986517951772445,3.0000950214490607,1013.734909,-5.636401,-1008.0984872407165,-5711.8372022187104,1,1.6e-09
0.9987604552914393,0.0,0.0025813058358667,0.0000000000000000,-0.0058964458889010,0.0000000000000000,14.2966517951772438,3.0000950270502869,1005.884623,-5.597953,-1000.2866717825667,-5628.8931264930288,1,1.4e-10
0.9987606725151897,0.0,0.0025812213714524,0.0000000000000000,-0.0058965413874939,0.0000000000000000,14.2946517951772449,3.0000950326309814,998.059451,-5.559375,-992.5000756783967,-5546.5866667922237,1,9.7e-12
0.9987608903307836,0.0,0.0025811365951160,0.0000000000000000,-0.0058966405763871,0.0000000000000000,14.2926517951772443,3.0000950381910489,990.258885,-5.520663,-984.7382217123605,-5464.8862725124345,1,2.1e-11
0.9987611087468262,0.0,0.0025810514991289,0.0000000000000000,-0.0058967435042360,0.0000000000000000,14.2906517951772436,3.0000950437303944,982.483176,-5.481823,-977.0013296170474,-5383.8219614939298,1,2.2e-09
0.9987613277783179,0.0,0.0025809660738302,0.0000000000000000,-0.0058968502382333,0.0000000000000000,14.2886517951772447,3.0000950492488712,974.731174,-5.442842,-969.2883313200189,-5303.3080208314932,1,1.1e-11
0.9987615474309540,0.0,0.0025808803122455,0.0000000000000000,-0.0058969608192307,0.0000000000000000,14.2866517951772440,3.0000950547464056,967.003830,-5.403735,-961.6000944500822,-5223.4325999486027,1,5.4e-11
0.9987617677167699,0.0,0.0025807942055351,0.0000000000000000,-0.0058970753063212,0.0000000000000000,14.2846517951772451,3.0000950602228729,959.300669,-5.364496,-953.9361718496374,-5144.1657914959942,1,9.7e-11
0.9987619886460757,0.0,0.0025807077453776,0.0000000000000000,-0.0058971937534880,0.0000000000000000,14.2826517951772445,3.0000950656781638,951.621563,-5.325127,-946.2964355021971,-5065.5061287948047,1,4.7e-11
0.9987622102295534,0.0,0.0025806209232023,0.0000000000000000,-0.0058973162168950,0.0000000000000000,14.2806517951772438,3.0000950711121606,943.966419,-5.285628,-938.6807911665235,-4987.4552444012952,1,5.5e-11
0.9987624324776967,0.0,0.0025805337304979,0.0000000000000000,-0.0058974427516842,0.0000000000000000,14.2786517951772449,3.0000950765247500,936.335161,-5.246001,-931.0891591430225,-4910.0161248145159,1,5.0e-11
0.9987626554010927,0.0,0.0025804461587640,0.0000000000000000,-0.0058975734137530,0.0000000000000000,14.2766517951772443,3.0000950819158141,928.727627,-5.206246,-923.5213814237056,-4833.1844498938881,1,8.3e-12
0.9987628790105304,0.0,0.0025803581992932,0.0000000000000000,-0.0058977082597025,0.0000000000000000,14.2746517951772436,3.0000950872852368,921.143735,-5.166363,-915.9773722458992,-4756.9625755056040,1,2.8e-11
0.9987631033167477,0.0,0.0025802698434235,0.0000000000000000,-0.0058978473462123,0.0000000000000000,14.2726517951772447,3.0000950926328982,913.583368,-5.126353,-908.4570159170216,-4681.3499885968049,1,5.1e-11
0.9987633283304636,0.0,0.0025801810824409,0.0000000000000000,-0.0058979907305435,0.0000000000000000,14.2706517951772440,3.0000950979586753,906.046433,-5.086217,-900.9602172228551,-4606.3480452309013,1,2.6e-11
0.9987635540626929,0.0,0.0025800919075045,0.0000000000000000,-0.0058981384703825,0.0000000000000000,14.2686517951772451,3.0000951032624497,898.532808,-5.045954,-893.4868531246386,-4531.9555734547321,1,8.0e-12
0.9987637805242755,0.0,0.0025800023098423,0.0000000000000000,-0.0058982906234886,0.0000000000000000,14.2666517951772445,3.0000951085440963,891.042348,-5.005566,-886.0367842525143,-4458.1695333247771,1,2.0e-10
0.9987640077262321,0.0,0.0025799122804010,0.0000000000000000,-0.0058984472487595,0.0000000000000000,14.2646517951772438,3.0000951138034919,883.575052,-4.965055,-878.6099962225594,-4384.9992060708464,1,8.5e-11
0.9987642356797010,0.0,0.0025798218103211,0.0000000000000000,-0.0058986084049890,0.0000000000000000,14.2626517951772449,3.0000951190405085,876.130684,-4.924418,-871.2062660682068,-4312.4333145657438,1,2.6e-11
0.9987644643955508,0.0,0.0025797308905269,0.0000000000000000,-0.0058987741514760,0.0000000000000000,14.2606517951772442,3.0000951242550169,868.709282,-4.883658,-863.8256175306275,-4240.4848589823232,1,4.6e-10
0.9987646938850112,0.0,0.0025796395124538,0.0000000000000000,-0.0058989445443775,0.0000000000000000,14.2586517951772436,3.0000951294469083,861.310335,-4.842772,-856.4675772584171,-4169.1177916920278,1,9.1e-10
0.9987649241605870,0.0,0.0025795476653210,0.0000000000000000,-0.0058991196554970,0.0000000000000000,14.2566517951772447,3.0000951346160076,853.934451,-4.801768,-849.1326821850978,-4098.3955070380471,1,3.8e-11
0.9987651552318981,0.0,0.0025794553414778,0.0000000000000000,-0.0058992995340039,0.0000000000000000,14.2546517951772440,3.0000951397622231,846.581014,-4.760641,-841.8203671681312,-4028.2732476971578,1,5.5e-10
0.9987653871110118,0.0,0.0025793625309632,0.0000000000000000,-0.0058994842447400,0.0000000000000000,14.2526517951772451,3.0000951448854196,839.250134,-4.719393,-834.5307175732423,-3958.7706255068188,1,2.1e-09
0.9987656198102011,0.0,0.0025792692249085,0.0000000000000000,-0.0058996738522033,0.0000000000000000,14.2506517951772445,3.0000951499854165,831.941162,-4.678018,-827.2631439115992,-3889.8358300024411,1,5.3e-12
0.9987658533395924,0.0,0.0025791754133680,0.0000000000000000,-0.0058998684146094,0.0000000000000000,14.2486517951772438,3.0000951550621302,824.654754,-4.636527,-820.0182180455453,-3821.5411724193837,1,7.5e-10
0.9987660877125033,0.0,0.0025790810868564,0.0000000000000000,-0.0059000679988102,0.0000000000000000,14.2466517951772449,3.0000951601153960,817.390282,-4.594913,-812.7953692897642,-3753.8369253110723,1,1.1e-11
0.9987663229375703,0.0,0.0025789862364924,0.0000000000000000,-0.0059002726602045,0.0000000000000000,14.2446517951772442,3.0000951651450940,810.148130,-4.553183,-805.5949248553338,-3686.7701301902998,1,1.9e-09
0.9987665590326613,0.0,0.0025788908509157,0.0000000000000000,-0.0059004824794531,0.0000000000000000,14.2426517951772436,3.0000951701510430,802.927453,-4.511327,-798.4161259018820,-3620.2686820470844,1,2.3e-11
0.9987667960039854,0.0,0.0025787949220478,0.0000000000000000,-0.0059006975053385,0.0000000000000000,14.2406517951772447,3.0000951751331337,795.728806,-4.469356,-791.2594485136606,-3554.3967393435887,1,1.5e-10
0.9987670338658132,0.0,0.0025786984394275,0.0000000000000000,-0.0059009178087813,0.0000000000000000,14.2386517951772440,3.0000951800912103,788.551808,-4.427264,-784.1245433622322,-3489.1274008564651,1,3.4e-11
0.9987672726290437,0.0,0.0025786013937498,0.0000000000000000,-0.0059011434503683,0.0000000000000000,14.2366517951772451,3.0000951850251432,781.396343,-4.385054,-777.0112958890801,-3424.4601933009108,1,2.7e-10
0.9987675123082147,0.0,0.0025785037735995,0.0000000000000000,-0.0059013745087351,0.0000000000000000,14.2346517951772444,3.0000951899347337,774.262488,-4.342727,-769.9197613276376,-3360.4103663943242,1,1.1e-11
0.9987677529133092,0.0,0.0025784055703295,0.0000000000000000,-0.0059016110384017,0.0000000000000000,14.2326517951772438,3.0000951948198815,767.149942,-4.300281,-762.8496599026004,-3296.9609560879180,1,1.5e-10
0.9987679944580470,0.0,0.0025783067730873,0.0000000000000000,-0.0059018531134624,0.0000000000000000,14.2306517951772449,3.0000951996804051,760.058647,-4.257717,-755.8009297552848,-3234.1149540686747,1,2.0e-11
0.9987682369542348,0.0,0.0025782073719255,0.0000000000000000,-0.0059021007990399,0.0000000000000000,14.2286517951772442,3.0000952045161626,752.988505,-4.215036,-748.7734691768615,-3171.8732632523170,1,2.1e-11
0.9987684804146875,0.0,0.0025781073564015,0.0000000000000000,-0.0059023541649491,0.0000000000000000,14.2266517951772435,3.0000952093269939,745.939417,-4.172237,-741.7671800619269,-3110.2360248104087,1,8.2e-12
0.9987687248521562,0.0,0.0025780067160623,0.0000000000000000,-0.0059026132808799,0.0000000000000000,14.2246517951772447,3.0000952141127386,738.911273,-4.129322,-734.7819509886633,-3049.2023621580447,1,1.7e-11
0.9987689702792727,0.0,0.0025779054404839,0.0000000000000000,-0.0059028782164528,0.0000000000000000,14.2226517951772440,3.0000952188732355,731.903960,-4.086289,-727.8176713298385,-2988.7712106436957,1,1.5e-11
0.9987692167090861,0.0,0.0025778035189848,0.0000000000000000,-0.0059031490428504,0.0000000000000000,14.2206517951772451,3.0000952236083220,724.917374,-4.043140,-720.8742347433224,-2928.9419926266710,1,2.2e-11
0.9987694641545314,0.0,0.0025777009408924,0.0000000000000000,-0.0059034258313444,0.0000000000000000,14.2186517951772444,3.0000952283178330,717.951415,-3.999874,-713.9515414870822,-2869.7150130523660,1,2.9e-12
0.9987697126285885,0.0,0.0025775976954527,0.0000000000000000,-0.0059037086536978,0.0000000000000000,14.2166517951772438,3.0000952330016015,711.005977,-3.956492,-707.0494849765150,-2811.0897372663894,1,9.1e-11
0.9987699621450021,0.0,0.0025774937715565,0.0000000000000000,-0.0059039975844503,0.0000000000000000,14.2146517951772449,3.0000952376594556,704.080947,-3.912993,-700.1679531598085,-2753.0645551497582,1,9.9e-11
0.9987702127166003,0.0,0.0025773891584483,0.0000000000000000,-0.0059042926955773,0.0000000000000000,14.2126517951772442,3.0000952422912235,697.176213,-3.869378,-693.3068349988538,-2695.6382585541869,1,6.5e-12
0.9987704643577449,0.0,0.0025772838444402,0.0000000000000000,-0.0059045940660829,0.0000000000000000,14.2106517951772435,3.0000952468967159,690.291751,-3.825647,-686.4660954474533,-2638.8181523601233,1,2.8e-10
0.9987707170798458,0.0,0.0025771778197194,0.0000000000000000,-0.0059049017588836,0.0000000000000000,14.2086517951772446,3.0000952514758068,683.427249,-3.781799,-679.6454502371322,-2582.5846208399744,1,2.4e-12
0.9987709708987271,0.0,0.0025770710716030,0.0000000000000000,-0.0059052158619868,0.0000000000000000,14.2066517951772440,3.0000952560282648,676.582803,-3.737836,-672.8449675457570,-2526.9552905391029,1,1.0e-11
0.9987712258276560,0.0,0.0025769635890018,0.0000000000000000,-0.0059055364486257,0.0000000000000000,14.2046517951772451,3.0000952605539268,669.758251,-3.693756,-666.0644932221539,-2471.9247863516794,1,1.7e-10
0.9987714818795450,0.0,0.0025768553608615,0.0000000000000000,-0.0059058635926047,0.0000000000000000,14.2026517951772444,3.0000952650526163,662.953480,-3.649560,-659.3039144283202,-2417.4922395937319,1,6.3e-10
0.9987717390713735,0.0,0.0025767463744348,0.0000000000000000,-0.0059061973820520,0.0000000000000000,14.2006517951772437,3.0000952695241190,656.168338,-3.605247,-652.5630915515408,-2363.6487482431112,1,1.6e-11
0.9987719974146372,0.0,0.0025766366188490,0.0000000000000000,-0.0059065378872335,0.0000000000000000,14.1986517951772448,3.0000952739682729,649.402797,-3.560818,-645.8419790951895,-2310.4053865986352,1,1.1e-11
0.9987722569244967,0.0,0.0025765260819866,0.0000000000000000,-0.0059068851905824,0.0000000000000000,14.1966517951772442,3.0000952783848791,642.656714,-3.516273,-639.1404415341327,-2257.7562726455799,1,6.0e-12
0.9987725176155129,0.0,0.0025764147517811,0.0000000000000000,-0.0059072393733660,0.0000000000000000,14.1946517951772435,3.0000952827737426,635.929988,-3.471610,-632.4583781796201,-2205.7010119474435,1,1.3e-12
0.9987727795024546,0.0,0.0025763026160437,0.0000000000000000,-0.0059076005177458,0.0000000000000000,14.1926517951772446,3.0000952871346653,629.222512,-3.426831,-625.7956818016454,-2154.2386486574542,1,3.4e-11
0.9987730425998576,0.0,0.0025761896625881,0.0000000000000000,-0.0059079687058627,0.0000000000000000,14.1906517951772440,3.0000952914674466,622.534191,-3.381934,-619.1522568640829,-2103.3694673301070,1,9.9e-12
0.9987733069229114,0.0,0.0025760758788990,0.0000000000000000,-0.0059083440220140,0.0000000000000000,14.1886517951772451,3.0000952957718838,615.864911,-3.336920,-612.5279914146286,-2053.0919697353966,1,2.5e-11
0.9987735724869359,0.0,0.0025759612523595,0.0000000000000000,-0.0059087265515997,0.0000000000000000,14.1866517951772444,3.0000953000477697,609.214568,-3.291787,-605.9227808031271,-2003.4048496148025,1,3.5e-11
0.9987738393067003,0.0,0.0025758457704675,0.0000000000000000,-0.0059091163786352,0.0000000000000000,14.1846517951772437,3.0000953042948999,602.583060,-3.246537,-599.3365227584650,-1954.3082955299760,1,4.0e-12
0.9987741073980645,0.0,0.0025757294202405,0.0000000000000000,-0.0059095135911782,0.0000000000000000,14.1826517951772448,3.0000953085130577,595.970276,-3.201168,-592.7691092828647,-1905.8003696890955,1,5.4e-11
0.9987743767763796,0.0,0.0025756121887638,0.0000000000000000,-0.0059099182765975,0.0000000000000000,14.1806517951772442,3.0000953127020273,589.376133,-3.155680,-586.2204526429996,-1857.8826386446599,1,1.5e-11
0.9987746474574436,0.0,0.0025754940629554,0.0000000000000000,-0.0059103305230464,0.0000000000000000,14.1786517951772435,3.0000953168615956,582.800499,-3.110072,-579.6904269680135,-1810.5514906434983,1,1.8e-11
0.9987749194574321,0.0,0.0025753750294797,0.0000000000000000,-0.0059107504208591,0.0000000000000000,14.1766517951772446,3.0000953209915409,576.243264,-3.064344,-573.1789241642850,-1763.8052178543876,1,2.0e-10
0.9987751927920654,0.0,0.0025752550749067,0.0000000000000000,-0.0059111780616544,0.0000000000000000,14.1746517951772439,3.0000953250916251,569.704390,-3.018496,-566.6858937383015,-1717.6505846770306,1,8.1e-12
0.9987754674779032,0.0,0.0025751341857229,0.0000000000000000,-0.0059116135362147,0.0000000000000000,14.1726517951772450,3.0000953291616352,563.183700,-2.972527,-560.2111735895625,-1672.0785692082427,1,3.9e-12
0.9987757435318725,0.0,0.0025750123479228,0.0000000000000000,-0.0059120569401126,0.0000000000000000,14.1706517951772444,3.0000953332013296,556.681129,-2.926435,-553.7546922117795,-1627.0921475813666,1,5.3e-11
0.9987760209692131,0.0,0.0025748895482805,0.0000000000000000,-0.0059125083622696,0.0000000000000000,14.1686517951772437,3.0000953372104853,550.196536,-2.880221,-547.3163152541429,-1582.6877328544506,1,1.1e-11
0.9987762998081502,0.0,0.0025747657720810,0.0000000000000000,-0.0059129679033942,0.0000000000000000,14.1666517951772448,3.0000953411888518,543.729855,-2.833884,-540.8959710579137,-1538.8671605061681,1,8.9e-12
0.9987765800653480,0.0,0.0025746410052743,0.0000000000000000,-0.0059134356586764,0.0000000000000000,14.1646517951772442,3.0000953451361889,537.280968,-2.787422,-534.4935458895427,-1495.6288813202700,1,1.2e-11
0.9987768617580070,0.0,0.0025745152334746,0.0000000000000000,-0.0059139117258580,0.0000000000000000,14.1626517951772435,3.0000953490522524,530.849772,-2.740835,-528.1089366065905,-1452.9717408431752,1,5.2e-12
0.9987771449035919,0.0,0.0025743884420795,0.0000000000000000,-0.0059143962042445,0.0000000000000000,14.1606517951772446,3.0000953529367900,524.436166,-2.694123,-521.7420429105961,-1410.8955257984053,1,1.5e-11
0.9987774295197949,0.0,0.0025742606163189,0.0000000000000000,-0.0059148891943519,0.0000000000000000,14.1586517951772439,3.0000953567895476,518.040043,-2.647283,-515.3927592183832,-1369.3987677922705,1,2.0e-11
0.9987777156244966,0.0,0.0025741317412643,0.0000000000000000,-0.0059153907979717,0.0000000000000000,14.1566517951772450,3.0000953606102674,511.661302,-2.600315,-509.0609864912270,-1328.4808437307947,1,1.2e-11
0.9987780032357176,0.0,0.0025740018017696,0.0000000000000000,-0.0059159011179925,0.0000000000000000,14.1546517951772444,3.0000953643986876,505.299836,-2.553219,-502.7466180127346,-1288.1408570468338,1,6.1e-12
0.9987782923719704,0.0,0.0025738707824298,0.0000000000000000,-0.0059164202596052,0.0000000000000000,14.1526517951772437,3.0000953681545406,498.955547,-2.505991,-496.4495562234130,-1248.3781796686817,1,8.6e-12
0.9987785830517193,0.0,0.0025737386677464,0.0000000000000000,-0.0059169483284828,0.0000000000000000,14.1506517951772448,3.0000953718775545,492.628330,-2.458632,-490.1696972576058,-1209.1920112284279,1,2.2e-12
0.9987788752937753,0.0,0.0025736054419742,0.0000000000000000,-0.0059174854320470,0.0000000000000000,14.1486517951772441,3.0000953755674553,486.318080,-2.411141,-483.9069396630372,-1170.5811897350359,1,6.1e-12
0.9987791691173628,0.0,0.0025734710890659,0.0000000000000000,-0.0059180316796414,0.0000000000000000,14.1466517951772435,3.0000953792239646,480.024693,-2.363514,-477.6611794407567,-1132.5450154647842,1,2.3e-11
0.9987794645412071,0.0,0.0025733355931760,0.0000000000000000,-0.0059185871801446,0.0000000000000000,14.1446517951772446,3.0000953828467924,473.748071,-2.315752,-471.4323201870147,-1095.0825233871001,1,5.4e-11
0.9987797615853617,0.0,0.0025731989375628,0.0000000000000000,-0.0059191520471594,0.0000000000000000,14.1426517951772439,3.0000953864356554,467.488108,-2.267852,-465.2202554185940,-1058.1940338750283,1,7.2e-11
0.9987800602697527,0.0,0.0025730611057214,0.0000000000000000,-0.0059197263943394,0.0000000000000000,14.1406517951772450,3.0000953899902534,461.244705,-2.219813,-459.0248915497914,-1021.8770536734664,1,1.8e-11
0.9987803606139244,0.0,0.0025729220809768,0.0000000000000000,-0.0059203103351153,0.0000000000000000,14.1386517951772444,3.0000953935102941,455.017745,-2.171633,-452.8461144200151,-986.1306546305714,1,9.1e-11
0.9987806626387784,0.0,0.0025727818459518,0.0000000000000000,-0.0059209039888510,0.0000000000000000,14.1366517951772437,3.0000953969954653,448.807150,-2.123310,-446.6838393988327,-950.9568836380204,1,2.3e-11
0.9987809663645184,0.0,0.0025726403836041,0.0000000000000000,-0.0059215074719359,0.0000000000000000,14.1346517951772448,3.0000954004454652,442.612794,-2.074843,-440.5379511305256,-916.3519823591341,1,8.1e-12
0.9987812718122124,0.0,0.0025724976763027,0.0000000000000000,-0.0059221209054069,0.0000000000000000,14.1326517951772441,3.0000954038599748,436.434582,-2.026228,-434.4083543948424,-882.3158819388191,1,2.7e-12
0.9987815790030644,0.0,0.0025723537062324,0.0000000000000000,-0.0059227444113998,0.0000000000000000,14.1306517951772435,3.0000954072386747,430.272413,-1.977464,-428.2949492961291,-848.8481530633144,1,1.5e-11
0.9987818879585477,0.0,0.0025722084553534,0.0000000000000000,-0.0059233781136148,0.0000000000000000,14.1286517951772446,3.0000954105812392,424.126183,-1.928548,-422.1976352640621,-815.9477358910372,1,2.4e-12
0.9987821987004770,0.0,0.0025720619053337,0.0000000000000000,-0.0059240221378551,0.0000000000000000,14.1266517951772439,3.0000954138873364,417.995788,-1.879478,-416.1163104074466,-783.6137833726534,1,2.0e-11
0.9987825112509865,0.0,0.0025719140375582,0.0000000000000000,-0.0059246766117780,0.0000000000000000,14.1246517951772450,3.0000954171566310,411.881124,-1.830251,-410.0508727042413,-751.8458649654349,1,1.9e-11
0.9987828256325411,0.0,0.0025717648331864,0.0000000000000000,-0.0059253416652424,0.0000000000000000,14.1226517951772443,3.0000954203887749,405.782094,-1.780865,-404.0012290088997,-720.6432481501979,1,1.4e-11
0.9987831418676499,0.0,0.0025716142729368,0.0000000000000000,-0.0059260174298688,0.0000000000000000,14.1206517951772437,3.0000954235834221,399.698595,-1.731316,-397.9672704290326,-690.0080761532154,1,4.9e-10
0.9987834599800731,0.0,0.0025714623377772,0.0000000000000000,-0.0059267040381748,0.0000000000000000,14.1186517951772448,3.0000954267402173,393.630508,-1.681602,-391.9489055945974,-659.9298315615742,1,2.9e-11
0.9987837799927397,0.0,0.0025713090075319,0.0000000000000000,-0.0059274016275648,0.0000000000000000,14.1166517951772441,3.0000954298587952,387.577750,-1.631719,-385.9460314686560,-630.4178741268552,1,7.9e-12
0.9987841019296184,0.0,0.0025711542622939,0.0000000000000000,-0.0059281103353991,0.0000000000000000,14.1146517951772434,3.0000954329387883,381.540210,-1.581663,-379.9585466549681,-601.4679742312437,1,8.8e-13
0.9987844258148345,0.0,0.0025709980817619,0.0000000000000000,-0.0059288303015867,0.0000000000000000,14.1126517951772446,3.0000954359798206,375.517784,-1.531431,-373.9863520576145,-573.0798368673277,1,2.8e-11
0.9987847516729785,0.0,0.0025708404452473,0.0000000000000000,-0.0059295616686082,0.0000000000000000,14.1106517951772439,3.0000954389815093,369.510367,-1.481019,-368.0293484726481,-545.2517089456524,1,1.0e-11
0.9987850795290701,0.0,0.0025706813317021,0.0000000000000000,-0.0059303045816346,0.0000000000000000,14.1086517951772450,3.0000954419434636,363.517862,-1.430423,-362.0874389196759,-517.9843591901736,1,1.7e-11
0.9987854094084210,0.0,0.0025705207198181,0.0000000000000000,-0.0059310591874745,0.0000000000000000,14.1066517951772443,3.0000954448652877,357.540157,-1.379638,-356.1605200956573,-491.2757732229584,1,9.2e-12
0.9987857413366976,0.0,0.0025703585878618,0.0000000000000000,-0.0059318256358139,0.0000000000000000,14.1046517951772437,3.0000954477465775,351.577147,-1.328659,-350.2484884863634,-465.1260845935103,1,1.1e-10
0.9987860753403240,0.0,0.0025701949139215,0.0000000000000000,-0.0059326040792068,0.0000000000000000,14.1026517951772448,3.0000954505869122,345.628755,-1.277483,-344.3512714992238,-439.5349131810653,1,9.0e-12
0.9987864114456336,0.0,0.0025700296754794,0.0000000000000000,-0.0059333946718013,0.0000000000000000,14.1006517951772441,3.0000954533858804,339.694846,-1.226103,-338.4687427730993,-414.5009945982238,1,5.7e-12
0.9987867496800281,0.0,0.0025698628496349,0.0000000000000000,-0.0059341975725806,0.0000000000000000,14.0986517951772434,3.0000954561430437,333.775340,-1.174514,-332.6008199289543,-390.0256801073047,1,1.3e-10
0.9987870900702644,0.0,0.0025696944136635,0.0000000000000000,-0.0059350129377836,0.0000000000000000,14.0966517951772445,3.0000954588579818,327.870095,-1.122710,-326.7473844029265,-366.1030772823942,1,1.8e-11
0.9987874326449770,0.0,0.0025695243435701,0.0000000000000000,-0.0059358409341328,0.0000000000000000,14.0946517951772439,3.0000954615302318,321.979040,-1.070685,-320.9083550742476,-342.7380412834027,1,9.0e-12
0.9987877774324182,0.0,0.0025693526155582,0.0000000000000000,-0.0059366817261220,0.0000000000000000,14.0926517951772450,3.0000954641593456,316.102063,-1.018431,-315.0836318942701,-319.9283006693367,1,2.1e-11
0.9987881244615626,0.0,0.0025691792052112,0.0000000000000000,-0.0059375354828639,0.0000000000000000,14.0906517951772443,3.0000954667448561,310.239062,-0.965943,-309.2731176484816,-297.6736835567281,1,5.5e-11
0.9987884737616938,0.0,0.0025690040878266,0.0000000000000000,-0.0059384023751798,0.0000000000000000,14.0886517951772436,3.0000954692862942,304.389922,-0.913211,-303.4767107368280,-275.9721847124820,1,2.5e-12
0.9987888253628660,0.0,0.0025688272380601,0.0000000000000000,-0.0059392825788534,0.0000000000000000,14.0866517951772448,3.0000954717831738,298.554545,-0.860228,-297.6943162410307,-254.8250906489920,1,1.2e-11
0.9987891792955326,0.0,0.0025686486302632,0.0000000000000000,-0.0059401762716582,0.0000000000000000,14.0846517951772441,3.0000954742350023,292.732821,-0.806985,-291.9258363555707,-234.2308743813846,1,1.6e-11
0.9987895355912764,0.0,0.0025684682379523,0.0000000000000000,-0.0059410836376840,0.0000000000000000,14.0826517951772434,3.0000954766412673,286.924665,-0.753472,-286.1711813711793,-214.1928709663625,1,2.3e-10
0.9987898942800463,0.0,0.0025682860354273,0.0000000000000000,-0.0059420048537973,0.0000000000000000,14.0806517951772445,3.0000954790014838,281.129911,-0.699681,-280.4302309626144,-194.7008895536710,1,2.4e-11
0.9987902553952952,0.0,0.0025681019947443,0.0000000000000000,-0.0059429401145987,0.0000000000000000,14.0786517951772439,3.0000954813151077,275.348482,-0.645600,-274.7028955324594,-175.7613534417760,1,2.1e-10
0.9987906189704838,0.0,0.0025679160882212,0.0000000000000000,-0.0059438896145467,0.0000000000000000,14.0766517951772450,3.0000954835815832,269.580334,-0.591215,-268.9891207292131,-157.3793565621163,1,2.9e-11
0.9987909850378004,0.0,0.0025677282880746,0.0000000000000000,-0.0059448535441057,0.0000000000000000,14.0746517951772443,3.0000954858003914,263.825281,-0.536516,-263.2887645327752,-139.5464787495002,1,1.1e-11
0.9987913536313414,0.0,0.0025675385656635,0.0000000000000000,-0.0059458321024438,0.0000000000000000,14.0726517951772436,3.0000954879709747,258.083215,-0.481490,-257.6017356333498,-122.2616686457914,1,2.0e-10
0.9987917247865236,0.0,0.0025673468913567,0.0000000000000000,-0.0059468254972624,0.0000000000000000,14.0706517951772447,3.0000954900927366,252.354077,-0.426119,-251.9279579737367,-105.5328264265117,1,1.5e-11
0.9987920985379648,0.0,0.0025671532357135,0.0000000000000000,-0.0059478339318187,0.0000000000000000,14.0686517951772441,3.0000954921651157,246.637708,-0.370391,-246.2673167434398,-89.3525640017579,1,2.8e-11
0.9987924749219692,0.0,0.0025669575681931,0.0000000000000000,-0.0059488576182777,0.0000000000000000,14.0666517951772434,3.0000954941875180,240.933988,-0.314288,-240.6197124543317,-73.7196156172358,1,1.8e-10
0.9987928539756710,0.0,0.0025667598578765,0.0000000000000000,-0.0059498967748376,0.0000000000000000,14.0646517951772445,3.0000954961593065,235.242877,-0.257788,-234.9850900703692,-58.6426329960923,1,5.8e-12
0.9987932357360235,0.0,0.0025665600731335,0.0000000000000000,-0.0059509516188953,0.0000000000000000,14.0626517951772438,3.0000954980798831,229.564186,-0.200873,-229.3633116032184,-44.1134810062395,1,8.5e-12
0.9987936202415609,0.0,0.0025663581816997,0.0000000000000000,-0.0059520223762296,0.0000000000000000,14.0606517951772449,3.0000954999486020,223.897819,-0.143522,-223.7542972229455,-30.1342018395844,1,6.7e-12
0.9987940075312413,0.0,0.0025661541507031,0.0000000000000000,-0.0059531092761148,0.0000000000000000,14.0586517951772443,3.0000955017648101,218.243664,-0.085709,-218.1579549151151,-16.7054393130529,1,6.3e-12
0.9987943976450198,0.0,0.0025659479465227,0.0000000000000000,-0.0059542125530550,0.0000000000000000,14.0566517951772436,3.0000955035278389,212.601595,-0.027408,-212.5741872556417,-3.8268304222074,1,5.2e-12
0.9987955853417883,0.0,0.0025653159486237,0.0000000000000000,-0.0059576230626449,0.0000000000000000,14.0506517951772434,3.0000955084909418,195.746672,0.150736,-195.8974127892606,31.5070954858311,1,7.6e-11
0.9987967999733083,0.0,0.0025646631133498,0.0000000000000000,-0.0059611898950938,0.0000000000000000,14.0446517951772432,3.0000955129498390,178.995929,0.334543,-179.3304739511338,61.8822613307457,1,2.6e-11
0.9987980427637291,0.0,0.0025639884102452,0.0000000000000000,-0.0059649202565765,0.0000000000000000,14.0386517951772429,3.0000955168837411,162.345530,0.525368,-162.8708991083267,87.2913488537633,1,2.6e-11
0.9987993150222154,0.0,0.0025632907375287,0.0000000000000000,-0.0059688218615865,0.0000000000000000,14.0326517951772445,3.0000955202702619,145.791088,0.725154,-146.5162414527881,107.7208882953873,1,4.3e-12
0.9988006181531179,0.0,0.0025625689144093,0.0000000000000000,-0.0059729029888574,0.0000000000000000,14.0266517951772443,3.0000955230852404,129.327318,0.936798,-130.2640973771306,123.1511312795083,1,1.5e-10
0.9988019536650725,0.0,0.0025618216729845,0.0000000000000000,-0.0059771725380489,0.0000000000000000,14.0206517951772440,3.0000955253025596,112.947327,1.164812,-114.1121257735695,133.5609254137762,1,7.2e-11
0.9988033231848428,0.0,0.0025610476473603,0.0000000000000000,-0.0059816401095004,0.0000000000000000,14.0146517951772438,3.0000955268938871,96.641262,1.416757,-98.0580216493242,138.9174068581824,1,7.7e-12
0.9988047284703971,0.0,0.0025602453627763,0.0000000000000000,-0.0059863160815263,0.0000000000000000,14.0086517951772436,3.0000955278284267,80.393170,1.706383,-82.0995500097061,139.1812809827052,1,5.2e-12
0.9988061714270574,0.0,0.0025594132223401,0.0000000000000000,-0.0059912117053817,0.0000000000000000,14.0026517951772433,3.0000955280726167,64.172835,2.061717,-66.2345636730034,134.3069964146689,1,3.3e-12
0.9988076541267624,0.0,0.0025585494913849,0.0000000000000000,-0.0059963392183462,0.0000000000000000,13.9966517951772431,3.0000955275897594,47.909559,2.551440,-50.4610003527439,124.2384078029224,1,1.7e-12
0.9988091788301956,0.0,0.0025576522794779,0.0000000000000000,-0.0060017119729213,0.0000000000000000,13.9906517951772429,3.0000955263396070,31.368783,3.408133,-34.7769143454641,108.9089308832673,1,6.7e-12
0.9988107480126965,0.0,0.0025567195192362,0.0000000000000000,-0.0060073445894153,0.0000000000000000,13.9846517951772444,3.0000955242778629,11.984621,7.195872,-19.1804898690679,88.2397444666781,1,1.8e-11
0.9988123643949777,0.0,0.0025557489413311,0.0000000000000000,-0.0060132531358746,0.0000000000000000,13.9786517951772442,3.0000955213556022,3.611761,0.058337,-3.6700844506376,62.1389343808704,1,1.4e-10
0.9988140309808663,0.0,0.0025547380439465,0.0000000000000000,-0.0060194553485761,0.0000000000000000,13.9726517951772440,3.0000955175185506,-8.338485,-3.417308,11.7557921531678,30.4951563222847,1,2.2e-11
0.9988157511000567,0.0,0.0025536840579937,0.0000000000000000,-0.0060259708820256,0.0000000000000000,13.9666517951772438,3.0000955127062774,-27.419840,0.321508,27.0983270908930,-6.8158507778268,1,8.1e-11
0.9988175284624878,0.0,0.0025525839027943,0.0000000000000000,-0.0060328216289042,0.0000000000000000,13.9606517951772435,3.0000955068511477,-43.551112,1.192664,42.3584477246953,-49.9418346711901,1,1.2e-11
0.9988193672245551,0.0,0.0025514341332790,0.0000000000000000,-0.0060400321027264,0.0000000000000000,13.9546517951772433,3.0000954998770695,-59.242591,1.705841,57.5367477173340,-99.0585731674892,1,5.6e-11
0.9988212720683066,0.0,0.0025502308751011,0.0000000000000000,-0.0060476299039771,0.0000000000000000,13.9486517951772431,3.0000954916979823,-74.725868,2.092538,72.6333295640630,-154.3667477431886,1,1.8e-12
0.9988232483026743,0.0,0.0025489697433837,0.0000000000000000,-0.0060556463093687,0.0000000000000000,13.9426517951772428,3.0000954822159129,-90.069305,2.421528,87.6477769520026,-216.1053403308701,1,1.0e-11
0.9988253019897352,0.0,0.0025476457407398,0.0000000000000000,-0.0060641170080465,0.0000000000000000,13.9366517951772444,3.0000954713185717,-105.300271,2.721302,102.5789683887155,-284.5538723032487,1,1.6e-11
0.9988274401061830,0.0,0.0025462531273472,0.0000000000000000,-0.0060730830418244,0.0000000000000000,13.9306517951772442,3.0000954588762623,-120.431094,3.006219,117.4248750056156,-360.0422599227095,1,1.0e-11
0.9988296707519320,0.0,0.0025447852530983,0.0000000000000000,-0.0060825920204392,0.0000000000000000,13.9246517951772439,3.0000954447378843,-135.467022,3.284664,132.1823586616383,-442.9635468221059,1,1.3e-11
0.9988320034243241,0.0,0.0025432343373044,0.0000000000000000,-0.0060926997164905,0.0000000000000000,13.9186517951772437,3.0000954287256838,-150.408988,3.562203,146.8467851776897,-533.7872681354620,1,2.0e-11
0.9988344493851521,0.0,0.0025415911743127,0.0000000000000000,-0.0061034721989808,0.0000000000000000,13.9126517951772435,3.0000954106282123,-165.254629,3.843041,161.4115870430261,-633.0804236380827,1,1.8e-11
