x0,y0,z0,xd0,yd0,zd0,Tp,JC,stabilityIndex1,stabilityIndex2,alpha,beta,impactFlag,error
0.9965241102186380,0.0,0.0000000000000000,-0.0001744693680030,0.0104203325457820,0.0000000000000000,6.0395065419696783,3.0000362187246865,2.001199,-0.422353,-1.5788462750583,1.1547880658488,0,5.8e-12
0.9965239046064763,0.0,-0.0000000000000000,-0.0001793406270277,0.0104195022615432,0.0000000000000000,6.0388623116193951,3.0000362321436587,2.001271,-0.423265,-1.5780062735900,1.1529319181290,0,4.2e-12
0.9965237003430957,0.0,-0.0000000000000000,-0.0001840409579307,0.0104186778485952,0.0000000000000000,6.0382228446253103,3.0000362454695795,2.001343,-0.424170,-1.5771730067782,1.1510895225908,0,8.6e-12
0.9965234931452231,0.0,-0.0000000000000000,-0.0001886779902407,0.0104178420223688,0.0000000000000000,6.0375747361179180,3.0000362589818566,2.001417,-0.425088,-1.5763290162905,1.1492222549780,0,6.9e-12
0.9965232828825011,0.0,0.0000000000000000,-0.0001932586563566,0.0104169942734839,0.0000000000000000,6.0369176000231235,3.0000362726888024,2.001492,-0.426018,-1.5754738206483,1.1473290035295,0,6.6e-12
0.9965230694274345,0.0,0.0000000000000000,-0.0001977891033773,0.0104161341052576,0.0000000000000000,6.0362510607754878,3.0000362865985322,2.001568,-0.426961,-1.5746069561216,1.1454086854282,0,9.2e-12
0.9965228569953718,0.0,-0.0000000000000000,-0.0002021860765531,0.0104152785090835,0.0000000000000000,6.0355882880024430,3.0000363004363044,2.001644,-0.427899,-1.5737455615581,1.1434992399839,0,2.9e-13
0.9965226497258721,0.0,0.0000000000000000,-0.0002063755980987,0.0104144441356649,0.0000000000000000,6.0349421698555048,3.0000363139327342,2.001719,-0.428813,-1.5729063609229,1.1416377961810,0,2.6e-12
0.9965224432641759,0.0,-0.0000000000000000,-0.0002104559916598,0.0104136134340843,0.0000000000000000,6.0342991058034476,3.0000363273716322,2.001794,-0.429722,-1.5720716674565,1.1397851679514,0,8.5e-12
0.9965222375392317,0.0,0.0000000000000000,-0.0002144349961374,0.0104127861116353,0.0000000000000000,6.0336588665811997,3.0000363407577084,2.001869,-0.430627,-1.5712411761929,1.1379406936537,0,5.3e-12
0.9965220406148546,0.0,0.0000000000000000,-0.0002181670131468,0.0104119945664307,0.0000000000000000,6.0330465094846755,3.0000363535666335,2.001940,-0.431493,-1.5704473547080,1.1361765580603,0,4.7e-12
0.9965218442542311,0.0,-0.0000000000000000,-0.0002218174306825,0.0104112056612197,0.0000000000000000,6.0324363847137672,3.0000363663345140,2.002012,-0.432356,-1.5696569164569,1.1344188645845,0,1.6e-12
0.9965216444108986,0.0,0.0000000000000000,-0.0002254634696173,0.0104104031452837,0.0000000000000000,6.0318159282568731,3.0000363793243916,2.002086,-0.433232,-1.5688535956239,1.1326314164662,0,1.1e-11
0.9965214409929491,0.0,-0.0000000000000000,-0.0002291065616350,0.0104095866680006,0.0000000000000000,6.0311848791734572,3.0000363925420310,2.002161,-0.434124,-1.5680370827301,1.1308134601513,0,9.0e-13
0.9965212339071543,0.0,0.0000000000000000,-0.0002327480532791,0.0104087558741080,0.0000000000000000,6.0305429734313831,3.0000364059932747,2.002238,-0.435031,-1.5672070629461,1.1289642345466,0,3.7e-12
0.9965210230586834,0.0,-0.0000000000000000,-0.0002363892114346,0.0104079104032796,0.0000000000000000,6.0298899436715683,3.0000364196840543,2.002317,-0.435954,-1.5663632207608,1.1270829676631,0,8.4e-12
0.9965208083512654,0.0,-0.0000000000000000,-0.0002400312329631,0.0104070498898960,0.0000000000000000,6.0292255189790493,3.0000364336203904,2.002397,-0.436892,-1.5655052358137,1.1251688780994,0,9.5e-12
0.9965205983526891,0.0,-0.0000000000000000,-0.0002435320480254,0.0104062086675802,0.0000000000000000,6.0285762076247433,3.0000364472462220,2.002476,-0.437809,-1.5646673387445,1.1232983278373,0,9.6e-12
0.9965203844382923,0.0,0.0000000000000000,-0.0002470385030996,0.0104053521826691,0.0000000000000000,6.0279153372131589,3.0000364611212231,2.002557,-0.438742,-1.5638151040326,1.1213944783784,0,2.0e-12
0.9965201665121332,0.0,-0.0000000000000000,-0.0002505514567727,0.0104044800723621,0.0000000000000000,6.0272426399292671,3.0000364752513771,2.002640,-0.439691,-1.5629482211425,1.1194565550803,0,4.4e-12
0.9965199444763168,0.0,-0.0000000000000000,-0.0002540717280840,0.0104035919672326,0.0000000000000000,6.0265578434459206,3.0000364896427794,2.002724,-0.440658,-1.5620663726504,1.1174837715974,0,9.3e-13
0.9965197182310276,0.0,-0.0000000000000000,-0.0002576001004827,0.0104026874910011,0.0000000000000000,6.0258606707905553,3.0000365043016433,2.002811,-0.441642,-1.5611692383521,1.1154753271810,0,2.6e-12
0.9965194922888808,0.0,-0.0000000000000000,-0.0002610670901531,0.0104017846935123,0.0000000000000000,6.0251650408842545,3.0000365189354854,2.002898,-0.442623,-1.5602747466916,1.1134713175303,0,9.0e-12
0.9965192620116071,0.0,-0.0000000000000000,-0.0002645446854045,0.0104008650515469,0.0000000000000000,6.0244566874016092,3.0000365338446127,2.002987,-0.443622,-1.5593645696269,1.1114306415502,0,6.7e-12
0.9965190272958130,0.0,0.0000000000000000,-0.0002680335193953,0.0103999281769459,0.0000000000000000,6.0237353257374719,3.0000365490354421,2.003078,-0.444639,-1.5584383827516,1.1093524750983,0,9.4e-12
0.9965187880358941,0.0,-0.0000000000000000,-0.0002715342016926,0.0103989736737541,0.0000000000000000,6.0230006659810824,3.0000365645145246,2.003171,-0.445675,-1.5574958549007,1.1072359795280,0,4.3e-12
0.9965185490056145,0.0,0.0000000000000000,-0.0002749775444812,0.0103980205971554,0.0000000000000000,6.0222673815238119,3.0000365799729045,2.003265,-0.446709,-1.5565558308621,1.1051234248521,0,4.1e-12
0.9965183053014228,0.0,0.0000000000000000,-0.0002784347844338,0.0103970494067178,0.0000000000000000,6.0215204455783686,3.0000365957275807,2.003361,-0.447762,-1.5555990691873,1.1029715158335,0,4.9e-12
0.9965181172090474,0.0,0.0000000000000000,-0.0002810674905315,0.0103963001945627,0.0000000000000000,6.0209444282296811,3.0000366078830427,2.003435,-0.448574,-1.5548617661821,1.1013120015543,0,8.8e-13
0.9965179253525168,0.0,-0.0000000000000000,-0.0002837219240764,0.0103955363091357,0.0000000000000000,6.0203573059466802,3.0000366202781135,2.003511,-0.449401,-1.5541107226924,1.0996204751057,0,2.5e-12
0.9965177296493276,0.0,0.0000000000000000,-0.0002863982809416,0.0103947574396273,0.0000000000000000,6.0197588502218737,3.0000366329179267,2.003589,-0.450244,-1.5533456749628,1.0978962756777,0,5.0e-12
0.9965175300150541,0.0,0.0000000000000000,-0.0002890967565580,0.0103939632682576,0.0000000000000000,6.0191488276913931,3.0000366458077332,2.003669,-0.451103,-1.5525663545271,1.0961387282037,0,1.2e-11
0.9965173263632033,0.0,-0.0000000000000000,-0.0002918175449954,0.0103931534700670,0.0000000000000000,6.0185270000238971,3.0000366589529053,2.003751,-0.451979,-1.5517724898081,1.0943471420958,0,8.5e-12
0.9965171186053450,0.0,-0.0000000000000000,-0.0002945608403363,0.0103923277128481,0.0000000000000000,6.0178931238174131,3.0000366723589367,2.003835,-0.452871,-1.5509637996762,1.0925208144905,0,4.0e-12
0.9965169066508417,0.0,0.0000000000000000,-0.0002973268349451,0.0103914856568321,0.0000000000000000,6.0172469504962098,3.0000366860314500,2.003921,-0.453781,-1.5501400041287,1.0906590239378,0,7.2e-12
0.9965166904069633,0.0,-0.0000000000000000,-0.0003001157205970,0.0103906269546247,0.0000000000000000,6.0165882261836652,3.0000366999761972,2.004009,-0.454708,-1.5493008135219,1.0887610359903,0,1.0e-11
0.9965164697787459,0.0,0.0000000000000000,-0.0003029276877609,0.0103897512509649,0.0000000000000000,6.0159166916012516,3.0000367141990605,2.004099,-0.455653,-1.5484459342701,1.0868260996649,0,4.6e-12
0.9965162446689865,0.0,0.0000000000000000,-0.0003057629260872,0.0103888581825340,0.0000000000000000,6.0152320819517344,3.0000367287060614,2.004191,-0.456616,-1.5475750703317,1.0848534462238,0,1.9e-12
0.9965160149781068,0.0,0.0000000000000000,-0.0003086216233703,0.0103879473777739,0.0000000000000000,6.0145341267818369,3.0000367435033595,2.004286,-0.457598,-1.5466879172831,1.0828422920273,0,9.7e-12
0.9965157806041965,0.0,-0.0000000000000000,-0.0003115039664833,0.0103870184567059,0.0000000000000000,6.0138225498800360,3.0000367585972580,2.004383,-0.458599,-1.5457841653469,1.0807918364873,0,4.3e-12
0.9965155414428694,0.0,0.0000000000000000,-0.0003144101407048,0.0103860710306666,0.0000000000000000,6.0130970691474834,3.0000367739942071,2.004483,-0.459619,-1.5448635031316,1.0787012595316,0,6.9e-12
0.9965153551936647,0.0,-0.0000000000000000,-0.0003166494750550,0.0103853335401958,0.0000000000000000,6.0125325339351106,3.0000367859810737,2.004561,-0.460413,-1.5441476095336,1.0770744298172,0,1.6e-13
0.9965151651044869,0.0,-0.0000000000000000,-0.0003189139374454,0.0103845811381272,0.0000000000000000,6.0119567553702442,3.0000367982117977,2.004640,-0.461222,-1.5434179322869,1.0754151611100,0,7.6e-12
0.9965149710922400,0.0,-0.0000000000000000,-0.0003212036946589,0.0103838135123179,0.0000000000000000,6.0113695049806815,3.0000368106915434,2.004722,-0.462048,-1.5426742103551,1.0737227918148,0,9.9e-12
0.9965147730719035,0.0,0.0000000000000000,-0.0003235189130290,0.0103830303436474,0.0000000000000000,6.0107705494645680,3.0000368234255927,2.004806,-0.462889,-1.5419161791568,1.0719966455347,0,5.1e-12
0.9965145709564127,0.0,-0.0000000000000000,-0.0003258597577500,0.0103822313058308,0.0000000000000000,6.0101596505786619,3.0000368364193477,2.004891,-0.463748,-1.5411435694846,1.0702360312633,0,5.6e-12
0.9965143687845731,0.0,0.0000000000000000,-0.0003281792601336,0.0103814323742424,0.0000000000000000,6.0095490279391779,3.0000368494130707,2.004977,-0.464606,-1.5403718533475,1.0684761624253,0,7.7e-12
0.9965141624217624,0.0,0.0000000000000000,-0.0003305246574686,0.0103806172186463,0.0000000000000000,6.0089262063249400,3.0000368626724052,2.005066,-0.465480,-1.5395852824414,1.0666810807103,0,8.1e-12
0.9965139517766419,0.0,0.0000000000000000,-0.0003328961143679,0.0103797854975277,0.0000000000000000,6.0082909370579083,3.0000368762030125,2.005156,-0.466373,-1.5387835760608,1.0648500653588,0,3.7e-12
0.9965137367557282,0.0,0.0000000000000000,-0.0003352937946272,0.0103789368616696,0.0000000000000000,6.0076429661949708,3.0000368900106840,2.005249,-0.467282,-1.5379664514206,1.0629823784535,0,6.3e-12
0.9965135172633288,0.0,0.0000000000000000,-0.0003377178609884,0.0103780709539785,0.0000000000000000,6.0069820344043503,3.0000369041013428,2.005344,-0.468210,-1.5371336208043,1.0610772661436,0,9.1e-12
0.9965132932014291,0.0,0.0000000000000000,-0.0003401684745318,0.0103771874092854,0.0000000000000000,6.0063078768438416,3.0000369184810518,2.005441,-0.469157,-1.5362847905413,1.0591339588080,0,9.8e-12
0.9965130644697364,0.0,-0.0000000000000000,-0.0003426457955210,0.0103762858541658,0.0000000000000000,6.0056202230491715,3.0000369331560126,2.005541,-0.470122,-1.5354196623727,1.0571516698884,0,6.0e-12
0.9965128309655531,0.0,0.0000000000000000,-0.0003451499827081,0.0103753659067262,0.0000000000000000,6.0049187968051418,3.0000369481325708,2.005644,-0.471106,-1.5345379322952,1.0551295961187,0,8.7e-12
0.9965125925836894,0.0,-0.0000000000000000,-0.0003476811931007,0.0103744271763756,0.0000000000000000,6.0042033160197414,3.0000369634172195,2.005749,-0.472110,-1.5336392922066,1.0530669161602,0,9.8e-12
0.9965123492164636,0.0,-0.0000000000000000,-0.0003502395823685,0.0103734692636345,0.0000000000000000,6.0034734925965587,3.0000369790166039,2.005857,-0.473133,-1.5327234287857,1.0509627907877,0,2.0e-12
0.9965121007536205,0.0,0.0000000000000000,-0.0003528253045799,0.0103724917599164,0.0000000000000000,6.0027290323017679,3.0000369949375236,2.005967,-0.474177,-1.5317900227044,1.0488163629110,0,5.8e-12
0.9965118470822176,0.0,0.0000000000000000,-0.0003554385117262,0.0103714942472860,0.0000000000000000,6.0019696346280691,3.0000370111869388,2.006081,-0.475242,-1.5308387490190,1.0466267568834,0,2.2e-12
0.9965115880865930,0.0,0.0000000000000000,-0.0003580793540328,0.0103704762982160,0.0000000000000000,6.0011949926605697,3.0000370277719708,2.006197,-0.476328,-1.5298692795945,1.0443930766232,0,2.1e-12
0.9965113236483140,0.0,-0.0000000000000000,-0.0003607479799023,0.0103694374753730,0.0000000000000000,6.0004047929315991,3.0000370446999107,2.006316,-0.477435,-1.5288812801021,1.0421144068829,0,1.3e-11
0.9965110590490042,0.0,0.0000000000000000,-0.0003633908505232,0.0103683985403599,0.0000000000000000,5.9996148381002730,3.0000370616325265,2.006436,-0.478542,-1.5278945376885,1.0398363105868,0,3.6e-12
0.9965107888756585,0.0,0.0000000000000000,-0.0003660617852251,0.0103673382528985,0.0000000000000000,5.9988089884701079,3.0000370789160797,2.006560,-0.479671,-1.5268889261409,1.0375122341846,0,6.2e-12
0.9965105130038375,0.0,-0.0000000000000000,-0.0003687609287712,0.0103662561546806,0.0000000000000000,5.9979869167588857,3.0000370965582204,2.006686,-0.480822,-1.5258640994001,1.0351412212588,0,2.2e-12
0.9965102313060539,0.0,0.0000000000000000,-0.0003714884233738,0.0103651517767931,0.0000000000000000,5.9971482886885177,3.0000371145667812,2.006816,-0.481996,-1.5248197075723,1.0327222933310,0,2.1e-12
0.9965099436517104,0.0,0.0000000000000000,-0.0003742444086697,0.0103640246394629,0.0000000000000000,5.9962927628283023,3.0000371329497790,2.006949,-0.483194,-1.5237553949046,1.0302544504820,0,8.0e-12
0.9965096499070224,0.0,0.0000000000000000,-0.0003770290215825,0.0103628742517909,0.0000000000000000,5.9954199904369672,3.0000371517154227,2.007086,-0.484415,-1.5226707992289,1.0277366711772,0,2.5e-12
0.9965093499349241,0.0,-0.0000000000000000,-0.0003798423962491,0.0103617001114375,0.0000000000000000,5.9945296153033727,3.0000371708721194,2.007227,-0.485661,-1.5215655549776,1.0251679099077,0,6.4e-12
0.9965090435949782,0.0,-0.0000000000000000,-0.0003826846637213,0.0103605017043566,0.0000000000000000,5.9936212735759229,3.0000371904284733,2.007371,-0.486932,-1.5204392896194,1.0225470987255,0,1.2e-11
0.9965087307433138,0.0,0.0000000000000000,-0.0003855559520829,0.0103592785044913,0.0000000000000000,5.9926945935975144,3.0000372103932995,2.007519,-0.488228,-1.5192916250571,1.0198731458494,0,6.4e-12
0.9965084112324699,0.0,0.0000000000000000,-0.0003884563858697,0.0103580299734335,0.0000000000000000,5.9917491957293700,3.0000372307756242,2.007672,-0.489550,-1.5181221789110,1.0171449342916,0,2.1e-12
0.9965080914416961,0.0,0.0000000000000000,-0.0003913277744434,0.0103567810565401,0.0000000000000000,5.9908039835351197,3.0000372511683362,2.007825,-0.490871,-1.5169543828748,1.0144170004987,0,1.1e-11
0.9965077648274543,0.0,-0.0000000000000000,-0.0003942285809405,0.0103555062165376,0.0000000000000000,5.9898396450206608,3.0000372719885418,2.007983,-0.492219,-1.5157644250563,1.0116335944670,0,1.5e-12
0.9965074312346458,0.0,-0.0000000000000000,-0.0003971589235322,0.0103542048885673,0.0000000000000000,5.9888557837226539,3.0000372932457271,2.008145,-0.493593,-1.5145519145558,1.0087935457480,0,6.0e-12
0.9965070905043423,0.0,0.0000000000000000,-0.0004001189166026,0.0103528764944590,0.0000000000000000,5.9878519946442816,3.0000373149496062,2.008312,-0.494995,-1.5133164521728,1.0058956591794,0,1.4e-11
0.9965067424736517,0.0,-0.0000000000000000,-0.0004031086704303,0.0103515204423533,0.0000000000000000,5.9868278640681947,3.0000373371101290,2.008483,-0.496425,-1.5120576328178,1.0029387127800,0,4.9e-12
0.9965063869755822,0.0,-0.0000000000000000,-0.0004061282910016,0.0103501361262895,0.0000000000000000,5.9857829693614351,3.0000373597374934,2.008659,-0.497884,-1.5107750505495,0.9999214540584,0,1.8e-12
0.9965060238390067,0.0,0.0000000000000000,-0.0004091778800709,0.0103487229259185,0.0000000000000000,5.9847168787705867,3.0000373828421432,2.008840,-0.499372,-1.5094682902248,0.9968426043192,0,9.9e-12
0.9965056528884783,0.0,0.0000000000000000,-0.0004122575346285,0.0103472802060640,0.0000000000000000,5.9836291512209021,3.0000374064347826,2.009026,-0.500889,-1.5081369320474,0.9937008552023,0,3.3e-12
0.9965052739441108,0.0,0.0000000000000000,-0.0004153673467577,0.0103458073163070,0.0000000000000000,5.9825193361052262,3.0000374305263788,2.009218,-0.502437,-1.5067805535063,0.9904948668016,0,9.1e-12
0.9965048868215372,0.0,-0.0000000000000000,-0.0004185074038462,0.0103443035906336,0.0000000000000000,5.9813869730689300,3.0000374551281714,2.009415,-0.504016,-1.5053987248286,0.9872232696558,0,8.6e-12
0.9965044913316626,0.0,-0.0000000000000000,-0.0004216777876423,0.0103427683469508,0.0000000000000000,5.9802315917876800,3.0000374802516800,2.009617,-0.505626,-1.5039910124695,0.9838846618181,0,1.8e-12
0.9965040872806257,0.0,-0.0000000000000000,-0.0004248785746731,0.0103412008866711,0.0000000000000000,5.9790527117441181,3.0000375059087125,2.009826,-0.507269,-1.5025569791896,0.9804776080455,0,7.3e-12
0.9965036744696335,0.0,0.0000000000000000,-0.0004281098357228,0.0103396004942721,0.0000000000000000,5.9778498419931809,3.0000375321113708,2.010041,-0.508945,-1.5010961818200,0.9770006403357,0,1.5e-11
0.9965032526947946,0.0,-0.0000000000000000,-0.0004313716354251,0.0103379664368167,0.0000000000000000,5.9766224809255259,3.0000375588720636,2.010262,-0.510654,-1.4996081718767,0.9734522566912,0,3.9e-12
0.9965028217470526,0.0,0.0000000000000000,-0.0004346640327279,0.0103362979634410,0.0000000000000000,5.9753701160291888,3.0000375862035131,2.010490,-0.512397,-1.4980925012125,0.9698309168052,0,8.1e-12
0.9965023814119206,0.0,-0.0000000000000000,-0.0004379870795352,0.0103345943049034,0.0000000000000000,5.9740922236278928,3.0000376141187624,2.010724,-0.514175,-1.4965487129310,0.9661350467032,0,1.5e-11
0.9965019314694592,0.0,-0.0000000000000000,-0.0004413408215447,0.0103328546730452,0.0000000000000000,5.9727882686371938,3.0000376426311868,2.010966,-0.515989,-1.4949763481026,0.9623630337504,0,1.2e-11
0.9965014716940265,0.0,0.0000000000000000,-0.0004447252973232,0.0103310782602410,0.0000000000000000,5.9714577042954868,3.0000376717545052,2.011215,-0.517840,-1.4933749448058,0.9585132262236,0,5.3e-12
0.9965010018541257,0.0,0.0000000000000000,-0.0004481405381113,0.0103292642388463,0.0000000000000000,5.9700999718942169,3.0000377015027868,2.011471,-0.519727,-1.4917440383945,0.9545839322088,0,7.6e-12
0.9965005217122800,0.0,0.0000000000000000,-0.0004515865677684,0.0103274117606469,0.0000000000000000,5.9687145005021298,3.0000377318904641,2.011736,-0.521652,-1.4900831601531,0.9505734193843,0,9.9e-12
0.9965000310248320,0.0,-0.0000000000000000,-0.0004550634023470,0.0103255199562482,0.0000000000000000,5.9673007066809740,3.0000377629323438,2.012008,-0.523616,-1.4883918390732,0.9464799128839,0,6.8e-12
0.9964995295417397,0.0,-0.0000000000000000,-0.0004585710496515,0.0103235879344482,0.0000000000000000,5.9658579941924570,3.0000377946436156,2.012289,-0.525620,-1.4866696027361,0.9423015936826,0,7.2e-12
0.9964990170064505,0.0,-0.0000000000000000,-0.0004621095092682,0.0103216147816257,0.0000000000000000,5.9643857536999620,3.0000378270398675,2.012579,-0.527663,-1.4849159759194,0.9380365983059,0,2.3e-13
0.9964984931556381,0.0,0.0000000000000000,-0.0004656787718613,0.0103195995610426,0.0000000000000000,5.9628833624584727,3.0000378601370965,2.012878,-0.529747,-1.4831304834645,0.9336830158839,0,2.2e-12
0.9964979577190564,0.0,-0.0000000000000000,-0.0004692788190972,0.0103175413121919,0.0000000000000000,5.9613501839984329,3.0000378939517196,2.013186,-0.531874,-1.4813126481535,0.9292388883193,0,5.2e-12
0.9964974104193238,0.0,0.0000000000000000,-0.0004729096233026,0.0103154390500661,0.0000000000000000,5.9597855678008118,3.0000379285005905,2.013505,-0.534043,-1.4794619928943,0.9247022076020,0,1.1e-11
0.9964968509717120,0.0,-0.0000000000000000,-0.0004765711470559,0.0103132917644350,0.0000000000000000,5.9581888489614601,3.0000379638010086,2.013833,-0.536255,-1.4775780398592,0.9200709151345,0,4.3e-13
0.9964962790838791,0.0,-0.0000000000000000,-0.0004802633426811,0.0103110984190285,0.0000000000000000,5.9565593478458183,3.0000379998707385,2.014173,-0.538512,-1.4756603146749,0.9153428976631,0,7.4e-12
0.9964956944557131,0.0,0.0000000000000000,-0.0004839861521400,0.0103088579508062,0.0000000000000000,5.9548963697345991,3.0000380367280219,2.014523,-0.540815,-1.4737083416206,0.9105159889838,0,8.9e-12
0.9964950967790782,0.0,-0.0000000000000000,-0.0004877395066395,0.0103065692690935,0.0000000000000000,5.9531992044598407,3.0000380743915915,2.014885,-0.543163,-1.4717216483127,0.9055879655224,0,4.2e-13
0.9964944857375194,0.0,-0.0000000000000000,-0.0004915233259801,0.0103042312546943,0.0000000000000000,5.9514671260264915,3.0000381128806906,2.015259,-0.545559,-1.4696997666274,0.9005565441670,0,5.8e-12
0.9964938610060746,0.0,0.0000000000000000,-0.0004953375184072,0.0103018427590492,0.0000000000000000,5.9496993922259387,3.0000381522150872,2.015646,-0.548003,-1.4676422301191,0.8954193824267,0,1.6e-12
0.9964932222509761,0.0,0.0000000000000000,-0.0004991819801255,0.0102994026032521,0.0000000000000000,5.9478952442368227,3.0000381924150923,2.016045,-0.550497,-1.4655485790496,0.8901740735156,0,3.6e-12
0.9964925691293931,0.0,0.0000000000000000,-0.0005030565948587,0.0102969095771076,0.0000000000000000,5.9460539062121089,3.0000382335015785,2.016458,-0.553040,-1.4634183582830,0.8848181460484,0,2.9e-12
0.9964919012891607,0.0,-0.0000000000000000,-0.0005069612335429,0.0102943624381041,0.0000000000000000,5.9441745848548582,3.0000382754959971,2.016886,-0.555634,-1.4612511202659,0.8793490602823,0,3.0e-12
0.9964912183684448,0.0,-0.0000000000000000,-0.0005108957535973,0.0102917599103542,0.0000000000000000,5.9422564689779769,3.0000383184204003,2.017328,-0.558281,-1.4590464253711,0.8737642060435,0,4.6e-12
0.9964905199954934,0.0,0.0000000000000000,-0.0005148599987780,0.0102891006835091,0.0000000000000000,5.9402987290524063,3.0000383622974591,2.017785,-0.560981,-1.4568038428698,0.8680609001818,0,6.4e-13
0.9964898057882817,0.0,-0.0000000000000000,-0.0005188537985363,0.0102863834115791,0.0000000000000000,5.9383005167379190,3.0000384071504871,2.018258,-0.563735,-1.4545229540982,0.8622363823908,0,4.5e-12
0.9964890753542264,0.0,0.0000000000000000,-0.0005228769676655,0.0102836067117765,0.0000000000000000,5.9362609643996587,3.0000384530034605,2.018749,-0.566545,-1.4522033507836,0.8562878142331,0,3.4e-13
0.9964883282897909,0.0,0.0000000000000000,-0.0005269293056112,0.0102807691632103,0.0000000000000000,5.9341791846058936,3.0000384998810454,2.019256,-0.569412,-1.4498446401591,0.8502122734616,0,4.3e-13
0.9964875641801815,0.0,-0.0000000000000000,-0.0005310105961523,0.0102778693056141,0.0000000000000000,5.9320542696108269,3.0000385478086171,2.019782,-0.572336,-1.4474464440476,0.8440067523078,0,2.3e-13
0.9964867825989532,0.0,-0.0000000000000000,-0.0005351206067791,0.0102749056379530,0.0000000000000000,5.9298852908169941,3.0000385968122889,2.020327,-0.575319,-1.4450084024717,0.8376681525807,0,5.1e-12
0.9964859831076648,0.0,0.0000000000000000,-0.0005392590883097,0.0102718766170112,0.0000000000000000,5.9276712982197424,3.0000386469189397,2.020892,-0.578362,-1.4425301737963,0.8311932829604,0,2.7e-13
0.9964851652554034,0.0,-0.0000000000000000,-0.0005434257740022,0.0102687806558431,0.0000000000000000,5.9254113198273419,3.0000386981562404,2.021478,-0.581466,-1.4400114398297,0.8245788528021,0,3.0e-12
0.9964843285784714,0.0,0.0000000000000000,-0.0005476203794442,0.0102656161222533,0.0000000000000000,5.9231043610661036,3.0000387505526831,2.022085,-0.584633,-1.4374519051485,0.8178214697241,0,5.4e-12
0.9964834725998933,0.0,-0.0000000000000000,-0.0005518426016923,0.0102623813371115,0.0000000000000000,5.9207494041556137,3.0000388041376125,2.022716,-0.587864,-1.4348513016106,0.8109176334413,0,7.3e-12
0.9964825968289485,0.0,-0.0000000000000000,-0.0005560921185776,0.0102590745726185,0.0000000000000000,5.9183454074620512,3.0000388589412590,2.023370,-0.591160,-1.4322093902677,0.8038637312367,0,4.4e-12
0.9964817007607801,0.0,0.0000000000000000,-0.0005603685885209,0.0102556940505010,0.0000000000000000,5.9158913048286559,3.0000389149947733,2.024049,-0.594523,-1.4295259653701,0.7966560317514,0,4.6e-12
0.9964807838758263,0.0,-0.0000000000000000,-0.0005646716494658,0.0102522379400887,0.0000000000000000,5.9133860048736295,3.0000389723302581,2.024754,-0.597954,-1.4268008564542,0.7892906799450,0,4.3e-12
0.9964798456393448,0.0,0.0000000000000000,-0.0005690009184435,0.0102487043563064,0.0000000000000000,5.9108283902624388,3.0000390309808114,2.025487,-0.601453,-1.4240339326396,0.7817636902207,0,3.9e-12
0.9964788855008747,0.0,0.0000000000000000,-0.0005733559909024,0.0102450913575547,0.0000000000000000,5.9082173169481651,3.0000390909805619,2.026249,-0.605024,-1.4212251066196,0.7740709395476,0,1.1e-11
0.9964779028936895,0.0,-0.0000000000000000,-0.0005777364400491,0.0102413969435012,0.0000000000000000,5.9055516133796111,3.0000391523647112,2.027041,-0.608666,-1.4183743374308,0.7662081611713,0,9.7e-12
0.9964768972341821,0.0,-0.0000000000000000,-0.0005821418160681,0.0102376190527004,0.0000000000000000,5.9028300796721958,3.0000392151695805,2.027864,-0.612383,-1.4154816373895,0.7581709350694,0,1.1e-11
0.9964758679212623,0.0,0.0000000000000000,-0.0005865716453950,0.0102337555601472,0.0000000000000000,5.9000514867444824,3.0000392794326523,2.028721,-0.616174,-1.4125470744611,0.7499546812993,0,1.8e-12
0.9964748143357380,0.0,-0.0000000000000000,-0.0005910254301763,0.0102298042746389,0.0000000000000000,5.8972145754138152,3.0000393451926231,2.029613,-0.620042,-1.4095707805087,0.7415546488276,0,4.6e-12
0.9964737358396049,0.0,0.0000000000000000,-0.0005955026472193,0.0102257629360511,0.0000000000000000,5.8943180554506904,3.0000394124894521,2.030541,-0.623988,-1.4065529535683,0.7329659082926,0,2.7e-12
0.9964726317753605,0.0,-0.0000000000000000,-0.0006000027474119,0.0102216292123921,0.0000000000000000,5.8913606045854792,3.0000394813644178,2.031508,-0.628014,-1.4034938669009,0.7241833393758,0,4.4e-13
0.9964715014652467,0.0,-0.0000000000000000,-0.0006045251548229,0.0102174006967243,0.0000000000000000,5.8883408674696032,3.0000395518601737,2.032516,-0.632122,-1.4003938752594,0.7152016197755,0,8.3e-12
0.9964703442104941,0.0,-0.0000000000000000,-0.0006090692659217,0.0102130749039372,0.0000000000000000,5.8852574545869540,3.0000396240208089,2.033566,-0.636313,-1.3972534198578,0.7060152147046,0,3.6e-12
0.9964691592904467,0.0,0.0000000000000000,-0.0006136344486244,0.0102086492672136,0.0000000000000000,5.8821089411024277,3.0000396978919142,2.034662,-0.640589,-1.3940730417859,0.6966183594925,0,2.6e-12
0.9964679459617636,0.0,0.0000000000000000,-0.0006182200415292,0.0102041211344599,0.0000000000000000,5.8788938656676075,3.0000397735206485,2.035805,-0.644951,-1.3908533846154,0.6870050497160,0,7.4e-13
0.9964667034574280,0.0,0.0000000000000000,-0.0006228253527739,0.0101994877643413,0.0000000000000000,5.8756107291461213,3.0000398509558122,2.036998,-0.649402,-1.3875952085811,0.6771690219918,0,3.2e-12
0.9964654309858511,0.0,0.0000000000000000,-0.0006274496592955,0.0101947463222087,0.0000000000000000,5.8722579932882164,3.0000399302479224,2.038243,-0.653944,-1.3842993983848,0.6671037388953,0,1.7e-12
0.9964641277298215,0.0,0.0000000000000000,-0.0006320922057476,0.0101898938756772,0.0000000000000000,5.8688340793248157,3.0000400114492956,2.039544,-0.658577,-1.3809669768649,0.6568023686218,0,3.2e-12
0.9964627928454263,0.0,0.0000000000000000,-0.0006367522033420,0.0101849273900038,0.0000000000000000,5.8653373664946420,3.0000400946141328,2.040904,-0.663305,-1.3775991148971,0.6462577667271,0,7.9e-12
0.9964614254609508,0.0,0.0000000000000000,-0.0006414288289862,0.0101798437231138,0.0000000000000000,5.8617661904851959,3.0000401797986123,2.042326,-0.668129,-1.3741971466829,0.6354624527771,0,1.1e-11
0.9964600246756087,0.0,0.0000000000000000,-0.0006461212237873,0.0101746396203234,0.0000000000000000,5.8581188417916250,3.0000402670609860,2.043814,-0.673051,-1.3707625843106,0.6244085865693,0,1.1e-11
0.9964585895583411,0.0,0.0000000000000000,-0.0006508284921898,0.0101693117087361,0.0000000000000000,5.8543935639895439,3.0000403564616858,2.045371,-0.678074,-1.3672971339719,0.6130879419953,0,6.9e-12
0.9964571191464542,0.0,0.0000000000000000,-0.0006555497006232,0.0101638564912562,0.0000000000000000,5.8505885519125140,3.0000404480634311,2.047001,-0.683198,-1.3638027141757,0.6014918780216,0,6.2e-12
0.9964556124441674,0.0,0.0000000000000000,-0.0006602838760203,0.0101582703402199,0.0000000000000000,5.8467019497319255,3.0000405419313463,2.048709,-0.688428,-1.3602814746972,0.5896113079493,0,8.1e-12
0.9964540684211193,0.0,-0.0000000000000000,-0.0006650300044831,0.0101525494905955,0.0000000000000000,5.8427318489325373,3.0000406381330893,2.050500,-0.693764,-1.3567358183947,0.5774366647567,0,1.1e-11
0.9964524860107981,0.0,0.0000000000000000,-0.0006697870298922,0.0101466900327475,0.0000000000000000,5.8386762861836461,3.0000407367389816,2.052378,-0.699209,-1.3531684243233,0.5649578639801,0,1.6e-12
0.9964508641088007,0.0,-0.0000000000000000,-0.0006745538521534,0.0101406879046694,0.0000000000000000,5.8345332410951869,3.0000408378221541,2.054349,-0.704766,-1.3495822756571,0.5521642608783,0,2.4e-12
0.9964492015710734,0.0,0.0000000000000000,-0.0006793293255268,0.0101345388837953,0.0000000000000000,5.8303006338777577,3.0000409414586948,2.056418,-0.710437,-1.3459806859519,0.5390446071696,0,5.7e-12
0.9964474972120123,0.0,-0.0000000000000000,-0.0006841122568434,0.0101282385781769,0.0000000000000000,5.8259763228710000,3.0000410477278128,2.058592,-0.716224,-1.3423673318962,0.5255870002135,0,1.3e-11
0.9964457498024490,0.0,-0.0000000000000000,-0.0006889014034488,0.0101217824171342,0.0000000000000000,5.8215581019714024,3.0000411567120104,2.060876,-0.722130,-1.3387462872627,0.5117788291452,0,5.2e-12
0.9964439580675130,0.0,-0.0000000000000000,-0.0006936954710740,0.0101151656412227,0.0000000000000000,5.8170436979410933,3.0000412684972648,2.063280,-0.728158,-1.3351220639372,0.4976067124988,0,7.5e-12
0.9964421206844498,0.0,0.0000000000000000,-0.0006984931116025,0.0101083832916884,0.0000000000000000,5.8124307676420264,3.0000413831732251,2.065809,-0.734310,-1.3314996509446,0.4830564349274,0,2.4e-12
0.9964402362801943,0.0,-0.0000000000000000,-0.0007032929203530,0.0101014301990908,0.0000000000000000,5.8077168951436171,3.0000415008334187,2.068473,-0.740588,-1.3278845651411,0.4681128710747,0,9.3e-12
0.9964383034289642,0.0,0.0000000000000000,-0.0007080934334810,0.0100943009713750,0.0000000000000000,5.8028995887902388,3.0000416215754702,2.071280,-0.746997,-1.3242829000055,0.4527599078891,0,8.4e-12
0.9964363206496227,0.0,-0.0000000000000000,-0.0007128931248345,0.0100869899810943,0.0000000000000000,5.7979762781848283,3.0000417455013366,2.074240,-0.753539,-1.3207013868098,0.4369803529137,0,5.8e-12
0.9964342864029894,0.0,-0.0000000000000000,-0.0007176904026045,0.0100794913519936,0.0000000000000000,5.7929443111769956,3.0000418727175506,2.077363,-0.760216,-1.3171474571829,0.4207558374980,0,4.4e-12
0.9964321990890386,0.0,0.0000000000000000,-0.0007224836057011,0.0100717989447972,0.0000000000000000,5.7878009508581814,3.0000420033354853,2.080661,-0.767032,-1.3136293169449,0.4040667062517,0,3.7e-12
0.9964300570440048,0.0,0.0000000000000000,-0.0007272709995130,0.0100639063423879,0.0000000000000000,5.7825433726548203,3.0000421374716217,2.084146,-0.773990,-1.3101560223791,0.3868918998995,0,4.9e-12
0.9964278585374029,0.0,0.0000000000000000,-0.0007320507714910,0.0100558068341115,0.0000000000000000,5.7771686615110944,3.0000422752478397,2.087831,-0.781093,-1.3067375733931,0.3692088184988,0,9.0e-12
0.9964276346023260,0.0,-0.0000000000000000,-0.0007325302035108,0.0100549818823581,0.0000000000000000,5.7766224129232553,3.0000422892876029,2.088213,-0.781815,-1.3063977821982,0.3674042987078,0,5.8e-12
0.9964274058391807,0.0,0.0000000000000000,-0.0007330185741869,0.0100541391514439,0.0000000000000000,5.7760646164514657,3.0000423036312718,2.088604,-0.782551,-1.3060522788966,0.3655602093794,0,5.5e-12
0.9964271721411111,0.0,-0.0000000000000000,-0.0007335160263501,0.0100532782476544,0.0000000000000000,5.7754950260528970,3.0000423182856313,2.089004,-0.783303,-1.3057010092140,0.3636756399865,0,6.9e-12
0.9964269333987744,0.0,0.0000000000000000,-0.0007340227040993,0.0100523987680750,0.0000000000000000,5.7749133903508216,3.0000423332576269,2.089415,-0.784071,-1.3053439206607,0.3617496571299,0,1.0e-11
0.9964266895002943,0.0,-0.0000000000000000,-0.0007345387528228,0.0100515003003603,0.0000000000000000,5.7743194525147832,3.0000423485543695,2.089836,-0.784855,-1.3049809627886,0.3597813037744,0,1.1e-11
0.9964264403311635,0.0,-0.0000000000000000,-0.0007350643190433,0.0100505824224772,0.0000000000000000,5.7737129501359856,3.0000423641831393,2.090268,-0.785656,-1.3046120880260,0.3577695980101,0,1.1e-11
0.9964261857742064,0.0,0.0000000000000000,-0.0007355995504726,0.0100496447024702,0.0000000000000000,5.7730936151027565,3.0000423801513896,2.090710,-0.786473,-1.3042372506566,0.3557135333800,0,1.5e-12
0.9964259257094841,0.0,-0.0000000000000000,-0.0007361445959105,0.0100486866981670,0.0000000000000000,5.7724611734700551,3.0000423964667542,2.091164,-0.787307,-1.3038564097234,0.3536120758397,0,1.2e-11
0.9964256600142665,0.0,-0.0000000000000000,-0.0007366996052554,0.0100477079569855,0.0000000000000000,5.7718153453308458,3.0000424131370473,2.091629,-0.788159,-1.3034695242600,0.3514641672125,0,2.5e-12
0.9964253885629039,0.0,-0.0000000000000000,-0.0007372647293777,0.0100467080155614,0.0000000000000000,5.7711558446741229,3.0000424301702737,2.092105,-0.789029,-1.3030765598452,0.3492687190109,0,2.2e-12
0.9964251112267993,0.0,-0.0000000000000000,-0.0007378401201346,0.0100456863995420,0.0000000000000000,5.7704823792525479,3.0000424475746308,2.092594,-0.789917,-1.3026774840355,0.3470246157139,0,2.2e-12
0.9964248278742951,0.0,-0.0000000000000000,-0.0007384259302186,0.0100446426232550,0.0000000000000000,5.7697946504359514,3.0000424653585127,2.093096,-0.790823,-1.3022722686839,0.3447307121275,0,4.4e-12
0.9964245383706324,0.0,-0.0000000000000000,-0.0007390223132329,0.0100435761894254,0.0000000000000000,5.7690923530679195,3.0000424835305202,2.093610,-0.791749,-1.3018608899949,0.3423858327306,0,3.3e-12
0.9964242425778271,0.0,0.0000000000000000,-0.0007396294234745,0.0100424865888424,0.0000000000000000,5.7683751753139552,3.0000425020994621,2.094138,-0.792694,-1.3014433292012,0.3399887703432,0,7.5e-12
0.9964239403546208,0.0,0.0000000000000000,-0.0007402474159662,0.0100413733000679,0.0000000000000000,5.7676427985107797,3.0000425210743638,2.094679,-0.793659,-1.3010195715810,0.3375382863032,0,5.1e-12
0.9964236315563707,0.0,-0.0000000000000000,-0.0007408764463360,0.0100402357890715,0.0000000000000000,5.7668948970067362,3.0000425404644684,2.095234,-0.794645,-1.3005896092898,0.3350331073164,0,5.8e-12
0.9964233160349760,0.0,-0.0000000000000000,-0.0007415166707572,0.0100390735089158,0.0000000000000000,5.7661311380033071,3.0000425602792498,2.095804,-0.795651,-1.3001534390804,0.3324719266271,0,6.6e-12
0.9964229936387691,0.0,0.0000000000000000,-0.0007421682458124,0.0100378858993921,0.0000000000000000,5.7653511813881879,3.0000425805284152,2.096389,-0.796678,-1.2997110646044,0.3298534013344,0,5.3e-12
0.9964226642124407,0.0,0.0000000000000000,-0.0007428313284932,0.0100366723866512,0.0000000000000000,5.7645546795668663,3.0000426012219115,2.096989,-0.797727,-1.2992624964519,0.3271761514812,0,6.9e-12
0.9964223275969257,0.0,0.0000000000000000,-0.0007435060760141,0.0100354323828408,0.0000000000000000,5.7637412772892436,3.0000426223699317,2.097605,-0.798797,-1.2988077515901,0.3244387597815,0,3.6e-12
0.9964219836293036,0.0,0.0000000000000000,-0.0007441926457581,0.0100341652856924,0.0000000000000000,5.7629106114706348,3.0000426439829240,2.098237,-0.799891,-1.2983468561034,0.3216397683286,0,1.0e-11
0.9964216321427135,0.0,-0.0000000000000000,-0.0007448911951757,0.0100328704781627,0.0000000000000000,5.7620623110120697,3.0000426660715984,2.098887,-0.801007,-1.2978798428106,0.3187776798753,0,2.3e-12
0.9964212729662153,0.0,-0.0000000000000000,-0.0007456018816473,0.0100315473279551,0.0000000000000000,5.7611959966081692,3.0000426886469325,2.099553,-0.802146,-1.2974067552664,0.3158509533244,0,4.5e-12
0.9964209059247110,0.0,0.0000000000000000,-0.0007463248623891,0.0100301951871561,0.0000000000000000,5.7603112805614956,3.0000427117201820,2.100238,-0.803310,-1.2969276451220,0.3128580052221,0,4.4e-14
0.9964205308387964,0.0,-0.0000000000000000,-0.0007470602942763,0.0100288133917372,0.0000000000000000,5.7594077665801739,3.0000427353028858,2.100941,-0.804498,-1.2964425752967,0.3097972058682,0,5.0e-12
0.9964201475246884,0.0,-0.0000000000000000,-0.0007478083338137,0.0100274012611470,0.0000000000000000,5.7584850495813349,3.0000427594068748,2.101663,-0.805711,-1.2959516188514,0.3066668794562,0,1.2e-12
0.9964197557940480,0.0,-0.0000000000000000,-0.0007485691368615,0.0100259580977814,0.0000000000000000,5.7575427154778582,3.0000427840442843,2.102405,-0.806950,-1.2954548615186,0.3034653006576,0,6.6e-12
0.9964193554539151,0.0,-0.0000000000000000,-0.0007493428586464,0.0100244831865479,0.0000000000000000,5.7565803409728433,3.0000428092275571,2.103167,-0.808214,-1.2949524005885,0.3001906946523,0,5.1e-12
0.9964189463065177,0.0,0.0000000000000000,-0.0007501296534311,0.0100229757943115,0.0000000000000000,5.7555974933351415,3.0000428349694572,2.103950,-0.809505,-1.2944443475073,0.2968412336181,0,4.2e-12
0.9964185281491920,0.0,-0.0000000000000000,-0.0007509296745319,0.0100214351693978,0.0000000000000000,5.7545937301812042,3.0000428612830778,2.104755,-0.810824,-1.2939308278098,0.2934150356951,0,4.7e-12
0.9964181007742053,0.0,-0.0000000000000000,-0.0007517430740048,0.0100198605410384,0.0000000000000000,5.7535685992432928,3.0000428881818499,2.105582,-0.812170,-1.2934119824564,0.2899101625868,0,5.8e-12
0.9964176639686434,0.0,-0.0000000000000000,-0.0007525700025796,0.0100182511188137,0.0000000000000000,5.7525216381356961,3.0000429156795536,2.106432,-0.813544,-1.2928879686729,0.2863246175501,0,8.2e-12
0.9964172175142481,0.0,-0.0000000000000000,-0.0007534106094206,0.0100166060920679,0.0000000000000000,5.7514523741126311,3.0000429437903304,2.107306,-0.814947,-1.2923589609210,0.2826563432814,0,5.4e-12
0.9964167611872513,0.0,-0.0000000000000000,-0.0007542650418955,0.0100149246292904,0.0000000000000000,5.7503603238201091,3.0000429725286910,2.108205,-0.816380,-1.2918251528223,0.2789032187913,0,9.4e-12
0.9964162947582561,0.0,-0.0000000000000000,-0.0007551334454709,0.0100132058775244,0.0000000000000000,5.7492449930464407,3.0000430019095279,2.109130,-0.817843,-1.2912867572533,0.2750630580139,0,1.0e-11
0.9964158179920469,0.0,-0.0000000000000000,-0.0007560159634354,0.0100114489616907,0.0000000000000000,5.7481058764573456,3.0000430319481284,2.110081,-0.819337,-1.2907440084935,0.2711336063619,0,5.0e-12
0.9964153306474103,0.0,0.0000000000000000,-0.0007569127366275,0.0100096529839139,0.0000000000000000,5.7469424573302641,3.0000430626601853,2.111059,-0.820862,-1.2901971640739,0.2671125376270,0,6.4e-12
0.9964148424443097,0.0,-0.0000000000000000,-0.0007578057273906,0.0100078537573492,0.0000000000000000,5.7457779715667261,3.0000430934334585,2.112045,-0.822388,-1.2896574396736,0.2630798330566,0,1.1e-11
0.9964143433955583,0.0,-0.0000000000000000,-0.0007587130473306,0.0100060144675232,0.0000000000000000,5.7445886301796518,3.0000431248977972,2.113060,-0.823946,-1.2891141163362,0.2589527662172,0,5.7e-12
0.9964138332469821,0.0,-0.0000000000000000,-0.0007596348309191,0.0100041341667074,0.0000000000000000,5.7433738922660567,3.0000431570697850,2.114104,-0.825537,-1.2885675097528,0.2547288471556,0,3.5e-12
0.9964133117378777,0.0,-0.0000000000000000,-0.0007605712094665,0.0100022118821722,0.0000000000000000,5.7421332046863620,3.0000431899664517,2.115179,-0.827161,-1.2880179624049,0.2504055059048,0,4.7e-12
0.9964127786008399,0.0,0.0000000000000000,-0.0007615223109267,0.0100002466154076,0.0000000000000000,5.7408660017689765,3.0000432236052892,2.116286,-0.828820,-1.2874658464419,0.2459800882255,0,2.1e-12
0.9964122335615320,0.0,0.0000000000000000,-0.0007624882595220,0.0099982373412967,0.0000000000000000,5.7395717050061714,3.0000432580042626,2.117425,-0.830514,-1.2869115665396,0.2414498511498,0,7.5e-12
0.9964116763385302,0.0,-0.0000000000000000,-0.0007634691755808,0.0099961830073199,0.0000000000000000,5.7382497227512541,3.0000432931818297,2.118598,-0.832243,-1.2863555595447,0.2368119613357,0,3.9e-12
0.9964111066430500,0.0,-0.0000000000000000,-0.0007644651750496,0.0099940825326407,0.0000000000000000,5.7368994498947616,3.0000433291569535,2.119807,-0.834008,-1.2857982995917,0.2320634884458,0,2.8e-12
0.9964105241787776,0.0,0.0000000000000000,-0.0007654763693101,0.0099919348072448,0.0000000000000000,5.7355202675495462,3.0000433659491210,2.121051,-0.835811,-1.2852402986274,0.2272014025448,0,7.3e-12
0.9964099286416489,0.0,0.0000000000000000,-0.0007665028648475,0.0099897386910137,0.0000000000000000,5.7341115427187992,3.0000434035783572,2.122334,-0.837652,-1.2846821091561,0.2222225694573,0,7.1e-12
0.9964093197195831,0.0,-0.0000000000000000,-0.0007675447628066,0.0099874930127297,0.0000000000000000,5.7326726279536322,3.0000434420652460,2.123656,-0.839532,-1.2841243277011,0.2171237452955,0,5.1e-12
0.9964086970922708,0.0,-0.0000000000000000,-0.0007686021586977,0.0099851965690956,0.0000000000000000,5.7312028610129744,3.0000434814309465,2.125018,-0.841451,-1.2835675969036,0.2119015720638,0,5.1e-12
0.9964080604309220,0.0,0.0000000000000000,-0.0007696751419873,0.0099828481236987,0.0000000000000000,5.7297015645115517,3.0000435216972119,2.126423,-0.843410,-1.2830126091805,0.2065525719968,0,6.9e-12
0.9964074093980134,0.0,0.0000000000000000,-0.0007707637957058,0.0099804464059324,0.0000000000000000,5.7281680455596460,3.0000435628864115,2.127872,-0.845411,-1.2824601095852,0.2010731421613,0,8.3e-12
0.9964067436470272,0.0,0.0000000000000000,-0.0007718681960366,0.0099779901098762,0.0000000000000000,5.7266015953964331,3.0000436050215464,2.129365,-0.847455,-1.2819108991739,0.1954595486659,0,7.2e-12
0.9964060628221812,0.0,-0.0000000000000000,-0.0007729884118747,0.0099754778931420,0.0000000000000000,5.7250014890185676,3.0000436481262778,2.130907,-0.849541,-1.2813658397127,0.1897079194998,0,7.1e-12
0.9964053665581419,0.0,-0.0000000000000000,-0.0007741245043322,0.0099729083756739,0.0000000000000000,5.7233669848008129,3.0000436922249412,2.132497,-0.851671,-1.2808258566660,0.1838142387559,0,8.8e-12
0.9964046544797623,0.0,-0.0000000000000000,-0.0007752765263445,0.0099702801385145,0.0000000000000000,5.7216973241125908,3.0000437373425743,2.134138,-0.853846,-1.2802919437279,0.1777743393064,0,7.8e-12
0.9964039262017537,0.0,-0.0000000000000000,-0.0007764445220625,0.0099675917224996,0.0000000000000000,5.7199917309239519,3.0000437835049403,2.135832,-0.856067,-1.2797651677576,0.1715838949082,0,6.8e-12
0.9964031813284154,0.0,-0.0000000000000000,-0.0007776285264410,0.0099648416269377,0.0000000000000000,5.7182494114134599,3.0000438307385489,2.137582,-0.858335,-1.2792466735798,0.1652384123438,0,7.0e-12
0.9964024194532982,0.0,0.0000000000000000,-0.0007788285645978,0.0099620283082245,0.0000000000000000,5.7164695535668786,3.0000438790706854,2.139389,-0.860651,-1.2787376889495,0.1587332232059,0,6.3e-12
0.9964016557538625,0.0,0.0000000000000000,-0.0007800204276126,0.0099592077794721,0.0000000000000000,5.7146876894863778,3.0000439275394708,2.141218,-0.862968,-1.2782492759719,0.1521971057317,0,1.0e-11
0.9964008902248298,0.0,-0.0000000000000000,-0.0007812041507205,0.0099563800029485,0.0000000000000000,5.7129038152137444,3.0000439761455833,2.143069,-0.865287,-1.2777817174038,0.1456296411009,0,1.3e-12
0.9964001071912238,0.0,-0.0000000000000000,-0.0007824036614519,0.0099534870429570,0.0000000000000000,5.7110814823053646,3.0000440258852943,2.144982,-0.867655,-1.2773264191689,0.1388954761394,0,3.2e-12
0.9963993062222357,0.0,0.0000000000000000,-0.0007836189597777,0.0099505272556704,0.0000000000000000,5.7092198397923282,3.0000440767877037,2.146958,-0.870073,-1.2768848550879,0.1319894732447,0,9.1e-12
0.9963984868753440,0.0,0.0000000000000000,-0.0007848500340494,0.0099474989497220,0.0000000000000000,5.7073180173651528,3.0000441288827706,2.149001,-0.872542,-1.2764586016909,0.1249062876028,0,2.4e-12
0.9963976486959124,0.0,-0.0000000000000000,-0.0007860968602641,0.0099444003845132,0.0000000000000000,5.7053751249555607,3.0000441822013473,2.151113,-0.875063,-1.2760493494638,0.1176403522394,0,8.8e-12
0.9963968083772967,0.0,0.0000000000000000,-0.0007873342625532,0.0099412932282152,0.0000000000000000,5.7034299476425661,3.0000442356827572,2.153253,-0.877586,-1.2756664385989,0.1103352673620,0,1.4e-12
0.9963959487097941,0.0,-0.0000000000000000,-0.0007885872292516,0.0099381138002236,0.0000000000000000,5.7014427416470923,3.0000442904235922,2.155466,-0.880162,-1.2753032778883,0.1028402475424,0,2.5e-12
0.9963950692125387,0.0,-0.0000000000000000,-0.0007898557072433,0.0099348602509719,0.0000000000000000,5.6994125758081191,3.0000443464566757,2.157755,-0.882793,-1.2749618451996,0.0951491904656,0,7.2e-12
0.9963941693915169,0.0,-0.0000000000000000,-0.0007911396288830,0.0099315306765738,0.0000000000000000,5.6973384981156761,3.0000444038158189,2.160123,-0.885479,-1.2746442562684,0.0872557331352,0,4.2e-12
0.9963932487391657,0.0,-0.0000000000000000,-0.0007924389111124,0.0099281231170127,0.0000000000000000,5.6952195353379436,3.0000444625358478,2.162575,-0.888222,-1.2743527753991,0.0791532363735,0,4.0e-12
0.9963923067340227,0.0,-0.0000000000000000,-0.0007937534546741,0.0099246355543389,0.0000000000000000,5.6930546926724874,3.0000445226526415,2.165113,-0.891023,-1.2740898243533,0.0708347705192,0,7.0e-12
0.9963913428403467,0.0,-0.0000000000000000,-0.0007950831432633,0.0099210659107650,0.0000000000000000,5.6908429533961939,3.0000445842031631,2.167741,-0.893883,-1.2738579941683,0.0622930980531,0,1.1e-11
0.9963903565077278,0.0,0.0000000000000000,-0.0007964278425992,0.0099174120467240,0.0000000000000000,5.6885832785349173,3.0000446472254989,2.170464,-0.896804,-1.2736600555630,0.0535206572626,0,3.8e-12
0.9963893471706832,0.0,0.0000000000000000,-0.0007977873994639,0.0099136717588374,0.0000000000000000,5.6862746065478627,3.0000447117588935,2.173285,-0.899786,-1.2734989742858,0.0445095406260,0,6.3e-12
0.9963883142482950,0.0,0.0000000000000000,-0.0007991616407248,0.0099098427779415,0.0000000000000000,5.6839158530581111,3.0000447778437871,2.176209,-0.902831,-1.2733779213305,0.0352514779804,0,2.9e-12
0.9963872571437857,0.0,-0.0000000000000000,-0.0008005503722691,0.0099059227669228,0.0000000000000000,5.6815059105736001,3.0000448455218569,2.179241,-0.905940,-1.2733002897413,0.0257378126502,0,4.1e-12
0.9963861752441596,0.0,-0.0000000000000000,-0.0008019533779832,0.0099019093186273,0.0000000000000000,5.6790436482736757,3.0000449148360540,2.182385,-0.909116,-1.2732697093156,0.0159594793711,0,5.3e-12
0.9963850679197856,0.0,-0.0000000000000000,-0.0008033704185550,0.0098977999536529,0.0000000000000000,5.6765279118081402,3.0000449858306428,2.185648,-0.912358,-1.2732900633546,0.0059069795620,0,4.3e-12
0.9963839345240166,0.0,0.0000000000000000,-0.0008048012303265,0.0098935921181187,0.0000000000000000,5.6739575231457362,3.0000450585512470,2.189034,-0.915669,-1.2733655070455,-0.0044296455100,0,3.9e-12
0.9963827743928089,0.0,0.0000000000000000,-0.0008062455240589,0.0098892831814101,0.0000000000000000,5.6713312804726757,3.0000451330448867,2.192550,-0.919049,-1.2735004868210,-0.0150608429278,0,5.4e-12
0.9963815868443441,0.0,0.0000000000000000,-0.0008077029836526,0.0098848704338744,0.0000000000000000,5.6686479581386244,3.0000452093600232,2.196201,-0.922501,-1.2736997606529,-0.0259975780332,0,9.8e-12
0.9963803711786573,0.0,0.0000000000000000,-0.0008091732647793,0.0098803510844990,0.0000000000000000,5.6659063066620758,3.0000452875466022,2.199994,-0.926026,-1.2739684204159,-0.0372513669346,0,7.2e-12
0.9963791266772943,0.0,0.0000000000000000,-0.0008106559935988,0.0098757222585150,0.0000000000000000,5.6631050527911242,3.0000453676560972,2.203937,-0.929625,-1.2743119174270,-0.0488343129603,0,3.8e-12
0.9963778526029359,0.0,-0.0000000000000000,-0.0008121507651586,0.0098709809950391,0.0000000000000000,5.6602428996539276,3.0000454497415534,2.208036,-0.933300,-1.2747360869576,-0.0607591426188,0,9.1e-12
0.9963776008134919,0.0,0.0000000000000000,-0.0008124434207285,0.0098700437035178,0.0000000000000000,5.6596779418920864,3.0000454659724465,2.208853,-0.934025,-1.2748286623870,-0.0631238982311,0,9.0e-13
0.9963773435978617,0.0,-0.0000000000000000,-0.0008127414522605,0.0098690861104345,0.0000000000000000,5.6591010390485126,3.0000454825561098,2.209691,-0.934765,-1.2749262302239,-0.0655424072967,0,1.0e-11
0.9963770808363136,0.0,0.0000000000000000,-0.0008130449409021,0.0098681077629499,0.0000000000000000,5.6585119372555628,3.0000454995004615,2.210550,-0.935521,-1.2750290351089,-0.0680159876278,0,4.0e-12
0.9963768124063670,0.0,-0.0000000000000000,-0.0008133539682868,0.0098671081975280,0.0000000000000000,5.6579103772152326,3.0000455168136098,2.211430,-0.936293,-1.2751373358717,-0.0705459961580,0,1.1e-11
0.9963765381827216,0.0,-0.0000000000000000,-0.0008136686163561,0.0098660869397594,0.0000000000000000,5.6572960940898547,3.0000455345038537,2.212332,-0.937081,-1.2752514023047,-0.0731338263490,0,2.2e-12
0.9963762580371852,0.0,-0.0000000000000000,-0.0008139889674185,0.0098650435039912,0.0000000000000000,5.6566688173775903,3.0000455525796914,2.213257,-0.937885,-1.2753715192671,-0.0757809129876,0,9.6e-12
0.9963759718386215,0.0,0.0000000000000000,-0.0008143151040494,0.0098639773931305,0.0000000000000000,5.6560282708003502,3.0000455710498239,2.214205,-0.938707,-1.2754979831610,-0.0784887293792,0,6.5e-12
0.9963756794528539,0.0,0.0000000000000000,-0.0008146471090526,0.0098628880982720,0.0000000000000000,5.6553741721729587,3.0000455899231624,2.215176,-0.939545,-1.2756311067494,-0.0812587928132,0,6.3e-12
0.9963753807426086,0.0,0.0000000000000000,-0.0008149850654039,0.0098617750984430,0.0000000000000000,5.6547062332843305,3.0000456092088292,2.216173,-0.940402,-1.2757712171390,-0.0840926633404,0,1.9e-12
0.9963750755674198,0.0,-0.0000000000000000,-0.0008153290561698,0.0098606378602565,0.0000000000000000,5.6540241597665037,3.0000456289161677,2.217195,-0.941276,-1.2759186581691,-0.0869919469102,0,5.9e-12
0.9963747637835795,0.0,0.0000000000000000,-0.0008156791644940,0.0098594758376289,0.0000000000000000,5.6533276509695494,3.0000456490547460,2.218242,-0.942169,-1.2760737897230,-0.0899582954247,0,8.4e-12
0.9963744452440367,0.0,0.0000000000000000,-0.0008160354735026,0.0098582884714161,0.0000000000000000,5.6526163998248729,3.0000456696343654,2.219317,-0.943080,-1.2762369898782,-0.0929934096992,0,9.8e-12
0.9963741197983229,0.0,0.0000000000000000,-0.0008163980662361,0.0098570751890888,0.0000000000000000,5.6518900927126117,3.0000456906650617,2.220419,-0.944011,-1.2764086549356,-0.0960990404178,0,5.8e-12
0.9963737872924550,0.0,-0.0000000000000000,-0.0008167670255531,0.0098558354043675,0.0000000000000000,5.6511484093235049,3.0000457121571169,2.221550,-0.944961,-1.2765892012864,-0.0992769907481,0,1.9e-12
0.9963734475688588,0.0,-0.0000000000000000,-0.0008171424340700,0.0098545685168737,0.0000000000000000,5.6503910225220704,3.0000457341210627,2.222710,-0.945931,-1.2767790656959,-0.1025291176207,0,7.5e-12
0.9963731004662993,0.0,0.0000000000000000,-0.0008175243741193,0.0098532739117820,0.0000000000000000,5.6496175982060253,3.0000457565676859,2.223900,-0.946921,-1.2769787057528,-0.1058573330392,0,4.8e-12
0.9963727458197534,0.0,0.0000000000000000,-0.0008179129275938,0.0098519509593862,0.0000000000000000,5.6488277951555608,3.0000457795080391,2.225121,-0.947932,-1.2771886030391,-0.1092636081577,0,8.8e-12
0.9963723834603467,0.0,0.0000000000000000,-0.0008183081758989,0.0098505990147610,0.0000000000000000,5.6480212648942549,3.0000458029534447,2.226374,-0.948965,-1.2774092618572,-0.1127499731756,0,9.3e-12
0.9963720132152333,0.0,-0.0000000000000000,-0.0008187101998072,0.0098492174173215,0.0000000000000000,5.6471976515333457,3.0000458269155046,2.227660,-0.950019,-1.2776412119998,-0.1163185209285,0,4.9e-12
0.9963716349075235,0.0,-0.0000000000000000,-0.0008191190794379,0.0098478054904178,0.0000000000000000,5.6463565916243681,3.0000458514061044,2.228980,-0.951095,-1.2778850097247,-0.1199714091127,0,2.6e-12
0.9963712483561606,0.0,0.0000000000000000,-0.0008195348940575,0.0098463625409150,0.0000000000000000,5.6454977140049669,3.0000458764374245,2.230335,-0.952194,-1.2781412392979,-0.1237108627648,0,5.5e-12
0.9963708533758379,0.0,-0.0000000000000000,-0.0008199577220250,0.0098448878587582,0.0000000000000000,5.6446206396430449,3.0000459020219465,2.231726,-0.953316,-1.2784105133108,-0.1275391758501,0,5.3e-12
0.9963704497768732,0.0,0.0000000000000000,-0.0008203876406314,0.0098433807165010,0.0000000000000000,5.6437249814750539,3.0000459281724607,2.233154,-0.954461,-1.2786934758249,-0.1314587155010,0,4.3e-12
0.9963700373651118,0.0,0.0000000000000000,-0.0008208247259932,0.0098418403688486,0.0000000000000000,5.6428103442479918,3.0000459549020757,2.234621,-0.955630,-1.2789908029962,-0.1354719239554,0,9.1e-12
0.9963696159418259,0.0,-0.0000000000000000,-0.0008212690529373,0.0098402660521977,0.0000000000000000,5.6418763243573924,3.0000459822242260,2.236128,-0.956824,-1.2793032045981,-0.1395813212912,0,6.6e-12
0.9963691853035757,0.0,-0.0000000000000000,-0.0008217206948130,0.0098386569841036,0.0000000000000000,5.6409225096769768,3.0000460101526847,2.237675,-0.958043,-1.2796314269156,-0.1437895097691,0,8.7e-12
0.9963687452421280,0.0,-0.0000000000000000,-0.0008221797234180,0.0098370123628183,0.0000000000000000,5.6399484793985470,3.0000460387015644,2.239264,-0.959288,-1.2799762531990,-0.1480991753560,0,3.9e-12
0.9963682955442865,0.0,0.0000000000000000,-0.0008226462087130,0.0098353313667213,0.0000000000000000,5.6389538038544638,3.0000460678853367,2.240897,-0.960559,-1.2803385069729,-0.1525130929013,0,5.3e-12
0.9963678359918317,0.0,-0.0000000000000000,-0.0008231202188243,0.0098336131538315,0.0000000000000000,5.6379380443561988,3.0000460977188332,2.242575,-0.961856,-1.2807190530728,-0.1570341283465,0,6.0e-12
0.9963673663613444,0.0,-0.0000000000000000,-0.0008236018197317,0.0098318568612170,0.0000000000000000,5.6369007530130961,3.0000461282172632,2.244299,-0.963180,-1.2811188005741,-0.1616652433365,0,8.3e-12
0.9963668864241124,0.0,-0.0000000000000000,-0.0008240910751777,0.0098300616044518,0.0000000000000000,5.6358414725622588,3.0000461593962178,2.246071,-0.964533,-1.2815387044535,-0.1664094984764,0,3.5e-12
0.9963663959459846,0.0,-0.0000000000000000,-0.0008245880464610,0.0098282264770021,0.0000000000000000,5.6347597361887809,3.0000461912716836,2.247893,-0.965913,-1.2819797692966,-0.1712700587085,0,2.8e-12
0.9963658946872296,0.0,0.0000000000000000,-0.0008250927921789,0.0098263505496499,0.0000000000000000,5.6336550673525840,3.0000462238600520,2.249766,-0.967323,-1.2824430510542,-0.1762501967917,0,9.6e-12
0.9963653824024217,0.0,-0.0000000000000000,-0.0008256053680924,0.0098244328698820,0.0000000000000000,5.6325269796083610,3.0000462571781332,2.251692,-0.968762,-1.2829296585076,-0.1813532967627,0,2.8e-12
0.9963648588402796,0.0,0.0000000000000000,-0.0008261258268919,0.0098224724612007,0.0000000000000000,5.6313749764194645,3.0000462912431658,2.253672,-0.970231,-1.2834407594935,-0.1865828618440,0,2.8e-12
0.9963643237435394,0.0,0.0000000000000000,-0.0008266542179553,0.0098204683225287,0.0000000000000000,5.6301985509878412,3.0000463260728267,2.255709,-0.971731,-1.2839775810568,-0.1919425167144,0,4.3e-12
0.9963637768488085,0.0,0.0000000000000000,-0.0008271905871374,0.0098184194275091,0.0000000000000000,5.6289971860663250,3.0000463616852486,2.257804,-0.973263,-1.2845414141174,-0.1974360142897,0,1.5e-12
0.9963632178863853,0.0,-0.0000000000000000,-0.0008277349764411,0.0098163247237895,0.0000000000000000,5.6277703537741326,3.0000463980990282,2.259960,-0.974826,-1.2851336168416,-0.2030672412069,0,8.4e-12
0.9963626465801736,0.0,0.0000000000000000,-0.0008282874239207,0.0098141831323655,0.0000000000000000,5.6265175154251095,3.0000464353332403,2.262178,-0.976422,-1.2857556171866,-0.2088402226817,0,5.5e-12
0.9963620626474491,0.0,-0.0000000000000000,-0.0008288479632192,0.0098119935467757,0.0000000000000000,5.6252381213312130,3.0000464734074517,2.264460,-0.978052,-1.2864089187288,-0.2147591307066,0,3.5e-12
0.9963614657987507,0.0,0.0000000000000000,-0.0008294166234109,0.0098097548323896,0.0000000000000000,5.6239316106331474,3.0000465123417364,2.266810,-0.979715,-1.2870951038285,-0.2208282897684,0,1.0e-11
0.9963608557377265,0.0,0.0000000000000000,-0.0008299934287110,0.0098074658256455,0.0000000000000000,5.6225974111186670,3.0000465521566855,2.269229,-0.981413,-1.2878158369603,-0.2270521826761,0,7.9e-12
0.9963602321609172,0.0,-0.0000000000000000,-0.0008305783980580,0.0098051253331934,0.0000000000000000,5.6212349390319885,3.0000465928734257,2.271720,-0.983147,-1.2885728713757,-0.2334354602096,0,7.9e-12
0.9963595947576466,0.0,-0.0000000000000000,-0.0008311715449299,0.0098027321311262,0.0000000000000000,5.6198435989080062,3.0000466345136330,2.274285,-0.984917,-1.2893680523423,-0.2399829469591,0,6.4e-12
0.9963589432097989,0.0,-0.0000000000000000,-0.0008317728768717,0.0098002849640989,0.0000000000000000,5.6184227833872376,3.0000466770995482,2.276928,-0.986724,-1.2902033239802,-0.2466996513623,0,9.4e-12
0.9963582771917003,0.0,-0.0000000000000000,-0.0008323823952936,0.0097977825444986,0.0000000000000000,5.6169718730481693,3.0000467206539918,2.279650,-0.988569,-1.2910807318557,-0.2535907715256,0,2.8e-12
0.9963575963698778,0.0,0.0000000000000000,-0.0008330000949825,0.0097952235514670,0.0000000000000000,5.6154902362230024,3.0000467652003828,2.282454,-0.990452,-1.2920024335462,-0.2606617091011,0,6.3e-12
0.9963569004029303,0.0,-0.0000000000000000,-0.0008336259637596,0.0097926066301024,0.0000000000000000,5.6139772288503167,3.0000468107627518,2.285345,-0.992374,-1.2929706998771,-0.2679180739411,0,9.9e-12
0.9963561889413280,0.0,0.0000000000000000,-0.0008342599821476,0.0097899303904097,0.0000000000000000,5.6124321942857884,3.0000468573657608,2.288325,-0.994337,-1.2939879240312,-0.2753656971553,0,4.4e-12
0.9963554616272086,0.0,-0.0000000000000000,-0.0008349021228931,0.0097871934063338,0.0000000000000000,5.6108544631477377,3.0000469050347220,2.291397,-0.996340,-1.2950566293852,-0.2830106428183,0,1.0e-11
0.9963547180942069,0.0,0.0000000000000000,-0.0008355523505306,0.0097843942148263,0.0000000000000000,5.6092433531696502,3.0000469537956129,2.294565,-0.998385,-1.2961794745087,-0.2908592169633,0,2.0e-12
0.9963541284884339,0.0,0.0000000000000000,-0.0008360635162282,0.0097821736656184,0.0000000000000000,5.6079670719158079,3.0000469924828304,2.297096,-1.000005,-1.2970917826761,-0.2971070377627,0,1.5e-12
0.9963541285828962,0.0,0.0000000000000000,-0.0008360634346587,0.0097821740214301,0.0000000000000000,5.6079672762941390,3.0000469924766309,2.297096,-1.000004,-1.2970916348065,-0.2971060349610,0,2.1e-12
0.9963541286773591,0.0,0.0000000000000000,-0.0008360633530948,0.0097821743772389,0.0000000000000000,5.6079674806724693,3.0000469924704314,2.297096,-1.000004,-1.2970914870524,-0.2971050322649,0,2.0e-12
0.9963541287718162,0.0,0.0000000000000000,-0.0008360632715084,0.0097821747330481,0.0000000000000000,5.6079676850508005,3.0000469924642323,2.297095,-1.000004,-1.2970913394924,-0.2971040297579,0,2.1e-12
0.9963541288662776,0.0,0.0000000000000000,-0.0008360631899376,0.0097821750888571,0.0000000000000000,5.6079678894291316,3.0000469924580320,2.297095,-1.000004,-1.2970911918313,-0.2971030271418,0,1.9e-12
0.9963541289607390,0.0,0.0000000000000000,-0.0008360631083663,0.0097821754446663,0.0000000000000000,5.6079680938074619,3.0000469924518325,2.297094,-1.000003,-1.2970910440546,-0.2971020244089,0,2.5e-12
0.9963541290551969,0.0,0.0000000000000000,-0.0008360630267813,0.0097821758004758,0.0000000000000000,5.6079682981857930,3.0000469924456334,2.297094,-1.000003,-1.2970908962425,-0.2971010216902,0,2.5e-12
0.9963541291496567,0.0,0.0000000000000000,-0.0008360629452044,0.0097821761562844,0.0000000000000000,5.6079685025641242,3.0000469924394340,2.297094,-1.000003,-1.2970907487121,-0.2971000191763,0,2.0e-12
0.9963541292441135,0.0,0.0000000000000000,-0.0008360628636168,0.0097821765120931,0.0000000000000000,5.6079687069424544,3.0000469924332349,2.297093,-1.000003,-1.2970906009222,-0.2970990164441,0,2.0e-12
0.9963541293385745,0.0,0.0000000000000000,-0.0008360627820434,0.0097821768679021,0.0000000000000000,5.6079689113207856,3.0000469924270350,2.297093,-1.000002,-1.2970904532764,-0.2970980138634,0,1.9e-12
0.9963541294330324,0.0,0.0000000000000000,-0.0008360627004574,0.0097821772237108,0.0000000000000000,5.6079691156991167,3.0000469924208355,2.297092,-1.000002,-1.2970903055846,-0.2970970112137,0,8.1e-13
0.9963541295274895,0.0,0.0000000000000000,-0.0008360626188706,0.0097821775795201,0.0000000000000000,5.6079693200774479,3.0000469924146365,2.297092,-1.000002,-1.2970901578601,-0.2970960085274,0,2.2e-12
0.9963541296219502,0.0,0.0000000000000000,-0.0008360625372980,0.0097821779353282,0.0000000000000000,5.6079695244557781,3.0000469924084365,2.297092,-1.000002,-1.2970900100544,-0.2970950058266,0,1.8e-12
0.9963541297164102,0.0,0.0000000000000000,-0.0008360624557220,0.0097821782911365,0.0000000000000000,5.6079697288341093,3.0000469924022379,2.297091,-1.000001,-1.2970898623831,-0.2970940031806,0,1.9e-12
0.9963541298108696,0.0,0.0000000000000000,-0.0008360623741432,0.0097821786469450,0.0000000000000000,5.6079699332124404,3.0000469923960380,2.297091,-1.000001,-1.2970897147156,-0.2970930005719,0,1.7e-12
0.9963541299053285,0.0,0.0000000000000000,-0.0008360622925617,0.0097821790027536,0.0000000000000000,5.6079701375907707,3.0000469923898385,2.297090,-1.000001,-1.2970895669965,-0.2970919978976,0,1.9e-12
0.9963541299997886,0.0,0.0000000000000000,-0.0008360622109854,0.0097821793585617,0.0000000000000000,5.6079703419691018,3.0000469923836390,2.297090,-1.000000,-1.2970894192614,-0.2970909952139,0,1.6e-12
0.9963541300942469,0.0,0.0000000000000000,-0.0008360621294022,0.0097821797143701,0.0000000000000000,5.6079705463474330,3.0000469923774400,2.297089,-1.000000,-1.2970892715109,-0.2970899925410,0,1.9e-12
0.9963541301887081,0.0,0.0000000000000000,-0.0008360620478298,0.0097821800701785,0.0000000000000000,5.6079707507257632,3.0000469923712401,2.297089,-1.000000,-1.2970891236848,-0.2970889897725,0,3.1e-12
0.9963541302831663,0.0,0.0000000000000000,-0.0008360619662475,0.0097821804259862,0.0000000000000000,5.6079709551040944,3.0000469923650406,2.297089,-1.000000,-1.2970889760412,-0.2970879871718,0,3.0e-12
0.9963539579672526,0.0,0.0000000000000000,-0.0008362106210298,0.0097815313147050,0.0000000000000000,5.6075981690285968,3.0000470036750975,2.297832,-1.000473,-1.2973592635555,-0.2989179825929,0,5.3e-12
0.9963531808623816,0.0,0.0000000000000000,-0.0008368768812485,0.0097786031656958,0.0000000000000000,5.6059182022186747,3.0000470547005449,2.301202,-1.002604,-1.2985989524340,-0.3071937703472,0,4.8e-12
0.9963523863865124,0.0,0.0000000000000000,-0.0008375510684687,0.0097756081872501,0.0000000000000000,5.6042027308891686,3.0000471069000492,2.304680,-1.004779,-1.2999016590790,-0.3156936939122,0,5.6e-12
0.9963515741372737,0.0,0.0000000000000000,-0.0008382331099645,0.0097725447574599,0.0000000000000000,5.6024510197205899,3.0000471603024512,2.308270,-1.006999,-1.3012706727026,-0.3244251642528,0,6.0e-12
0.9963507437027743,0.0,0.0000000000000000,-0.0008389229224306,0.0097694112118726,0.0000000000000000,5.6006623197891887,3.0000472149373576,2.311975,-1.009265,-1.3027094635462,-0.3333959049694,0,3.6e-12
0.9963498946613931,0.0,-0.0000000000000000,-0.0008396204114670,0.0097662058422808,0.0000000000000000,5.5988358684447626,3.0000472708351640,2.315800,-1.011579,-1.3042216939233,-0.3426139693697,0,4.9e-12
0.9963490265815810,0.0,0.0000000000000000,-0.0008403254710623,0.0097629268955019,0.0000000000000000,5.5969708891997216,3.0000473280270787,2.319751,-1.013940,-1.3058112294058,-0.3520877578949,0,7.1e-12
0.9963481390216246,0.0,-0.0000000000000000,-0.0008410379829905,0.0097595725720760,0.0000000000000000,5.5950665916159261,3.0000473865451429,2.323832,-1.016350,-1.3074821509843,-0.3618260367863,0,8.2e-12
0.9963472315294311,0.0,0.0000000000000000,-0.0008417578162548,0.0097561410249366,0.0000000000000000,5.5931221712053016,3.0000474464222577,2.328048,-1.018810,-1.3092387681530,-0.3718379585149,0,8.7e-12
0.9963463036422996,0.0,0.0000000000000000,-0.0008424848264723,0.0097526303580427,0.0000000000000000,5.5911368093398135,3.0000475076922082,2.332406,-1.021320,-1.3110856319665,-0.3821330823535,0,8.3e-12
0.9963453548866901,0.0,0.0000000000000000,-0.0008432188552551,0.0097490386249581,0.0000000000000000,5.5891096731676049,3.0000475703896869,2.336910,-1.023883,-1.3130275512316,-0.3927213986095,0,4.2e-12
0.9963443847779853,0.0,0.0000000000000000,-0.0008439597295828,0.0097453638273589,0.0000000000000000,5.5870399155353843,3.0000476345503251,2.341567,-1.026498,-1.3150696065372,-0.4036133514362,0,2.4e-12
0.9963433928202493,0.0,-0.0000000000000000,-0.0008447072611249,0.0097416039135235,0.0000000000000000,5.5849266749273978,3.0000477002107151,2.346384,-1.029167,-1.3172171681122,-0.4148198660181,0,5.3e-12
0.9963423785059823,0.0,0.0000000000000000,-0.0008454612455755,0.0097377567767343,0.0000000000000000,5.5827690754036423,3.0000477674084434,2.351366,-1.031890,-1.3194759128501,-0.4263523753712,0,8.1e-12
0.9963413413158650,0.0,-0.0000000000000000,-0.0008462214619710,0.0097338202536105,0.0000000000000000,5.5805662265466713,3.0000478361821172,2.356522,-1.034670,-1.3218518430405,-0.4382228501068,0,8.9e-12
0.9963402807184881,0.0,-0.0000000000000000,-0.0008469876719409,0.0097297921223797,0.0000000000000000,5.5783172234173302,3.0000479065713970,2.361858,-1.037507,-1.3243513079285,-0.4504438311056,0,2.3e-12
0.9963391961700856,0.0,-0.0000000000000000,-0.0008477596190089,0.0097256701010547,0.0000000000000000,5.5760211465175500,3.0000479786170304,2.367383,-1.040402,-1.3269810251902,-0.4630284637666,0,6.0e-12
0.9963380871142697,0.0,-0.0000000000000000,-0.0008485370278330,0.0097214518455985,0.0000000000000000,5.5736770617697919,3.0000480523608823,2.373104,-1.043355,-1.3297481023219,-0.4759905322806,0,7.2e-12
0.9963369529817200,0.0,0.0000000000000000,-0.0008493196034226,0.0097171349478889,0.0000000000000000,5.5712840204756686,3.0000481278459734,2.379030,-1.046370,-1.3326600637457,-0.4893445015142,0,8.3e-12
0.9963357931898946,0.0,0.0000000000000000,-0.0008501070303750,0.0097127169336595,0.0000000000000000,5.5688410592986024,3.0000482051165145,2.385170,-1.049445,-1.3357248760026,-0.5031055573693,0,6.6e-12
0.9963346071427067,0.0,-0.0000000000000000,-0.0008508989720496,0.0097081952603004,0.0000000000000000,5.5663472002406005,3.0000482842179483,2.391534,-1.052583,-1.3389509767968,-0.5172896528241,0,7.7e-12
0.9963334185107585,0.0,0.0000000000000000,-0.0008516792689807,0.0097036599970359,0.0000000000000000,5.5638523668728155,3.0000483635750639,2.398000,-1.055721,-1.3422783459782,-0.5316196212136,0,8.4e-12
0.9963322029790543,0.0,-0.0000000000000000,-0.0008524635197986,0.0096990181884503,0.0000000000000000,5.5613056820398130,3.0000484448148268,2.404703,-1.058923,-1.3457796448882,-0.5463948562404,0,8.5e-12
0.9963309599232070,0.0,0.0000000000000000,-0.0008532513408590,0.0096942671415788,0.0000000000000000,5.5587061408327028,3.0000485279853799,2.411654,-1.062189,-1.3494645122814,-0.5616332544790,0,1.5e-12
0.9963296887041863,0.0,-0.0000000000000000,-0.0008540423248395,0.0096894040873177,0.0000000000000000,5.5560527235788140,3.0000486131362316,2.418865,-1.065522,-1.3533431676095,-0.5773536545169,0,7.7e-12
0.9963283886679494,0.0,-0.0000000000000000,-0.0008548360398954,0.0096844261776953,0.0000000000000000,5.5533443957996615,3.0000487003183061,2.426348,-1.068922,-1.3574264438716,-0.5935758937281,0,6.1e-12
0.9963281150593372,0.0,0.0000000000000000,-0.0008550011443182,0.0096833779162769,0.0000000000000000,5.5527750688217088,3.0000487186799045,2.427937,-1.069636,-1.3583009806913,-0.5970090393277,0,7.2e-12
0.9963278356092503,0.0,0.0000000000000000,-0.0008551690798674,0.0096823070585749,0.0000000000000000,5.5521938285215198,3.0000487374382185,2.429565,-1.070365,-1.3591996615236,-0.6005223494078,0,7.7e-12
0.9963275501912000,0.0,-0.0000000000000000,-0.0008553398797417,0.0096812131055215,0.0000000000000000,5.5516004271884078,3.0000487566020464,2.431233,-1.071110,-1.3601232582092,-0.6041178807239,0,9.1e-12
0.9963272586758950,0.0,0.0000000000000000,-0.0008555135767750,0.0096800955465349,0.0000000000000000,5.5509946120537101,3.0000487761803911,2.432942,-1.071870,-1.3610725712994,-0.6077977510339,0,7.1e-12
0.9963269609311736,0.0,-0.0000000000000000,-0.0008556902033842,0.0096789538592236,0.0000000000000000,5.5503761251921109,3.0000487961824627,2.434694,-1.072646,-1.3620484319771,-0.6115641422666,0,9.4e-12
0.9963266568219472,0.0,0.0000000000000000,-0.0008558697915300,0.0096777875091103,0.0000000000000000,5.5497447034230616,3.0000488166176895,2.436489,-1.073438,-1.3630517017531,-0.6154193007952,0,6.6e-12
0.9963263462101098,0.0,0.0000000000000000,-0.0008560523726109,0.0096765959493037,0.0000000000000000,5.5491000782072826,3.0000488374957173,2.438329,-1.074246,-1.3640832754507,-0.6193655419864,0,8.6e-12
0.9963260289545028,0.0,0.0000000000000000,-0.0008562379774896,0.0096753786202181,0.0000000000000000,5.5484419755470373,3.0000488588264189,2.440215,-1.075071,-1.3651440819406,-0.6234052515002,0,8.8e-12
0.9963257049108105,0.0,0.0000000000000000,-0.0008564266363475,0.0096741349492255,0.0000000000000000,5.5477701158782651,3.0000488806198971,2.442149,-1.075914,-1.3662350854369,-0.6275408880687,0,1.1e-11
0.9963253739315114,0.0,0.0000000000000000,-0.0008566183786796,0.0096728643503477,0.0000000000000000,5.5470842139667536,3.0000489028864932,2.444131,-1.076773,-1.3673572871145,-0.6317749861963,0,1.1e-11
0.9963250358657906,0.0,0.0000000000000000,-0.0008568132331969,0.0096715662239036,0.0000000000000000,5.5463839787986844,3.0000489256367922,2.446163,-1.077651,-1.3685117273370,-0.6361101595091,0,9.5e-12
0.9963246905594665,0.0,0.0000000000000000,-0.0008570112277628,0.0096702399561666,0.0000000000000000,5.5456691134718632,3.0000489488816271,2.448247,-1.078547,-1.3696994862150,-0.6405491027332,0,9.9e-12
0.9963243378549184,0.0,0.0000000000000000,-0.0008572123893294,0.0096688849190136,0.0000000000000000,5.5449393150847257,3.0000489726320887,2.450383,-1.079462,-1.3709216875485,-0.6450945968494,0,8.9e-12
0.9963239775909921,0.0,0.0000000000000000,-0.0008574167438307,0.0096675004695383,0.0000000000000000,5.5441942746219057,3.0000489968995292,2.452575,-1.080395,-1.3721794973458,-0.6497495089569,0,1.1e-11
0.9963236096029401,0.0,0.0000000000000000,-0.0008576243161466,0.0096660859497002,0.0000000000000000,5.5434336768418468,3.0000490216955709,2.454822,-1.081348,-1.3734741288035,-0.6545167988101,0,4.7e-12
0.9963232337223153,0.0,0.0000000000000000,-0.0008578351299860,0.0096646406858940,0.0000000000000000,5.5426572001575236,3.0000490470321117,2.457127,-1.082321,-1.3748068432529,-0.6593995212316,0,3.5e-12
0.9963228497768984,0.0,-0.0000000000000000,-0.0008580492077977,0.0096631639885884,0.0000000000000000,5.5418645165216693,3.0000490729213345,2.459492,-1.083313,-1.3761789526400,-0.6644008301585,0,5.7e-12
0.9963224575906046,0.0,0.0000000000000000,-0.0008582665706858,0.0096616551518914,0.0000000000000000,5.5410552913044073,3.0000490993757118,2.461919,-1.084327,-1.3775918205584,-0.6695239811089,0,3.3e-12
0.9963220569833945,0.0,0.0000000000000000,-0.0008584872383176,0.0096601134531208,0.0000000000000000,5.5402291831721504,3.0000491264080149,2.464408,-1.085361,-1.3790468669207,-0.6747723378879,0,2.7e-12
0.9963216477711749,0.0,-0.0000000000000000,-0.0008587112287950,0.0096585381523692,0.0000000000000000,5.5393858439643768,3.0000491540313230,2.466962,-1.086417,-1.3805455688622,-0.6801493750126,0,4.0e-12
0.9963212297657180,0.0,0.0000000000000000,-0.0008589385585896,0.0096569284920574,0.0000000000000000,5.5385249185694692,3.0000491822590289,2.469584,-1.087494,-1.3820894628696,-0.6856586817767,0,4.6e-12
0.9963208027745495,0.0,-0.0000000000000000,-0.0008591692423949,0.0096552836964568,0.0000000000000000,5.5376460447962010,3.0000492111048480,2.472274,-1.088594,-1.3836801500636,-0.6913039696472,0,4.6e-12
0.9963203666008534,0.0,-0.0000000000000000,-0.0008594032930232,0.0096536029712104,0.0000000000000000,5.5367488532458022,3.0000492405828272,2.475036,-1.089717,-1.3853192965305,-0.6970890741879,0,4.9e-12
0.9963199210433697,0.0,0.0000000000000000,-0.0008596407212813,0.0096518855028393,0.0000000000000000,5.5358329671817010,3.0000492707073567,2.477871,-1.090863,-1.3870086379776,-0.7030179624127,0,4.4e-12
0.9963194658962862,0.0,0.0000000000000000,-0.0008598815358418,0.0096501304582228,0.0000000000000000,5.5348980023967949,3.0000493014931728,2.480782,-1.092032,-1.3887499821472,-0.7090947368982,0,6.5e-12
0.9963190009491412,0.0,-0.0000000000000000,-0.0008601257431324,0.0096483369840843,0.0000000000000000,5.5339435670805708,3.0000493329553737,2.483771,-1.093226,-1.3905452132711,-0.7153236429822,0,4.8e-12
0.9963185259866856,0.0,-0.0000000000000000,-0.0008603733471340,0.0096465042064185,0.0000000000000000,5.5329692616804378,3.0000493651094242,2.486841,-1.094444,-1.3923962942823,-0.7217090732778,0,5.8e-12
0.9963180407888043,0.0,-0.0000000000000000,-0.0008606243493242,0.0096446312299577,0.0000000000000000,5.5319746787680453,3.0000493979711704,2.489993,-1.095688,-1.3943052722675,-0.7282555756377,0,6.8e-12
0.9963175451303737,0.0,-0.0000000000000000,-0.0008608787484611,0.0096427171375700,0.0000000000000000,5.5309594028962028,3.0000494315568473,2.493231,-1.096957,-1.3962742809154,-0.7349678582789,0,5.0e-12
0.9963170387811423,0.0,-0.0000000000000000,-0.0008611365404343,0.0096407609896538,0.0000000000000000,5.5299230104583383,3.0000494658830892,2.496558,-1.098252,-1.3983055462838,-0.7418507986586,0,6.2e-12
0.9963165215056240,0.0,0.0000000000000000,-0.0008613977181338,0.0096387618235362,0.0000000000000000,5.5288650695467920,3.0000495009669423,2.499976,-1.099574,-1.4004013892093,-0.7489094484667,0,4.2e-12
0.9963159930629500,0.0,0.0000000000000000,-0.0008616622712382,0.0096367186528047,0.0000000000000000,5.5277851398047968,3.0000495368258773,2.503488,-1.100924,-1.4025642332948,-0.7561490452662,0,4.0e-12
0.9963154532067484,0.0,-0.0000000000000000,-0.0008619301860540,0.0096346304666558,0.0000000000000000,5.5266827722812826,3.0000495734777965,2.507097,-1.102301,-1.4047966059293,-0.7635750161790,0,4.7e-12
0.9963149016850164,0.0,-0.0000000000000000,-0.0008622014453511,0.0096324962292079,0.0000000000000000,5.5255575092814917,3.0000496109410517,2.510807,-1.103706,-1.4071011471537,-0.7711929909253,0,4.9e-12
0.9963143382399666,0.0,-0.0000000000000000,-0.0008624760281337,0.0096303148787757,0.0000000000000000,5.5244088842141750,3.0000496492344553,2.514621,-1.105140,-1.4094806123609,-0.7790088075068,0,6.3e-12
0.9963137626078949,0.0,0.0000000000000000,-0.0008627539094568,0.0096280853271432,0.0000000000000000,5.5232364214396563,3.0000496883772896,2.518542,-1.106604,-1.4119378799379,-0.7870285243881,0,3.7e-12
0.9963131745190239,0.0,0.0000000000000000,-0.0008630350602059,0.0096258064587823,0.0000000000000000,5.5220396361130542,3.0000497283893268,2.522574,-1.108098,-1.4144759573238,-0.7952584300383,0,6.4e-12
0.9963125736973710,0.0,-0.0000000000000000,-0.0008633194469134,0.0096234771300859,0.0000000000000000,5.5208180340292374,3.0000497692908388,2.526720,-1.109622,-1.4170979865242,-0.8037050531370,0,4.8e-12
0.9963119598605681,0.0,0.0000000000000000,-0.0008636070314803,0.0096210961685139,0.0000000000000000,5.5195711114589878,3.0000498111026115,2.530985,-1.111178,-1.4198072522210,-0.8123751751389,0,4.2e-12
0.9963113327197144,0.0,0.0000000000000000,-0.0008638977709716,0.0096186623717570,0.0000000000000000,5.5182983549895832,3.0000498538459639,2.535373,-1.112766,-1.4226071886269,-0.8212758420370,0,4.5e-12
0.9963106919792145,0.0,0.0000000000000000,-0.0008641916173806,0.0096161745068486,0.0000000000000000,5.5169992413596800,3.0000498975427607,2.539887,-1.114386,-1.4255013868656,-0.8304143764835,0,5.9e-12
0.9963100373365957,0.0,0.0000000000000000,-0.0008644885173442,0.0096136313092378,0.0000000000000000,5.5156732372911046,3.0000499422154290,2.544533,-1.116039,-1.4284936033480,-0.8397983920640,0,6.4e-12
0.9963093684823424,0.0,0.0000000000000000,-0.0008647884119087,0.0096110314818382,0.0000000000000000,5.5143197993199369,3.0000499878869764,2.549314,-1.117726,-1.4315877697521,-0.8494358086069,0,5.3e-12
0.9963086850997044,0.0,-0.0000000000000000,-0.0008650912362321,0.0096083736940228,0.0000000000000000,5.5129383736229478,3.0000500345810082,2.554236,-1.119448,-1.4347880000693,-0.8593348654036,0,4.8e-12
0.9963079868645158,0.0,-0.0000000000000000,-0.0008653969193137,0.0096056565805993,0.0000000000000000,5.5115283958434151,3.0000500823217444,2.559304,-1.121205,-1.4380986026495,-0.8695041398798,0,6.9e-12
0.9963072734449967,0.0,0.0000000000000000,-0.0008657053836904,0.0096028787407280,0.0000000000000000,5.5100892909118402,3.0000501311340435,2.564522,-1.122998,-1.4415240877955,-0.8799525615384,0,5.5e-12
0.9963065445015494,0.0,0.0000000000000000,-0.0008660165451286,0.0096000387367914,0.0000000000000000,5.5086204728638002,3.0000501810434161,2.569896,-1.124827,-1.4450691822666,-0.8906894342180,0,6.7e-12
0.9963057996865570,0.0,-0.0000000000000000,-0.0008663303123157,0.0095971350932395,0.0000000000000000,5.5071213446561540,3.0000502320760480,2.575433,-1.126694,-1.4487388377809,-0.9017244520723,0,4.7e-12
0.9963050386441532,0.0,0.0000000000000000,-0.0008666465865035,0.0095941662953466,0.0000000000000000,5.5055912979764026,3.0000502842588248,2.581137,-1.128599,-1.4525382454209,-0.9130677219518,0,6.9e-12
0.9963042610100171,0.0,0.0000000000000000,-0.0008669652612020,0.0095911307879639,0.0000000000000000,5.5040297130528373,3.0000503376193510,2.587015,-1.130542,-1.4564728478266,-0.9247297848690,0,6.6e-12
0.9963034664111229,0.0,0.0000000000000000,-0.0008672862217890,0.0095880269741648,0.0000000000000000,5.5024359584550062,3.0000503921859747,2.593074,-1.132525,-1.4605483536286,-0.9367216390092,0,4.4e-12
0.9963026544655056,0.0,0.0000000000000000,-0.0008676093451508,0.0095848532138688,0.0000000000000000,5.5008093908947906,3.0000504479878121,2.599320,-1.134549,-1.4647707525864,-0.9490547653323,0,5.2e-12
0.9963018247820101,0.0,0.0000000000000000,-0.0008679344993002,0.0095816078223853,0.0000000000000000,5.4991493550203705,3.0000505050547712,2.605760,-1.136613,-1.4691463302760,-0.9617411525957,0,5.2e-12
0.9963009769600322,0.0,0.0000000000000000,-0.0008682615429862,0.0095782890688917,0.0000000000000000,5.4974551832056813,3.0000505634175823,2.612401,-1.138720,-1.4736816868608,-0.9747933273852,0,6.4e-12
0.9963001105892414,0.0,0.0000000000000000,-0.0008685903252600,0.0095748951748450,0.0000000000000000,5.4957261953343082,3.0000506231078252,2.619253,-1.140869,-1.4783837521642,-0.9882243812738,0,2.2e-12
0.9962992252492924,0.0,0.0000000000000000,-0.0008689206850412,0.0095714243122979,0.0000000000000000,5.4939616985773307,3.0000506841579542,2.626322,-1.143062,-1.4832598099779,-1.0020480078149,0,6.4e-12
0.9962983205095570,0.0,0.0000000000000000,-0.0008692524507292,0.0095678746021816,0.0000000000000000,5.4921609871689512,3.0000507466013335,2.633617,-1.145299,-1.4883175110418,-1.0162785295876,0,5.9e-12
0.9962973959287837,0.0,-0.0000000000000000,-0.0008695854396661,0.0095642441124378,0.0000000000000000,5.4903233421677511,3.0000508104722687,2.641146,-1.147582,-1.4935649011154,-1.0309309406889,0,3.8e-12
0.9962964510547904,0.0,-0.0000000000000000,-0.0008699194576845,0.0095605308561104,0.0000000000000000,5.4884480312184314,3.0000508758060378,2.648921,-1.149910,-1.4990104436055,-1.0460209451720,0,5.1e-12
0.9962954854241350,0.0,0.0000000000000000,-0.0008702542986317,0.0095567327893170,0.0000000000000000,5.4865343083027929,3.0000509426389312,2.656949,-1.152286,-1.5046630393515,-1.0615649939431,0,5.1e-12
0.9962944985617532,0.0,-0.0000000000000000,-0.0008705897438162,0.0095528478091203,0.0000000000000000,5.4845814134826236,3.0000510110082832,2.665242,-1.154710,-1.5105320585428,-1.0775803345918,0,5.7e-12
0.9962934899806072,0.0,-0.0000000000000000,-0.0008709255615138,0.0095488737512962,0.0000000000000000,5.4825885726353132,3.0000510809525167,2.673810,-1.157182,-1.5166273681860,-1.0940850583270,0,5.6e-12
0.9962924591812840,0.0,-0.0000000000000000,-0.0008712615063646,0.0095448083879655,0.0000000000000000,5.4805549971778138,3.0000511525111793,2.682664,-1.159705,-1.5229593593462,-1.1110981481661,0,5.7e-12
0.9962914056516026,0.0,0.0000000000000000,-0.0008715973188107,0.0095406494251229,0.0000000000000000,5.4784798837834803,3.0000512257249907,2.691817,-1.162278,-1.5295389839819,-1.1286395382415,0,3.4e-12
0.9962903288661914,0.0,0.0000000000000000,-0.0008719327245076,0.0095363945000047,0.0000000000000000,5.4763624140863891,3.0000513006358851,2.701281,-1.164903,-1.5363777858116,-1.1467301686917,0,4.2e-12
0.9962892282860485,0.0,-0.0000000000000000,-0.0008722674336859,0.0095320411783476,0.0000000000000000,5.4742017543767041,3.0000513772870612,2.711069,-1.167581,-1.5434879407119,-1.1653920522178,0,3.6e-12
0.9962881033580658,0.0,-0.0000000000000000,-0.0008726011404860,0.0095275869514527,0.0000000000000000,5.4719970552802222,3.0000514557230313,2.721195,-1.170313,-1.5508822953180,-1.1846483404581,0,4.9e-12
0.9962869535145589,0.0,0.0000000000000000,-0.0008729335223225,0.0095230292331243,0.0000000000000000,5.4697474514297060,3.0000515359896767,2.731673,-1.173099,-1.5585744100096,-1.2045233976458,0,5.8e-12
0.9962857781727310,0.0,-0.0000000000000000,-0.0008732642391221,0.0095183653563957,0.0000000000000000,5.4674520611181059,3.0000516181343007,2.742520,-1.175941,-1.5665786053956,-1.2250428791080,0,6.1e-12
0.9962845767341509,0.0,-0.0000000000000000,-0.0008735929326346,0.0095135925701016,0.0000000000000000,5.4651099859415080,3.0000517022056905,2.753751,-1.178841,-1.5749100119841,-1.2462338162063,0,5.4e-12
0.9962833485841742,0.0,0.0000000000000000,-0.0008739192256478,0.0095087080352208,0.0000000000000000,5.4627203104235349,3.0000517882541811,2.765383,-1.181798,-1.5835846246046,-1.2681247092034,0,4.7e-12
0.9962820930913452,0.0,-0.0000000000000000,-0.0008742427211865,0.0095037088210229,0.0000000000000000,5.4602821016255776,3.0000518763317174,2.777434,-1.184815,-1.5926193578167,-1.2907456233657,0,4.4e-12
0.9962808096067646,0.0,-0.0000000000000000,-0.0008745630016867,0.0094985919009703,0.0000000000000000,5.4577944087385681,3.0000519664919305,2.789924,-1.187892,-1.6020321100101,-1.3141282975039,0,4.1e-12
0.9962794974634238,0.0,0.0000000000000000,-0.0008748796281281,0.0094933541483788,0.0000000000000000,5.4552562626572154,3.0000520587902066,2.802872,-1.191030,-1.6118418287836,-1.3383062579242,0,3.1e-12
0.9962781559754943,0.0,0.0000000000000000,-0.0008751921391080,0.0094879923318076,0.0000000000000000,5.4526666755350330,3.0000521532837707,2.816300,-1.194232,-1.6220685841829,-1.3633149433822,0,4.3e-12
0.9962767844375899,0.0,0.0000000000000000,-0.0008755000499079,0.0094825031101746,0.0000000000000000,5.4500246403194694,3.0000522500317652,2.830230,-1.197497,-1.6327336455467,-1.3891918388043,0,3.8e-12
0.9962753821239753,0.0,-0.0000000000000000,-0.0008758028514970,0.0094768830275360,0.0000000000000000,5.4473291302647686,3.0000523490953452,2.844687,-1.200827,-1.6438595680727,-1.4159766236651,0,1.2e-11
0.9962739482877416,0.0,0.0000000000000000,-0.0008761000094789,0.0094711285076050,0.0000000000000000,5.4445790984251792,3.0000524505377677,2.859694,-1.204224,-1.6554702802416,-1.4437113257849,0,3.9e-12
0.9962724821599032,0.0,-0.0000000000000000,-0.0008763909630082,0.0094652358477682,0.0000000000000000,5.4417734771175272,3.0000525544244931,2.875279,-1.207688,-1.6675911858694,-1.4724404963218,0,1.2e-11
0.9962709829484987,0.0,-0.0000000000000000,-0.0008766751236457,0.0094592012129479,0.0000000000000000,5.4389111773743579,3.0000526608232940,2.891471,-1.211221,-1.6802492706108,-1.5022113957671,0,1.1e-11
0.9962694498375630,0.0,-0.0000000000000000,-0.0008769518741252,0.0094530206288084,0.0000000000000000,5.4359910883516136,3.0000527698043662,2.908298,-1.214825,-1.6934732150035,-1.5330741925492,0,1.0e-11
0.9962678819861120,0.0,-0.0000000000000000,-0.0008772205671365,0.0094466899746996,0.0000000000000000,5.4330120767272136,3.0000528814404497,2.925794,-1.218501,-1.7072935246791,-1.5650821881362,0,9.8e-12
0.9962662785270121,0.0,-0.0000000000000000,-0.0008774805239593,0.0094402049760305,0.0000000000000000,5.4299729860613537,3.0000529958069597,2.943992,-1.222249,-1.7217426652764,-1.5982920545221,0,9.1e-12
0.9962646385658026,0.0,0.0000000000000000,-0.0008777310330634,0.0094335611961587,0.0000000000000000,5.4268726361313302,3.0000531129821217,2.962928,-1.226072,-1.7368552114966,-1.6327640951160,0,6.0e-12
0.9962629611794410,0.0,-0.0000000000000000,-0.0008779713486361,0.0094267540277023,0.0000000000000000,5.4237098222351161,3.0000532330471166,2.982640,-1.229972,-1.7526680100221,-1.6685625313152,0,6.8e-12
0.9962612454149663,0.0,-0.0000000000000000,-0.0008782006890063,0.0094197786832689,0.0000000000000000,5.4204833144639046,3.0000533560862426,3.003169,-1.233949,-1.7692203556701,-1.7057558128889,0,7.2e-12
0.9962594902880846,0.0,0.0000000000000000,-0.0008784182350150,0.0094126301855061,0.0000000000000000,5.4171918569407298,3.0000534821870755,3.024559,-1.238004,-1.7865541850691,-1.7444169595611,0,7.4e-12
0.9962576947816481,0.0,-0.0000000000000000,-0.0008786231282395,0.0094053033564547,0.0000000000000000,5.4138341670246861,3.0000536114406513,3.046855,-1.242141,-1.8047142869542,-1.7846239325293,0,4.2e-12
0.9962558578440506,0.0,0.0000000000000000,-0.0008788144691648,0.0093977928061210,0.0000000000000000,5.4104089344793254,3.0000537439416579,3.070108,-1.246360,-1.8237485361321,-1.8264600473189,0,5.9e-12
0.9962539783875050,0.0,-0.0000000000000000,-0.0008789913152077,0.0093900929202162,0.0000000000000000,5.4069148206031095,3.0000538797886391,3.094371,-1.250663,-1.8437081412555,-1.8700144174820,0,5.2e-12
0.9962520552862109,0.0,0.0000000000000000,-0.0008791526786467,0.0093821978469679,0.0000000000000000,5.4033504573195152,3.0000540190842155,3.119699,-1.255051,-1.8646479257952,-1.9153824506862,0,6.1e-12
0.9962500873743804,0.0,-0.0000000000000000,-0.0008792975243701,0.0093741014829374,0.0000000000000000,5.3997144462256506,3.0000541619353185,3.146154,-1.259527,-1.8866266299740,-1.9626663892549,0,7.0e-12
0.9962480734441581,0.0,-0.0000000000000000,-0.0008794247675692,0.0093657974577503,0.0000000000000000,5.3960053575973532,3.0000543084534481,3.173800,-1.264092,-1.9097072465212,-2.0119759087785,0,5.3e-12
0.9962460122433565,0.0,0.0000000000000000,-0.0008795332711864,0.0093572791176141,0.0000000000000000,5.3922217293456605,3.0000544587549429,3.202706,-1.268749,-1.9339573890482,-2.0634287765840,0,4.3e-12
0.9962439024730446,0.0,-0.0000000000000000,-0.0008796218432327,0.0093485395075315,0.0000000000000000,5.3883620659244711,3.0000546129612791,3.232948,-1.273498,-1.9594496975027,-2.1171515796972,0,7.6e-12
0.9962417427849678,0.0,0.0000000000000000,-0.0008796892339514,0.0093395713520740,0.0000000000000000,5.3844248371845129,3.0000547711993821,3.264604,-1.278342,-1.9862622839407,-2.1732805282077,0,8.8e-12
0.9962395317787434,0.0,-0.0000000000000000,-0.0008797341327024,0.0093303670345509,0.0000000000000000,5.3804084771686131,3.0000549336019771,3.297762,-1.283283,-2.0144792285525,-2.2319623465693,0,9.2e-12
0.9962372679988720,0.0,0.0000000000000000,-0.0008797551647109,0.0093209185744422,0.0000000000000000,5.3763113828450475,3.0000551003079559,3.332514,-1.288323,-2.0441911291521,-2.2933552646973,0,5.2e-12
0.9962349499314842,0.0,-0.0000000000000000,-0.0008797508875112,0.0093112176028533,0.0000000000000000,5.3721319127710752,3.0000552714627822,3.368960,-1.293464,-2.0754957067505,-2.3576301162941,0,2.4e-12
0.9962346434415239,0.0,-0.0000000000000000,-0.0008797483848609,0.0093099329810113,0.0000000000000000,5.3715805152252010,3.0000552941268568,3.373845,-1.294143,-2.0797024399573,-2.3662371476827,0,5.0e-13
0.9962343303883617,0.0,-0.0000000000000000,-0.0008797453641176,0.0093086203704365,0.0000000000000000,5.3710176002088570,3.0000553172845690,3.378851,-1.294835,-2.0840157348683,-2.3750550019192,0,1.2e-12
0.9962340106281533,0.0,0.0000000000000000,-0.0008797417948950,0.0093072791363738,0.0000000000000000,5.3704429277522294,3.0000553409471027,3.383981,-1.295542,-2.0884386840283,-2.3840895318721,0,2.0e-12
0.9962336840137285,0.0,-0.0000000000000000,-0.0008797376453356,0.0093059086284607,0.0000000000000000,5.3698562528793694,3.0000553651259150,3.389238,-1.296264,-2.0929744884110,-2.3933467865743,0,2.1e-12
0.9962333503945198,0.0,-0.0000000000000000,-0.0008797328820822,0.0093045081802909,0.0000000000000000,5.3692573255015370,3.0000553898327467,3.394627,-1.297001,-2.0976264583702,-2.4028330145144,0,2.1e-12
0.9962330096164658,0.0,-0.0000000000000000,-0.0008797274701847,0.0093030771089539,0.0000000000000000,5.3686458903077474,3.0000554150796273,3.400151,-1.297753,-2.1023980209777,-2.4125546751721,0,3.5e-12
0.9962326615219128,0.0,0.0000000000000000,-0.0008797213730102,0.0093016147145568,0.0000000000000000,5.3680216866527424,3.0000554408788820,3.405813,-1.298521,-2.1072927252031,-2.4225184482429,0,3.8e-12
0.9962323059495429,0.0,-0.0000000000000000,-0.0008797145522280,0.0093001202797370,0.0000000000000000,5.3673844484425812,3.0000554672431479,3.411619,-1.299304,-2.1123142444831,-2.4327312383044,0,3.7e-12
0.9962319427342594,0.0,-0.0000000000000000,-0.0008797069676828,0.0092985930691494,0.0000000000000000,5.3667339040170123,3.0000554941853723,3.417571,-1.300105,-2.1174663853389,-2.4432001902203,0,4.6e-12
0.9962315717070891,0.0,-0.0000000000000000,-0.0008796985773210,0.0092970323289367,0.0000000000000000,5.3660697760292058,3.0000555217188314,3.423675,-1.300922,-2.1227530909904,-2.4539326946905,0,5.9e-12
0.9962311926950890,0.0,0.0000000000000000,-0.0008796893371340,0.0092954372861814,0.0000000000000000,5.3653917813226144,3.0000555498571333,3.429934,-1.301756,-2.1281784474544,-2.4649364007846,0,6.7e-12
0.9962308055212260,0.0,0.0000000000000000,-0.0008796792010316,0.0092938071483358,0.0000000000000000,5.3646996308044432,3.0000555786142313,3.436354,-1.302607,-2.1337466893005,-2.4762192250191,0,6.9e-12
0.9962304100042779,0.0,-0.0000000000000000,-0.0008796681207866,0.0092921411026250,0.0000000000000000,5.3639930293163802,3.0000556080044332,3.442939,-1.303476,-2.1394622105955,-2.4877893683848,0,1.2e-12
0.9962300059587186,0.0,0.0000000000000000,-0.0008796560459142,0.0092904383154652,0.0000000000000000,5.3632716755012790,3.0000556380424110,3.449693,-1.304364,-2.1453295630767,-2.4996553192998,0,2.8e-13
0.9962295931945910,0.0,0.0000000000000000,-0.0008796429235813,0.0092886979317783,0.0000000000000000,5.3625352616675599,3.0000556687432147,3.456623,-1.305270,-2.1513534737490,-2.5118258768876,0,9.3e-13
0.9962291715173961,0.0,-0.0000000000000000,-0.0008796286985079,0.0092869190743619,0.0000000000000000,5.3617834736489920,3.0000557001222812,3.463733,-1.306195,-2.1575388442866,-2.5243101563799,0,6.9e-13
0.9962287407279586,0.0,-0.0000000000000000,-0.0008796133128416,0.0092851008431951,0.0000000000000000,5.3610159906612509,3.0000557321954453,3.471030,-1.307139,-2.1638907639402,-2.5371176080010,0,4.6e-13
0.9962283006223064,0.0,0.0000000000000000,-0.0008795967060728,0.0092832423147218,0.0000000000000000,5.3602324851547101,3.0000557649789572,3.478517,-1.308103,-2.1704145155849,-2.5502580296719,0,5.4e-13
0.9962278509915223,0.0,0.0000000000000000,-0.0008795788148786,0.0092813425411073,0.0000000000000000,5.3594326226629585,3.0000557984894889,3.486202,-1.309087,-2.1771155863668,-2.5637415848157,0,1.0e-12
0.9962273916216161,0.0,0.0000000000000000,-0.0008795595730321,0.0092794005494655,0.0000000000000000,5.3586160616474610,3.0000558327441533,3.494091,-1.310091,-2.1839996753904,-2.5775788163461,0,1.3e-12
0.9962269222933686,0.0,0.0000000000000000,-0.0008795389112443,0.0092774153410495,0.0000000000000000,5.3577824533376228,3.0000558677605129,3.502190,-1.311117,-2.1910727064362,-2.5917806683323,0,1.4e-12
0.9962264427821936,0.0,-0.0000000000000000,-0.0008795167570645,0.0092753858904163,0.0000000000000000,5.3569314415666183,3.0000559035565999,3.510505,-1.312164,-2.1983408356658,-2.6063585012439,0,1.8e-12
0.9962259528579672,0.0,-0.0000000000000000,-0.0008794930346961,0.0092733111445476,0.0000000000000000,5.3560626626021302,3.0000559401509261,3.519043,-1.313233,-2.2058104635787,-2.6213241118050,0,3.0e-12
0.9962254522848750,0.0,-0.0000000000000000,-0.0008794676648790,0.0092711900219394,0.0000000000000000,5.3551757449724908,3.0000559775625026,3.527813,-1.314324,-2.2134882475719,-2.6366897556059,0,4.3e-12
0.9962249408212414,0.0,0.0000000000000000,-0.0008794405647261,0.0092690214116508,0.0000000000000000,5.3542703092874575,3.0000560158108542,3.536820,-1.315438,-2.2213811145835,-2.6524681689344,0,5.6e-12
0.9962244182193519,0.0,-0.0000000000000000,-0.0008794116475577,0.0092668041723080,0.0000000000000000,5.3533459680536257,3.0000560549160369,3.546072,-1.316576,-2.2294962725455,-2.6686725899305,0,7.0e-12
0.9962238842252756,0.0,-0.0000000000000000,-0.0008793808227430,0.0092645371310698,0.0000000000000000,5.3524023254841779,3.0000560948986550,3.555578,-1.317737,-2.2378412260631,-2.6853167857791,0,8.4e-12
0.9962233385786697,0.0,0.0000000000000000,-0.0008793479955154,0.0092622190825306,0.0000000000000000,5.3514389773027107,3.0000561357798823,3.565346,-1.318922,-2.2464237907655,-2.7024150777607,0,8.1e-13
0.9962227810125830,0.0,0.0000000000000000,-0.0008793130667643,0.0092598487876282,0.0000000000000000,5.3504555105401597,3.0000561775814791,3.575385,-1.320133,-2.2552521080139,-2.7199823684817,0,7.1e-13
0.9962222112532612,0.0,0.0000000000000000,-0.0008792759329075,0.0092574249724022,0.0000000000000000,5.3494515033266667,3.0000562203258143,3.585703,-1.321368,-2.2643346609306,-2.7380341702396,0,1.7e-12
0.9962216290199091,0.0,0.0000000000000000,-0.0008792364856024,0.0092549463267864,0.0000000000000000,5.3484265246745686,3.0000562640358850,3.596310,-1.322630,-2.2736802969649,-2.7565866407465,0,4.1e-13
0.9962210340244929,0.0,-0.0000000000000000,-0.0008791946116080,0.0092524115033040,0.0000000000000000,5.3473801342553529,3.0000563087353398,3.607216,-1.323918,-2.2832982367774,-2.7756566085702,0,1.6e-12
0.9962204259714900,0.0,-0.0000000000000000,-0.0008791501925185,0.0092498191157047,0.0000000000000000,5.3463118821681981,3.0000563544485033,3.618431,-1.325232,-2.2931981039805,-2.7952616153971,0,3.0e-12
0.9962198045576500,0.0,-0.0000000000000000,-0.0008791031045427,0.0092471677375369,0.0000000000000000,5.3452213087004958,3.0000564012003981,3.629965,-1.326575,-2.3033899418199,-2.8154199497629,0,2.6e-12
0.9962191694717435,0.0,-0.0000000000000000,-0.0008790532182690,0.0092444559006483,0.0000000000000000,5.3441079440796067,3.0000564490167729,3.641830,-1.327945,-2.3138842332637,-2.8361506860380,0,2.6e-12
0.9962185203942895,0.0,0.0000000000000000,-0.0008790003983920,0.0092416820936163,0.0000000000000000,5.3429713082151817,3.0000564979241284,3.654037,-1.329345,-2.3246919288305,-2.8574737281245,0,1.1e-12
0.9962178569972798,0.0,-0.0000000000000000,-0.0008789445034565,0.0092388447600892,0.0000000000000000,5.3418109104318061,3.0000565479497445,3.666598,-1.330773,-2.3358244677610,-2.8794098542425,0,1.9e-12
0.9962171789438901,0.0,-0.0000000000000000,-0.0008788853855803,0.0092359422970542,0.0000000000000000,5.3406262491909313,3.0000565991217125,3.679526,-1.332232,-2.3472938081400,-2.9019807618849,0,1.4e-12
0.9962164858881645,0.0,-0.0000000000000000,-0.0008788228901369,0.0092329730530036,0.0000000000000000,5.3394168118015468,3.0000566514689653,3.692833,-1.333721,-2.3591124541863,-2.9252091236202,0,3.2e-12
0.9962157774747065,0.0,-0.0000000000000000,-0.0008787568554783,0.0092299353260103,0.0000000000000000,5.3381820741190245,3.0000567050213078,3.706535,-1.335241,-2.3712934879525,-2.9491186384474,0,1.5e-12
0.9962150533383323,0.0,0.0000000000000000,-0.0008786871125817,0.0092268273616997,0.0000000000000000,5.3369215002307282,3.0000567598094579,3.720644,-1.336794,-2.3838505976157,-2.9737340874790,0,1.3e-12
0.9962143131037181,0.0,-0.0000000000000000,-0.0008786134847172,0.0092236473511031,0.0000000000000000,5.3356345421281102,3.0000568158650736,3.735177,-1.338379,-2.3967981168019,-2.9990814006507,0,1.7e-12
0.9962135563850317,0.0,-0.0000000000000000,-0.0008785357870973,0.0092203934284015,0.0000000000000000,5.3343206393637344,3.0000568732208022,3.750148,-1.339997,-2.4101510579556,-3.0251877176648,0,2.5e-12
0.9962127827855282,0.0,0.0000000000000000,-0.0008784538264702,0.0092170636685334,0.0000000000000000,5.3329792186922047,3.0000569319103136,3.765575,-1.341650,-2.4239251581240,-3.0520814659771,0,2.7e-13
0.9962119918971546,0.0,0.0000000000000000,-0.0008783674007671,0.0092136560846787,0.0000000000000000,5.3316096936940003,3.0000569919683433,3.781474,-1.343337,-2.4381369106353,-3.0797924269179,0,9.2e-12
0.9962111833000894,0.0,-0.0000000000000000,-0.0008782762986434,0.0092101686255446,0.0000000000000000,5.3302114643806870,3.0000570534307434,3.797863,-1.345059,-2.4528036228888,-3.1083518273866,0,3.6e-12
0.9962103565622993,0.0,-0.0000000000000000,-0.0008781802990523,0.0092065991725911,0.0000000000000000,5.3287839167788729,3.0000571163345264,3.814762,-1.346819,-2.4679434507185,-3.1377924140875,0,1.7e-12
0.9962095112390448,0.0,0.0000000000000000,-0.0008780791707879,0.0092029455369814,0.0000000000000000,5.3273264224935533,3.0000571807179162,3.832190,-1.348615,-2.4835754664345,-3.1681485621631,0,1.0e-12
0.9962086468723559,0.0,0.0000000000000000,-0.0008779726719668,0.0091992054564070,0.0000000000000000,5.3258383382463146,3.0000572466204036,3.850169,-1.350449,-2.4997196968882,-3.1994563582455,0,8.4e-12
0.9962077629904903,0.0,0.0000000000000000,-0.0008778605495505,0.0091953765916526,0.0000000000000000,5.3243190053884311,3.0000573140828060,3.868719,-1.352322,-2.5163972038373,-3.2317537288483,0,2.2e-12
0.9962068591073494,0.0,0.0000000000000000,-0.0008777425387547,0.0091914565230512,0.0000000000000000,5.3227677493835079,3.0000573831473223,3.887865,-1.354235,-2.5336301276031,-3.2650805355569,0,1.2e-12
0.9962059347218574,0.0,-0.0000000000000000,-0.0008776183624984,0.0091874427465778,0.0000000000000000,5.3211838792609605,3.0000574538576057,3.907629,-1.356188,-2.5514417745132,-3.2994787161010,0,5.6e-12
0.9962049893173029,0.0,-0.0000000000000000,-0.0008774877307818,0.0091833326697648,0.0000000000000000,5.3195666870335367,3.0000575262588272,3.928039,-1.358182,-2.5698566746831,-3.3349924077056,0,3.0e-12
0.9962040223606287,0.0,-0.0000000000000000,-0.0008773503400266,0.0091791236072923,0.0000000000000000,5.3179154470776124,3.0000576003977537,3.949120,-1.360219,-2.5889006769126,-3.3716680998049,0,3.0e-12
0.9962030333016860,0.0,0.0000000000000000,-0.0008772058723968,0.0091748127763095,0.0000000000000000,5.3162294154710814,3.0000576763228248,3.970900,-1.362299,-2.6086010292135,-3.4095547904424,0,5.1e-12
0.9962020215724291,0.0,-0.0000000000000000,-0.0008770539950653,0.0091703972913917,0.0000000000000000,5.3145078292855157,3.0000577540842408,3.993410,-1.364424,-2.6289864721752,-3.4487041528118,0,7.6e-12
0.9962009865860523,0.0,0.0000000000000000,-0.0008768943594311,0.0091658741591457,0.0000000000000000,5.3127499058265748,3.0000578337340484,4.016681,-1.366594,-2.6500873420548,-3.4891707227410,0,1.1e-11
0.9961999277360618,0.0,0.0000000000000000,-0.0008767266002798,0.0091612402724136,0.0000000000000000,5.3109548418174244,3.0000579153262450,4.040745,-1.368810,-2.6719356829638,-3.5310120990210,0,4.1e-12
0.9961988443952796,0.0,-0.0000000000000000,-0.0008765503349240,0.0091564924039798,0.0000000000000000,5.3091218125193622,3.0000579989168799,4.065639,-1.371073,-2.6945653584825,-3.5742891532606,0,6.1e-12
0.9961977359147727,0.0,0.0000000000000000,-0.0008763651622255,0.0091516271999034,0.0000000000000000,5.3072499707793472,3.0000580845641691,4.091398,-1.373386,-2.7180121928668,-3.6190662781377,0,6.6e-12
0.9961966016226923,0.0,-0.0000000000000000,-0.0008761706616098,0.0091466411721961,0.0000000000000000,5.3053384460002544,3.0000581723286177,4.118061,-1.375747,-2.7423141060134,-3.6654116364232,0,9.1e-12
0.9961954408230200,0.0,-0.0000000000000000,-0.0008759663919773,0.0091415306909608,0.0000000000000000,5.3033863430203230,3.0000582622731504,4.145671,-1.378160,-2.7675112640688,-3.7133974382146,0,1.0e-11
0.9961942527942012,0.0,-0.0000000000000000,-0.0008757518905271,0.0091362919758506,0.0000000000000000,5.3013927408922621,3.0000583544632606,4.174271,-1.380624,-2.7936462521337,-3.7631002538465,0,9.4e-12
0.9961930367876756,0.0,-0.0000000000000000,-0.0008755266715406,0.0091309210867884,0.0000000000000000,5.2993566915488488,3.0000584489671578,4.203907,-1.383142,-2.8207642578869,-3.8146013460527,0,1.1e-11
0.9961917920262456,0.0,-0.0000000000000000,-0.0008752902249827,0.0091254139138640,0.0000000000000000,5.2972772183389907,3.0000585458559463,4.234628,-1.385715,-2.8489132689233,-3.8679870349377,0,1.2e-11
0.9961905177023321,0.0,-0.0000000000000000,-0.0008750420150983,0.0091197661663070,0.0000000000000000,5.2951533144184166,3.0000586452038043,4.266488,-1.388343,-2.8781442895995,-3.9233490983168,0,1.1e-11
0.9961892129760388,0.0,0.0000000000000000,-0.0008747814788245,0.0091139733604342,0.0000000000000000,5.2929839409729142,3.0000587470881874,4.299541,-1.391029,-2.9085115965422,-3.9807852235489,0,2.8e-12
0.9961878769730136,0.0,0.0000000000000000,-0.0008745080240637,0.0091080308063687,0.0000000000000000,5.2907680252519533,3.0000588515900559,4.333846,-1.393773,-2.9400729844379,-4.0403994828937,0,2.5e-12
0.9961865087821368,0.0,-0.0000000000000000,-0.0008742210278603,0.0091019335935606,0.0000000000000000,5.2885044583825440,3.0000589587941091,4.369468,-1.396578,-2.9728900744709,-4.1023028777736,0,5.3e-12
0.9961851074529172,0.0,-0.0000000000000000,-0.0008739198343479,0.0090956765746997,0.0000000000000000,5.2861920929338382,3.0000590687890658,4.406473,-1.399444,-3.0070286303544,-4.1666139339690,0,3.8e-12
0.9961836719926370,0.0,0.0000000000000000,-0.0008736037525535,0.0090892543479806,0.0000000000000000,5.2838297401916057,3.0000591816679512,4.444933,-1.402374,-3.0425589174714,-4.2334593578972,0,4.1e-12
0.9961822013631624,0.0,-0.0000000000000000,-0.0008732720539575,0.0090826612374322,0.0000000000000000,5.2814161670977873,3.0000592975284368,4.484925,-1.405369,-3.0795561081198,-4.3029747755663,0,4.8e-12
0.9961806944773854,0.0,0.0000000000000000,-0.0008729239698160,0.0090758912710080,0.0000000000000000,5.2789500928011970,3.0000594164731993,4.526531,-1.408431,-3.1181007137675,-4.3753055445116,0,4.2e-12
0.9961791501952483,0.0,-0.0000000000000000,-0.0008725586882183,0.0090689381561527,0.0000000000000000,5.2764301847557267,3.0000595386103361,4.569840,-1.411561,-3.1582790896261,-4.4506076738575,0,4.4e-12
0.9961775673192588,0.0,0.0000000000000000,-0.0008721753507934,0.0090617952523964,0.0000000000000000,5.2738550542884708,3.0000596640538246,4.614946,-1.414762,-3.2001839838073,-4.5290488364476,0,7.5e-12
0.9961759445894381,0.0,-0.0000000000000000,-0.0008717730490596,0.0090544555405606,0.0000000000000000,5.2712232515463295,3.0000597929240365,4.661950,-1.418035,-3.2439151565364,-4.6108095332800,0,3.5e-12
0.9961742806775962,0.0,0.0000000000000000,-0.0008713508203469,0.0090469115879745,0.0000000000000000,5.2685332597111838,3.0000599253483227,4.710963,-1.421383,-3.2895800900970,-4.6960843826491,0,4.8e-12
0.9961725741808197,0.0,0.0000000000000000,-0.0008709076432201,0.0090391555090636,0.0000000000000000,5.2657834883483403,3.0000600614616761,4.762103,-1.424808,-3.3372947826802,-4.7850835951058,0,7.9e-12
0.9961708236140080,0.0,0.0000000000000000,-0.0008704424322602,0.0090311789204606,0.0000000000000000,5.2629722657279494,3.0000602014074831,4.815497,-1.428312,-3.3871846229590,-4.8780346239102,0,1.2e-11
0.9961690274013476,0.0,0.0000000000000000,-0.0008699540322525,0.0090229728897133,0.0000000000000000,5.2600978299195997,3.0000603453383876,4.871284,-1.431898,-3.4393854501338,-4.9751840944327,0,4.9e-12
0.9961671838664253,0.0,-0.0000000000000000,-0.0008694412114555,0.0090145278762680,0.0000000000000000,5.2571583184209771,3.0000604934172825,4.929614,-1.435569,-3.4940447115894,-5.0767999682036,0,6.1e-12
0.9961652912208061,0.0,-0.0000000000000000,-0.0008689026539348,0.0090058336634512,0.0000000000000000,5.2541517560180679,3.0000606458184498,4.990649,-1.439327,-3.5513228064629,-5.1831740435882,0,9.4e-12
0.9961633475507086,0.0,-0.0000000000000000,-0.0008683369507270,0.0089968792794310,0.0000000000000000,5.2510760405136683,3.0000608027288953,5.054569,-1.443174,-3.6113946532714,-5.2946248700427,0,5.0e-12
0.9961613508013860,0.0,-0.0000000000000000,-0.0008677425895798,0.0089876529049610,0.0000000000000000,5.2479289258658834,3.0000609643498963,5.121567,-1.447116,-3.6744514966784,-5.4115011003422,0,7.9e-12
0.9961592987587510,0.0,0.0000000000000000,-0.0008671179429715,0.0089781417652340,0.0000000000000000,5.2447080021600048,3.0000611308988234,5.191857,-1.451154,-3.7407030118104,-5.5341854292839,0,4.5e-12
0.9961571890275731,0.0,-0.0000000000000000,-0.0008664612540452,0.0089683320020245,0.0000000000000000,5.2414106717056246,3.0000613026112948,5.265673,-1.455293,-3.8103798146942,-5.6630992339363,0,7.2e-12
0.9961550190055173,0.0,0.0000000000000000,-0.0008657706199588,0.0089582085219367,0.0000000000000000,5.2380341203446097,3.0000614797437315,5.343274,-1.459537,-3.8837363614132,-5.7987080170969,0,4.9e-12
0.9961527858519874,0.0,-0.0000000000000000,-0.0008650439720622,0.0089477548148187,0.0000000000000000,5.2345752828304777,3.0000616625764178,5.424945,-1.463891,-3.9610544744078,-5.9415279501058,0,6.6e-12
0.9961504864505134,0.0,0.0000000000000000,-0.0008642790520635,0.0089369527352089,0.0000000000000000,5.2310308008005588,3.0000618514171848,5.511006,-1.468359,-4.0426475108752,-6.0921336635375,0,1.1e-11
0.9961481173630329,0.0,0.0000000000000000,-0.0008634733832019,0.0089257822372776,0.0000000000000000,5.2273969714692461,3.0000620466058847,5.601812,-1.472946,-4.1288654408567,-6.2511677202495,0,6.6e-12
0.9961456747739572,0.0,-0.0000000000000000,-0.0008626242351511,0.0089142210510144,0.0000000000000000,5.2236696846075779,3.0000622485198489,5.697761,-1.477660,-4.2201010077431,-6.4193521042708,0,1.2e-11
0.9961431544211758,0.0,-0.0000000000000000,-0.0008617285806983,0.0089022442836931,0.0000000000000000,5.2198443446491183,3.0000624575806154,5.799303,-1.482506,-4.3167973205674,-6.5975024008743,0,9.3e-12
0.9961405515104317,0.0,-0.0000000000000000,-0.0008607830421562,0.0088898239253498,0.0000000000000000,5.2159157738345252,3.0000626742622716,5.906950,-1.487493,-4.4194572390974,-6.7865453357502,0,7.1e-12
0.9961378606081708,0.0,0.0000000000000000,-0.0008597838241877,0.0088769282302963,0.0000000000000000,5.2118780910033040,3.0000628991018954,6.021284,-1.492629,-4.5286551953089,-6.9875408094032,0,1.1e-11
0.9961350755065416,0.0,-0.0000000000000000,-0.0008587266290540,0.0088635209372852,0.0000000000000000,5.2077245590198418,3.0000631327127074,6.142976,-1.497924,-4.6450520234724,-7.2017097131825,0,6.7e-12
0.9961321890519959,0.0,-0.0000000000000000,-0.0008576065485395,0.0088495602782319,0.0000000000000000,5.2034473916466544,3.0000633758007997,6.272804,-1.503390,-4.7694141248133,-7.4304696109913,0,5.2e-12
0.9961291929263335,0.0,-0.0000000000000000,-0.0008564179251538,0.0088349977085927,0.0000000000000000,5.1990375079490114,3.0000636291865383,6.411678,-1.509040,-4.9026379719633,-7.6754807511708,0,5.5e-12
0.9961260773654271,0.0,0.0000000000000000,-0.0008551541723704,0.0088197762701765,0.0000000000000000,5.1944842190348890,3.0000638938321473,6.560674,-1.514891,-5.0457824137201,-7.9387063424079,0,1.1e-11
0.9961228307966200,0.0,0.0000000000000000,-0.0008538075402175,0.0088038284690850,0.0000000000000000,5.1897748284659171,3.0000641708774318,6.721072,-1.520961,-5.2001110397231,-8.2224920182995,0,1.1e-12
0.9961194393715526,0.0,-0.0000000000000000,-0.0008523688086464,0.0087870735197098,0.0000000000000000,5.1848941251878369,3.0000644616860934,6.894423,-1.527274,-5.3671487414828,-8.5296718368128,0,2.0e-12
0.9961158863687467,0.0,-0.0000000000000000,-0.0008508268866383,0.0087694137796543,0.0000000000000000,5.1798237496763502,3.0000647679055219,7.082614,-1.533856,-5.5487574647648,-8.8637103997459,0,8.2e-12
0.9961121514460233,0.0,-0.0000000000000000,-0.0008491682940929,0.0087507302080213,0.0000000000000000,5.1745414291173812,3.0000650915427114,7.287979,-1.540742,-5.7472376477024,-9.2288936130876,0,2.3e-12
0.9961082097523761,0.0,-0.0000000000000000,-0.0008473765122462,0.0087308768037708,0.0000000000000000,5.1690201276270278,3.0000654350567122,7.513434,-1.547972,-5.9654625782519,-9.6305821292851,0,2.7e-12
0.9961040310047173,0.0,-0.0000000000000000,-0.0008454312308824,0.0087096744403683,0.0000000000000000,5.1632272978398808,3.0000658014599626,7.762646,-1.555595,-6.2070507245335,-10.0755371065295,0,1.2e-12
0.9961035173296590,0.0,0.0000000000000000,-0.0008451888895672,0.0087070569586293,0.0000000000000000,5.1625195407054791,3.0000658466604380,7.794028,-1.556530,-6.2374978991990,-10.1316360918598,0,4.9e-12
0.9961029899106296,0.0,-0.0000000000000000,-0.0008449393358366,0.0087043668764848,0.0000000000000000,5.1617938374204551,3.0000658931070241,7.826422,-1.557488,-6.2689336828011,-10.1895619923724,0,1.3e-12
0.9961024482757027,0.0,-0.0000000000000000,-0.0008446822890828,0.0087016015728299,0.0000000000000000,5.1610496198973497,3.0000659408443147,7.859874,-1.558472,-6.3014012939239,-10.2493950018978,0,2.8e-12
0.9961018919309714,0.0,0.0000000000000000,-0.0008444174541772,0.0086987582977925,0.0000000000000000,5.1602862959723330,3.0000659899190776,7.894429,-1.559482,-6.3349464677371,-10.3112200494718,0,1.0e-11
0.9961013203593611,0.0,-0.0000000000000000,-0.0008441445205597,0.0086958341653249,0.0000000000000000,5.1595032482876926,3.0000660403803696,7.930136,-1.560519,-6.3696175991705,-10.3751270936060,0,7.7e-12
0.9961007330193936,0.0,0.0000000000000000,-0.0008438631612933,0.0086928261453790,0.0000000000000000,5.1586998331844951,3.0000660922796718,7.967049,-1.561583,-6.4054659421893,-10.4412115154070,0,2.0e-12
0.9961001293439744,0.0,-0.0000000000000000,-0.0008435730321087,0.0086897310560379,0.0000000000000000,5.1578753796157626,3.0000661456710178,8.005223,-1.562677,-6.4425460846685,-10.5095745909915,0,2.4e-12
0.9960995087391795,0.0,-0.0000000000000000,-0.0008432737704620,0.0086865455553836,0.0000000000000000,5.1570291881212267,3.0000662006111281,8.044715,-1.563800,-6.4809157677305,-10.5803237459367,0,3.4e-12
0.9960988705830104,0.0,-0.0000000000000000,-0.0008429649944202,0.0086832661333411,0.0000000000000000,5.1561605298909026,3.0000662571595442,8.085590,-1.564954,-6.5206361883337,-10.6535730378399,0,3.2e-12
0.9960982142243021,0.0,-0.0000000000000000,-0.0008426463017303,0.0086798891037781,0.0000000000000000,5.1552686459939059,3.0000663153787563,8.127912,-1.566139,-6.5617724958953,-10.7294436643515,0,2.4e-12
0.9960975389816487,0.0,-0.0000000000000000,-0.0008423172687493,0.0086764105967747,0.0000000000000000,5.1543527467856745,3.0000663753343320,8.171752,-1.567358,-6.6043939213832,-10.8080644508343,0,1.2e-11
0.9960968441425970,0.0,-0.0000000000000000,-0.0008419774495690,0.0086728265518369,0.0000000000000000,5.1534120116528070,3.0000664370950196,8.217185,-1.568612,-6.6485737391483,-10.8895721817683,0,1.6e-12
0.9960961289629706,0.0,0.0000000000000000,-0.0008416263750239,0.0086691327119173,0.0000000000000000,5.1524455891449650,3.0000665007328449,8.264290,-1.569900,-6.6943901365939,-10.9741123206927,0,1.7e-12
0.9960953926666554,0.0,-0.0000000000000000,-0.0008412635520561,0.0086653246192059,0.0000000000000000,5.1514525976494925,3.0000665663231740,8.313152,-1.571226,-6.7419257915774,-11.0618392783091,0,1.4e-12
0.9960946344458144,0.0,0.0000000000000000,-0.0008408884631367,0.0086613976132217,0.0000000000000000,5.1504321268069226,3.0000666339447322,8.363858,-1.572590,-6.7912686587869,-11.1529170478637,0,3.0e-12
0.9960938534617603,0.0,0.0000000000000000,-0.0008405005660318,0.0086573468319892,0.0000000000000000,5.1493832398693851,3.0000667036795727,8.416505,-1.573993,-6.8425118300892,-11.2475195489301,0,6.6e-12
0.9960930488467314,0.0,-0.0000000000000000,-0.0008400992940020,0.0086531672177073,0.0000000000000000,5.1483049772911142,3.0000667756129711,8.471191,-1.575437,-6.8957537999062,-11.3458309413704,0,7.6e-12
0.9960922197067882,0.0,0.0000000000000000,-0.0008396840564853,0.0086488535282410,0.0000000000000000,5.1471963619280663,3.0000668498332037,8.528023,-1.576924,-6.9510988966068,-11.4480460939618,0,1.4e-11
0.9960913651262805,0.0,0.0000000000000000,-0.0008392542407066,0.0086444003563690,0.0000000000000000,5.1460564062779381,3.0000669264312125,8.587112,-1.578455,-7.0086568374060,-11.5543703958442,0,2.8e-12
0.9960904841741658,0.0,-0.0000000000000000,-0.0008388092140908,0.0086398021590653,0.0000000000000000,5.1448841222693824,3.0000670055000831,8.648574,-1.580031,-7.0685429792646,-11.6650198548544,0,9.1e-12
0.9960895759128962,0.0,0.0000000000000000,-0.0008383483281725,0.0086350532999613,0.0000000000000000,5.1436785343210634,3.0000670871342972,8.712533,-1.581655,-7.1308777939334,-11.7802205104325,0,5.3e-12
0.9960886394104208,0.0,0.0000000000000000,-0.0008378709241084,0.0086301481086270,0.0000000000000000,5.1424386964776865,3.0000671714287033,8.779114,-1.583327,-7.1957867731136,-11.9002076857612,0,9.6e-13
0.9960876737561012,0.0,0.0000000000000000,-0.0008373763403762,0.0086250809608223,0.0000000000000000,5.1411637144968880,3.0000672584771220,8.848448,-1.585049,-7.2633993537763,-12.0252245470473,0,1.0e-12
0.9960866780815737,0.0,-0.0000000000000000,-0.0008368639233202,0.0086198463854394,0.0000000000000000,5.1398527740884932,3.0000673483704974,8.920670,-1.586822,-7.3338477278687,-12.1555199324837,0,3.9e-12
0.9960856515874580,0.0,0.0000000000000000,-0.0008363330409715,0.0086144392037071,0.0000000000000000,5.1385051763980414,3.0000674411944996,8.995914,-1.588649,-7.4072650911315,-12.2913451920534,0,1.4e-11
0.9960845935772006,0.0,0.0000000000000000,-0.0008357831010900,0.0086088547077689,0.0000000000000000,5.1371203821285762,3.0000675370264545,9.074312,-1.590528,-7.4837838648362,-12.4329501863004,0,6.5e-12
0.9960835034991994,0.0,-0.0000000000000000,-0.0008352135741852,0.0086030888855313,0.0000000000000000,5.1356980655219813,3.0000676359314888,9.155994,-1.592462,-7.5635317917572,-12.5805772122868,0,1.5e-11
0.9960823809982001,0.0,-0.0000000000000000,-0.0008346240221882,0.0085971386981942,0.0000000000000000,5.1342381791318559,3.0000677379577847,9.241080,-1.594452,-7.6466282893408,-12.7344537048467,0,7.9e-12
0.9960812259768083,0.0,-0.0000000000000000,-0.0008340141335327,0.0085910024159906,0.0000000000000000,5.1327410300825997,3.0000678431308456,9.329675,-1.596495,-7.7331796157844,-12.8947827651944,0,7.8e-12
0.9960800386670595,0.0,-0.0000000000000000,-0.0008333837648612,0.0085846800132957,0.0000000000000000,5.1312073672250564,3.0000679514467712,9.421865,-1.598593,-7.8232717094699,-13.0617310872295,0,1.1e-11
0.9960788197111247,0.0,0.0000000000000000,-0.0008327329892558,0.0085781736194251,0.0000000000000000,5.1296384774350381,3.0000680628645968,9.517707,-1.600744,-7.9169631527105,-13.2354148974428,0,5.1e-12
0.9960775702481502,0.0,0.0000000000000000,-0.0008320621494759,0.0085714880110425,0.0000000000000000,5.1280362868263047,3.0000681772979521,9.617222,-1.602946,-8.0142762396647,-13.4158836341025,0,7.9e-12
0.9960762920023591,0.0,-0.0000000000000000,-0.0008313719138999,0.0085646311209659,0.0000000000000000,5.1264034601038970,3.0000682946064736,9.720381,-1.605194,-8.1151870722474,-13.6031015095451,0,1.5e-11
0.9960749873644077,0.0,-0.0000000000000000,-0.0008306633309946,0.0085576145207237,0.0000000000000000,5.1247434876407780,3.0000684145876981,9.827102,-1.607486,-8.2196156250578,-13.7969289472621,0,2.1e-12
0.9960736594547267,0.0,0.0000000000000000,-0.0008299378756624,0.0085504538166924,0.0000000000000000,5.1230607463125191,3.0000685369704776,9.937232,-1.609815,-8.3274168707410,-13.9971047438287,0,1.5e-12
0.9960723121555634,0.0,0.0000000000000000,-0.0008291974800350,0.0085431688852012,0.0000000000000000,5.1213605178109258,3.0000686614111665,10.050546,-1.612174,-8.4383715297888,-14.2032308832200,0,2.1e-11
0.9960709500966693,0.0,0.0000000000000000,-0.0008284445392408,0.0085357838620110,0.0000000000000000,5.1196489470056958,3.0000687874940386,10.166739,-1.614556,-8.5521831870839,-14.4147646196742,0,1.4e-11
0.9960695785819521,0.0,0.0000000000000000,-0.0008276818839675,0.0085283268108112,0.0000000000000000,5.1179329265559437,3.0000689147371764,10.285428,-1.616950,-8.6684779164233,-14.6310184707936,0,1.3e-11
0.9960682034491020,0.0,-0.0000000000000000,-0.0008269127134926,0.0085208290199450,0.0000000000000000,5.1162199006405142,3.0000690426046872,10.406158,-1.619346,-8.7868116154131,-14.8511723313384,0,3.7e-12
0.9960668308640063,0.0,0.0000000000000000,-0.0008261404886132,0.0085133239276965,0.0000000000000000,5.1145175931645204,3.0000691705252085,10.528416,-1.621735,-8.9066818023815,-15.0742973412655,0,7.3e-12
0.9960654670626593,0.0,0.0000000000000000,-0.0008253687898413,0.0085058457375868,0.0000000000000000,5.1128336791662852,3.0000692979156196,10.651654,-1.624104,-9.0275496975026,-15.2993932695450,0,1.7e-11
0.9960641451451148,0.0,-0.0000000000000000,-0.0008246166054459,0.0084985769648632,0.0000000000000000,5.1112086473704723,3.0000694216697505,10.772807,-1.626397,-9.1464096121433,-15.5208620172125,0,1.3e-11
0.9960628421290381,0.0,-0.0000000000000000,-0.0008238711585517,0.0084913924788217,0.0000000000000000,5.1096137874768521,3.0000695439217742,10.893891,-1.628654,-9.2652368162910,-15.7423802711226,0,2.7e-11
0.9960615882184655,0.0,-0.0000000000000000,-0.0008231500515480,0.0084844602016100,0.0000000000000000,5.1080855624932147,3.0000696618186162,11.011994,-1.630823,-9.3811706173884,-15.9586118959909,0,9.5e-12
0.9960603844647745,0.0,-0.0000000000000000,-0.0008224543375195,0.0084777879875673,0.0000000000000000,5.1066245196652877,3.0000697752333099,11.126853,-1.632902,-9.4939506227124,-16.1690621255535,0,1.9e-11
0.9960592308795591,0.0,0.0000000000000000,-0.0008217844558327,0.0084713779064063,0.0000000000000000,5.1052299553393050,3.0000698841372295,11.238304,-1.634892,-9.6034119597167,-16.3734156788230,0,5.1e-12
0.9960581265863403,0.0,-0.0000000000000000,-0.0008211403066364,0.0084652270133910,0.0000000000000000,5.1039001234719308,3.0000699885867466,11.346276,-1.636795,-9.7094807990321,-16.5715239893298,0,8.2e-12
0.9960570699938268,0.0,-0.0000000000000000,-0.0008205213419954,0.0084593282595875,0.0000000000000000,5.1026324631332205,3.0000700887075742,11.450771,-1.638613,-9.8121584233351,-16.7633820205334,0,2.3e-11
0.9960560589693327,0.0,0.0000000000000000,-0.0008199266610563,0.0084536714222999,0.0000000000000000,5.1014238193892796,3.0000701846788345,11.551862,-1.640351,-9.9115115224027,-16.9491053733816,0,1.0e-11
0.9960550909984449,0.0,0.0000000000000000,-0.0008193551007690,0.0084482439748443,0.0000000000000000,5.1002706416299821,3.0000702767182119,11.649668,-1.642013,-10.0076554180110,-17.1289041325873,0,1.6e-11
0.9960541633217874,0.0,-0.0000000000000000,-0.0008188053152764,0.0084430318432422,0.0000000000000000,5.0991691500183292,3.0000703650690710,11.744351,-1.643604,-10.1007465201486,-17.3030616470698,0,5.8e-12
