x0,y0,z0,xd0,yd0,zd0,Tp,JC,stabilityIndex1,stabilityIndex2,alpha,beta,impactFlag,error
1.0040724031811985,0.0,-0.0031472822291435,0.0000000000000000,-0.0059132086607082,0.0000000000000000,11.9637061884938625,3.0000778989936792,6443058834.148666,2.000002,-6443058836.1486473083496,12885975040.0000000000000,0,2.1e-05
1.0040733824242360,0.0,-0.0031457357402645,0.0000000000000000,-0.0059165811427137,0.0000000000000000,11.9638451773748855,3.0000778950190274,6441568574.310197,2.000008,-6441568576.3101987838745,12883189760.0000000000000,0,7.7e-06
1.0040743664123151,0.0,-0.0031441813874148,0.0000000000000000,-0.0059199717829546,0.0000000000000000,11.9639864959390412,3.0000778909780146,6440125636.274462,2.000001,-6440125638.2744197845459,12880007168.0000000000000,0,3.7e-05
1.0040753552732598,0.0,-0.0031426189635689,0.0000000000000000,-0.0059233810499731,0.0000000000000000,11.9641301896067649,3.0000778868693558,6438573159.160141,2.000005,-6438573161.1601448059082,12877172736.0000000000000,0,5.0e-06
1.0040763491336775,0.0,-0.0031410482634166,0.0000000000000000,-0.0059268094092377,0.0000000000000000,11.9642763047327225,3.0000778826917385,6437047427.342150,2.000000,-6437047429.3421478271484,12874055680.0000000000000,0,5.9e-06
1.0040773481195138,0.0,-0.0031394690824876,0.0000000000000000,-0.0059302573250556,0.0000000000000000,11.9644248886182467,3.0000778784438231,6435428550.582303,2.000056,-6435428552.5823574066162,12871204864.0000000000000,0,5.3e-05
1.0040783523558721,0.0,-0.0031378812174359,0.0000000000000000,-0.0059337252599605,0.0000000000000000,11.9645759895343975,3.0000778741242464,6433945285.723568,2.000002,-6433945287.7235097885132,12867538944.0000000000000,0,5.5e-05
1.0040793619668693,0.0,-0.0031362844662673,0.0000000000000000,-0.0059372136742213,0.0000000000000000,11.9647296567450052,3.0000778697316135,6432286009.156324,2.000000,-6432286011.1563119888306,12864512000.0000000000000,0,8.4e-06
1.0040803770761826,0.0,-0.0031346786274765,0.0000000000000000,-0.0059407230277342,0.0000000000000000,11.9648859405207233,3.0000778652645046,6430623986.672222,2.000013,-6430623988.6722307205200,12861329408.0000000000000,0,1.3e-05
1.0040813978067751,0.0,-0.0031330635004771,0.0000000000000000,-0.0059442537790911,0.0000000000000000,11.9650448921645456,3.0000778607214680,6428927176.602530,2.000045,-6428927178.6025724411011,12858130432.0000000000000,0,4.2e-05
1.0040824242811097,0.0,-0.0031314388852657,0.0000000000000000,-0.0059478063863211,0.0000000000000000,11.9652065640313321,3.0000778561010244,6427279781.482671,2.000001,-6427279783.4826612472534,12854505472.0000000000000,0,8.8e-06
1.0040834566209449,0.0,-0.0031298045827441,0.0000000000000000,-0.0059513813061959,0.0000000000000000,11.9653710095533121,3.0000778514016653,6425546060.488596,2.000001,-6425546062.4885950088501,12851089408.0000000000000,0,5.6e-08
1.0040844949478065,0.0,-0.0031281603939695,0.0000000000000000,-0.0059549789958776,0.0000000000000000,11.9655382832571888,3.0000778466218505,6423800878.897449,2.000002,-6423800880.8974361419678,12847550464.0000000000000,0,9.4e-06
1.0040855393828187,0.0,-0.0031265061204233,0.0000000000000000,-0.0059585999123411,0.0000000000000000,11.9657084407900296,3.0000778417600062,6422050932.945853,2.000002,-6422050934.9458084106445,12843831296.0000000000000,0,4.4e-05
1.0040865900465312,0.0,-0.0031248415642831,0.0000000000000000,-0.0059622445117894,0.0000000000000000,11.9658815389457249,3.0000778368145329,6420173704.458442,2.000022,-6420173706.4584627151489,12840484864.0000000000000,0,2.1e-05
1.0040876470594453,0.0,-0.0031231665275885,0.0000000000000000,-0.0059659132514908,0.0000000000000000,11.9660576356830788,3.0000778317837922,6418373261.634560,2.000001,-6418373263.6345319747925,12836581376.0000000000000,0,2.5e-05
1.0040887105417229,0.0,-0.0031214808127003,0.0000000000000000,-0.0059696065887829,0.0000000000000000,11.9662367901546283,3.0000778266661166,6416496797.283802,2.000002,-6416496799.2837781906128,12832837632.0000000000000,0,2.5e-05
1.0040897806133904,0.0,-0.0031197842219761,0.0000000000000000,-0.0059733249817968,0.0000000000000000,11.9664190627298765,3.0000778214598016,6414529568.312387,2.000037,-6414529570.3124246597290,12829298688.0000000000000,0,3.6e-05
1.0040908573940868,0.0,-0.0031180765581688,0.0000000000000000,-0.0059770688885956,0.0000000000000000,11.9666045150246791,3.0000778161631128,6412572413.045619,2.000054,-6412572415.0456714630127,12825477120.0000000000000,0,5.3e-05
1.0040919410035689,0.0,-0.0031163576236230,0.0000000000000000,-0.0059808387689488,0.0000000000000000,11.9667932099219421,3.0000778107742749,6410653527.192472,2.000001,-6410653529.1924686431885,12821274624.0000000000000,0,3.9e-06
1.0040930315614232,0.0,-0.0031146272207322,0.0000000000000000,-0.0059846350833431,0.0000000000000000,11.9669852116024185,3.0000778052914803,6408703078.671938,2.000004,-6408703080.6718711853027,12817006592.0000000000000,0,6.3e-05
1.0040941291871885,0.0,-0.0031128851517399,0.0000000000000000,-0.0059884582934325,0.0000000000000000,11.9671805855711852,3.0000777997128831,6406603586.173439,1.999999,-6406603588.1734361648560,12813180928.0000000000000,0,3.9e-06
1.0040952340004523,0.0,-0.0031111312185872,0.0000000000000000,-0.0059923088623877,0.0000000000000000,11.9673793986850328,3.0000777940366010,6404507087.329684,2.000016,-6404507089.3296995162964,12809113600.0000000000000,0,1.6e-05
1.0040963461206329,0.0,-0.0031093652232557,0.0000000000000000,-0.0059961872541582,0.0000000000000000,11.9675817191841105,3.0000777882607128,6402404875.294676,2.000004,-6402404877.2946825027466,12804841472.0000000000000,0,4.7e-06
1.0040974656674078,0.0,-0.0031075869670852,0.0000000000000000,-0.0060000939349839,0.0000000000000000,11.9677876167167021,3.0000777823832583,6400278229.416374,2.000001,-6400278231.4163551330566,12800438272.0000000000000,0,1.9e-05
1.0040985927604673,0.0,-0.0031057962511644,0.0000000000000000,-0.0060040293725560,0.0000000000000000,11.9679971623723276,3.0000777764022364,6398100150.463241,2.000002,-6398100152.4632120132446,12796026880.0000000000000,0,2.8e-05
1.0040997275196846,0.0,-0.0031039928760573,0.0000000000000000,-0.0060079940366347,0.0000000000000000,11.9682104287107585,3.0000777703156079,6395855438.692257,2.000001,-6395855440.6922445297241,12791668736.0000000000000,0,7.0e-06
1.0041008700648610,0.0,-0.0031021766422055,0.0000000000000000,-0.0060119883981777,0.0000000000000000,11.9684274897964915,3.0000777641212890,6393584691.754697,1.998378,-6393584693.7546987533569,12787171328.0000000000000,0,9.1e-07
1.0041020205162010,0.0,-0.0031003473491735,0.0000000000000000,-0.0060160129310228,0.0000000000000000,11.9686484212257440,3.0000777578171562,6391286088.225071,2.000001,-6391286090.2250680923462,12782538752.0000000000000,0,3.1e-06
1.0041031789940229,0.0,-0.0030985047961038,0.0000000000000000,-0.0060200681109019,0.0000000000000000,11.9688733001624854,3.0000777514010406,6388960989.096840,2.000003,-6388960991.0968189239502,12777783296.0000000000000,0,2.1e-05
1.0041043456188681,0.0,-0.0030966487815418,0.0000000000000000,-0.0060241544158449,0.0000000000000000,11.9691022053708789,3.0000777448707310,6386571104.034082,2.000001,-6386571106.0340642929077,12773052416.0000000000000,0,1.4e-05
1.0041055205115923,0.0,-0.0030947791032897,0.0000000000000000,-0.0060282723265231,0.0000000000000000,11.9693352172485881,3.0000777382239687,6384146314.460905,2.000003,-6384146316.4608926773071,12768202752.0000000000000,0,1.5e-05
1.0041067037931073,0.0,-0.0030928955588120,0.0000000000000000,-0.0060324223253726,0.0000000000000000,11.9695724178645460,3.0000777314584526,6381643897.063079,2.000021,-6381643899.0630998611450,12763414528.0000000000000,0,2.2e-05
1.0041078955848455,0.0,-0.0030909979444977,0.0000000000000000,-0.0060366048982431,0.0000000000000000,11.9698138909898280,3.0000777245718311,6379161711.470737,2.000002,-6379161713.4707298278809,12758282240.0000000000000,0,7.7e-06
1.0041090960084700,0.0,-0.0030890860561160,0.0000000000000000,-0.0060408205334131,0.0000000000000000,11.9700597221370995,3.0000777175617070,6376590883.557454,2.000009,-6376590885.5574560165405,12753240064.0000000000000,0,9.1e-06
1.0041103051859779,0.0,-0.0030871596886511,0.0000000000000000,-0.0060450697219764,0.0000000000000000,11.9703099985968215,3.0000777104256331,6374001612.565117,2.000002,-6374001614.5651187896729,12747997184.0000000000000,0,1.5e-06
1.0041115232397195,0.0,-0.0030852186362693,0.0000000000000000,-0.0060493529579372,0.0000000000000000,11.9705648094750767,3.0000777031611126,6371325302.836277,2.000029,-6371325304.8363094329834,12742848512.0000000000000,0,3.1e-05
1.0041127502924760,0.0,-0.0030832626921913,0.0000000000000000,-0.0060536707385138,0.0000000000000000,11.9708242457315741,3.0000776957655981,6368684890.476618,2.000002,-6368684892.4765987396240,12737224704.0000000000000,0,2.3e-05
1.0041139864672288,0.0,-0.0030812916490588,0.0000000000000000,-0.0060580235633538,0.0000000000000000,11.9710884002216194,3.0000776882364906,6365901256.787780,2.000022,-6365901258.7878007888794,12731940864.0000000000000,0,2.3e-05
1.0041152318875672,0.0,-0.0030793052982813,0.0000000000000000,-0.0060624119359995,0.0000000000000000,11.9713573677325122,3.0000776805711360,6363140177.248287,2.000000,-6363140179.2482795715332,12726239232.0000000000000,0,4.2e-06
1.0041164866774321,0.0,-0.0030773034304432,0.0000000000000000,-0.0060668363630149,0.0000000000000000,11.9716312450273303,3.0000776727668304,6360314248.322500,2.000003,-6360314250.3224868774414,12720529408.0000000000000,0,1.6e-05
1.0041177509612016,0.0,-0.0030752858351623,0.0000000000000000,-0.0060712973543228,0.0000000000000000,11.9719101308862577,3.0000776648208096,6357418906.922833,2.000001,-6357418908.9228191375732,12714782720.0000000000000,0,7.3e-06
1.0041190248637077,0.0,-0.0030732523010634,0.0000000000000000,-0.0060757954232893,0.0000000000000000,11.9721941261494749,3.0000776567302569,6354485541.366022,2.000002,-6354485543.3660078048706,12708888576.0000000000000,0,1.3e-05
1.0041203085103099,0.0,-0.0030712026156576,0.0000000000000000,-0.0060803310870187,0.0000000000000000,11.9724833337603691,3.0000776484922951,6351462978.973469,2.000018,-6351462980.9734907150269,12703043584.0000000000000,0,2.0e-05
1.0041216020266592,0.0,-0.0030691365657140,0.0000000000000000,-0.0060849048655571,0.0000000000000000,11.9727778588126448,3.0000776401039926,6348427150.754950,2.000010,-6348427152.7549667358398,12696924160.0000000000000,0,1.2e-05
1.0041229055391026,0.0,-0.0030670539366164,0.0000000000000000,-0.0060895172833451,0.0000000000000000,11.9730778085923344,3.0000776315623550,6345326787.283612,2.000012,-6345326789.2836246490479,12690722816.0000000000000,0,1.5e-05
1.0041242191744209,0.0,-0.0030649545127735,0.0000000000000000,-0.0060941688683380,0.0000000000000000,11.9733832926269308,3.0000776228643260,6342144965.853732,2.000042,-6342144967.8537683486938,12684521472.0000000000000,0,4.4e-05
1.0041255430599134,0.0,-0.0030628380774854,0.0000000000000000,-0.0060988601523333,0.0000000000000000,11.9736944227323594,3.0000776140067891,6339019348.247549,2.000007,-6339019350.2475099563599,12677804032.0000000000000,0,4.3e-05
1.0041268773234098,0.0,-0.0030607044129214,0.0000000000000000,-0.0061035916710472,0.0000000000000000,11.9740113130615971,3.0000776049865636,6335700360.409334,2.000008,-6335700362.4093389511108,12671459328.0000000000000,0,1.1e-05
1.0041282220933450,0.0,-0.0030585532999965,0.0000000000000000,-0.0061083639644216,0.0000000000000000,11.9743340801537101,3.0000775958004042,6332436935.516023,2.000007,-6332436937.5159759521484,12664565760.0000000000000,0,5.3e-05
1.0041295774984951,0.0,-0.0030563845187919,0.0000000000000000,-0.0061131775757231,0.0000000000000000,11.9746628429870334,3.0000775864450002,6328995322.004894,2.003554,-6328995324.0049009323120,12658020352.0000000000000,0,6.4e-06
1.0041309436684187,0.0,-0.0030541978478479,0.0000000000000000,-0.0061180330531437,0.0000000000000000,11.9749977230271103,3.0000775769169716,6325550846.922800,2.003220,-6325550848.9228019714355,12651118592.0000000000000,0,5.5e-06
1.0041323207331634,0.0,-0.0030519930646298,0.0000000000000000,-0.0061229309488018,0.0000000000000000,11.9753388442821489,3.0000775672128714,6322021260.484552,2.000026,-6322021262.4845790863037,12644204544.0000000000000,0,2.9e-05
1.0041337088233544,0.0,-0.0030497699453841,0.0000000000000000,-0.0061278718190938,0.0000000000000000,11.9756863333563128,3.0000775573291816,6318496645.637150,2.000003,-6318496647.6371307373047,12636876800.0000000000000,0,1.9e-05
1.0041351080702026,0.0,-0.0030475282651240,0.0000000000000000,-0.0061328562247644,0.0000000000000000,11.9760403195048148,3.0000775472623116,6314826098.013093,2.000016,-6314826100.0131111145020,12629749760.0000000000000,0,1.9e-05
1.0041365186055116,0.0,-0.0030452677976152,0.0000000000000000,-0.0061378847309713,0.0000000000000000,11.9764009346901741,3.0000775370085999,6311175682.098246,2.000005,-6311175684.0982103347778,12622172160.0000000000000,0,3.2e-05
1.0041379405616855,0.0,-0.0030429883153628,0.0000000000000000,-0.0061429579073536,0.0000000000000000,11.9767683136396528,3.0000775265643091,6307366109.072462,2.000010,-6307366111.0724687576294,12614799360.0000000000000,0,1.3e-05
1.0041393740717925,0.0,-0.0030406895895054,0.0000000000000000,-0.0061480763283027,0.0000000000000000,11.9771425939034053,3.0000775159256272,6303552417.663400,2.000002,-6303552419.6633911132812,12607049728.0000000000000,0,8.1e-06
1.0041408192693309,0.0,-0.0030383713901912,0.0000000000000000,-0.0061532405721676,0.0000000000000000,11.9775239159163878,3.0000775050886626,6299635821.726152,2.003380,-6299635823.7261533737183,12599291904.0000000000000,0,6.0e-06
1.0041422762886121,0.0,-0.0030360334859597,0.0000000000000000,-0.0061584512226679,0.0000000000000000,11.9779124230563774,3.0000774940494468,6295655019.784544,2.000008,-6295655021.7845535278320,12591378432.0000000000000,0,1.3e-05
1.0041437452645012,0.0,-0.0030336756441560,0.0000000000000000,-0.0061637088680116,0.0000000000000000,11.9783082617085253,3.0000774828039303,6291645339.653848,2.000005,-6291645341.6538257598877,12583157760.0000000000000,0,2.4e-05
1.0041452263324939,0.0,-0.0030312976308089,0.0000000000000000,-0.0061690141012116,0.0000000000000000,11.9787115813285290,3.0000774713479785,6287502488.393063,2.002543,-6287502490.3930635452271,12575002624.0000000000000,0,1.7e-06
1.0041467196287177,0.0,-0.0030288992106247,0.0000000000000000,-0.0061743675201400,0.0000000000000000,11.9791225345077184,3.0000774596773776,6283335722.780275,2.000006,-6283335724.7802505493164,12566532096.0000000000000,0,2.6e-05
1.0041482252899383,0.0,-0.0030264801469768,0.0000000000000000,-0.0061797697275932,0.0000000000000000,11.9795412770394822,3.0000774477878256,6279040518.628637,1.997497,-6279040520.6286354064941,12558082048.0000000000000,0,2.0e-06
1.0041497434535618,0.0,-0.0030240402019011,0.0000000000000000,-0.0061852213313500,0.0000000000000000,11.9799679679871041,3.0000774356749336,6274706823.909822,2.000004,-6274706825.9098167419434,12549349376.0000000000000,0,1.1e-05
1.0041512742576995,0.0,-0.0030215791359914,0.0000000000000000,-0.0061907229444492,0.0000000000000000,11.9804027697525299,3.0000774233342229,6270268123.649055,2.002935,-6270268125.6490612030029,12540551168.0000000000000,0,3.6e-06
1.0041528178409185,0.0,-0.0030190967087990,0.0000000000000000,-0.0061962751843436,0.0000000000000000,11.9808458481490483,3.0000774107611274,6265763133.849809,2.003207,-6265763135.8498115539551,12531539968.0000000000000,0,3.6e-06
1.0041543743426371,0.0,-0.0030165926781963,0.0000000000000000,-0.0062018786743694,0.0000000000000000,11.9812973724704772,3.0000773979509847,6261209275.675118,2.000008,-6261209277.6750907897949,12522250240.0000000000000,0,3.1e-05
1.0041559439028542,0.0,-0.0030140668008131,0.0000000000000000,-0.0062075340428223,0.0000000000000000,11.9817575155669083,3.0000773848990407,6256522252.719255,2.000005,-6256522254.7192420959473,12512968704.0000000000000,0,1.3e-05
1.0041575266622216,0.0,-0.0030115188319187,0.0000000000000000,-0.0062132419232679,0.0000000000000000,11.9822264539194432,3.0000773716004443,6251784689.299299,2.000010,-6251784691.2992706298828,12503412736.0000000000000,0,3.1e-05
1.0041591227620452,0.0,-0.0030089485254199,0.0000000000000000,-0.0062190029546007,0.0000000000000000,11.9827043677170249,3.0000773580502460,6246883934.046701,2.000025,-6246883936.0467262268066,12493918208.0000000000000,0,3.2e-05
1.0041607323442876,0.0,-0.0030063556338590,0.0000000000000000,-0.0062248177810976,0.0000000000000000,11.9831914409348759,3.0000773442433970,6241979111.166260,2.003766,-6241979113.1662645339966,12483964928.0000000000000,0,6.8e-06
1.0041623555515669,0.0,-0.0030037399084153,0.0000000000000000,-0.0062306870524719,0.0000000000000000,11.9836878614145945,3.0000773301747468,6236992737.967934,2.000007,-6236992739.9679088592529,12473835520.0000000000000,0,2.7e-05
1.0041639925271577,0.0,-0.0030011010989041,0.0000000000000000,-0.0062366114239277,0.0000000000000000,11.9841938209459133,3.0000773158390408,6231863136.955408,2.000004,-6231863138.9554023742676,12463702016.0000000000000,0,6.1e-06
1.0041656434149917,0.0,-0.0029984389537777,0.0000000000000000,-0.0062425915562153,0.0000000000000000,11.9847095153501826,3.0000773012309185,6226622921.465678,2.000024,-6226622923.4657077789307,12453412864.0000000000000,0,3.4e-05
1.0041673083597094,0.0,-0.0029957532200424,0.0000000000000000,-0.0062486281158734,0.0000000000000000,11.9852351445652108,3.0000772863449114,6221359395.457687,2.000002,-6221359397.4576854705811,12442697728.0000000000000,0,2.0e-06
1.0041689875064368,0.0,-0.0029930436436226,0.0000000000000000,-0.0062547217744725,0.0000000000000000,11.9857709127338925,3.0000772711754422,6215967099.282023,2.000003,-6215967101.2820205688477,12431908864.0000000000000,0,3.3e-06
1.0041706810011337,0.0,-0.0029903099687989,0.0000000000000000,-0.0062608732099355,0.0000000000000000,11.9863170282905926,3.0000772557168207,6210489125.707657,2.000007,-6210489127.7076387405396,12420894720.0000000000000,0,1.8e-05
1.0041723889903487,0.0,-0.0029875519386072,0.0000000000000000,-0.0062670831057029,0.0000000000000000,11.9868737040535205,3.0000772399632401,6204895341.337543,2.000007,-6204895343.3375253677368,12409712640.0000000000000,0,1.6e-05
1.0041741116212817,0.0,-0.0029847692947410,0.0000000000000000,-0.0062733521510162,0.0000000000000000,11.9874411573169084,3.0000772239087810,6199170105.196398,2.005422,-6199170107.1964082717896,12398411776.0000000000000,0,1.8e-05
1.0041758490417809,0.0,-0.0029819617775584,0.0000000000000000,-0.0062796810409654,0.0000000000000000,11.9880196099455620,3.0000772075474043,6193385587.275853,2.003483,-6193385589.2758598327637,12386795520.0000000000000,0,5.2e-06
1.0041776014003412,0.0,-0.0029791291260899,0.0000000000000000,-0.0062860704765383,0.0000000000000000,11.9886092884713875,3.0000771908729473,6187490879.447495,2.000001,-6187490881.4474897384644,12374953984.0000000000000,0,3.1e-06
1.0041793688461009,0.0,-0.0029762710780465,0.0000000000000000,-0.0062925211646686,0.0000000000000000,11.9892104241919402,3.0000771738791281,6181442006.258605,2.000027,-6181442008.2586307525635,12363055104.0000000000000,0,3.9e-05
1.0041811515288390,0.0,-0.0029733873698296,0.0000000000000000,-0.0062990338182837,0.0000000000000000,11.9898232532710463,3.0000771565595366,6175373873.238309,2.000008,-6175373875.2382946014404,12350648320.0000000000000,0,1.6e-05
1.0041829495989723,0.0,-0.0029704777365418,0.0000000000000000,-0.0063056091563498,0.0000000000000000,11.9904480168415262,3.0000771389076344,6169091353.693254,2.000027,-6169091355.6932830810547,12338360320.0000000000000,0,4.0e-05
1.0041847632075502,0.0,-0.0029675419119981,0.0000000000000000,-0.0063122479039193,0.0000000000000000,11.9910849611100723,3.0000771209167554,6162778169.337971,2.004016,-6162778171.3379716873169,12325576704.0000000000000,0,6.8e-06
1.0041865925063054,0.0,-0.0029645796286543,0.0000000000000000,-0.0063189507923671,0.0000000000000000,11.9917343374639742,3.0000771025800970,6156331575.472199,2.000005,-6156331577.4721927642822,12312616960.0000000000000,0,6.8e-06
1.0041884376474313,0.0,-0.0029615906179697,0.0000000000000000,-0.0063257185586441,0.0000000000000000,11.9923964025818464,3.0000770838907242,6149771454.533985,2.000012,-6149771456.5339593887329,12299411456.0000000000000,0,2.5e-05
1.0041902987839153,0.0,-0.0029585746098781,0.0000000000000000,-0.0063325519465529,0.0000000000000000,11.9930714185431064,3.0000770648415638,6143034659.867705,2.005639,-6143034661.8677263259888,12286140416.0000000000000,0,1.9e-05
1.0041921760693007,0.0,-0.0029555313331811,0.0000000000000000,-0.0063394517059359,0.0000000000000000,11.9937596529433570,3.0000770454254000,6136224361.181240,2.004991,-6136224363.1812448501587,12272472064.0000000000000,0,1.1e-05
1.0041940696577412,0.0,-0.0029524605154660,0.0000000000000000,-0.0063464185929416,0.0000000000000000,11.9944613790103620,3.0000770256348752,6129296495.897807,2.000003,-6129296497.8977985382080,12258553856.0000000000000,0,4.3e-06
1.0041959797039977,0.0,-0.0029493618831240,0.0000000000000000,-0.0063534533700671,0.0000000000000000,11.9951768757228159,3.0000770054624875,6122228029.920402,2.000006,-6122228031.9203968048096,12244422656.0000000000000,0,3.7e-06
1.0041979063634305,0.0,-0.0029462351613695,0.0000000000000000,-0.0063605568061971,0.0000000000000000,11.9959064279316081,3.0000769849005837,6115006381.690060,2.006199,-6115006383.6900682449341,12230094848.0000000000000,0,2.4e-05
1.0041998497919959,0.0,-0.0029430800742601,0.0000000000000000,-0.0063677296766471,0.0000000000000000,11.9966503264836231,3.0000769639413614,6107660611.348396,2.000025,-6107660613.3484239578247,12215500800.0000000000000,0,4.5e-05
1.0042018101462380,0.0,-0.0029398963447185,0.0000000000000000,-0.0063749727631999,0.0000000000000000,11.9974088683481401,3.0000769425768636,6100210947.187472,2.006620,-6100210949.1874933242798,12200534016.0000000000000,0,3.4e-05
1.0042037875832841,0.0,-0.0029366836945543,0.0000000000000000,-0.0063822868541482,0.0000000000000000,11.9981823567458719,3.0000769207989761,6092663538.038070,2.000012,-6092663540.0380592346191,12185235456.0000000000000,0,1.8e-05
1.0042057822608368,0.0,-0.0029334418444895,0.0000000000000000,-0.0063896727443280,0.0000000000000000,11.9989711012807199,3.0000768985994255,6084877363.422295,2.000014,-6084877365.4223184585571,12169904128.0000000000000,0,4.1e-05
1.0042077943371679,0.0,-0.0029301705141824,0.0000000000000000,-0.0063971312351577,0.0000000000000000,11.9997754180742824,3.0000768759697758,6077060683.647928,2.000012,-6077060685.6479139328003,12154015744.0000000000000,0,2.0e-05
1.0042098239711126,0.0,-0.0029268694222545,0.0000000000000000,-0.0064046631346771,0.0000000000000000,12.0005956299031773,3.0000768529014255,6069056918.452293,2.000017,-6069056920.4522695541382,12137949184.0000000000000,0,3.2e-05
1.0042118713220600,0.0,-0.0029235382863188,0.0000000000000000,-0.0064122692575782,0.0000000000000000,12.0014320663392535,3.0000768293856037,6060872538.521190,2.000006,-6060872540.5211791992188,12121696256.0000000000000,0,4.7e-06
1.0042139365499900,0.0,-0.0029201768229400,0.0000000000000000,-0.0064199504253990,0.0000000000000000,12.0022850638924794,3.0000768054133675,6052545668.865527,2.005761,-6052545670.8655366897583,12105140224.0000000000000,0,1.7e-05
1.0042160198152903,0.0,-0.0029167847479492,0.0000000000000000,-0.0064277074659075,0.0000000000000000,12.0031549661580925,3.0000767809756028,6044112576.071355,2.000009,-6044112578.0713453292847,12088160256.0000000000000,0,8.9e-06
1.0042181212790207,0.0,-0.0029133617760348,0.0000000000000000,-0.0064355412141433,0.0000000000000000,12.0040421239642860,3.0000767560630117,6035501680.206210,2.000009,-6035501682.2061986923218,12070952960.0000000000000,0,7.1e-06
1.0042202411027157,0.0,-0.0029099076210814,0.0000000000000000,-0.0064434525117493,0.0000000000000000,12.0049468955255652,3.0000767306661222,6026718217.719302,2.005590,-6026718219.7193040847778,12053454848.0000000000000,0,1.4e-05
1.0042223794484280,0.0,-0.0029064219961252,0.0000000000000000,-0.0064514422071865,0.0000000000000000,12.0058696465980042,3.0000767047752706,6017829356.884568,2.000016,-6017829358.8845443725586,12035549184.0000000000000,0,2.3e-05
1.0042245364787183,0.0,-0.0029029046133911,0.0000000000000000,-0.0064595111557611,0.0000000000000000,12.0068107506380404,3.0000766783806116,6008736087.725099,2.000011,-6008736089.7250862121582,12017399808.0000000000000,0,1.1e-05
1.0042267123566480,0.0,-0.0028993551843304,0.0000000000000000,-0.0064676602196532,0.0000000000000000,12.0077705889645792,3.0000766514721073,5999488032.570125,2.000011,-5999488034.5701141357422,11998914560.0000000000000,0,7.7e-06
1.0042289072457704,0.0,-0.0028957734196609,0.0000000000000000,-0.0064758902679453,0.0000000000000000,12.0087495509245041,3.0000766240395240,5990058037.268951,2.005632,-5990058039.2689533233643,11980128256.0000000000000,0,1.3e-05
1.0042311213101225,0.0,-0.0028921590294076,0.0000000000000000,-0.0064842021766472,0.0000000000000000,12.0097480340616567,3.0000765960724318,5980487608.366406,1.996819,-5980487610.3664016723633,11960946688.0000000000000,0,2.9e-06
1.0042333547142162,0.0,-0.0028885117229470,0.0000000000000000,-0.0064925968287203,0.0000000000000000,12.0107664442893558,3.0000765675602001,5970741786.849340,2.000005,-5970741788.8493318557739,11941433344.0000000000000,0,2.9e-06
1.0042356076230299,0.0,-0.0028848312090510,0.0000000000000000,-0.0065010751141027,0.0000000000000000,12.0118051960665309,3.0000765384919936,5960805133.581561,1.994508,-5960805135.5815572738647,11921602560.0000000000000,0,9.9e-06
1.0042378802020000,0.0,-0.0028811171959338,0.0000000000000000,-0.0065096379297302,0.0000000000000000,12.0128647125775530,3.0000765088567674,5950700609.771914,1.994272,-5950700611.7719116210938,11901394944.0000000000000,0,1.2e-05
1.0042401726170114,0.0,-0.0028773693913005,0.0000000000000000,-0.0065182861795573,0.0000000000000000,12.0139454259158303,3.0000764786432677,5940449221.231957,2.000019,-5940449223.2319355010986,11880767488.0000000000000,0,2.2e-05
1.0042424850343896,0.0,-0.0028735875023972,0.0000000000000000,-0.0065270207745777,0.0000000000000000,12.0150477772712545,3.0000764478400228,5929962428.539814,1.997284,-5929962430.5398073196411,11859892224.0000000000000,0,2.3e-06
1.0042448176208914,0.0,-0.0028697712360633,0.0000000000000000,-0.0065358426328406,0.0000000000000000,12.0161722171215821,3.0000764164353440,5919297988.610570,2.006439,-5919297990.6105747222900,11838613504.0000000000000,0,1.8e-05
1.0042471705436968,0.0,-0.0028659202987855,0.0000000000000000,-0.0065447526794697,0.0000000000000000,12.0173192054278157,3.0000763844173188,5908445664.007194,2.007584,-5908445666.0072050094604,11816955904.0000000000000,0,3.2e-05
1.0042495439704371,0.0,-0.0028620343966935,0.0000000000000000,-0.0065537518468179,0.0000000000000000,12.0184892118335007,3.0000763517738096,5897441786.215173,1.999997,-5897441788.2151613235474,11794833408.0000000000000,0,8.4e-07
1.0042519380690327,0.0,-0.0028581132358688,0.0000000000000000,-0.0065628410738990,0.0000000000000000,12.0196827158691608,3.0000763184924475,5886219023.557800,2.000006,-5886219025.5577888488770,11772366848.0000000000000,0,3.2e-06
1.0042543530079229,0.0,-0.0028541565220163,0.0000000000000000,-0.0065720213073019,0.0000000000000000,12.0209002071590820,3.0000762845606306,5874764241.193949,2.007655,-5874764243.1939582824707,11749570560.0000000000000,0,3.2e-05
1.0042567889558933,0.0,-0.0028501639607948,0.0000000000000000,-0.0065812935005793,0.0000000000000000,12.0221421856343813,3.0000762499655180,5863097134.708529,2.000025,-5863097136.7085638046265,11726383104.0000000000000,0,8.0e-05
1.0042592460821098,0.0,-0.0028461352578127,0.0000000000000000,-0.0065906586144153,0.0000000000000000,12.0234091617495658,3.0000762146940283,5851352608.355778,2.000020,-5851352610.3557567596436,11702591488.0000000000000,0,1.8e-05
1.0042617245561114,0.0,-0.0028420701186945,0.0000000000000000,-0.0066001176166365,0.0000000000000000,12.0247016567038258,3.0000761787328338,5839319987.858330,2.000025,-5839319989.8583087921143,11678523392.0000000000000,0,2.3e-05
1.0042642245478008,0.0,-0.0028379682491501,0.0000000000000000,-0.0066096714822112,0.0000000000000000,12.0260202026669756,3.0000761420683575,5827062189.961699,2.000015,-5827062191.9616842269897,11654033408.0000000000000,0,1.0e-05
1.0042667462274386,0.0,-0.0028338293550465,0.0000000000000000,-0.0066193211932579,0.0000000000000000,12.0273653430101248,3.0000761046867672,5814584582.769207,1.994680,-5814584584.7691984176636,11629127680.0000000000000,0,9.0e-06
1.0042692897656347,0.0,-0.0028296531424819,0.0000000000000000,-0.0066290677390434,0.0000000000000000,12.0287376325411941,3.0000760665739765,5801935507.559272,2.000027,-5801935509.5592470169067,11603734528.0000000000000,0,2.5e-05
1.0042718553333416,0.0,-0.0028254393178622,0.0000000000000000,-0.0066389121159836,0.0000000000000000,12.0301376377453675,3.0000760277156333,5789010107.856348,1.994847,-5789010109.8563394546509,11577980928.0000000000000,0,7.2e-06
1.0042744431018480,0.0,-0.0028211875879798,0.0000000000000000,-0.0066488553276390,0.0000000000000000,12.0315659370305905,3.0000759880971217,5775896790.282749,2.000007,-5775896792.2827339172363,11551711232.0000000000000,0,2.5e-06
1.0042770532427721,0.0,-0.0028168976600961,0.0000000000000000,-0.0066588983847112,0.0000000000000000,12.0330231209782159,3.0000759477035550,5762535848.200806,1.993873,-5762535850.2008028030396,11525036032.0000000000000,0,1.2e-05
1.0042796859280556,0.0,-0.0028125692420250,0.0000000000000000,-0.0066690423050352,0.0000000000000000,12.0345097925989126,3.0000759065197733,5748902952.666601,2.009142,-5748902954.6666250228882,11497922560.0000000000000,0,7.7e-05
1.0042823413299595,0.0,-0.0028082020422207,0.0000000000000000,-0.0066792881135692,0.0000000000000000,12.0360265675939377,3.0000758645303360,5735172272.202175,2.000027,-5735172274.2021551132202,11470217216.0000000000000,0,2.0e-05
1.0042850196210567,0.0,-0.0028037957698671,0.0000000000000000,-0.0066896368423841,0.0000000000000000,12.0375740746218884,3.0000758217195216,5721110439.792149,2.000011,-5721110441.7921342849731,11442126848.0000000000000,0,4.1e-06
1.0042877209742302,0.0,-0.0027993501349713,0.0000000000000000,-0.0067000895306481,0.0000000000000000,12.0391529555710584,3.0000757780713201,5706853394.585279,2.000044,-5706853396.5852413177490,11413524480.0000000000000,0,4.2e-05
1.0042904455626676,0.0,-0.0027948648484583,0.0000000000000000,-0.0067106472246122,0.0000000000000000,12.0407638658375031,3.0000757335694312,5692273070.806707,1.993129,-5692273072.8066940307617,11384492032.0000000000000,0,1.5e-05
1.0042931935598587,0.0,-0.0027903396222712,0.0000000000000000,-0.0067213109775874,0.0000000000000000,12.0424074746089413,3.0000756881972590,5677516201.430532,2.000022,-5677516203.4305162429810,11354906624.0000000000000,0,1.2e-05
1.0042959651395928,0.0,-0.0027857741694719,0.0000000000000000,-0.0067320818499266,0.0000000000000000,12.0440844651546168,3.0000756419379067,5662460747.181121,1.992626,-5662460749.1811132431030,11324862464.0000000000000,0,1.9e-05
1.0042987604759575,0.0,-0.0027811682043465,0.0000000000000000,-0.0067429609089989,0.0000000000000000,12.0457955351212327,3.0000755947741724,5647175696.273029,1.992338,-5647175698.2730169296265,11294291968.0000000000000,0,2.1e-05
1.0043015797433676,0.0,-0.0027765214424622,0.0000000000000000,-0.0067539492292825,0.0000000000000000,12.0475413968349798,3.0000755466885467,5631636686.571170,1.992403,-5631636688.5711612701416,11263205376.0000000000000,0,1.9e-05
1.0043044231164391,0.0,-0.0027718336009907,0.0000000000000000,-0.0067650478918367,0.0000000000000000,12.0493227776105556,3.0000754976632074,5615861570.129169,2.000022,-5615861572.1291408538818,11231584256.0000000000000,0,1.4e-05
1.0043072907701862,0.0,-0.0027671043984953,0.0000000000000000,-0.0067762579850414,0.0000000000000000,12.0511404200653391,3.0000754476800116,5599768286.953419,1.992431,-5599768288.9534091949463,11199469568.0000000000000,0,2.0e-05
1.0043101828798886,0.0,-0.0027623335552753,0.0000000000000000,-0.0067875806040293,0.0000000000000000,12.0529950824414982,3.0000753967204976,5583427451.009771,1.991342,-5583427453.0097599029541,11166787584.0000000000000,0,3.0e-05
1.0043130996211287,0.0,-0.0027575207934292,0.0000000000000000,-0.0067990168507845,0.0000000000000000,12.0548875389341870,3.0000753447658735,5566888863.163891,2.000061,-5566888865.1638545989990,11133562880.0000000000000,0,5.2e-05
1.0043160411697960,0.0,-0.0027526658369806,0.0000000000000000,-0.0068105678341001,0.0000000000000000,12.0568185800267695,3.0000752917970201,5549968485.569390,1.999079,-5549968487.5693702697754,11099813888.0000000000000,0,2.4e-07
1.0043190077020931,0.0,-0.0027477684120071,0.0000000000000000,-0.0068222346695341,0.0000000000000000,12.0587890128330741,3.0000752377944790,5532815092.789429,2.000011,-5532815094.7894048690796,11065499648.0000000000000,0,3.6e-06
1.0043219993945420,0.0,-0.0027428282467739,0.0000000000000000,-0.0068340184793603,0.0000000000000000,12.0607996614468398,3.0000751827384540,5515374891.488594,2.000001,-5515374893.4885683059692,11030607872.0000000000000,0,4.9e-07
1.0043250164239927,0.0,-0.0027378450718706,0.0000000000000000,-0.0068459203925164,0.0000000000000000,12.0628513672984905,3.0000751266088042,5497640757.304995,1.992665,-5497640759.3049688339233,10995161088.0000000000000,0,1.4e-05
1.0043280589676318,0.0,-0.0027328186203518,0.0000000000000000,-0.0068579415445494,0.0000000000000000,12.0649449895194092,3.0000750693850389,5479642818.707808,2.000008,-5479642820.7077884674072,10959144960.0000000000000,0,1.6e-06
1.0043311272029953,0.0,-0.0027277486278827,0.0000000000000000,-0.0068700830775566,0.0000000000000000,12.0670814053138553,3.0000750110463126,5461361084.324113,2.000046,-5461361086.3240795135498,10922534912.0000000000000,0,2.8e-05
1.0043342213079802,0.0,-0.0027226348328879,0.0000000000000000,-0.0068823461401234,0.0000000000000000,12.0692615103386895,3.0000749515714240,5442744999.003619,2.000010,-5442745001.0035867691040,10885332992.0000000000000,0,3.0e-06
1.0043373414608605,0.0,-0.0027174769767045,0.0000000000000000,-0.0068947318872580,0.0000000000000000,12.0714862190910743,3.0000748909388086,5423848390.487765,2.000004,-5423848392.4877347946167,10847533056.0000000000000,0,1.0e-06
1.0043404878403019,0.0,-0.0027122748037409,0.0000000000000000,-0.0069072414803204,0.0000000000000000,12.0737564653043137,3.0000748291265338,5404660056.113724,2.000026,-5404660058.1136894226074,10809141248.0000000000000,0,1.2e-05
1.0043436606253831,0.0,-0.0027070280616375,0.0000000000000000,-0.0069198760869505,0.0000000000000000,12.0760732023520081,3.0000747661122977,5385153866.398428,2.000014,-5385153868.3983974456787,10770132992.0000000000000,0,5.7e-06
1.0043468599956136,0.0,-0.0027017365014345,0.0000000000000000,-0.0069326368809909,0.0000000000000000,12.0784374036606970,3.0000747018734222,5365308263.247006,1.989718,-5365308265.2469844818115,10730487808.0000000000000,0,4.3e-05
1.0043500861309587,0.0,-0.0026963998777428,0.0000000000000000,-0.0069455250424045,0.0000000000000000,12.0808500631311571,3.0000746363868469,5345192701.726410,1.990133,-5345192703.7263822555542,10690240512.0000000000000,0,3.6e-05
1.0043533392118642,0.0,-0.0026910179489199,0.0000000000000000,-0.0069585417571907,0.0000000000000000,12.0833121955685669,3.0000745696291302,5324780268.387087,1.995963,-5324780270.3870487213135,10649374720.0000000000000,0,5.0e-06
1.0043566194192841,0.0,-0.0026855904772506,0.0000000000000000,-0.0069716882172962,0.0000000000000000,12.0858248371216881,3.0000745015764392,5304067719.640867,2.000078,-5304067721.6408224105835,10607888384.0000000000000,0,5.0e-05
1.0043599269347112,0.0,-0.0026801172291337,0.0000000000000000,-0.0069849656205201,0.0000000000000000,12.0883890457312795,3.0000744322045509,5282954968.744286,1.997054,-5282954970.7442502975464,10565711872.0000000000000,0,3.2e-06
1.0043632619402101,0.0,-0.0026745979752714,0.0000000000000000,-0.0069983751704186,0.0000000000000000,12.0910059015879323,3.0000743614888417,5261574597.034256,2.000044,-5261574599.0342197418213,10522929152.0000000000000,0,2.0e-05
1.0043666246184535,0.0,-0.0026690324908660,0.0000000000000000,-0.0070119180762030,0.0000000000000000,12.0936765075995130,3.0000742894042900,5239832541.623134,1.996933,-5239832543.6230888366699,10479448064.0000000000000,0,4.2e-06
1.0043700151527617,0.0,-0.0026634205558213,0.0000000000000000,-0.0070255955526317,0.0000000000000000,12.0964019898684345,3.0000742159254665,5217791845.523369,2.000036,-5217791847.5233240127563,10435346432.0000000000000,0,1.5e-05
1.0043734337271442,0.0,-0.0026577619549481,0.0000000000000000,-0.0070394088199029,0.0000000000000000,12.0991834981789488,3.0000741410265341,5195374547.660758,1.990274,-5195374549.6607122421265,10390519808.0000000000000,0,2.9e-05
1.0043768805263462,0.0,-0.0026520564781773,0.0000000000000000,-0.0070533591035371,0.0000000000000000,12.1020222064946736,3.0000740646812414,5172660673.143271,1.991982,-5172660675.1432228088379,10345078784.0000000000000,0,1.7e-05
1.0043803557358988,0.0,-0.0026463039207761,0.0000000000000000,-0.0070674476342612,0.0000000000000000,12.1049193134665742,3.0000739868629203,5149605117.743746,1.993608,-5149605119.7436971664429,10298961920.0000000000000,0,1.1e-05
1.0043838595421948,0.0,-0.0026405040835312,0.0000000000000000,-0.0070816756479824,0.0000000000000000,12.1078760429515366,3.0000739075444800,5126233247.325909,2.000065,-5126233249.3258571624756,10252206080.0000000000000,0,3.1e-05
1.0043873921324467,0.0,-0.0026346567731460,0.0000000000000000,-0.0070960443852486,0.0000000000000000,12.1108936445422497,3.0000738266984097,5102407193.695689,1.987146,-5102407195.6956357955933,10204555264.0000000000000,0,8.9e-05
1.0043909536949027,0.0,-0.0026287618022147,0.0000000000000000,-0.0071105550917538,0.0000000000000000,12.1139733941073793,3.0000737442967642,5078359226.876232,1.990304,-5078359228.8761768341064,10156441600.0000000000000,0,2.7e-05
1.0043945444188063,0.0,-0.0026228189896424,0.0000000000000000,-0.0071252090177624,0.0000000000000000,12.1171165943439387,3.0000736603111715,5053933728.555922,1.995719,-5053933730.5558614730835,10107578368.0000000000000,0,7.5e-06
1.0043981644944935,0.0,-0.0026168281608459,0.0000000000000000,-0.0071400074180811,0.0000000000000000,12.1203245753408400,3.0000735747128209,5029115486.373697,1.988072,-5029115488.3736352920532,10057928704.0000000000000,0,5.2e-05
1.0044018141134679,0.0,-0.0026107891480065,0.0000000000000000,-0.0071549515519132,0.0000000000000000,12.1235986951543691,3.0000734874724651,5003993422.980646,1.990809,-5003993424.9805870056152,10007672832.0000000000000,0,2.2e-05
1.0044054934684814,0.0,-0.0026047017903297,0.0000000000000000,-0.0071700426827072,0.0000000000000000,12.1269403403957625,3.0000733985604140,4978508499.685024,1.998965,-4978508501.6849546432495,9956689920.0000000000000,0,4.5e-06
1.0044092027536184,0.0,-0.0025985659343112,0.0000000000000000,-0.0071852820780022,0.0000000000000000,12.1303509268311167,3.0000733079465332,4952669766.540056,2.000049,-4952669768.5399904251099,9905012736.0000000000000,0,1.8e-05
1.0044129421643881,0.0,-0.0025923814340094,0.0000000000000000,-0.0072006710092691,0.0000000000000000,12.1338318999939183,3.0000732156002408,4926476804.333755,2.000103,-4926476806.3336868286133,9852626944.0000000000000,0,4.9e-05
1.0044167118978202,0.0,-0.0025861481513249,0.0000000000000000,-0.0072162107517452,0.0000000000000000,12.1373847358104356,3.0000731214905048,4899865204.716404,1.992488,-4899865206.7163295745850,9799364608.0000000000000,0,1.3e-05
1.0044205121525676,0.0,-0.0025798659562860,0.0000000000000000,-0.0072319025842671,0.0000000000000000,12.1410109412382585,3.0000730255858388,4872944459.164310,2.000028,-4872944461.1642332077026,9745518592.0000000000000,0,8.5e-06
1.0044243431290163,0.0,-0.0025735347273429,0.0000000000000000,-0.0072477477890973,0.0000000000000000,12.1447120549182568,3.0000729278543030,4845641149.059939,1.999998,-4845641151.0598621368408,9690906624.0000000000000,0,3.6e-07
1.0044282050294000,0.0,-0.0025671543516663,0.0000000000000000,-0.0072637476517484,0.0000000000000000,12.1484896478402398,3.0000728282634976,4817975254.858130,1.997242,-4817975256.8580465316772,9635547136.0000000000000,0,5.9e-06
1.0044320980579236,0.0,-0.0025607247254560,0.0000000000000000,-0.0072799034608009,0.0000000000000000,12.1523453240226065,3.0000727267805631,4789958522.413772,2.000042,-4789958524.4136857986450,9579522048.0000000000000,0,1.4e-05
1.0044360224208928,0.0,-0.0025542457542552,0.0000000000000000,-0.0072962165077189,0.0000000000000000,12.1562807212062776,3.0000726233721813,4761543806.271401,1.991341,-4761543808.2713079452515,9522651136.0000000000000,0,1.9e-05
1.0044399783268516,0.0,-0.0025477173532721,0.0000000000000000,-0.0073126880866607,0.0000000000000000,12.1602975115632201,3.0000725180045671,4732792514.085879,1.999903,-4732792516.0857887268066,9465141248.0000000000000,0,1.1e-06
1.0044439659867270,0.0,-0.0025411394477104,0.0000000000000000,-0.0073293194942867,0.0000000000000000,12.1643974024198549,3.0000724106434711,4703668374.778318,2.000045,-4703668376.7782192230225,9406902272.0000000000000,0,1.4e-05
1.0044479856139841,0.0,-0.0025345119731061,0.0000000000000000,-0.0073461120295626,0.0000000000000000,12.1685821369956777,3.0000723012541783,4674170006.129996,2.000056,-4674170008.1298961639404,9347893248.0000000000000,0,1.8e-05
1.0044520374247869,0.0,-0.0025278348756730,0.0000000000000000,-0.0073630669935592,0.0000000000000000,12.1728534951574012,3.0000721898015068,4644268974.777630,1.988192,-4644268976.7775144577026,9288003584.0000000000000,0,3.8e-05
1.0044561216381707,0.0,-0.0025211081126556,0.0000000000000000,-0.0073801856892511,0.0000000000000000,12.1772132941889506,3.0000720762498045,4614055257.685632,2.000028,-4614055259.6855258941650,9227618304.0000000000000,0,7.4e-06
1.0044602384762222,0.0,-0.0025143316526908,0.0000000000000000,-0.0073974694213084,0.0000000000000000,12.1816633895776434,3.0000719605629520,4583433794.304357,1.991729,-4583433796.3042402267456,9166325760.0000000000000,0,1.7e-05
1.0044643881642707,0.0,-0.0025075054761771,0.0000000000000000,-0.0074149194958897,0.0000000000000000,12.1862056758169022,3.0000718427043593,4552489006.759629,2.000119,-4552489008.7595243453979,9104502784.0000000000000,0,4.4e-05
1.0044685709310879,0.0,-0.0025006295756528,0.0000000000000000,-0.0074325372204299,0.0000000000000000,12.1908420872258336,3.0000717226369700,4521117598.129651,1.999901,-4521117600.1295299530029,9041674240.0000000000000,0,4.1e-06
1.0044727870091004,0.0,-0.0024937039561816,0.0000000000000000,-0.0074503239034277,0.0000000000000000,12.1955745987860436,3.0000716003232548,4489398984.734688,1.993175,-4489398986.7345552444458,8978208768.0000000000000,0,1.4e-05
1.0044770366346116,0.0,-0.0024867286357487,0.0000000000000000,-0.0074682808542289,0.0000000000000000,12.2004052269960415,3.0000714757252185,4457331908.006583,2.000046,-4457331910.0064554214478,8914092032.0000000000000,0,1.3e-05
1.0044813200480376,0.0,-0.0024797036456635,0.0000000000000000,-0.0074864093828111,0.0000000000000000,12.2053360307436076,3.0000713488043966,4424872955.854342,1.993902,-4424872957.8542013168335,8849111040.0000000000000,0,1.3e-05
1.0044856374941507,0.0,-0.0024726290309730,0.0000000000000000,-0.0075047107995651,0.0000000000000000,12.2103691121965010,3.0000712195218586,4392066511.322791,1.999878,-4392066513.3226451873779,8783493120.0000000000000,0,4.2e-06
1.0044899892223418,0.0,-0.0024655048508829,0.0000000000000000,-0.0075231864150765,0.0000000000000000,12.2155066177118954,3.0000710878382071,4358888638.484592,1.993932,-4358888640.4844350814819,8717103104.0000000000000,0,1.4e-05
1.0044943754868898,0.0,-0.0024583311791889,0.0000000000000000,-0.0075418375399065,0.0000000000000000,12.2207507387649361,3.0000709537135819,4325354516.011240,1.994029,-4325354518.0110807418823,8650016768.0000000000000,0,1.4e-05
1.0044987965472496,0.0,-0.0024511081047166,0.0000000000000000,-0.0075606654843743,0.0000000000000000,12.2261037128968137,3.0000708171076615,4291490545.450290,2.000146,-4291490547.4501538276672,8582391808.0000000000000,0,4.9e-05
1.0045032526683511,0.0,-0.0024438357317713,0.0000000000000000,-0.0075796715583390,0.0000000000000000,12.2315678246827826,3.0000706779796631,4257227425.974563,2.000068,-4257227427.9744000434875,8513779712.0000000000000,0,1.9e-05
1.0045077441209149,0.0,-0.0024365141805970,0.0000000000000000,-0.0075988570709834,0.0000000000000000,12.2371454067205274,3.0000705362883497,4222623598.135175,2.000063,-4222623600.1350083351135,8444547072.0000000000000,0,1.7e-05
1.0045122711817827,0.0,-0.0024291435878455,0.0000000000000000,-0.0076182233306002,0.0000000000000000,12.2428388406393118,3.0000703919920282,4187661060.019022,1.999835,-4187661062.0188360214233,8374548480.0000000000000,0,3.7e-06
1.0045168341342636,0.0,-0.0024217241070553,0.0000000000000000,-0.0076377716443803,0.0000000000000000,12.2486505581303486,3.0000702450485566,4152359983.947846,1.999827,-4152359985.9476552009583,8303924224.0000000000000,0,4.2e-06
1.0045214332684986,0.0,-0.0024142559091403,0.0000000000000000,-0.0076575033182052,0.0000000000000000,12.2545830419988349,3.0000700954153459,4116714646.885049,1.999831,-4116714648.8848476409912,8232604672.0000000000000,0,5.5e-06
1.0045260688818409,0.0,-0.0024067391828890,0.0000000000000000,-0.0076774196564429,0.0000000000000000,12.2606388272381075,3.0000699430493647,4080745312.453178,2.000118,-4080745314.4529891014099,8160735232.0000000000000,0,3.3e-05
1.0045307412792550,0.0,-0.0023991741354740,0.0000000000000000,-0.0076975219617504,0.0000000000000000,12.2668205021263947,3.0000697879071443,4044403503.651812,1.992914,-4044403505.6515855789185,8087900160.0000000000000,0,1.9e-05
1.0045354507737350,0.0,-0.0023915609929718,0.0000000000000000,-0.0077178115348798,0.0000000000000000,12.2731307093466224,3.0000696299447833,4007757808.832975,1.999785,-4007757810.8327541351318,8014617600.0000000000000,0,1.5e-06
1.0045401976867570,0.0,-0.0023839000008693,0.0000000000000000,-0.0077382896745583,0.0000000000000000,12.2795721471297430,3.0000694691179524,3970776072.123087,1.999806,-3970776074.1228489875793,7940615168.0000000000000,0,7.7e-06
1.0045449823486772,0.0,-0.0023761914247036,0.0000000000000000,-0.0077589576770467,0.0000000000000000,12.2861475704222762,3.0000693053819019,3933475385.219230,1.999789,-3933475387.2189846038818,7865986048.0000000000000,0,6.2e-06
1.0045498050993036,0.0,-0.0023684355504634,0.0000000000000000,-0.0077798168363761,0.0000000000000000,12.2928597920780565,3.0000691386914657,3895871557.662493,2.000129,-3895871559.6622705459595,7790862336.0000000000000,0,3.4e-05
1.0045546662883353,0.0,-0.0023606326852554,0.0000000000000000,-0.0078008684439124,0.0000000000000000,12.2997116840753993,3.0000689690010698,3857930207.942238,1.999750,-3857930209.9419746398926,7714847744.0000000000000,0,2.7e-06
1.0045595662759026,0.0,-0.0023527831578530,0.0000000000000000,-0.0078221137882819,0.0000000000000000,12.3067061787596845,3.0000687962647379,3819707655.627214,2.000119,-3819707657.6269650459290,7638471680.0000000000000,0,3.1e-05
1.0045645054331154,0.0,-0.0023448873192827,0.0000000000000000,-0.0078435541552361,0.0000000000000000,12.3138462701121121,3.0000686204361013,3781158150.376321,1.992249,-3781158152.3760190010071,7561178112.0000000000000,0,2.3e-05
1.0045694841426378,0.0,-0.0023369455434218,0.0000000000000000,-0.0078651908275339,0.0000000000000000,12.3211350150451437,3.0000684414684047,3742339669.800563,1.999736,-3742339671.8002648353577,7483557888.0000000000000,0,6.6e-06
1.0045745027992870,0.0,-0.0023289582276085,0.0000000000000000,-0.0078870250848367,0.0000000000000000,12.3285755347251911,3.0000682593145145,3703236458.585793,2.000055,-3703236460.5854988098145,7405372416.0000000000000,0,1.2e-05
1.0045795618106594,0.0,-0.0023209257932639,0.0000000000000000,-0.0079090582036230,0.0000000000000000,12.3361710159231244,3.0000680739269274,3663842978.345683,1.999753,-3663842980.3453531265259,7326474240.0000000000000,0,1.3e-05
1.0045846615977856,0.0,-0.0023128486865259,0.0000000000000000,-0.0079312914571213,0.0000000000000000,12.3439247123931910,3.0000678852577840,3624194095.175617,2.000062,-3624194097.1752986907959,7247223808.0000000000000,0,1.3e-05
1.0045898025958135,0.0,-0.0023047273788965,0.0000000000000000,-0.0079537261152636,0.0000000000000000,12.3518399462809345,3.0000676932588743,3584273956.016287,2.000028,-3584273958.0159459114075,7167322112.0000000000000,0,6.0e-06
1.0045949852547222,0.0,-0.0022965623679004,0.0000000000000000,-0.0079763634446629,0.0000000000000000,12.3599201095607363,3.0000674978816471,3544102392.626071,2.000031,-3544102394.6257138252258,7086947328.0000000000000,0,6.3e-06
1.0046002100400675,0.0,-0.0022883541777580,0.0000000000000000,-0.0079992047086141,0.0000000000000000,12.3681686655035890,3.0000672990772239,3503682691.449028,1.999658,-3503682693.4486455917358,7006025728.0000000000000,0,7.3e-06
1.0046054774337596,0.0,-0.0022801033600704,0.0000000000000000,-0.0080222511671237,0.0000000000000000,12.3765891501757554,3.0000670967964096,3463034962.502937,2.000058,-3463034964.5025577545166,6924752896.0000000000000,0,1.2e-05
1.0046107879348749,0.0,-0.0022718104945184,0.0000000000000000,-0.0080455040769674,0.0000000000000000,12.3851851739689511,3.0000668909897010,3422139027.146377,1.984019,-3422139029.1458988189697,6842636288.0000000000000,0,6.8e-05
1.0046161420605044,0.0,-0.0022634761895749,0.0000000000000000,-0.0080689646917803,0.0000000000000000,12.3939604231627190,3.0000666816073034,3381061014.089379,2.000069,-3381061016.0889697074890,6760735744.0000000000000,0,1.4e-05
1.0046215403466370,0.0,-0.0022551010832311,0.0000000000000000,-0.0080926342621814,0.0000000000000000,12.4029186615196743,3.0000664685991385,3339754002.350082,1.999609,-3339754004.3496274948120,6677988352.0000000000000,0,1.1e-05
1.0046269833490824,0.0,-0.0022466858437373,0.0000000000000000,-0.0081165140359351,0.0000000000000000,12.4120637319143103,3.0000662519148600,3298260062.062039,2.000068,-3298260064.0615935325623,6595047424.0000000000000,0,1.4e-05
1.0046324716444339,0.0,-0.0022382311703578,0.0000000000000000,-0.0081406052581535,0.0000000000000000,12.4213995579960805,3.0000660315038656,3256574221.692001,2.000020,-3256574223.6915245056152,6511592448.0000000000000,0,3.9e-06
1.0046380058310724,0.0,-0.0022297377941407,0.0000000000000000,-0.0081649091715395,0.0000000000000000,12.4309301458874693,3.0000658073153130,3214714161.147227,1.999521,-3214714163.1467199325562,6427794432.0000000000000,0,4.9e-06
1.0046435865302119,0.0,-0.0022212064787024,0.0000000000000000,-0.0081894270166800,0.0000000000000000,12.4406595859177891,3.0000655792981283,3172694901.635901,2.000064,-3172694903.6353921890259,6343776256.0000000000000,0,1.3e-05
1.0046492143869943,0.0,-0.0022126380210286,0.0000000000000000,-0.0082141600323847,0.0000000000000000,12.4505920543934678,3.0000653474010277,3130521691.612733,2.000079,-3130521693.6122055053711,6259395584.0000000000000,0,1.6e-05
1.0046548420211971,0.0,-0.0022041059438036,0.0000000000000000,-0.0082388982131157,0.0000000000000000,12.4606454541620337,3.0000651135772434,3088563448.941344,1.999445,-3088563450.9407711029053,6175354880.0000000000000,0,3.3e-06
1.0046604022791237,0.0,-0.0021957123427653,0.0000000000000000,-0.0082633443841554,0.0000000000000000,12.4706976116576378,3.0000648806774910,3047332999.534487,1.999435,-3047333001.5338840484619,6092832768.0000000000000,0,6.5e-06
1.0046658975655085,0.0,-0.0021874531998912,0.0000000000000000,-0.0082875071407278,0.0000000000000000,12.4807485771975770,3.0000646486934568,3006815779.804578,2.000091,-3006815781.8039836883545,6011847680.0000000000000,0,1.8e-05
1.0046713301660515,0.0,-0.0021793246892406,0.0000000000000000,-0.0083113946705930,0.0000000000000000,12.4907983981882573,3.0000644176169771,2966989720.641838,1.999375,-2966989722.6411886215210,5932055552.0000000000000,0,3.9e-06
1.0046767022554151,0.0,-0.0021713231642362,0.0000000000000000,-0.0083350147810568,0.0000000000000000,12.5008471193453037,3.0000641874400298,2927847083.281913,1.999348,-2927847085.2812371253967,5853720064.0000000000000,0,3.5e-06
1.0046820159045453,0.0,-0.0021634451460134,0.0000000000000000,-0.0083583749237072,0.0000000000000000,12.5108947828932422,3.0000639581547328,2889370727.863240,1.999392,-2889370729.8625202178955,5776658944.0000000000000,0,1.7e-05
1.0046872730873866,0.0,-0.0021556873127320,0.0000000000000000,-0.0083814822171072,0.0000000000000000,12.5209414287469922,3.0000637297533350,2851549767.282429,1.999288,-2851549769.2817015647888,5701029888.0000000000000,0,2.3e-06
1.0046924756870492,0.0,-0.0021480464897515,0.0000000000000000,-0.0084043434676486,0.0000000000000000,12.5309870946771138,3.0000635022282105,2814368741.082307,2.000083,-2814368743.0815820693970,5626692608.0000000000000,0,1.5e-05
1.0046976255014819,0.0,-0.0021405196405885,0.0000000000000000,-0.0084269651887448,0.0000000000000000,12.5410318164605386,3.0000632755718510,2777813290.768508,1.999224,-2777813292.7677292823792,5553458176.0000000000000,0,3.7e-07
1.0047027242487006,0.0,-0.0021331038585795,0.0000000000000000,-0.0084493536185237,0.0000000000000000,12.5510756280182783,3.0000630497768679,2741872938.746349,2.000007,-2741872940.7455453872681,5481535488.0000000000000,0,1.2e-06
1.0047077735716112,0.0,-0.0021257963591840,0.0000000000000000,-0.0084715147361600,0.0000000000000000,12.5611185615414449,3.0000628248359797,2706534563.284003,2.000044,-2706534565.2831773757935,5410835456.0000000000000,0,7.8e-06
1.0047127750424691,0.0,-0.0021185944728673,0.0000000000000000,-0.0084934542769746,0.0000000000000000,12.5711606476067512,3.0000626007420124,2671785724.005027,1.999167,-2671785726.0041446685791,5341215232.0000000000000,0,8.0e-06
1.0047177301670014,0.0,-0.0021114956385113,0.0000000000000000,-0.0085151777464131,0.0000000000000000,12.5812019152825290,3.0000623774878936,2637615008.880645,2.000100,-2637615010.8797736167908,5272935936.0000000000000,0,1.7e-05
1.0047226403882301,0.0,-0.0021044973973061,0.0000000000000000,-0.0085366904330029,0.0000000000000000,12.5912423922261940,3.0000621550666500,2604010855.940663,1.999103,-2604010857.9397172927856,5205555712.0000000000000,0,8.2e-06
1.0047275070900172,0.0,-0.0020975973870792,0.0000000000000000,-0.0085579974203803,0.0000000000000000,12.6012821047739543,3.0000619334714047,2570961609.985258,1.999044,-2570961611.9842882156372,5139426304.0000000000000,0,2.4e-06
1.0047323316003576,0.0,-0.0020907933370251,0.0000000000000000,-0.0085791035984668,0.0000000000000000,12.6113210780235061,3.0000617126953713,2538456408.903655,2.000008,-2538456410.9026560783386,5074376192.0000000000000,0,1.5e-06
1.0047371151944418,0.0,-0.0020840830628011,0.0000000000000000,-0.0086000136738688,0.0000000000000000,12.6213593359103644,3.0000614927318536,2506484229.070346,2.000067,-2506484231.0693283081055,5010420736.0000000000000,0,1.2e-05
1.0047418590975077,0.0,-0.0020774644619585,0.0000000000000000,-0.0086207321795645,0.0000000000000000,12.6313969012784018,3.0000612735742416,2475035543.189914,2.000021,-2475035545.1888465881348,4947429376.0000000000000,0,3.6e-06
1.0047465644874982,0.0,-0.0020709355096811,0.0000000000000000,-0.0086412634839377,0.0000000000000000,12.6414337959451188,3.0000610552160079,2444099313.636233,1.998891,-2444099315.6351213455200,4885481472.0000000000000,0,4.4e-07
1.0047512324975405,0.0,-0.0020644942548066,0.0000000000000000,-0.0086616117992121,0.0000000000000000,12.6514700407621099,3.0000608376507074,2413665239.853701,2.000012,-2413665241.8525543212891,4824563200.0000000000000,0,2.2e-06
1.0047558642182639,0.0,-0.0020581388161083,0.0000000000000000,-0.0086817811893335,0.0000000000000000,12.6615056556711458,3.0000606208719733,2383724070.647852,2.000008,-2383724072.6466641426086,4764619776.0000000000000,0,1.4e-06
1.0047604606999649,0.0,-0.0020518673788153,0.0000000000000000,-0.0087017755773437,0.0000000000000000,12.6715406597562481,3.0000604048735164,2354266651.940076,1.998800,-2354266653.9388303756714,4705605632.0000000000000,0,7.0e-06
1.0047650229546350,0.0,-0.0020456781913541,0.0000000000000000,-0.0087215987522866,0.0000000000000000,12.6815750712920892,3.0000601896491212,2325281262.526084,2.000037,-2325281264.5248241424561,4647631360.0000000000000,0,6.1e-06
1.0047695519578590,0.0,-0.0020395695622943,0.0000000000000000,-0.0087412543756807,0.0000000000000000,12.6916089077890319,3.0000599751926456,2296762452.305403,1.998700,-2296762454.3040795326233,4590488064.0000000000000,0,3.7e-06
1.0047740486505974,0.0,-0.0020335398574816,0.0000000000000000,-0.0087607459875931,0.0000000000000000,12.7016421860350892,3.0000597614980156,2268698426.035226,1.998654,-2268698428.0338587760925,4534295552.0000000000000,0,3.2e-06
1.0047785139408574,0.0,-0.0020275874973463,0.0000000000000000,-0.0087800770123436,0.0000000000000000,12.7116749221350318,3.0000595485592298,2241080717.763405,2.000018,-2241080719.7620062828064,4479025152.0000000000000,0,2.9e-06
1.0047829487052717,0.0,-0.0020217109543603,0.0000000000000000,-0.0087992507639048,0.0000000000000000,12.7217071315468893,3.0000593363703527,2213902018.723015,2.000019,-2213902020.7215681076050,4424598528.0000000000000,0,3.0e-06
1.0047873537905387,0.0,-0.0020159087507061,0.0000000000000000,-0.0088182704507842,0.0000000000000000,12.7317388291161055,3.0000591249255133,2187153343.564452,2.000020,-2187153345.5629558563232,4371035136.0000000000000,0,3.3e-06
1.0047917300148683,0.0,-0.0020101794559588,0.0000000000000000,-0.0088371391810213,0.0000000000000000,12.7417700291073501,3.0000589142189069,2160824967.816875,2.000095,-2160824969.8153529167175,4318362624.0000000000000,0,1.6e-05
1.0047960781692518,0.0,-0.0020045216850255,0.0000000000000000,-0.0088558599664929,0.0000000000000000,12.7518007452344140,3.0000587042447893,2134914354.381688,1.998402,-2134914356.3800818920135,4266397440.0000000000000,0,1.5e-06
1.0048003990187038,0.0,-0.0019989340961393,0.0000000000000000,-0.0088744357271774,0.0000000000000000,12.7618309906881553,3.0000584949974787,2109407820.483680,1.998354,-2109407822.4820158481598,4215303680.0000000000000,0,3.1e-06
1.0048046933034269,0.0,-0.0019934153889793,0.0000000000000000,-0.0088928692951365,0.0000000000000000,12.7718607781627025,3.0000582864713539,2084299052.696365,1.998286,-2084299054.6946504116058,4165024768.0000000000000,0,7.7e-08
1.0048089617399090,0.0,-0.0019879643028931,0.0000000000000000,-0.0089111634182789,0.0000000000000000,12.7818901198800479,3.0000580786608499,2059580158.181291,2.000063,-2059580160.1795432567596,4115557888.0000000000000,0,1.0e-05
1.0048132050219594,0.0,-0.0019825796152192,0.0000000000000000,-0.0089293207639143,0.0000000000000000,12.7919190276131367,3.0000578715604633,2035247866.080409,2.000007,-2035247868.0785820484161,4066777344.0000000000000,0,1.2e-06
1.0048174238216903,0.0,-0.0019772601396975,0.0000000000000000,-0.0089473439221184,0.0000000000000000,12.8019475127075637,3.0000576651647428,2011290356.412832,2.000021,-2011290358.4109492301941,4018792704.0000000000000,0,3.3e-06
1.0048216187904440,0.0,-0.0019720047249661,0.0000000000000000,-0.0089652354089159,0.0000000000000000,12.8119755861019815,3.0000574594682949,1987701733.215084,2.000058,-1987701735.2131526470184,3971561728.0000000000000,0,9.1e-06
1.0048257905596698,0.0,-0.0019668122531374,0.0000000000000000,-0.0089829976692964,0.0000000000000000,12.8220032583473120,3.0000572544657795,1964477445.850355,2.000035,-1964477447.8483486175537,3925014528.0000000000000,0,5.3e-06
1.0048299397417562,0.0,-0.0019616816384483,0.0000000000000000,-0.0090006330800717,0.0000000000000000,12.8320305396248280,3.0000570501519088,1941609434.605319,2.000003,-1941609436.6032347679138,3879172096.0000000000000,0,3.7e-07
1.0048340669308187,0.0,-0.0019566118259790,0.0000000000000000,-0.0090181439525883,0.0000000000000000,12.8420574397632095,3.0000568465214483,1919090602.916744,1.997857,-1919090604.9145820140839,3834033920.0000000000000,0,2.9e-06
1.0048381727034470,0.0,-0.0019516017904389,0.0000000000000000,-0.0090355325352992,0.0000000000000000,12.8520839682546253,3.0000566435692142,1896914673.453202,1.997796,-1896914675.4509644508362,3789584896.0000000000000,0,5.2e-06
1.0048422576194145,0.0,-0.0019466505350120,0.0000000000000000,-0.0090528010162067,0.0000000000000000,12.8621101342699102,3.0000564412900723,1875073526.070184,2.000016,-1875073528.0678896903992,3745844736.0000000000000,0,2.5e-06
1.0048463222223514,0.0,-0.0019417570902603,0.0000000000000000,-0.0090699515251850,0.0000000000000000,12.8721359466729002,3.0000562396789379,1853564225.922707,2.000025,-1853564227.9203398227692,3702736896.0000000000000,0,4.0e-06
1.0048503670403843,0.0,-0.0019369205130816,0.0000000000000000,-0.0090869861361869,0.0000000000000000,12.8821614140339804,3.0000560387307758,1832380309.290176,2.000014,-1832380311.2877240180969,3660270080.0000000000000,0,1.9e-06
1.0048543925867459,0.0,-0.0019321398857172,0.0000000000000000,-0.0091039068693434,0.0000000000000000,12.8921865446428967,3.0000558384405971,1811517046.223584,1.997500,-1811517048.2210254669189,3618400768.0000000000000,0,8.9e-06
1.0048583993603510,0.0,-0.0019274143148080,0.0000000000000000,-0.0091207156929633,0.0000000000000000,12.9022113465208808,3.0000556388034600,1790963639.456922,1.997399,-1790963641.4542891979218,3577210880.0000000000000,0,5.0e-06
1.0048623878463501,0.0,-0.0019227429304950,0.0000000000000000,-0.0091374145254357,0.0000000000000000,12.9122358274321272,3.0000554398144699,1770716433.393096,2.000025,-1770716435.3903939723969,3536649728.0000000000000,0,3.8e-06
1.0048663585166506,0.0,-0.0019181248855632,0.0000000000000000,-0.0091540052370448,0.0000000000000000,12.9222599948946684,3.0000552414687744,1750776253.525457,1.997241,-1750776255.5226347446442,3496609280.0000000000000,0,1.0e-05
1.0048703118304192,0.0,-0.0019135593546233,0.0000000000000000,-0.0091704896516994,0.0000000000000000,12.9322838561906828,3.0000550437615692,1731121975.544005,2.000135,-1731121977.5411617755890,3457319168.0000000000000,0,2.1e-05
1.0048742482345558,0.0,-0.0019090455333338,0.0000000000000000,-0.0091868695485818,0.0000000000000000,12.9423074183762736,3.0000548466880921,1711772399.129299,1.997029,-1711772401.1262955665588,3418403584.0000000000000,0,5.0e-06
1.0048781681641485,0.0,-0.0019045826376562,0.0000000000000000,-0.0092031466637231,0.0000000000000000,12.9523306882907470,3.0000546502436225,1692700113.083495,2.000034,-1692700115.0804147720337,3380187648.0000000000000,0,5.3e-06
1.0048820720429070,0.0,-0.0019001699031454,0.0000000000000000,-0.0092193226915060,0.0000000000000000,12.9623536725654223,3.0000544544234860,1673913593.585675,1.996822,-1673913595.5824680328369,3342459904.0000000000000,0,4.3e-06
1.0048859602835754,0.0,-0.0018958065842711,0.0000000000000000,-0.0092353992861019,0.0000000000000000,12.9723763776320062,3.0000542592230470,1655398902.009350,2.000018,-1655398904.0060529708862,3305338880.0000000000000,0,2.6e-06
1.0048898332883280,0.0,-0.0018914919537689,0.0000000000000000,-0.0092513780628426,0.0000000000000000,12.9823988097305438,3.0000540646377116,1637156621.386482,2.000028,-1637156623.3830757141113,3268738816.0000000000000,0,4.2e-06
1.0048936914491458,0.0,-0.0018872253020210,0.0000000000000000,-0.0092672605995339,0.0000000000000000,12.9924209749169872,3.0000538706629274,1619183573.508573,1.996491,-1619183575.5050315856934,3232630272.0000000000000,0,5.5e-06
1.0048975351481777,0.0,-0.0018830059364623,0.0000000000000000,-0.0092830484377108,0.0000000000000000,13.0024428790704007,3.0000536772941806,1601469772.157099,1.996374,-1601469774.1534366607666,3197071616.0000000000000,0,5.8e-06
1.0049013647580860,0.0,-0.0018788331810130,0.0000000000000000,-0.0092987430838397,0.0000000000000000,13.0124645278998070,3.0000534845269984,1584009907.062441,2.000036,-1584009909.0586800575256,3162062848.0000000000000,0,5.5e-06
1.0049051806423750,0.0,-0.0018747063755349,0.0000000000000000,-0.0093143460104692,0.0000000000000000,13.0224859269507203,3.0000532923569447,1566808114.561805,1.996113,-1566808116.5578944683075,3127488256.0000000000000,0,3.5e-06
1.0049089831557083,0.0,-0.0018706248753106,0.0000000000000000,-0.0093298586573325,0.0000000000000000,13.0325070816113637,3.0000531007796236,1549850513.131441,2.000014,-1549850515.1274130344391,3093456384.0000000000000,0,2.1e-06
1.0049127726442104,0.0,-0.0018665880505444,0.0000000000000000,-0.0093452824324041,0.0000000000000000,13.0425279971186061,3.0000529097906763,1533141460.370197,1.995865,-1533141462.3660042285919,3059853824.0000000000000,0,8.8e-06
1.0049165494457573,0.0,-0.0018625952858842,0.0000000000000000,-0.0093606187129126,0.0000000000000000,13.0525486785636105,3.0000527193857813,1516666069.661413,2.000011,-1516666071.6571042537689,3026795520.0000000000000,0,1.7e-06
1.0049203138902529,0.0,-0.0018586459799623,0.0000000000000000,-0.0093758688463117,0.0000000000000000,13.0625691308972360,3.0000525295606533,1500426925.669110,2.000062,-1500426927.6646707057953,2994194048.0000000000000,0,9.5e-06
1.0049240662998968,0.0,-0.0018547395449549,0.0000000000000000,-0.0093910341512136,0.0000000000000000,13.0725893589351898,3.0000523403110417,1484423396.320701,2.000021,-1484423398.3160948753357,2962009216.0000000000000,0,3.2e-06
1.0049278069894381,0.0,-0.0018508754061601,0.0000000000000000,-0.0094061159182827,0.0000000000000000,13.0826093673629469,3.0000521516327363,1468645431.554711,2.000025,-1468645433.5499482154846,2930296192.0000000000000,0,3.8e-06
1.0049315362664217,0.0,-0.0018470530015917,0.0000000000000000,-0.0094211154110952,0.0000000000000000,13.0926291607404526,3.0000519635215572,1453093840.653026,1.995084,-1453093842.6480791568756,2899000448.0000000000000,0,4.6e-06
1.0049352544314221,0.0,-0.0018432717815895,0.0000000000000000,-0.0094360338669644,0.0000000000000000,13.1026487435066148,3.0000517759733620,1437756954.687670,2.000027,-1437756956.6825747489929,2868188544.0000000000000,0,4.1e-06
1.0049389617782705,0.0,-0.0018395312084445,0.0000000000000000,-0.0094508724977343,0.0000000000000000,13.1126681199836046,3.0000515889840416,1422639014.116154,2.000023,-1422639016.1108815670013,2837778432.0000000000000,0,3.5e-06
1.0049426585942702,0.0,-0.0018358307560393,0.0000000000000000,-0.0094656324905412,0.0000000000000000,13.1226872943809649,3.0000514025495209,1407734561.769011,1.994539,-1407734563.7635483741760,2807779584.0000000000000,0,3.1e-07
1.0049463451604062,0.0,-0.0018321699095012,0.0000000000000000,-0.0094803150085479,0.0000000000000000,13.1327062707995470,3.0000512166657574,1393037044.054355,2.000015,-1393037046.0487105846405,2778211712.0000000000000,0,2.2e-06
1.0049500217515441,0.0,-0.0018285481648698,0.0000000000000000,-0.0094949211916486,0.0000000000000000,13.1427250532352744,3.0000510313287441,1378545763.565172,2.000012,-1378545765.5593330860138,2749041664.0000000000000,0,1.9e-06
1.0049536886366242,0.0,-0.0018249650287757,0.0000000000000000,-0.0095094521571476,0.0000000000000000,13.1527436455827544,3.0000508465345046,1364257216.795373,1.993958,-1364257218.7893240451813,2720263168.0000000000000,0,9.8e-07
1.0049573460788450,0.0,-0.0018214200181327,0.0000000000000000,-0.0095239090004134,0.0000000000000000,13.1627620516387314,3.0000506622790937,1350165524.124615,2.000010,-1350165526.1183636188507,2691891200.0000000000000,0,1.5e-06
1.0049609943358426,0.0,-0.0018179126598400,0.0000000000000000,-0.0095382927955073,0.0000000000000000,13.1727802751054028,3.0000504785586015,1336270553.176950,1.993532,-1336270555.1704773902893,2663892352.0000000000000,0,6.6e-07
1.0049646336598608,0.0,-0.0018144424904964,0.0000000000000000,-0.0095526045957898,0.0000000000000000,13.1827983195935960,3.0000502953691446,1322569370.495493,1.993340,-1322569372.4887771606445,2636257792.0000000000000,0,8.3e-06
1.0049682642979179,0.0,-0.0018110090561246,0.0000000000000000,-0.0095668454345054,0.0000000000000000,13.1928161886258124,3.0000501127068753,1309050161.475131,2.000031,-1309050163.4682154655457,2609048704.0000000000000,0,4.9e-06
1.0049718864919639,0.0,-0.0018076119119049,0.0000000000000000,-0.0095810163253444,0.0000000000000000,13.2028338856391567,3.0000499305679744,1295720258.985204,2.000044,-1295720260.9780538082123,2582176640.0000000000000,0,6.9e-06
1.0049755004790348,0.0,-0.0018042506219194,0.0000000000000000,-0.0095951182629871,0.0000000000000000,13.2128514139881386,3.0000497489486531,1282577822.746857,1.992609,-1282577824.7394282817841,2555629184.0000000000000,0,5.5e-06
1.0049791064913993,0.0,-0.0018009247589045,0.0000000000000000,-0.0096091522236264,0.0000000000000000,13.2228687769473705,3.0000495678451520,1269610721.026939,1.992351,-1269610723.0192553997040,2529466880.0000000000000,0,5.2e-06
1.0049827047567015,0.0,-0.0017976339040126,0.0000000000000000,-0.0096231191654735,0.0000000000000000,13.2328859777141581,3.0000493872537426,1256819318.875029,1.992072,-1256819320.8670880794525,2503658624.0000000000000,0,2.0e-06
1.0049862954980975,0.0,-0.0017943776465819,0.0000000000000000,-0.0096370200292457,0.0000000000000000,13.2429030194109831,3.0000492071707230,1244202967.835618,1.991800,-1244202969.8274011611938,2478183040.0000000000000,0,2.7e-06
1.0049898789343887,0.0,-0.0017911555839143,0.0000000000000000,-0.0096508557386363,0.0000000000000000,13.2529199050878983,3.0000490275924250,1231755231.528096,2.000022,-1231755233.5196089744568,2453056896.0000000000000,0,3.4e-06
1.0049934552801476,0.0,-0.0017879673210606,0.0000000000000000,-0.0096646272007702,0.0000000000000000,13.2629366377248239,3.0000488485152026,1219479526.543928,1.991218,-1219479528.5351345539093,2428235776.0000000000000,0,1.8e-06
1.0049970247458424,0.0,-0.0017848124706139,0.0000000000000000,-0.0096783353066416,0.0000000000000000,13.2729532202337612,3.0000486699354445,1207368544.194603,1.990926,-1207368546.1854982376099,2403743872.0000000000000,0,5.0e-06
1.0050005875379551,0.0,-0.0017816906525088,0.0000000000000000,-0.0096919809315394,0.0000000000000000,13.2829696554609189,3.0000484918495616,1195418756.692278,1.990606,-1195418758.6828594207764,2379579904.0000000000000,0,3.7e-06
1.0050041438590960,0.0,-0.0017786014938283,0.0000000000000000,-0.0097055649354564,0.0000000000000000,13.2929859461887592,3.0000483142539971,1183631675.335422,1.990305,-1183631677.3256659507751,2355715200.0000000000000,0,9.7e-06
1.0050076939081152,0.0,-0.0017755446286169,0.0000000000000000,-0.0097190881634856,0.0000000000000000,13.3030020951379697,3.0000481371452179,1171996758.058976,1.989931,-1171996760.0489039421082,2332188416.0000000000000,0,6.5e-07
1.0050112378802090,0.0,-0.0017725196976995,0.0000000000000000,-0.0097325514462037,0.0000000000000000,13.3130181049693643,3.0000479605197192,1160520253.031812,1.989585,-1160520255.0213906764984,2308946048.0000000000000,0,1.2e-06
1.0050147759670227,0.0,-0.0017695263485065,0.0000000000000000,-0.0097459556000415,0.0000000000000000,13.3230339782857090,3.0000477843740239,1149196430.373962,1.989228,-1149196432.3631765842438,2285998848.0000000000000,0,2.1e-06
1.0050183083567523,0.0,-0.0017665642349053,0.0000000000000000,-0.0097593014276426,0.0000000000000000,13.3330497176334841,3.0000476087046803,1138022145.721167,1.988853,-1138022147.7100095748901,2263347968.0000000000000,0,1.6e-06
1.0050218352342390,0.0,-0.0017636330170354,0.0000000000000000,-0.0097725897182102,0.0000000000000000,13.3430653255045844,3.0000474335082630,1126995766.102305,1.988468,-1126995768.0907635688782,2240985344.0000000000000,0,1.6e-06
1.0050253567810639,0.0,-0.0017607323611513,0.0000000000000000,-0.0097858212478431,0.0000000000000000,13.3530808043379547,3.0000472587813718,1116113115.600833,1.988053,-1116113117.5889046192169,2218911616.0000000000000,0,2.8e-06
1.0050288731756380,0.0,-0.0017578619394681,0.0000000000000000,-0.0097989967798608,0.0000000000000000,13.3630961565211734,3.0000470845206317,1105375036.446687,1.987641,-1105375038.4343473911285,2197109120.0000000000000,0,3.0e-06
1.0050323845932889,0.0,-0.0017550214300134,0.0000000000000000,-0.0098121170651182,0.0000000000000000,13.3731113843919704,3.0000469107226961,1094778426.854460,1.987222,-1094778428.8416900634766,2175577088.0000000000000,0,1.4e-06
1.0050358912063466,0.0,-0.0017522105164836,0.0000000000000000,-0.0098251828423112,0.0000000000000000,13.3831264902397020,3.0000467373842401,1084320322.819657,1.986788,-1084320324.8064448833466,2154314240.0000000000000,0,3.5e-08
1.0050393931842241,0.0,-0.0017494288881038,0.0000000000000000,-0.0098381948382714,0.0000000000000000,13.3931414763067700,3.0000465645019645,1073998517.430334,1.986338,-1073998519.4166641235352,2133315840.0000000000000,0,1.2e-06
1.0050428906934972,0.0,-0.0017466762394936,0.0000000000000000,-0.0098511537682531,0.0000000000000000,13.4031563447899895,3.0000463920725950,1063809294.567366,1.985856,-1063809296.5532364845276,2112586304.0000000000000,0,2.1e-06
1.0050463838979806,0.0,-0.0017439522705358,0.0000000000000000,-0.0098640603362110,0.0000000000000000,13.4131710978419143,3.0000462200928806,1053753298.349671,1.985368,-1053753300.3350559473038,2092105344.0000000000000,0,2.5e-06
1.0050498729588033,0.0,-0.0017412566862492,0.0000000000000000,-0.0098769152350684,0.0000000000000000,13.4231857375721173,3.0000460485595966,1043829648.181761,1.984890,-1043829650.1666328907013,2071868096.0000000000000,0,3.0e-06
1.0050533580344789,0.0,-0.0017385891966659,0.0000000000000000,-0.0098897191469791,0.0000000000000000,13.4332002660484218,3.0000458774695384,1034029817.103705,1.984350,-1034029819.0880708694458,2051894720.0000000000000,0,2.8e-06
1.0050568392809771,0.0,-0.0017359495167120,0.0000000000000000,-0.0099024727435807,0.0000000000000000,13.4432146852981003,3.0000457068195283,1024359120.752331,1.983825,-1024359122.7361595630646,2032152576.0000000000000,0,4.9e-07
1.0050603168517893,0.0,-0.0017333373660915,0.0000000000000000,-0.0099151766862389,0.0000000000000000,13.4532289973090275,3.0000455366064096,1014811688.935256,1.983273,-1014811690.9185335636139,2012651648.0000000000000,0,5.0e-07
1.0050637908979954,0.0,-0.0017307524691739,0.0000000000000000,-0.0099278316262873,0.0000000000000000,13.4632432040307961,3.0000453668270506,1005386140.183210,1.982700,-1005386142.1659183502197,1993387520.0000000000000,0,1.4e-06
1.0050672615683265,0.0,-0.0017281945548858,0.0000000000000000,-0.0099404382052577,0.0000000000000000,13.4732573073757962,3.0000451974783409,996083083.825613,1.982130,-996083085.8077229261398,1974346240.0000000000000,0,3.3e-06
1.0050707290092271,0.0,-0.0017256633566040,0.0000000000000000,-0.0099529970551052,0.0000000000000000,13.4832713092202656,3.0000450285571927,986895342.066544,1.981508,-986895344.0480543375015,1955543616.0000000000000,0,2.9e-07
1.0050741933649141,0.0,-0.0017231586120537,0.0000000000000000,-0.0099655087984256,0.0000000000000000,13.4932852114052952,3.0000448600605414,977825542.091178,1.980881,-977825544.0720629692078,1936959680.0000000000000,0,6.1e-07
1.0050776547774347,0.0,-0.0017206800632081,0.0000000000000000,-0.0099779740486677,0.0000000000000000,13.5032990157378112,3.0000446919853445,968872014.952933,1.980246,-968872016.9331638813019,1918590528.0000000000000,0,2.6e-06
1.0050811133867228,0.0,-0.0017182274561918,0.0000000000000000,-0.0099903934103388,0.0000000000000000,13.5133127239915236,3.0000445243285814,960030179.871017,1.979576,-960030181.8505810499191,1900441856.0000000000000,0,2.0e-06
1.0050845693306532,0.0,-0.0017158005411863,0.0000000000000000,-0.0100027674792041,0.0000000000000000,13.5233263379078430,3.0000443570872513,951300198.038011,1.978889,-951300200.0168855190277,1882504064.0000000000000,0,2.5e-06
1.0050880227450947,0.0,-0.0017133990723389,0.0000000000000000,-0.0100150968424812,0.0000000000000000,13.5333398591967722,3.0000441902583779,942680375.935144,1.978185,-942680377.9133045673370,1864773632.0000000000000,0,4.1e-06
1.0050914737639611,0.0,-0.0017110228076734,0.0000000000000000,-0.0100273820790286,0.0000000000000000,13.5433532895377677,3.0000440238390054,934166688.535671,1.977438,-934166690.5131055116653,1847253760.0000000000000,0,6.6e-07
1.0050949225192611,0.0,-0.0017086715090038,0.0000000000000000,-0.0100396237595293,0.0000000000000000,13.5533666305805713,3.0000438578261970,925760296.759473,1.976677,-925760298.7361526489258,1829931904.0000000000000,0,6.3e-07
1.0050983691411466,0.0,-0.0017063449418506,0.0000000000000000,-0.0100518224466688,0.0000000000000000,13.5633798839460269,3.0000436922170404,917459455.493223,1.975899,-917459457.4691233634949,1812808448.0000000000000,0,1.8e-07
1.0051018137579599,0.0,-0.0017040428753584,0.0000000000000000,-0.0100639786953090,0.0000000000000000,13.5733930512268604,3.0000435270086396,909259061.125699,1.975069,-909259063.1008068323135,1795885120.0000000000000,0,6.9e-06
1.0051052564962790,0.0,-0.0017017650822170,0.0000000000000000,-0.0100760930526556,0.0000000000000000,13.5834061339884435,3.0000433621981242,901167264.291249,1.974280,-901167266.2655097246170,1779138432.0000000000000,0,3.6e-06
1.0051086974809615,0.0,-0.0016995113385840,0.0000000000000000,-0.0100881660584239,0.0000000000000000,13.5934191337695331,3.0000431977826398,893169706.687981,1.973407,-893169708.6613935232162,1762592320.0000000000000,0,9.3e-07
1.0051121368351885,0.0,-0.0016972814240093,0.0000000000000000,-0.0101001982449973,0.0000000000000000,13.6034320520829866,3.0000430337593547,885272867.721212,1.972528,-885272869.6937420368195,1746227008.0000000000000,0,5.0e-07
1.0051155746805061,0.0,-0.0016950751213624,0.0000000000000000,-0.0101121901375823,0.0000000000000000,13.6134448904164600,3.0000428701254553,877474405.159834,1.971631,-877474407.1314512491226,1730043520.0000000000000,0,2.6e-06
1.0051190111368655,0.0,-0.0016928922167607,0.0000000000000000,-0.0101241422543607,0.0000000000000000,13.6234576502330800,3.0000427068781503,869768372.041086,1.970674,-869768374.0117743015289,1714042112.0000000000000,0,2.6e-06
1.0051224463226631,0.0,-0.0016907324995007,0.0000000000000000,-0.0101360551066357,0.0000000000000000,13.6334703329721041,3.0000425440146663,862161265.211692,1.969731,-862161267.1814059019089,1698211072.0000000000000,0,3.2e-06
1.0051258803547785,0.0,-0.0016885957619899,0.0000000000000000,-0.0101479291989757,0.0000000000000000,13.6434829400495552,3.0000423815322486,854643248.549857,1.968723,-854643250.5185817480087,1682558400.0000000000000,0,6.8e-07
1.0051293133486126,0.0,-0.0016864817996819,0.0000000000000000,-0.0101597650293537,0.0000000000000000,13.6534954728588396,3.0000422194281642,847220550.851829,1.967717,-847220552.8195227384567,1667070336.0000000000000,0,4.4e-06
1.0051327454181220,0.0,-0.0016843904110114,0.0000000000000000,-0.0101715630892828,0.0000000000000000,13.6635079327713491,3.0000420576996967,839884763.927042,1.966649,-839884765.8936856985092,1651753664.0000000000000,0,1.1e-06
1.0051361766758571,0.0,-0.0016823213973330,0.0000000000000000,-0.0101833238639490,0.0000000000000000,13.6735203211370440,3.0000418963441504,832639087.794481,1.965560,-832639089.7600369453430,1636599552.0000000000000,0,5.8e-07
1.0051396072329934,0.0,-0.0016802745628596,0.0000000000000000,-0.0101950478323396,0.0000000000000000,13.6835326392850245,3.0000417353588480,825478629.260723,1.964415,-825478631.2251689434052,1621608512.0000000000000,0,6.0e-06
1.0051430371993677,0.0,-0.0016782497146037,0.0000000000000000,-0.0102067354673689,0.0000000000000000,13.6935448885240767,3.0000415747411298,818410803.027053,1.963293,-818410804.9903336763382,1606770432.0000000000000,0,2.4e-06
1.0051464666835084,0.0,-0.0016762466623198,0.0000000000000000,-0.0102183872360006,0.0000000000000000,13.7035570701432121,3.0000414144883565,811425548.759906,1.962114,-811425550.7219961881638,1592089984.0000000000000,0,4.6e-06
1.0051498957926679,0.0,-0.0016742652184479,0.0000000000000000,-0.0102300035993670,0.0000000000000000,13.7135691854121937,3.0000412545979045,804522199.760859,1.960880,-804522201.7217301130295,1577564544.0000000000000,0,1.7e-06
1.0051533246328539,0.0,-0.0016723051980592,0.0000000000000000,-0.0102415850128856,0.0000000000000000,13.7235812355820350,3.0000410950671719,797701810.365266,1.959613,-797701812.3248808383942,1563189184.0000000000000,0,5.6e-07
1.0051567533088583,0.0,-0.0016703664188025,0.0000000000000000,-0.0102531319263712,0.0000000000000000,13.7335932218855010,3.0000409358935705,790964678.353626,1.958324,-790964680.3119422197342,1548959104.0000000000000,0,1.3e-06
1.0051601819242872,0.0,-0.0016684487008520,0.0000000000000000,-0.0102646447841482,0.0000000000000000,13.7436051455375861,3.0000407770745334,784305438.788435,1.956974,-784305440.7454228401184,1534876608.0000000000000,0,2.8e-06
1.0051636105815884,0.0,-0.0016665518668571,0.0000000000000000,-0.0102761240251565,0.0000000000000000,13.7536170077359809,3.0000406186075086,777729997.087402,1.955627,-777729999.0430095195770,1520934528.0000000000000,0,4.0e-06
1.0051670393820800,0.0,-0.0016646757418923,0.0000000000000000,-0.0102875700830580,0.0000000000000000,13.7636288096615296,3.0000404604899660,771226862.571884,1.954188,-771226864.5260869264603,1507133888.0000000000000,0,3.0e-06
1.0051704684259763,0.0,-0.0016628201534095,0.0000000000000000,-0.0102989833863382,0.0000000000000000,13.7736405524786729,3.0000403027193880,764805298.470294,1.952749,-764805300.4230383634567,1493469376.0000000000000,0,9.7e-07
1.0051738978124143,0.0,-0.0016609849311907,0.0000000000000000,-0.0103103643584063,0.0000000000000000,13.7836522373358790,3.0000401452932763,758457352.198267,1.951248,-758457354.1495167016983,1479939776.0000000000000,0,5.0e-07
1.0051773276394798,0.0,-0.0016591699073019,0.0000000000000000,-0.0103217134176935,0.0000000000000000,13.7936638653660619,3.0000399882091511,752184808.772035,1.949710,-752184810.7217458486557,1466543200.0000000000000,0,5.5e-07
1.0051807580042307,0.0,-0.0016573749160487,0.0000000000000000,-0.0103330309777468,0.0000000000000000,13.8036754376869979,3.0000398314645476,745986341.205630,1.948130,-745986343.1537578105927,1453277440.0000000000000,0,1.7e-07
1.0051841890027231,0.0,-0.0016555997939322,0.0000000000000000,-0.0103443174473228,0.0000000000000000,13.8136869554017174,3.0000396750570189,739860628.691723,1.946505,-739860630.6382246017456,1440139552.0000000000000,0,9.9e-07
1.0051876207300328,0.0,-0.0016538443796066,0.0000000000000000,-0.0103555732304787,0.0000000000000000,13.8236984195988981,3.0000395189841336,733806211.569622,1.944831,-733806213.5144493579865,1427125984.0000000000000,0,8.6e-07
1.0051910532802801,0.0,-0.0016521085138375,0.0000000000000000,-0.0103667987266599,0.0000000000000000,13.8337098313532412,3.0000393632434794,727822409.436853,1.943108,-727822411.3799586296082,1414235488.0000000000000,0,5.7e-07
1.0051944867466507,0.0,-0.0016503920394611,0.0000000000000000,-0.0103779943307864,0.0000000000000000,13.8437211917258445,3.0000392078326574,721908512.186473,1.941339,-721908514.1278088092804,1401466976.0000000000000,0,7.7e-07
1.0051979212214182,0.0,-0.0016486948013448,0.0000000000000000,-0.0103891604333383,0.0000000000000000,13.8537325017645596,3.0000390527492873,716064143.421570,1.939528,-716064145.3610855340958,1388817760.0000000000000,0,2.9e-06
1.0052013567959646,0.0,-0.0016470166463481,0.0000000000000000,-0.0104002974204366,0.0000000000000000,13.8637437625043454,3.0000388979910046,710287382.026747,1.937663,-710287383.9643903970718,1376283648.0000000000000,0,4.6e-06
1.0052047935608017,0.0,-0.0016453574232851,0.0000000000000000,-0.0104114056739250,0.0000000000000000,13.8737549749676088,3.0000387435554599,704573969.558334,1.935718,-704573971.4940592050552,1363861664.0000000000000,0,1.9e-06
1.0052082316055915,0.0,-0.0016437169828873,0.0000000000000000,-0.0104224855714476,0.0000000000000000,13.8837661401645391,3.0000385894403201,698931316.252009,1.933760,-698931318.1857562065125,1351556160.0000000000000,0,3.2e-06
1.0052116710191636,0.0,-0.0016420951777675,0.0000000000000000,-0.0104335374865257,0.0000000000000000,13.8937772590934383,3.0000384356432690,693350197.369300,1.931718,-693350199.3010165691376,1339356320.0000000000000,0,3.0e-08
1.0052151118895378,0.0,-0.0016404918623849,0.0000000000000000,-0.0104445617886334,0.0000000000000000,13.9037883327410334,3.0000382821620053,687833871.722978,1.929627,-687833873.6526104211807,1327266624.0000000000000,0,1.4e-06
1.0052185543039391,0.0,-0.0016389068930103,0.0000000000000000,-0.0104555588432701,0.0000000000000000,13.9137993620827913,3.0000381289942433,682382062.223089,1.927489,-682382064.1505761146545,1315283392.0000000000000,0,1.8e-07
1.0052219983488186,0.0,-0.0016373401276925,0.0000000000000000,-0.0104665290120325,0.0000000000000000,13.9238103480832187,3.0000379761377127,676991252.422943,1.925281,-676991254.3482292890549,1303401888.0000000000000,0,1.4e-06
1.0052254441098698,0.0,-0.0016357914262255,0.0000000000000000,-0.0104774726526847,0.0000000000000000,13.9338212916961623,3.0000378235901595,671663833.780605,1.923029,-671663835.7036279439926,1291624704.0000000000000,0,1.6e-06
1.0052288916720453,0.0,-0.0016342606501165,0.0000000000000000,-0.0104883901192259,0.0000000000000000,13.9438321938650951,3.0000376713493431,666394468.935293,1.920694,-666394470.8559933900833,1279943904.0000000000000,0,1.5e-06
1.0052323411195760,0.0,-0.0016327476625544,0.0000000000000000,-0.0104992817619577,0.0000000000000000,13.9538430555233965,3.0000375194130395,661187906.929356,1.918321,-661187908.8476688861847,1268365088.0000000000000,0,2.3e-06
1.0052357925359843,0.0,-0.0016312523283788,0.0000000000000000,-0.0105101479275494,0.0000000000000000,13.9638538775946337,3.0000373677790413,656036893.243859,1.915855,-656036895.1597213745117,1256876352.0000000000000,0,1.9e-06
1.0052392460041022,0.0,-0.0016297745140506,0.0000000000000000,-0.0105209889591020,0.0000000000000000,13.9738646609928256,3.0000372164451519,650945821.636028,1.913338,-650945823.5493733882904,1245484288.0000000000000,0,2.1e-06
1.0052427016060868,0.0,-0.0016283140876224,0.0000000000000000,-0.0105318051962098,0.0000000000000000,13.9838754066227100,3.0000370654091935,645914103.798945,1.910769,-645914105.7097070217133,1234188064.0000000000000,0,2.2e-06
1.0052461594234334,0.0,-0.0016268709187098,0.0000000000000000,-0.0105425969750226,0.0000000000000000,13.9938861153799969,3.0000369146690007,640935701.843760,1.908104,-640935703.7518686056137,1222975264.0000000000000,0,1.2e-06
1.0052496195369935,0.0,-0.0016254448784632,0.0000000000000000,-0.0105533646283048,0.0000000000000000,14.0038967881516232,3.0000367642224233,636015560.765484,1.905389,-636015562.6708692312241,1211854464.0000000000000,0,9.5e-07
1.0052530820269860,0.0,-0.0016240358395410,0.0000000000000000,-0.0105641084854935,0.0000000000000000,14.0139074258159937,3.0000366140673269,631147775.195481,1.902579,-631147777.0980701446533,1200814560.0000000000000,0,3.4e-06
1.0052565469730139,0.0,-0.0016226436760823,0.0000000000000000,-0.0105748288727561,0.0000000000000000,14.0239180292432284,3.0000364642015884,626337089.441649,1.899716,-626337091.3413684368134,1189865600.0000000000000,0,1.4e-06
1.0052600144540753,0.0,-0.0016212682636810,0.0000000000000000,-0.0105855261130462,0.0000000000000000,14.0339285992953897,3.0000363146231033,621580982.676330,1.896786,-621580984.5731064081192,1179000544.0000000000000,0,2.7e-06
1.0052634845485797,0.0,-0.0016199094793597,0.0000000000000000,-0.0105962005261576,0.0000000000000000,14.0439391368267152,3.0000361653297780,616874255.867030,1.893751,-616874257.7607841491699,1168208352.0000000000000,0,1.5e-06
1.0052669573343582,0.0,-0.0016185672015454,0.0000000000000000,-0.0106068524287785,0.0000000000000000,14.0539496426838451,3.0000360163195339,612223047.879975,1.890662,-612223049.7706320285797,1157503936.0000000000000,0,1.9e-06
1.0052704328886783,0.0,-0.0016172413100444,0.0000000000000000,-0.0106174821345435,0.0000000000000000,14.0639601177060349,3.0000358675903067,607621307.971402,1.887477,-607621309.8588778972626,1146870304.0000000000000,0,5.0e-07
1.0052739112882547,0.0,-0.0016159316860187,0.0000000000000000,-0.0106280899540845,0.0000000000000000,14.0739705627253766,3.0000357191400471,603071109.177127,1.884215,-603071111.0613390207291,1136313760.0000000000000,0,6.5e-07
1.0052773926092629,0.0,-0.0016146382119623,0.0000000000000000,-0.0106386761950813,0.0000000000000000,14.0839809785670038,3.0000355709667175,598570653.327852,1.880864,-598570655.2087174654007,1125830944.0000000000000,0,2.6e-07
1.0052808769273491,0.0,-0.0016133607716784,0.0000000000000000,-0.0106492411623103,0.0000000000000000,14.0939913660493037,3.0000354230682951,594121263.850153,1.877440,-594121265.7275871038437,1115423456.0000000000000,0,2.4e-06
1.0052843643176428,0.0,-0.0016120992502569,0.0000000000000000,-0.0106597851576924,0.0000000000000000,14.1040017259841104,3.0000352754427717,589718925.365973,1.873914,-589718927.2398856878281,1105081792.0000000000000,0,7.9e-07
1.0052878548547681,0.0,-0.0016108535340527,0.0000000000000000,-0.0106703084803403,0.0000000000000000,14.1140120591769094,3.0000351280881508,585365609.277563,1.870304,-585365611.1478652954102,1094810496.0000000000000,0,1.0e-06
1.0052913486128539,0.0,-0.0016096235106639,0.0000000000000000,-0.0106808114266041,0.0000000000000000,14.1240223664270239,3.0000349810024516,581059196.851858,1.866597,-581059198.7184554338455,1084603680.0000000000000,0,4.4e-07
1.0052948456655446,0.0,-0.0016084090689108,0.0000000000000000,-0.0106912942901165,0.0000000000000000,14.1340326485278069,3.0000348341837042,576798041.919499,1.862783,-576798043.7822957038879,1074457312.0000000000000,0,5.9e-06
1.0052983460860170,0.0,-0.0016072100988136,0.0000000000000000,-0.0107017573618559,0.0000000000000000,14.1440429062668240,3.0000346876299533,572587538.186629,1.858906,-572587540.0455378293991,1064387744.0000000000000,0,1.4e-06
1.0053018499469644,0.0,-0.0016060264915806,0.0000000000000000,-0.0107122009301118,0.0000000000000000,14.1540531404260470,3.0000345413392573,568422179.475195,1.854926,-568422181.3301182985306,1054379168.0000000000000,0,1.6e-06
1.0053053573206459,0.0,-0.0016048581395753,0.0000000000000000,-0.0107226252806458,0.0000000000000000,14.1640633517820085,3.0000343953096884,564300405.874467,1.850834,-564300407.7252986431122,1044425216.0000000000000,0,8.9e-07
1.0053088682788685,0.0,-0.0016037049363061,0.0000000000000000,-0.0107330306966523,0.0000000000000000,14.1740735411059919,3.0000342495393291,560223655.357846,1.846643,-560223657.2044870853424,1034532352.0000000000000,0,1.2e-06
1.0053123828930046,0.0,-0.0016025667764057,0.0000000000000000,-0.0107434174588195,0.0000000000000000,14.1840837091641969,3.0000341040262772,556189983.248471,1.842341,-556189985.0908122062683,1024691616.0000000000000,0,7.1e-07
1.0053159012340001,0.0,-0.0016014435556117,0.0000000000000000,-0.0107537858453690,0.0000000000000000,14.1940938567179096,3.0000339587686420,552199765.340127,1.837932,-552199767.1780632734299,1014908320.0000000000000,0,2.6e-06
1.0053194233723826,0.0,-0.0016003351707493,0.0000000000000000,-0.0107641361320952,0.0000000000000000,14.2041039845236590,3.0000338137645479,548255086.294122,1.833434,-548255088.1275540590286,1005188864.0000000000000,0,1.6e-06
1.0053229493782712,0.0,-0.0015992415197135,0.0000000000000000,-0.0107744685924025,0.0000000000000000,14.2141140933333840,3.0000336690121294,544350193.624339,1.828806,-544350195.4531453847885,995510944.0000000000000,0,8.2e-08
1.0053264793213845,0.0,-0.0015981625014515,0.0000000000000000,-0.0107847834973431,0.0000000000000000,14.2241241838945900,3.0000335245095338,540487086.265713,1.824065,-540487088.0897811651230,985885024.0000000000000,0,1.8e-06
1.0053300132710485,0.0,-0.0015970980159460,0.0000000000000000,-0.0107950811156536,0.0000000000000000,14.2341342569504974,3.0000333802549242,536666052.582079,1.819214,-536666054.4012937545776,976311088.0000000000000,0,1.7e-06
1.0053335512962045,0.0,-0.0015960479641988,0.0000000000000000,-0.0108053617137907,0.0000000000000000,14.2441443132402004,3.0000332362464723,532885856.172211,1.814245,-532885857.9864565730095,966786176.0000000000000,0,1.4e-06
1.0053370934654169,0.0,-0.0015950122482140,0.0000000000000000,-0.0108156255559660,0.0000000000000000,14.2541543534988087,3.0000330924823642,529146627.254986,1.809160,-529146629.0641456842422,957310752.0000000000000,0,6.0e-07
1.0053406398468807,0.0,-0.0015939907709830,0.0000000000000000,-0.0108258729041802,0.0000000000000000,14.2641643784575951,3.0000329489607984,525445970.540439,1.803945,-525445972.3443829417229,947875456.0000000000000,0,4.7e-08
1.0053441905084288,0.0,-0.0015929834364682,0.0000000000000000,-0.0108361040182580,0.0000000000000000,14.2741743888441430,3.0000328056799850,521783977.568733,1.798599,-521783979.3673338294029,938481472.0000000000000,0,2.0e-06
1.0053477455175397,0.0,-0.0015919901495879,0.0000000000000000,-0.0108463191558792,0.0000000000000000,14.2841843853824777,3.0000326626381457,518161584.929681,1.793132,-518161586.7228154540062,929133024.0000000000000,0,1.9e-06
1.0053513049413429,0.0,-0.0015910108162020,0.0000000000000000,-0.0108565185726127,0.0000000000000000,14.2941943687932120,3.0000325198335163,514578529.967653,1.787541,-514578531.7551944851875,919830224.0000000000000,0,7.7e-07
1.0053548688466274,0.0,-0.0015900453430967,0.0000000000000000,-0.0108667025219471,0.0000000000000000,14.3042043397936762,3.0000323772643434,511032565.438055,1.781812,-511032567.2198653817177,910563200.0000000000000,0,1.9e-06
1.0053584372998470,0.0,-0.0015890936379707,0.0000000000000000,-0.0108768712553225,0.0000000000000000,14.3142142990980510,3.0000322349288857,507523689.377675,1.775945,-507523691.1536186933517,901333472.0000000000000,0,2.5e-06
1.0053620103671266,0.0,-0.0015881556094212,0.0000000000000000,-0.0108870250221601,0.0000000000000000,14.3242242474175026,3.0000320928254132,504051180.664698,1.769936,-504051182.4346339702606,892138160.0000000000000,0,2.1e-06
1.0053655881142700,0.0,-0.0015872311669298,0.0000000000000000,-0.0108971640698930,0.0000000000000000,14.3342341854603035,3.0000319509522080,500613487.225898,1.763775,-500613488.9896731972694,882969664.0000000000000,0,1.9e-06
1.0053691706067638,0.0,-0.0015863202208497,0.0000000000000000,-0.0109072886439947,0.0000000000000000,14.3442441139319623,3.0000318093075662,497214194.382541,1.757486,-497214196.1400259137154,873846416.0000000000000,0,8.2e-08
1.0053727579097846,0.0,-0.0015854226823925,0.0000000000000000,-0.0109173989880082,0.0000000000000000,14.3542540335353497,3.0000316678897923,493849371.647881,1.751042,-493849373.3989235162735,864750960.0000000000000,0,5.9e-07
1.0053763500882043,0.0,-0.0015845384636148,0.0000000000000000,-0.0109274953435739,0.0000000000000000,14.3642639449708138,3.0000315266972040,490519823.008751,1.744449,-490519824.7532008886337,855687072.0000000000000,0,5.3e-07
1.0053799472065954,0.0,-0.0015836674774067,0.0000000000000000,-0.0109375779504569,0.0000000000000000,14.3742738489363031,3.0000313857281298,487225152.249852,1.737705,-487225153.9875562787056,846653664.0000000000000,0,2.1e-07
1.0053835493292367,0.0,-0.0015828096374784,0.0000000000000000,-0.0109476470465750,0.0000000000000000,14.3842837461274833,3.0000312449809123,483964406.761904,1.730802,-483964408.4927054643631,837646496.0000000000000,0,3.8e-07
1.0053871565201182,0.0,-0.0015819648583492,0.0000000000000000,-0.0109577028680241,0.0000000000000000,14.3942936372378547,3.0000311044539014,480735870.558703,1.723729,-480735872.2824308276176,828657696.0000000000000,0,3.0e-06
1.0053907688429464,0.0,-0.0015811330553348,0.0000000000000000,-0.0109677456491046,0.0000000000000000,14.4043035229588643,3.0000309641454610,477543434.206199,1.716512,-477543435.9227110147476,819708992.0000000000000,0,2.4e-08
1.0053943863611494,0.0,-0.0015803141445366,0.0000000000000000,-0.0109777756223472,0.0000000000000000,14.4143134039800174,3.0000308240539657,474382882.043563,1.709121,-474382883.7526850104332,810778064.0000000000000,0,6.5e-07
1.0053980091378807,0.0,-0.0015795080428302,0.0000000000000000,-0.0109877930185374,0.0000000000000000,14.4243232809889861,3.0000306841778022,471254996.446158,1.701562,-471254998.1477206349373,801870064.0000000000000,0,1.6e-06
1.0054016372360248,0.0,-0.0015787146678537,0.0000000000000000,-0.0109977980667403,0.0000000000000000,14.4343331546717248,3.0000305445153659,468157422.551807,1.693819,-468157424.2456248998642,792973312.0000000000000,0,1.7e-06
1.0054052707182017,0.0,-0.0015779339379983,0.0000000000000000,-0.0110077909943245,0.0000000000000000,14.4443430257125680,3.0000304050650657,465093272.993768,1.685910,-465093274.6796771287918,784105056.0000000000000,0,1.0e-06
1.0054089096467704,0.0,-0.0015771657723962,0.0000000000000000,-0.0110177720269861,0.0000000000000000,14.4543528947943418,3.0000302658253215,462060495.463538,1.677822,-462060497.1413588523865,775255216.0000000000000,0,2.8e-07
1.0054125540838337,0.0,-0.0015764100909115,0.0000000000000000,-0.0110277413887708,0.0000000000000000,14.4643627625984657,3.0000301267945622,459057527.862339,1.669543,-459057529.5318794846535,766415040.0000000000000,0,2.3e-06
1.0054162040912487,0.0,-0.0015756668141280,0.0000000000000000,-0.0110376993021166,0.0000000000000000,14.4743726298050532,3.0000299879712284,456086807.963005,1.661089,-456086809.6240931153297,757600320.0000000000000,0,4.2e-07
1.0054198597306048,0.0,-0.0015749358633451,0.0000000000000000,-0.0110476459878017,0.0000000000000000,14.4843824970930264,3.0000298493537723,453146035.679673,1.652442,-453146037.3321161866188,748798192.0000000000000,0,7.9e-07
1.0054235210632658,0.0,-0.0015742171605600,0.0000000000000000,-0.0110575816650750,0.0000000000000000,14.4943923651401931,3.0000297109406562,450234355.063801,1.643597,-450234356.7073971629143,740003504.0000000000000,0,1.8e-07
1.0054271881503489,0.0,-0.0015735106284634,0.0000000000000000,-0.0110675065516066,0.0000000000000000,14.5044022346233596,3.0000295727303548,447352826.633848,1.634558,-447352828.2684060931206,731224672.0000000000000,0,1.1e-06
1.0054308610527338,0.0,-0.0015728161904291,0.0000000000000000,-0.0110774208635259,0.0000000000000000,14.5144121062184261,3.0000294347213492,444499800.009276,1.625314,-444499801.6345903277397,722452208.0000000000000,0,4.5e-07
1.0054345398310662,0.0,-0.0015721337705048,0.0000000000000000,-0.0110873248154427,0.0000000000000000,14.5244219806004828,3.0000292969121358,441675909.961491,1.615867,-441675911.5773592591286,713690096.0000000000000,0,6.0e-07
1.0054382245457620,0.0,-0.0015714632934035,0.0000000000000000,-0.0110972186204673,0.0000000000000000,14.5344318584439023,3.0000291593012189,438879168.959711,1.606203,-438879170.5659106969833,704927520.0000000000000,0,2.3e-06
1.0054419152570091,0.0,-0.0015708046844944,0.0000000000000000,-0.0111071024902300,0.0000000000000000,14.5444417404224389,3.0000290218871135,436111613.866190,1.596333,-436111615.4625181555748,696177040.0000000000000,0,2.8e-06
1.0054456120247719,0.0,-0.0015701578697950,0.0000000000000000,-0.0111169766349012,0.0000000000000000,14.5544516272093141,3.0000288846683452,433372807.668430,1.586252,-433372809.2546802759171,687437696.0000000000000,0,9.9e-07
1.0054493149087935,0.0,-0.0015695227759624,0.0000000000000000,-0.0111268412632101,0.0000000000000000,14.5644615194773159,3.0000287476434502,430660980.328307,1.575947,-430660981.9042522907257,678698448.0000000000000,0,3.4e-07
1.0054530239685990,0.0,-0.0015688993302852,0.0000000000000000,-0.0111366965824638,0.0000000000000000,14.5744714178988879,3.0000286108109750,427975250.856313,1.565411,-427975252.4217203855515,669955568.0000000000000,0,2.1e-06
1.0054567392634977,0.0,-0.0015682874606758,0.0000000000000000,-0.0111465427985654,0.0000000000000000,14.5844813231462140,3.0000284741694752,425317367.384844,1.554652,-425317368.9394920468330,661218880.0000000000000,0,1.5e-06
1.0054604608525866,0.0,-0.0015676870956626,0.0000000000000000,-0.0111563801160326,0.0000000000000000,14.5944912358913168,3.0000283377175174,422686810.982651,1.543664,-422686812.5263171195984,652487408.0000000000000,0,1.1e-06
1.0054641887947526,0.0,-0.0015670981643824,0.0000000000000000,-0.0111662087380147,0.0000000000000000,14.6045011568061387,3.0000282014536790,420081961.725026,1.532435,-420081963.2574670910835,643750944.0000000000000,0,2.5e-06
1.0054679231486747,0.0,-0.0015665205965727,0.0000000000000000,-0.0111760288663109,0.0000000000000000,14.6145110865626364,3.0000280653765463,417500838.602392,1.520952,-417500840.1233409047127,634997472.0000000000000,0,1.2e-06
1.0054716639728272,0.0,-0.0015659543225652,0.0000000000000000,-0.0111858407013869,0.0000000000000000,14.6245210258328644,3.0000279294847161,414948009.822718,1.509238,-414948011.3319604992867,626257392.0000000000000,0,1.5e-06
1.0054754113254809,0.0,-0.0015653992732778,0.0000000000000000,-0.0111956444423918,0.0000000000000000,14.6345309752890635,3.0000277937767934,412418471.908321,1.497262,-412418473.4055822491646,617498080.0000000000000,0,4.8e-07
1.0054791652647066,0.0,-0.0015648553802085,0.0000000000000000,-0.0112054402871749,0.0000000000000000,14.6445409356037448,3.0000276582513954,409914384.363633,1.485033,-409914385.8486622571945,608734736.0000000000000,0,1.4e-06
1.0054829258483766,0.0,-0.0015643225754284,0.0000000000000000,-0.0112152284323012,0.0000000000000000,14.6545509074497797,3.0000275229071485,407436609.394262,1.472553,-407436610.8668185472488,599973472.0000000000000,0,1.5e-06
1.0054866931341659,0.0,-0.0015638007915747,0.0000000000000000,-0.0112250090730687,0.0000000000000000,14.6645608915004804,3.0000273877426866,404980165.495521,1.459791,-404980166.9553009271622,591181936.0000000000000,0,2.9e-06
1.0054904671795561,0.0,-0.0015632899618448,0.0000000000000000,-0.0112347824035222,0.0000000000000000,14.6745708884296899,3.0000272527566576,402550578.806404,1.446774,-402550580.2531742453575,582398032.0000000000000,0,9.2e-07
1.0054942480418354,0.0,-0.0015627900199898,0.0000000000000000,-0.0112445486164704,0.0000000000000000,14.6845808989118662,3.0000271179477140,400144921.486392,1.433482,-400144922.9198782444000,573602336.0000000000000,0,1.3e-06
1.0054980357781016,0.0,-0.0015623009003082,0.0000000000000000,-0.0112543079034998,0.0000000000000000,14.6945909236221635,3.0000269833145214,397761679.629031,1.419906,-397761681.0489392280579,564785088.0000000000000,0,7.0e-07
1.0055018304452632,0.0,-0.0015618225376402,0.0000000000000000,-0.0112640604549902,0.0000000000000000,14.7046009632365173,3.0000268488557524,395402251.767400,1.406047,-395402253.1734520792961,555956112.0000000000000,0,1.3e-06
1.0055056321000413,0.0,-0.0015613548673617,0.0000000000000000,-0.0112738064601287,0.0000000000000000,14.7146110184317340,3.0000267145700912,393065349.636084,1.391897,-393065351.0279833674431,547107264.0000000000000,0,6.9e-07
1.0055094407989713,0.0,-0.0015608978253784,0.0000000000000000,-0.0112835461069248,0.0000000000000000,14.7246210898855683,3.0000265804562298,390750541.233932,1.377448,-390750542.6113741397858,538236416.0000000000000,0,1.6e-06
1.0055132565984040,0.0,-0.0015604513481205,0.0000000000000000,-0.0112932795822235,0.0000000000000000,14.7346311782768122,3.0000264465128703,388460304.411898,1.362710,-388460305.7746117115021,529360352.0000000000000,0,1.0e-06
1.0055170795545074,0.0,-0.0015600153725371,0.0000000000000000,-0.0113030070717203,0.0000000000000000,14.7446412842853753,3.0000263127387226,386191456.089899,1.347663,-386191457.4375672340393,520458160.0000000000000,0,1.5e-06
1.0055209097232676,0.0,-0.0015595898360908,0.0000000000000000,-0.0113127287599734,0.0000000000000000,14.7546514085923715,3.0000261791325076,383942605.872677,1.332295,-383942607.2049607038498,511520320.0000000000000,0,2.7e-06
1.0055247471604911,0.0,-0.0015591746767528,0.0000000000000000,-0.0113224448304182,0.0000000000000000,14.7646615518802058,3.0000260456929544,381719462.265105,1.316631,-381719463.5817450284958,502587072.0000000000000,0,2.3e-06
1.0055285919218044,0.0,-0.0015587698329974,0.0000000000000000,-0.0113321554653798,0.0000000000000000,14.7746717148326532,3.0000259124188005,379514649.712678,1.300630,-379514651.0133079290390,493607896.0000000000000,0,1.5e-07
1.0055324440626570,0.0,-0.0015583752437975,0.0000000000000000,-0.0113418608460860,0.0000000000000000,14.7846818981349504,3.0000257793087939,377333502.125630,1.284314,-377333503.4099588990211,484620552.0000000000000,0,3.0e-06
1.0055363036383205,0.0,-0.0015579908486195,0.0000000000000000,-0.0113515611526801,0.0000000000000000,14.7946921024738742,3.0000256463616890,375170585.910471,1.267652,-375170587.1781219244003,475585216.0000000000000,0,4.8e-07
1.0055401707038916,0.0,-0.0015576165874186,0.0000000000000000,-0.0113612565642335,0.0000000000000000,14.8047023285378323,3.0000255135762517,373030731.845955,1.250663,-373030733.0966243743896,466538192.0000000000000,0,1.4e-06
1.0055440453142919,0.0,-0.0015572524006343,0.0000000000000000,-0.0113709472587576,0.0000000000000000,14.8147125770169463,3.0000253809512545,370910434.220487,1.233325,-370910435.4538149833679,457454400.0000000000000,0,8.5e-07
1.0055479275242689,0.0,-0.0015568982291860,0.0000000000000000,-0.0113806334132157,0.0000000000000000,14.8247228486031446,3.0000252484854810,368809465.032853,1.215633,-368809466.2484751343727,448332808.0000000000000,0,2.1e-06
1.0055518173883973,0.0,-0.0015565540144684,0.0000000000000000,-0.0113903152035359,0.0000000000000000,14.8347331439902401,3.0000251161777212,366729679.678726,1.197589,-366729680.8763007521629,439186336.0000000000000,0,2.5e-06
1.0055557149610794,0.0,-0.0015562196983475,0.0000000000000000,-0.0113999928046214,0.0000000000000000,14.8447434638740265,3.0000249840267736,364670583.591362,1.179188,-364670584.7705447673798,430013504.0000000000000,0,1.0e-06
1.0055596202965462,0.0,-0.0015558952231564,0.0000000000000000,-0.0114096663903628,0.0000000000000000,14.8547538089523634,3.0000248520314479,362630551.333188,1.160416,-362630552.4935986399651,420800512.0000000000000,0,9.6e-07
1.0055635334488577,0.0,-0.0015555805316910,0.0000000000000000,-0.0114193361336490,0.0000000000000000,14.8647641799252668,3.0000247201905590,360609573.460493,1.141268,-360609574.6017510890961,411548336.0000000000000,0,1.9e-06
1.0055674544719038,0.0,-0.0015552755672067,0.0000000000000000,-0.0114290022063789,0.0000000000000000,14.8747745774949980,3.0000245885029315,358607465.900003,1.121738,-358607467.0217196345329,402256016.0000000000000,0,3.6e-06
1.0055713834194051,0.0,-0.0015549802734136,0.0000000000000000,-0.0114386647794714,0.0000000000000000,14.8847850023661561,3.0000244569673997,356626894.509439,1.101832,-356626895.6112751960754,392944512.0000000000000,0,6.1e-07
1.0055753203449131,0.0,-0.0015546945944739,0.0000000000000000,-0.0114483240228770,0.0000000000000000,14.8947954552457720,3.0000243255828023,354664223.015368,1.081529,-354664224.0969125032425,383585352.0000000000000,0,2.7e-06
1.0055792653018107,0.0,-0.0015544184749972,0.0000000000000000,-0.0114579801055877,0.0000000000000000,14.9048059368433989,3.0000241943479913,352718250.085518,1.060818,-352718251.1463360190392,374169936.0000000000000,0,1.1e-07
1.0055832183433131,0.0,-0.0015541518600378,0.0000000000000000,-0.0114676331956479,0.0000000000000000,14.9148164478712104,3.0000240632618231,350791545.439681,1.039704,-350791546.4793832302094,364718648.0000000000000,0,3.6e-07
1.0055871795224678,0.0,-0.0015538946950909,0.0000000000000000,-0.0114772834601646,0.0000000000000000,14.9248269890440941,3.0000239323231628,348883925.746898,1.018181,-348883926.7650859951973,355229328.0000000000000,0,1.3e-06
1.0055911488921552,0.0,-0.0015536469260890,0.0000000000000000,-0.0114869310653171,0.0000000000000000,14.9348375610797479,3.0000238015308844,346993170.791368,0.996233,-346993171.7876034379005,345686608.0000000000000,0,1.7e-07
1.0055951265050889,0.0,-0.0015534084993993,0.0000000000000000,-0.0114965761763674,0.0000000000000000,14.9448481646987830,3.0000236708838695,345120238.446919,0.973858,-345120239.4207729697227,336096528.0000000000000,0,9.1e-07
1.0055991124138162,0.0,-0.0015531793618198,0.0000000000000000,-0.0115062189576696,0.0000000000000000,14.9548588006248195,3.0000235403810067,343265678.943373,0.951053,-343265679.8944255709648,326463664.0000000000000,0,1.7e-07
1.0056031066707176,0.0,-0.0015529594605768,0.0000000000000000,-0.0115158595726799,0.0000000000000000,14.9648694695845919,3.0000234100211944,341428337.045613,0.927806,-341428337.9734182357788,316779128.0000000000000,0,7.1e-08
1.0056071093280083,0.0,-0.0015527487433215,0.0000000000000000,-0.0115254981839659,0.0000000000000000,14.9748801723080511,3.0000232798033353,339608573.539497,0.904112,-339608574.4436160922050,307046664.0000000000000,0,1.1e-06
1.0056111204377374,0.0,-0.0015525471581274,0.0000000000000000,-0.0115351349532160,0.0000000000000000,14.9848909095284686,3.0000231497263439,337805147.824923,0.879961,-337805148.7048860192299,297256024.0000000000000,0,4.5e-07
1.0056151400517888,0.0,-0.0015523546534871,0.0000000000000000,-0.0115447700412486,0.0000000000000000,14.9949016819825438,3.0000230197891380,336018555.969069,0.855347,-336018556.8244131207466,287411536.0000000000000,0,3.1e-07
1.0056191682218805,0.0,-0.0015521711783100,0.0000000000000000,-0.0115544036080211,0.0000000000000000,15.0049124904105167,3.0000228899906469,334249761.677215,0.830266,-334249762.5074918866158,277519904.0000000000000,0,1.6e-06
1.0056232049995655,0.0,-0.0015519966819190,0.0000000000000000,-0.0115640358126393,0.0000000000000000,15.0149233355562775,3.0000227603298053,332496244.392367,0.804704,-332496245.1970746517181,267562296.0000000000000,0,5.5e-07
1.0056272504362316,0.0,-0.0015518311140488,0.0000000000000000,-0.0115736668133654,0.0000000000000000,15.0249342181674752,3.0000226308055553,330759171.963994,0.778658,-330759172.7426475882530,257547000.0000000000000,0,2.5e-07
1.0056313045831013,0.0,-0.0015516744248424,0.0000000000000000,-0.0115832967676276,0.0000000000000000,15.0349451389956403,3.0000225014168458,329038037.898988,0.752117,-329038038.6510935425758,247471152.0000000000000,0,1.6e-06
1.0056353674912322,0.0,-0.0015515265648492,0.0000000000000000,-0.0115929258320283,0.0000000000000000,15.0449560987963000,3.0000223721626345,327333629.975466,0.725079,-327333630.7005362510681,237339656.0000000000000,0,1.1e-06
1.0056394392115167,0.0,-0.0015513874850226,0.0000000000000000,-0.0116025541623522,0.0000000000000000,15.0549670983290973,3.0000222430418870,325645912.475638,0.697534,-325645913.1731845736504,227153032.0000000000000,0,1.5e-06
1.0056435197946825,0.0,-0.0015512571367175,0.0000000000000000,-0.0116121819135755,0.0000000000000000,15.0649781383579171,3.0000221140535710,323972138.732071,0.669468,-323972139.4015374183655,216888568.0000000000000,0,1.3e-07
1.0056476092912916,0.0,-0.0015511354716880,0.0000000000000000,-0.0116218092398735,0.0000000000000000,15.0749892196510071,3.0000219851966667,322314844.280257,0.640881,-322314844.9211444258690,206567416.0000000000000,0,7.1e-07
1.0056517077517415,0.0,-0.0015510224420858,0.0000000000000000,-0.0116314362946287,0.0000000000000000,15.0850003429811146,3.0000218564701595,320673058.157948,0.611761,-320673058.7697262763977,196180736.0000000000000,0,2.0e-06
1.0056558152262642,0.0,-0.0015509180004571,0.0000000000000000,-0.0116410632304395,0.0000000000000000,15.0950115091256123,3.0000217278730408,319045714.260732,0.582097,-319045714.8428407907486,185719480.0000000000000,0,1.6e-06
1.0056599317649264,0.0,-0.0015508220997413,0.0000000000000000,-0.0116506901991274,0.0000000000000000,15.1050227188666319,3.0000215994043096,317433139.230086,0.551884,-317433139.7819761633873,175188000.0000000000000,0,5.2e-07
1.0056640574176299,0.0,-0.0015507346932689,0.0000000000000000,-0.0116603173517454,0.0000000000000000,15.1150339729912080,3.0000214710629720,315836780.481462,0.521116,-315836781.0026034116745,164595432.0000000000000,0,2.8e-06
1.0056681922341106,0.0,-0.0015506557347593,0.0000000000000000,-0.0116699448385853,0.0000000000000000,15.1250452722914144,3.0000213428480396,314252745.450446,0.489777,-314252745.9402161240578,153911792.0000000000000,0,6.4e-07
1.0056723362639390,0.0,-0.0015505851783191,0.0000000000000000,-0.0116795728091854,0.0000000000000000,15.1350566175645103,3.0000212147585317,312685043.015328,0.457866,-312685043.4731960296631,143168480.0000000000000,0,2.8e-07
1.0056764895565204,0.0,-0.0015505229784402,0.0000000000000000,-0.0116892014123386,0.0000000000000000,15.1450680096130910,3.0000210867934736,311131347.111776,0.425370,-311131347.5371472239494,132346448.0000000000000,0,2.7e-07
1.0056806521610935,0.0,-0.0015504690899983,0.0000000000000000,-0.0116988307960993,0.0000000000000000,15.1550794492452372,3.0000209589518976,309592100.123529,0.392282,-309592100.5158187150955,121449816.0000000000000,0,7.8e-07
1.0056848241267315,0.0,-0.0015504234682507,0.0000000000000000,-0.0117084611077908,0.0000000000000000,15.1650909372746749,3.0000208312328414,308066885.075634,0.358591,-308066885.4342368841171,110473536.0000000000000,0,1.1e-06
1.0056890055023417,0.0,-0.0015503860688351,0.0000000000000000,-0.0117180924940128,0.0000000000000000,15.1751024745209318,3.0000207036353501,306555076.725970,0.324289,-306555077.0502610206604,99413040.0000000000000,0,1.9e-07
1.0056931963366651,0.0,-0.0015503568477678,0.0000000000000000,-0.0117277251006489,0.0000000000000000,15.1851140618095037,3.0000205761584740,305057810.683128,0.289368,-305057810.9725064039230,88277032.0000000000000,0,1.1e-06
1.0056973966782758,0.0,-0.0015503357614420,0.0000000000000000,-0.0117373590728729,0.0000000000000000,15.1951256999720226,3.0000204488012709,303573659.413764,0.253816,-303573659.6675854921341,77053744.0000000000000,0,5.8e-07
1.0057016065755819,0.0,-0.0015503227666267,0.0000000000000000,-0.0117469945551570,0.0000000000000000,15.2051373898464348,3.0000203215628036,302103080.229272,0.217625,-302103080.4469007849693,65746080.0000000000000,0,2.3e-07
1.0057058260768248,0.0,-0.0015503178204646,0.0000000000000000,-0.0117566316912776,0.0000000000000000,15.2151491322771744,3.0000201944421399,300645612.769742,0.180786,-300645612.9505210518837,54350408.0000000000000,0,7.9e-07
1.0057100552300786,0.0,-0.0015503208804715,0.0000000000000000,-0.0117662706243231,0.0000000000000000,15.2251609281153488,3.0000200674383581,299202247.274614,0.143290,-299202247.4179061055183,42873432.0000000000000,0,3.2e-07
1.0057142940832506,0.0,-0.0015503319045342,0.0000000000000000,-0.0117759114967007,0.0000000000000000,15.2351727782189261,3.0000199405505366,297771148.313207,0.105125,-297771148.4183247089386,31300976.0000000000000,0,6.7e-07
1.0057185426840811,0.0,-0.0015503508509095,0.0000000000000000,-0.0117855544501426,0.0000000000000000,15.2451846834529299,3.0000198137777629,296354778.323969,0.066284,-296354778.3902810215950,19652048.0000000000000,0,2.7e-06
1.0057228010801424,0.0,-0.0015503776782229,0.0000000000000000,-0.0117951996257131,0.0000000000000000,15.2551966446896419,3.0000196871191296,294949363.286187,0.026753,-294949363.3129550814629,7895392.0000000000000,0,1.4e-06
1.0057270693188400,0.0,-0.0015504123454673,0.0000000000000000,-0.0118048471638157,0.0000000000000000,15.2652086628088028,3.0000195605737345,293555888.103436,-0.013476,-293555888.0899398922920,-3961712.0000000000000,0,1.9e-06
1.0057313474474112,0.0,-0.0015504548120018,0.0000000000000000,-0.0118144972041988,0.0000000000000000,15.2752207386978256,3.0000194341406816,292177299.867159,-0.054410,-292177299.8127551674843,-15895496.0000000000000,0,5.6e-07
1.0057356355129261,0.0,-0.0015505050375504,0.0000000000000000,-0.0118241498859629,0.0000000000000000,15.2852328732520117,3.0000193078190809,290810396.770312,-0.096064,-290810396.6742606163025,-27932768.0000000000000,0,1.1e-06
1.0057399335622859,0.0,-0.0015505629822012,0.0000000000000000,-0.0118338053475671,0.0000000000000000,15.2952450673747791,3.0000191816080459,289455543.076180,-0.138446,-289455542.9377427697182,-40071440.0000000000000,0,9.1e-07
1.0057442416422242,0.0,-0.0015506286064049,0.0000000000000000,-0.0118434637268350,0.0000000000000000,15.3052573219778907,3.0000190555066961,288113794.287703,-0.181567,-288113794.1061673164368,-52302824.0000000000000,0,2.9e-06
1.0057485597993066,0.0,-0.0015507018709740,0.0000000000000000,-0.0118531251609617,0.0000000000000000,15.3152696379816895,3.0000189295141588,286782800.841375,-0.225438,-286782800.6159555315971,-64646328.0000000000000,0,1.7e-06
1.0057528880799300,0.0,-0.0015507827370816,0.0000000000000000,-0.0118627897865203,0.0000000000000000,15.3252820163153505,3.0000188036295641,285465160.503154,-0.270070,-285465160.2331284880638,-77083032.0000000000000,0,3.8e-06
1.0057572265303232,0.0,-0.0015508711662604,0.0000000000000000,-0.0118724577394671,0.0000000000000000,15.3352944579171258,3.0000186778520455,284155792.594959,-0.315472,-284155792.2794534564018,-89652712.0000000000000,0,3.0e-06
1.0057615751965461,0.0,-0.0015509671204020,0.0000000000000000,-0.0118821291551490,0.0000000000000000,15.3453069637346093,3.0000185521807445,282861686.416034,-0.361657,-282861686.0543647408485,-102302272.0000000000000,0,9.4e-07
1.0057659341244902,0.0,-0.0015510705617555,0.0000000000000000,-0.0118918041683091,0.0000000000000000,15.3553195347250035,3.0000184266148073,281578776.123110,-0.408635,-281578775.7144751548767,-115063016.0000000000000,0,4.6e-08
1.0057703033598784,0.0,-0.0015511814529270,0.0000000000000000,-0.0119014829130933,0.0000000000000000,15.3653321718553997,3.0000183011533843,280307136.920200,-0.456418,-280307136.4637881517410,-127935496.0000000000000,0,4.5e-07
1.0057746829482650,0.0,-0.0015512997568782,0.0000000000000000,-0.0119111655230561,0.0000000000000000,15.3753448761030604,3.0000181757956303,279047214.704030,-0.505017,-279047214.1990329623222,-140918192.0000000000000,0,1.7e-06
1.0057790729350351,0.0,-0.0015514254369263,0.0000000000000000,-0.0119208521311667,0.0000000000000000,15.3853576484557149,3.0000180505407053,277797487.801785,-0.554442,-277797487.2473430037498,-154022400.0000000000000,0,1.7e-07
1.0057834733654056,0.0,-0.0015515584567422,0.0000000000000000,-0.0119305428698152,0.0000000000000000,15.3953704899118620,3.0000179253877737,276559925.862369,-0.604707,-276559925.2576773762703,-167233440.0000000000000,0,1.2e-06
1.0057878842844248,0.0,-0.0015516987803505,0.0000000000000000,-0.0119402378708189,0.0000000000000000,15.4053834014810853,3.0000178003360043,275333801.669889,-0.655822,-275333801.0141041278839,-180559816.0000000000000,0,3.1e-06
1.0057923057369718,0.0,-0.0015518463721282,0.0000000000000000,-0.0119499372654278,0.0000000000000000,15.4153963841843797,3.0000176753845720,274117408.198158,-0.707799,-274117407.4903826117516,-194013424.0000000000000,0,2.0e-06
1.0057967377677568,0.0,-0.0015520011968043,0.0000000000000000,-0.0119596411843305,0.0000000000000000,15.4254094390544800,3.0000175505326530,272911555.005408,-0.760649,-272911554.2447611689568,-207589344.0000000000000,0,1.4e-07
1.0058011804213227,0.0,-0.0015521632194586,0.0000000000000000,-0.0119693497576609,0.0000000000000000,15.4354225671362126,3.0000174257794314,271717758.181917,-0.814387,-271717757.3675495982170,-221278136.0000000000000,0,1.6e-06
1.0058056337420429,0.0,-0.0015523324055213,0.0000000000000000,-0.0119790631150035,0.0000000000000000,15.4454357694868456,3.0000173011240925,270533980.268207,-0.869023,-270533979.3992044925690,-235094840.0000000000000,0,1.5e-06
1.0058100977741229,0.0,-0.0015525087207722,0.0000000000000000,-0.0119887813853995,0.0000000000000000,15.4554490471764634,3.0000171765658270,269360165.893558,-0.924568,-269360164.9689888358116,-249042096.0000000000000,0,9.6e-08
1.0058145725615919,0.0,-0.0015526921313394,0.0000000000000000,-0.0119985046973352,0.0000000000000000,15.4654624012883470,3.0000170521038303,268197349.859924,-0.981037,-268197348.8788846433163,-263112156.0000000000000,0,2.3e-07
1.0058190581483364,0.0,-0.0015528826037006,0.0000000000000000,-0.0120082331788208,0.0000000000000000,15.4754758329193525,3.0000169277373003,267045147.538323,-1.038442,-267045146.4998863339424,-277309632.0000000000000,0,3.6e-07
1.0058235545780485,0.0,-0.0015530801046795,0.0000000000000000,-0.0120179669572820,0.0000000000000000,15.4854893431803422,3.0000168034654404,265901958.147764,-1.096792,-265901957.0509418845177,-291647020.0000000000000,0,2.2e-06
1.0058280618942621,0.0,-0.0015532846014473,0.0000000000000000,-0.0120277061596452,0.0000000000000000,15.4955029331965886,3.0000166792874574,264771465.476079,-1.156108,-264771464.3199939727783,-306098328.0000000000000,0,1.8e-06
1.0058325801403436,0.0,-0.0015534960615212,0.0000000000000000,-0.0120374509123229,0.0000000000000000,15.5055166041082124,3.0000165552025591,263649006.716917,-1.216394,-263649005.5005300641060,-320699116.0000000000000,0,7.2e-07
1.0058371093594927,0.0,-0.0015537144527642,0.0000000000000000,-0.0120472013412194,0.0000000000000000,15.5155303570706309,3.0000164312099624,262537552.801963,-1.277669,-262537551.5243261158466,-335427696.0000000000000,0,2.3e-06
1.0058416495947422,0.0,-0.0015539397433838,0.0000000000000000,-0.0120569575717358,0.0000000000000000,15.5255441932550227,3.0000163073088832,261435140.542548,-1.339942,-261435139.2026309967041,-350301456.0000000000000,0,1.9e-06
1.0058462008889586,0.0,-0.0015541719019322,0.0000000000000000,-0.0120667197287771,0.0000000000000000,15.5355581138488077,3.0000161834985422,260339337.802777,-1.403219,-260339336.3994669914246,-365336840.0000000000000,0,6.7e-06
1.0058507632848424,0.0,-0.0015544108973051,0.0000000000000000,-0.0120764879367572,0.0000000000000000,15.5455721200561428,3.0000160597781647,259259528.358717,-1.467539,-259259526.8911910951138,-380470132.0000000000000,0,1.0e-06
1.0058553368249190,0.0,-0.0015546566987410,0.0000000000000000,-0.0120862623195846,0.0000000000000000,15.5555862130984419,3.0000159361469776,258185286.554356,-1.532889,-258185285.0214440822601,-395775108.0000000000000,0,1.6e-06
1.0058599215515753,0.0,-0.0015549092758220,0.0000000000000000,-0.0120960430007436,0.0000000000000000,15.5656003942148864,3.0000158126042118,257122504.521518,-1.599297,-257122502.9222322106361,-411212092.0000000000000,0,8.8e-07
1.0058645175070091,0.0,-0.0015551685984711,0.0000000000000000,-0.0121058301031946,0.0000000000000000,15.5756146646630071,3.0000156891491025,256068492.476339,-1.666771,-256068490.8095913231373,-426801456.0000000000000,0,1.7e-06
1.0058691247332618,0.0,-0.0015554346369530,0.0000000000000000,-0.0121156237494455,0.0000000000000000,15.5856290257192285,3.0000155657808842,255022278.965531,-1.735321,-255022277.2301926910877,-442549932.0000000000000,0,1.3e-06
1.0058737432722118,0.0,-0.0015557073618734,0.0000000000000000,-0.0121254240615421,0.0000000000000000,15.5956434786794702,3.0000154424988001,253987251.380126,-1.804972,-253987249.5751657783985,-458437028.0000000000000,0,7.7e-07
1.0058783731655736,0.0,-0.0015559867441778,0.0000000000000000,-0.0121352311610735,0.0000000000000000,15.6056580248597534,3.0000153193020918,252959892.434224,-1.875728,-252959890.5584819614887,-474487508.0000000000000,0,9.8e-07
1.0058830144549002,0.0,-0.0015562727551518,0.0000000000000000,-0.0121450451691784,0.0000000000000000,15.6156726655968310,3.0000151961900050,251944198.862997,-1.947616,-251944196.9154387712479,-490676116.0000000000000,0,4.0e-06
1.0058876671815828,0.0,-0.0015565653664199,0.0000000000000000,-0.0121548662065511,0.0000000000000000,15.6256874022488415,3.0000150731617872,250935123.999180,-2.020634,-250935121.9785882532597,-507037492.0000000000000,0,2.9e-06
1.0058923313868522,0.0,-0.0015568645499452,0.0000000000000000,-0.0121646943934465,0.0000000000000000,15.6357022361959910,3.0000149502166917,249935113.695842,-2.094804,-249935111.6010712981224,-523556840.0000000000000,0,2.3e-06
1.0058970071117785,0.0,-0.0015571702780290,0.0000000000000000,-0.0121745298496865,0.0000000000000000,15.6457171688412515,3.0000148273539713,248943400.671663,-2.170139,-248943398.5015280842781,-540240740.0000000000000,0,3.7e-07
1.0059016943972734,0.0,-0.0015574825233100,0.0000000000000000,-0.0121843726946660,0.0000000000000000,15.6557322016110891,3.0000147045728820,247960170.860125,-2.246654,-247960168.6134369075298,-557088980.0000000000000,0,2.2e-06
1.0059063932840899,0.0,-0.0015578012587636,0.0000000000000000,-0.0121942230473577,0.0000000000000000,15.6657473359562154,3.0000145818726836,246987293.794096,-2.324374,-246987291.4697174429893,-574092060.0000000000000,0,3.6e-07
1.0059111038128237,0.0,-0.0015581264577021,0.0000000000000000,-0.0122040810263194,0.0000000000000000,15.6757625733523689,3.0000144592526352,246021969.783463,-2.403300,-246021967.3801440298557,-591269116.0000000000000,0,1.1e-06
1.0059158260239138,0.0,-0.0015584580937731,0.0000000000000000,-0.0122139467496987,0.0000000000000000,15.6857779153011272,3.0000143367120016,245066264.120077,-2.483458,-245066261.6366343498230,-608607876.0000000000000,0,9.9e-07
1.0059205599576442,0.0,-0.0015587961409600,0.0000000000000000,-0.0122238203352397,0.0000000000000000,15.6957933633307434,3.0000142142500463,244117868.990733,-2.564853,-244117866.4258829653263,-626125564.0000000000000,0,2.7e-07
1.0059253056541444,0.0,-0.0015591405735806,0.0000000000000000,-0.0122337019002882,0.0000000000000000,15.7058089189970165,3.0000140918660376,243177656.713371,-2.647505,-243177654.0658527314663,-643817300.0000000000000,0,8.6e-07
1.0059300631533905,0.0,-0.0015594913662870,0.0000000000000000,-0.0122435915617985,0.0000000000000000,15.7158245838841921,3.0000139695592454,242246296.611835,-2.731432,-242246293.8803950548172,-661681100.0000000000000,0,4.6e-07
1.0059348324952071,0.0,-0.0015598484940652,0.0000000000000000,-0.0122534894363384,0.0000000000000000,15.7258403596058987,3.0000138473289399,241322313.010061,-2.816644,-241322310.1933836340904,-679726992.0000000000000,0,2.2e-06
1.0059396137192669,0.0,-0.0015602119322342,0.0000000000000000,-0.0122633956400960,0.0000000000000000,15.7358562478061188,3.0000137251743948,240408728.826234,-2.903172,-240408725.9230949282646,-697940120.0000000000000,0,2.0e-06
1.0059444068650940,0.0,-0.0015605816564453,0.0000000000000000,-0.0122733102888854,0.0000000000000000,15.7458722501601951,3.0000136030948839,239500290.187395,-2.991005,-239500287.1963687837124,-716351668.0000000000000,0,1.3e-06
1.0059492119720643,0.0,-0.0015609576426822,0.0000000000000000,-0.0122832334981531,0.0000000000000000,15.7558883683758744,3.0000134810896837,238601747.590203,-3.080184,-238601744.5100255310535,-734935688.0000000000000,0,3.8e-07
1.0059540290794058,0.0,-0.0015613398672599,0.0000000000000000,-0.0122931653829833,0.0000000000000000,15.7659046041943931,3.0000133591580727,237710949.738256,-3.170716,-237710946.5675658583641,-753707608.0000000000000,0,1.6e-06
1.0059588582262025,0.0,-0.0015617283068243,0.0000000000000000,-0.0123031060581053,0.0000000000000000,15.7759209593915983,3.0000132372993278,236826747.986533,-3.262609,-236826744.7239164710045,-772674768.0000000000000,0,3.3e-07
1.0059636994513932,0.0,-0.0015621229383516,0.0000000000000000,-0.0123130556378984,0.0000000000000000,15.7859374357791218,3.0000131155127323,235951384.518604,-3.355894,-235951381.1627173125744,-791826052.0000000000000,0,4.9e-07
1.0059685527937758,0.0,-0.0015625237391478,0.0000000000000000,-0.0123230142363994,0.0000000000000000,15.7959540352055878,3.0000129937975659,235084413.796119,-3.450586,-235084410.3455848097801,-811166740.0000000000000,0,3.1e-06
1.0059734182920061,0.0,-0.0015629306868481,0.0000000000000000,-0.0123329819673075,0.0000000000000000,15.8059707595578729,3.0000128721531119,234222757.396812,-3.546680,-234222753.8501283824444,-830714164.0000000000000,0,2.7e-07
1.0059782959846024,0.0,-0.0015633437594163,0.0000000000000000,-0.0123429589439923,0.0000000000000000,15.8159876107624164,3.0000127505786547,233369596.784783,-3.644217,-233369593.1405459046364,-850454252.0000000000000,0,1.3e-06
1.0059831859099444,0.0,-0.0015637629351443,0.0000000000000000,-0.0123529452794983,0.0000000000000000,15.8260045907865781,3.0000126290734785,232525071.846143,-3.743214,-232525068.1029413640499,-870388232.0000000000000,0,7.3e-07
1.0059880881062775,0.0,-0.0015641881926511,0.0000000000000000,-0.0123629410865534,0.0000000000000000,15.8360217016400462,3.0000125076368702,231686728.735972,-3.843671,-231686724.8922918736935,-890529648.0000000000000,0,5.6e-07
1.0059930026117130,0.0,-0.0015646195108831,0.0000000000000000,-0.0123729464775736,0.0000000000000000,15.8460389453763106,3.0000123862681152,230857033.663768,-3.945625,-230857029.7181675136089,-910869572.0000000000000,0,1.5e-06
1.0059979294642312,0.0,-0.0015650568691125,0.0000000000000000,-0.0123829615646709,0.0000000000000000,15.8560563240941796,3.0000122649665015,230033425.242576,-4.049074,-230033421.1935068964958,-931421192.0000000000000,0,3.4e-07
1.0060028687016827,0.0,-0.0015655002469374,0.0000000000000000,-0.0123929864596593,0.0000000000000000,15.8660738399393715,3.0000121437313165,229217745.082646,-4.154051,-229217740.9286098778248,-952178696.0000000000000,0,9.8e-07
1.0060078203617910,0.0,-0.0015659496242808,0.0000000000000000,-0.0124030212740614,0.0000000000000000,15.8760914951061558,3.0000120225618501,228408050.033399,-4.260557,-228408045.7728165686131,-973151292.0000000000000,0,1.5e-06
1.0060127844821545,0.0,-0.0015664049813902,0.0000000000000000,-0.0124130661191161,0.0000000000000000,15.8861092918390714,3.0000119014573881,227606726.048162,-4.368630,-227606721.6795198023319,-994332344.0000000000000,0,7.6e-07
1.0060177611002490,0.0,-0.0015668662988369,0.0000000000000000,-0.0124231211057844,0.0000000000000000,15.8961272324347060,3.0000117804172226,226811909.694577,-4.478274,-226811905.2162781655788,-1015731552.0000000000000,0,1.5e-06
1.0060227502534291,0.0,-0.0015673335575153,0.0000000000000000,-0.0124331863447564,0.0000000000000000,15.9061453192435476,3.0000116594406419,226024905.148683,-4.589519,-226024900.5591637492180,-1037345744.0000000000000,0,3.5e-08
1.0060277519789327,0.0,-0.0015678067386425,0.0000000000000000,-0.0124432619464599,0.0000000000000000,15.9161635546719147,3.0000115385269344,225244237.520272,-4.702369,-225244232.8178999423981,-1059182400.0000000000000,0,2.1e-07
1.0060327663138813,0.0,-0.0015682858237575,0.0000000000000000,-0.0124533480210657,0.0000000000000000,15.9261819411839607,3.0000114176753918,224470766.280068,-4.816852,-224470761.4632238447666,-1081240724.0000000000000,0,4.2e-07
1.0060377932952838,0.0,-0.0015687707947204,0.0000000000000000,-0.0124634446784955,0.0000000000000000,15.9362004813037643,3.0000112968853019,223703500.004582,-4.932978,-223703495.0715922117233,-1103526956.0000000000000,0,5.9e-07
1.0060428329600397,0.0,-0.0015692616337124,0.0000000000000000,-0.0124735520284297,0.0000000000000000,15.9462191776175004,3.0000111761559558,222943732.612514,-5.050778,-222943727.5617414414883,-1126038036.0000000000000,0,3.0e-07
1.0060478853449402,0.0,-0.0015697583232341,0.0000000000000000,-0.0124836701803142,0.0000000000000000,15.9562380327757065,3.0000110554866408,222191105.941892,-5.170268,-222191100.7716632485390,-1148778796.0000000000000,0,2.3e-06
1.0060529504866731,0.0,-0.0015702608461060,0.0000000000000000,-0.0124937992433683,0.0000000000000000,15.9662570494956331,3.0000109348766468,221443008.774725,-5.291441,-221443003.4832607805729,-1171757860.0000000000000,0,1.3e-06
1.0060580284218241,0.0,-0.0015707691854669,0.0000000000000000,-0.0125039393265926,0.0000000000000000,15.9762762305637054,3.0000108143252615,220702940.627818,-5.414352,-220702935.2134444117546,-1194968196.0000000000000,0,1.2e-06
1.0060631191868818,0.0,-0.0015712833247741,0.0000000000000000,-0.0125140905387762,0.0000000000000000,15.9862955788380727,3.0000106938317730,219970753.097943,-5.539020,-219970747.5589673519135,-1218412728.0000000000000,0,2.4e-06
1.0060682228182387,0.0,-0.0015718032478018,0.0000000000000000,-0.0125242529885053,0.0000000000000000,15.9963150972512782,3.0000105733954685,219243199.631247,-5.665430,-219243193.9658379852772,-1242102492.0000000000000,0,1.1e-06
1.0060733393521966,0.0,-0.0015723289386412,0.0000000000000000,-0.0125344267841707,0.0000000000000000,16.0063347888130316,3.0000104530156344,218522650.788933,-5.793628,-218522644.9953286349773,-1266033788.0000000000000,0,1.3e-06
1.0060784688249680,0.0,-0.0015728603816997,0.0000000000000000,-0.0125446120339763,0.0000000000000000,16.0163546566131032,3.0000103326915561,217807470.762556,-5.923616,-217807464.8389181196690,-1290212704.0000000000000,0,1.3e-06
1.0060836112726821,0.0,-0.0015733975616998,0.0000000000000000,-0.0125548088459476,0.0000000000000000,16.0263747038243451,3.0000102124225192,217100535.533444,-6.055445,-217100529.4780206680298,-1314635692.0000000000000,0,1.2e-06
1.0060887667313865,0.0,-0.0015739404636790,0.0000000000000000,-0.0125650173279403,0.0000000000000000,16.0363949337058251,3.0000100922078068,216397446.505707,-6.189088,-216397440.3165659606457,-1339314252.0000000000000,0,2.8e-06
1.0060939352370519,0.0,-0.0015744890729888,0.0000000000000000,-0.0125752375876485,0.0000000000000000,16.0464153496061215,3.0000099720466999,215703632.482479,-6.324626,-215703626.1578742265701,-1364240224.0000000000000,0,1.2e-06
1.0060991168255755,0.0,-0.0015750433752942,0.0000000000000000,-0.0125854697326139,0.0000000000000000,16.0564359549667373,3.0000098519384810,215014798.470385,-6.462031,-215014792.0083898901939,-1389424488.0000000000000,0,1.9e-06
1.0061043115327859,0.0,-0.0015756033565729,0.0000000000000000,-0.0125957138702352,0.0000000000000000,16.0664567533256708,3.0000097318824297,214330188.206064,-6.601314,-214330181.6047058105469,-1414870440.0000000000000,0,2.4e-06
1.0061095193944469,0.0,-0.0015761690031148,0.0000000000000000,-0.0126059701077766,0.0000000000000000,16.0764777483211461,3.0000096118778248,213654833.500857,-6.742557,-213654826.7583314478397,-1440573152.0000000000000,0,1.7e-06
1.0061147404462616,0.0,-0.0015767403015211,0.0000000000000000,-0.0126162385523778,0.0000000000000000,16.0864989436954957,3.0000094919239415,212983273.165421,-6.885715,-212983266.2797001302242,-1466543244.0000000000000,0,2.5e-07
1.0061199747238774,0.0,-0.0015773172387041,0.0000000000000000,-0.0126265193110640,0.0000000000000000,16.0965203432992290,3.0000093720200565,212318631.809275,-7.030846,-212318624.7784324884415,-1492779004.0000000000000,0,2.3e-07
1.0061252222628905,0.0,-0.0015778998018860,0.0000000000000000,-0.0126368124907546,0.0000000000000000,16.1065419510952665,3.0000092521654422,211658626.636018,-7.177944,-211658619.4580215811729,-1519284856.0000000000000,0,2.8e-06
1.0061304830988504,0.0,-0.0015784879785988,0.0000000000000000,-0.0126471181982746,0.0000000000000000,16.1165637711633707,3.0000091323593692,211007006.127588,-7.327079,-211006998.8005239367485,-1546061700.0000000000000,0,7.5e-07
1.0061357572672658,0.0,-0.0015790817566834,0.0000000000000000,-0.0126574365403643,0.0000000000000000,16.1265858077047746,3.0000090126011081,210360067.724676,-7.478224,-210360060.2464732527733,-1573114996.0000000000000,0,1.1e-06
1.0061410448036088,0.0,-0.0015796811242889,0.0000000000000000,-0.0126677676236903,0.0000000000000000,16.1366080650470067,3.0000088928899245,209718547.362061,-7.631411,-209718539.7306574285030,-1600446812.0000000000000,0,4.7e-07
1.0061463457433211,0.0,-0.0015802860698721,0.0000000000000000,-0.0126781115548561,0.0000000000000000,16.1466305476489538,3.0000087732250842,209082841.024319,-7.786667,-209082833.2376499176025,-1628058764.0000000000000,0,1.1e-07
1.0061516601218190,0.0,-0.0015808965821972,0.0000000000000000,-0.0126884684404134,0.0000000000000000,16.1566532601061361,3.0000086536058488,208453736.889927,-7.944024,-208453728.9459345042706,-1655954972.0000000000000,0,1.6e-06
1.0061569879744994,0.0,-0.0015815126503345,0.0000000000000000,-0.0126988383868737,0.0000000000000000,16.1666762071562324,3.0000085340314788,207829870.480589,-8.103487,-207829862.3771417737007,-1684138268.0000000000000,0,2.1e-06
1.0061623293367459,0.0,-0.0015821342636608,0.0000000000000000,-0.0127092215007205,0.0000000000000000,16.1766993936848493,3.0000084145012300,207210930.805581,-8.265073,-207210922.5405202805996,-1712610848.0000000000000,0,7.3e-07
1.0061676842439351,0.0,-0.0015827614118579,0.0000000000000000,-0.0127196178884206,0.0000000000000000,16.1867228247315715,3.0000082950143576,206597719.780922,-8.428816,-206597711.3520988523960,-1741375716.0000000000000,0,3.4e-07
1.0061730527314428,0.0,-0.0015833940849129,0.0000000000000000,-0.0127300276564372,0.0000000000000000,16.1967465054962680,3.0000081755701133,205992617.134671,-8.594775,-205992608.5399997532368,-1770438752.0000000000000,0,5.3e-06
1.0061784348346503,0.0,-0.0015840322731171,0.0000000000000000,-0.0127404509112432,0.0000000000000000,16.2067704413457143,3.0000080561677431,205388395.170793,-8.762863,-205388386.4079047441483,-1799795456.0000000000000,0,1.3e-06
1.0061838305889526,0.0,-0.0015846759670658,0.0000000000000000,-0.0127508877593333,0.0000000000000000,16.2167946378205166,3.0000079368064951,204791663.082458,-8.933203,-204791654.1492027938366,-1829456124.0000000000000,0,2.6e-06
1.0061892400297641,0.0,-0.0015853251576578,0.0000000000000000,-0.0127613383072389,0.0000000000000000,16.2268191006423486,3.0000078174856095,204202853.948224,-9.105827,-204202844.8424490690231,-1859425268.0000000000000,0,2.6e-06
1.0061946631925269,0.0,-0.0015859798360950,0.0000000000000000,-0.0127718026615418,0.0000000000000000,16.2368438357215581,3.0000076982043238,203616332.772175,-9.280669,-203616323.4914982914925,-1889697172.0000000000000,0,3.8e-07
1.0062001001127188,0.0,-0.0015866399938820,0.0000000000000000,-0.0127822809288886,0.0000000000000000,16.2468688491651037,3.0000075789618728,203036009.732260,-9.457814,-203036000.2744225263596,-1920281516.0000000000000,0,1.2e-06
1.0062055508258607,0.0,-0.0015873056228257,0.0000000000000000,-0.0127927732160058,0.0000000000000000,16.2568941472848856,3.0000074597574882,202462119.888008,-9.637291,-202462110.2507364153862,-1951182340.0000000000000,0,9.7e-07
1.0062110153675254,0.0,-0.0015879767150351,0.0000000000000000,-0.0128032796297160,0.0000000000000000,16.2669197366064786,3.0000073405903946,201894131.551348,-9.819114,-201894121.7323285937309,-1982402412.0000000000000,0,4.7e-06
1.0062164937733460,0.0,-0.0015886532629208,0.0000000000000000,-0.0128138002769536,0.0000000000000000,16.2769456238782730,3.0000072214598164,201328751.318670,-10.003253,-201328741.3154477477074,-2013936300.0000000000000,0,1.5e-06
1.0062219860790254,0.0,-0.0015893352591950,0.0000000000000000,-0.0128243352647811,0.0000000000000000,16.2869718160810777,3.0000071023649713,200769038.906153,-10.189781,-200769028.7163591384888,-2045794964.0000000000000,0,5.4e-07
1.0062274923203451,0.0,-0.0015900226968712,0.0000000000000000,-0.0128348847004073,0.0000000000000000,16.2969983204381705,3.0000069833050729,200214717.712363,-10.378720,-200214707.3336030840874,-2077980412.0000000000000,0,2.0e-06
1.0062330125331760,0.0,-0.0015907155692640,0.0000000000000000,-0.0128454486912043,0.0000000000000000,16.3070251444258467,3.0000068642793298,199668178.583738,-10.570135,-199668168.0136749148369,-2110505228.0000000000000,0,3.5e-06
1.0062385467534878,0.0,-0.0015914138699891,0.0000000000000000,-0.0128560273447275,0.0000000000000000,16.3170522957844923,3.0000067452869463,199123200.838979,-10.763941,-199123190.0750299394131,-2143351864.0000000000000,0,3.2e-07
1.0062440950173595,0.0,-0.0015921175929634,0.0000000000000000,-0.0128666207687331,0.0000000000000000,16.3270797825301983,3.0000066263271221,198584561.317727,-10.960248,-198584550.3574633896351,-2176539092.0000000000000,0,8.1e-07
1.0062496573609916,0.0,-0.0015928267324048,0.0000000000000000,-0.0128772290711993,0.0000000000000000,16.3371076129669603,3.0000065073990503,198051080.287756,-11.159059,-198051069.1286764442921,-2210067680.0000000000000,0,9.7e-07
1.0062552338207160,0.0,-0.0015935412828321,0.0000000000000000,-0.0128878523603472,0.0000000000000000,16.3471357956994652,3.0000063885019195,197523052.583963,-11.360405,-197523041.2235594093800,-2243941448.0000000000000,0,6.2e-08
1.0062608244330102,0.0,-0.0015942612390662,0.0000000000000000,-0.0128984907446622,0.0000000000000000,16.3571643396465518,3.0000062696349130,196999644.963073,-11.564295,-196999633.3987831175327,-2278161064.0000000000000,0,1.8e-07
1.0062664292345074,0.0,-0.0015949865962288,0.0000000000000000,-0.0129091443329160,0.0000000000000000,16.3671932540553193,3.0000061507972071,196480763.846119,-11.770753,-196480752.0753513574600,-2312729576.0000000000000,0,7.7e-07
1.0062720482620124,0.0,-0.0015957173497441,0.0000000000000000,-0.0129198132341917,0.0000000000000000,16.3772225485159773,3.0000060319879740,195966709.370323,-11.979809,-195966697.3904756009579,-2347651308.0000000000000,0,1.9e-06
1.0062776815525125,0.0,-0.0015964534953384,0.0000000000000000,-0.0129304975579062,0.0000000000000000,16.3872522329774277,3.0000059132063757,195459293.091364,-12.191525,-195459280.8998728692532,-2382940308.0000000000000,0,1.6e-06
1.0062833291432038,0.0,-0.0015971950290424,0.0000000000000000,-0.0129411974138555,0.0000000000000000,16.3972823177636506,3.0000057944515723,194954776.970520,-12.405853,-194954764.5646675527096,-2418580172.0000000000000,0,3.4e-08
1.0062889910714683,0.0,-0.0015979419471866,0.0000000000000000,-0.0129519129121714,0.0000000000000000,16.4073128135909840,3.0000056757227131,194455834.700395,-12.622872,-194455822.0775352418423,-2454588744.0000000000000,0,4.9e-07
1.0062946673749420,0.0,-0.0015986942464092,0.0000000000000000,-0.0129626441634485,0.0000000000000000,16.4173437315861896,3.0000055570189437,193960569.359410,-12.842570,-193960556.5167995393276,-2490960176.0000000000000,0,1.9e-06
1.0063003580914989,0.0,-0.0015994519236523,0.0000000000000000,-0.0129733912787095,0.0000000000000000,16.4273750833055594,3.0000054383393988,193472081.421723,-13.065034,-193472068.3567098379135,-2527715188.0000000000000,0,1.0e-06
1.0063060632592744,0.0,-0.0016002149761644,0.0000000000000000,-0.0129841543694519,0.0000000000000000,16.4374068807549669,3.0000053196832086,192985910.650467,-13.290202,-192985897.3602149486542,-2564831304.0000000000000,0,2.4e-06
1.0063117829166854,0.0,-0.0016009834015008,0.0000000000000000,-0.0129949335476780,0.0000000000000000,16.4474391364109884,3.0000052010494929,192507958.913913,-13.518221,-192507945.3957675993443,-2602350632.0000000000000,0,3.6e-06
1.0063175171024474,0.0,-0.0016017571975253,0.0000000000000000,-0.0130057289259295,0.0000000000000000,16.4574718632431392,3.0000050824373656,192032963.061093,-13.749009,-192032949.3121926188469,-2640242048.0000000000000,0,5.1e-06
1.0063232658555952,0.0,-0.0016025363624118,0.0000000000000000,-0.0130165406173218,0.0000000000000000,16.4675050747372822,3.0000049638459299,191560332.267733,-13.982579,-191560318.2851687669754,-2678504608.0000000000000,0,6.6e-07
1.0063290292155027,0.0,-0.0016033208946452,0.0000000000000000,-0.0130273687355791,0.0000000000000000,16.4775387849202772,3.0000048452742818,191092928.789396,-14.219018,-191092914.5703307688236,-2717162792.0000000000000,0,2.1e-06
1.0063348072219056,0.0,-0.0016041107930238,0.0000000000000000,-0.0130382133950745,0.0000000000000000,16.4875730083859722,3.0000047267215053,190632636.603883,-14.458395,-190632622.1455261409283,-2756234576.0000000000000,0,1.8e-06
1.0063405999149240,0.0,-0.0016049060566608,0.0000000000000000,-0.0130490747108680,0.0000000000000000,16.4976077603225662,3.0000046081866785,190175885.124691,-14.700660,-190175870.4240995347500,-2795698020.0000000000000,0,3.2e-06
1.0063464073350847,0.0,-0.0016057066849864,0.0000000000000000,-0.0130599527987495,0.0000000000000000,16.5076430565414682,3.0000044896688656,189721543.251213,-14.945814,-189721528.3053748905659,-2835547430.0000000000000,0,1.0e-06
1.0063522295233491,0.0,-0.0016065126777505,0.0000000000000000,-0.0130708477752825,0.0000000000000000,16.5176789135077158,3.0000043711671225,189274096.241303,-15.193986,-189274081.0473389029503,-2875823666.0000000000000,0,1.1e-06
1.0063580665211371,0.0,-0.0016073240350248,0.0000000000000000,-0.0130817597578495,0.0000000000000000,16.5277153483720625,3.0000042526804953,188830025.823390,-15.445124,-188830010.3782760500908,-2916501328.0000000000000,0,4.7e-07
1.0063639183703559,0.0,-0.0016081407572058,0.0000000000000000,-0.0130926888647013,0.0000000000000000,16.5377523790048002,3.0000041342080164,188390791.784599,-15.699289,-188390776.0853295326233,-2957597822.0000000000000,0,8.9e-07
1.0063697851134288,0.0,-0.0016089628450178,0.0000000000000000,-0.0131036352150070,0.0000000000000000,16.5477900240314781,3.0000040157487073,187955234.614261,-15.956483,-187955218.6577623188496,-2999107380.0000000000000,0,5.9e-07
1.0063756667933264,0.0,-0.0016097902995163,0.0000000000000000,-0.0131145989289090,0.0000000000000000,16.5578283028705613,3.0000038973015766,187524922.246335,-16.216771,-187524906.0295670926571,-3041048082.0000000000000,0,2.2e-07
1.0063815634535984,0.0,-0.0016106231220914,0.0000000000000000,-0.0131255801275770,0.0000000000000000,16.5678672357732140,3.0000037788656222,187099052.219546,-16.480161,-187099035.7394124865532,-3083417420.0000000000000,0,1.3e-06
1.0063874751384072,0.0,-0.0016114613144716,0.0000000000000000,-0.0131365789332690,0.0000000000000000,16.5779068438652715,3.0000036604398255,186676519.255411,-16.746657,-186676502.5087476670742,-3126208854.0000000000000,0,2.3e-07
1.0063934018925644,0.0,-0.0016123048787286,0.0000000000000000,-0.0131475954693930,0.0000000000000000,16.5879471491915922,3.0000035420231566,186258857.557595,-17.016324,-186258840.5412669777870,-3169441894.0000000000000,0,2.4e-07
1.0063993437615686,0.0,-0.0016131538172812,0.0000000000000000,-0.0131586298605725,0.0000000000000000,16.5979881747628859,3.0000034236145696,185845691.237827,-17.289183,-185845673.9486519992352,-3213118648.0000000000000,0,3.4e-07
1.0064053007916436,0.0,-0.0016140081329004,0.0000000000000000,-0.0131696822327161,0.0000000000000000,16.6080299446051924,3.0000033052130042,185435942.144309,-17.565236,-185435924.5790470838547,-3257230826.0000000000000,0,1.3e-06
1.0064112730297823,0.0,-0.0016148678287152,0.0000000000000000,-0.0131807527130902,0.0000000000000000,16.6180724838121741,3.0000031868173833,185031810.657208,-17.844566,-185031792.8126602470875,-3301809012.0000000000000,0,8.0e-07
1.0064172605237898,0.0,-0.0016157329082178,0.0000000000000000,-0.0131918414303956,0.0000000000000000,16.6281158186003850,3.0000030684266137,184631213.901930,-18.127153,-184631195.7748019397259,-3346833706.0000000000000,0,1.1e-06
1.0064232633223298,0.0,-0.0016166033752700,0.0000000000000000,-0.0132029485148491,0.0000000000000000,16.6381599763676924,3.0000029500395873,184233862.627525,-18.413018,-184233844.2144839763641,-3392305762.0000000000000,0,1.0e-06
1.0064292814749747,0.0,-0.0016174792341099,0.0000000000000000,-0.0132140740982690,0.0000000000000000,16.6482049857550614,3.0000028316551730,183843872.908061,-18.702298,-183843854.2058801949024,-3438281370.0000000000000,0,5.3e-06
1.0064353150322567,0.0,-0.0016183604893593,0.0000000000000000,-0.0132252183141655,0.0000000000000000,16.6582508767118895,3.0000027132722247,183453059.509652,-18.994809,-183453040.5148110687733,-3484661728.0000000000000,0,1.4e-06
1.0064413640457230,0.0,-0.0016192471460310,0.0000000000000000,-0.0132363812978359,0.0000000000000000,16.6682976805651322,3.0000025948895757,183069479.237600,-19.290793,-183069459.9468071460724,-3531555482.0000000000000,0,8.2e-08
1.0064474285679945,0.0,-0.0016201392095374,0.0000000000000000,-0.0132475631864658,0.0000000000000000,16.6783454300924205,3.0000024765060380,182690087.439138,-19.590201,-182690067.8489777147770,-3578928110.0000000000000,0,1.8e-06
1.0064535086528257,0.0,-0.0016210366856997,0.0000000000000000,-0.0132587641192357,0.0000000000000000,16.6883941595994507,3.0000023581204021,182313102.376076,-19.893017,-182313082.4830440580845,-3626760386.0000000000000,0,7.3e-07
1.0064596043551788,0.0,-0.0016219395807581,0.0000000000000000,-0.0132699842374491,0.0000000000000000,16.6984439050018558,3.0000022397314354,181940133.558055,-20.199313,-181940113.3586649894714,-3675079650.0000000000000,0,3.4e-06
1.0064657157312606,0.0,-0.0016228479013779,0.0000000000000000,-0.0132812236845920,0.0000000000000000,16.7084947039119633,3.0000021213378840,181573807.205889,-20.509195,-181573786.6967130899429,-3723929128.0000000000000,0,8.4e-07
1.0064718428386403,0.0,-0.0016237616546671,0.0000000000000000,-0.0132924826065456,0.0000000000000000,16.7185465957304977,3.0000020029384662,181209586.087674,-20.822569,-181209565.2651062011719,-3773248796.0000000000000,0,1.0e-07
1.0064779857362969,0.0,-0.0016246808481840,0.0000000000000000,-0.0133037611516633,0.0000000000000000,16.7285996217438075,3.0000018845318754,180849269.011758,-21.139517,-180849247.8722222447395,-3823069494.0000000000000,0,8.3e-07
1.0064841444847079,0.0,-0.0016256054899510,0.0000000000000000,-0.0133150594709259,0.0000000000000000,16.7386538252267663,3.0000017661167773,180493258.907811,-21.460082,-180493237.4477135837078,-3873403032.0000000000000,0,8.6e-07
1.0064903191459351,0.0,-0.0016265355884681,0.0000000000000000,-0.0133263777180913,0.0000000000000000,16.7487092515517659,3.0000016476918097,180142033.162170,-21.784311,-180142011.3778878450394,-3924264824.0000000000000,0,1.3e-06
1.0064965097837155,0.0,-0.0016274711527272,0.0000000000000000,-0.0133377160498527,0.0000000000000000,16.7587659483041733,3.0000015292555795,179793134.347896,-22.112166,-179793112.2357139885426,-3975618302.0000000000000,0,6.6e-07
1.0065027164635583,0.0,-0.0016284121922285,0.0000000000000000,-0.0133490746260055,0.0000000000000000,16.7688239654046143,3.0000014108066622,179449273.795782,-22.443759,-179449251.3520289957523,-4027515144.0000000000000,0,3.2e-07
1.0065089392528463,0.0,-0.0016293587169964,0.0000000000000000,-0.0133604536096257,0.0000000000000000,16.7788833552385306,3.0000012923435997,179110696.291559,-22.779130,-179110673.5125394761562,-4079965920.0000000000000,0,4.9e-06
1.0065151782209452,0.0,-0.0016303107375976,0.0000000000000000,-0.0133718531672575,0.0000000000000000,16.7889441727934283,3.0000011738648995,178772963.331673,-23.118183,-178772940.2135266363621,-4132899446.0000000000000,0,1.7e-06
1.0065214334393171,0.0,-0.0016312682651604,0.0000000000000000,-0.0133832734691131,0.0000000000000000,16.7990064758042976,3.0000010553690322,178438150.290839,-23.461012,-178438126.8297423422337,-4186354796.0000000000000,0,3.9e-06
1.0065277049816439,0.0,-0.0016322313113950,0.0000000000000000,-0.0133947146892832,0.0000000000000000,16.8090703249076583,3.0000009368544296,178110910.252706,-23.807792,-178110886.4449166059494,-4240426980.0000000000000,0,2.6e-07
1.0065339929239538,0.0,-0.0016331998886151,0.0000000000000000,-0.0134061770059615,0.0000000000000000,16.8191357838047821,3.0000008183194824,177785180.666546,-24.158374,-177785156.5081363022327,-4295007078.0000000000000,0,1.6e-06
1.0065402973447608,0.0,-0.0016341740097618,0.0000000000000000,-0.0134176606016818,0.0000000000000000,16.8292029194346107,3.0000006997625408,177464932.984669,-24.512915,-177464908.4717745780945,-4350179106.0000000000000,0,9.8e-07
1.0065466183252068,0.0,-0.0016351536884279,0.0000000000000000,-0.0134291656635692,0.0000000000000000,16.8392718021569152,3.0000005811819066,177146734.569391,-24.871345,-177146709.6980241537094,-4405881294.0000000000000,0,9.3e-07
1.0065529559492172,0.0,-0.0016361389388848,0.0000000000000000,-0.0134406923836076,0.0000000000000000,16.8493425059463249,3.0000004625758367,176833248.309358,-25.233782,-176833223.0755685567856,-4462173058.0000000000000,0,3.6e-07
1.0065593103036625,0.0,-0.0016371297761109,0.0000000000000000,-0.0134522409589209,0.0000000000000000,16.8594151085978154,3.0000003439425371,176523812.973373,-25.600243,-176523787.3731535375118,-4519048390.0000000000000,0,1.0e-06
1.0065656814785315,0.0,-0.0016381262158220,0.0000000000000000,-0.0134638115920736,0.0000000000000000,16.8694896919442989,3.0000002252801612,176216776.281287,-25.970711,-176216750.3105542361736,-4576478784.0000000000000,0,1.0e-06
1.0065720695671143,0.0,-0.0016391282745036,0.0000000000000000,-0.0134754044913875,0.0000000000000000,16.8795663420869886,3.0000001065868069,175915772.894548,-26.345339,-175915746.5492792725563,-4634548352.0000000000000,0,2.9e-06
1.0065784746661950,0.0,-0.0016401359694451,0.0000000000000000,-0.0134870198712788,0.0000000000000000,16.8896451496392324,2.9999999878605150,175614656.662013,-26.723970,-175614629.9379775226116,-4693132198.0000000000000,0,2.9e-06
1.0065848968762665,0.0,-0.0016411493187782,0.0000000000000000,-0.0134986579526272,0.0000000000000000,16.8997262099844967,2.9999998690992613,175319683.557171,-27.106840,-175319656.4502789676189,-4752371760.0000000000000,0,2.3e-06
1.0065913363017185,0.0,-0.0016421683415114,0.0000000000000000,-0.0135103189631029,0.0000000000000000,16.9098096235493252,2.9999997503009626,175030045.341385,-27.493965,-175030017.8474746644497,-4812260268.0000000000000,0,2.5e-06
1.0065977930511083,0.0,-0.0016431930575780,0.0000000000000000,-0.0135220031376383,0.0000000000000000,16.9198954960918044,2.9999996314634596,174742144.367809,-27.885267,-174742116.4825996458530,-4872721186.0000000000000,0,2.5e-06
1.0066042672373796,0.0,-0.0016442234878766,0.0000000000000000,-0.0135337107188049,0.0000000000000000,16.9299839390065650,2.9999995125845267,174455827.885135,-28.280779,-174455799.6042906939983,-4933757994.0000000000000,0,2.8e-06
1.0066107589781270,0.0,-0.0016452596543193,0.0000000000000000,-0.0135454419572724,0.0000000000000000,16.9400750696468592,2.9999993936618607,174176314.596761,-28.680714,-174176285.9160497188568,-4995500530.0000000000000,0,1.3e-07
1.0066172683958685,0.0,-0.0016463015798819,0.0000000000000000,-0.0135571971122821,0.0000000000000000,16.9501690116645918,2.9999992746930753,173899005.881916,-29.084961,-173898976.7969432473183,-5057847744.0000000000000,0,5.1e-07
1.0066237956183353,0.0,-0.0016473492886573,0.0000000000000000,-0.0135689764521469,0.0000000000000000,16.9602658953689804,2.9999991556757037,173626537.521307,-29.493651,-173626508.0277048945427,-5120871800.0000000000000,0,2.1e-06
1.0066303407787762,0.0,-0.0016484028059123,0.0000000000000000,-0.0135807802547804,0.0000000000000000,16.9703658581046248,2.9999990366071851,173356578.288546,-29.906747,-173356548.3818436563015,-5184523582.0000000000000,0,1.9e-06
1.0066369040162804,0.0,-0.0016494621581476,0.0000000000000000,-0.0135926088082546,0.0000000000000000,16.9804690446496132,2.9999989174848678,173089985.373461,-30.324321,-173089955.0491712093353,-5248831020.0000000000000,0,1.3e-06
1.0066434854761168,0.0,-0.0016505273731615,0.0000000000000000,-0.0136044624113879,0.0000000000000000,16.9905756076343621,2.9999987983060001,172826738.941115,-30.746416,-172826708.1947034895420,-5313802078.0000000000000,0,2.0e-07
1.0066500853100933,0.0,-0.0016515984801174,0.0000000000000000,-0.0136163413743650,0.0000000000000000,17.0006857079817344,2.9999986790677227,172568051.691990,-31.173120,-172568020.5189109742641,-5379477558.0000000000000,0,1.7e-06
1.0066567036769425,0.0,-0.0016526755096172,0.0000000000000000,-0.0136282460194091,0.0000000000000000,17.0107995153688414,2.9999985597670693,172310693.491948,-31.604365,-172310661.8875251114368,-5445780038.0000000000000,0,2.3e-06
1.0066633407426882,0.0,-0.0016537584937710,0.0000000000000000,-0.0136401766814076,0.0000000000000000,17.0209172087111682,2.9999984404009536,172061035.784564,-32.040422,-172061003.7442436814308,-5512890816.0000000000000,0,4.4e-06
1.0066699966811004,0.0,-0.0016548474662836,0.0000000000000000,-0.0136521337087060,0.0000000000000000,17.0310389766687109,2.9999983209661680,171810647.838303,-32.481041,-171810615.3572662472725,-5580588056.0000000000000,0,3.1e-07
1.0066766716741211,0.0,-0.0016559424625362,0.0000000000000000,-0.0136641174638408,0.0000000000000000,17.0411650181747092,2.9999982014593760,171564968.143007,-32.926464,-171564935.2165265679359,-5649030578.0000000000000,0,6.1e-07
1.0066833659122978,0.0,-0.0016570435196710,0.0000000000000000,-0.0136761283242854,0.0000000000000000,17.0512955429866047,2.9999980818771035,171323440.183727,-33.376719,-171323406.8070129156113,-5718213452.0000000000000,0,2.2e-07
1.0066900795952938,0.0,-0.0016581506766890,0.0000000000000000,-0.0136881666833348,0.0000000000000000,17.0614307722584471,2.9999979622157320,171084315.370488,-33.831795,-171084281.5386545360088,-5788096048.0000000000000,0,1.6e-06
1.0066968129323692,0.0,-0.0016592639745443,0.0000000000000000,-0.0137002329509340,0.0000000000000000,17.0715709391344603,2.9999978424714948,170851192.646242,-34.291876,-170851158.3544382750988,-5858795604.0000000000000,0,3.1e-06
1.0067035661429031,0.0,-0.0016603834562464,0.0000000000000000,-0.0137123275545771,0.0000000000000000,17.0817162893622374,2.9999977226404657,170617070.533630,-34.756758,-170617035.7767902612686,-5930110248.0000000000000,0,3.5e-06
1.0067103394569288,0.0,-0.0016615091669654,0.0000000000000000,-0.0137244509402296,0.0000000000000000,17.0918670819240504,2.9999976027185498,170389239.742302,-35.226763,-170389204.5154758691788,-6002272048.0000000000000,0,2.7e-06
1.0067171331156897,0.0,-0.0016626411541427,0.0000000000000000,-0.0137366035732865,0.0000000000000000,17.1020235896840092,2.9999974827014815,170165483.450088,-35.701867,-170165447.7482137382030,-6075226556.0000000000000,0,2.7e-07
1.0067239473722098,0.0,-0.0016637794676044,0.0000000000000000,-0.0137487859395524,0.0000000000000000,17.1121861000482767,2.9999973625848080,169945085.012644,-36.182100,-169945048.8305908441544,-6148962050.0000000000000,0,2.1e-06
1.0067307824918785,0.0,-0.0016649241596790,0.0000000000000000,-0.0137609985462464,0.0000000000000000,17.1223549156346984,2.9999972423638881,169726275.583846,-36.667455,-169726238.9163897931576,-6223430792.0000000000000,0,9.3e-08
1.0067376387530467,0.0,-0.0016660752853178,0.0000000000000000,-0.0137732419230244,0.0000000000000000,17.1325303549473595,2.9999971220338808,169512224.825544,-37.158111,-169512187.6674627661705,-6298748902.0000000000000,0,1.2e-06
1.0067445164476294,0.0,-0.0016672329022186,0.0000000000000000,-0.0137855166230131,0.0000000000000000,17.1427127530505672,2.9999970015897355,169299957.616427,-37.654019,-169299919.9623746573925,-6374829468.0000000000000,0,1.4e-06
1.0067514158817124,0.0,-0.0016683970709502,0.0000000000000000,-0.0137978232238479,0.0000000000000000,17.1529024622355806,2.9999968810261834,169092648.581605,-38.155364,-169092610.4262415468693,-6451791464.0000000000000,0,4.4e-08
1.0067583373761562,0.0,-0.0016695678550785,0.0000000000000000,-0.0138101623287043,0.0000000000000000,17.1630998526720617,2.9999967603377327,168887675.781331,-38.662111,-168887637.1191914677620,-6529558902.0000000000000,0,1.2e-06
1.0067652812671919,0.0,-0.0016707453212923,0.0000000000000000,-0.0138225345673138,0.0000000000000000,17.1733053130346676,2.9999966395186557,168686853.242344,-39.174398,-168686814.0679416954517,-6608206740.0000000000000,0,2.9e-07
1.0067722479069989,0.0,-0.0016719295395278,0.0000000000000000,-0.0138349405969452,0.0000000000000000,17.1835192510935428,2.9999965185629853,168491580.131464,-39.692352,-168491540.4392533004284,-6687803244.0000000000000,0,6.1e-06
1.0067792376642570,0.0,-0.0016731205830889,0.0000000000000000,-0.0138473811033410,0.0000000000000000,17.1937420942553771,2.9999963974645047,168294618.185727,-40.215759,-168294577.9699698686600,-6768095472.0000000000000,0,9.5e-08
1.0067862509246623,0.0,-0.0016743185287634,0.0000000000000000,-0.0138598568015859,0.0000000000000000,17.2039742900396497,2.9999962762167418,168102099.548960,-40.744936,-168102058.8039504885674,-6849321596.0000000000000,0,3.1e-06
1.0067932880913915,0.0,-0.0016755234569309,0.0000000000000000,-0.0138723684368845,0.0000000000000000,17.2142163064721530,2.9999961548129646,167916051.050624,-41.280041,-167916009.7706188261509,-6931575262.0000000000000,0,1.5e-06
1.0068003495855065,0.0,-0.0016767354516615,0.0000000000000000,-0.0138849167852329,0.0000000000000000,17.2244686323751388,2.9999960332461737,167729569.376282,-41.820879,-167729527.5553324818611,-7014609758.0000000000000,0,3.1e-06
1.0068074358462524,0.0,-0.0016779546007975,0.0000000000000000,-0.0138975026539000,0.0000000000000000,17.2347317775309428,2.9999959115091039,167549007.230004,-42.367784,-167548964.8621930480003,-7098684616.0000000000000,0,1.2e-06
1.0068145473313004,0.0,-0.0016791809960246,0.0000000000000000,-0.0139101268818103,0.0000000000000000,17.2450062726911000,2.9999957895942191,167372397.335933,-42.920766,-167372354.4152238070965,-7183742076.0000000000000,0,2.4e-06
1.0068216845168148,0.0,-0.0016804147329146,0.0000000000000000,-0.0139227903396212,0.0000000000000000,17.2552926694027953,2.9999956674937160,167196704.707525,-43.479785,-167196661.2277443110943,-7269676192.0000000000000,0,1.3e-07
1.0068288478974152,0.0,-0.0016816559109495,0.0000000000000000,-0.0139354939296084,0.0000000000000000,17.2655915396167359,2.9999955451995248,167024230.008291,-44.045027,-167024185.9632085859776,-7356596006.0000000000000,0,2.3e-06
1.0068360379858947,0.0,-0.0016829046335018,0.0000000000000000,-0.0139482385851281,0.0000000000000000,17.2759034750412681,2.9999954227033192,166857097.218123,-44.616671,-166857052.6014640927315,-7444606370.0000000000000,0,4.1e-07
1.0068432553128150,0.0,-0.0016841610077942,0.0000000000000000,-0.0139610252698624,0.0000000000000000,17.2862290861970465,2.9999952999965220,166692699.398067,-45.194707,-166692654.2034021019936,-7533620674.0000000000000,0,1.8e-06
1.0068505004257751,0.0,-0.0016854251447997,0.0000000000000000,-0.0139738549764893,0.0000000000000000,17.2965690011327631,2.9999951770703239,166530422.744968,-45.779208,-166530376.9657669961452,-7623629716.0000000000000,0,3.5e-07
1.0068577738884366,0.0,-0.0016866971590978,0.0000000000000000,-0.0139867287249304,0.0000000000000000,17.3069238637477234,2.9999950539156974,166370768.530032,-46.370293,-166370722.1596766710281,-7714671620.0000000000000,0,2.7e-06
1.0068650762792084,0.0,-0.0016879771686687,0.0000000000000000,-0.0139996475600030,0.0000000000000000,17.3172943316716861,2.9999949305234255,166215890.427673,-46.968160,-166215843.4594670832157,-7806862306.0000000000000,0,1.9e-06
1.0068724081895650,0.0,-0.0016892652946186,0.0000000000000000,-0.0140126125484282,0.0000000000000000,17.3276810736456675,2.9999948068841280,166065293.849355,-47.572894,-166065246.2764905989170,-7900201792.0000000000000,0,1.3e-06
1.0068797702219532,0.0,-0.0016905616608300,0.0000000000000000,-0.0140256247751298,0.0000000000000000,17.3380847663467819,2.9999946829882980,165915921.700602,-48.184475,-165915873.5161116421223,-7994573980.0000000000000,0,5.3e-07
1.0068871629871867,0.0,-0.0016918663935146,0.0000000000000000,-0.0140386853386308,0.0000000000000000,17.3485060906010702,2.9999945588263510,165769363.201751,-48.803083,-165769314.3985851109028,-8090069570.0000000000000,0,3.4e-06
1.0068945871014043,0.0,-0.0016931796206838,0.0000000000000000,-0.0140517953456995,0.0000000000000000,17.3589457269191669,2.9999944343886691,165627094.006847,-49.428893,-165627044.5778682231903,-8186778126.0000000000000,0,3.8e-06
1.0069020431823792,0.0,-0.0016945014714968,0.0000000000000000,-0.0140649559048626,0.0000000000000000,17.3694043503119140,2.9999943096656678,165490165.600568,-50.062070,-165490115.5385175645351,-8284776952.0000000000000,0,8.1e-07
1.0069095318452816,0.0,-0.0016958320755014,0.0000000000000000,-0.0140781681189732,0.0000000000000000,17.3798826243227218,2.9999941846478650,165353049.534371,-50.702491,-165352998.8318094015121,-8383823138.0000000000000,0,3.0e-06
1.0069170536977678,0.0,-0.0016971715617459,0.0000000000000000,-0.0140914330766068,0.0000000000000000,17.3903811942441955,2.9999940593259584,165223568.715214,-51.350615,-165223517.3646876513958,-8484317302.0000000000000,0,3.8e-06
1.0069246093343700,0.0,-0.0016985200577541,0.0000000000000000,-0.0141047518422524,0.0000000000000000,17.4009006794851331,2.9999939336909205,165095046.465373,-52.006271,-165094994.4592126607895,-8585959348.0000000000000,0,4.8e-06
1.0069321993301938,0.0,-0.0016998776883625,0.0000000000000000,-0.0141181254453025,0.0000000000000000,17.4114416650686223,2.9999938077340982,164965366.714669,-52.669481,-164965314.0450723171234,-8688659394.0000000000000,0,4.9e-06
1.0069398242339123,0.0,-0.0017012445744170,0.0000000000000000,-0.0141315548678321,0.0000000000000000,17.4220046922670200,2.9999936814473225,164844351.291874,-53.340801,-164844297.9510331153870,-8792936292.0000000000000,0,1.7e-06
1.0069474845600239,0.0,-0.0017026208313207,0.0000000000000000,-0.0141450410311125,0.0000000000000000,17.4325902484075357,2.9999935548230350,164725737.189643,-54.020070,-164725683.1695574820042,-8898498368.0000000000000,0,7.1e-07
1.0069551807804460,0.0,-0.0017040065674436,0.0000000000000000,-0.0141585847809805,0.0000000000000000,17.4431987558994379,2.9999934278544167,164607864.545001,-54.707330,-164607809.8375276327133,-9005280284.0000000000000,0,6.0e-06
1.0069629133154907,0.0,-0.0017054018824011,0.0000000000000000,-0.0141721868721578,0.0000000000000000,17.4538305605784991,2.9999933005355297,164498025.740343,-55.403020,-164497970.3373224139214,-9113687362.0000000000000,0,6.8e-08
