x0,y0,z0,xd0,yd0,zd0,Tp,JC,stabilityIndex1,stabilityIndex2,alpha,beta,impactFlag,error
1.0022999302349880,0.0,-0.0049111670147180,-0.0000106164351620,-0.0050597617201880,0.0000200156965350,4.2624658295070166,3.0000355620320769,1.995137,-1.835685,-0.1594518934259,-1.6624423630121,1,6.9e-11
1.0022999266195876,0.0,-0.0049111134679299,-0.0000154253465713,-0.0050597503048048,0.0000290819791959,4.2624608295070168,3.0000355626954995,1.989733,-1.835556,-0.1541774268250,-1.6522652633376,1,4.4e-13
1.0022999230044138,0.0,-0.0049110599219601,-0.0000190571298940,-0.0050597388899636,0.0000359288697854,4.2624558295070170,3.0000355633589169,1.984329,-1.835426,-0.1489030853945,-1.6420885344659,1,9.9e-12
1.0022999193894839,0.0,-0.0049110063773683,-0.0000220999103073,-0.0050597274757515,0.0000416652129046,4.2624508295070163,3.0000355640223231,1.978925,-1.835296,-0.1436289229647,-1.6319122799260,1,1.3e-13
1.0022999157748007,0.0,-0.0049109528340366,-0.0000247716996921,-0.0050597160621592,0.0000467020487922,4.2624458295070164,3.0000355646857177,1.973520,-1.835165,-0.1383549255929,-1.6217364727008,1,8.4e-13
1.0022999121603644,0.0,-0.0049108992919284,-0.0000271821171735,-0.0050597046491829,0.0000512460551452,4.2624408295070166,3.0000355653491027,1.968116,-1.835035,-0.1330810901381,-1.6115611068118,1,2.2e-13
1.0022999085461790,0.0,-0.0049108457508134,-0.0000293955394580,-0.0050596932368021,0.0000554186097012,4.2624358295070168,3.0000355660124809,1.962711,-1.834904,-0.1278073934669,-1.6013861376687,1,3.9e-12
1.0022999049322299,0.0,-0.0049107922115548,-0.0000314535502153,-0.0050596818250938,0.0000592981161431,4.2624308295070170,3.0000355666758414,1.957306,-1.834772,-0.1225339228040,-1.5912117334358,1,2.0e-13
1.0022999013185310,0.0,-0.0049107386732960,-0.0000333849329049,-0.0050596704139810,0.0000629388443598,4.2624258295070163,3.0000355673391943,1.951901,-1.834641,-0.1172605914833,-1.5810377270704,1,1.4e-13
1.0022998977050799,0.0,-0.0049106851359672,-0.0000352105337666,-0.0050596590034527,0.0000663800992984,4.2624208295070165,3.0000355680025410,1.946496,-1.834509,-0.1119873883506,-1.5708640967891,1,5.9e-11
1.0022998940918786,0.0,-0.0049106316003830,-0.0000369460104877,-0.0050596475936037,0.0000696514032586,4.2624158295070167,3.0000355686658717,1.941091,-1.834376,-0.1067144105108,-1.5606910308390,1,2.8e-11
1.0022998904789120,0.0,-0.0049105780661274,-0.0000386035335345,-0.0050596361843619,0.0000727757035928,4.2624108295070169,3.0000355693291914,1.935685,-1.834244,-0.1014415965797,-1.5505184095429,1,1.6e-12
1.0022998868661990,0.0,-0.0049105245328682,-0.0000401927574410,-0.0050596247757223,0.0000757712039805,4.2624058295070162,3.0000355699925025,1.930280,-1.834111,-0.0961689238398,-1.5403461898943,1,2.0e-13
1.0022998832537298,0.0,-0.0049104710010014,-0.0000417214767686,-0.0050596133677126,0.0000786526012433,4.2624008295070164,3.0000355706558026,1.924874,-1.833977,-0.0908964301265,-1.5301744446853,1,9.6e-13
1.0022998796415077,0.0,-0.0049104174703281,-0.0000431961211782,-0.0050596019603161,0.0000814320187162,4.2623958295070166,3.0000355713190929,1.919468,-1.833843,-0.0856240954831,-1.5200031354593,1,5.3e-13
1.0022998760295319,0.0,-0.0049103639409317,-0.0000446220499222,-0.0050595905535401,0.0000841195615228,4.2623908295070168,3.0000355719823730,1.914061,-1.833709,-0.0803519282662,-1.5098322783558,1,8.3e-13
1.0022998724178016,0.0,-0.0049103104128147,-0.0000460037931181,-0.0050595791473845,0.0000867237714683,4.2623858295070169,3.0000355726456411,1.908655,-1.833575,-0.0750799285833,-1.4996618735887,1,1.2e-12
1.0022998688063174,0.0,-0.0049102568859693,-0.0000473452197307,-0.0050595677418488,0.0000892519437659,4.2623808295070162,3.0000355733088999,1.903248,-1.833440,-0.0698080951021,-1.4894919185591,1,7.2e-12
1.0022998651950787,0.0,-0.0049102033603885,-0.0000486496649471,-0.0050595563369319,0.0000917103671955,4.2623758295070164,3.0000355739721480,1.897841,-1.833305,-0.0645364289520,-1.4793224155930,1,9.0e-13
1.0022998615840861,0.0,-0.0049101498360790,-0.0000499200278090,-0.0050595449326344,0.0000941045081849,4.2623708295070166,3.0000355746353851,1.892435,-1.833170,-0.0592649289158,-1.4691533622176,1,1.8e-13
1.0022998579733398,0.0,-0.0049100963130370,-0.0000511588474186,-0.0050595335289568,0.0000964391544923,4.2623658295070168,3.0000355752986119,1.887027,-1.833034,-0.0539935953016,-1.4589847591105,1,8.0e-13
1.0022998543628390,0.0,-0.0049100427912558,-0.0000523683625148,-0.0050595221258974,0.0000987185275387,4.2623608295070170,3.0000355759618293,1.881620,-1.832898,-0.0487224275226,-1.4488166051481,1,1.5e-13
1.0022998507525838,0.0,-0.0049099892707588,-0.0000535505582860,-0.0050595107234587,0.0001009463706682,4.2623558295070163,3.0000355766250340,1.876212,-1.832761,-0.0434514277330,-1.4386489044933,1,3.6e-13
1.0022998471425750,0.0,-0.0049099357515159,-0.0000547072064645,-0.0050594993216383,0.0001031260247465,4.2623508295070165,3.0000355772882301,1.870805,-1.832624,-0.0381805933088,-1.4284816521217,1,3.6e-12
1.0022998435328112,0.0,-0.0049098822335663,-0.0000558398938251,-0.0050594879204384,0.0001052604818979,4.2623458295070167,3.0000355779514143,1.865397,-1.832487,-0.0329099273016,-1.4183148538754,1,3.1e-13
1.0022998399232936,0.0,-0.0049098287168660,-0.0000569500509517,-0.0050594765198563,0.0001073524397371,4.2623408295070169,3.0000355786145887,1.859989,-1.832349,-0.0276394261282,-1.4081485029307,1,5.1e-13
1.0022998363140219,0.0,-0.0049097752014373,-0.0000580389702691,-0.0050594651198937,0.0001094043353757,4.2623358295070162,3.0000355792777524,1.854580,-1.832211,-0.0223690918154,-1.3979826031883,1,2.0e-12
1.0022998327049957,0.0,-0.0049097216872746,-0.0000591078256763,-0.0050594537205496,0.0001114183824367,4.2623308295070164,3.0000355799409055,1.849172,-1.832073,-0.0170989235794,-1.3878171531279,1,1.3e-12
1.0022998290962155,0.0,-0.0049096681743743,-0.0000601576867066,-0.0050594423218242,0.0001133965977534,4.2623258295070166,3.0000355806040480,1.843763,-1.831934,-0.0118289213158,-1.3776521526163,1,2.0e-12
1.0022998254876807,0.0,-0.0049096146627453,-0.0000611895309291,-0.0050594309237176,0.0001153408247553,4.2623208295070167,3.0000355812671806,1.838354,-1.831795,-0.0065590843530,-1.3674876002152,1,1.7e-11
1.0022998218793917,0.0,-0.0049095611524001,-0.0000622042546096,-0.0050594195262315,0.0001172527535660,4.2623158295070169,3.0000355819303026,1.832945,-1.831655,-0.0012894175050,-1.3573235054986,1,6.7e-12
1.0022998182713481,0.0,-0.0049095076433100,-0.0000632026829656,-0.0050594081293626,0.0001191339403428,4.2623108295070162,3.0000355825934140,-1.831516,1.827536,0.0039800846714,-1.3471598578229,1,2.7e-12
1.0022998146635504,0.0,-0.0049094541354970,-0.0000641855760493,-0.0050593967331136,0.0001209858183652,4.2623058295070164,3.0000355832565142,-1.831375,1.822126,0.0092494204305,-1.3369966605122,1,1.1e-11
1.0022998110559980,0.0,-0.0049094006289509,-0.0000651536370793,-0.0050593853374828,0.0001228097137484,4.2623008295070166,3.0000355839196042,-1.831235,1.816716,0.0145185886143,-1.3268339159834,1,1.7e-12
1.0022998074486920,0.0,-0.0049093471236541,-0.0000661075180123,-0.0050593739424696,0.0001246068559454,4.2622958295070168,3.0000355845826845,-1.831094,1.811306,0.0197875929505,-1.3166716169311,1,1.9e-12
1.0022998038416309,0.0,-0.0049092936196549,-0.0000670478232151,-0.0050593625480776,0.0001263783846762,4.2622908295070170,3.0000355852457528,-1.830952,1.805896,0.0250564284949,-1.3065097728902,1,9.2e-12
1.0022998002348156,0.0,-0.0049092401168964,-0.0000679751170096,-0.0050593511543009,0.0001281253641463,4.2622858295070163,3.0000355859088117,-1.830811,1.800486,0.0303250990450,-1.2963483767139,1,1.3e-12
1.0022997966282454,0.0,-0.0049091866154253,-0.0000688899240843,-0.0050593397611446,0.0001298487838305,4.2622808295070165,3.0000355865718595,-1.830669,1.795075,0.0355936023471,-1.2861874325700,1,2.6e-12
1.0022997930219211,0.0,-0.0049091331152142,-0.0000697927358705,-0.0050593283686063,0.0001315495704909,4.2622758295070167,3.0000355872348972,-1.830526,1.789664,0.0408619396605,-1.2760269381694,1,9.6e-13
1.0022997894158425,0.0,-0.0049090796162556,-0.0000706840121340,-0.0050593169766850,0.0001332285911785,4.2622708295070169,3.0000355878979246,-1.830383,1.784253,0.0461301120789,-1.2658668913993,1,1.4e-12
1.0022997858100089,0.0,-0.0049090261185872,-0.0000715641832794,-0.0050593055853836,0.0001348866575827,4.2622658295070162,3.0000355885609409,-1.830240,1.778842,0.0513981168680,-1.2557072974389,1,9.0e-12
1.0022997822044195,0.0,-0.0049089726222064,-0.0000724336541942,-0.0050592941947009,0.0001365245332703,4.2622608295070163,3.0000355892239465,-1.830096,1.773430,0.0566659545994,-1.2455481552083,1,3.6e-11
1.0022997785990784,0.0,-0.0049089191270429,-0.0000732928066836,-0.0050592828046353,0.0001381429382881,4.2622558295070165,3.0000355898869424,-1.829952,1.768019,0.0619336274962,-1.2353894607953,1,1.7e-11
1.0022997749939810,0.0,-0.0049088656331798,-0.0000741419982501,-0.0050592714151888,0.0001397425468512,4.2622508295070167,3.0000355905499263,-1.829808,1.762607,0.0672011310262,-1.2252312226686,1,2.0e-13
1.0022997713891297,0.0,-0.0049088121405556,-0.0000749815682989,-0.0050592600263582,0.0001413239990508,4.2622458295070169,3.0000355912129018,-1.829663,1.757194,0.0724684725068,-1.2150734266385,1,1.8e-12
1.0022997677845238,0.0,-0.0049087586492107,-0.0000758118358339,-0.0050592486381467,0.0001428878965068,4.2622408295070162,3.0000355918758657,-1.829518,1.751782,0.0777356460892,-1.2049160841381,1,1.6e-12
1.0022997641801634,0.0,-0.0049087051591294,-0.0000766331034493,-0.0050592372505537,0.0001444348098969,4.2622358295070164,3.0000355925388189,-1.829372,1.746369,0.0830026535060,-1.1947591918397,1,8.4e-12
1.0022997605760473,0.0,-0.0049086516703367,-0.0000774456571284,-0.0050592258635784,0.0001459652785728,4.2622308295070166,3.0000355932017615,-1.829226,1.740956,0.0882694936323,-1.1846027518101,1,9.8e-13
1.0022997569721770,0.0,-0.0049085981827960,-0.0000782497688308,-0.0050592144772207,0.0001474798154428,4.2622258295070168,3.0000355938646948,-1.829080,1.735543,0.0935361684612,-1.1744467603686,1,4.8e-13
1.0022997533685523,0.0,-0.0049085446965214,-0.0000790456959942,-0.0050592030914809,0.0001489789060305,4.2622208295070170,3.0000355945276160,-1.828933,1.730130,0.0988026770382,-1.1642912193239,1,1.4e-12
1.0022997497651727,0.0,-0.0049084912115121,-0.0000798336834442,-0.0050591917063587,0.0001504630120761,4.2622158295070163,3.0000355951905280,-1.828785,1.724716,0.1040690201769,-1.1541361270663,1,6.0e-12
1.0022997461620382,0.0,-0.0049084377277786,-0.0000806139638208,-0.0050591803218547,0.0001519325723419,4.2622108295070165,3.0000355958534288,-1.828638,1.719303,0.1093351951006,-1.1439814890986,1,1.6e-12
1.0022997425591491,0.0,-0.0049083842453066,-0.0000813867590342,-0.0050591689379679,0.0001533880053554,4.2622058295070167,3.0000355965163190,-1.828490,1.713888,0.1146012049622,-1.1338272992315,1,9.7e-13
1.0022997389565051,0.0,-0.0049083307641025,-0.0000821522802139,-0.0050591575546991,0.0001548297093137,4.2622008295070168,3.0000355971791990,-1.828341,1.708474,0.1198670484509,-1.1236735600530,1,8.4e-13
1.0022997353541068,0.0,-0.0049082772841581,-0.0000829107289681,-0.0050591461720471,0.0001562580644599,4.2621958295070161,3.0000355978420683,-1.828192,1.703060,0.1251327265647,-1.1135202696427,1,2.8e-13
1.0022997317519531,0.0,-0.0049082238054891,-0.0000836622974308,-0.0050591347900132,0.0001576734331720,4.2621908295070163,3.0000355985049274,-1.828043,1.697645,0.1303982380672,-1.1033674303774,1,7.8e-12
1.0022997281500450,0.0,-0.0049081703280762,-0.0000844071696244,-0.0050591234085961,0.0001590761625290,4.2621858295070165,3.0000355991677754,-1.827893,1.692230,0.1356635832661,-1.0932150418152,1,7.0e-13
1.0022997245483811,0.0,-0.0049081168519585,-0.0000851455207965,-0.0050591120277981,0.0001604665830640,4.2621808295070167,3.0000355998306132,-1.827743,1.686814,0.1409287603250,-1.0830631073275,1,2.2e-12
1.0022997209469637,0.0,-0.0049080633770592,-0.0000858775201629,-0.0050591006476142,0.0001618450139313,4.2621758295070169,3.0000356004934412,-1.827592,1.681399,0.1461937755033,-1.0729116149990,1,1.5e-12
1.0022997173457910,0.0,-0.0049080099034561,-0.0000866033277492,-0.0050590892680499,0.0001632117569625,4.2621708295070162,3.0000356011562581,-1.827441,1.675983,0.1514586218810,-1.0627605781075,1,1.1e-12
1.0022997137448630,0.0,-0.0049079564311142,-0.0000873230984172,-0.0050590778891023,0.0001645671042441,4.2621658295070164,3.0000356018190644,-1.827290,1.670567,0.1567233027663,-1.0526099903043,1,9.0e-13
1.0022997101441820,0.0,-0.0049079029599880,-0.0000880369808220,-0.0050590665107686,0.0001659113361575,4.2621608295070166,3.0000356024818604,-1.827138,1.665150,0.1619878216737,-1.0424598449335,1,9.5e-12
1.0022997065437422,0.0,-0.0049078494902413,-0.0000887451149490,-0.0050590551330592,0.0001672447167467,4.2621558295070168,3.0000356031446458,-1.826986,1.659734,0.1672521647186,-1.0323101685299,1,1.2e-12
1.0022997029435503,0.0,-0.0049077960216773,-0.0000894476398455,-0.0050590437559616,0.0001685675082655,4.2621508295070170,3.0000356038074205,-1.826833,1.654317,0.1725163490007,-1.0221609283935,1,1.6e-12
1.0022996993436026,0.0,-0.0049077425543986,-0.0000901446853499,-0.0050590323794822,0.0001698799556183,4.2621458295070163,3.0000356044701850,-1.826680,1.648900,0.1777803655146,-1.0120121417966,1,1.2e-12
1.0022996957439001,0.0,-0.0049076890883793,-0.0000908363779308,-0.0050590210036193,0.0001711822973482,4.2621408295070164,3.0000356051329389,-1.826526,1.643482,0.1830442165614,-1.0018638043434,1,1.3e-12
1.0022996921444425,0.0,-0.0049076356236335,-0.0000915228387739,-0.0050590096283738,0.0001724747620362,4.2621358295070166,3.0000356057956825,-1.826372,1.638065,0.1883079008983,-0.9917159184024,1,2.4e-13
1.0022996885452300,0.0,-0.0049075821601473,-0.0000922041849068,-0.0050589982537447,0.0001737575704206,4.2621308295070168,3.0000356064584155,-1.826218,1.632647,0.1935714196794,-0.9815684818198,1,1.0e-12
1.0022996849462620,0.0,-0.0049075286979345,-0.0000928805287183,-0.0050589868797328,0.0001750309344938,4.2621258295070170,3.0000356071211378,-1.826063,1.627228,0.1988347717546,-0.9714214967984,1,4.2e-13
1.0022996813475393,0.0,-0.0049074752369824,-0.0000935519788582,-0.0050589755063375,0.0001762950591956,4.2621208295070163,3.0000356077838495,-1.825908,1.621810,0.2040979581662,-0.9612749613618,1,1.3e-12
1.0022996777490616,0.0,-0.0049074217772988,-0.0000942186398571,-0.0050589641335592,0.0001775501416962,4.2621158295070165,3.0000356084465509,-1.825752,1.616391,0.2093609783778,-0.9511288765344,1,8.6e-13
1.0022996741508285,0.0,-0.0049073683188735,-0.0000948806127883,-0.0050589527613967,0.0001787963726473,4.2621108295070167,3.0000356091092422,-1.825596,1.610972,0.2146238332398,-0.9409832407156,1,1.5e-12
1.0022996705528404,0.0,-0.0049073148617208,-0.0000955379949327,-0.0050589413898515,0.0001800339355488,4.2621058295070169,3.0000356097719219,-1.825439,1.605552,0.2198865216173,-0.9308380560778,1,6.2e-13
1.0022996669550968,0.0,-0.0049072614058339,-0.0000961908805011,-0.0050589300189223,0.0001812630081094,4.2621008295070162,3.0000356104345922,-1.825282,1.600133,0.2251490446516,-0.9206933204170,1,1.2e-11
1.0022996633575920,0.0,-0.0049072079513620,-0.0000968393586576,-0.0050589186486160,0.0001824837585237,4.2620958295070164,3.0000356110972501,-1.825124,1.594713,0.2304113873138,-0.9105490626693,1,2.9e-11
1.0022996597603451,0.0,-0.0049071544978428,-0.0000974835227777,-0.0050589072789133,0.0001836963629157,4.2620908295070166,3.0000356117599010,-1.824966,1.589293,0.2356735913798,-0.9004052028044,1,2.1e-12
1.0022996561633364,0.0,-0.0049071010457376,-0.0000981234524803,-0.0050588959098328,0.0001849009714856,4.2620858295070168,3.0000356124225402,-1.824808,1.583872,0.2409356171975,-0.8902618166320,1,8.1e-13
1.0022996525665722,0.0,-0.0049070475949044,-0.0000987592317038,-0.0050588845413691,0.0001860977425657,4.2620808295070169,3.0000356130851680,-1.824649,1.578451,0.2461974762364,-0.8801188823350,1,1.2e-12
1.0022996489700529,0.0,-0.0049069941453368,-0.0000993909401762,-0.0050588731735216,0.0001872868265519,4.2620758295070162,3.0000356137477850,-1.824489,1.573030,0.2514591693179,-0.8699763983100,1,1.6e-12
1.0022996453737782,0.0,-0.0049069406970303,-0.0001000186550775,-0.0050588618062900,0.0001884683690342,4.2620708295070164,3.0000356144103923,-1.824329,1.567609,0.2567206968993,-0.8598343636975,1,1.5e-12
1.0022996417777488,0.0,-0.0049068872499876,-0.0001006424511227,-0.0050588504396746,0.0001896425109534,4.2620658295070166,3.0000356150729894,-1.824169,1.562187,0.2619820599223,-0.8496927766121,1,1.5e-11
1.0022996381819631,0.0,-0.0049068338042176,-0.0001012624005738,-0.0050588390736755,0.0001908093886258,4.2620608295070168,3.0000356157355750,-1.824008,1.556765,0.2672432537911,-0.8395516462134,1,1.0e-12
1.0022996345864228,0.0,-0.0049067803597072,-0.0001018785738611,-0.0050588277082923,0.0001919691349092,4.2620558295070170,3.0000356163981512,-1.823847,1.551342,0.2725042835360,-0.8294109625248,1,1.1e-12
1.0022996309910936,0.0,-0.0049067269180975,-0.0001024910200955,-0.0050588163436398,0.0001931218426444,4.2620508295070163,3.0000356170606977,-1.823685,1.545920,0.2777649651672,-0.8192710813670,1,2.5e-10
1.0022996273960758,0.0,-0.0049066734744772,-0.0001030998621512,-0.0050588049793735,0.0001942677430392,4.2620458295070165,3.0000356177232703,-1.823523,1.540497,0.2830258457327,-0.8091309451372,1,7.5e-13
1.0022996238012691,0.0,-0.0049066200337639,-0.0001037051073113,-0.0050587936158384,0.0001954068504199,4.2620408295070167,3.0000356183858155,-1.823360,1.535074,0.2882863775391,-0.7989916127098,1,9.4e-13
1.0022996202067072,0.0,-0.0049065665943047,-0.0001043068369691,-0.0050587822529181,0.0001965393181350,4.2620358295070169,3.0000356190483490,-1.823197,1.529650,0.2935467445571,-0.7888527284326,1,9.0e-13
1.0022996166123899,0.0,-0.0049065131561148,-0.0001049051114477,-0.0050587708906140,0.0001976652599829,4.2620308295070162,3.0000356197108724,-1.823033,1.524226,0.2988069452567,-0.7787142952840,1,1.0e-12
1.0022996130183168,0.0,-0.0049064597191930,-0.0001054999895440,-0.0050587595289259,0.0001987847868837,4.2620258295070164,3.0000356203733851,-1.822869,1.518802,0.3040669797686,-0.7685763130257,1,9.3e-13
1.0022996094244885,0.0,-0.0049064062835306,-0.0001060915284833,-0.0050587481678532,0.0001998980067922,4.2620208295070166,3.0000356210358872,-1.822704,1.513377,0.3093268489837,-0.7584387799369,1,6.5e-13
1.0022996058308953,0.0,-0.0049063528495892,-0.0001066797786070,-0.0050587368074206,0.0002010050147584,4.2620158295070167,3.0000356216983737,-1.822539,1.507952,0.3145864940114,-0.7483018104860,1,1.7e-10
1.0022996022375654,0.0,-0.0049062994159946,-0.0001072648094477,-0.0050587254475541,0.0002021059417171,4.2620108295070169,3.0000356223608606,-1.822373,1.502527,0.3198460903065,-0.7381650637415,1,1.3e-12
1.0022995986444709,0.0,-0.0049062459841193,-0.0001078466580713,-0.0050587140883277,0.0002032008578347,4.2620058295070162,3.0000356230233316,-1.822207,1.497102,0.3251054626492,-0.7280288801949,1,1.6e-12
1.0022995950516205,0.0,-0.0049061925535102,-0.0001084253807454,-0.0050587027297166,0.0002042898691828,4.2620008295070164,3.0000356236857919,-1.822040,1.491676,0.3303646690705,-0.7178931471011,1,1.1e-12
1.0022995914590147,0.0,-0.0049061391241678,-0.0001090010272511,-0.0050586913717215,0.0002053730696765,4.2619958295070166,3.0000356243482424,-1.821873,1.486249,0.3356237093833,-0.7077578648290,1,1.6e-12
1.0022995842745359,0.0,-0.0049060322692679,-0.0001101432845929,-0.0050586686575760,0.0002075224019021,4.2619858295070170,3.0000356256731107,-1.821537,1.475396,0.3461412935486,-0.6874886492443,1,1.5e-12
1.0022995770910348,0.0,-0.0049059254194234,-0.0001112738030542,-0.0050586459458914,0.0002096495581307,4.2619758295070165,3.0000356269979367,-1.821199,1.464541,0.3566582148560,-0.6672212340982,1,4.1e-13
1.0022995699085113,0.0,-0.0049058185746231,-0.0001123929369806,-0.0050586232366669,0.0002117552068765,4.2619658295070169,3.0000356283227214,-1.820859,1.453685,0.3671744742237,-0.6469556177843,1,1.4e-12
1.0022995627269651,0.0,-0.0049057117348743,-0.0001135010230616,-0.0050586005299022,0.0002138399833569,4.2619558295070163,3.0000356296474653,-1.820517,1.442827,0.3776900712316,-0.6266918012149,1,5.8e-13
1.0022995555463958,0.0,-0.0049056049001832,-0.0001145983817078,-0.0050585778255973,0.0002159044920791,4.2619458295070167,3.0000356309721656,-1.820173,1.431968,0.3882050051349,-0.6064297859481,1,4.1e-13
1.0022995483668036,0.0,-0.0049054980705373,-0.0001156853183216,-0.0050585551237510,0.0002179493092481,4.2619358295070162,3.0000356322968251,-1.819827,1.421108,0.3987192773078,-0.5861695694719,1,5.1e-13
1.0022995411881881,0.0,-0.0049053912459406,-0.0001167621239136,-0.0050585324243636,0.0002199749839160,4.2619258295070166,3.0000356336214429,-1.819478,1.410245,0.4092328870512,-0.5659111532692,1,2.3e-12
1.0022995340105492,0.0,-0.0049052844263981,-0.0001178290761987,-0.0050585097274340,0.0002219820400696,4.2619158295070170,3.0000356349460180,-1.819128,1.399382,0.4197458344775,-0.5456545372197,1,8.4e-13
1.0022995268338868,0.0,-0.0049051776119034,-0.0001188864405212,-0.0050584870329624,0.0002239709783471,4.2619058295070165,3.0000356362705518,-1.818775,1.388517,0.4302581198278,-0.5253997210124,1,1.2e-12
1.0022995196582010,0.0,-0.0049050708024422,-0.0001199344706104,-0.0050584643409470,0.0002259422774867,4.2618958295070168,3.0000356375950430,-1.818420,1.377650,0.4407697446056,-0.5051467018757,1,2.7e-12
1.0022995124834722,0.0,-0.0049049639969320,-0.0001209734200324,-0.0050584416512018,0.0002278964160043,4.2618858295070163,3.0000356389195062,-1.818063,1.366782,0.4512808403716,-0.4848952251412,1,2.8e-10
1.0022995053097568,0.0,-0.0049048571987019,-0.0001220034873693,-0.0050584189642894,0.0002298337683584,4.2618758295070167,3.0000356402439015,-1.817703,1.355912,0.4617910049269,-0.4646460697331,1,1.8e-12
1.0022994981369988,0.0,-0.0049047504043907,-0.0001230249291592,-0.0050583962796437,0.0002317548188407,4.2618658295070162,3.0000356415682679,-1.817341,1.345041,0.4723006436960,-0.4443984507713,1,1.6e-13
1.0022994909652165,0.0,-0.0049046436151237,-0.0001240379473921,-0.0050583735974536,0.0002336599485074,4.2618558295070166,3.0000356428925925,-1.816977,1.334168,0.4828096207696,-0.4241526315572,1,1.6e-12
1.0022994837944099,0.0,-0.0049045368309113,-0.0001250427467064,-0.0050583509177198,0.0002355495434988,4.2618458295070170,3.0000356442168750,-1.816611,1.323293,0.4933179357797,-0.4039086128710,1,1.9e-12
1.0022994766245785,0.0,-0.0049044300517307,-0.0001260395238703,-0.0050583282404389,0.0002374239751071,4.2618358295070164,3.0000356455411161,-1.816242,1.312417,0.5038255900009,-0.3836663924746,1,3.8e-12
1.0022994694557226,0.0,-0.0049043232775954,-0.0001270284676196,-0.0050583055656128,0.0002392835994720,4.2618258295070168,3.0000356468653160,-1.815871,1.301538,0.5143325833441,-0.3634259705561,1,1.7e-12
1.0022994622878418,0.0,-0.0049042165084934,-0.0001280097596049,-0.0050582828932401,0.0002411287593704,4.2618158295070163,3.0000356481894732,-1.815497,1.290659,0.5248389162152,-0.3431873465322,1,2.1e-12
1.0022994551209357,0.0,-0.0049041097444513,-0.0001289835742399,-0.0050582602233212,0.0002429597839287,4.2618058295070167,3.0000356495135883,-1.815121,1.279777,0.5353445864030,-0.3229505247422,1,1.5e-12
1.0022994479550043,0.0,-0.0049040029854595,-0.0001299500797048,-0.0050582375558564,0.0002447769905117,4.2617958295070162,3.0000356508376624,-1.814743,1.268893,0.5458495948084,-0.3027155035884,1,8.6e-13
1.0022994407900478,0.0,-0.0049038962314849,-0.0001309094381854,-0.0050582148908422,0.0002465806851747,4.2617858295070166,3.0000356521616953,-1.814362,1.258008,0.5563539444298,-0.2824822774538,1,6.7e-13
1.0022994336260727,0.0,-0.0049037894817096,-0.0001318618134333,-0.0050581922281647,0.0002483711769337,4.2617758295070169,3.0000356534856949,-1.813979,1.247121,0.5668577454195,-0.2622506323284,1,3.5e-10
1.0022994264630580,0.0,-0.0049036827386835,-0.0001328073317388,-0.0050581695681717,0.0002501487041301,4.2617658295070164,3.0000356548096341,-1.813593,1.236232,0.5773606587540,-0.2420212271527,1,1.8e-12
1.0022994193010240,0.0,-0.0049035759998451,-0.0001337461624047,-0.0050581469105135,0.0002519135862493,4.2617558295070168,3.0000356561335404,-1.813204,1.225341,0.5878630247567,-0.2217934007289,1,5.2e-13
1.0022994121399786,0.0,-0.0049034692649044,-0.0001346784473310,-0.0050581242551968,0.0002536660910614,4.2617458295070163,3.0000356574574196,-1.812813,1.214448,0.5983648423821,-0.2015671577471,1,3.5e-11
1.0022994049798795,0.0,-0.0049033625372518,-0.0001356042922441,-0.0050581016025468,0.0002554064181754,4.2617358295070167,3.0000356587812296,-1.812419,1.203553,0.6088657781271,-0.1813431389199,1,1.4e-12
1.0022993978207746,0.0,-0.0049032558133447,-0.0001365238586053,-0.0050580789522205,0.0002571348722370,4.2617258295070162,3.0000356601050133,-1.812023,1.192657,0.6193661823890,-0.1611206711965,1,1.7e-11
1.0022993906626294,0.0,-0.0049031490948237,-0.0001374372583106,-0.0050580563043810,0.0002588516644209,4.2617158295070166,3.0000356614287509,-1.811624,1.181758,0.6298658886169,-0.1409000749921,1,1.0e-12
1.0022993835054645,0.0,-0.0049030423811652,-0.0001383446180881,-0.0050580336589718,0.0002605570339296,4.2617058295070169,3.0000356627524498,-1.811222,1.170857,0.6403649535336,-0.1206812410961,1,5.0e-13
1.0022993763492731,0.0,-0.0049029356725401,-0.0001392460545210,-0.0050580110160110,0.0002622512007817,4.2616958295070164,3.0000356640761066,-1.810817,1.159954,0.6508633585762,-0.1004642054046,1,1.7e-13
1.0022993691939843,0.0,-0.0049028289728875,-0.0001401416497225,-0.0050579883758049,0.0002639343202253,4.2616858295070168,3.0000356653996740,-1.810410,1.149049,0.6613607703188,-0.0802496035814,1,7.9e-10
1.0022993620398093,0.0,-0.0049027222703995,-0.0001410316108650,-0.0050579657374343,0.0002656067824517,4.2616758295070163,3.0000356667232948,-1.810000,1.138141,0.6718581881628,-0.0600355308966,1,2.1e-13
1.0022993548865753,0.0,-0.0049026155756896,-0.0001419159580884,-0.0050579431017738,0.0002672686261585,4.2616658295070167,3.0000356680468401,-1.809587,1.127232,0.6823547050717,-0.0398237170835,1,3.4e-10
1.0022993477342572,0.0,-0.0049025088873776,-0.0001427948075222,-0.0050579204685612,0.0002689200705590,4.2616558295070170,3.0000356693703276,-1.809171,1.116320,0.6928504731641,-0.0196138689784,1,9.8e-11
1.0022993405829670,0.0,-0.0049024022019500,-0.0001436682874007,-0.0050578978376622,0.0002705613574435,4.2616458295070165,3.0000356706937996,-1.808752,1.105406,0.7033457606963,0.0005945217860,1,3.1e-10
1.0022993334325836,0.0,-0.0049022955252203,-0.0001445364486375,-0.0050578752095318,0.0002721925831088,4.2616358295070169,3.0000356720171859,-1.808330,1.094490,0.7138400442709,0.0208004543744,1,2.2e-10
1.0022993262832145,0.0,-0.0049021888512653,-0.0001453994339993,-0.0050578525836697,0.0002738140168429,4.2616258295070164,3.0000356733405580,-1.807905,1.083572,0.7243338939161,0.0410050221512,1,1.3e-10
1.0022993191347607,0.0,-0.0049020821847546,-0.0001462572978632,-0.0050578299604241,0.0002754257614063,4.2616158295070168,3.0000356746638590,-1.807478,1.072651,0.7348268460285,0.0612073341891,1,4.2e-13
1.0022993119873216,0.0,-0.0049019755214331,-0.0001471101635045,-0.0050578073394821,0.0002770280493559,4.2616058295070163,3.0000356759871405,-1.807047,1.061728,0.7453193134489,0.0814081827249,1,2.6e-13
1.0022993048408546,0.0,-0.0049018688631225,-0.0001479581030345,-0.0050577847209830,0.0002786210168764,4.2615958295070167,3.0000356773103802,-1.806613,1.050802,0.7558111234394,0.1016072364808,1,1.3e-12
1.0022992976953593,0.0,-0.0049017622098434,-0.0001488012005091,-0.0050577621049281,0.0002802048226331,4.2615858295070170,3.0000356786335782,-1.806176,1.039874,0.7663022744719,0.1218044924484,1,2.5e-12
1.0022992905508350,0.0,-0.0049016555616058,-0.0001496395376864,-0.0050577394913173,0.0002817796209565,4.2615758295070165,3.0000356799567354,-1.805736,1.028943,0.7767927646717,0.1419999468098,1,7.8e-13
1.0022992834072921,0.0,-0.0049015489176220,-0.0001504732002276,-0.0050577168800555,0.0002833455735629,4.2615658295070169,3.0000356812798596,-1.805293,1.018010,0.7872826606733,0.1621937262331,1,1.8e-10
1.0022992762647505,0.0,-0.0049014422781238,-0.0001513022635504,-0.0050576942712631,0.0002849028226040,4.2615558295070164,3.0000356826029488,-1.804846,1.007074,0.7977719550957,0.1823858182271,1,3.0e-10
1.0022992691230901,0.0,-0.0049013356470385,-0.0001521267730328,-0.0050576716651407,0.0002864514542567,4.2615458295070168,3.0000356839259554,-1.804396,0.996136,0.8082602849510,0.2025755276675,1,6.8e-13
1.0022992619824580,0.0,-0.0049012290183406,-0.0001529468479535,-0.0050576490612432,0.0002879916931882,4.2615358295070163,3.0000356852489527,-1.803943,0.985195,0.8187481931682,0.2227638920861,1,5.7e-11
1.0022992548427814,0.0,-0.0049011223957837,-0.0001537625308885,-0.0050576264598983,0.0002895236199892,4.2615258295070166,3.0000356865718949,-1.803487,0.974251,0.8292353392638,0.2429502605680,1,6.0e-13
1.0022992477040831,0.0,-0.0049010157776920,-0.0001545739040321,-0.0050576038609384,0.0002910473897590,4.2615158295070170,3.0000356878948016,-1.803027,0.963305,0.8397218789534,0.2631349309172,1,1.5e-13
1.0022992405663549,0.0,-0.0049009091646300,-0.0001553810306548,-0.0050575812644195,0.0002925631219613,4.2615058295070165,3.0000356892176669,-1.802564,0.952356,0.8502077596464,0.2833178023714,1,9.7e-13
1.0022992334295799,0.0,-0.0049008025575575,-0.0001561839692930,-0.0050575586703946,0.0002940709272740,4.2614958295070169,3.0000356905404795,-1.802097,0.941404,0.8606928697001,0.3034986587339,1,2.1e-10
1.0022992262938089,0.0,-0.0049006959535707,-0.0001569828061917,-0.0050575360786989,0.0002955709680028,4.2614858295070164,3.0000356918632729,-1.801627,0.930449,0.8711775471498,0.3236781541477,1,6.1e-13
1.0022992191589868,0.0,-0.0049005893551037,-0.0001577775856258,-0.0050575134894506,0.0002970633281323,4.2614758295070168,3.0000356931860188,-1.801153,0.919491,0.8816615367325,0.3438557966444,1,4.6e-10
1.0022992120251435,0.0,-0.0049004827625991,-0.0001585683643550,-0.0050574909027381,0.0002985481149912,4.2614658295070162,3.0000356945087128,-1.800675,0.908531,0.8921447022539,0.3640313157821,1,1.4e-12
1.0022992048922654,0.0,-0.0049003761746428,-0.0001593552134244,-0.0050574683184143,0.0003000254623637,4.2614558295070166,3.0000356958313703,-1.800194,0.897567,0.9026272931757,0.3842052009760,1,2.4e-12
1.0022991977603746,0.0,-0.0049002695909116,-0.0001601381925923,-0.0050574457364607,0.0003014954831670,4.2614458295070170,3.0000356971539968,-1.799709,0.886600,0.9131092858323,0.4043774012590,1,2.6e-10
1.0022991906294167,0.0,-0.0049001630138015,-0.0001609173414120,-0.0050574231570805,0.0003029582521370,4.2614358295070165,3.0000356984765610,-1.799221,0.875630,0.9235905009536,0.4245475780426,1,6.5e-13
1.0022991834994333,0.0,-0.0049000564409470,-0.0001616927321244,-0.0050574005800567,0.0003044139055603,4.2614258295070169,3.0000356997990938,-1.798729,0.864657,0.9340711370623,0.4447161087682,1,2.9e-10
1.0022991763704483,0.0,-0.0048999498726679,-0.0001624644157332,-0.0050573780054545,0.0003058625398621,4.2614158295070164,3.0000357011215901,-1.798232,0.853681,0.9445511153437,0.4648828374319,1,9.5e-12
1.0022991692424128,0.0,-0.0048998433101687,-0.0001632324367739,-0.0050573554333552,0.0003073042390656,4.2614058295070167,3.0000357024440358,-1.797732,0.842702,0.9550303820420,0.4850476671593,1,7.1e-13
1.0022991621153490,0.0,-0.0048997367523341,-0.0001639968545310,-0.0050573328636528,0.0003087391150811,4.2613958295070162,3.0000357037664438,-1.797228,0.831719,0.9655090268116,0.5052107678222,1,1.7e-12
1.0022991549891911,0.0,-0.0048996301994361,-0.0001647577175711,-0.0050573102962559,0.0003101672596976,4.2613858295070166,3.0000357050888127,-1.796720,0.820733,0.9759870473525,0.5253721370450,1,2.9e-10
1.0022991478641647,0.0,-0.0048995236508847,-0.0001655150777212,-0.0050572877315103,0.0003115887705675,4.2613758295070170,3.0000357064111465,-1.796208,0.809744,0.9864644003880,0.5455316825033,1,3.5e-10
1.0022991407399688,0.0,-0.0048994171089050,-0.0001662689690375,-0.0050572651691531,0.0003130037122018,4.2613658295070165,3.0000357077334203,-1.795692,0.798751,0.9969410206845,0.5656892932294,1,6.4e-13
1.0022991336167784,0.0,-0.0048993105711330,-0.0001670194539589,-0.0050572426091890,0.0003144122024249,4.2613558295070169,3.0000357090556631,-1.795172,0.787755,1.0074170372807,0.5858452067411,1,2.6e-13
1.0022991264945555,0.0,-0.0048992040383942,-0.0001677665726839,-0.0050572200516603,0.0003158143171451,4.2613458295070163,3.0000357103778637,-1.794647,0.776755,1.0178923955033,0.6059993206373,1,6.2e-12
1.0022991193733015,0.0,-0.0048990975106208,-0.0001685103704541,-0.0050571974965601,0.0003172101417784,4.2613358295070167,3.0000357117000234,-1.794118,0.765751,1.0283671008582,0.6261516452554,1,6.5e-13
1.0022991122529910,0.0,-0.0048989909887914,-0.0001692508846312,-0.0050571749439642,0.0003185997468890,4.2613258295070162,3.0000357130221302,-1.793585,0.754744,1.0388410957801,0.6463020739181,1,5.0e-10
1.0022991051337122,0.0,-0.0048988844694215,-0.0001699881810445,-0.0050571523935963,0.0003199832567493,4.2613158295070166,3.0000357143442264,-1.793048,0.743733,1.0493146009094,0.6664510174162,1,1.4e-10
1.0022990980153541,0.0,-0.0048987779568200,-0.0001707222729852,-0.0050571298458021,0.0003213606965031,4.2613058295070170,3.0000357156662600,-1.792506,0.732718,1.0597873264834,0.6865979333599,1,1.0e-10
1.0022990908979679,0.0,-0.0048986714493117,-0.0001714532126344,-0.0050571073004539,0.0003227321646553,4.2612958295070165,3.0000357169882514,-1.791959,0.721700,1.0702593860510,0.7067430342675,1,8.4e-11
1.0022990837815413,0.0,-0.0048985649470607,-0.0001721810390641,-0.0050570847575528,0.0003240977350333,4.2612858295070168,3.0000357183101976,-1.791408,0.710678,1.0807307694012,0.7268863009965,1,6.3e-13
1.0022990766659816,0.0,-0.0048984584514821,-0.0001729057820954,-0.0050570622171041,0.0003254574643656,4.2612758295070163,3.0000357196320842,-1.790853,0.699651,1.0912013514182,0.7470274946700,1,3.5e-10
1.0022990695516059,0.0,-0.0048983519566136,-0.0001736275201960,-0.0050570396789556,0.0003268114994017,4.2612658295070167,3.0000357209539787,-1.790292,0.688621,1.1016716613583,0.7671676251496,1,1.1e-10
1.0022990624380943,0.0,-0.0048982454687305,-0.0001743462487606,-0.0050570171432859,0.0003281598329436,4.2612558295070162,3.0000357222758094,-1.789727,0.677586,1.1121411251242,0.7873055948568,1,2.9e-11
1.0022990553255320,0.0,-0.0048981389864525,-0.0001750620142326,-0.0050569946100919,0.0003295025521953,4.2612458295070166,3.0000357235975921,-1.789157,0.666547,1.1226098912310,0.8074416901025,1,6.3e-11
1.0022990482139584,0.0,-0.0048980325084189,-0.0001757748616774,-0.0050569720792757,0.0003308397421746,4.2612358295070170,3.0000357249193415,-1.788583,0.655504,1.1330780677862,0.8275761154645,1,2.6e-11
1.0022990411033388,0.0,-0.0048979260359173,-0.0001764848179395,-0.0050569495509256,0.0003321714537293,4.2612258295070164,3.0000357262410429,-1.788003,0.644457,1.1435455342535,0.8477086402460,1,3.7e-11
1.0022990339937017,0.0,-0.0048978195677557,-0.0001771919256406,-0.0050569270249474,0.0003334977672322,4.2612158295070168,3.0000357275627119,-1.787418,0.633406,1.1540124017236,0.8678394767221,1,2.3e-10
1.0022990268850123,0.0,-0.0048977131051289,-0.0001778962110443,-0.0050569045014412,0.0003348187323150,4.2612058295070163,3.0000357288843329,-1.786828,0.622349,1.1644785785282,0.8879684517033,1,1.9e-10
1.0022990197772763,0.0,-0.0048976066482386,-0.0001785977061644,-0.0050568819804285,0.0003361344095020,4.2611958295070167,3.0000357302059033,-1.786233,0.611289,1.1749440379857,0.9080955131857,1,3.0e-13
1.0022990126705213,0.0,-0.0048975001956201,-0.0001792964531766,-0.0050568594617760,0.0003374448783644,4.2611858295070162,3.0000357315274404,-1.785633,0.600224,1.1854089010657,0.9282208905796,1,1.2e-12
1.0022990055647494,0.0,-0.0048973937456424,-0.0001799924949028,-0.0050568369453197,0.0003387502194315,4.2611758295070166,3.0000357328489655,-1.785027,0.589154,1.1958733422938,0.9483449197882,1,7.9e-11
1.0022989984599047,0.0,-0.0048972873052912,-0.0001806858169182,-0.0050568144317099,0.0003400504066168,4.2611658295070169,3.0000357341703943,-1.784416,0.578079,1.2063366564233,0.9684662466343,1,2.1e-10
1.0022989913560594,0.0,-0.0048971808672268,-0.0001813764982467,-0.0050567919203206,0.0003413455879274,4.2611558295070164,3.0000357354918132,-1.783799,0.567000,1.2167996023950,0.9885863302050,1,1.6e-10
1.0022989842531536,0.0,-0.0048970744351886,-0.0001820645447979,-0.0050567694114249,0.0003426357750905,4.2611458295070168,3.0000357368131789,-1.783177,0.555915,1.2272617997993,1.0087044394665,1,1.2e-12
1.0022989771512263,0.0,-0.0048969680073590,-0.0001827499978800,-0.0050567469048755,0.0003439210459732,4.2611358295070163,3.0000357381345122,-1.782549,0.544826,1.2377234095747,1.0288208809912,1,7.3e-12
1.0022989700503233,0.0,-0.0048968615837584,-0.0001834328860080,-0.0050567244007574,0.0003452014544782,4.2611258295070167,3.0000357394558148,-1.781916,0.533731,1.2481843910997,1.0489355728802,1,6.4e-10
1.0022989629502601,0.0,-0.0048967551669823,-0.0001841132225935,-0.0050567018990676,0.0003464770260415,4.2611158295070162,3.0000357407770530,-1.781276,0.522632,1.2586446370652,1.0690483244371,1,1.8e-11
1.0022989558512228,0.0,-0.0048966487547848,-0.0001847910486307,-0.0050566793998672,0.0003477478379088,4.2611058295070166,3.0000357420982553,-1.780631,0.511527,1.2691042193340,1.0891592581491,1,9.4e-13
1.0022989487531559,0.0,-0.0048965423468868,-0.0001854663939507,-0.0050566569030073,0.0003490139465245,4.2610958295070169,3.0000357434194247,-1.779980,0.500417,1.2795632141116,1.1092685247958,1,4.3e-11
1.0022989416560586,0.0,-0.0048964359443005,-0.0001861392790136,-0.0050566344085867,0.0003502753905018,4.2610858295070164,3.0000357447405488,-1.779322,0.489301,1.2900214950599,1.1293758791807,1,4.6e-10
1.0022989345599032,0.0,-0.0048963295467351,-0.0001868097326585,-0.0050566119166168,0.0003515322244307,4.2610758295070168,3.0000357460616311,-1.778659,0.478180,1.3004791825554,1.1494815620567,1,2.9e-11
1.0022989274647225,0.0,-0.0048962231540216,-0.0001874777815934,-0.0050565894270350,0.0003527844986300,4.2610658295070163,3.0000357473826740,-1.777989,0.467053,1.3109361970488,1.1695854101860,1,4.6e-11
1.0022989203705175,0.0,-0.0048961167660472,-0.0001881434522341,-0.0050565669398610,0.0003540322630493,4.2610558295070167,3.0000357487036791,-1.777313,0.455920,1.3213925770492,1.1896875003083,1,1.4e-10
1.0022989132772542,0.0,-0.0048960103839084,-0.0001888067630457,-0.0050565444551855,0.0003552755525359,4.2610458295070170,3.0000357500246326,-1.776630,0.444782,1.3318482339118,1.2097876645334,1,3.4e-11
1.0022989061849754,0.0,-0.0048959040060639,-0.0001894677481797,-0.0050565219728752,0.0003565144316534,4.2610358295070165,3.0000357513455529,-1.775940,0.433637,1.3423032922912,1.2298861386757,1,1.2e-10
1.0022988990936326,0.0,-0.0048957976339046,-0.0001901264236559,-0.0050564994930258,0.0003577489305838,4.2610258295070169,3.0000357526664234,-1.775244,0.422487,1.3527576563261,1.2499827432957,1,1.6e-10
1.0022988920032869,0.0,-0.0048956912657479,-0.0001907828231596,-0.0050564770155248,0.0003589791130535,4.2610158295070164,3.0000357539872655,-1.774542,0.411330,1.3632114213916,1.2700776534875,1,1.3e-10
1.0022988849138696,0.0,-0.0048955849036434,-0.0001914369581194,-0.0050564545405150,0.0003602050006498,4.2610058295070168,3.0000357553080534,-1.773832,0.400167,1.3736644590003,1.2901706307862,1,8.2e-13
1.0022988778254485,0.0,-0.0048954785455009,-0.0001920888640461,-0.0050564320678536,0.0003614266603546,4.2609958295070163,3.0000357566288121,-1.773115,0.388998,1.3841169230288,1.3102619643953,1,1.7e-10
1.0022988707379625,0.0,-0.0048953721932135,-0.0001927385523283,-0.0050564095976809,0.0003626441137866,4.2609858295070167,3.0000357579495187,-1.772391,0.377822,1.3945686719636,1.3303513878711,1,2.1e-11
1.0022988636514489,0.0,-0.0048952658452436,-0.0001933860544673,-0.0050563871298444,0.0003638574204021,4.2609758295070170,3.0000357592701925,-1.771660,0.366640,1.4050198194792,1.3504391146901,1,7.8e-11
1.0022988565659203,0.0,-0.0048951595021768,-0.0001940313887286,-0.0050563646644657,0.0003650666146683,4.2609658295070165,3.0000357605908259,-1.770921,0.355451,1.4154703139839,1.3705250467657,1,2.3e-10
1.0022988494813097,0.0,-0.0048950531651086,-0.0001946745704101,-0.0050563422015401,0.0003662717256556,4.2609558295070169,3.0000357619114064,-1.770175,0.344255,1.4259200806610,1.3906090439619,1,5.6e-11
1.0022988423976815,0.0,-0.0048949468323700,-0.0001953156304263,-0.0050563197409949,0.0003674728115981,4.2609458295070164,3.0000357632319532,-1.769421,0.333052,1.4363692413922,1.4106913352153,1,1.2e-10
1.0022988353150195,0.0,-0.0048948405046712,-0.0001959545855933,-0.0050562972828742,0.0003686699043077,4.2609358295070168,3.0000357645524591,-1.768659,0.321842,1.4468177534130,1.4307718414275,1,5.9e-11
1.0022988282333021,0.0,-0.0048947341823813,-0.0001965914541850,-0.0050562748271919,0.0003698630383399,4.2609258295070163,3.0000357658729175,-1.767890,0.310624,1.4572655762196,1.4508504843504,1,7.2e-11
1.0022988211525914,0.0,-0.0048946278639595,-0.0001972262653307,-0.0050562523738597,0.0003710522687007,4.2609158295070166,3.0000357671933493,-1.767112,0.299399,1.4677128289201,1.4709274885526,1,1.7e-10
1.0022988140727771,0.0,-0.0048945215517018,-0.0001978590258044,-0.0050562299229870,0.0003722376082495,4.2609058295070170,3.0000357685137247,-1.766327,0.288167,1.4781593629626,1.4910025777275,1,2.6e-10
1.0022988069939731,0.0,-0.0048944152439049,-0.0001984897644637,-0.0050562074745425,0.0003734191114163,4.2608958295070165,3.0000357698340658,-1.765533,0.276927,1.4886052394630,1.5110758572663,1,5.4e-11
1.0022987999161519,0.0,-0.0048943089400822,-0.0001991185038731,-0.0050561850284307,0.0003745968207469,4.2608858295070169,3.0000357711543781,-1.764730,0.265679,1.4990505631188,1.5311475337415,1,3.8e-10
1.0022987928392182,0.0,-0.0048942026433663,-0.0001997452448214,-0.0050561625848586,0.0003757707381226,4.2608758295070164,3.0000357724746229,-1.763919,0.254424,1.5094950759800,1.5512171184347,1,2.2e-11
1.0022987857632788,0.0,-0.0048940963507781,-0.0002003700229800,-0.0050561401436554,0.0003769409305777,4.2608658295070168,3.0000357737948371,-1.763099,0.243160,1.5199389954889,1.5712850194956,1,5.3e-13
1.0022987786883033,0.0,-0.0048939900629723,-0.0002009928530163,-0.0050561177048449,0.0003781074259152,4.2608558295070162,3.0000357751150126,-1.762270,0.231888,1.5303822812495,1.5913511619841,1,9.7e-13
1.0022987716142921,0.0,-0.0048938837799920,-0.0002016137527208,-0.0050560952684265,0.0003792702577704,4.2608458295070166,3.0000357764351486,-1.761432,0.220607,1.5408249258689,1.6114155312686,1,6.5e-11
1.0022987645412378,0.0,-0.0048937775021010,-0.0002022327383659,-0.0050560728344408,0.0003804294568617,4.2608358295070170,3.0000357777552424,-1.760585,0.209318,1.5512669142315,1.6314780995594,1,4.0e-11
1.0022987574691442,0.0,-0.0048936712292340,-0.0002028498278302,-0.0050560504028661,0.0003815850570162,4.2608258295070165,3.0000357790752950,-1.759728,0.198020,1.5617082435168,1.6515388602395,1,5.3e-11
1.0022987503980072,0.0,-0.0048935649614451,-0.0002034650380883,-0.0050560279737080,0.0003827370902960,4.2608158295070169,3.0000357803953053,-1.758862,0.186713,1.5721489146283,1.6715978156147,1,2.2e-11
1.0022987433278348,0.0,-0.0048934586983265,-0.0002040783884371,-0.0050560055469268,0.0003838855931397,4.2608058295070164,3.0000357817152774,-1.757986,0.175397,1.5825889585986,1.6916550239409,1,7.5e-11
1.0022987362585900,0.0,-0.0048933524417905,-0.0002046898848875,-0.0050559831225747,0.0003850305771624,4.2607958295070167,3.0000357830351900,-1.757100,0.164071,1.5930281829022,1.7117101153823,1,2.8e-10
1.0022987291903616,0.0,-0.0048932461878804,-0.0002052995658920,-0.0050559607006937,0.0003861721144053,4.2607858295070162,3.0000357843550884,-1.756203,0.152736,1.6034670143878,1.7317639133004,1,6.3e-11
1.0022987221230675,0.0,-0.0048931399397679,-0.0002059074303028,-0.0050559382811525,0.0003873102031698,4.2607758295070166,3.0000357856749367,-1.755297,0.141392,1.6139051017395,1.7518157384299,1,5.2e-11
1.0022987150567306,0.0,-0.0048930336968263,-0.0002065134973761,-0.0050559158640422,0.0003884448798308,4.2607658295070170,3.0000357869947414,-1.754380,0.130037,1.6243425179289,1.7718657323761,1,3.9e-11
1.0022987079913659,0.0,-0.0048929274583978,-0.0002071177865750,-0.0050558934493138,0.0003895761810155,4.2607558295070165,3.0000357883145106,-1.753452,0.118672,1.6347793169807,1.7919139972539,1,1.8e-10
1.0022987009269315,0.0,-0.0048928212259085,-0.0002077203056397,-0.0050558710370415,0.0003907041215675,4.2607458295070169,3.0000357896342273,-1.752513,0.107297,1.6452153938438,1.8119603356685,1,6.2e-12
1.0022986938634115,0.0,-0.0048927150008992,-0.0002083210613033,-0.0050558486273630,0.0003918287142979,4.2607358295070163,3.0000357909538726,-1.751562,0.095912,1.6556506027339,1.8320044690853,1,6.0e-10
1.0022986868009807,0.0,-0.0048926087746942,-0.0002089201165054,-0.0050558262196682,0.0003929500773266,4.2607258295070167,3.0000357922735508,-1.750601,0.084515,1.6660856765542,1.8520477871984,1,7.8e-11
1.0022986797394720,0.0,-0.0048925025557708,-0.0002095174392100,-0.0050558038145593,0.0003940681509604,4.2607158295070162,3.0000357935931610,-1.749628,0.073108,1.6765198854085,1.8720889039114,1,5.4e-10
1.0022986726788601,0.0,-0.0048923963433372,-0.0002101130491018,-0.0050557814119060,0.0003951829722373,4.2607058295070166,3.0000357949127108,-1.748642,0.061689,1.6869533627538,1.8921280809123,1,1.1e-10
1.0022986656192099,0.0,-0.0048922901357554,-0.0002107069690666,-0.0050557590116724,0.0003962945842915,4.2606958295070170,3.0000357962322215,-1.747645,0.050259,1.6973861861227,1.9121654572290,1,1.2e-10
1.0022986585605556,0.0,-0.0048921839322928,-0.0002112992173906,-0.0050557366137945,0.0003974030217006,4.2606858295070165,3.0000357975517016,-1.746635,0.038817,1.7078184113676,1.9322011376841,1,5.3e-11
1.0022986515028627,0.0,-0.0048920777339307,-0.0002118898028350,-0.0050557142183466,0.0003985083009745,4.2606758295070168,3.0000357988711395,-1.745613,0.027363,1.7182499696339,1.9522349935478,1,2.8e-10
1.0022986444460891,0.0,-0.0048919715411155,-0.0002124787370810,-0.0050556918253083,0.0003996104443855,4.2606658295070163,3.0000358001905281,-1.744578,0.015897,1.7286808589379,1.9722670256798,1,1.0e-12
1.0022986373903042,0.0,-0.0048918653525665,-0.0002130660404506,-0.0050556694346390,0.0004007094901020,4.2606558295070167,3.0000358015098851,-1.743529,0.004418,1.7391111387151,1.9922973400718,1,1.0e-10
1.0022986303354404,0.0,-0.0048917591699034,-0.0002136517178550,-0.0050556470464131,0.0004018054476838,4.2606458295070162,3.0000358028291898,-1.742467,-0.007074,1.7495407063540,2.0123257467153,1,1.7e-10
1.0022986232816034,0.0,-0.0048916529905168,-0.0002142357964234,-0.0050556246605234,0.0004028983678715,4.2606358295070166,3.0000358041484745,-1.741391,-0.018579,1.7599697419642,2.0323525815033,1,2.0e-10
1.0022986162286684,0.0,-0.0048915468177266,-0.0002148182715680,-0.0050556022771319,0.0004039882426347,4.2606258295070170,3.0000358054676974,-1.740301,-0.030097,1.7703980024599,2.0523773886036,1,9.4e-11
1.0022986091766926,0.0,-0.0048914406494939,-0.0002153991672221,-0.0050555798960970,0.0004050751168789,4.2606158295070164,3.0000358067868849,-1.739197,-0.041629,1.7808256504850,2.0724004747751,1,3.4e-11
1.0022986021256743,0.0,-0.0048913344865036,-0.0002159784924804,-0.0050555575174952,0.0004061590078361,4.2606058295070168,3.0000358081060279,-1.738078,-0.053175,1.7912526326197,2.0924217393334,1,1.8e-10
1.0022985950756538,0.0,-0.0048912283273686,-0.0002165562670690,-0.0050555351412318,0.0004072399527434,4.2605958295070163,3.0000358094251434,-1.736944,-0.064735,1.8016790291090,2.1124413291628,1,2.1e-10
1.0022985880265360,0.0,-0.0048911221744201,-0.0002171324914164,-0.0050555127674241,0.0004083179525427,4.2605858295070167,3.0000358107442033,-1.735794,-0.076310,1.8121047030006,2.1324589927758,1,2.2e-11
1.0022985809784108,0.0,-0.0048910160257167,-0.0002177071877634,-0.0050554903959949,0.0004093930491905,4.2605758295070162,3.0000358120632304,-1.734629,-0.087901,1.8225297735364,2.1524749499752,1,6.3e-11
1.0022985739312189,0.0,-0.0048909098823494,-0.0002182803626323,-0.0050554680269648,0.0004104652549731,4.2605658295070166,3.0000358133822127,-1.733448,-0.099506,1.8329541673679,2.1724890640884,1,3.4e-11
1.0022985668849931,0.0,-0.0048908037438417,-0.0002188520303615,-0.0050554456603420,0.0004115345970804,4.2605558295070169,3.0000358147011550,-1.732250,-0.111128,1.8433779187256,2.1925013991536,1,4.2e-11
1.0022985598397212,0.0,-0.0048906976103094,-0.0002194222021931,-0.0050554232961167,0.0004126010967065,4.2605458295070164,3.0000358160200560,-1.731035,-0.122766,1.8538010224053,2.2125119457750,1,1.6e-11
1.0022985527954120,0.0,-0.0048905914815609,-0.0002199908907181,-0.0050554009342791,0.0004136647776700,4.2605358295070168,3.0000358173389188,-1.729803,-0.134420,1.8642234890915,2.2325207233099,1,6.0e-11
1.0022985457520519,0.0,-0.0048904853580252,-0.0002205581051800,-0.0050553785748602,0.0004147256574595,4.2605258295070163,3.0000358186577372,-1.728553,-0.146092,1.8746452856478,2.2525276693061,1,5.3e-11
1.0022985387096444,0.0,-0.0048903792393787,-0.0002211238586449,-0.0050553562178346,0.0004157837608337,4.2605158295070167,3.0000358199765151,-1.727285,-0.157781,1.8850664501316,2.2725328572611,1,9.0e-11
1.0022985316681665,0.0,-0.0048902731263070,-0.0002216881587665,-0.0050553338632267,0.0004168391021257,4.2605058295070162,3.0000358212952452,-1.725999,-0.169488,1.8954869137491,2.2925361550957,1,3.3e-10
1.0022985246277065,0.0,-0.0048901670169616,-0.0002222510259815,-0.0050553115109665,0.0004178917199123,4.2604958295070166,3.0000358226139494,-1.724693,-0.181214,1.9059068048587,2.3125378020655,1,1.5e-11
1.0022985175881731,0.0,-0.0048900609127495,-0.0002228124641606,-0.0050552891610736,0.0004189416217221,4.2604858295070169,3.0000358239326101,-1.723368,-0.192958,1.9163260510174,2.3325376671498,1,9.9e-11
1.0022985105495921,0.0,-0.0048899548142035,-0.0002233724810993,-0.0050552668136747,0.0004199888222075,4.2604758295070164,3.0000358252512216,-1.722023,-0.204722,1.9267445847035,2.3525356195368,1,8.0e-11
1.0022985035119603,0.0,-0.0048898487205138,-0.0002239310917967,-0.0050552444686446,0.0004210333497129,4.2604658295070168,3.0000358265697931,-1.720657,-0.216506,1.9371624841434,2.3725318083495,1,1.5e-11
1.0022984964752859,0.0,-0.0048897426317317,-0.0002244883064024,-0.0050552221260072,0.0004220752234376,4.2604558295070163,3.0000358278883246,-1.719270,-0.228310,1.9475797362201,2.3925262074652,1,4.4e-13
1.0022984894395655,0.0,-0.0048896365478709,-0.0002250441352725,-0.0050551997857550,0.0004231144629405,4.2604458295070167,3.0000358292068161,-1.717861,-0.240135,1.9579963451369,2.4125188254308,1,3.5e-11
1.0022984824048091,0.0,-0.0048895304686435,-0.0002255985900392,-0.0050551774478817,0.0004241510902059,4.2604358295070170,3.0000358305252695,-1.716430,-0.251982,1.9684123285625,2.4325096947164,1,4.8e-11
1.0022984753710007,0.0,-0.0048894243946396,-0.0002261516778657,-0.0050551551124202,0.0004251851188134,4.2604258295070165,3.0000358318436793,-1.714976,-0.263851,1.9788276428735,2.4524987334416,1,5.8e-11
1.0022984683381426,0.0,-0.0048893183256058,-0.0002267034100460,-0.0050551327793495,0.0004262165700922,4.2604158295070169,3.0000358331620487,-1.713499,-0.275743,1.9892423105366,2.4724859841753,1,3.1e-11
1.0022984613062520,0.0,-0.0048892122612769,-0.0002272537977390,-0.0050551104486615,0.0004272454651186,4.2604058295070164,3.0000358344803790,-1.711997,-0.287659,1.9996563427144,2.4924714663313,1,1.6e-10
1.0022984542752331,0.0,-0.0048891062037391,-0.0002278028403968,-0.0050550881204529,0.0004282718030289,4.2603958295070168,3.0000358357986467,-1.710471,-0.299599,2.0100696095512,2.5124549405484,1,5.4e-10
1.0022984472453147,0.0,-0.0048890001476190,-0.0002283505742984,-0.0050550657944584,0.0004292956519562,4.2603858295070163,3.0000358371169171,-1.708919,-0.311564,2.0204824682289,2.5324370691283,1,1.9e-10
1.0022984402162578,0.0,-0.0048888940989639,-0.0002288969788556,-0.0050550434710023,0.0004303169735595,4.2603758295070167,3.0000358384351151,-1.707340,-0.323554,2.0308944989095,2.5524170701883,1,1.6e-11
1.0022984331881717,0.0,-0.0048887880547182,-0.0002294420787764,-0.0050550211499020,0.0004313358141944,4.2603658295070170,3.0000358397532794,-1.705735,-0.335571,2.0413059235267,2.5723953584803,1,9.1e-12
1.0022984261610373,0.0,-0.0048886820153409,-0.0002299858810382,-0.0050549988311788,0.0004323521871459,4.2603558295070165,3.0000358410714036,-1.704101,-0.347615,2.0517167064620,2.5923718669226,1,3.4e-11
1.0022984191348545,0.0,-0.0048885759811513,-0.0002305283932166,-0.0050549765148764,0.0004333661067319,4.2603458295070169,3.0000358423894853,-1.702439,-0.359688,2.0621268229423,2.6123465488885,1,3.8e-12
1.0022984121096297,0.0,-0.0048884699516134,-0.0002310696271038,-0.0050549542009337,0.0004343775952269,4.2603358295070164,3.0000358437075278,-1.700747,-0.371789,2.0725363170503,2.6323194874252,1,2.3e-11
1.0022984050853578,0.0,-0.0048883639271516,-0.0002316095895573,-0.0050549318893900,0.0004353866656245,4.2603258295070168,3.0000358450255287,-1.699024,-0.383921,2.0829451552269,2.6522906192538,1,6.7e-12
1.0022983980620335,0.0,-0.0048882579075983,-0.0002321482901819,-0.0050549095802370,0.0004363933360955,4.2603158295070163,3.0000358463434895,-1.697270,-0.396083,2.0933533448845,2.6722599573788,1,4.1e-11
1.0022983910396592,0.0,-0.0048881518931868,-0.0002326857367174,-0.0050548872734796,0.0004373976212815,4.2603058295070166,3.0000358476614073,-1.695484,-0.408277,2.1037608758655,2.6922274837592,1,1.5e-11
1.0022983840182418,0.0,-0.0048880458836262,-0.0002332219391640,-0.0050548649691183,0.0004383995400327,4.2602958295070170,3.0000358489792851,-1.693663,-0.420505,2.1141677641077,2.7121932272506,1,3.4e-12
1.0022983769977778,0.0,-0.0048879398788317,-0.0002337569066002,-0.0050548426671172,0.0004393991095574,4.2602858295070165,3.0000358502971247,-1.691808,-0.432766,2.1245740238419,2.7321572155822,1,8.7e-12
1.0022983699782588,0.0,-0.0048878338793906,-0.0002342906445181,-0.0050548203675442,0.0004403963402673,4.2602758295070169,3.0000358516149181,-1.689917,-0.445063,2.1349796016952,2.7521193472190,1,5.7e-11
1.0022983629597082,0.0,-0.0048877278842830,-0.0002348231663313,-0.0050547980703121,0.0004413912574293,4.2602658295070164,3.0000358529326787,-1.687988,-0.457396,2.1453845790010,2.7720797751233,1,7.2e-11
1.0022982928264064,0.0,-0.0048866682091396,-0.0002400830899806,-0.0050545752294936,0.0004512161973659,4.2601658295070166,3.0000358661079902,-1.666330,-0.583069,2.2493985032383,2.9715850437909,1,1.7e-12
1.0022982227881370,0.0,-0.0048856090280792,-0.0002452296525670,-0.0050543526269830,0.0004608253902208,4.2600658295070160,3.0000358792792277,-1.638897,-0.714451,2.3533478313064,3.1709113041909,1,1.3e-13
1.0022981528447474,0.0,-0.0048845503407369,-0.0002502698498748,-0.0050541302623817,0.0004702320678492,4.2599658295070162,3.0000358924463946,-1.602032,-0.855200,2.4572326366019,3.3700585813123,1,2.5e-11
1.0022980829960899,0.0,-0.0048834921465586,-0.0002552099868462,-0.0050539081352769,0.0004794481570363,4.2598658295070164,3.0000359056094958,-1.546461,-1.014592,2.5610530010083,3.5690269155159,1,3.2e-11
1.0022980132420198,0.0,-0.0048824344448984,-0.0002600557692721,-0.0050536862452486,0.0004884844526314,4.2597658295070167,3.0000359187685390,-1.418923,-1.245886,2.6648090180632,3.7678163701670,1,1.2e-11
1.0022979435823902,0.0,-0.0048813772352210,-0.0002648123797962,-0.0050534645918878,0.0004973507610735,4.2596658295070160,3.0000359319235277,-1.594550,-1.173951,2.7685007770424,3.9664270018625,1,4.4e-11
1.0022978740170556,0.0,-0.0048803205169360,-0.0002694845432674,-0.0050532431747809,0.0005060560237811,4.2595658295070162,3.0000359450744698,-1.750533,-1.121595,2.8721283588664,4.1648588498204,1,3.1e-11
1.0022978045458708,0.0,-0.0048792642894443,-0.0002740765813978,-0.0050530219935149,0.0005146084203749,4.2594658295070165,3.0000359582213703,-1.885323,-1.090369,2.9756918551898,4.3631119755271,1,4.0e-12
1.0022977351686921,0.0,-0.0048782085521473,-0.0002785924592819,-0.0050528010476783,0.0005230154565189,4.2593658295070167,3.0000359713642353,-2.010253,-1.068939,3.0791913595705,4.5611864448028,1,1.8e-11
1.0022976658853742,0.0,-0.0048771533044724,-0.0002830358251377,-0.0050525803368608,0.0005312840389923,4.2592658295070160,3.0000359845030706,-2.129347,-1.053280,3.1826269546919,4.7590823020264,1,2.4e-11
1.0022975966957723,0.0,-0.0048760985458576,-0.0002874100447838,-0.0050523598606547,0.0005394205407984,4.2591658295070163,3.0000359976378825,-2.244556,-1.041443,3.2859987267119,4.9567995992345,1,3.3e-11
1.0022975275997439,0.0,-0.0048750442756868,-0.0002917182315577,-0.0050521396186503,0.0005474308576688,4.2590658295070165,3.0000360107686768,-2.356984,-1.032322,3.3893067630883,5.1543383907954,1,3.2e-12
1.0022974585971443,0.0,-0.0048739904934106,-0.0002959632716713,-0.0050519196104413,0.0005553204559754,4.2589658295070167,3.0000360238954582,-2.467322,-1.025229,3.4925511527815,5.3516987355953,1,1.3e-12
1.0022973896878287,0.0,-0.0048729371984711,-0.0003001478469912,-0.0050516998356207,0.0005630944157507,4.2588658295070161,3.0000360370182331,-2.576028,-1.019704,3.5957319851049,5.5488806935619,1,7.9e-11
1.0022973208716601,0.0,-0.0048718843901627,-0.0003042744551793,-0.0050514802937787,0.0005707574687220,4.2587658295070163,3.0000360501370089,-2.683425,-1.015425,3.6988493412476,5.7458843060364,1,1.1e-11
1.0022972521484896,0.0,-0.0048708320680549,-0.0003083454256451,-0.0050512609845168,0.0005783140284993,4.2586658295070166,3.0000360632517893,-2.789744,-1.012160,3.8019033091096,5.9427096328619,1,1.3e-13
1.0022971835181773,0.0,-0.0048697802315052,-0.0003123629364996,-0.0050510419074271,0.0005857682225528,4.2585658295070168,3.0000360763625817,-2.895159,-1.009735,3.9048939781707,6.1393567342815,1,1.8e-12
1.0022971149805810,0.0,-0.0048687288799665,-0.0003163290269935,-0.0050508230621098,0.0005931239157469,4.2584658295070161,3.0000360894693907,-2.999803,-1.008018,4.0078214303333,6.3358256568333,1,1.2e-12
1.0022970465355592,0.0,-0.0048676780128292,-0.0003202456101700,-0.0050506044481587,0.0006003847342325,4.2583658295070164,3.0000361025722224,-3.103778,-1.006908,4.1106857567455,6.5321164655599,1,1.1e-11
1.0022969781829700,0.0,-0.0048666276295584,-0.0003241144830222,-0.0050503860651760,0.0006075540846589,4.2582658295070166,3.0000361156710822,-3.207164,-1.006323,4.2134870362027,6.7282292015900,1,8.5e-13
1.0022969099226726,0.0,-0.0048655777295587,-0.0003279373366343,-0.0050501679127597,0.0006146351733199,4.2581658295070159,3.0000361287659771,-3.310026,-1.006199,4.3162253600872,6.9241639315637,1,7.2e-12
1.0022968417545266,0.0,-0.0048645283122533,-0.0003317157644114,-0.0050499499905090,0.0006216310217203,4.2580658295070162,3.0000361418569113,-3.412415,-1.006486,4.4189008116377,7.1199207059160,1,7.7e-13
1.0022967736783912,0.0,-0.0048634793770818,-0.0003354512698485,-0.0050497322980268,0.0006285444812570,4.2579658295070164,3.0000361549438925,-3.514372,-1.007142,4.5215134774800,7.3154995828831,1,6.3e-12
1.0022967056941261,0.0,-0.0048624309234802,-0.0003391452735094,-0.0050495148349153,0.0006353782464086,4.2578658295070166,3.0000361680269241,-3.615930,-1.008133,4.6240634399846,7.5109006121338,1,7.1e-13
1.0022966378015916,0.0,-0.0048613829508773,-0.0003427991193413,-0.0050492976007771,0.0006421348666719,4.2577658295070160,3.0000361811060126,-3.717116,-1.009435,4.7265507858338,7.7061238526753,1,2.1e-13
1.0022965700006490,0.0,-0.0048603354586871,-0.0003464140803493,-0.0050490805952156,0.0006488167572855,4.2576658295070162,3.0000361941811655,-3.817951,-1.011024,4.8289756007065,7.9011693614988,1,6.9e-12
1.0022965022911567,0.0,-0.0048592884463819,-0.0003499913635029,-0.0050488638178364,0.0006554262085200,4.2575658295070165,3.0000362072523861,-3.918452,-1.012886,4.9313379668340,8.0960371899438,1,7.7e-13
1.0022964346729781,0.0,-0.0048582419133607,-0.0003535321148594,-0.0050486472682445,0.0006619653953400,4.2574658295070167,3.0000362203196809,-2.725746,-2.307892,5.0336379728665,8.2907274017381,1,2.8e-11
1.0022963671459737,0.0,-0.0048571958590766,-0.0003570374233524,-0.0050484309460468,0.0006684363845887,4.2573658295070160,3.0000362333830557,-2.898187,-2.237688,5.1358756954918,8.4852400371645,1,4.5e-12
1.0022962997100051,0.0,-0.0048561502829643,-0.0003605083249980,-0.0050482148508506,0.0006748411429317,4.2572658295070163,3.0000362464425159,-3.042960,-2.195092,5.2380512244807,8.6795751637584,1,4.3e-13
1.0022962323649347,0.0,-0.0048551051844514,-0.0003639458063307,-0.0050479989822632,0.0006811815433518,4.2571658295070165,3.0000362594980681,-3.175658,-2.164507,5.3401646434735,8.8737328365792,1,4.0e-13
1.0022961651106239,0.0,-0.0048540605629903,-0.0003673508075777,-0.0050477833398936,0.0006874593711599,4.2570658295070167,3.0000362725497163,-3.301380,-2.140836,5.4422160346306,9.0677131085416,1,8.9e-13
1.0022960979469362,0.0,-0.0048530164180127,-0.0003707242257840,-0.0050475679233537,0.0006936763298977,4.2569658295070161,3.0000362855974676,-3.422516,-2.121689,5.5442054823840,9.2615160371607,1,1.9e-12
1.0022960308737339,0.0,-0.0048519727489648,-0.0003740669174374,-0.0050473527322520,0.0006998340463037,4.2568658295070163,3.0000362986413265,-3.540397,-2.105736,5.6461330689853,9.4551416762275,1,6.6e-13
1.0022959638908799,0.0,-0.0048509295552760,-0.0003773797010877,-0.0050471377661997,0.0007059340752683,4.2567658295070165,3.0000363116813000,-3.655845,-2.092154,5.7479988797981,9.6485900860257,1,4.5e-12
1.0022958969982387,0.0,-0.0048498868364065,-0.0003806633595055,-0.0050469230248115,0.0007119779039211,4.2566658295070168,3.0000363247173918,-3.769406,-2.080397,5.8498029946283,9.8418613162517,1,5.9e-13
1.0022958301956730,0.0,-0.0048488445917886,-0.0003839186420281,-0.0050467085076987,0.0007179669560582,4.2565658295070161,3.0000363377496093,-3.881459,-2.070086,5.9515454986795,10.0349554277410,1,7.4e-13
1.0022957634830476,0.0,-0.0048478028208547,-0.0003871462664326,-0.0050464942144747,0.0007239025956926,4.2564658295070164,3.0000363507779571,-3.992282,-2.060945,6.0532264753021,10.2278724778341,1,2.3e-12
1.0022956968602261,0.0,-0.0048467615230756,-0.0003903469206583,-0.0050462801447557,0.0007297861303166,4.2563658295070166,3.0000363638024403,-4.102079,-2.052767,6.1548460051268,10.4206125193804,1,2.2e-12
1.0022956303270729,0.0,-0.0048457206978994,-0.0003935212646854,-0.0050460662981587,0.0007356188144513,4.2562658295070168,3.0000363768230658,-4.211010,-2.045394,6.2564041696950,10.6131756070112,1,5.8e-12
1.0022955638834541,0.0,-0.0048446803447488,-0.0003966699321256,-0.0050458526742973,0.0007414018526431,4.2561658295070162,3.0000363898398383,-4.319198,-2.038703,6.3579010529776,10.8055618003801,1,1.2e-12
1.0022954975292342,0.0,-0.0048436404630814,-0.0003997935314980,-0.0050456392727898,0.0007471364019041,4.2560658295070164,3.0000364028527629,-4.426743,-2.032594,6.4593367377553,10.9977711577350,1,3.5e-12
1.0022954312642789,0.0,-0.0048426010523411,-0.0004028926477280,-0.0050454260932540,0.0007528235745287,4.2559658295070166,3.0000364158618464,-4.533723,-2.026988,6.5607113054039,11.1898037344621,1,7.2e-12
1.0022953650884532,0.0,-0.0048415621120029,-0.0004059678432873,-0.0050452131353102,0.0007584644402640,4.2558658295070160,3.0000364288670927,-4.640205,-2.021820,6.6620248347850,11.3816595817680,1,5.4e-12
1.0022952990016241,0.0,-0.0048405236414948,-0.0004090196596111,-0.0050450003985771,0.0007640600289744,4.2557658295070162,3.0000364418685086,-4.746242,-2.017036,6.7632774105832,11.5733387624106,1,8.9e-12
1.0022952330036576,0.0,-0.0048394856402698,-0.0004120486179718,-0.0050447878826751,0.0007696113323121,4.2556658295070164,3.0000364548660992,-4.851880,-2.012589,6.8644691128658,11.7648413304224,1,2.9e-12
1.0022951670944205,0.0,-0.0048384481077845,-0.0004150552205891,-0.0050445755872256,0.0007751193058105,4.2555658295070167,3.0000364678598697,-4.957157,-2.008443,6.9656000239508,11.9561673450107,1,5.8e-12
1.0022951012737795,0.0,-0.0048374110434972,-0.0004180399515775,-0.0050443635118512,0.0007805848706797,4.2554658295070160,3.0000364808498259,-5.062106,-2.004564,7.0666702229093,12.1473168589442,1,1.3e-12
1.0022950355416020,0.0,-0.0048363744468566,-0.0004210032779027,-0.0050441516561744,0.0007860089156142,4.2553658295070163,3.0000364938359727,-5.166754,-2.000925,7.1676797933483,12.3382899347737,1,8.3e-12
1.0022949698977555,0.0,-0.0048353383173242,-0.0004239456501308,-0.0050439400198196,0.0007913922982152,4.2552658295070165,3.0000365068183164,-5.271127,-1.997502,7.2686288125805,12.5290866224127,1,1.3e-12
1.0022949043421074,0.0,-0.0048343026543520,-0.0004268675033180,-0.0050437286024108,0.0007967358466697,4.2551658295070167,3.0000365197968621,-5.375244,-1.994274,7.3695173637578,12.7197069842679,1,1.6e-12
1.0022948388745259,0.0,-0.0048332674574038,-0.0004297692576663,-0.0050435174035735,0.0008020403609977,4.2550658295070161,3.0000365327716150,-5.479124,-1.991222,7.4703455265167,12.9101510759587,1,4.3e-12
1.0022947734948799,0.0,-0.0048322327259250,-0.0004326513193117,-0.0050433064229338,0.0008073066145375,4.2549658295070163,3.0000365457425806,-5.582782,-1.988331,7.5711133809561,13.1004189540476,1,1.1e-12
1.0022947082030376,0.0,-0.0048311984593880,-0.0004355140808633,-0.0050430956601188,0.0008125353549761,4.2548658295070165,3.0000365587097644,-5.686234,-1.985587,7.6718210071388,13.2905106760476,1,1.7e-12
1.0022946429988668,0.0,-0.0048301646572627,-0.0004383579220939,-0.0050428851147564,0.0008177273056503,4.2547658295070168,3.0000365716731712,-5.789492,-1.982976,7.7724684841070,13.4804262975758,1,3.6e-12
1.0022945778822394,0.0,-0.0048291313189688,-0.0004411832106497,-0.0050426747864743,0.0008228831668831,4.2546658295070161,3.0000365846328076,-5.892566,-1.980490,7.8730558945508,13.6701658812163,1,1.4e-13
1.0022945128530225,0.0,-0.0048280984440103,-0.0004439903022387,-0.0050424646749026,0.0008280036163625,4.2545658295070163,3.0000365975886787,-5.995467,-1.978116,7.9735833147860,13.8597294783637,1,1.2e-12
1.0022944479110865,0.0,-0.0048270660318349,-0.0004467795415252,-0.0050422547796712,0.0008330893108139,4.2544658295070166,3.0000366105407883,-6.098204,-1.975847,8.0740508256829,14.0491171491715,1,1.3e-12
1.0022943830563016,0.0,-0.0048260340819046,-0.0004495512624269,-0.0050420451004105,0.0008381408865716,4.2543658295070168,3.0000366234891436,-6.200784,-1.973674,8.1744585065579,14.2383289511553,1,2.4e-12
1.0022943182885378,0.0,-0.0048250025936960,-0.0004523057885745,-0.0050418356367535,0.0008431589604550,4.2542658295070162,3.0000366364337490,-6.303215,-1.971591,8.2748064354283,14.4273649398238,1,2.1e-12
1.0022942536076656,0.0,-0.0048239715666652,-0.0004550434338448,-0.0050416263883313,0.0008481441307628,4.2541658295070164,3.0000366493746102,-6.405503,-1.969592,8.3750946923139,14.6162251747865,1,9.1e-13
1.0022941890135564,0.0,-0.0048229410002789,-0.0004577645026841,-0.0050414173547777,0.0008530969779010,4.2540658295070166,3.0000366623117318,-6.507654,-1.967669,8.4753233558097,14.8049097132656,1,6.1e-13
1.0022941245060808,0.0,-0.0048219108940046,-0.0004604692905298,-0.0050412085357259,0.0008580180651740,4.2539658295070160,3.0000366752451204,-6.609674,-1.965818,8.5754925045008,14.9934186128375,1,2.4e-12
1.0022940600851102,0.0,-0.0048208812473148,-0.0004631580841652,-0.0050409999308118,0.0008629079394603,4.2538658295070162,3.0000366881747800,-6.711567,-1.964035,8.6756022167872,15.1817519312012,1,2.0e-12
1.0022939957505164,0.0,-0.0048198520596782,-0.0004658311620947,-0.0050407915396702,0.0008677671319201,4.2537658295070164,3.0000367011007176,-6.813339,-1.962314,8.7756525708946,15.3699097258947,1,1.4e-12
1.0022939315021715,0.0,-0.0048188233305616,-0.0004684887948710,-0.0050405833619374,0.0008725961586147,4.2536658295070167,3.0000367140229360,-6.914992,-1.960652,8.8756436452153,15.5578920552287,1,2.1e-12
1.0022938673399473,0.0,-0.0048177950594395,-0.0004711312453851,-0.0050403753972504,0.0008773955210617,4.2535658295070160,3.0000367269414432,-7.016531,-1.959045,8.9755755176429,15.7456989768540,1,2.4e-12
1.0022938032637163,0.0,-0.0048167672457841,-0.0004737587691901,-0.0050401676452476,0.0008821657068433,4.2534658295070162,3.0000367398562426,-7.117959,-1.957490,9.0754482659872,15.9333305487267,1,2.2e-12
1.0022937392733515,0.0,-0.0048157398890661,-0.0004763716147866,-0.0050399601055668,0.0008869071901476,4.2533658295070165,3.0000367527673402,-7.219279,-1.955983,9.1752619681484,16.1207868291497,1,1.4e-12
1.0022936753687259,0.0,-0.0048147129887614,-0.0004789700238743,-0.0050397527778473,0.0008916204322482,4.2532658295070167,3.0000367656747406,-7.320495,-1.954522,9.2750167014234,16.3080678757274,1,1.1e-12
1.0022936115497125,0.0,-0.0048136865443443,-0.0004815542316253,-0.0050395456617300,0.0008963058820202,4.2531658295070160,3.0000367785784494,-7.421608,-1.953104,9.3747125433585,16.4951737469165,1,1.3e-12
1.0022935478161850,0.0,-0.0048126605552894,-0.0004841244669276,-0.0050393387568547,0.0009009639764014,4.2530658295070163,3.0000367914784718,-7.522623,-1.951727,9.4743495711899,16.6821045008112,1,1.6e-12
1.0022934841680173,0.0,-0.0048116350210738,-0.0004866809526093,-0.0050391320628641,0.0009055951408187,4.2529658295070165,3.0000368043748140,-7.623540,-1.950388,9.5739278619024,16.8688601954207,1,3.1e-12
1.0022934206050831,0.0,-0.0048106099411785,-0.0004892239056604,-0.0050389255793992,0.0009101997896082,4.2528658295070167,3.0000368172674796,-7.724362,-1.949085,9.6734474924513,17.0554408891975,1,1.8e-12
1.0022933571272570,0.0,-0.0048095853150784,-0.0004917535374663,-0.0050387193061040,0.0009147783264566,4.2527658295070161,3.0000368301564739,-7.825091,-1.947817,9.7729085396714,17.2418466404180,1,5.9e-13
1.0022932937344136,0.0,-0.0048085611422517,-0.0004942700539881,-0.0050385132426221,0.0009193311447437,4.2526658295070163,3.0000368430418036,-7.925730,-1.946581,9.8723110801363,17.4280775073402,1,1.7e-12
1.0022932304264276,0.0,-0.0048075374221806,-0.0004967736559552,-0.0050383073885979,0.0009238586279092,4.2525658295070166,3.0000368559234722,-8.026279,-1.945376,9.9716551904744,17.6141335487299,1,1.2e-12
1.0022931672031741,0.0,-0.0048065141543473,-0.0004992645390563,-0.0050381017436765,0.0009283611498131,4.2524658295070168,3.0000368688014860,-8.126740,-1.944201,10.0709409467222,17.8000148224635,1,6.4e-13
1.0022931040645295,0.0,-0.0048054913382224,-0.0005017428941437,-0.0050378963075048,0.0009328390751187,4.2523658295070161,3.0000368816758507,-8.227115,-1.943053,10.1701684257417,17.9857213882369,1,6.4e-12
1.0022930410103672,0.0,-0.0048044689733107,-0.0005042089072959,-0.0050376910797284,0.0009372927594274,4.2522658295070164,3.0000368945465694,-8.327406,-1.941932,10.2693377025750,18.1712533030927,1,1.7e-12
1.0022929780405649,0.0,-0.0048034470590775,-0.0005066627601455,-0.0050374860599954,0.0009417225498767,4.2521658295070166,3.0000369074136484,-8.427613,-1.940835,10.3684488538076,18.3566106266445,1,1.7e-12
1.0022929151549984,0.0,-0.0048024255950138,-0.0005091046298856,-0.0050372812479541,0.0009461287851718,4.2520658295070159,3.0000369202770929,-8.527739,-1.939763,10.4675019548909,18.5417934171146,1,1.9e-12
1.0022928523535439,0.0,-0.0048014045806024,-0.0005115346894937,-0.0050370766432531,0.0009505117960008,4.2519658295070162,3.0000369331369083,-8.627783,-1.938714,10.5664970816030,18.7268017335985,1,2.2e-12
1.0022927896360780,0.0,-0.0048003840153318,-0.0005139531078397,-0.0050368722455423,0.0009548719052435,4.2518658295070164,3.0000369459930991,-8.727748,-1.937686,10.6654343092159,18.9116356345692,1,2.2e-12
1.0022927270024780,0.0,-0.0047993638986897,-0.0005163600498362,-0.0050366680544723,0.0009592094282546,4.2517658295070166,3.0000369588456701,-8.827635,-1.936679,10.7643137130859,19.0962951789670,1,1.5e-13
1.0022926644526211,0.0,-0.0047983442301533,-0.0005187556765902,-0.0050364640696936,0.0009635246731472,4.2516658295070160,3.0000369716946271,-8.927443,-1.935692,10.8631353686948,19.2807804260810,1,5.0e-12
1.0022926019863840,0.0,-0.0047973250092336,-0.0005211401454244,-0.0050362602908588,0.0009678179408508,4.2515658295070162,3.0000369845399759,-9.027176,-1.934724,10.9618993500033,19.4650914332585,1,1.7e-12
1.0022925396036448,0.0,-0.0047963062354020,-0.0005235136101651,-0.0050360567176200,0.0009720895256290,4.2514658295070165,3.0000369973817205,-9.126832,-1.933774,11.0606057327985,19.6492282609242,1,1.8e-12
1.0022924773042818,0.0,-0.0047952879081529,-0.0005258762211114,-0.0050358533496305,0.0009763397150452,4.2513658295070167,3.0000370102198644,-9.226414,-1.932841,11.1592545915677,19.8331909677055,1,2.1e-12
1.0022924150881731,0.0,-0.0047942700269788,-0.0005282281252023,-0.0050356501865445,0.0009805687902694,4.2512658295070160,3.0000370230544164,-9.325921,-1.931925,11.2578460008388,20.0169796126471,1,2.3e-12
1.0022923529551968,0.0,-0.0047932525913719,-0.0005305694661177,-0.0050354472280165,0.0009847770262721,4.2511658295070163,3.0000370358853790,-9.425355,-1.931025,11.3563800350434,20.2005942548948,1,1.5e-12
1.0022922909052316,0.0,-0.0047922356008249,-0.0005329003843771,-0.0050352444737018,0.0009889646920101,4.2510658295070165,3.0000370487127563,-9.524717,-1.930140,11.4548567684259,20.3840349534414,1,5.7e-13
1.0022922289381571,0.0,-0.0047912190548306,-0.0005352210174362,-0.0050350419232571,0.0009931320506104,4.2509658295070167,3.0000370615365561,-9.624007,-1.929269,11.5532762749961,20.5673017672809,1,2.2e-12
1.0022921670538516,0.0,-0.0047902029528848,-0.0005375314997758,-0.0050348395763386,0.0009972793595411,4.2508658295070161,3.0000370743567824,-9.723226,-1.928413,11.6516386289807,20.7503947561542,1,1.7e-12
1.0022921052521954,0.0,-0.0047891872944826,-0.0005398319629973,-0.0050346374326043,0.0010014068707889,4.2507658295070163,3.0000370871734399,-9.822374,-1.927570,11.7499439039390,20.9333139787230,1,2.5e-12
1.0022920435330676,0.0,-0.0047881720791220,-0.0005421225359011,-0.0050344354917120,0.0010055148310113,4.2506658295070165,3.0000370999865322,-9.921452,-1.926740,11.8481921736209,21.1160594945033,1,2.2e-12
1.0022919818963483,0.0,-0.0047871573062970,-0.0005444033445843,-0.0050342337533210,0.0010096034817187,4.2505658295070168,3.0000371127960674,-10.020461,-1.925923,11.9463835117892,21.2986313631773,1,2.1e-12
1.0022919203419178,0.0,-0.0047861429755075,-0.0005466745124997,-0.0050340322170907,0.0010136730593902,4.2504658295070161,3.0000371256020477,-10.119401,-1.925117,12.0445179916427,21.4810296437802,1,2.6e-12
1.0022918588696563,0.0,-0.0047851290862509,-0.0005489361605489,-0.0050338308826814,0.0010177237956469,4.2503658295070164,3.0000371384044797,-10.218273,-1.924323,12.1425956867502,21.6632543963414,1,1.0e-12
1.0022917974794452,0.0,-0.0047841156380296,-0.0005511884071402,-0.0050336297497550,0.0010217559173646,4.2502658295070166,3.0000371512033679,-10.317077,-1.923540,12.2406166695569,21.8453056789984,1,2.0e-12
1.0022917361711645,0.0,-0.0047831026303406,-0.0005534313682847,-0.0050334288179717,0.0010257696468532,4.2501658295070159,3.0000371639987167,-10.415814,-1.922767,12.3385810137803,22.0271835527131,1,2.1e-12
1.0022916749446962,0.0,-0.0047820900626873,-0.0005556651576340,-0.0050332280869950,0.0010297652019325,4.2500658295070162,3.0000371767905309,-10.514484,-1.922005,12.4364887918346,22.2088880762314,1,2.6e-12
1.0022913700353919,0.0,-0.0047770338075409,-0.0005667003495271,-0.0050322274324352,0.0010494776882574,4.2495658295070164,3.0000372406967686,-11.006847,-1.918334,12.9251817329052,23.1148125359370,1,7.2e-12
1.0022910671537100,0.0,-0.0047719884789868,-0.0005775220560871,-0.0050312317477980,0.0010687661289138,4.2490658295070158,3.0000373045153919,-11.497601,-1.914870,13.4124713591048,24.0164121864149,1,3.9e-11
1.0022907662850578,0.0,-0.0047669540154635,-0.0005881422032436,-0.0050302409916347,0.0010876534072937,4.2485658295070161,3.0000373682470114,-11.986787,-1.911579,13.8983666414337,24.9136945634409,1,5.3e-13
1.0022904674150139,0.0,-0.0047619303561585,-0.0005985716570538,-0.0050292551229397,0.0011061603866040,4.2480658295070164,3.0000374318922267,-12.474441,-1.908436,14.3828764236049,25.8066671426786,1,1.8e-12
1.0022901705292886,0.0,-0.0047569174405949,-0.0006088203519781,-0.0050282741011080,0.0011243061539952,4.2475658295070158,3.0000374954516378,-12.960592,-1.905417,14.8660094915672,26.6953374759943,1,2.4e-13
1.0022898756137317,0.0,-0.0047519152089939,-0.0006188973986141,-0.0050272978859355,0.0011421082252272,4.2470658295070161,3.0000375589258335,-13.445268,-1.902507,15.3477745249917,27.5797130941164,1,9.7e-12
1.0022895826543712,0.0,-0.0047469236012681,-0.0006288111783535,-0.0050263264376368,0.0011595827243306,4.2465658295070163,3.0000376223154075,-13.928491,-1.899689,15.8281801941187,28.4598016785536,1,3.6e-11
1.0022892916373078,0.0,-0.0047419425593609,-0.0006385694184877,-0.0050253597168242,0.0011767445272513,4.2460658295070166,3.0000376856209314,-14.410283,-1.896952,16.3072349508494,29.3356106893228,1,4.3e-13
1.0022890025488440,0.0,-0.0047369720241372,-0.0006481792671679,-0.0050243976844585,0.0011936074034687,4.2455658295070160,3.0000377488429892,-14.890663,-1.894284,16.7849473001917,30.2071478378468,1,6.3e-14
1.0022887153753886,0.0,-0.0047320119377059,-0.0006576473485540,-0.0050234403019250,0.0012101841216374,4.2450658295070163,3.0000378119821494,-15.369648,-1.891678,17.2613256032596,31.0744207421788,1,4.5e-13
1.0022884301034978,0.0,-0.0047270622421020,-0.0006669798175050,-0.0050224875309494,0.0012264865532700,4.2445658295070166,3.0000378750389847,-15.847254,-1.889125,17.7363782028610,31.9374371479104,1,1.2e-10
1.0022881467198337,0.0,-0.0047221228813290,-0.0006761824011211,-0.0050215393337412,0.0012425257526926,4.2440658295070159,3.0000379380140410,-16.323495,-1.886618,18.2101131780999,32.7962044679438,1,2.6e-13
1.0022878652112253,0.0,-0.0047171937975882,-0.0006852604462460,-0.0050205956727115,0.0012583120458942,4.2435658295070162,3.0000380009078902,-16.798386,-1.884153,18.6825388176019,33.6507306689658,1,8.8e-11
1.0022875855646209,0.0,-0.0047122749349786,-0.0006942189474144,-0.0050196565107581,0.0012738550853479,4.2430658295070165,3.0000380637210795,-17.271939,-1.881724,19.1536631268986,34.5010233320393,1,1.7e-13
1.0022873077670782,0.0,-0.0047073662377562,-0.0007030625816432,-0.0050187218110923,0.0012891639156218,4.2425658295070159,3.0000381264541560,-17.744167,-1.879327,19.6234941160660,35.3470902176015,1,2.5e-13
1.0022870318057970,0.0,-0.0047024676505429,-0.0007117957356444,-0.0050177915372916,0.0013042470252788,4.2420658295070162,3.0000381891076628,-18.215082,-1.876958,20.0920397011428,36.1889390492421,1,2.9e-12
1.0022867576680978,0.0,-0.0046975791184154,-0.0007204225304007,-0.0050168656532812,0.0013191123938143,4.2415658295070164,3.0000382516821356,-18.684694,-1.874613,20.5593077317053,37.0265775780243,1,1.2e-12
1.0022864853414237,0.0,-0.0046927005868691,-0.0007289468432781,-0.0050159441233316,0.0013337675338078,4.2410658295070158,3.0000383141781111,-19.153015,-1.872291,21.0253059856148,37.8600135665179,1,4.0e-13
1.0022862148133387,0.0,-0.0046878320018257,-0.0007373723277646,-0.0050150269120544,0.0013482195285881,4.2405658295070161,3.0000383765961161,-19.620055,-1.869987,21.4900421705216,38.6892547897758,1,5.3e-13
1.0022859460715259,0.0,-0.0046829733096315,-0.0007457024312075,-0.0050141139843981,0.0013624750660856,4.2400658295070164,3.0000384389366763,-20.085823,-1.867701,21.9535239236408,39.5143090326888,1,1.3e-12
1.0022856791037862,0.0,-0.0046781244569902,-0.0007539404109034,-0.0050132053056370,0.0013765404695147,4.2395658295070158,3.0000385012003115,-20.550330,-1.865429,22.4157588227897,40.3351841089962,1,4.7e-11
1.0022854138980397,0.0,-0.0046732853911572,-0.0007620893481361,-0.0050123008413890,0.0013904217242774,4.2390658295070160,3.0000385633875366,-21.013584,-1.863170,22.8767543493478,41.1518877847727,1,6.0e-13
1.0022851504423169,0.0,-0.0046684560596064,-0.0007701521618406,-0.0050114005575760,0.0014041245038948,4.2385658295070163,3.0000386254988638,-21.475595,-1.860923,23.3365179577194,41.9644279172835,1,1.1e-12
1.0022848887247644,0.0,-0.0046636364103240,-0.0007781316198478,-0.0050105044204505,0.0014176541916469,4.2380658295070166,3.0000386875348006,-21.936372,-1.858685,23.7950570108339,42.7728123205335,1,8.9e-13
1.0022846287336404,0.0,-0.0046588263916645,-0.0007860303498902,-0.0050096123965776,0.0014310159015271,4.2375658295070160,3.0000387494958503,-22.395923,-1.856456,24.2523788120802,43.5770488288672,1,1.1e-12
1.0022843704573137,0.0,-0.0046540259523691,-0.0007938508493268,-0.0050087244528332,0.0014442144968478,4.2370658295070163,3.0000388113825109,-22.854256,-1.854234,24.7084906012520,44.3771452861063,1,9.1e-14
1.0022841138842640,0.0,-0.0046492350414472,-0.0008015954942697,-0.0050078405563883,0.0014572546075934,4.2365658295070165,3.0000388731952796,-23.311381,-1.852019,25.1633995752584,45.1731095841766,1,1.1e-10
1.0022838590030703,0.0,-0.0046444536087850,-0.0008092665465754,-0.0050069606747665,0.0014701406443044,4.2360658295070159,3.0000389349346430,-23.767305,-1.849808,25.6171127808877,45.9649494507335,1,7.3e-13
1.0022836058024314,0.0,-0.0046396816038900,-0.0008168661636443,-0.0050060847757149,0.0014828768157844,4.2355658295070162,3.0000389966010910,-24.222036,-1.847602,26.0696373356263,46.7526728798925,1,1.5e-13
1.0022833542711411,0.0,-0.0046349189771544,-0.0008243964028783,-0.0050052128273265,0.0014954671386866,4.2350658295070165,3.0000390581951057,-24.675581,-1.845399,26.5209802079667,47.5362877007459,1,2.3e-11
1.0022831043981024,0.0,-0.0046301656792198,-0.0008318592291345,-0.0050043447979772,0.0015079154512395,4.2345658295070159,3.0000391197171679,-25.127950,-1.843199,26.9711483207951,48.3158017742678,1,3.6e-12
1.0022828561723163,0.0,-0.0046254216610738,-0.0008392565203160,-0.0050034806563239,0.0015202254240768,4.2340658295070162,3.0000391811677507,-25.579148,-1.841000,27.4201485481694,49.0912229909777,1,3.5e-13
1.0022826095828874,0.0,-0.0046206868740805,-0.0008465900726197,-0.0050026203713124,0.0015324005702748,4.2335658295070164,3.0000392425473259,-26.029184,-1.838804,27.8679876989972,49.8625592326957,1,5.8e-12
1.0022823646190204,0.0,-0.0046159612699608,-0.0008538616054731,-0.0050017639121692,0.0015444442548165,4.2330658295070158,3.0000393038563620,-26.478065,-1.836608,28.3146725223682,50.6298183813848,1,8.0e-14
1.0022821212700179,0.0,-0.0046112448007856,-0.0008610727660753,-0.0050009112483963,0.0015563597032940,4.2325658295070161,3.0000393650953221,-26.925798,-1.834412,28.7602097133392,51.3930083310046,1,6.1e-13
1.0022818795252801,0.0,-0.0046065374189792,-0.0008682251335755,-0.0050000623497707,0.0015681500099161,4.2320658295070164,3.0000394262646672,-27.372390,-1.832216,29.2046059072707,52.1521369720818,1,1.0e-13
1.0022816393743035,0.0,-0.0046018390773121,-0.0008753202229654,-0.0049992171863394,0.0015798181449740,4.2315658295070158,3.0000394873648530,-27.817848,-1.830020,29.6478676840797,52.9072121997999,1,2.1e-13
1.0022814008066794,0.0,-0.0045971497289004,-0.0008823594886783,-0.0049983757284167,0.0015913669617458,4.2310658295070160,3.0000395483963342,-28.262179,-1.827822,30.0900015676397,53.6582419107688,1,4.9e-14
1.0022811638120934,0.0,-0.0045924693271956,-0.0008893443279492,-0.0049975379465803,0.0016027992029367,4.2305658295070163,3.0000396093595589,-28.705391,-1.825623,30.5310140271856,54.4052340035236,1,4.5e-13
1.0022809283804075,0.0,-0.0045877978257942,-0.0008962760840682,-0.0049967038117857,0.0016141175067094,4.2300658295070166,3.0000396702549761,-29.147489,-1.823423,30.9709113789278,55.1481961249823,1,1.5e-09
1.0022806945012390,0.0,-0.0045831351794023,-0.0009031560485106,-0.0049958732947762,0.0016253244118719,4.2295658295070160,3.0000397310830209,-29.588480,-1.821220,31.4097002779203,55.8871369308595,1,3.9e-12
1.0022804621648012,0.0,-0.0045784813418899,-0.0009099854651852,-0.0049950463672545,0.0016364223638294,4.2290658295070163,3.0000397918441402,-30.028372,-1.819015,31.8473867363904,56.6220635628707,1,2.6e-12
1.0022802313610579,0.0,-0.0045738362682296,-0.0009167655314099,-0.0049942230007024,0.0016474137186659,4.2285658295070165,3.0000398525387668,-30.467170,-1.816808,32.2839771088529,57.3529841762402,1,1.2e-13
1.0022800020801483,0.0,-0.0045691999135210,-0.0009234974010363,-0.0049934031669690,0.0016583007480406,4.2280658295070159,3.0000399131673339,-30.904880,-1.814597,32.7194775972842,58.0799066674305,1,3.2e-14
1.0022797743122969,0.0,-0.0045645722331848,-0.0009301821864946,-0.0049925868381476,0.0016690856433426,4.2275658295070162,3.0000399737302694,-31.341511,-1.812384,33.1538943534002,58.8028389347633,1,1.1e-12
1.0022795480478146,0.0,-0.0045599531829579,-0.0009368209608557,-0.0049917739865730,0.0016797705196517,4.2270658295070165,3.0000400342280007,-31.777067,-1.810167,33.5872334782063,59.5217888751660,1,2.7e-13
1.0022793232770983,0.0,-0.0045553427188886,-0.0009434147597615,-0.0049909645848199,0.0016903574194506,4.2265658295070159,3.0000400946609491,-32.211555,-1.807946,34.0195010220743,60.2367643828824,1,1.7e-12
1.0022790999906279,0.0,-0.0045507407973368,-0.0009499645832320,-0.0049901586056980,0.0017008483161031,4.2260658295070161,3.0000401550295352,-32.644981,-1.805722,34.4507029862513,60.9477733510549,1,4.6e-13
1.0022788781789673,0.0,-0.0045461473749679,-0.0009564713973659,-0.0049893560222512,0.0017112451171228,4.2255658295070164,3.0000402153341739,-33.077351,-1.803495,34.8808453225850,61.6548236695909,1,4.1e-12
1.0022786578327625,0.0,-0.0045415624087494,-0.0009629361359375,-0.0049885568077532,0.0017215496672440,4.2250658295070158,3.0000402755752797,-33.508671,-1.801263,35.3099339337456,62.3579232236776,1,1.4e-12
1.0022784389427397,0.0,-0.0045369858559527,-0.0009693597018905,-0.0049877609357057,0.0017317637513068,4.2245658295070161,3.0000403357532619,-33.938948,-1.799027,35.7379746764061,63.0570799004881,1,2.8e-12
1.0022782214997064,0.0,-0.0045324176741439,-0.0009757429687573,-0.0049869683798348,0.0017418890969788,4.2240658295070164,3.0000403958685280,-34.368187,-1.796787,36.1649733584571,63.7523015800250,1,1.7e-12
1.0022780054945486,0.0,-0.0045278578211834,-0.0009820867819850,-0.0049861791140896,0.0017519273773154,4.2235658295070158,3.0000404559214822,-34.796394,-1.794542,36.5909357407547,64.4435961380149,1,2.8e-12
1.0022777909182312,0.0,-0.0045233062552278,-0.0009883919601825,-0.0049853931126385,0.0017618802131613,4.2230658295070160,3.0000405159125241,-35.223574,-1.792293,37.0158675382146,65.1309714475676,1,2.6e-12
1.0022775777617960,0.0,-0.0045187629347144,-0.0009946592963185,-0.0049846103498667,0.0017717491754567,4.2225658295070163,3.0000405758420534,-35.649735,-1.790040,37.4397744203285,65.8144353773716,1,2.1e-12
1.0022773660163615,0.0,-0.0045142278183726,-0.0010008895588187,-0.0049838308003741,0.0017815357873567,4.2220658295070166,3.0000406357104645,-36.074881,-1.787781,37.8626620104753,66.4939957902092,1,3.3e-12
1.0022771556731214,0.0,-0.0045097008652124,-0.0010070834926315,-0.0049830544389719,0.0017912415262830,4.2215658295070160,3.0000406955181496,-36.499018,-1.785518,38.2845358880040,67.1696605453694,1,6.2e-13
1.0022769467233452,0.0,-0.0045051820345249,-0.0010132418202182,-0.0049822812406820,0.0018008678258340,4.2210658295070163,3.0000407552654975,-36.922151,-1.783250,38.7054015870168,67.8414374946084,1,1.4e-12
1.0022767391583751,0.0,-0.0045006712858768,-0.0010193652425020,-0.0049815111807321,0.0018104160776159,4.2205658295070165,3.0000408149528965,-37.344287,-1.780977,39.1252645986498,68.5093344860186,1,3.9e-12
1.0022765329696266,0.0,-0.0044961685791135,-0.0010254544397503,-0.0049807442345548,0.0018198876329468,4.2200658295070159,3.0000408745807285,-37.765431,-1.778700,39.5441303708205,69.1733593623998,1,3.1e-12
1.0022763281485878,0.0,-0.0044916738743472,-0.0010315100724328,-0.0049799803777850,0.0018292838045106,4.2195658295070162,3.0000409341493763,-38.185587,-1.776417,39.9620043079539,69.8335199583587,1,3.3e-13
1.0022761246868175,0.0,-0.0044871871319632,-0.0010375327820105,-0.0049792195862572,0.0018386058678829,4.2190658295070165,3.0000409936592165,-38.604763,-1.774129,40.3788917720492,70.4898241022906,1,1.8e-13
1.0022759225759446,0.0,-0.0044827083126162,-0.0010435231916990,-0.0049784618360024,0.0018478550630059,4.2185658295070159,3.0000410531106247,-39.022962,-1.771836,40.7947980841011,71.1422796184210,1,1.2e-11
1.0022757218076690,0.0,-0.0044782373772269,-0.0010494819071855,-0.0049777071032492,0.0018570325955722,4.2180658295070161,3.0000411125039750,-39.440191,-1.769537,41.2097285205546,71.7908943165595,1,1.1e-11
1.0022755223737565,0.0,-0.0044737742869527,-0.0010554095173604,-0.0049769553644136,0.0018661396384275,4.2175658295070164,3.0000411718396367,-39.856454,-1.767234,41.6236883276678,72.4356760239763,1,7.9e-11
1.0022753242660261,0.0,-0.0044693190033179,-0.0010613065947927,-0.0049762065960834,0.0018751773325635,4.2170658295070158,3.0000412311179772,-40.271758,-1.764925,42.0366827075171,73.0766325623174,1,3.9e-10
1.0022751274764519,0.0,-0.0044648714877588,-0.0010671736968563,-0.0049754607751532,0.0018841467889962,4.2165658295070161,3.0000412903393636,-40.686106,-1.762611,42.4487167686359,73.7137715761395,1,6.5e-12
1.0022749319967272,0.0,-0.0044604317033568,-0.0010730113644585,-0.0049747178782545,0.0018930490875379,4.2160658295070164,3.0000413495041434,-41.099504,-1.760291,42.8597958276530,74.3471014719593,1,2.9e-09
1.0022747378195094,0.0,-0.0044559996096406,-0.0010788201281949,-0.0049739778833397,0.0019018852849826,4.2155658295070157,3.0000414086127134,-41.511958,-1.757966,43.2699245201518,74.9766286269373,1,2.9e-12
1.0022745449363062,0.0,-0.0044515751716293,-0.0010846004990971,-0.0049732407670158,0.0019106564036852,4.2150658295070160,3.0000414676653966,-41.923472,-1.755636,43.6791083065784,75.6023621450528,1,5.4e-12
1.0022743533394807,0.0,-0.0044471583511611,-0.0010903529785365,-0.0049725065070630,0.0019193634445166,4.2145658295070163,3.0000415266625575,-42.334052,-1.753300,44.0873520480659,76.2243093428916,1,3.6e-12
1.0022741630212619,0.0,-0.0044427491111758,-0.0010960780540625,-0.0049717750811920,0.0019280073818800,4.2140658295070166,3.0000415856045506,-42.743701,-1.750959,44.4946607068286,76.8424779697465,1,4.4e-12
1.0022739739739410,0.0,-0.0044383474148561,-0.0011017762007937,-0.0049710464672871,0.0019365891657905,4.2135658295070160,3.0000416444917239,-43.152427,-1.748613,44.9010392084582,77.4568757687865,1,5.4e-12
1.0022737861898732,0.0,-0.0044339532256230,-0.0011074478818614,-0.0049703206434101,0.0019451097227313,4.2130658295070162,3.0000417033244262,-43.560232,-1.746260,45.3064924410825,78.0675104730997,1,4.7e-12
1.0022735996614727,0.0,-0.0044295665071377,-0.0011130935488265,-0.0049695975877921,0.0019535699564666,4.2125658295070165,3.0000417621030029,-43.967122,-1.743903,45.7110252560238,78.6743898066379,1,1.6e-12
1.0022734143812171,0.0,-0.0044251872232958,-0.0011187136420851,-0.0049688772788360,0.0019619707488237,4.2120658295070159,3.0000418208277968,-44.373103,-1.741540,46.1146424675155,79.2775214820030,1,2.5e-12
1.0022732303416411,0.0,-0.0044208153382294,-0.0011243085912500,-0.0049681596951100,0.0019703129604375,4.2115658295070162,3.0000418794991472,-44.778178,-1.739171,46.5173488557460,79.8769132075216,1,1.6e-11
1.0022730475353443,0.0,-0.0044164508162848,-0.0011298788155376,-0.0049674448153553,0.0019785974314823,4.2110658295070165,3.0000419381173939,-45.182352,-1.736797,46.9191491609790,80.4725726686092,1,3.2e-12
1.0022728659549776,0.0,-0.0044120936220669,-0.0011354247240714,-0.0049667326184684,0.0019868249823024,4.2105658295070159,3.0000419966828717,-45.585631,-1.734417,47.3200480934365,81.0645075575183,1,3.7e-12
1.0022726855932556,0.0,-0.0044077437203859,-0.0011409467162730,-0.0049660230835146,0.0019949964141246,4.2100658295070161,3.0000420551959146,-45.988018,-1.732032,47.7200503253583,81.6527255458791,1,1.9e-12
1.0022725064429485,0.0,-0.0044034010762841,-0.0011464451821528,-0.0049653161897182,0.0020031125096488,4.2095658295070164,3.0000421136568538,-46.389519,-1.729641,48.1191604943879,82.2372342953697,1,2.6e-12
1.0022723284968831,0.0,-0.0043990656550271,-0.0011519205026265,-0.0049646119164613,0.0020111740336578,4.2090658295070158,3.0000421720660189,-46.790138,-1.727245,48.5173832061708,82.8180414630640,1,1.3e-11
1.0022721517479456,0.0,-0.0043947374220906,-0.0011573730498212,-0.0049639102432892,0.0020191817335985,4.2085658295070161,3.0000422304237371,-47.189880,-1.724843,48.9147230277036,83.3951546813689,1,2.3e-12
1.0004263085032077,0.0,0.0014017259027527,0.0000000000000000,0.0146554934366901,0.0000000000000000,4.2084606098924002,3.0000422426979676,-47.273890,-1.724337,48.9982268953611,83.5161321902610,1,7.8e-13
1.0004268773292464,0.0,0.0014020660028149,0.0000000000000000,0.0146521202902156,0.0000000000000000,4.2083531849187059,3.0000422552271293,-47.359621,-1.723820,49.0834408883020,83.6394769919752,1,4.5e-12
1.0004274577399135,0.0,0.0014024125988315,0.0000000000000000,0.0146486812661083,0.0000000000000000,4.2082435084367553,3.0000422680164602,-47.447107,-1.723292,49.1703991258831,83.7652315770697,1,2.6e-12
1.0004280499642488,0.0,0.0014027658018056,0.0000000000000000,0.0146451751732546,0.0000000000000000,4.2081315333341829,3.0000422810713050,-47.536384,-1.722753,49.2591363985555,83.8934390078741,1,2.8e-12
1.0004286542355598,0.0,0.0014031257241106,0.0000000000000000,0.0146416008026346,0.0000000000000000,4.2080172115153855,3.0000422943971161,-47.627486,-1.722202,49.3496881363137,84.0241429510063,1,2.6e-12
1.0004292707914937,0.0,0.0014034924794862,0.0000000000000000,0.0146379569271799,0.0000000000000000,4.2079004938810813,3.0000423079994549,-47.720452,-1.721639,49.4420904428471,84.1573876635409,1,3.7e-12
1.0004298998741075,0.0,0.0014038661830306,0.0000000000000000,0.0146342423016474,0.0000000000000000,4.2077813303074363,3.0000423218839947,-47.815316,-1.721064,49.5363800890885,84.2932180019909,1,1.6e-12
1.0004305417299399,0.0,0.0014042469511940,0.0000000000000000,0.0146304556624926,0.0000000000000000,4.2076596696247579,3.0000423360565232,-47.912118,-1.720477,49.6325945529376,84.4316793919777,1,2.5e-12
1.0004311966100867,0.0,0.0014046349017698,0.0000000000000000,0.0146265957277404,0.0000000000000000,4.2075354595957570,3.0000423505229445,-48.010895,-1.719877,49.7307719951568,84.5728178691265,1,1.9e-12
1.0004318647702699,0.0,0.0014050301538825,0.0000000000000000,0.0146226611968878,0.0000000000000000,4.2074086468933327,3.0000423652892798,-48.111688,-1.719264,49.8309513032222,84.7166800370671,1,5.2e-12
1.0004325464709158,0.0,0.0014054328279784,0.0000000000000000,0.0146186507507716,0.0000000000000000,4.2072791770779308,3.0000423803616720,-48.214534,-1.718638,49.9331720628757,84.8633131053396,1,1.7e-12
1.0004332419772299,0.0,0.0014058430458109,0.0000000000000000,0.0146145630514743,0.0000000000000000,4.2071469945744084,3.0000423957463855,-48.319477,-1.717998,50.0374746259817,85.0127648369757,1,1.1e-12
1.0004339515592720,0.0,0.0014062609304263,0.0000000000000000,0.0146103967422220,0.0000000000000000,4.2070120426484259,3.0000424114498117,-48.426555,-1.717345,50.1439000760213,85.1650835727023,1,3.4e-12
1.0004346754920344,0.0,0.0014066866061476,0.0000000000000000,0.0146061504472872,0.0000000000000000,4.2068742633823453,3.0000424274784692,-48.535813,-1.716677,50.2524902440139,85.3203182383450,1,2.6e-12
1.0004354140555194,0.0,0.0014071201985567,0.0000000000000000,0.0146018227719039,0.0000000000000000,4.2067335976506355,3.0000424438390056,-48.647293,-1.715995,50.3632877500294,85.4785183067465,1,4.1e-12
1.0004361675348190,0.0,0.0014075618344745,0.0000000000000000,0.0145974123021823,0.0000000000000000,4.2065899850947606,3.0000424605382032,-48.761037,-1.715298,50.4763359821804,85.6397338099841,1,4.8e-12
1.0004369362201930,0.0,0.0014080116419400,0.0000000000000000,0.0145929176050339,0.0000000000000000,4.2064433640975487,3.0000424775829773,-48.877092,-1.714587,50.5916791222824,85.8040153325348,1,1.8e-12
1.0004377204071515,0.0,0.0014084697501866,0.0000000000000000,0.0145883372281065,0.0000000000000000,4.2062936717570247,3.0000424949803812,-48.995503,-1.713860,50.7093621803505,85.9714139790622,1,5.3e-12
1.0004385203965349,0.0,0.0014089362896174,0.0000000000000000,0.0145836696997188,0.0000000000000000,4.2061408438597052,3.0000425127376102,-49.116314,-1.713117,50.8294309451245,86.1419814137271,1,8.5e-13
1.0004393364945969,0.0,0.0014094113917783,0.0000000000000000,0.0145789135288054,0.0000000000000000,4.2059848148533368,3.0000425308620011,-49.239574,-1.712358,50.9519320840284,86.3157697782865,1,4.0e-12
1.0004401690130873,0.0,0.0014098951893280,0.0000000000000000,0.0145740672048768,0.0000000000000000,4.2058255178190604,3.0000425493610368,-49.365331,-1.711582,51.0769130621123,86.4928317576414,1,1.9e-12
1.0004410182693371,0.0,0.0014103878160082,0.0000000000000000,0.0145691291979704,0.0000000000000000,4.2056628844430124,3.0000425682423488,-49.493632,-1.710790,51.2044222461994,86.6732204919574,1,9.6e-12
1.0004418845863419,0.0,0.0014108894066090,0.0000000000000000,0.0145640979586291,0.0000000000000000,4.2054968449873114,3.0000425875137187,-49.624528,-1.709981,51.3345088076723,86.8569896475883,1,2.7e-12
1.0004427682928483,0.0,0.0014114000969336,0.0000000000000000,0.0145589719178745,0.0000000000000000,4.2053273282604682,3.0000426071830844,-49.758069,-1.709154,51.4672228709822,87.0441933014349,1,1.5e-12
1.0004436697234413,0.0,0.0014119200237609,0.0000000000000000,0.0145537494871925,0.0000000000000000,4.2051542615871593,3.0000426272585385,-49.894307,-1.708309,51.6026154170102,87.2348859980616,1,2.8e-12
1.0004445892186307,0.0,0.0014124493248041,0.0000000000000000,0.0145484290585303,0.0000000000000000,4.2049775707773795,3.0000426477483355,-50.033293,-1.707446,51.7407383361979,87.4291227127649,1,5.0e-12
1.0004455271249395,0.0,0.0014129881386687,0.0000000000000000,0.0145430090043000,0.0000000000000000,4.2047971800949506,3.0000426686608908,-50.175081,-1.706563,51.8816444332441,87.6269588242069,1,2.8e-12
1.0004464837949949,0.0,0.0014135366048069,0.0000000000000000,0.0145374876773876,0.0000000000000000,4.2046130122253764,3.0000426900047881,-50.319725,-1.705662,52.0253874605021,87.8284500909476,1,5.7e-13
1.0004474595876152,0.0,0.0014140948634685,0.0000000000000000,0.0145318634111867,0.0000000000000000,4.2044249882430211,3.0000427117887782,-50.467281,-1.704741,52.1720221185958,88.0336526235533,1,3.5e-12
1.0004484548679040,0.0,0.0014146630556516,0.0000000000000000,0.0145261345196162,0.0000000000000000,4.2042330275776116,3.0000427340217852,-50.617804,-1.703800,52.3216040454342,88.2426229004125,1,3.8e-12
1.0004494700073394,0.0,0.0014152413230478,0.0000000000000000,0.0145202992971758,0.0000000000000000,4.2040370479800337,3.0000427567129093,-50.771351,-1.702839,52.4741898669274,88.4554176799697,1,3.2e-12
1.0004505053838693,0.0,0.0014158298079866,0.0000000000000000,0.0145143560189847,0.0000000000000000,4.2038369654874259,3.0000427798714284,-50.927981,-1.701856,52.6298371944928,88.6720940124351,1,3.6e-12
1.0004515613820024,0.0,0.0014164286533747,0.0000000000000000,0.0145083029408611,0.0000000000000000,4.2036326943875215,3.0000428035068021,-51.087753,-1.700852,52.7886046301784,88.8927092080276,1,2.4e-12
1.0004526383929044,0.0,0.0014170380026343,0.0000000000000000,0.0145021382993799,0.0000000000000000,4.2034241471822753,3.0000428276286772,-51.250726,-1.699826,52.9505518002817,89.1173207760746,1,4.6e-12
1.0004537368144926,0.0,0.0014176579996372,0.0000000000000000,0.0144958603119652,0.0000000000000000,4.2032112345507091,3.0000428522468874,-51.416962,-1.698778,53.1157393358691,89.3459864351860,1,2.2e-12
1.0004548570515324,0.0,0.0014182887886355,0.0000000000000000,0.0144894671769806,0.0000000000000000,4.2029938653109884,3.0000428773714605,-51.586523,-1.697706,53.2842289330362,89.5787640239669,1,4.5e-12
1.0004559995157332,0.0,0.0014189305141892,0.0000000000000000,0.0144829570738404,0.0000000000000000,4.2027719463817030,3.0000429030126190,-51.759472,-1.696611,53.4560833129316,89.8157115162762,1,4.2e-12
1.0004571646258493,0.0,0.0014195833210911,0.0000000000000000,0.0144763281631153,0.0000000000000000,4.2025453827423460,3.0000429291807862,-51.935874,-1.695493,53.6313662759813,90.0568869309352,1,3.0e-12
1.0004583528077748,0.0,0.0014202473542865,0.0000000000000000,0.0144695785866746,0.0000000000000000,4.2023140773929484,3.0000429558865886,-52.115794,-1.694349,53.8101426989501,90.3023483180093,1,1.6e-12
1.0004595644946472,0.0,0.0014209227587911,0.0000000000000000,0.0144627064678120,0.0000000000000000,4.2020779313128873,3.0000429831408577,-52.299298,-1.693181,53.9924785518864,90.5521536984254,1,2.2e-12
1.0004608001269453,0.0,0.0014216096796041,0.0000000000000000,0.0144557099114038,0.0000000000000000,4.2018368434188176,3.0000430109546392,-52.486455,-1.691986,54.1784409053020,90.8063610226184,1,4.9e-12
1.0004620601525915,0.0,0.0014223082616173,0.0000000000000000,0.0144485870040706,0.0000000000000000,4.2015907105217254,3.0000430393391904,-52.677332,-1.690766,54.3680979376573,91.0650281214794,1,3.3e-12
1.0004633450270559,0.0,0.0014230186495218,0.0000000000000000,0.0144413358143444,0.0000000000000000,4.2013394272830880,3.0000430683059887,-52.872001,-1.689518,54.5615189764374,91.3282126268625,1,3.0e-12
1.0004646552134573,0.0,0.0014237409877087,0.0000000000000000,0.0144339543928613,0.0000000000000000,4.2010828861700968,3.0000430978667345,-53.070531,-1.688243,54.7587744860388,91.5959719352716,1,5.5e-12
1.0004659911826690,0.0,0.0014244754201671,0.0000000000000000,0.0144264407725546,0.0000000000000000,4.2008209774099567,3.0000431280333553,-53.272996,-1.686940,54.9599360721499,91.8683631521994,1,2.7e-12
1.0004673534134245,0.0,0.0014252220903777,0.0000000000000000,0.0144187929688611,0.0000000000000000,4.2005535889432162,3.0000431588180065,-53.479468,-1.685608,55.1650765375639,92.1454429866092,1,3.5e-12
1.0004687423924223,0.0,0.0014259811412014,0.0000000000000000,0.0144110089799450,0.0000000000000000,4.2002806063761176,3.0000431902330829,-53.690023,-1.684247,55.3742698433650,92.4272677351148,1,2.7e-12
1.0004701586144351,0.0,0.0014267527147645,0.0000000000000000,0.0144030867869253,0.0000000000000000,4.2000019129319437,3.0000432222912163,-53.904735,-1.682856,55.5875911560867,92.7138931698798,1,1.4e-12
1.0004716025824170,0.0,0.0014275369523389,0.0000000000000000,0.0143950243541180,0.0000000000000000,4.1997173894013473,3.0000432550052820,-54.123683,-1.681434,55.8051168490347,93.0053744735503,1,4.8e-13
1.0004730748076123,0.0,0.0014283339942173,0.0000000000000000,0.0143868196292941,0.0000000000000000,4.1994269140916209,3.0000432883884049,-54.346945,-1.679980,56.0269245191965,93.3017661579759,1,1.2e-12
1.0004745758096676,0.0,0.0014291439795849,0.0000000000000000,0.0143784705439399,0.0000000000000000,4.1991303627749099,3.0000433224539615,-54.574599,-1.678494,56.2530929862768,93.6031219876904,1,2.5e-12
1.0004761061167415,0.0,0.0014299670463849,0.0000000000000000,0.0143699750135365,0.0000000000000000,4.1988276086353249,3.0000433572155867,-54.806728,-1.676975,56.4837023184045,93.9094948770532,1,3.7e-12
1.0004776662656185,0.0,0.0014308033311802,0.0000000000000000,0.0143613309378426,0.0000000000000000,4.1985185222149450,3.0000433926871763,-55.043412,-1.675422,56.7188338361450,94.2209368060851,1,1.6e-12
1.0004792568018219,0.0,0.0014316529690100,0.0000000000000000,0.0143525362011936,0.0000000000000000,4.1982029713586755,3.0000434288828939,-55.284736,-1.673835,56.9585701454767,94.5374987005591,1,3.9e-12
1.0004808782797283,0.0,0.0014325160932402,0.0000000000000000,0.0143435886728129,0.0000000000000000,4.1978808211579342,3.0000434658171744,-55.530783,-1.672212,57.2029951039832,94.8592303667583,1,1.7e-12
1.0004825312626848,0.0,0.0014333928354102,0.0000000000000000,0.0143344862071222,0.0000000000000000,4.1975519338931644,3.0000435035047284,-55.781641,-1.670553,57.4521938947598,95.1861803284824,1,5.5e-12
1.0004842163231247,0.0,0.0014342833250732,0.0000000000000000,0.0143252266440747,0.0000000000000000,4.1972161689751148,3.0000435419605491,-56.037396,-1.668857,57.7062529636293,95.5183957771635,1,2.5e-12
1.0004859340426873,0.0,0.0014351876896320,0.0000000000000000,0.0143158078094887,0.0000000000000000,4.1968733828848821,3.0000435811999173,-56.298137,-1.667123,57.9652601137897,95.8559223791883,1,6.0e-12
1.0004876850123365,0.0,0.0014361060541685,0.0000000000000000,0.0143062275153934,0.0000000000000000,4.1965234291126841,3.0000436212384032,-56.563954,-1.665350,58.2293044301910,96.1988042250821,1,3.3e-12
1.0004894698324824,0.0,0.0014370385412677,0.0000000000000000,0.0142964835603858,0.0000000000000000,4.1961661580953269,3.0000436620918758,-56.834938,-1.663538,58.4984763711862,96.5470836150919,1,5.2e-12
1.0004912891131033,0.0,0.0014379852708368,0.0000000000000000,0.0142865737299914,0.0000000000000000,4.1958014171523557,3.0000437037765071,-57.111183,-1.661685,58.7728677101035,96.9008009996387,1,3.9e-12
1.0004931434738706,0.0,0.0014389463599177,0.0000000000000000,0.0142764957970303,0.0000000000000000,4.1954290504208434,3.0000437463087759,-57.392781,-1.659791,59.0525715935172,97.2599947771262,1,1.9e-12
1.0004950335442726,0.0,0.0014399219224936,0.0000000000000000,0.0142662475220001,0.0000000000000000,4.1950488987887917,3.0000437897054755,-57.679829,-1.657853,59.3376825358077,97.6247011544131,1,4.1e-12
1.0004969599637417,0.0,0.0014409120692897,0.0000000000000000,0.0142558266534569,0.0000000000000000,4.1946607998271190,3.0000438339837183,-57.972424,-1.655873,59.6282964009802,97.9949540237035,1,7.7e-13
1.0004989233817836,0.0,0.0014419169075681,0.0000000000000000,0.0142452309284037,0.0000000000000000,4.1942645877201974,3.0000438791609421,-58.270663,-1.653847,59.9245104779011,98.3707847190483,1,2.3e-12
1.0005009244581069,0.0,0.0014429365409163,0.0000000000000000,0.0142344580726839,0.0000000000000000,4.1938600931949139,3.0000439252549147,-58.574647,-1.651776,60.2264234087715,98.7522219305856,1,3.0e-12
1.0005029638627538,0.0,0.0014439710690283,0.0000000000000000,0.0142235058013844,0.0000000000000000,4.1934471434482150,3.0000439722837422,-58.884477,-1.649659,60.5341352606098,99.1392914525584,1,6.1e-12
1.0005050422762358,0.0,0.0014450205874812,0.0000000000000000,0.0142123718192312,0.0000000000000000,4.1930255620731112,3.0000440202658729,-59.200254,-1.647493,60.8477474916481,99.5320160321858,1,5.7e-12
1.0005071603896669,0.0,0.0014460851875035,0.0000000000000000,0.0142010538210027,0.0000000000000000,4.1925951689830905,3.0000440692201056,-59.522084,-1.645279,61.1673629915794,99.9304151453744,1,4.2e-12
1.0005093189049024,0.0,0.0014471649557375,0.0000000000000000,0.0141895494919292,0.0000000000000000,4.1921557803349332,3.0000441191655942,-59.850072,-1.643014,61.4930860721533,100.3345047961304,1,3.4e-12
1.0005115185346769,0.0,0.0014482599739949,0.0000000000000000,0.0141778565081095,0.0000000000000000,4.1917072084498601,3.0000441701218552,-60.184325,-1.640698,61.8250224749217,100.7442973024968,1,3.7e-12
1.0005137600027481,0.0,0.0014493703190048,0.0000000000000000,0.0141659725369124,0.0000000000000000,4.1912492617330033,3.0000442221087744,-60.524950,-1.638329,62.1632793763604,101.1598010600596,1,4.2e-12
1.0005160440440373,0.0,0.0014504960621558,0.0000000000000000,0.0141538952373900,0.0000000000000000,4.1907817445911490,3.0000442751466112,-60.872058,-1.635907,62.5079653943585,101.5810203208162,1,2.5e-12
1.0005183714047787,0.0,0.0014516372692297,0.0000000000000000,0.0141416222606814,0.0000000000000000,4.1903044573487183,3.0000443292560104,-61.225761,-1.633429,62.8591906061379,102.0079549231830,1,2.1e-12
1.0005207428426648,0.0,0.0014527940001287,0.0000000000000000,0.0141291512504190,0.0000000000000000,4.1898171961619415,3.0000443844580040,-61.586171,-1.630895,63.2170665385427,102.4406000326139,1,3.9e-12
1.0005231591270005,0.0,0.0014539663085952,0.0000000000000000,0.0141164798431225,0.0000000000000000,4.1893197529311967,3.0000444407740230,-61.953403,-1.628304,63.5817061666374,102.8789459078337,1,1.8e-12
1.0005256210388540,0.0,0.0014551542419234,0.0000000000000000,0.0141036056685997,0.0000000000000000,4.1888119152114598,3.0000444982259018,-62.327571,-1.625653,63.9532239491180,103.3229775619884,1,1.6e-12
1.0005281293712149,0.0,0.0014563578406634,0.0000000000000000,0.0140905263503320,0.0000000000000000,4.1882934661208298,3.0000445568358849,-62.708795,-1.622941,64.3317357989786,103.7726745088844,1,2.5e-12
1.0005306849291538,0.0,0.0014575771383184,0.0000000000000000,0.0140772395058536,0.0000000000000000,4.1877641842470874,3.0000446166266381,-63.097192,-1.620167,64.7173590960459,104.2280104577103,1,4.7e-13
1.0005332885299838,0.0,0.0014588121610325,0.0000000000000000,0.0140637427471254,0.0000000000000000,4.1872238435522391,3.0000446776212533,-63.492883,-1.617330,65.1102127141041,104.6889529458449,1,3.5e-12
1.0005359410034269,0.0,0.0014600629272714,0.0000000000000000,0.0140500336808942,0.0000000000000000,4.1866722132750045,3.0000447398432573,-63.895989,-1.614428,65.5104169789606,105.1554630851547,1,6.4e-12
1.0005386431917835,0.0,0.0014613294474940,0.0000000000000000,0.0140361099090444,0.0000000000000000,4.1861090578311977,3.0000448033166194,-64.306635,-1.611459,65.9180936897859,105.6274951480268,1,2.3e-12
1.0005413959501051,0.0,0.0014626117238169,0.0000000000000000,0.0140219690289333,0.0000000000000000,4.1855341367119623,3.0000448680657641,-64.724945,-1.608422,66.3333661569630,106.1049962227535,1,2.5e-12
1.0005442001463702,0.0,0.0014639097496684,0.0000000000000000,0.0140076086337126,0.0000000000000000,4.1849472043798039,3.0000449341155715,-65.151045,-1.605314,66.7563591420480,106.5879058503970,1,2.4e-12
1.0005470566616665,0.0,0.0014652235094354,0.0000000000000000,0.0139930263126341,0.0000000000000000,4.1843480101623731,3.0000450014913924,-65.585063,-1.602135,67.1871988975908,107.0761556273792,1,4.9e-12
1.0005499663903734,0.0,0.0014665529781004,0.0000000000000000,0.0139782196513413,0.0000000000000000,4.1837362981439457,3.0000450702190582,-66.027130,-1.598883,67.6260131398037,107.5696688097696,1,4.1e-12
1.0005529302403537,0.0,0.0014678981208695,0.0000000000000000,0.0139631862321307,0.0000000000000000,4.1831118070545648,3.0000451403248811,-66.477375,-1.595556,68.0729310788871,108.0683598612854,1,2.9e-12
1.0005559491331457,0.0,0.0014692588927914,0.0000000000000000,0.0139479236342047,0.0000000000000000,4.1824742701567601,3.0000452118356749,-66.935932,-1.592151,68.5280834002536,108.5721340291038,1,5.1e-12
1.0005590240041629,0.0,0.0014706352383662,0.0000000000000000,0.0139324294338957,0.0000000000000000,4.1818234151298199,3.0000452847787593,-67.402934,-1.588668,68.9916022458912,109.0808869104139,1,3.7e-12
1.0005621558028972,0.0,0.0014720270911450,0.0000000000000000,0.0139167012048617,0.0000000000000000,4.1811589639515478,3.0000453591819669,-67.878517,-1.585104,69.4636212500639,109.5945039220251,1,4.0e-12
1.0005653454931287,0.0,0.0014734343733188,0.0000000000000000,0.0139007365182646,0.0000000000000000,4.1804806327774395,3.0000454350736590,-68.362818,-1.581457,69.9442755013150,110.1128598572077,1,4.1e-12
1.0005685940531408,0.0,0.0014748569952981,0.0000000000000000,0.0138845329429118,0.0000000000000000,4.1797881318172365,3.0000455124827314,-68.855976,-1.577725,70.4337015554777,110.6358183454849,1,3.0e-12
1.0005719024759407,0.0,0.0014762948552807,0.0000000000000000,0.0138680880453714,0.0000000000000000,4.1790811652087854,3.0000455914386297,-69.358131,-1.573907,70.9320374362117,111.1632313195728,1,4.9e-12
1.0005752717694876,0.0,0.0014777478388095,0.0000000000000000,0.0138513993900557,0.0000000000000000,4.1783594308891461,3.0000456719713555,-69.869423,-1.569999,71.4394226019807,111.6949384796917,1,2.3e-12
1.0005787029569257,0.0,0.0014792158183191,0.0000000000000000,0.0138344645392664,0.0000000000000000,4.1776226204628832,3.0000457541114796,-70.389998,-1.566000,71.9559979852314,112.2307666891652,1,1.9e-12
1.0005821970768269,0.0,0.0014806986526703,0.0000000000000000,0.0138172810532084,0.0000000000000000,4.1768704190674777,3.0000458378901556,-70.919998,-1.561908,72.4819059509566,112.7705293935478,1,3.1e-12
1.0005857551834381,0.0,0.0014821961866738,0.0000000000000000,0.0137998464899594,0.0000000000000000,4.1761025052357938,3.0000459233391292,-71.459570,-1.557720,73.0172902975713,113.3140260093282,1,3.4e-12
1.0005893783469366,0.0,0.0014837082506004,0.0000000000000000,0.0137821584054106,0.0000000000000000,4.1753185507555211,3.0000460104907511,-72.008862,-1.553434,73.5622962615669,113.8610412626463,1,4.1e-12
1.0005930676536985,0.0,0.0014852346596802,0.0000000000000000,0.0137642143531418,0.0000000000000000,4.1745182205255515,3.0000460993779900,-72.568023,-1.549048,74.1170704990193,114.4113445291491,1,4.9e-12
1.0005968242065675,0.0,0.0014867752135873,0.0000000000000000,0.0137460118842796,0.0000000000000000,4.1737011724091762,3.0000461900344453,-73.137203,-1.544559,74.6817610842501,114.9646891480938,1,4.9e-12
1.0006006491251407,0.0,0.0014883296959120,0.0000000000000000,0.0137275485472829,0.0000000000000000,4.1728670570840700,3.0000462824943619,-73.716554,-1.539964,75.2565174992155,115.5208116947751,1,3.6e-12
1.0006045435460591,0.0,0.0014898978736192,0.0000000000000000,0.0137088218876959,0.0000000000000000,4.1720155178889593,3.0000463767926404,-74.306230,-1.535261,75.8414906373932,116.0794312304802,1,6.9e-12
1.0006085086233110,0.0,0.0014914794964911,0.0000000000000000,0.0136898294478403,0.0000000000000000,4.1711461906669092,3.0000464729648568,-74.906386,-1.530447,76.4368327535918,116.6402485755234,1,3.0e-12
1.0006125455285437,0.0,0.0014930742965568,0.0000000000000000,0.0136705687664549,0.0000000000000000,4.1702587036051462,3.0000465710472723,-75.517178,-1.525520,77.0426975285189,117.2029454339886,1,3.6e-12
1.0006166554513900,0.0,0.0014946819875050,0.0000000000000000,0.0136510373782756,0.0000000000000000,4.1693526770713358,3.0000466710768507,-76.138764,-1.520476,77.6592399872558,117.7671836312102,1,3.9e-12
1.0006208395998029,0.0,0.0014963022640809,0.0000000000000000,0.0136312328135610,0.0000000000000000,4.1684277234462241,3.0000467730912743,-76.771303,-1.515314,78.2866165337415,118.3326042356721,1,5.9e-12
1.0006250992004062,0.0,0.0014979348014666,0.0000000000000000,0.0136111525975471,0.0000000000000000,4.1674834469525672,3.0000468771289603,-77.414956,-1.510029,78.9249849196873,118.8988266752463,1,6.7e-12
1.0006294354988556,0.0,0.0014995792546431,0.0000000000000000,0.0135907942498461,0.0000000000000000,4.1665194434802482,3.0000469832290757,-78.069885,-1.504619,79.5745042430022,119.4654478146981,1,1.6e-12
1.0006338497602161,0.0,0.0015012352577350,0.0000000000000000,0.0135701552837693,0.0000000000000000,4.1655353004074946,3.0000470914315573,-78.736254,-1.499081,80.2353349694040,120.0320409794012,1,2.9e-12
1.0006383432693531,0.0,0.0015029024233354,0.0000000000000000,0.0135492332055816,0.0000000000000000,4.1645305964181034,3.0000472017771287,-79.414227,-1.493412,80.9076388625428,120.5981550296033,1,3.9e-12
1.0006429173313391,0.0,0.0015045803418109,0.0000000000000000,0.0135280255136845,0.0000000000000000,4.1635049013145657,3.0000473143073170,-80.103971,-1.487608,81.5915790167880,121.1633132993952,1,2.3e-12
1.0006475732718783,0.0,0.0015062685805858,0.0000000000000000,0.0135065296977178,0.0000000000000000,4.1624577758270043,3.0000474290644759,-80.805654,-1.481666,82.2873198540203,121.7270125486002,1,2.7e-12
1.0006523124377458,0.0,0.0015079666834034,0.0000000000000000,0.0134847432375867,0.0000000000000000,4.1613887714178013,3.0000475460918041,-81.519444,-1.475583,82.9950270945951,122.2887218878323,1,6.3e-12
1.0006571361972487,0.0,0.0015096741695658,0.0000000000000000,0.0134626636023987,0.0000000000000000,4.1602974300818341,3.0000476654333643,-82.245512,-1.469355,83.7148677439450,122.8478816668267,1,2.8e-12
1.0006620459407043,0.0,0.0015113905331480,0.0000000000000000,0.0134402882493202,0.0000000000000000,4.1591832841421743,3.0000477871341067,-82.984031,-1.462979,84.4470101358448,123.4039022540769,1,4.4e-12
1.0006670430809397,0.0,0.0015131152421871,0.0000000000000000,0.0134176146223392,0.0000000000000000,4.1580458560411682,3.0000479112398923,-83.735173,-1.456451,85.1916238618803,123.9561628983297,1,3.3e-12
1.0006721290538119,0.0,0.0015148477378439,0.0000000000000000,0.0133946401509412,0.0000000000000000,4.1568846581267493,3.0000480377975158,-84.499113,-1.449767,85.9488798134020,124.5040104657392,1,3.5e-13
1.0006773053187534,0.0,0.0015165874335375,0.0000000000000000,0.0133713622486751,0.0000000000000000,4.1556991924338904,3.0000481668547279,-85.276027,-1.442923,86.7189501824421,125.0467581090738,1,7.3e-12
1.0006825733593390,0.0,0.0015183337140485,0.0000000000000000,0.0133477783116347,0.0000000000000000,4.1544889504610314,3.0000482984602606,-86.066092,-1.435916,87.5020083890018,125.5836840677384,1,6.6e-12
1.0006879346838806,0.0,0.0015200859345912,0.0000000000000000,0.0133238857168239,0.0000000000000000,4.1532534129413863,3.0000484326638599,-86.869488,-1.428741,88.2982291824983,126.1140301457672,1,8.1e-12
1.0006933908260469,0.0,0.0015218434198526,0.0000000000000000,0.0132996818204171,0.0000000000000000,4.1519920496089675,3.0000485695163044,-87.686394,-1.421395,89.1077885606837,126.6370004303212,1,3.7e-12
1.0006989433455133,0.0,0.0015236054629955,0.0000000000000000,0.0132751639559086,0.0000000000000000,4.1507043189591881,3.0000487090694392,-88.516991,-1.413873,89.9308638405674,127.1517597218362,1,3.3e-12
1.0007045938286401,0.0,0.0015253713246239,0.0000000000000000,0.0132503294321498,0.0000000000000000,4.1493896680038977,3.0000488513762038,-89.361463,-1.406170,90.7676335983222,127.6574321219287,1,1.4e-12
1.0007103438891882,0.0,0.0015271402317109,0.0000000000000000,0.0132251755312344,0.0000000000000000,4.1480475320207200,3.0000489964906647,-90.219995,-1.398283,91.6182777267240,128.1530994352124,1,7.0e-13
1.0007161951690571,0.0,0.0015289113764803,0.0000000000000000,0.0131996995063178,0.0000000000000000,4.1466773342964567,3.0000491444680466,-91.092771,-1.390207,92.4829774194414,128.6377995763751,1,3.5e-13
1.0007221493390706,0.0,0.0015306839152474,0.0000000000000000,0.0131738985792436,0.0000000000000000,4.1452784858644858,3.0000492953647679,-91.979978,-1.381937,93.3619151988863,129.1105249148450,1,3.7e-12
1.0007282080997935,0.0,0.0015324569672099,0.0000000000000000,0.0131477699380704,0.0000000000000000,4.1438503852359165,3.0000494492384724,-92.881807,-1.373468,94.2552749022218,129.5702206017259,1,1.1e-12
1.0007343731823890,0.0,0.0015342296131894,0.0000000000000000,0.0131213107344447,0.0000000000000000,4.1423924181243299,3.0000496061480724,-93.798445,-1.364796,95.1632417669571,130.0157827347366,1,6.1e-12
1.0007406463495212,0.0,0.0015360008943182,0.0000000000000000,0.0130945180808276,0.0000000000000000,4.1409039571639239,3.0000497661537824,-94.730086,-1.355916,96.0860023625799,130.4460566765247,1,3.4e-12
1.0007470293962972,0.0,0.0015377698106696,0.0000000000000000,0.0130673890475702,0.0000000000000000,4.1393843616208565,3.0000499293171612,-95.676922,-1.346823,97.0237447134797,130.8598350250395,1,5.0e-12
1.0007535241512615,0.0,0.0015395353198264,0.0000000000000000,0.0130399206598297,0.0000000000000000,4.1378329770975695,3.0000500957011553,-96.639148,-1.337510,97.9766582548962,131.2558558332939,1,4.9e-12
1.0007601324774371,0.0,0.0015412963353846,0.0000000000000000,0.0130121098943177,0.0000000000000000,4.1362491352298827,3.0000502653701440,-97.616960,-1.327974,98.9449339125889,131.6328005497162,1,1.5e-12
1.0007668562734198,0.0,0.0015430517253871,0.0000000000000000,0.0129839536758796,0.0000000000000000,4.1346321533766179,3.0000504383899815,-98.610555,-1.318209,99.9287641385731,131.9892919639542,1,3.6e-13
1.0007736974745323,0.0,0.0015448003106839,0.0000000000000000,0.0129554488738801,0.0000000000000000,4.1329813343015278,3.0000506148280528,-99.620135,-1.308208,100.9283429485044,132.3238921454240,1,2.5e-13
1.0007806580540313,0.0,0.0015465408632122,0.0000000000000000,0.0129265922984263,0.0000000000000000,4.1312959658472224,3.0000507947533195,-100.645899,-1.297967,101.9438659828028,132.6351002282900,1,3.9e-12
1.0007875986198722,0.0,0.0015482379267303,0.0000000000000000,0.0128979625130823,0.0000000000000000,4.1296097341092555,3.0000509745686750,-101.667257,-1.287690,102.9549470791287,132.9159354007070,1,3.6e-12
1.0007943814419318,0.0,0.0015498595037821,0.0000000000000000,0.0128701198777844,0.0000000000000000,4.1279563745965069,3.0000511506877667,-102.663981,-1.277584,103.9415643243559,133.1618361706387,1,1.4e-12
1.0008010109198890,0.0,0.0015514093523999,0.0000000000000000,0.0128430349408828,0.0000000000000000,4.1263352383044909,3.0000513231959487,-103.636798,-1.267646,104.9044445024323,133.3748035694780,1,1.1e-12
1.0008074912799323,0.0,0.0015528910114129,0.0000000000000000,0.0128166798308817,0.0000000000000000,4.1247456897348309,3.0000514921759893,-104.586410,-1.257876,105.8442857373338,133.5567359870283,1,3.6e-12
1.0008137000574882,0.0,0.0015542798254552,0.0000000000000000,0.0127915393644765,0.0000000000000000,4.1232182785969176,3.0000516543989892,-105.494985,-1.248463,106.7434483710804,133.7066288378746,1,6.1e-12
1.0008197708552027,0.0,0.0015556088188051,0.0000000000000000,0.0127670602887836,0.0000000000000000,4.1217206148626095,3.0000518133223881,-106.382186,-1.239211,107.6213973578263,133.8300209496238,1,5.6e-12
1.0008257073282925,0.0,0.0015568808457566,0.0000000000000000,0.0127432196392534,0.0000000000000000,4.1202521137346206,3.0000519690200216,-107.248617,-1.230118,108.4787348617125,133.9284683001988,1,5.9e-12
1.0008315129997423,0.0,0.0015580986036704,0.0000000000000000,0.0127199955764419,0.0000000000000000,4.1188122023580567,3.0000521215636429,-108.094859,-1.221182,109.3160407472435,134.0034476195360,1,2.7e-12
1.0008371912672482,0.0,0.0015592646432802,0.0000000000000000,0.0126973673112793,0.0000000000000000,4.1174003195381044,3.0000522710230024,-108.921474,-1.212400,110.1338736901922,134.0563603670798,1,9.7e-13
1.0008427454096687,0.0,0.0015603813781816,0.0000000000000000,0.0126753150365664,0.0000000000000000,4.1160159154679770,3.0000524174659349,-109.729002,-1.203771,110.9327721965955,134.0885366171033,1,4.3e-12
1.0008481785930206,0.0,0.0015614510935790,0.0000000000000000,0.0126538198640808,0.0000000000000000,4.1146584514663935,3.0000525609584288,-110.517964,-1.195292,111.7132555387585,134.1012387247529,1,3.9e-12
1.0008534938760669,0.0,0.0015624759543620,0.0000000000000000,0.0126328637667435,0.0000000000000000,4.1133273997239739,3.0000527015647029,-111.288863,-1.186962,112.4758247063363,134.0956646750983,1,5.5e-12
1.0008586942155246,0.0,0.0015634580125704,0.0000000000000000,0.0126124295253689,0.0000000000000000,4.1120222430579680,3.0000528393472736,-112.042184,-1.178779,113.2209632070006,134.0729513823762,1,3.5e-12
1.0008637824709306,0.0,0.0015643992143035,0.0000000000000000,0.0125925006795588,0.0000000000000000,4.1107424746748169,3.0000529743670179,-112.778398,-1.170740,113.9491379169883,134.0341777381282,1,3.7e-12
